"phenotype","causal_b","causal_se","causal_p"
"ENSG00000275212.1",-0.00575536193474819,0.00462427051215241,0.213279229539338
"ENSG00000249267.6",-0.00744937242488318,0.0054286618763768,0.169991864050952
"ENSG00000204954.9",0.0206716815142285,0.00476722615677032,1.44962148870276e-05
"ENSG00000255968.1",-0.0175870142683616,0.00374284094110781,2.61642113974503e-06
"ENSG00000274723.1",0.0030979021963528,0.00373353353703422,0.406679729936986
"ENSG00000272369.1",0.00447217447248527,0.00311482253609355,0.15106727632386
"ENSG00000257261.5",0.00511454130253416,0.00356923179080731,0.151871277388042
"ENSG00000257225.1",0.000374825800655776,0.00325780207398952,0.908401677862425
"ENSG00000111700.12",-0.00413971840927111,0.00432849849739415,0.338876899850168
"ENSG00000111726.12",-0.013990017673906,0.00998597524898241,0.161224064681548
"ENSG00000187848.12",0.0252839962700699,0.00472845585188226,8.93255938105852e-08
"ENSG00000139324.11",-0.00212770264647853,0.0117277636868309,0.856034457772267
"ENSG00000257594.3",0.026686952651925,0.0108312319434023,0.0137438687970483
"ENSG00000171792.10",-0.0068701343382957,0.00463311305769672,0.138118705505974
"ENSG00000111752.10",0.012002123229513,0.0250589456070675,0.631970189843468
"ENSG00000139055.6",0.0109475601762357,0.00510643552728194,0.0320428926856697
"ENSG00000110799.13",-0.00688377593605633,0.0069460756372389,0.321670467818179
"ENSG00000126746.17",0.00686540879762967,0.00579699081954269,0.236292105576751
"ENSG00000139192.11",-0.00415809735168041,0.00415793710589536,0.31729185724818
"ENSG00000139200.13",-0.00479708182840485,0.00466955175618954,0.304274049978635
"ENSG00000139190.16",-0.00562774734936089,0.00604558530302804,0.351912825631639
"ENSG00000213942.3",0.00328412529648354,0.00432767890482065,0.447933145762846
"ENSG00000110906.12",0.0291943122727644,0.00971226098221391,0.00264775714137011
"ENSG00000280426.1",0.00363531625807537,0.00395737675165277,0.358295580076766
"ENSG00000239335.4",0.00160012337268387,0.00252737447618997,0.526657338096521
"ENSG00000241680.1",0.0139986395992247,0.00723471329392108,0.0529992966409125
"ENSG00000089225.19",-0.0355788194415752,0.00673129075276497,1.25302654696569e-07
"ENSG00000257231.1",-0.00906984247519612,0.00359007990479335,0.0115250563497965
"ENSG00000276842.1",-0.00669040915252268,0.00591535794383514,0.258045178677543
"ENSG00000274987.1",-0.00210178737389823,0.00480233060970435,0.661632866535143
"ENSG00000226711.6",0.0304859151986384,0.0273591546654447,0.265156633625956
"ENSG00000271969.1",-0.0112040673635991,0.0103837386892334,0.280587155897347
"ENSG00000159335.15",-0.0118523170070342,0.00923734960785676,0.199461832445676
"ENSG00000139197.10",-0.00587268267707161,0.00885505614880833,0.507201788885399
"ENSG00000227825.4",0.0017102186731687,0.00453306939641304,0.705968442999818
"ENSG00000181234.9",9.49141181084834e-05,0.00420172057971034,0.981977842674567
"ENSG00000274943.1",-0.00293285260135535,0.0057446967937,0.609678672835104
"ENSG00000165966.14",0.0020530076764472,0.00904371608649052,0.820416509019375
"ENSG00000258325.2",0.00335212497974619,0.00320690969857893,0.295892654905636
"ENSG00000180263.13",-0.00767679301297641,0.00700315563046829,0.272995394858415
"ENSG00000257150.3",0.00670977989640789,0.00430391029865821,0.118997274300598
"ENSG00000135119.14",-0.0048155173515372,0.00404071410438634,0.233359643787061
"ENSG00000111224.13",-0.0111554127660649,0.00625333243051346,0.074437497791751
"ENSG00000256902.1",-0.00698691438917259,0.00282017768878092,0.0132316378808183
"ENSG00000250899.3",0.000538178399091409,0.00651362140606709,0.93415089034402
"ENSG00000078246.16",0.00813675874685505,0.00601422295020789,0.176081389378918
"ENSG00000256625.1",0.0113044611094792,0.00355204603767267,0.00145998927629976
"ENSG00000060709.14",0.00380968825956595,0.00504503972298581,0.450167724347935
"ENSG00000084453.16",-0.00252975774185687,0.00345838151389121,0.464482338321557
"ENSG00000274624.1",-0.00187138766819482,0.00452611056819558,0.679266063588805
"ENSG00000084110.10",-0.00193560253195977,0.00360539624034179,0.591362501387098
"ENSG00000166598.14",0.00765299906438314,0.00828793232156611,0.355803671896388
"ENSG00000111727.11",0.0175857259441807,0.0112190211250261,0.116999732979043
"ENSG00000136010.13",0.0108238071440608,0.00548551083830202,0.0484769919222218
"ENSG00000211455.7",0.0133428961501111,0.00698609195729422,0.0561431569503132
"ENSG00000278733.1",0.010021935108551,0.00483851741380054,0.0383324295068552
"ENSG00000273680.1",0.000677280704814078,0.00355031677458703,0.848708712353812
"ENSG00000060982.14",0.00774518095850044,0.00682370926732649,0.256358682392453
"ENSG00000277342.1",-0.00404761046360761,0.00371959749655711,0.27651341421733
"ENSG00000013573.16",-0.00369390153276045,0.00198834482730482,0.0632006711353917
"ENSG00000256984.2",0.0005081545622433,0.00432642256120519,0.906500490913351
"ENSG00000273973.1",-0.000621997067287091,0.00581388445777624,0.914801065490222
"ENSG00000135426.15",0.0145810198494046,0.00965463423601468,0.130976778408679
"ENSG00000135441.7",-0.0222996031296086,0.00883117235400815,0.011566500517574
"ENSG00000179899.8",-0.00507421060296109,0.00594857293637406,0.39365204317053
"ENSG00000257817.1",0.0101675793217576,0.00401682215909179,0.0113656950056521
"ENSG00000151176.7",-0.00107804210938609,0.00569907571497911,0.849966736683855
"ENSG00000245205.3",-0.00381858278972658,0.00313822325970694,0.22368120198817
"ENSG00000122970.15",-7.1907139352026e-05,0.0086032939845218,0.99333128352786
"ENSG00000277595.1",0.0253197056377565,0.00519569766295664,1.09801557912625e-06
"ENSG00000006831.9",-0.00130280718355386,0.00588198149898687,0.824709982155544
"ENSG00000256271.1",-0.00752132456422192,0.00384238413097768,0.0502930640362926
"ENSG00000139160.13",-0.00205735822382278,0.0052344587458187,0.694289012745618
"ENSG00000255760.1",-0.0144292430317137,0.00523281210456121,0.0058253260343939
"ENSG00000274659.1",-0.00241280368131514,0.0031567452868443,0.444668997101497
"ENSG00000278356.1",-0.00188485597326142,0.0043943904215952,0.667979120725569
"ENSG00000272173.1",0.00357677774727373,0.00677795901327804,0.597702577761577
"ENSG00000247853.2",-0.00478169823278449,0.00478037639329288,0.317176709930612
"ENSG00000202318.1",0.0112367773387022,0.00374903062369128,0.00272428322292684
"ENSG00000111679.16",0.0103798589262184,0.00972552463690811,0.285845370582207
"ENSG00000256164.1",0.00132534851629288,0.00612002636208194,0.828551820716818
"ENSG00000127314.17",0.0167577576313862,0.00877328195291789,0.0561216335854529
"ENSG00000010295.19",0.0068317753783542,0.0132898024042657,0.607209013600456
"ENSG00000111696.11",-0.00814838011061594,0.00591108801556478,0.16805182397059
"ENSG00000257681.1",-0.00258229351536148,0.0038936527263959,0.507198684329225
"ENSG00000111445.13",-0.00336295082067151,0.00471909576488618,0.476077155331403
"ENSG00000239374.1",-0.00460385991211625,0.00277863047471966,0.0975435457057681
"ENSG00000272849.1",0.0028589989686704,0.00572718740224596,0.617640091370467
"ENSG00000170633.16",0.0197478088786305,0.00801271429280258,0.0137181892667469
"ENSG00000184047.16",0.00867827884479662,0.00860303263447436,0.313096236776182
"ENSG00000212694.8",0.00228267432009312,0.00797029394348348,0.774573491285176
"ENSG00000274292.1",0.00158593919609149,0.00516758918292097,0.758918594105897
"ENSG00000139725.7",0.0124299943409439,0.00558591364628163,0.0260651806633643
"ENSG00000256030.1",0.00273649232605633,0.00285589568388452,0.337966669202392
"ENSG00000004478.7",0.00948550656174453,0.00856748766428721,0.268228445504443
"ENSG00000271579.1",-0.00535258291362185,0.00347014640241357,0.122960388856039
"ENSG00000256682.2",-0.0039049369949767,0.00333083469108722,0.241052595580799
"ENSG00000212128.2",0.00212064614747114,0.0035911657488626,0.554843770376658
"ENSG00000212127.5",0.0050975406345805,0.00324998616098063,0.116768985938409
"ENSG00000256274.1",-0.00168530862356629,0.00232093478757508,0.467756901544375
"ENSG00000212125.2",-0.00297499487112358,0.00357260931235326,0.405000823534972
"ENSG00000255374.3",-0.00238960821842558,0.00252909985666259,0.344737839624321
"ENSG00000226761.3",0.00202705879802604,0.00305216839672162,0.506602455694904
"ENSG00000247157.6",9.10658301952342e-05,0.00231919339716424,0.968678182359109
"ENSG00000256981.1",-0.00235364811555975,0.00301937102413219,0.435675798208683
"ENSG00000172322.13",-0.0200527602991434,0.00554003849050124,0.000295051158881954
"ENSG00000134551.12",0.0061668766593785,0.00332041758554909,0.0632742625140243
"ENSG00000231887.6",-0.00361546627780998,0.00253178938467575,0.153283782785145
"ENSG00000111215.11",-0.00204401254215211,0.00311586475183045,0.511823037019994
"ENSG00000121318.2",0.0053237407249793,0.00421848527329982,0.206947736338925
"ENSG00000255837.1",0.00302508725968485,0.00306983540663226,0.324416201684501
"ENSG00000256537.4",0.00148870376260172,0.00836803817562868,0.858798716760901
"ENSG00000184613.10",-0.00654445109994935,0.00739050172701879,0.37587521562852
"ENSG00000198855.6",-0.00707569149282842,0.00818961267359763,0.387596869426082
"ENSG00000136045.11",-0.0116030515280152,0.00730439915807558,0.112172904527764
"ENSG00000256139.2",0.0012526719174616,0.00572958497323539,0.826936547234705
"ENSG00000256234.1",0.00796035372464404,0.0048277632527566,0.0991742817989215
"ENSG00000247903.1",-0.000123522744556302,0.0053172697610387,0.981466423281668
"ENSG00000255650.5",0.00373105925197598,0.00441260879451025,0.397806625359252
"ENSG00000239617.1",0.00146829076953907,0.00413704808296061,0.722655018397158
"ENSG00000187166.1",0.00842375111816006,0.0049158525827361,0.0866042274564249
"ENSG00000167528.12",0.00878287445770857,0.00551070798205862,0.110984574970756
"ENSG00000018236.14",-0.00605247637919545,0.00835011169649418,0.468551558731239
"ENSG00000118308.15",-0.010207137125996,0.00511821575690131,0.0461218519171573
"ENSG00000177119.15",-0.0547485413871528,0.0161455105803499,0.00069652030030376
"ENSG00000249628.2",0.00449016200775227,0.00486033986196313,0.355571165386941
"ENSG00000257718.1",-0.00241386379892916,0.00544668183457416,0.657635099924759
"ENSG00000110851.11",0.00430441245576307,0.00535027078870799,0.421095363923488
"ENSG00000151136.14",-0.0135238331293881,0.00989840648559432,0.171856220963273
"ENSG00000111731.12",-0.00416244706761358,0.00575802796630909,0.469744668706056
"ENSG00000230291.5",5.68758724162755e-05,0.00542481352125827,0.991634818610502
"ENSG00000239701.1",-0.0155575497036035,0.00554328548698221,0.00500739679090001
"ENSG00000139182.13",0.0131468880863124,0.0118225153251699,0.266129020480623
"ENSG00000257176.2",-0.00532275808811722,0.00266208518837789,0.0455575808388988
"ENSG00000187950.8",0.000674657719741356,0.00411603965728149,0.869802442356308
"ENSG00000151229.12",0.00155175675151073,0.00982348950943725,0.874485242169577
"ENSG00000081760.16",0.00832841128072746,0.00563665888932909,0.139529884339467
"ENSG00000279233.1",0.00472328918279192,0.00282830342712531,0.0949177924865238
"ENSG00000111046.3",0.00128982582783054,0.00634205641318899,0.838840693341152
"ENSG00000111058.7",0.0131845645542634,0.0111814787405132,0.238341161473437
"ENSG00000130035.6",0.00096383702427876,0.00299737840744862,0.747786044952424
"ENSG00000170473.16",0.043940331808195,0.0110103379245678,6.58438539133943e-05
"ENSG00000258317.1",-0.00606818118607566,0.00565843089487159,0.283534068843139
"ENSG00000276136.1",-0.00726113881839234,0.00459187804858735,0.113809357085086
"ENSG00000276900.1",0.00338854951667245,0.00426281027993839,0.426665993716834
"ENSG00000257511.1",0.00692786849160245,0.00706207087526955,0.326594350199674
"ENSG00000275476.1",-0.00563815530068195,0.00302397196354381,0.0622533971708659
"ENSG00000235162.8",-0.00227903738825857,0.00419018722951344,0.586511183377823
"ENSG00000118307.18",-0.00166333172757349,0.00471913366869809,0.724489200277042
"ENSG00000256694.1",0.000531613317878206,0.00437877541923152,0.903368793785262
"ENSG00000256540.1",0.00646898185431847,0.00346244638720147,0.0617165141318208
"ENSG00000274979.1",-0.00214012246473086,0.00353405145399932,0.544799026950377
"ENSG00000279865.1",0.028561593180567,-0.0199266929166747,0.151762600344514
"ENSG00000226091.7",-0.0312395690368457,0.0217950481652412,0.151762600344515
"ENSG00000111596.11",0.0163889836705669,0.00721047098581604,0.0230296642650335
"ENSG00000127328.21",0.00313517817963164,0.00988156861121626,0.751034676656935
"ENSG00000155957.17",0.00180007494240513,0.00619253458990064,0.771292488655537
"ENSG00000276058.1",0.000676067119569384,0.00414219850191222,0.870349500109839
"ENSG00000274964.1",-0.0161635344273877,0.00481726781892938,0.000792696949771354
"ENSG00000111237.18",-0.00729779739556221,0.0100927950828383,0.46963687595291
"ENSG00000278993.1",-0.0138767297838028,0.00680306314406901,0.0413725701421876
"ENSG00000111249.13",0.00880225392190974,0.0151349710297236,0.560847059350701
"ENSG00000174456.13",0.00626848705446319,0.0125331243292932,0.616966938264656
"ENSG00000275850.1",0.00858252727526524,0.00365886673135474,0.0189924506512619
"ENSG00000151952.15",0.002377419974108,0.00342816468214853,0.487998064424081
"ENSG00000111432.4",0.001925501730249,0.00388088538622278,0.619788503627779
"ENSG00000257599.1",0.00747885436240992,0.00402637655033204,0.0632449964716946
"ENSG00000087448.9",0.0194916937079121,0.0135253137350388,0.149548829916762
"ENSG00000123106.10",0.0013349732911971,0.00492098784877692,0.786174483051416
"ENSG00000271259.1",0.0235347862364254,0.00978764637390839,0.0161928384188914
"ENSG00000271327.1",0.0268500633974529,0.00712907989216198,0.000165702389025135
"ENSG00000198431.15",-0.00977028844974044,0.00934752049859917,0.295917689682056
"ENSG00000017427.15",0.00797940679731749,0.0061222918735794,0.192459886455902
"ENSG00000069493.14",0.00360740023641364,0.0130325442011013,0.781934152450276
"ENSG00000256937.1",-0.0431386414126452,0.0153081463967983,0.00483210092212449
"ENSG00000184293.7",-0.0082014364764077,0.00572750182545855,0.152161117693042
"ENSG00000214826.5",0.00629902017835847,0.00809064355092403,0.436241226674988
"ENSG00000245105.2",-0.0531553628144978,-0.0436893392995873,0.223731066451697
"ENSG00000214776.10",0.00196054089580673,0.0050915655845056,0.70019548700508
"ENSG00000256594.7",-0.00369865170564793,0.00899252306505671,0.680850370774034
"ENSG00000257027.1",0.0082474634630591,0.00793959979850569,0.298909057936292
"ENSG00000139187.9",0.0267697378416553,0.0200247865586458,0.181278094677385
"ENSG00000231738.10",-0.0161754815708054,0.00559971567073149,0.00386929571633488
"ENSG00000102189.16",0.00731308591730319,0.00838338025056516,0.383027606844832
"ENSG00000245904.3",0.00205254697367527,0.00379968106590628,0.589066505806894
"ENSG00000276115.1",-0.0056382543135236,0.00452330419097586,0.212584487435794
"ENSG00000235602.5",0.00949384523584201,0.0309799160327476,0.759260815924473
"ENSG00000282022.1",0.0398218020755318,0.0164078256628648,0.0152242323464246
"ENSG00000255967.1",0.00661981172708111,0.0216014908988962,0.759260815924473
"ENSG00000274105.1",-0.00380957016418353,0.00630326204571015,0.545590539316909
"ENSG00000013588.7",0.0228459447572646,0.00625790870460532,0.000261494441827104
"ENSG00000175782.9",0.00438868953757231,0.00535122360709537,0.412143011405173
"ENSG00000010292.12",-0.0237296561322453,0.00906705928958362,0.00886730429871385
"ENSG00000126749.14",-0.00288317813308481,0.0105027053621873,0.783686831557021
"ENSG00000256188.3",-0.00171242226314573,0.00331229973543071,0.605163893417774
"ENSG00000078237.6",0.000968928694601567,0.0064235095043639,0.880101130984421
"ENSG00000130038.9",-0.000184255197085843,0.00457244561963713,0.967856457785571
"ENSG00000250770.3",0.00621127869055578,0.00344585137987682,0.0714607726445812
"ENSG00000280202.1",3.10612188033506e-05,0.0041905877836272,0.994086022946397
"ENSG00000171840.11",-0.00448316502105996,0.00656049112039805,0.49438056309542
"ENSG00000082805.19",-0.0107564106381328,0.00802160001961288,0.179942916810209
"ENSG00000060237.16",0.00259996085343186,0.00785470318925811,0.740639283215761
"ENSG00000122965.10",0.0185171588174958,0.00342347181204372,6.34190074899621e-08
"ENSG00000070019.4",-0.0066518685851242,0.0041137349541853,0.105880423680432
"ENSG00000183935.5",0.00353208340643059,0.00377326290877864,0.349230981356987
"ENSG00000110881.11",-0.0562217908181002,0.00863163455952834,7.3440031833627e-11
"ENSG00000184271.16",-0.00450091410601067,0.00664675226648946,0.498304506585068
"ENSG00000274156.1",-0.0195860393301517,0.00648353806617996,0.00252034953977986
"ENSG00000261308.2",0.00143802318102052,0.00454669730780663,0.75179103247765
"ENSG00000139624.12",-0.0150379750674405,0.00692460971334414,0.0298804768954936
"ENSG00000135457.9",-0.00390992205167922,0.00922298419666207,0.671615096346741
"ENSG00000110934.10",0.0381834004352322,0.0113209587499545,0.000744062897837128
"ENSG00000139343.10",0.00676353297095922,0.0075146448707065,0.368095281767701
"ENSG00000279581.1",0.00832858939283589,0.00397293776703064,0.0360529102160322
"ENSG00000184967.6",-0.0012571389180217,0.00469735160969029,0.788986314942456
"ENSG00000278916.1",0.00438399116948544,0.00351214091130711,0.211943554950137
"ENSG00000135144.7",-0.00185320343543879,0.00577253166094504,0.748181408091056
"ENSG00000089022.13",-0.00852306240090137,0.00654750245904358,0.193009639210243
"ENSG00000186710.11",-0.00626591637369883,0.0046009605714748,0.173238490006745
"ENSG00000173064.12",0.00509578986599716,0.00808840999984253,0.528687177538845
"ENSG00000226469.1",0.000894550644143327,0.00622895044501543,0.885807040125577
"ENSG00000198270.12",0.0128174072097121,0.0107135922724053,0.231552682846214
"ENSG00000197653.15",-0.00109070811618311,0.00367116549878793,0.766389156518645
"ENSG00000111358.13",0.00984954344680606,0.00586679442052642,0.0931787680574382
"ENSG00000256923.1",-0.00502313021119365,0.00722167037607572,0.486702240774087
"ENSG00000273987.1",-0.0143818871415975,0.0064505974820018,0.0257777699766549
"ENSG00000179941.6",-0.00318219138314659,0.00667513088868886,0.633559066774172
"ENSG00000274395.1",0.0143582743360349,0.00511009635194726,0.00495745369083456
"ENSG00000257398.6",-0.00864108195531041,0.00560617870974487,0.123231695381768
"ENSG00000250132.6",0.00514481429078948,0.00503587037955106,0.306954357553147
"ENSG00000197905.8",0.0140560163682473,0.00679120193989294,0.0384767806589299
"ENSG00000075856.11",0.0255434926871664,0.00839777384765008,0.00235247716925802
"ENSG00000133687.15",-0.00912060918352717,0.00841788970645951,0.278595737306626
"ENSG00000214215.3",-0.0165576758730185,0.00533379129076029,0.00190731331534422
"ENSG00000133639.4",0.0348136156412736,0.00825987859444872,2.50015815902449e-05
"ENSG00000061273.17",0.00250166490471084,0.0103279720501233,0.808607934537793
"ENSG00000268069.2",-0.00474246125050788,0.00712769528673485,0.505822244067806
"ENSG00000276691.1",0.00528035052537062,0.00382478376298702,0.16741372199124
"ENSG00000152556.15",0.0217655884026602,0.00910120167075087,0.0167793594777034
"ENSG00000123066.7",0.00432914420792179,0.00847688362018069,0.60956116195722
"ENSG00000111203.11",0.00381339885737165,0.00557191002317541,0.493724469861755
"ENSG00000256250.1",-0.000878573968036591,0.00271811024865273,0.746521287586584
"ENSG00000280002.1",0.00760338741182401,0.00308035239203013,0.0135737578864888
"ENSG00000276122.1",-0.00501768859535711,0.00352427445067129,0.154518620341937
"ENSG00000111452.12",0.00660327615335067,0.00607405717014893,0.276980351944609
"ENSG00000236908.2",-0.000254793223909615,0.00342477986594529,0.940694524600239
"ENSG00000139626.15",0.0283610499254998,0.00709536415817648,6.41167357090522e-05
"ENSG00000170653.18",-0.0145452532420807,0.00907832259853542,0.10911224783904
"ENSG00000255966.1",-0.00760403457922766,0.00347501741795667,0.0286550064161942
"ENSG00000238795.1",-0.0226571819778665,0.0105412290125619,0.0316037247710361
"ENSG00000111676.14",-0.00789416032333562,0.00739940933861858,0.286033443755069
"ENSG00000139178.10",0.00143341194965389,0.0131392619502846,0.913128096388725
"ENSG00000166046.10",-0.0269185805537614,0.00752621706555988,0.000348036914662675
"ENSG00000166896.7",-0.00574322810344606,0.0029774759313852,0.053744329610747
"ENSG00000175215.10",-0.0174525936413898,0.0140809318390122,0.215179349972187
"ENSG00000247498.9",-0.0136462193051953,0.00358520334873151,0.000141083557744559
"ENSG00000088992.17",0.00558203327835524,0.00476613861635569,0.241524151535
"ENSG00000257726.1",-0.00222551182072267,0.00412113498079057,0.589180477282501
"ENSG00000111450.13",0.00483404099807571,0.00550101552464386,0.379534514681768
"ENSG00000255933.1",-0.00449678262307423,0.00351726841176908,0.201077697181584
"ENSG00000089157.15",0.00411892361199411,0.00834128832574825,0.621447819559836
"ENSG00000180481.10",-0.00285254189290639,0.00275017201980806,0.299631904153941
"ENSG00000198393.7",0.0470608599253249,0.0133899850599145,0.000440365001813214
"ENSG00000075415.12",0.0103251438858376,0.00671943066994311,0.124388859616884
"ENSG00000166130.14",-0.000463711086111532,0.00692590601215431,0.946619016207842
"ENSG00000214198.8",0.00808127247914752,0.0036208881963989,0.0256250033637051
"ENSG00000120820.12",-0.00530394270084097,0.0091535395335934,0.562291159681747
"ENSG00000273853.1",-0.000640619864137434,0.00475775381029089,0.892890549415097
"ENSG00000067715.13",-0.000134880715231247,0.00538297137534829,0.980009557483816
"ENSG00000196091.13",0.0094844798773251,0.00617714012398114,0.12468167217247
"ENSG00000111319.12",0.00529560839750706,0.0118970929158974,0.656234591171026
"ENSG00000111678.10",-0.012330575337892,0.00965192789802897,0.201417100771327
"ENSG00000240370.6",-0.0116931261162667,0.00513317665243102,0.0227294829360654
"ENSG00000111671.9",0.0126557341402066,0.00421459931758569,0.00267479951702254
"ENSG00000111664.10",-0.000683285277901404,0.00515350153540301,0.894520325708489
"ENSG00000248593.3",-0.0056926213774941,0.00577400405151933,0.324179570476322
"ENSG00000111665.11",-0.00323275019769508,0.00533221025197492,0.544336586088491
"ENSG00000010626.14",0.00667974762098855,0.00629650919042742,0.288751156301917
"ENSG00000256894.1",-0.00164174957266365,0.00482442227288822,0.733630824243318
"ENSG00000214700.5",-0.000256847617820196,0.00396151580630443,0.94830482328768
"ENSG00000111341.9",-0.00423169083627556,0.00857811348715128,0.62179177877504
"ENSG00000182993.3",0.00839220836967806,0.00462139644840125,0.0693785904738304
"ENSG00000276148.1",0.0144461593605908,0.00557944737724491,0.00962065044278815
"ENSG00000259937.2",-0.0116088018388521,0.00569427486818372,0.0414820180576579
"ENSG00000139132.14",-0.00833429519858774,0.00629150520178721,0.185273929400413
"ENSG00000151746.13",-0.00438545825370805,0.0052614966766387,0.404562714926407
"ENSG00000025423.11",0.00313291378367661,0.0117858272189071,0.79037750011476
"ENSG00000278385.1",-0.00169771433451465,0.00579124116913869,0.769405918269256
"ENSG00000179715.12",-0.00333184918047801,0.00589459417384475,0.571911828727311
"ENSG00000177875.4",-0.0140746425228553,0.00571660926015615,0.0138141047776037
"ENSG00000269514.1",-0.0150825003015477,0.00577403111339246,0.0089980924563523
"ENSG00000271614.1",0.0280518255425614,0.00708949447115002,7.5955373240344e-05
"ENSG00000166268.10",-0.00500443210340173,0.00367642922031646,0.173443907486917
"ENSG00000151131.10",0.0149491198931302,0.00530834832199148,0.00486025475435425
"ENSG00000180881.19",0.000524312932808139,0.00685131756359948,0.938999583990056
"ENSG00000246985.7",-0.00992529789119791,0.00831177350374851,0.232429011463644
"ENSG00000205056.8",-0.00646465856677838,0.00518948398836232,0.212866177179436
"ENSG00000120833.13",0.00901879777350944,0.00772403850908257,0.242957157082634
"ENSG00000240087.3",-0.00133134710380854,0.00435020967038062,0.759572626314398
"ENSG00000111405.8",-0.000758997255560429,0.00450747017550118,0.8662792054165
"ENSG00000258181.1",-0.00402142141549018,0.00363435252555,0.268508932557794
"ENSG00000280054.1",0.00734073928326772,0.00338973774392512,0.0303434986902701
"ENSG00000274315.1",0.00434248873379811,0.00370207884346835,0.240801194693086
"ENSG00000166148.3",-0.014464518969988,0.00528690433981097,0.00622071606766295
"ENSG00000139131.12",-0.0160328370768432,0.00734908459503129,0.0291383218547638
"ENSG00000150990.7",-0.00601298082275866,0.00880740414332173,0.494784516586623
"ENSG00000134294.13",0.0329749977025891,0.00795344755742058,3.38333058114149e-05
"ENSG00000257501.6",0.00104854020435454,0.00551321739732211,0.849162892303288
"ENSG00000120868.13",-0.00158320603488294,0.00532916180103264,0.766402761821161
"ENSG00000110888.17",-0.00131203330424383,0.00560645120670626,0.81496784669453
"ENSG00000279940.1",0.00640419085988362,0.00459246350050184,0.163166636093959
"ENSG00000234498.3",0.000387920939498463,0.00393992813540073,0.921567916620376
"ENSG00000126838.9",0.00465100145247848,0.0100647369702889,0.644003447417631
"ENSG00000166535.19",0.00190918579713555,-0.0377064194934271,0.959618036952282
"ENSG00000094914.12",-0.01054880852265,0.00862251335927582,0.221177529084828
"ENSG00000171823.6",-0.00221095389505588,0.00384472768018379,0.565249875609616
"ENSG00000010379.15",0.0131392910301516,0.00556122993871222,0.0181443468907273
"ENSG00000249695.6",0.0168900252091048,0.00574238885105849,0.00326849424913489
"ENSG00000120647.9",0.00601248496972447,0.0049170011722939,0.221407094389951
"ENSG00000170627.10",0.00153528881560545,0.00386170121757793,0.690948655214211
"ENSG00000135390.17",0.0113388552938489,0.00477042942622626,0.0174586063208136
"ENSG00000198353.7",-0.000493997398461251,0.00526087289741188,0.92518837740095
"ENSG00000111144.9",0.00161424884643945,0.00819185015438503,0.843784133330868
"ENSG00000241556.1",0.0014109998475687,0.00301430335913721,0.639712024737641
"ENSG00000139437.17",-0.0153719940303977,0.00656621096426114,0.0192282907051969
"ENSG00000110921.13",-0.00402544513123671,0.00808889954212732,0.618730382992416
"ENSG00000151148.13",-0.00194179159964656,0.00483286043474835,0.687839099206785
"ENSG00000204856.11",-0.0362079312357818,0.00850113796616135,2.051723234342e-05
"ENSG00000174437.16",-0.03266264887998,0.0116313256617953,0.00498251267765693
"ENSG00000274560.1",-0.00806108902752101,0.0044129064449028,0.0677437692750694
"ENSG00000256193.5",0.000930245621167655,0.00476051583619259,0.845073103252058
"ENSG00000111361.12",-0.00386103791075966,0.00589065258591469,0.512177011452744
"ENSG00000168778.11",0.00466774704315477,0.00545473816351876,0.392150798241838
"ENSG00000183955.12",0.00196393299890646,0.00766360579217665,0.797744300651504
"ENSG00000247373.3",0.00394027261476205,0.00765836183909431,0.606898312347823
"ENSG00000051825.14",0.000421871991616339,0.00646106628307714,0.947939533787626
"ENSG00000185344.13",0.0031470126984682,0.0061688996059611,0.609952219196548
"ENSG00000135148.11",-0.00852565845616049,0.00952301056029413,0.370643177665492
"ENSG00000258099.1",-0.0188466064122459,0.00800484107794468,0.0185525813355479
"ENSG00000183273.6",-0.0135014184767463,0.00478190027285845,0.00475110088744879
"ENSG00000111707.11",-0.0110208089977649,0.0046323851938799,0.0173559694872678
"ENSG00000275409.1",0.0163515976859526,0.00360584238373564,5.76714567368519e-06
"ENSG00000275759.1",-0.00164126052520573,0.00289608378390062,0.570906325576822
"ENSG00000257859.1",-0.00396855796034265,0.00317440588571898,0.211236192947708
"ENSG00000135678.11",-0.0134261020138418,0.00511093537374916,0.0086157443563688
"ENSG00000111581.9",0.00127791951242439,0.0048049974032938,0.790272835697336
"ENSG00000256596.1",0.000246235872176814,0.00406143069202296,0.951655581184714
"ENSG00000111291.8",-0.00495005590059025,0.00400877001537617,0.216902469316708
"ENSG00000196465.10",0.0394503023889585,0.00785785298871453,5.15388086763657e-07
"ENSG00000133636.10",0.0153308710841681,0.00389589567154536,8.31503287090918e-05
"ENSG00000177981.10",0.0205224077206056,0.00755460772529807,0.00659678631179694
"ENSG00000271547.1",-0.0181458545443778,0.00512908572277038,0.00040342339463395
"ENSG00000240399.1",-0.0212968805235006,0.00321425233106948,3.45454775896314e-11
"ENSG00000257875.1",0.00661906478810653,0.00478125788067197,0.166242961526004
"ENSG00000182196.13",-0.020763591886527,0.0147382220152029,0.158886594651217
"ENSG00000033030.13",-0.0163838288852337,0.00940290664637683,0.0814346759309534
"ENSG00000139697.13",-0.015448344137776,0.00865241690695384,0.0741904831052793
"ENSG00000130779.19",-0.00670936836984473,0.0165179074893303,0.684604801340062
"ENSG00000275764.1",0.00515270115742972,0.00625828173224213,0.41031399371771
"ENSG00000111364.15",0.0152116834167917,0.00511535085290061,0.00294201740594102
"ENSG00000182782.7",-0.0132010206123309,0.00674221310092063,0.0502340616586436
"ENSG00000255398.2",-0.0171420975090992,0.00516433049323074,0.000902349552276416
"ENSG00000256582.1",-0.00140606390260481,0.00738140995597707,0.848927394976531
"ENSG00000260423.1",0.0273132987544345,0.0125729212915368,0.0298261970893309
"ENSG00000278635.1",-0.00531921944075378,0.00610853139946135,0.383871384757219
"ENSG00000256673.1",-0.0116484811916573,0.0119843897985785,0.331064898926385
"ENSG00000256564.1",-0.00803299420730169,0.00415678213799967,0.0532974445576265
"ENSG00000280287.1",-0.0141317453240232,0.00776037252720456,0.0686047619257666
"ENSG00000255920.1",0.00720603781286065,0.00395010248600308,0.0681118621413423
"ENSG00000170426.1",0.00438903283213986,0.00510295915051488,0.389736333520774
"ENSG00000111012.9",-0.00805050596280755,0.00798398138469212,0.313294982725274
"ENSG00000178498.15",0.0235971454508734,0.0138315532020387,0.0880011381558008
"ENSG00000123427.16",0.00127639951593243,0.00493428238909007,0.795882254174638
"ENSG00000123297.17",0.0140172367777939,0.00976638125660173,0.15121475952574
"ENSG00000139168.7",0.0161557770292197,0.00849776496801869,0.0572784979371901
"ENSG00000151233.10",0.0122454920718502,0.00533563040376708,0.0217307582743077
"ENSG00000153179.12",-0.0550734026227731,0.0107600748103551,3.08284964445349e-07
"ENSG00000135679.22",0.00432298579250502,0.00557488188752626,0.438079772236147
"ENSG00000182544.8",0.0199675825549275,0.00699167276684579,0.00429137845723315
"ENSG00000257431.1",0.00345163886820435,0.00300998910911811,0.251494043864008
"ENSG00000150045.11",-0.00827922224852316,0.00505890831016976,0.10172180833527
"ENSG00000183542.5",0.00793083399955333,0.00419731349816089,0.0588245392196172
"ENSG00000151135.9",-0.00330345192029993,0.00736016216466115,0.653555242859729
"ENSG00000155974.11",-0.0139120091740591,0.00504485258041943,0.00582159735145904
"ENSG00000127311.9",0.00212550724190653,0.00555824582642128,0.702160148752872
"ENSG00000273015.2",0.0153406562206362,0.00754381911094034,0.0419980193004619
"ENSG00000257322.5",0.0104458041836162,0.00281888293556208,0.000210846161060929
"ENSG00000271382.1",0.00932045701972122,0.00515271749625142,0.0704753964353242
"ENSG00000064763.10",-0.00895401108917858,0.0081218294633709,0.270260723750311
"ENSG00000274021.1",0.00184885154964992,0.0052363036272141,0.724025965791443
"ENSG00000257815.5",-0.00873680682419068,0.00714977384760949,0.221719094989955
"ENSG00000127324.8",-0.00594094682542751,0.00786769299625881,0.450185029716996
"ENSG00000121749.15",-0.0135620418241803,0.0130179591134065,0.297506835744453
"ENSG00000111206.12",0.000821540182335267,0.00590318864259357,0.889316695238854
"ENSG00000283297.1",0.00633831212589278,0.00434166528035566,0.144322941789296
"ENSG00000213250.5",0.00226147452940803,0.00345914805793836,0.513262362138912
"ENSG00000273568.1",-0.00225366077962041,0.00451322636442766,0.617535771614318
"ENSG00000111052.7",-0.0288109450796045,0.0115929752888325,0.0129476067761088
"ENSG00000133773.11",-0.0112148435490318,0.00786647326682378,0.153969177954688
"ENSG00000257613.1",-0.000691198208204977,0.00473720168320084,0.883993585311953
"ENSG00000136051.13",0.0196394952952482,0.0074577624176536,0.00845272570922151
"ENSG00000165891.15",0.000807262511584684,0.00669316040669506,0.903999896343569
"ENSG00000259884.1",0.0174108017081787,0.00382926555928905,5.44746659036921e-06
"ENSG00000061794.12",-0.00556713023162451,0.0117787014813914,0.636467327920077
"ENSG00000256377.5",-0.00124568148487945,0.00306047779777715,0.683991904316748
"ENSG00000122986.13",-0.00471776757032166,0.0119172718964936,0.692196157764649
"ENSG00000111554.14",-0.0110116912047675,0.00841316563001097,0.190580359189156
"ENSG00000196510.12",-0.0350169252479327,0.00942458357801725,0.000202812056152912
"ENSG00000139438.5",0.00362700047420437,0.00821829357542806,0.65897226358815
"ENSG00000277299.1",-0.0146302587461235,0.00683398570418166,0.032289436279787
"ENSG00000151164.18",0.00934118705268637,0.00623033983999449,0.133794218746999
"ENSG00000257242.7",0.0216665509078285,0.00576248065286073,0.000169957721072644
"ENSG00000258100.1",0.00656634285486915,0.00492002386257169,0.182002039495335
"ENSG00000004700.15",-0.00752417614197366,0.0118782548361324,0.526445559485936
"ENSG00000196458.10",0.0315137965554497,0.00503973877487043,4.02483490979932e-10
"ENSG00000090612.20",0.0330670908177615,0.0067025143033352,8.07544451975062e-07
"ENSG00000176915.14",0.0220948337636474,0.00662101405043376,0.000846644860478585
"ENSG00000240991.3",0.00472142381753949,0.00405796704670347,0.244628780688047
"ENSG00000256223.5",-0.0168201753212585,0.00590724420541167,0.00440805615085427
"ENSG00000256092.2",0.0147037020575486,0.00521196240927664,0.00478525576035271
"ENSG00000178882.14",-0.00944328743494163,0.00560137391055851,0.0918174295508375
"ENSG00000139211.6",-0.00298663783511229,0.00718735552294731,0.677746219750707
"ENSG00000120860.10",-0.0221339359327847,0.0072657720944558,0.00231653813146571
"ENSG00000139154.14",0.0150897018719647,0.00670258690566599,0.0243649566702965
"ENSG00000257354.2",-0.00144619850090048,0.00532162268257948,0.785807384041928
"ENSG00000072041.16",-0.00282774540337609,0.00563191438621328,0.615602027320277
"ENSG00000177575.12",-0.000555914670675351,0.0307166826865848,0.985560565746008
"ENSG00000151572.16",-0.00197765423044988,0.00546453828949114,0.717421587358835
"ENSG00000012504.13",-0.0101415238460666,0.00602987427173774,0.0925921468350918
"ENSG00000257773.1",0.00105411786046357,0.00413947229441035,0.798993205954539
"ENSG00000243663.1",0.00177961615626288,0.00293379159439987,0.544121338375687
"ENSG00000270028.1",0.0120827530514045,0.00485919789342489,0.0128979898179929
"ENSG00000255474.1",0.00224198980680713,0.0033871166775577,0.50802447351921
"ENSG00000111647.12",-0.0205607957286222,0.00922157582095512,0.0257713418990408
"ENSG00000258679.1",-0.0186403882594212,0.00740021516935832,0.0117722705552259
"ENSG00000135506.15",0.0228989216763052,0.0110271741931951,0.0378393997357351
"ENSG00000139370.11",0.00171212404909021,0.0058522710240334,0.769860629209141
"ENSG00000199933.1",-0.00356259328031188,0.00386971633881055,0.357241430316883
"ENSG00000111670.14",0.00526695794617201,0.00694140632708526,0.447987821534604
"ENSG00000111666.10",-0.00172013527568543,0.00712052115916237,0.809109998676371
"ENSG00000258230.2",-0.00387065355614219,0.00376634188483629,0.304092966624783
"ENSG00000205809.9",0.00418668729067764,0.00336000755906507,0.212751516344541
"ENSG00000197992.6",-0.00461338449782889,0.00584821768656967,0.430197885339325
"ENSG00000212124.2",0.0116337710707155,0.00332600624445325,0.000469077652515026
"ENSG00000213782.7",0.00747092248266616,0.00437487681354538,0.0876943413166164
"ENSG00000214851.4",-0.00425648176550213,0.0142534527520148,0.765223809078642
"ENSG00000247363.2",-0.00633911964962748,0.00576024512388741,0.2711166058348
"ENSG00000013503.9",-0.00323579927576594,0.00647843916284817,0.617446873772998
"ENSG00000233560.2",-0.000216040302825057,0.00366471795488254,0.952990807323654
"ENSG00000257433.5",0.0131513208269095,0.00564649075310896,0.0198530256842577
"ENSG00000240342.3",-0.00270112613605267,0.00423342163087999,0.52344244524472
"ENSG00000204852.15",-0.00431809155749263,0.00890254456644116,0.627647864874625
"ENSG00000130037.4",0.00296521395554656,0.00459165345913687,0.518419587343624
"ENSG00000111254.7",-0.000852179234914973,0.00339388825575982,0.801742742846334
"ENSG00000002016.17",-0.00633742448277705,0.00673972537336595,0.34705908012448
"ENSG00000256667.6",-0.00384594357783889,0.0059014095783239,0.514595274122022
"ENSG00000111196.9",-0.00574019863575788,0.00700134777583919,0.412289924587546
"ENSG00000247774.6",-0.0477336549021783,0.00893409707748044,9.14900133430763e-08
"ENSG00000257496.1",0.00211003262407199,0.00386286847392518,0.584904648107886
"ENSG00000139323.13",0.000386372855131074,0.00726465811844253,0.95758428617716
"ENSG00000258302.2",0.00341877628007912,0.00424505021759633,0.42061432684569
"ENSG00000270344.2",0.0304781133453217,0.00722379201424772,2.45247480694655e-05
"ENSG00000110841.13",-0.00377500399881127,0.00585193698342635,0.51887130328936
"ENSG00000111186.12",-0.00151922824061972,0.00664958563532858,0.819281178642154
"ENSG00000151065.13",0.00680504635086568,0.00660298194810139,0.30272750142707
"ENSG00000177084.16",-0.0145394408877999,0.00636409415849859,0.0223360036187453
"ENSG00000198040.10",0.00298543335479228,0.00781890601632677,0.702593112572606
"ENSG00000072609.17",0.00860951374883687,0.010458618031402,0.410395389586584
"ENSG00000213363.4",-0.00295899486337398,0.00380351533498623,0.436590723320456
"ENSG00000255642.1",-0.00464909475829392,0.00980741052299886,0.635472119630138
"ENSG00000257568.1",0.00173863143910814,0.0040300808494311,0.666167707716533
"ENSG00000110900.14",-0.00688674975097006,0.00482284147767078,0.153307846369619
"ENSG00000015153.14",0.00580286423848643,0.00916586600141001,0.526671585688735
"ENSG00000255670.1",0.0121101632842796,0.00274746255301286,1.04443827241285e-05
"ENSG00000277840.1",0.000687851445368682,0.00313026807554549,0.826072073357901
"ENSG00000276261.1",0.00750965144089932,0.00556796910087179,0.177425755898062
"ENSG00000053702.14",-0.0138170118876314,0.00530416014373029,0.00918907058621532
"ENSG00000234589.4",0.000401225505954674,0.00353509205651394,0.909635832090637
"ENSG00000139344.7",-0.00308239705430177,0.00265985160503081,0.246513037642288
"ENSG00000074527.11",-0.00849998672155735,0.00560852430314585,0.129633732514258
"ENSG00000257210.1",0.00738515974936666,0.00312920014358761,0.0182710404773233
"ENSG00000064102.14",0.000315437653162176,0.00519429004899453,0.951576014959729
"ENSG00000234428.2",0.00308399526979723,0.00426190593008024,0.469299794157359
"ENSG00000186908.14",-0.0238675168959389,0.00960218093857195,0.0129320531706685
"ENSG00000111275.12",-0.0167445746746779,0.00836516408378987,0.0453166754290287
"ENSG00000269916.1",-0.0223949371260988,0.00972970597672959,0.0213516735041122
"ENSG00000258815.1",0.00702490925418215,0.00407651395246115,0.0848408162973563
"ENSG00000133640.18",-0.0274895994967846,0.00858291176687729,0.00136084716382878
"ENSG00000127329.15",-0.00416101363183469,0.0104182908417722,0.689602152010962
"ENSG00000133858.15",-0.0135578203755598,0.0107531710388609,0.207373462814248
"ENSG00000111110.11",0.0113423840032692,0.0119166982150786,0.341195415091933
"ENSG00000257878.1",0.00745111222467581,0.0042207894250018,0.077507284552968
"ENSG00000278743.1",-0.018493658090951,0.00602474752749028,0.00214334548259054
"ENSG00000079337.15",-0.0165620634347912,0.0044503785316731,0.000198046438762978
"ENSG00000278896.1",-0.0153777196990326,0.00472544478430577,0.00113697175768024
"ENSG00000089060.11",-0.0222318088772424,0.00787927833197714,0.00477915986382438
"ENSG00000166578.9",0.00716906579570234,0.00399318666696911,0.0726020161717819
"ENSG00000179295.17",0.0309639548657245,0.0152287531362596,0.0420266581850202
"ENSG00000269903.1",0.005947384273041,0.00582071811180999,0.306893908905489
"ENSG00000182379.9",0.00280195287272132,0.0102340469156757,0.784248023930191
"ENSG00000257698.1",0.0071928164184145,0.00748252834831247,0.336410624125035
"ENSG00000188596.10",-0.00977148908124766,0.00474242199846937,0.0393562324437784
"ENSG00000139350.11",-0.00367230158366174,0.00604798385647252,0.543721946071907
"ENSG00000139180.10",0.0118934976033454,0.00834948784945718,0.154313836413344
"ENSG00000277738.1",0.00345810189528834,0.00333009310639934,0.299065253890737
"ENSG00000277851.1",0.00618063040880528,0.00363828931870056,0.089361820404132
"ENSG00000008394.12",0.00114177909588425,0.0059688105772504,0.848297696940598
"ENSG00000111796.3",0.00605962437700738,0.0106396276164077,0.568994141736821
"ENSG00000111266.8",-0.00075782324958961,0.00797907105408477,0.92433359159812
"ENSG00000084463.7",0.00240764142043754,0.00960364809723926,0.802045509784688
"ENSG00000151490.13",-0.00139779791067852,0.00523914208871342,0.789623918280295
"ENSG00000255794.7",-0.00494548810028,0.00944411151922354,0.600516171338402
"ENSG00000255867.1",-0.00474814110676438,0.00393429962402525,0.22748682201225
"ENSG00000223722.3",0.00066288188068205,0.00457907047184964,0.884897668202071
"ENSG00000257464.1",-0.0264954462276615,0.00412692157089217,1.36142097595382e-10
"ENSG00000186897.4",0.0493610004811837,0.00365716222857562,0
"ENSG00000187778.13",-0.00953696903128586,0.0142703550310174,0.503938054196008
"ENSG00000183735.9",-0.0101139339984911,0.00968205009090505,0.29620480064738
"ENSG00000250091.2",0.00170183388248933,0.00469448186645606,0.716965021857465
"ENSG00000086598.10",0.0243761552772774,0.0113419920037481,0.0316189261061819
"ENSG00000179195.15",0.00948468612270294,0.00570718957346773,0.0965360674995126
"ENSG00000089220.4",0.00210929771082759,0.00708073358052138,0.765785181895096
"ENSG00000277873.1",0.00924831136380437,0.00386660924664608,0.0167641404048343
"ENSG00000182050.13",0.0111306806860785,0.00912374157337149,0.222476676548785
"ENSG00000111725.10",0.0150037345281963,0.00561097037528676,0.00749524616778452
"ENSG00000122966.15",0.00482936088949828,0.00578793615136463,0.404064672153325
"ENSG00000170855.3",-0.0213676337332854,0.00784157033626402,0.00643175188917244
"ENSG00000135127.11",-0.018558109828361,0.0077216814017255,0.0162444402767219
"ENSG00000111737.11",0.00934149396216561,0.00827754833497391,0.259094505525762
"ENSG00000122971.8",0.00470874019796205,0.00433608888151681,0.277504738696524
"ENSG00000197111.15",0.00273431874962884,0.00933252333153834,0.769531209060298
"ENSG00000170442.11",-0.0035725113102307,0.00427138874533379,0.402940213483461
"ENSG00000135503.12",-0.01512907805348,0.00849572966635586,0.0749473865364009
"ENSG00000184575.11",-0.007212217533188,0.00920162458957509,0.433158482840686
"ENSG00000166527.7",0.0277744523237234,-0.0270169672603492,0.303932243183341
"ENSG00000257084.1",-0.0157165440412924,0.0178744982208634,0.379253867141012
"ENSG00000279798.1",-0.0207711643942237,0.00669762341776965,0.00192689993475426
"ENSG00000083782.7",-0.0128121463551046,0.00684122750056874,0.0610981182917805
"ENSG00000139304.12",-0.00966739843271883,0.00453228853929031,0.0329242379035126
"ENSG00000111087.9",-0.0130865993703904,0.00633073104756003,0.038719595092786
"ENSG00000135446.16",-0.00766142031633101,0.0101373377619703,0.449791569305448
"ENSG00000159403.15",0.000987171489692857,0.0177079821496511,0.95554314976607
"ENSG00000139318.7",0.00167485608624499,0.00776784356605392,0.829288615604161
"ENSG00000120805.13",-0.00834792239901609,0.00937570348735706,0.373262820804536
"ENSG00000139351.14",0.0100186947547086,0.00524552675682694,0.0561396286739704
"ENSG00000136048.13",0.018125411763357,0.00842985644612794,0.0315437651150855
"ENSG00000091039.16",-0.00245658930610283,0.0102951953994013,0.811404038154015
"ENSG00000187109.13",-0.0352060009277,0.0112071524091539,0.00168149782120641
"ENSG00000256417.1",0.00905437435150017,0.00360837553823489,0.0120982314353208
"ENSG00000266610.2",0.00519580695561437,0.00588616972703567,0.377390583634157
"ENSG00000245017.2",0.00182281327489877,0.00457793283939172,0.690502019307309
"ENSG00000174206.12",0.00803773223373144,0.0071585435090952,0.261515349229422
"ENSG00000235049.1",-0.0036505192093581,0.00351883076839425,0.299538335360817
"ENSG00000139574.8",-0.000588155560831739,0.0113188424476349,0.958558558896581
"ENSG00000257605.2",0.0129683892180103,0.00496666470025019,0.00902551643309557
"ENSG00000170486.10",-0.00875597584406456,0.00400592853241987,0.0288335798667916
"ENSG00000239473.1",0.00583427099037543,0.00519963437122804,0.261839444229176
"ENSG00000185163.9",0.00404673401016435,0.00598777194558413,0.499146666144819
"ENSG00000214029.4",0.00159101645101156,0.00927227502619171,0.863760990717824
"ENSG00000185684.12",0.0140486144710349,0.00425985885776103,0.000974087067778573
"ENSG00000246627.6",-0.00877135079570879,0.00429196101505233,0.0409861858234672
"ENSG00000257141.1",0.00697897015528709,0.00590616698396229,0.23734810440368
"ENSG00000166153.16",0.000662131408663425,0.00539250332130622,0.902275459976354
"ENSG00000023697.12",0.00260672790882369,0.0075478658604286,0.729824047885412
"ENSG00000236333.3",-0.0114545992192721,0.0090770505804399,0.20697410349471
"ENSG00000257913.2",0.0296838860010122,0.00472176059794849,3.24464899392751e-10
"ENSG00000213442.5",0.00856970085799526,0.00447354377527216,0.0554108928491323
"ENSG00000120832.9",-0.00581172791014222,0.00886721978178951,0.512199213139617
"ENSG00000257696.1",-0.0105711053777651,0.00631890586061605,0.0943405101757308
"ENSG00000167272.10",0.0107094479755605,0.00688811263963643,0.120000265399196
"ENSG00000257218.5",0.0142302687237718,0.00428526641329659,0.000897781454669566
"ENSG00000275703.1",0.00143705314619141,0.00467719654589029,0.75865561134512
"ENSG00000139194.7",0.00638111465381885,0.0079692523768712,0.423295585946068
"ENSG00000089693.10",-0.00433059506286536,0.0112638371415147,0.700630942967733
"ENSG00000111674.8",0.0052329039016925,0.0115510657652963,0.650531840975797
"ENSG00000059804.15",-0.0263149333245707,-0.0621032426459868,0.671763599100528
"ENSG00000166523.7",0.0157072182993431,0.0370690351864498,0.671763599100528
"ENSG00000139133.6",-0.0183905655599502,0.01093029060252,0.0924656923119328
"ENSG00000257467.5",0.00946560612010902,0.00522454266356105,0.0700236224201675
"ENSG00000139220.16",-0.0119760259986121,0.00729845596295667,0.100818470623749
"ENSG00000139218.17",0.01288272030256,0.0152712829392254,0.3988978687065
"ENSG00000089250.18",-0.0048590167111794,0.004095379863503,0.235439501821603
"ENSG00000171435.13",0.0146756730832744,0.00618848518545102,0.0177185221765491
"ENSG00000139112.10",0.0103647063887892,0.012294198074146,0.399196718650785
"ENSG00000139410.14",-0.0190248274821009,0.00635789234413256,0.00276868870322766
"ENSG00000256276.1",-0.00488401148882665,0.00370905344204338,0.187912008259474
"ENSG00000255595.2",-0.0070161850507973,0.0049943166420237,0.160070692314161
"ENSG00000139767.8",0.00131712502824952,0.0037899941072335,0.728195488258144
"ENSG00000274695.1",-0.0027608156429025,0.00283132846885136,0.329512891657622
"ENSG00000139433.9",-0.00747393451669282,0.00895455574116614,0.403913885100601
"ENSG00000255983.1",0.00192379736093037,0.00329698377981712,0.559555261766534
"ENSG00000278266.1",-0.000721647387851386,0.0026131110716621,0.782422052777388
"ENSG00000270445.1",-0.0143635562680773,0.00478266039451972,0.00267107137958111
"ENSG00000196917.5",-0.00769568169838111,0.00591925149656237,0.193563060321803
"ENSG00000111011.17",-0.00465871641904396,0.00988661612954631,0.637487598079939
"ENSG00000198707.14",-0.00934409725121697,0.0114915145250204,0.416143425822866
"ENSG00000281333.1",-0.0306499009053334,0.00647435243858174,2.20084688251632e-06
"ENSG00000177990.11",-0.00784054477175281,0.00454343032432489,0.0844034953618087
"ENSG00000011465.16",-0.00871409686288323,0.00797610192913606,0.27460207197277
"ENSG00000090376.10",-0.00173863644261324,0.00697877980127456,0.803258779964649
"ENSG00000255970.1",-0.0055462405906041,0.00371009931232338,0.134939618642497
"ENSG00000067182.7",-0.025063848756982,0.00989796017593264,0.0113341675532713
"ENSG00000047617.14",-0.00052797853027698,0.00634944488389499,0.933729490620908
"ENSG00000276718.1",0.00968990729383602,0.00910107677851932,0.287012165302861
"ENSG00000183150.7",-0.0118231527901153,0.00347698499120099,0.00067286420600432
"ENSG00000275963.1",-0.00217856132654663,0.00308423429939298,0.47996800112014
"ENSG00000258168.5",0.0183136333634526,0.00779392661919705,0.0187869673847091
"ENSG00000257507.1",0.0007592967689019,0.00308826887661283,0.805786853162507
"ENSG00000184344.3",-0.00232017148969728,0.013366330591367,0.862192974089334
"ENSG00000255836.1",-0.0249005973815125,0.00992698450267897,0.0121287954696201
"ENSG00000110811.19",0.0118060636577778,0.009870847765661,0.23167561720389
"ENSG00000171847.10",0.107496448309043,-0.0380372047862767,0.00471204704986217
"ENSG00000205791.3",0.00280367811173823,0.00475817584470174,0.555704435335419
"ENSG00000052126.14",0.00282137362738848,0.00675716283031063,0.676284786837807
"ENSG00000134291.11",0.00428629586880032,0.00566452274817507,0.449234745036359
"ENSG00000197376.2",-0.0145014375147694,0.00531962237706556,0.00641016345673318
"ENSG00000226413.2",-0.00598463873212423,0.00442897187391123,0.176616050557135
"ENSG00000134285.10",0.0284182935444232,0.0091228777904197,0.00183908737023986
"ENSG00000010219.13",0.0111298956448988,0.00537544563300492,0.038404928910491
"ENSG00000047621.11",0.00319178986959915,0.00553494392940439,0.56416804741821
"ENSG00000130783.13",-0.00529333765362365,0.00593891744854204,0.372770006835205
"ENSG00000278112.1",-0.00678785726872,0.00506686980264939,0.180357546475228
"ENSG00000066084.12",-0.0125294033184017,0.00725132376253127,0.0840100865324832
"ENSG00000186452.10",0.00901907693264949,0.00551480236737366,0.101958797309403
"ENSG00000139174.11",0.00277380361309341,0.00849489426117366,0.744026441682351
"ENSG00000134283.17",0.0111088688650435,0.00554101413809137,0.0449797286193392
"ENSG00000198673.10",-0.0118110722387865,0.0053084395535091,0.0260838404311727
"ENSG00000221949.5",0.00193628864124361,0.00333520086200221,0.561536142413675
"ENSG00000177938.4",-0.00168304896709455,0.0047315500958602,0.722059451821783
"ENSG00000111653.19",-0.00180959806770269,0.00903660382132743,0.841283493712036
"ENSG00000219410.5",-0.00757916423836573,0.00589656083773543,0.198668834305882
"ENSG00000135655.15",0.00164539599839254,0.00650808630048894,0.800404744692622
"ENSG00000227525.4",-0.00458776718480414,0.00382255385171742,0.230067967822738
"ENSG00000158104.11",0.0137329854237648,0.00897058945807108,0.125796588600199
"ENSG00000110917.7",0.0159462270542844,0.00900537837893437,0.07660314677874
"ENSG00000157895.11",-0.00836560248388853,0.00536086039091823,0.118642657790728
"ENSG00000061936.9",0.00805079435153224,0.0058263702706629,0.167037551757576
"ENSG00000256650.1",-0.00573586362795619,0.00443278250175262,0.195677649457414
"ENSG00000255727.1",-0.0353657905432914,0.00492969606391847,7.2819528185164e-13
"ENSG00000257167.2",0.0019017979313068,0.00709477825664781,0.788656208127449
"ENSG00000185046.18",-0.00484424899675068,0.00963378554368163,0.615077040165777
"ENSG00000253719.3",-0.0307188636344786,0.00939413883861938,0.0010754628511267
"ENSG00000111615.13",-0.0100908999943518,0.00556403516411244,0.0697402768807773
"ENSG00000176834.13",0.00958947838282566,0.00675141490229084,0.155501233213689
"ENSG00000234040.3",0.00454886624056336,0.00354834088374358,0.199853202129727
"ENSG00000224713.4",-0.00380259196605684,0.00803682771721677,0.636109102178222
"ENSG00000123405.13",-0.00428213298328909,0.00416111940628123,0.303441154800808
"ENSG00000172551.10",-0.00399197195790552,0.0039151588785235,0.307908999257572
"ENSG00000123338.12",-0.0052141144767599,0.00721011229354167,0.469577358572526
"ENSG00000123360.11",-0.00309174213434524,0.00610767058467251,0.612711740174172
"ENSG00000139651.10",0.0231829706074407,0.00489990669945061,2.2307711297076e-06
"ENSG00000111305.18",-0.0149722676403624,0.00339920114286207,1.05958209424273e-05
"ENSG00000084444.13",-0.0152357170910572,0.00437324643053575,0.000494263792583327
"ENSG00000121350.15",0.000510594656296877,0.00467691588750806,0.913064983792625
"ENSG00000111711.9",-0.00957369132198004,0.00706638350935871,0.175474298833603
"ENSG00000250208.6",-0.00841960670869966,0.00529119669930845,0.111553751232135
"ENSG00000135406.13",0.0214272967231124,0.00639754705320353,0.000810163707163358
"ENSG00000275197.1",-0.00484377449267887,0.00481753495763303,0.314681815619837
"ENSG00000274373.1",0.00347228229824517,0.00557795385413985,0.533612433859353
"ENSG00000255992.1",0.0112221579918271,0.00335802373321976,0.000832089530853675
"ENSG00000134532.15",0.0116352913375925,0.00401247433146306,0.00373425094258528
"ENSG00000279148.1",0.00680456481135733,0.00614085899217797,0.267827142454817
"ENSG00000280088.1",-0.00764314780805083,0.00606245931365635,0.207404745715043
"ENSG00000257219.5",-0.00367507595631909,0.00507865816239116,0.469292126429334
"ENSG00000135480.15",0.0134634811572237,0.00587886030506491,0.0220125317658023
"ENSG00000123358.19",0.0212157775958382,0.00517226683496296,4.0988911153117e-05
"ENSG00000257542.4",0.00835218107391252,0.00554968941494264,0.132328778715099
"ENSG00000123268.8",-0.0071470411835076,0.00745934892502681,0.337996182242063
"ENSG00000161813.21",-0.0116285620596322,0.0163571742640375,0.47713685270601
"ENSG00000258057.5",-0.0152678584898885,0.00608091536472548,0.0120463746243951
"ENSG00000272368.2",-0.00581943378688681,0.00385256906300784,0.13090740383929
"ENSG00000238105.7",-0.0118998896969644,0.00736386249114365,0.106097604220589
"ENSG00000136021.18",-0.00420544500187883,0.0107338206868446,0.695210534716376
"ENSG00000243024.6",0.0125640334379079,0.00436451266701275,0.00399343862299995
"ENSG00000250451.5",0.00280004621057038,0.00500182041257389,0.575612161705316
"ENSG00000135486.17",0.00353533787625805,0.008763722949244,0.686649619191012
"ENSG00000215241.3",-0.0406445363178495,-0.0378982838639407,0.28351177934117
"ENSG00000256720.1",0.00705642978973928,0.0115941350364448,0.542775925868203
"ENSG00000135643.4",-0.00195981045677816,0.00737462598262938,0.790431376863284
"ENSG00000256870.2",-0.00051573001667443,0.00581233501875014,0.929296280741936
"ENSG00000279500.1",-0.00370044423187141,0.00387001706783014,0.338979826044379
"ENSG00000111530.12",-0.00219963944263914,0.00637321947978332,0.729990719023892
"ENSG00000175548.8",0.0428842682345094,0.0132920723799795,0.00125400022699507
"ENSG00000139549.2",0.00595073999832034,0.00651248951011613,0.360852041209309
"ENSG00000167553.15",0.0263946061140875,0.00870890308402918,0.0024393804162437
"ENSG00000050405.13",0.00259862514840333,0.00897951342271915,0.77227921782923
"ENSG00000258102.3",0.000538341305487304,0.00406149163255313,0.894551110108046
"ENSG00000135108.14",-0.00149012148669727,0.00547015416908241,0.785307235694272
"ENSG00000166226.12",-0.0069697321002175,0.0127189352144481,0.58370509687516
"ENSG00000008323.15",-0.00623052948257983,0.00906917060499888,0.492082083824687
"ENSG00000110880.10",0.0177773347937751,0.00992063925049655,0.0731402443123383
"ENSG00000279071.1",-0.00121096228430642,0.00380922750734097,0.750559028277119
"ENSG00000269938.1",-0.000408965563011938,0.00384022894019057,0.91518954334826
"ENSG00000270048.1",0.00263384980955133,0.0036786395888116,0.474000771608703
"ENSG00000274682.1",0.00128981394440405,0.00493728672749414,0.793907876859244
"ENSG00000259887.1",-0.00369801761652813,0.00356182470047002,0.299159805974672
"ENSG00000257851.2",-0.00445290311096112,0.00408041122129666,0.275146250702013
"ENSG00000161835.10",0.0375601873821287,0.006501583883747,7.60069596150714e-09
"ENSG00000127334.10",0.00479310987671491,0.0078357751312259,0.540739113907106
"ENSG00000255733.5",0.00464124877857454,0.00416690184994648,0.265349190371673
"ENSG00000161638.10",-0.0264720085227725,0.00959078380329465,0.0057774705799668
"ENSG00000173451.6",-0.0119662646747036,0.0106440776907492,0.260920517610362
"ENSG00000139116.18",-0.0151810008598743,0.00957619640070644,0.112901587278109
"ENSG00000212443.1",-0.00453374957976828,0.00435574817985643,0.29793780792119
"ENSG00000139209.15",-0.000135131857042486,0.00567478131036661,0.981002010893271
"ENSG00000277173.1",-0.00102737409428457,0.00621426693373465,0.868688130045038
"ENSG00000214650.2",-0.00260495148175962,0.00609969126747511,0.669333557272214
"ENSG00000280415.1",-0.00147258468135031,0.00417484977341651,0.724292676534952
"ENSG00000173598.13",-0.000281385996451398,0.00399243770021233,0.943811820523462
"ENSG00000198015.12",-0.00838652467516089,0.005767912127478,0.145947246299445
"ENSG00000136040.8",0.0100983845214573,0.00719102086358853,0.160228130148552
"ENSG00000171759.9",0.00286131620738932,0.00473018062641377,0.545241236361032
"ENSG00000166225.8",-0.000860654031384907,0.00707159725116891,0.903132061019211
"ENSG00000133704.9",-0.0106603228461361,0.0117096927988968,0.362619768153105
"ENSG00000150977.10",0.00480715434059904,0.00830693451726804,0.562797194416042
"ENSG00000270061.1",0.00895582187758436,0.00359062482987796,0.0126232928686891
"ENSG00000270095.1",0.00319867426088207,0.00474336674742453,0.500090846973446
"ENSG00000111328.6",0.000453666547057546,0.00904508741428908,0.95999797363376
"ENSG00000111669.14",-0.0226854544097016,0.008674348787122,0.00891662679484895
"ENSG00000254016.2",0.00511288490138235,0.0183685124234848,0.780743301893439
"ENSG00000256967.1",-0.0112830847336628,0.0118768462684256,0.342108796736003
"ENSG00000088986.10",-0.0341645911932539,0.0128981259911243,0.00807774698759889
"ENSG00000277423.1",-0.0184151128392978,0.0045837627499656,5.8827219710178e-05
"ENSG00000172789.3",0.00451849436186934,0.00562935434941817,0.422167499128916
"ENSG00000257596.1",-0.00531927355690253,0.00679512448784995,0.433740236618402
"ENSG00000197757.7",0.00864211733375404,0.00578827368148124,0.135427024357734
"ENSG00000282977.1",-0.00636691919851144,0.00510763034023909,0.21256235829834
"ENSG00000248265.1",0.00399198724667636,0.00277507117624887,0.150287398749904
"ENSG00000250742.2",0.0114244786440665,0.00560860112371293,0.0416543633371522
"ENSG00000151491.12",0.00668036092034269,0.00938949529030506,0.476791932622334
"ENSG00000275180.1",0.00847879404435286,0.00930157527088822,0.362008874599829
"ENSG00000171860.4",0.088800061505771,0.0544467530400348,0.102900367773469
"ENSG00000256312.1",-0.0108125425072867,0.00346949990225897,0.00183039222223569
"ENSG00000275481.1",0.00919708823759237,0.00559653671986404,0.100309813916906
"ENSG00000136044.11",0.0128416458071133,0.00748063846725478,0.086042950741011
"ENSG00000139546.10",0.028056064496242,0.00846944586263053,0.000924261249168001
"ENSG00000205352.10",0.0207952193190678,0.00963200118391681,0.0308523516823782
"ENSG00000037965.5",0.0063351011803864,0.00589205948874204,0.282288324020611
"ENSG00000049130.14",0.00171897910751769,0.0110558653680467,0.876441981554841
"ENSG00000185664.14",0.00169259485054453,0.00469193470795411,0.718289625111655
"ENSG00000175197.11",-0.0118835437898775,0.00624230001026883,0.0569476536127912
"ENSG00000166860.2",0.0193391055353012,0.0113424274168973,0.0881900376847807
"ENSG00000170581.13",0.00445562857866458,0.0096148100395601,0.643068316425015
"ENSG00000110955.8",-0.0274072897060425,0.0153137639636349,0.0734995650404102
"ENSG00000135502.17",0.0105218426359178,0.0125241353498968,0.400838150927682
"ENSG00000092841.18",-0.00473573133270487,0.0157054177492932,0.763006652823311
"ENSG00000241217.3",0.0103324544096136,0.00400927635948903,0.00996224600803874
"ENSG00000255150.2",-0.00432223819097658,0.00434858860053966,0.320251850920519
"ENSG00000136014.11",-0.00308932964848773,0.0044648268709355,0.488983822757399
"ENSG00000139537.10",0.014373220201673,0.00442215558604205,0.00115293602414512
"ENSG00000273765.1",-0.0387645031648903,0.00559870231233936,4.39570602139838e-12
"ENSG00000111424.10",0.0191026199319838,0.00897760611292467,0.0333530259148681
"ENSG00000090382.6",0.00307926775543416,0.00393945687071564,0.434421593074436
"ENSG00000127337.6",0.00525934258012235,0.00412688455280368,0.202518181301519
"ENSG00000139239.7",0.00118060195315081,0.00522508902061641,0.821241337594287
"ENSG00000270039.1",-0.00270158101316494,0.00568926901440178,0.634889929890412
"ENSG00000076513.16",0.00716921324367053,0.00867738767080869,0.408693553593003
"ENSG00000135093.12",0.0132039342638975,0.00522926114159689,0.0115695148907432
"ENSG00000174527.9",-0.00705956354966063,0.00457154208523923,0.122529915850866
"ENSG00000216285.5",0.00117590676623348,0.00386179225558371,0.760748763181457
"ENSG00000111181.12",0.0176268110628152,0.00426960228297454,3.65227427437942e-05
"ENSG00000133703.11",0.0292763767537858,0.0089667595575022,0.00109468093489185
"ENSG00000257222.1",0.0011762785981416,0.0053075654787549,0.824607374233119
"ENSG00000214039.8",0.00323876909629916,0.00359857611231427,0.368112768536587
"ENSG00000197870.12",0.00417211082062612,0.00454400075337299,0.358536133110966
"ENSG00000166532.15",-0.00410027863140879,-0.0369025076826791,0.911528237909377
"ENSG00000111788.10",0.00738584151828325,0.0063612495437902,0.245614359894781
"ENSG00000089818.17",0.00443495741674172,0.0399146167506755,0.911528237909377
"ENSG00000213809.8",0.00962158566192479,0.00643180189510155,0.134669456111592
"ENSG00000058272.16",0.00422481717824621,0.0171801796940017,0.805750136765457
"ENSG00000188906.14",0.00594381431306645,0.00822432238291672,0.469857003307925
"ENSG00000111199.10",0.0355957970880634,0.00885718807991939,5.84804548988682e-05
"ENSG00000204842.14",0.00231534117229067,0.0115814421843157,0.841544549652443
"ENSG00000257802.1",-0.00393104711361578,0.0040104045162414,0.326981422994894
"ENSG00000269980.1",-0.0112446870223066,0.00564599276530397,0.046412477289058
"ENSG00000176383.8",0.00966638742550242,0.00699102420480723,0.166761336193107
"ENSG00000188026.12",-0.0030273274269642,0.00828297831919889,0.714747320748893
"ENSG00000184209.14",0.0119960936151896,0.00900623889116054,0.182868091112043
"ENSG00000150967.17",0.0305004008450584,0.0117132417045653,0.00921629695564152
"ENSG00000110876.9",0.0103713090814695,0.00692188319533197,0.134045888909614
"ENSG00000134548.9",0.00876917524725692,0.00446320190329935,0.0494406033252001
"ENSG00000111716.12",0.00236075356466455,0.0129699248090096,0.855568975609029
"ENSG00000120802.13",0.00806170281861439,0.0102167462022616,0.430072531073905
"ENSG00000111269.2",0.0109719120874954,0.00787019293325678,0.163284488966695
"ENSG00000256995.6",-0.00701109570792867,0.00458915107160925,0.126573529708427
"ENSG00000150048.10",0.0111168706023531,0.010381746309181,0.284255179904368
"ENSG00000256069.7",-0.00663935227422234,0.00771847966716881,0.389684798166493
"ENSG00000255753.1",0.000791008635268564,0.00731337106914007,0.9138693793108
"ENSG00000175899.14",0.0239020321255512,0.0245403148286971,0.330061284210871
"ENSG00000120800.4",0.00502782408710493,0.00894085814312656,0.573882720185373
"ENSG00000161634.11",-0.0132834824401675,0.00370011427098833,0.000330653205719234
"ENSG00000123407.3",-0.0135288200490039,0.00411546868374119,0.00101149533596545
"ENSG00000257790.1",-0.00943459275533633,0.00392032583943132,0.0161025081312477
"ENSG00000064115.10",0.0123324642157677,0.00578048686950986,0.0328866310871346
"ENSG00000029153.14",0.000711265946998933,0.00960433833734564,0.940965240496153
"ENSG00000139352.3",0.000337219750839925,0.00462430426182705,0.941867114061282
"ENSG00000076555.15",0.0256103942655545,0.0109916001013852,0.0198063144664714
"ENSG00000274737.1",0.0169759811228497,0.00391921586973774,1.48114528655263e-05
"ENSG00000276814.1",-0.0168704208464127,0.00388459353202623,1.40610918840656e-05
"ENSG00000258352.1",-0.010191577661326,0.0040504084462481,0.0118632836638093
"ENSG00000139219.17",-0.0166180721196132,0.00430582402455475,0.000113646869313588
"ENSG00000189238.5",0.0109594689801729,0.00356771397112851,0.00212739232544734
"ENSG00000257752.1",0.0117912911891037,0.00672505084818764,0.0795439048022417
"ENSG00000121361.3",0.000785880391129805,0.0103487926376768,0.939467365451362
"ENSG00000165714.10",0.00301436490909501,0.00409880264409013,0.462080259131798
"ENSG00000013583.8",0.0166110983479268,0.0070789854737085,0.018948806210011
"ENSG00000179256.2",0.0104947834219261,0.00487055440007211,0.0311821048627973
"ENSG00000136003.15",0.0150443453339066,0.00856949683258302,0.0791619824885558
"ENSG00000255621.1",-0.00608496593313019,0.00385347128952639,0.11431613195844
"ENSG00000111276.10",0.0105767208142867,0.00707944686233116,0.135174614986279
"ENSG00000275560.1",0.00313449650736532,0.00474183010996516,0.508592459322524
"ENSG00000180806.4",0.00120461325037307,0.00613247514892752,0.844272193157974
"ENSG00000250654.7",0.00991864444564511,0.0044964072342778,0.0273906949739366
"ENSG00000180818.4",0.0133089994300234,0.00808234082866424,0.0996245894939594
"ENSG00000260597.1",-0.00205250169048478,0.0054968395972136,0.708853225441359
"ENSG00000186076.5",0.00684896090808203,0.00337702612139685,0.0425496129152768
"ENSG00000139547.7",-0.00548864012840175,0.0068500883824323,0.422986354883963
"ENSG00000176422.13",0.0211442648464442,0.0100131527412934,0.0347165589214877
"ENSG00000123411.14",0.0120637945414301,0.00739038667872561,0.102603016788267
"ENSG00000065361.14",-0.0268440422913164,0.0103392195381038,0.00942250841931835
"ENSG00000257252.5",-0.00189973073880206,0.00303204043255232,0.530952996583294
"ENSG00000177889.9",0.0290238025853572,0.0100181738459162,0.00376611570974428
"ENSG00000139117.13",-0.0133331368888784,0.0182273007050496,0.464478279146641
"ENSG00000111404.6",-0.018312500026728,0.00469340877817849,9.55004067108023e-05
"ENSG00000123104.11",-0.00218087219900377,0.00537949375381014,0.685180036594578
"ENSG00000123096.11",-0.0040974990567237,0.00778493245009264,0.598653984587057
"ENSG00000273989.1",-0.00358770750189308,0.00464700890750448,0.440086818437377
"ENSG00000257763.1",-0.000708757167033855,0.00452524006730788,0.875541889192086
"ENSG00000167552.13",0.0215750500493591,0.0105468402513997,0.0407916931823469
"ENSG00000167548.14",-0.0477326092873969,0.0131094221319968,0.00027148431657309
"ENSG00000196498.13",-0.0118670574963615,0.0060847736052804,0.0511418696465387
"ENSG00000111728.10",-0.00918461561881336,0.00600495150483094,0.126138794445304
"ENSG00000139144.9",0.0173789711925454,0.00619884815360401,0.00505385791183088
"ENSG00000258012.1",0.000404324611584237,0.00425964164220135,0.924378477405644
"ENSG00000205707.10",0.0041584406928014,0.00634952944550187,0.512518566183755
"ENSG00000111412.5",0.0250699837486339,0.00823132288103757,0.00232153994891549
"ENSG00000257543.1",-0.000869632348580981,0.0049385468909005,0.860222660112113
"ENSG00000257497.2",-0.00541093688683417,0.00402308200882563,0.17863393726398
"ENSG00000247934.4",-0.00192478820138587,0.00534567285506712,0.718798734913262
"ENSG00000169372.12",0.0112949694659328,0.00614206384922594,0.0659220340720457
"ENSG00000139445.17",0.0127229638204156,0.00486255896916776,0.00888321754607846
"ENSG00000139354.10",0.0109485934253932,0.00683080343904975,0.108972943229848
"ENSG00000075089.9",-0.00565597035731462,0.00654510030370815,0.387503654665254
"ENSG00000172572.6",-0.0146222386160046,0.00584110998525185,0.0123030010368657
"ENSG00000275769.1",-0.000492261961686325,0.00433928547926118,0.909679277744265
"ENSG00000167535.7",0.00421240537686972,0.00685438691918997,0.538847905582251
"ENSG00000189079.15",0.00843421112803286,0.00833860973408503,0.311793968576375
"ENSG00000170456.15",-0.0107252915792221,0.00902723558439634,0.234792575123619
"ENSG00000275389.1",-0.0035202509995507,0.00318148948516694,0.268519289942229
"ENSG00000161798.6",0.0216339445611413,0.00626733931562338,0.000556747487827969
"ENSG00000257434.1",-0.00164647747675743,0.00729615683632618,0.821463021885684
"ENSG00000012822.15",0.0434408836228392,0.00819485613435774,1.15173841797045e-07
"ENSG00000118971.7",0.00781734361818228,0.00754100809277128,0.299901624699295
"ENSG00000170421.12",-0.0468742367209325,0.00868121467068171,6.68261072034326e-08
"ENSG00000170545.16",0.006293327191981,0.00732851994692831,0.390481418624428
"ENSG00000139278.9",0.00633382961997295,0.00739015356135023,0.391409885778309
"ENSG00000177192.13",0.000796958411592099,0.00674031591346608,0.905879441342711
"ENSG00000257818.1",0.00271070531119399,0.00449621050203069,0.546584094072331
"ENSG00000246331.2",-0.00524600244999848,0.00365796514378994,0.151534786168895
"ENSG00000080371.5",-0.046039245601344,0.0190185865568722,0.0154885201498585
"ENSG00000275367.1",-0.0232915011677928,-0.0379318733304054,0.539192141149036
"ENSG00000237248.4",0.0149466530592878,0.011563765102265,0.196169481213315
"ENSG00000198324.13",-0.0071539596769584,0.0122618292042372,0.559601635238302
"ENSG00000008405.11",-0.0109661600441035,0.0055168148945444,0.0468371149982996
"ENSG00000260329.1",-3.83141427598824e-05,0.00641869145470506,0.995237334331326
"ENSG00000270175.1",0.000654405823023812,0.00543829555815084,0.904219450679631
"ENSG00000274554.1",0.00324981853670106,0.00403390169681968,0.420458179324049
"ENSG00000246695.7",-0.000995363631408225,0.00524553594496527,0.849501574352006
"ENSG00000070018.8",0.010922857580404,0.00650483660845237,0.0931149904369742
"ENSG00000139567.12",-0.0257012699108871,0.00739707807099314,0.000511774861874259
"ENSG00000228630.5",0.0101890427095428,0.00428444297822826,0.0173998053012495
"ENSG00000139722.6",-0.000125359406295424,0.00977252449810797,0.989765224759097
"ENSG00000253284.2",0.000810880679106444,0.00458905953960468,0.859745092144164
"ENSG00000167767.13",-0.0284774205858037,0.00512195079683845,2.69963587040678e-08
"ENSG00000257671.1",-0.00509134619099566,0.00655768602132984,0.437516556340333
"ENSG00000167780.11",-0.00537841738813852,0.00558538942083307,0.335575612843823
"ENSG00000205426.10",0.00608762903024143,0.00405325454562666,0.133120003477812
"ENSG00000257989.1",0.0589081249044829,0.00819131620818444,6.40709707511178e-13
"ENSG00000257829.1",-0.00331901324282948,0.00406464655227822,0.41418196774734
"ENSG00000272724.1",0.0427462194603175,0.00662265178440073,1.0854284138162e-10
"ENSG00000186081.11",0.0120063467471298,0.00738537197667451,0.104015002327993
"ENSG00000123395.14",-0.00970807718039904,0.00804417538548816,0.22749163454159
"ENSG00000196876.15",0.000638652780960121,0.00579729988924361,0.912279444170561
"ENSG00000111300.9",0.00795122613154246,0.00954247846534083,0.404706351763301
"ENSG00000196387.9",-0.00499157263296082,0.0079495441669319,0.530065013125329
"ENSG00000134297.6",-0.0208199517402336,0.00730067039590562,0.00434743181304476
"ENSG00000057704.12",0.00277745201483891,0.00497557077508315,0.576695689021026
"ENSG00000184752.12",0.00701277660591505,0.00745339579609553,0.346764599681231
"ENSG00000139155.8",-0.00190748588094622,0.00503054755360558,0.704553780200151
"ENSG00000174106.2",0.0397023281870307,0.00769948233497274,2.51617636726209e-07
"ENSG00000139364.10",-0.00498102261227809,0.00328497463622056,0.129442313605758
"ENSG00000057294.14",0.000985490946339363,0.00670952862852939,0.883227281726998
"ENSG00000280300.1",0.0130225427035554,0.00562486245507364,0.0206033396337598
"ENSG00000165685.8",-0.00389225945326938,0.00648816519477114,0.548571942196751
"ENSG00000166886.12",-0.000203545660949624,0.00720594310924492,0.977465219548766
"ENSG00000076067.12",-0.0109862546663395,0.0096698682866052,0.255900983716149
"ENSG00000152944.8",-0.00350800762973805,0.00747063875160603,0.638660369284186
"ENSG00000139289.13",0.00174211488286706,0.00617378487010278,0.777805956590927
"ENSG00000110925.6",0.0200776468283062,0.0112316329764826,0.073840857015293
"ENSG00000260473.2",0.00750300629828474,0.00339538294984516,0.0271213145300845
"ENSG00000172819.16",-0.00774260811561302,0.0096328304961633,0.421528142711081
"ENSG00000111057.10",-0.0306480510154751,0.00814539017603133,0.000168139032166614
"ENSG00000135477.11",0.00437216745891892,0.0042749369419016,0.306428752243501
"ENSG00000166863.11",-0.00188781103121482,0.00460617372351785,0.681920647057945
"ENSG00000123329.17",0.0324246814186533,0.0122205407221183,0.00797105240241625
"ENSG00000118596.11",0.0251324700077021,0.0164512237159784,0.126588013465997
"ENSG00000257298.1",0.0521008578582246,0.0162048104506728,0.00130377453737274
"ENSG00000167580.7",-0.0335478665989296,0.00679552130060776,7.94305892504177e-07
"ENSG00000181929.11",-0.0488492152719998,0.0116767464616669,2.87104162628449e-05
"ENSG00000175189.3",0.014751286949702,0.00460669412404712,0.0013640992094277
"ENSG00000257539.2",0.00624931589626993,0.00694759207202894,0.368389704229273
"ENSG00000186298.11",0.00920315082535053,0.0132739607119073,0.488106467553122
"ENSG00000089009.15",-0.0142830498205823,0.0149328731538423,0.338827913748335
"ENSG00000213152.5",0.000228150776511516,0.00586803211372913,0.968985832861923
"ENSG00000135094.10",-0.0042962190344125,0.0059772206563959,0.472285516927119
"ENSG00000277566.1",0.00166236113172956,0.00777289258643914,0.830651185055426
"ENSG00000111344.11",-0.00840065444393859,0.00536602786025682,0.117459699612441
"ENSG00000010278.12",0.00226525276427735,0.0072721957089311,0.755424326456187
"ENSG00000256039.1",0.0071612814178957,0.0045260916369439,0.113598917107115
"ENSG00000134539.16",0.0089084669981403,0.00596850441059525,0.135547307304734
"ENSG00000127325.18",-0.00191848177469664,0.00642819778029525,0.765361376856764
"ENSG00000258334.1",-0.0415658295928298,0.00486451833619027,0
"ENSG00000186666.5",-0.0453290298744916,0.00710773091585739,1.80088721712934e-10
"ENSG00000167566.16",0.0545786721468451,0.00913883424670165,2.34118313624521e-09
"ENSG00000139636.15",-0.0715541929577993,0.00978747624719157,2.65565347490337e-13
"ENSG00000180318.3",-0.0139835766289242,0.00600361192043892,0.0198487927021074
"ENSG00000241352.3",0.00739422679094509,0.00341635778909973,0.0304367615800969
"ENSG00000174718.11",-0.00562121240656806,0.00746581715139632,0.451494016017659
"ENSG00000171310.10",-0.0113930937863108,0.00723090503300333,0.115115470698481
"ENSG00000196668.3",-0.00253435647724281,0.00610460776597678,0.678028673732451
"ENSG00000174989.12",-0.00326940327392773,0.00380263377522933,0.389913978776613
"ENSG00000256128.5",-0.000425164430140571,0.00382604359262775,0.911518191047068
"ENSG00000135452.9",0.0053146408522436,0.00934068887720814,0.569371478596776
"ENSG00000123384.13",0.00319447157106648,0.0113708630178003,0.778760378616315
"ENSG00000257376.1",0.00688157198247606,0.00497221979593485,0.166357236348484
"ENSG00000258359.1",-0.00281418907798741,0.00703595852759086,0.689176860121128
"ENSG00000111231.8",-0.020602543369576,0.013733802327041,0.133579703805562
"ENSG00000089154.10",0.0065132943794946,0.00661577909930723,0.3248652851561
"ENSG00000135124.14",0.00322279183800424,0.00443282451587149,0.467208209684313
"ENSG00000172640.3",0.00842570831797211,0.00447450237453369,0.0596936945911453
"ENSG00000173262.11",0.0433778744974985,-0.0273965523142096,0.113345509219526
"ENSG00000256433.2",0.000698275369212124,0.00466551681398406,0.881027097433598
"ENSG00000184574.9",0.0107678861412422,0.00707114957860599,0.127810888978474
"ENSG00000111640.14",-0.0127957851531801,0.0105521746511443,0.22527488034658
"ENSG00000258846.1",-0.00378613403847977,0.00367446349885128,0.302826506661178
"ENSG00000255693.1",-0.00365433100820045,0.00522998349132078,0.484722617232681
"ENSG00000276853.1",0.00705210178283725,0.00742502757888559,0.342226850547399
"ENSG00000250790.4",-0.0218960817725058,0.00588210123279953,0.000197265232212085
"ENSG00000232888.4",0.0259837728229457,0.0045207511961388,9.04831731762812e-09
"ENSG00000111785.19",0.00696163128473703,0.00768480949876788,0.364991377065163
"ENSG00000256427.1",0.0328097752557552,0.0108946289463909,0.00259913235683751
"ENSG00000120798.16",-0.0201815506949925,0.00894141233103236,0.0240026029769893
"ENSG00000258274.1",0.00355575316044057,0.00623272076317717,0.568340148972148
"ENSG00000236349.1",-0.000583895218821437,0.00281300719822365,0.835564920926904
"ENSG00000139428.11",-0.00431693032975127,0.00966190675388414,0.655020189351425
"ENSG00000189046.10",0.0176347016516659,0.00730846942597865,0.0158255920611927
"ENSG00000270482.1",0.00690079412791793,0.00434959861183663,0.112617806584777
"ENSG00000277130.1",-0.00280598741349028,0.00626518041693913,0.654246898433552
"ENSG00000258044.1",0.00630927698950191,0.00531733403338107,0.235405591751658
"ENSG00000110871.14",0.00237791079396253,0.00528163841826333,0.652550240549076
"ENSG00000241030.1",-0.015108462923956,0.00497250857016277,0.00237839156327402
"ENSG00000135114.12",-0.000778855319702278,0.00490712040435829,0.873889934736225
"ENSG00000165935.9",0.00031036012753964,0.00616756734608869,0.959866334711178
"ENSG00000087502.17",0.00796399818735209,0.0067850355252675,0.240491471743754
"ENSG00000251301.6",-0.011100978932943,0.00424515343152656,0.0089233442749973
"ENSG00000174099.10",-0.0158241229769379,0.0188167280974713,0.400370125631074
"ENSG00000087494.15",-0.0115204523176331,0.00607379696740325,0.0578614212409063
"ENSG00000136011.14",-0.0092887591209078,0.00358536456576432,0.00957689065903999
"ENSG00000139372.14",0.00101656957254044,0.00752535109610883,0.89254387968703
"ENSG00000257246.1",-0.00353330278190001,0.00605163168262878,0.559314828322304
"ENSG00000243517.1",0.00122612575370837,0.00439333598148645,0.78017757126579
"ENSG00000240771.6",0.00814507394670548,0.0112784602403385,0.47018406157724
"ENSG00000166881.9",-0.0240852251296383,0.00492547035513764,1.0086977442203e-06
"ENSG00000243020.1",0.0372840039778835,0.0053776958697225,4.11770617603224e-12
"ENSG00000135677.10",0.0245568405604987,0.0125324845085673,0.0500595144281125
"ENSG00000185306.12",-0.0180170133491811,0.00558087169837618,0.00124506052848417
"ENSG00000181418.7",0.00225624015596582,0.00598773218582379,0.706314462258618
"ENSG00000258017.1",-0.0280389518392724,0.00375732761021852,8.49320613838245e-14
"ENSG00000277283.1",-0.00276154402128145,0.00595722545442013,0.642961503735932
"ENSG00000157837.15",0.0033614757860726,0.00604980166143893,0.578461050830109
"ENSG00000132341.11",-0.0223817829798631,0.0111071946242544,0.0438972367116474
"ENSG00000279976.1",0.0056516639536667,0.00475024225559698,0.234139433661961
"ENSG00000260470.1",0.00246230153055497,0.00462925648448373,0.594795256331175
"ENSG00000139083.10",-0.00344124752685167,0.00911257161964937,0.705700003978644
"ENSG00000166856.2",0.017513225884742,0.00558575643599169,0.00171657100912748
"ENSG00000170515.13",0.00329190796441599,0.0145417367831063,0.820908577756136
"ENSG00000125084.11",0.0397167942804532,0.00539693582137383,1.85074178205014e-13
"ENSG00000178401.14",0.0165041707110982,0.00511158146548946,0.00124319601726852
"ENSG00000213235.3",0.00913792747703555,0.0039672836768032,0.0212607936008653
"ENSG00000215021.8",-0.00267590037929885,0.00966966099693954,0.781986235944634
"ENSG00000269892.1",0.0101081646592215,0.00464607996910124,0.0295827176333874
"ENSG00000111644.7",-0.000451240502243233,0.00755726808314207,0.952387026026476
"ENSG00000248636.6",0.00610130494157417,0.00402644950801416,0.129694813684262
"ENSG00000139233.6",-0.00145163365655202,0.0110210713424758,0.89521020544318
"ENSG00000276188.1",-0.0128705152761976,0.00423392321613017,0.00236691586851878
"ENSG00000243071.1",0.00794755388644269,0.00401767794566075,0.047912229264122
"ENSG00000249790.2",-0.0432564361157483,0.0153074465777399,0.0047156415425168
"ENSG00000270429.1",-0.0115125279365359,0.00540930177760197,0.0333135819821858
"ENSG00000060138.12",-0.00629503533097214,0.00811049730518791,0.437655121650764
"ENSG00000250748.6",0.00785767242888977,0.00569983034006088,0.168024269229822
"ENSG00000196531.10",0.00624235871540131,0.00939692443713949,0.506499559606893
"ENSG00000062485.18",-0.0146093602729023,0.0107480866799759,0.174066690919997
"ENSG00000135473.14",0.0425939412656081,0.0147367550428256,0.003848495706119
"ENSG00000257576.1",-0.00979378541396443,0.00604043364385471,0.104938043966598
"ENSG00000185482.7",0.00616544581976834,0.00459914286342971,0.180062019177478
"ENSG00000139641.12",-0.00175691045422441,0.0124376178076073,0.887666290718244
"ENSG00000139269.2",-0.00976061024332469,0.00649994546857463,0.133188829826649
"ENSG00000089053.12",0.00324136346105144,0.00483124278887225,0.502273334312187
"ENSG00000256056.1",-0.00310271644633058,0.00351118411172438,0.376876166110769
"ENSG00000188375.4",0.0106111419026676,0.00298066254125088,0.000370862727248289
"ENSG00000111641.11",0.0109437847280135,0.0111255327596322,0.325280804714768
"ENSG00000176894.9",0.032702530882735,0.00763202342940868,1.82813462232811e-05
"ENSG00000090615.14",-0.00457700480659026,0.0074617847180925,0.539616664660866
"ENSG00000182870.12",-0.0155422462475255,0.00399389007850316,9.9624023437106e-05
"ENSG00000256552.2",-0.0197135359087273,-0.0394270718174545,0.617075077451974
"ENSG00000111713.2",-0.000861272561182545,0.0037705357053019,0.819318341700149
"ENSG00000256321.5",0.00199717195747657,0.00483440643526805,0.679521429106313
"ENSG00000177359.17",0.00381891786097639,0.0033825274945285,0.258892306453205
"ENSG00000245614.3",0.0171385370274636,0.00576968831522046,0.00297369450147233
"ENSG00000245648.1",0.00677412998572104,0.00916660626947008,0.459906470553179
"ENSG00000060140.8",-0.0126235215788432,0.00996903801071042,0.205415435005347
"ENSG00000065970.8",-0.0124508885736681,0.0506622362652703,0.805865923500014
"ENSG00000089692.8",-0.00472003606369228,0.00677602198784119,0.486066168444397
"ENSG00000184992.10",-0.00655062006197298,0.00552429387394328,0.235707556282772
"ENSG00000280200.1",0.0118053763493105,0.00408640972704511,0.00386547685205063
"ENSG00000120645.11",-0.00326031776268779,0.00501045368655373,0.515238159562406
"ENSG00000275936.1",0.0127830352019169,0.00991832478159742,0.197457170362259
"ENSG00000202538.1",0.00343457506235187,0.00394918643865341,0.384468854656795
"ENSG00000175970.10",-0.0205109146897603,0.00533703171409315,0.000121474338887539
"ENSG00000256742.1",0.00379774302326577,0.00426114330802656,0.372795185537223
"ENSG00000123064.12",-0.00874492647923253,0.00961791621780109,0.363227166900896
"ENSG00000257283.1",-0.00244317820401591,0.00501601099140593,0.626204525247069
"ENSG00000120837.7",-0.0036923067462535,0.00742584892766441,0.619031436922705
"ENSG00000139329.4",0.0155682899975294,0.0103695149601625,0.133264592475498
"ENSG00000086159.12",0.0152016243674081,0.00627011500530008,0.0153312978018841
"ENSG00000257243.1",0.00948893452992783,0.00547146810768901,0.0828724070251237
"ENSG00000050438.16",0.00216901250848502,0.00735439444704509,0.768049332389695
"ENSG00000257337.6",-0.00909434394640759,0.00522004391965194,0.0814740092654616
"ENSG00000234925.2",-0.00339613354036442,0.00497278132119393,0.494641927555699
"ENSG00000135519.6",-0.0258202192962072,0.00707856073364639,0.000264634211725068
"ENSG00000167779.7",-0.0258084793928794,0.00650613981465639,7.28476392968247e-05
"ENSG00000189182.9",0.00180869822051061,0.00393678717104324,0.645921745063266
"ENSG00000277715.1",-0.0104652162876881,0.00852287796376417,0.219485635638965
"ENSG00000257896.1",-0.00175989134068918,0.00482871833511551,0.715511962757422
"ENSG00000111667.13",0.0536071463325377,0.0133336404623627,5.80887134069563e-05
"ENSG00000215039.6",-0.0203027085921678,0.00763951844228688,0.00787015497785926
"ENSG00000089094.18",-0.0208030444576324,0.0109406846297598,0.0572445351136173
"ENSG00000274029.1",-0.00844707205976652,0.005320408657823,0.112360178821918
"ENSG00000151743.10",0.00228822633915157,0.00543635234451967,0.673819288375471
"ENSG00000134545.13",-0.000183998411495011,0.00396926195511574,0.963026645395174
"ENSG00000151067.21",-0.0131570217731653,0.00818408022450897,0.107914928873803
"ENSG00000255857.5",0.00351013347802878,0.00611571056080492,0.565999268545855
"ENSG00000111786.8",-0.00550665584769095,0.0105507284637512,0.601724735830673
"ENSG00000278344.1",-0.00627441490699166,0.00364315402976584,0.085024594815591
"ENSG00000157782.9",-0.00837666268273167,0.00484079658129453,0.0835533650871387
"ENSG00000276292.1",0.000110326218943927,0.00381757935021631,0.976944726742757
"ENSG00000076248.10",0.012422609361572,0.00682679437458629,0.0688071219326856
"ENSG00000177425.10",-0.0079789079753462,0.0156521275115739,0.610216055375016
"ENSG00000256542.2",0.0278759776193255,0.00434972269234139,1.46785583687858e-10
"ENSG00000279283.1",0.00643145803868089,0.00423763014818494,0.129089641582507
"ENSG00000135476.11",-0.0075187560418353,0.00576562350474691,0.192210934697502
"ENSG00000185479.5",-0.00668864262873523,0.00390955748197949,0.0871099302981538
"ENSG00000257550.1",-0.0151604778485503,0.00413471128667926,0.000245763029249724
"ENSG00000170423.12",-0.00449821377594272,0.00360670513358676,0.212331172461765
"ENSG00000170477.12",-0.00774526503192042,0.00552619832822109,0.161048489908035
"ENSG00000139637.13",0.0395391294053587,0.00699076424924594,1.55023208714411e-08
"ENSG00000167778.8",-0.0228311267754975,0.00719373349753691,0.00150482157568665
"ENSG00000257808.1",0.00920980495515043,0.00438949914418188,0.0358923530386827
"ENSG00000111077.17",-0.00151145451677823,0.00968565598637754,0.875992966720009
"ENSG00000155980.11",-0.00350983940174497,0.0102076044058508,0.730962438769243
"ENSG00000111335.12",0.00532427549116667,0.00631324132448367,0.399032423895883
"ENSG00000197837.3",-0.000454185332893135,0.00744990910381349,0.951386909490725
"ENSG00000261324.2",0.0139716038539007,0.00777167116504635,0.0722149609279904
"ENSG00000256751.5",0.000969719046359028,0.00503457262216636,0.847262854911559
"ENSG00000134533.6",-0.0169164439931785,0.0104266354277043,0.10471217442416
"ENSG00000139163.15",-0.00495795696434343,0.0100757998812232,0.622672797757914
"ENSG00000205885.7",0.00409943423304479,0.010123923163176,0.685532303891089
"ENSG00000205810.8",0.0049923906832973,0.00479593091358793,0.297892328562356
"ENSG00000158023.9",0.0234323420319551,0.00750834810545511,0.001803368894021
"ENSG00000274427.1",-0.0110727658121476,0.00463489035252113,0.0168941757663266
"ENSG00000110801.13",0.0296262580918058,0.00856911377650288,0.000545555396765041
"ENSG00000277011.1",-0.00343315679485582,0.00395630284259014,0.385520826893631
"ENSG00000111642.14",0.0104660251369254,0.0113017709359329,0.354419069474538
"ENSG00000276308.1",0.00637173971330089,0.00352609096637046,0.0707581520484331
"ENSG00000276972.1",-0.00464110571630357,0.00334344113694557,0.165099760218224
"ENSG00000275898.1",-0.00186759868403715,0.00458023207700532,0.683455773655499
"ENSG00000258171.1",0.00636289602738052,0.00408902461774668,0.119686360587031
"ENSG00000173588.14",0.0107301613167927,0.00520581778141172,0.0392852512493731
"ENSG00000177627.9",-0.0155873963671555,0.00527002119048389,0.00309895023895079
"ENSG00000257660.5",0.0182038278975845,0.0068350638589362,0.00773783162778829
"ENSG00000185432.11",0.0102258737634509,0.00851523377169097,0.229793205026237
"ENSG00000258137.5",-0.0163357351637457,0.00754718229583974,0.0304274280420894
"ENSG00000123342.15",-0.010142141083694,0.00977194885099169,0.299324457760762
"ENSG00000135407.10",-0.00400074989494502,0.00917603194843663,0.662836732304338
"ENSG00000196935.8",0.0177536972726923,0.00654489385130279,0.006675707499884
"ENSG00000255566.1",-0.0158479104997665,0.00661675847081582,0.0166150638598347
"ENSG00000139292.12",-0.00167525693964205,0.00502374330868607,0.738781145027052
"ENSG00000151239.13",-0.0178265805563205,0.00924629642569841,0.0538588788317804
"ENSG00000177169.9",0.00941695483801845,0.00590094172039832,0.110524671445576
"ENSG00000279700.1",-0.00542297348752396,0.00577320194719227,0.347558521935211
"ENSG00000204583.9",0.00524149907128798,0.00569248880770356,0.357168121813351
"ENSG00000198598.6",0.0112592512442499,0.00578940478753103,0.0517987044602676
"ENSG00000256576.2",0.00209108546077629,0.00335209730748618,0.532749699034385
"ENSG00000135454.13",-0.0129055970964201,0.00943110257017826,0.17118437197976
"ENSG00000257509.1",-0.00141490805879194,0.0052706350767475,0.788352070202168
"ENSG00000166986.14",-0.0318010520145025,0.0202112580935789,0.11561868748631
"ENSG00000205693.3",-0.000130533780511988,0.00443297167321817,0.976508796651957
"ENSG00000177675.8",0.0143900258955034,0.020709052181495,0.487138990061158
"ENSG00000279953.1",0.0151226547455151,0.0042381596002855,0.000359424732490288
"ENSG00000090975.12",-0.0275870364850135,0.0130691037867399,0.0347844256070171
"ENSG00000255399.3",-0.0448221182734993,0.00716631474785534,3.98647892474457e-10
"ENSG00000258365.1",0.0013467781543012,0.00442079612361311,0.760635729923519
"ENSG00000059758.7",-0.0220021204185729,0.00652074880936433,0.000740384055734178
"ENSG00000257557.2",-0.00929107078505468,0.00841117922566913,0.269328714000248
"ENSG00000257954.1",0.0268661755093529,0.00415977557300961,1.05701336572395e-10
"ENSG00000111537.4",0.00465223675554265,0.0043343636166986,0.283119534853694
"ENSG00000111775.2",0.0089024356269161,0.0130004157328849,0.49348222659452
"ENSG00000224982.3",0.0162230101711837,0.00636150203076188,0.0107665618756512
"ENSG00000111684.10",-9.292778934676e-05,0.0136047065131573,0.994550042534326
"ENSG00000139531.12",-0.0280155197565457,0.00749205672703965,0.000184487155863722
"ENSG00000111540.15",0.0129755430526225,0.0097346887629395,0.182558675227607
"ENSG00000111339.10",0.00644425402708555,0.00548562381110241,0.240093475787975
"ENSG00000187855.5",-0.00121729201731646,0.00447838147769696,0.785764141189312
"ENSG00000274598.1",-0.001744951440636,0.00501750505692113,0.728010869706179
"ENSG00000256973.1",-0.00587514826606422,0.00829069108827406,0.478545441511072
"ENSG00000243141.2",0.00741655697515653,0.00410046107231226,0.0704956126114751
"ENSG00000111261.13",-0.00357891011560345,0.00820558598209383,0.662724030539051
"ENSG00000111321.10",-0.00415734152752502,0.00764567897169376,0.58661319730921
"ENSG00000187510.8",0.0021130750834762,0.00609728967235746,0.728922101216755
"ENSG00000074590.13",0.00931972201694586,0.00556055852199366,0.0937302341842352
"ENSG00000076108.11",0.0083116185270812,0.0118766299541251,0.484033656624558
"ENSG00000037897.16",-0.023436272619284,0.0122149388561085,0.0550278119518913
"ENSG00000258199.1",0.00779471279787938,0.00929026712890253,0.401458517109002
"ENSG00000182199.10",0.00818859716128739,0.00930234888995036,0.378711983054847
"ENSG00000166888.11",-0.00049958829311706,0.0100539535327428,0.960368843510341
"ENSG00000241765.2",-0.00952717838075974,0.00366759306799268,0.00938599965310705
"ENSG00000275854.1",-0.00343892789230646,0.00584830540568911,0.556518025282765
"ENSG00000226472.8",-0.000421260731628646,0.00445992601865261,0.924748008853411
"ENSG00000177340.5",-0.00232940006168402,0.00409241464419109,0.569220810945973
"ENSG00000003056.7",-0.0053592187544108,0.024355870962297,0.825841508353153
"ENSG00000111790.13",0.0225799144122813,0.0111679888414476,0.0431926261960499
"ENSG00000110975.8",-0.00474480875543726,0.00640655735113206,0.45892536895813
"ENSG00000111325.16",-0.0401742553379632,0.0163911801232373,0.014247268205179
"ENSG00000276045.2",-0.0008383481495708,0.00936972205080152,0.928705076691871
"ENSG00000150991.14",0.0136385657472736,0.00426778214477523,0.00139490443022328
"ENSG00000139718.10",-0.0153563590446587,0.0123099742783109,0.212224158897648
"ENSG00000135090.13",0.0177371467123476,0.00920360063992897,0.0539551490893542
"ENSG00000257595.2",0.000464009945447661,0.00829683920898482,0.955400670297998
"ENSG00000089234.15",-0.00592220959374185,0.0114582076641028,0.605258743196079
"ENSG00000258308.5",0.0131178982798677,0.00498801860188051,0.00854146135254208
"ENSG00000165899.10",0.00226829111702501,0.00689503382275991,0.742174873208039
"ENSG00000127720.7",-0.00987421098423513,0.0059644109233116,0.0978187430701224
"ENSG00000257964.1",-0.00535841329209675,0.00556489661878605,0.335600024012181
"ENSG00000178449.8",-0.0206478724018718,0.0109691762815172,0.0597879727058083
"ENSG00000066117.14",0.00782937918981495,0.00878829160321532,0.372989523599344
"ENSG00000225422.4",-0.00243009113623234,0.00497527817834751,0.625243017050552
"ENSG00000169884.13",0.0359444584414167,0.00492871060103028,3.03423952630055e-13
"ENSG00000185958.9",-0.00291929532574992,0.00855694794630851,0.732982521477861
"ENSG00000139579.12",0.0101587928780242,0.0073545149884632,0.167186682871581
"ENSG00000257740.1",0.0141007026678659,0.00455068020590237,0.00194442389125682
"ENSG00000198056.13",0.0146706741526668,0.00732741570246562,0.0452672983068848
"ENSG00000257727.5",0.0151161858570512,0.00926883645746466,0.102919607874433
"ENSG00000273805.1",0.0172202032495972,0.00547098347935474,0.00164643997825187
"ENSG00000197301.7",-0.00225706200304567,0.00677849659414334,0.739154034281805
"ENSG00000279530.2",0.000227251962451935,0.00615023877347981,0.970524789765968
"ENSG00000094916.15",-0.00835059480129576,0.0060930468192382,0.170527079916374
"ENSG00000182796.13",0.0210857315771889,0.0134147796606469,0.115990354503387
"ENSG00000130787.13",-0.0234868072970471,0.0147804190008465,0.112049372343409
"ENSG00000235423.8",0.0105902204265386,0.00853547430434462,0.214705447606471
"ENSG00000130921.7",0.00554347766190076,0.00859480370224285,0.518940058360187
"ENSG00000280120.1",-0.0210676681324272,0.00841860321918692,0.0123314925531763
"ENSG00000111271.14",-0.0213941373518321,0.0160668628314083,0.183001839318694
"ENSG00000256436.1",0.00225362818575399,0.00449782064928789,0.616336693398434
"ENSG00000173391.8",0.00291245324424646,0.00659791925723317,0.658908995915269
"ENSG00000110931.18",0.00127599682005359,0.00693318474088605,0.853980547816099
"ENSG00000135424.15",-0.00919209079190791,0.00981767132936976,0.34912896521347
"ENSG00000135423.12",-0.00292243682373711,0.00735703888154278,0.691197834500472
"ENSG00000119242.8",-0.00253639766211592,0.00672047478967257,0.705866363512804
"ENSG00000139625.12",0.0307167261231068,0.0104516321568633,0.00329336181208717
"ENSG00000186815.12",0.00297089651895859,0.0120441631666984,0.80516601688923
"ENSG00000139405.15",0.00393429629606434,0.00724771976556001,0.58724528085708
"ENSG00000261799.1",0.00147455162783514,0.0077120625916172,0.84836836924387
"ENSG00000011105.12",-0.011320059330593,0.00624939385577604,0.0700812504906686
"ENSG00000121380.12",-0.00374071202995921,0.00456394052218572,0.412430881961218
"ENSG00000234608.7",0.0200631659297761,0.0105159705700478,0.056407268726129
"ENSG00000089248.6",-0.00868264126795004,0.0179855340000127,0.629268331908171
"ENSG00000188735.12",-0.0179963174929246,0.00679046154401724,0.00804358483276979
"ENSG00000111247.14",0.00826513457946756,0.00348122217859866,0.017586790372523
"ENSG00000079387.13",0.0227370783445454,0.0102508515733,0.026550246189987
"ENSG00000129315.10",-0.064352778209931,0.0123287327292538,1.79174580616781e-07
"ENSG00000121316.10",-0.0244725328652347,0.0073168516473628,0.000823773325958621
"ENSG00000171681.12",0.0128866203997829,0.00670822922530858,0.0547296015668659
"ENSG00000111348.8",0.0296850819399237,0.00854551515093423,0.000513216903816227
"ENSG00000110848.8",0.0113063577628707,0.00940929626409889,0.229512470393159
"ENSG00000136026.13",-0.00673080929399217,0.0119913897199261,0.574590640412654
"ENSG00000111145.7",-0.00891071455370274,0.0105632439387582,0.398916144750942
"ENSG00000178878.12",-0.00613795073806286,0.00568320146785778,0.280134881260497
"ENSG00000111371.15",0.0325327480657784,0.00880714907160515,0.00022083869440237
"ENSG00000174600.13",-0.00143823725497143,0.00445305475614481,0.746712152382742
"ENSG00000258136.1",-0.00496534988737422,0.00458614271418381,0.278948074181487
"ENSG00000257489.6",-0.008191523167613,0.00657672819551419,0.212936386352949
"ENSG00000235884.3",-0.000278791920519645,0.00527793721619405,0.957873623676255
"ENSG00000123094.15",0.00627374346100046,0.00681410784869679,0.357207508090918
"ENSG00000278126.1",-0.000844546265032805,0.00543618942458429,0.876540434818275
"ENSG00000256660.5",-0.000612060768752944,0.00463553482746616,0.894955255367948
"ENSG00000185652.11",-0.00796033017154759,0.00420888555383977,0.0585822507853906
"ENSG00000010610.9",-0.0189034965318286,0.0101780393534798,0.0632709427101452
"ENSG00000180574.3",-0.00778611258180797,0.00486078102960444,0.109194676734724
"ENSG00000134531.9",-0.0332692633238428,0.00779449108370968,1.96964120600107e-05
"ENSG00000256238.1",0.00525336201115381,0.00509614415061521,0.302610999941032
"ENSG00000255960.1",0.00495087574298731,0.0061114663593426,0.417884881646704
"ENSG00000255864.5",-0.00171900185631538,0.00436962886033436,0.694025782879397
"ENSG00000123095.5",-0.0166123424125469,0.0078594577952254,0.0345430030238955
"ENSG00000258794.3",-0.00490416872207659,0.00775797635520887,0.527291900285139
"ENSG00000225342.2",0.0196183053925167,0.00635682606166239,0.00202746482157945
"ENSG00000139173.9",0.00230754876207928,0.00830023995598031,0.781004770037894
"ENSG00000129317.14",0.0156042183756382,0.00830195834994873,0.0601649550309541
"ENSG00000198001.13",-0.0304301213610162,0.0137067038860639,0.0264126334835434
"ENSG00000135451.12",0.0487992790062646,0.00682046167643347,8.37774294382143e-13
"ENSG00000139644.12",0.0286423942077327,0.0203740558549119,0.159775555118015
"ENSG00000174233.11",0.0135420466934299,0.00713648811398701,0.05775162363204
"ENSG00000170484.9",0.0297195775245276,0.00419343659448053,1.36890498936282e-12
"ENSG00000063046.17",-0.0207382390381746,0.0085167659610622,0.0148922056530011
"ENSG00000123415.15",-0.0297088916901825,0.00935550048622747,0.00149550976363078
"ENSG00000139631.18",0.0223283994046914,0.00922928533428235,0.0155504585442164
"ENSG00000258056.2",-0.0339505502489753,0.0104487969863972,0.00115717654463043
"ENSG00000135404.11",-0.0224236329437685,0.0158459518569569,0.157038688487311
"ENSG00000135447.16",-0.0186363777879672,0.00598878731956195,0.00185901067883409
"ENSG00000273890.1",0.00523391490516242,0.0050104870681319,0.296211560353762
"ENSG00000258260.1",-0.000988446204341834,0.00605801052282795,0.870389703246821
"ENSG00000139540.11",-0.00454633573434641,0.00542330924954094,0.401864763087464
"ENSG00000229117.8",-0.0145888698410453,0.00701639192685944,0.0375938946805745
"ENSG00000135439.11",0.0045593942969339,0.00895275168142736,0.610560912679734
"ENSG00000245651.2",0.00630240766555703,0.00572677068501419,0.27110698978277
"ENSG00000185633.10",-0.0029805895437361,0.00760871635435719,0.695255090635939
"ENSG00000179912.20",-0.00288448542627258,0.00916828861019994,0.75305363220129
"ENSG00000257259.1",-0.0145503591458452,0.00686184871454972,0.0339662471598984
"ENSG00000255737.2",0.00642912153737268,0.00697792653987014,0.35686705717398
"ENSG00000139266.5",0.00240509662535403,0.00964941940286125,0.803169101348472
"ENSG00000166908.17",-0.00147714227358319,0.0133010069038165,0.911572795216147
"ENSG00000166987.14",-0.0044421658998191,0.00987741311757624,0.652905363402195
"ENSG00000139263.11",0.00585461165044689,0.00999984458250205,0.558231555191046
"ENSG00000061987.14",0.00943909824492919,0.00939146429256511,0.314862158709421
"ENSG00000111605.16",0.0019296910182904,0.0106491976935998,0.856206437954139
"ENSG00000153233.12",0.00136099310063655,0.00509766274976955,0.789481675225045
"ENSG00000139291.13",0.012367264475736,0.00802429495828466,0.123261414101212
"ENSG00000166006.12",-0.0114199145252411,0.00560259586597922,0.0415173823160173
"ENSG00000067798.14",-0.00544507747204305,0.0066919888764145,0.415833435417865
"ENSG00000257894.2",-0.0102625895736707,0.00846377251142519,0.225309046654052
"ENSG00000070961.15",-0.0206170079702977,0.00829942199882317,0.0129861146490143
"ENSG00000257194.2",-0.0111022525656537,0.00588125785211391,0.0590616202679104
"ENSG00000111142.13",0.00939873750192093,0.0051885253599812,0.0700717218311381
"ENSG00000214203.4",0.0055651599024765,0.00403857853327338,0.168203388778642
"ENSG00000257890.1",0.00105614281583791,0.00318741524634816,0.740381840011326
"ENSG00000089127.12",0.00983615580175614,0.00658003979868236,0.134954256002893
"ENSG00000135111.15",0.03400203380939,0.00698464240362929,1.12668468676969e-06
"ENSG00000277186.1",0.0195072950073819,0.00402263105663887,1.23843555199787e-06
"ENSG00000139726.10",-0.00430476736542187,0.0115271978912084,0.708817727963077
"ENSG00000139620.12",-0.0128556788837577,0.00562772107368093,0.0223510295827334
"ENSG00000134287.9",-0.0190133279154902,0.0139126716900224,0.171744613386279
"ENSG00000084112.14",-0.00989903354937886,0.00874497960139203,0.257648057302818
"ENSG00000135437.9",-0.0100967106698054,0.00596685765632386,0.0906208118150403
"ENSG00000110987.8",-0.0184231872430784,0.00785053980100688,0.0189383907444151
"ENSG00000139714.12",-0.00961071143606075,0.00685962649342261,0.161197738390105
"ENSG00000135472.8",0.0505240443434393,0.00761838504781,3.3148817024653e-11
"ENSG00000177406.4",0.00999301064701357,0.00322065362113074,0.0019170586211269
"ENSG00000139044.10",-0.00317243823809585,0.00703525388288864,0.652036803948517
"ENSG00000257279.1",-0.00145917771145119,0.00447743440450838,0.744503084627083
"ENSG00000274928.6",-0.00436116903632843,0.00351328935353642,0.214482020585309
"ENSG00000135409.10",-0.0156223158121305,0.00412955792276687,0.000154919528589814
"ENSG00000167768.4",-0.000990911207229149,0.00376189536028147,0.792236560672597
"ENSG00000176871.8",0.0215653378457254,0.00719031934480482,0.00270673234705354
"ENSG00000257588.1",-0.0165518611009407,0.00831436950351211,0.0465079817431783
"ENSG00000028203.17",0.00613898352832499,0.00756516973615429,0.417090104819439
"ENSG00000185591.9",0.0116348490810066,0.00858284238934594,0.175228402890982
"ENSG00000111602.11",-0.00351064156741013,0.0110132567803133,0.749904667723611
"ENSG00000123416.15",-0.00132381538698334,0.00973665264118122,0.891851271165655
"ENSG00000257941.1",0.00370867338645828,0.00595030688819257,0.533104280455487
"ENSG00000173401.9",-0.00297907600427571,0.00602376685265832,0.620915212662169
"ENSG00000139193.3",0.00603849600025543,0.00929659159282772,0.515990241785719
"ENSG00000279640.1",-0.00172990305083231,0.00355371113304746,0.626408751498428
"ENSG00000089163.4",-0.00543672178811881,0.00615881335203258,0.377368789610437
"ENSG00000111331.12",-0.00660120888626678,0.00597006021885819,0.268848172958069
"ENSG00000269997.1",-0.000839599803513743,0.00423992417025425,0.843027566961394
"ENSG00000111729.13",0.113657160823058,0.0389870493520954,0.00355398895343462
"ENSG00000151948.11",0.00233267179876989,0.00291905294586203,0.424221189544464
"ENSG00000087470.17",0.00340498408717088,0.0115898596398729,0.768918428101256
"ENSG00000257303.1",-0.0134052838811519,0.00645890356259648,0.0379426623953444
"ENSG00000258086.1",-0.00699913181450457,0.00688263082062724,0.309188247636812
"ENSG00000111481.9",-0.0132755995401618,0.0119222704723411,0.265488298550688
"ENSG00000158113.12",0.000819242382392445,0.00669124403762137,0.902554530647963
"ENSG00000198774.4",0.0129487277127001,0.00695043731934758,0.0624609912429108
"ENSG00000139146.13",-0.00711313348690792,0.00790015198308714,0.367918421127544
"ENSG00000274124.1",0.0164624325581267,0.00483844487220265,0.000667913530216779
"ENSG00000173208.3",-0.000456508662375947,0.00827092207637706,0.955983582494629
"ENSG00000110944.8",-0.0142139502656832,0.00763707493289508,0.0627191473030928
"ENSG00000213144.2",-0.000212290439666042,0.0105692585867561,0.983975046653389
"ENSG00000239881.1",0.00283741948727774,0.00662141778437159,0.66827152715636
"ENSG00000135482.6",-0.00998838575634178,0.0121851559313262,0.41237716204477
"ENSG00000226210.3",0.00934781643337836,0.0042421016294132,0.0275537934717353
"ENSG00000185480.11",-0.000203832336510064,0.00494248679561391,0.96710389100315
"ENSG00000197728.9",0.00688018304792203,0.00281763266626915,0.0146129818679476
"ENSG00000172867.3",-5.9346248775681e-05,0.00386467247055728,0.987748096357544
"ENSG00000135469.13",0.0105172970158202,0.00701400223417244,0.133751336034956
"ENSG00000170890.13",0.00515575975049802,0.00442630220084946,0.24409968933499
"ENSG00000181852.17",-0.00196423543521368,0.00949825056192368,0.836166284821317
"ENSG00000274902.1",0.0160248314207339,0.00383537922490193,2.93875766643747e-05
"ENSG00000198134.3",0.00104708116806619,0.00441553624151894,0.812551536732256
"ENSG00000279480.1",0.0110558540390269,0.00365440136911514,0.00248343116519079
"ENSG00000219355.2",-0.00219672578353269,0.0043786835991345,0.615888169209334
"ENSG00000005175.9",-0.0336150944220917,0.00788088935007723,1.99550160855377e-05
"ENSG00000123349.13",0.0123013507093837,0.00921076564187802,0.18169950353975
"ENSG00000111245.14",-0.00416047077388612,0.00772426006308533,0.590146420255969
"ENSG00000175336.9",0.00721475712531545,0.00893138373986805,0.419206670180319
"ENSG00000139645.9",-0.0133869931039165,0.00816895618531029,0.101262373703741
"ENSG00000118600.11",0.0134528615877187,0.0064088714968841,0.035808094308604
"ENSG00000182326.14",-0.00404393457913923,0.0182294096002251,0.824441755596517
"ENSG00000048540.14",0.00530376836403143,0.0121188657489153,0.661643204528096
"ENSG00000164845.16",-0.0263787199409503,-0.0254194937612794,0.299393050175467
"ENSG00000276417.1",0.0316381712440881,0.0304876922897576,0.299393050175467
"ENSG00000242661.1",0.0402744748869525,0.0207044835686446,0.0517502526302068
"ENSG00000197614.10",0.0146969040413972,-0.0514391641448901,0.775096962195985
"ENSG00000278861.1",-0.00133146495892775,0.0053964335807312,0.805116771396005
"ENSG00000151062.14",0.00854299199484506,0.00567908973140752,0.132506980040884
"ENSG00000073614.12",0.001541748873005,0.00906198966212063,0.864905074181056
"ENSG00000152137.6",-0.00340404461962284,0.0134975448727533,0.800888550838531
"ENSG00000136052.9",0.0130931569061922,0.007189251098371,0.06857449894029
"ENSG00000236617.2",0.0167079843433913,0.00501447211052175,0.000862388841459172
"ENSG00000167588.12",-0.0134552786186909,0.0061128165678511,0.0277247996118027
"ENSG00000050426.15",-0.00842290086600944,0.0121271902697652,0.487339379027359
"ENSG00000123388.4",0.0213470934848809,0.0062252601616732,0.000605567049208999
"ENSG00000259125.1",0.0104847062142009,0.00450737540966069,0.0200120300659816
"ENSG00000258045.2",0.00187032996457787,0.0041082091711484,0.648917531924627
"ENSG00000276390.1",0.00612741111831316,0.00420099122364042,0.144685373936011
"ENSG00000183495.13",0.00774221225410396,0.0049956720443778,0.121193385370031
"ENSG00000111639.7",0.00031142783316827,0.00917738533456444,0.972929568768556
"ENSG00000274976.1",0.00698369790770453,0.00664140249024481,0.293010818676591
"ENSG00000073060.15",0.0105930209089277,0.00402570398951576,0.00850473506902971
"ENSG00000184445.11",0.00723377679774407,0.0131618578291423,0.582592730191056
"ENSG00000256304.1",0.0103982040248125,0.00667322666480696,0.119186475839564
"ENSG00000227081.5",-0.00278835873038442,0.00445174499664325,0.531084181914124
"ENSG00000250510.7",-0.0055262548311464,0.00713660170647583,0.438721581572174
"ENSG00000256609.1",-0.00284378380823402,0.00454193002611005,0.531237595122902
"ENSG00000111252.10",-0.0157393296401555,0.0133082411008654,0.236937809131894
"ENSG00000256262.1",-0.0064537045471784,0.0037595677881029,0.0860508000693953
"ENSG00000089169.14",0.00434346474508901,0.0055454275127856,0.433479403142621
"ENSG00000111229.15",-0.0493879931078302,0.0177461267289015,0.00538539194492982
"ENSG00000175183.9",-0.00345073152415426,0.00755466447358269,0.647837566783236
"ENSG00000075035.9",-0.011922275740825,0.00559050173985186,0.0329579685028446
"ENSG00000183160.8",-0.0171069391138772,0.00868539358926109,0.0488817503266644
"ENSG00000172602.9",0.0368610221368692,0.00949964346585318,0.000104347771837765
"ENSG00000167550.10",0.0212704895688012,0.00703705482476187,0.00250579418370256
"ENSG00000161800.12",-0.0610495238037066,0.00885304477365103,5.35327338013758e-12
"ENSG00000258101.2",0.0385663019467595,0.00673688090532652,1.03645685367582e-08
"ENSG00000170465.9",-0.0228447882293853,0.00561404960878936,4.71713213753278e-05
"ENSG00000123364.4",-0.00549975929744852,0.00416220759277076,0.186382583989931
"ENSG00000135414.9",-0.0101218257682961,0.00745363672198921,0.174472747765118
"ENSG00000139572.3",-0.0085689481564616,0.00480633151410435,0.0746114010682196
"ENSG00000139613.11",-0.00809131325173734,0.013047510561031,0.535164103138796
"ENSG00000072657.8",0.00895822898137434,0.0109293400358086,0.412415900160421
"ENSG00000196850.5",-0.0455226149265924,0.0180048737104543,0.0114600180766165
"ENSG00000245482.2",-0.00115699406529897,0.00710485070274348,0.870639960649082
"ENSG00000110852.4",-0.0171479425111748,0.0185213207368496,0.354524564256501
"ENSG00000172243.17",0.00102022819451644,0.00995488045335608,0.918371537334167
"ENSG00000214772.2",0.0234254397558133,0.00629829935571884,0.000199753692569304
"ENSG00000246705.4",0.00811379915174904,0.00968809168091704,0.402310279652211
"ENSG00000023734.10",0.00622730062869108,0.0175375482310715,0.722526754531792
"ENSG00000280138.1",0.00270420717954478,0.0130412387841267,0.835730161825145
"ENSG00000270130.1",-0.00702229794421482,0.00402660411567091,0.0811634045794684
"ENSG00000111652.9",-0.00621685021782419,0.0135541956587893,0.646473953251293
"ENSG00000123009.4",0.00537814051551843,0.00432703076021111,0.213898384381333
"ENSG00000139436.20",0.0541940684381518,0.0120034968981365,6.33595930754627e-06
"ENSG00000135097.6",0.0197179560852815,0.0102127219717957,0.0535170882677471
"ENSG00000133641.17",-0.00940182788650925,0.0150737624424301,0.532810580753335
"ENSG00000075188.8",0.00778369165359818,0.00888090763220288,0.380784213228159
"ENSG00000257545.4",0.00838510124348398,0.00421550903477989,0.0466893228218498
"ENSG00000112787.12",-0.0178038349566207,0.0107543821123984,0.0978239575392462
"ENSG00000247077.6",0.0476714501870444,0.0134518393334761,0.000394312919498874
"ENSG00000278949.1",0.00587671970613868,0.00660966984682437,0.373944278229329
"ENSG00000110844.13",0.0169906800730993,0.0097530299211295,0.0814922634226583
"ENSG00000183283.15",-0.0379254336928058,0.0187973515565956,0.0436335069532123
"ENSG00000110911.14",-0.0088893197497511,0.0105012259857257,0.397272177139891
"ENSG00000205420.10",-0.0111394781711469,0.00457803121259886,0.0149641119660477
"ENSG00000170454.5",0.0204461637145865,0.00551009775794485,0.00020671005270545
"ENSG00000258344.1",0.0135429969131126,0.00548296675363001,0.0135108296904075
"ENSG00000135392.15",0.00538887659431037,0.011483028157929,0.638861969399077
"ENSG00000237493.3",0.00413531061689405,0.00490247531203784,0.398940576698531
"ENSG00000205323.8",-0.00224765168149879,0.00911087377524517,0.805140481222611
"ENSG00000175203.15",0.0241597422710508,0.0125544482425296,0.0543048428354069
"ENSG00000110958.15",-0.0311880142597083,0.013422398969896,0.020148029527507
"ENSG00000166866.12",-0.00669034457351737,0.00460249244051005,0.146047499298615
"ENSG00000156076.9",0.00530160438861134,0.00537050100236968,0.323558675063667
"ENSG00000111490.12",0.015441291476257,0.0121264769962793,0.202892643221952
"ENSG00000211584.13",0.0231671593331056,0.00819908034929158,0.00471950674002575
"ENSG00000278842.1",-0.0134433778804767,0.00522325347027954,0.0100601307875849
"ENSG00000089041.16",0.000133726257593677,0.00889757006750003,0.988008624974223
"ENSG00000274191.1",0.00895412338477061,0.00776634089185033,0.248935101441656
"ENSG00000139719.9",-0.00490523405645457,0.0107377843265088,0.647800467965526
"ENSG00000256913.1",0.00587692076941419,0.00696555951221376,0.398830791782758
"ENSG00000069431.11",-0.0138920340625319,0.0100508891917659,0.166919614610872
"ENSG00000174236.3",0.00908307253180945,0.0075819398690019,0.23092171167414
"ENSG00000245667.2",-0.00107531489018757,0.005513452167262,0.845365725631124
"ENSG00000248008.2",-0.00242770502745743,0.00624283118146109,0.697365766416421
"ENSG00000022840.15",-0.0239607287238476,0.0131567988242778,0.0685814649716938
"ENSG00000256546.1",-0.0189946728888659,0.00993249850494341,0.0558279695038736
"ENSG00000258024.1",0.0150475339028962,0.00526857779994212,0.00428893146254894
"ENSG00000161791.13",0.0268680052418738,0.0115853026358432,0.0203871354339237
"ENSG00000174243.9",-0.0065996916403769,0.0126425977504964,0.601656253329396
"ENSG00000123352.17",-0.0129580310796305,0.00855627330567221,0.129912250482335
"ENSG00000139629.15",0.00277970940077743,0.0063003815031478,0.659070386866307
"ENSG00000123353.9",-0.0308265563859064,0.0164220171301031,0.060497814077191
"ENSG00000123374.10",-0.0167204545009965,0.0117526710845905,0.154824884048323
"ENSG00000065357.19",2.0763694742785e-05,0.010755659608618,0.998459692685244
"ENSG00000185610.6",-0.00202878425566452,0.00798566699650072,0.79945445823586
"ENSG00000175727.13",-0.0341218231582512,0.0137981367118061,0.0134010472088255
"ENSG00000089159.16",0.0146197154688688,0.0119588586200508,0.221518262395835
"ENSG00000179104.8",-0.0126123831799124,0.00783566595888226,0.107482552717213
"ENSG00000170439.6",0.0140039829611248,0.0056991201506434,0.0140017531088581
"ENSG00000161642.17",0.00900074226916259,0.00996450693866883,0.366377178417606
"ENSG00000277895.1",-0.0114358569085202,0.00740689546804046,0.122601078806478
"ENSG00000257531.2",-0.0221640550708043,0.0063838911007307,0.000516842008565832
"ENSG00000135436.8",-0.0457511113846859,0.0089764667349964,3.45472260243618e-07
