"phenotype","causal_b","causal_se","causal_p"
"ENSG00000260034.1",0.00881097800305737,0.0036998873196736,0.0172461331940345
"ENSG00000260448.5",0.00670137962190189,0.00297818778555209,0.0244392039297981
"ENSG00000279357.1",0.00385987023978103,0.00404882446673903,0.340422344167702
"ENSG00000250251.6",0.00322878720848784,0.00622907000594525,0.604219830432165
"ENSG00000207425.1",0.0128181315902106,0.00369011229117861,0.00051344427419342
"ENSG00000085721.12",-0.0280901730377553,0.00961185863938547,0.0034728975263304
"ENSG00000260495.1",-0.00224498091365283,0.00721248541901718,0.755600580627007
"ENSG00000278985.1",-0.00670477285794841,0.00434458915316446,0.122770931249975
"ENSG00000255185.5",-0.00863179916216633,0.0040932651211235,0.0349635010339945
"ENSG00000141101.12",0.013369206259284,0.00900624400562086,0.137692894716078
"ENSG00000103154.9",-0.000758036584565674,0.00278553904065608,0.785519897469985
"ENSG00000140943.16",-0.0017639108123773,0.00404618492812505,0.662877222207074
"ENSG00000153443.12",0.0302537583841274,0.00730746360773801,3.47127883618681e-05
"ENSG00000280429.1",0.0243034540229837,0.00925813843777148,0.00866258633160422
"ENSG00000263335.1",-0.00752504526871125,0.00340418988145934,0.0270687793883249
"ENSG00000263065.1",0.0194183429832307,0.00905692363569153,0.0320302442375391
"ENSG00000072864.14",0.010310644944273,0.00647825225641951,0.111479515795623
"ENSG00000183793.13",0.0100921978529809,0.00224458882515687,6.91674313701984e-06
"ENSG00000183426.16",-0.0154645588925227,0.00325581644437806,2.0359258450231e-06
"ENSG00000091262.15",-0.0207659923902765,0.00356617998278688,5.77882985908218e-09
"ENSG00000166847.9",-0.00123216038445488,0.00542818628603005,0.82042917171854
"ENSG00000279803.1",-0.00614948914128524,0.0029799001033141,0.0390503307764495
"ENSG00000260549.1",-0.00584389620817619,0.00339239330866713,0.0849523773444436
"ENSG00000125124.11",-0.0182795445103892,0.00363636751943296,4.98551703920214e-07
"ENSG00000271009.2",0.000120295384476701,0.00386982187090662,0.975201345840874
"ENSG00000224470.7",0.0676840017893685,0.0163344171245541,3.41830962985457e-05
"ENSG00000086696.10",0.0127702428840425,0.00384005496808056,0.000882485509131947
"ENSG00000135698.9",0.0102481193156137,0.0036985907166231,0.00559157831606127
"ENSG00000103168.16",0.00468956613818096,0.0025223087630439,0.0629937568636747
"ENSG00000140950.15",-0.00321811411416651,0.0030771576374603,0.295649981047541
"ENSG00000230989.6",-0.00275707027285113,0.00631966009210663,0.662641744824145
"ENSG00000279591.1",0.00379016231236333,0.00496002912639236,0.444783138031453
"ENSG00000089486.16",-0.00824776719606528,0.00436795970744309,0.0589934014856625
"ENSG00000263105.1",0.015282783070827,0.00320129898582225,1.80663572824091e-06
"ENSG00000005339.14",0.00040134203854729,0.00654396048428448,0.951096284574897
"ENSG00000103351.12",0.0178061384522879,0.00387349256410118,4.28780556283037e-06
"ENSG00000261783.1",0.00659524945429107,0.00266540259963692,0.0133463364778682
"ENSG00000184517.11",-0.00469962331875303,0.00577330725013291,0.415629946140959
"ENSG00000187555.14",0.0144480781310062,0.00507385997671994,0.00440569503477206
"ENSG00000140873.15",0.00155316627783705,0.00283392013277872,0.583648764362821
"ENSG00000180917.17",-0.0146847014775986,0.00995227958935934,0.140075119513781
"ENSG00000167377.17",0.00696839313385826,0.00548957488302971,0.204303191128555
"ENSG00000090861.15",0.0247495017843305,0.0135955606747285,0.0686965103739319
"ENSG00000168872.16",0.00338146438287052,0.0148835592093549,0.820272421178192
"ENSG00000065457.10",-0.00260319471433097,0.00360505658426236,0.470235836718237
"ENSG00000259940.2",-0.000676117159225851,0.00505002958283755,0.89349445933282
"ENSG00000276663.1",-0.0090401339967343,0.00334078993429444,0.00681017201692202
"ENSG00000276259.1",-0.0326273683458202,0.00599757377252143,5.32523038998534e-08
"ENSG00000102931.7",0.00639694404128784,0.00460455597951508,0.164752474556116
"ENSG00000260927.1",0.0128543221379117,0.00382147097970384,0.000769021596616071
"ENSG00000102962.4",-0.000544159721594437,0.00461845690983218,0.90620802982602
"ENSG00000102996.4",0.00129674863487995,0.00684795688142806,0.849808438709013
"ENSG00000205746.9",0.000402119740458256,0.00481003834484287,0.933374378530312
"ENSG00000233024.7",0.00524992999724224,0.00398832427760645,0.188065063890007
"ENSG00000278389.1",0.000337289654148578,0.00566588913336205,0.952530073347079
"ENSG00000262454.2",0.00903817399800166,0.00469304036743302,0.0541209183688577
"ENSG00000254852.8",0.0172478946941923,0.00530533101196108,0.00114979763671508
"ENSG00000205913.6",0.0155765350820635,0.00814850791773558,0.0559299241136609
"ENSG00000167981.5",-0.00773552514433735,0.00375131057010363,0.0391995455400055
"ENSG00000279330.1",0.00357063799601671,0.00500169529828388,0.475297953664765
"ENSG00000172460.15",-0.00414830093422714,0.00262553298168975,0.114110458130685
"ENSG00000085644.13",0.00689731543446622,0.00642010466171232,0.282674497188545
"ENSG00000172382.9",-0.00296536485608489,0.0045593798764689,0.515441782896768
"ENSG00000228146.7",-0.00409999652377988,0.00375319838062796,0.274657017162152
"ENSG00000262482.1",-0.00680647645001507,0.0037383147010029,0.0686473105121396
"ENSG00000168158.3",-0.00566270763034617,0.00297279031133199,0.0568000968848339
"ENSG00000263072.6",0.00509937734626408,0.00540599578913429,0.345536791300941
"ENSG00000279031.1",0.00584838205137719,0.00444415598707471,0.188183651544911
"ENSG00000122386.10",0.0218080322960386,0.00764975232211069,0.00436072679447397
"ENSG00000237515.8",0.0021246173649957,0.00606674606195019,0.726183300970925
"ENSG00000262801.5",0.00681590800200193,0.00477815961102393,0.153732318348954
"ENSG00000276564.1",-0.00678669999610785,0.00878823720693812,0.439967463604014
"ENSG00000261390.5",-0.00300631063025204,0.00245546520679246,0.220826088177903
"ENSG00000261997.1",0.00122169181560454,0.0057179039917379,0.830811599590988
"ENSG00000198848.12",0.0247204132733168,0.00605969482348172,4.51362504456654e-05
"ENSG00000162104.9",-0.0103151950123545,0.00893041858444661,0.24806467754886
"ENSG00000008517.16",-0.00390005292939462,0.00487502414279436,0.423706802109333
"ENSG00000006194.9",0.00991737172758126,0.00654848279958389,0.129910896447246
"ENSG00000262700.1",0.000887228005827583,0.00305555452076951,0.771536536734
"ENSG00000182601.6",0.00337528952613819,0.00538614210330857,0.53088094649908
"ENSG00000103174.11",-0.0148716882260026,0.0054369044930018,0.00623191502776721
"ENSG00000263179.1",0.00216515429657214,0.00307152134249555,0.480864587700659
"ENSG00000048471.13",-0.0124466279128985,0.0051663826337432,0.0159894092335244
"ENSG00000260318.1",0.00304342623419553,0.0035447980088779,0.390582620749244
"ENSG00000277369.1",0.00659914758655357,0.00441942915372492,0.1353815277879
"ENSG00000263033.2",-0.0082783928288723,0.00410131560484869,0.043542073702929
"ENSG00000063854.12",-0.0168951811789917,0.00486164802462726,0.000510479669460384
"ENSG00000255513.1",-0.00757974295029182,0.0026934849114715,0.00489136107670118
"ENSG00000131653.12",-0.00339783909922107,0.00909760981616125,0.708786010686509
"ENSG00000205937.11",-0.0124319426123605,0.00869046675244143,0.15256597801429
"ENSG00000116176.6",-0.00229474293666159,0.0035280290704626,0.515413225067564
"ENSG00000261663.1",-0.0161885652049983,0.00739069014387018,0.0284952644041527
"ENSG00000260182.1",-0.000692651671692477,0.00241930571265722,0.774646950668977
"ENSG00000198736.11",0.00318230612203569,0.0081132185931444,0.694882962243382
"ENSG00000167930.15",0.00338281171280486,0.00806733047012399,0.674980587996393
"ENSG00000260051.1",0.00975097373561781,0.0040351599276,0.0156704220087145
"ENSG00000008710.19",-0.00156339353049653,0.0104234328883293,0.880773804347039
"ENSG00000257108.1",0.0159625157089041,0.00653442414592094,0.014572424592812
"ENSG00000277010.1",-0.00342225507262311,0.00441116625072611,0.437857405630592
"ENSG00000260989.1",0.0016187479218631,0.0037071174641984,0.662358331602152
"ENSG00000095917.13",0.00342288617716252,0.00221536839931024,0.122330760009986
"ENSG00000167962.13",0.0202793296501977,0.00892744597471656,0.0231124187440414
"ENSG00000197253.13",-0.00114303693159778,0.00341031220567646,0.737496278233885
"ENSG00000140995.16",0.000426187446590224,0.00622142478623623,0.945385080485022
"ENSG00000258947.6",0.00374261064887123,0.00644147668900523,0.561228662641319
"ENSG00000223959.8",0.0215751369184833,0.0113216944719813,0.0566962055218562
"ENSG00000187741.14",-0.021594019360324,0.00570718396808481,0.000154541548593512
"ENSG00000261172.1",0.00104457873907141,0.00392622267856625,0.790199290348286
"ENSG00000222019.7",-0.0073541775043043,0.00584174480794211,0.208066146780284
"ENSG00000204991.10",-0.0543438760477085,0.00858784224406965,2.48357223675555e-10
"ENSG00000258839.3",-0.00823203218282804,0.00614176818869326,0.180136176126811
"ENSG00000197165.10",-0.000323804643506605,0.00301169154374176,0.914379734013892
"ENSG00000251417.2",0.000928946305375361,0.00436756500889284,0.83156717698273
"ENSG00000174628.16",0.00200913472047654,0.00432988316386053,0.642636339587664
"ENSG00000283057.1",0.0042172982360761,0.0055811103088854,0.449866351576706
"ENSG00000262714.1",-0.00957836602817056,0.00604518098396277,0.113088378927
"ENSG00000279569.1",-0.00534357973689372,0.00667089011837311,0.423114571326122
"ENSG00000157349.16",0.000474162743578752,0.0109572873272016,0.965483328367551
"ENSG00000103021.9",0.000893249436999806,0.00366059106563654,0.807217021778496
"ENSG00000172775.16",-0.00200664276617309,0.00629245789561895,0.74980500246167
"ENSG00000135736.5",0.0151838138669838,0.00818831143590664,0.0636922713411914
"ENSG00000262732.1",0.00786164376315757,0.003775512964879,0.0373176602218678
"ENSG00000182831.11",-0.0108411367733026,0.00573328679365802,0.0586361860027929
"ENSG00000154099.17",-0.00129726367998998,0.00287633704271551,0.65198061017665
"ENSG00000131149.18",-0.00445608129015756,0.00280783550460072,0.112508906453232
"ENSG00000140798.15",-0.00777905924891685,0.00632737052384544,0.218910621793288
"ENSG00000261528.2",-0.00434954507536665,0.00424293331641606,0.305303314621302
"ENSG00000261971.6",-0.0167178689849618,0.00790875144639593,0.0345285698273373
"ENSG00000126602.10",-0.00145022667946488,0.00240760078588878,0.546938877907492
"ENSG00000008516.16",-0.000824459911333265,0.00351243383729451,0.814421325382641
"ENSG00000182885.16",-0.0117723795434837,0.0034605603671566,0.000669262497408507
"ENSG00000087258.14",-0.00232847073424849,0.00622985667416745,0.70858294076943
"ENSG00000159579.13",-0.0106504989250887,0.00548698461172654,0.0522524904532777
"ENSG00000005194.14",-0.00415820340619394,0.00674554476478049,0.53760613700612
"ENSG00000166509.10",0.00369015844980336,0.00244000692333663,0.130443390805729
"ENSG00000171724.2",-0.00444749253942711,0.00297542808537868,0.134982208593125
"ENSG00000274092.1",0.00387751222518369,0.00417356034376122,0.352854981355097
"ENSG00000169181.12",-0.00726249945635468,0.00505452320095923,0.150765804216692
"ENSG00000179776.17",0.00168061525240688,0.0100405330452782,0.867068644894419
"ENSG00000261656.5",-0.00144757321770197,0.0051075305777349,0.77685536387278
"ENSG00000169189.16",0.0040015436299041,0.00876875427073268,0.64814465924364
"ENSG00000185338.4",0.00838974316767994,0.00484676232687831,0.08345185352548
"ENSG00000189067.12",0.00181605982764176,0.00626402160352098,0.771878089862589
"ENSG00000205890.3",0.00796598810703823,0.00622200183660076,0.200441955533187
"ENSG00000260293.2",0.00546373380307446,0.00597809822964017,0.360738642658799
"ENSG00000261889.1",0.00111754294134337,0.00390666076393797,0.774831468726075
"ENSG00000213937.3",0.00615028637576416,0.00510049995643033,0.227886787368551
"ENSG00000184939.15",0.0488557005785446,0.0112486716545837,1.40395481241784e-05
"ENSG00000157322.17",-0.00668976432108478,0.00282766504595046,0.0179898827971273
"ENSG00000090857.13",0.00890554657589792,0.00444417585676155,0.045084086729841
"ENSG00000275383.1",-0.00544336657620802,0.00513585602011007,0.289201366239182
"ENSG00000157335.20",-0.00283428766848976,0.00395839905273723,0.4739798139906
"ENSG00000226232.8",-0.0133170346870158,0.00485903243429728,0.00613128921234396
"ENSG00000261609.5",0.0108804667196004,0.00513992829434055,0.0342724232258946
"ENSG00000223496.2",-0.00216619859083772,0.00335426862170736,0.518406587257397
"ENSG00000261556.9",-0.00437618907013695,0.00411975305214481,0.288124256661931
"ENSG00000260425.1",0.000644122062220036,0.00519697093868094,0.901361336738488
"ENSG00000242173.8",-0.00148563292844789,0.00503645395817804,0.768012230978176
"ENSG00000226942.2",0.000399354945500362,0.00280118031461916,0.886632423154759
"ENSG00000076344.15",-0.00409705295851449,0.0049239206985084,0.405368716251668
"ENSG00000130656.4",4.38871984578825e-05,0.00497060496598603,0.992955291490635
"ENSG00000103326.11",0.012285980780787,0.00777412868812196,0.114022716298623
"ENSG00000102910.13",-0.000133135216927135,0.00762439003508083,0.986068244733278
"ENSG00000261538.1",0.00541944503424925,0.00821055681497927,0.509216506370214
"ENSG00000166455.13",0.00914393690386636,0.0042418088440396,0.0311095006616076
"ENSG00000166454.9",0.00910557058551405,0.00485214352642125,0.0605718619715627
"ENSG00000259867.5",0.00470136074701061,0.00318136844762856,0.139466834658171
"ENSG00000184602.5",8.95038447795492e-05,0.00501278973684737,0.985754451052363
"ENSG00000132603.13",0.0393347157031607,0.0124155229901635,0.00153392091444682
"ENSG00000181019.12",0.00749617161646422,0.00669900064504848,0.263140782578495
"ENSG00000213380.14",0.00276388141076292,0.00965586572092794,0.774695387382742
"ENSG00000103150.5",-0.00141693642696488,0.00444748845578435,0.750035548080748
"ENSG00000118557.15",0.0190965289162037,0.00673773072543596,0.00459309158315635
"ENSG00000102984.14",0.0198432071298219,0.00773969174833581,0.010352603839729
"ENSG00000140832.9",-0.036880619024436,0.0132175294928983,0.00526623431293516
"ENSG00000153066.12",-0.0112433692310048,0.00914191023939651,0.218745458726765
"ENSG00000153060.7",0.00110441044109558,0.00319476286258166,0.72957267317053
"ENSG00000188897.8",-0.00925965595197377,0.00401457441798659,0.021082153249933
"ENSG00000274505.1",0.000474023805315948,0.00372874704061859,0.89884001346267
"ENSG00000260468.1",0.00346181674662567,0.0035835352506943,0.334027188436729
"ENSG00000255277.3",-0.00415760525843596,0.0060086494589421,0.48897706308245
"ENSG00000262097.1",0.00244696866991655,0.00480875820135632,0.610852695847985
"ENSG00000188599.17",-0.0126806369305752,0.00557466757564588,0.0229245721801983
"ENSG00000262583.1",0.00672920212045786,0.00562121590559577,0.231264490616088
"ENSG00000166848.5",-0.0195643347369689,0.00635767375071122,0.00208899807039797
"ENSG00000259925.1",-0.00243091024480262,0.00481886665719248,0.613940384391045
"ENSG00000280265.1",-0.0159383636175919,0.00551920956217722,0.00387948639045188
"ENSG00000243697.1",0.00256992571096492,0.00232896685285941,0.269826717342422
"ENSG00000252311.1",0.00399425608115725,0.00245518261206371,0.103765303836525
"ENSG00000269186.1",-0.00244855708679518,0.00482157161604055,0.611569896320961
"ENSG00000268473.1",0.00330880504047994,0.00292597576382238,0.258123216535693
"ENSG00000006327.13",0.0118325563958253,0.00890866991920826,0.184109782654157
"ENSG00000260430.1",-0.00139075386981514,0.00505327518022042,0.783148518367499
"ENSG00000157106.16",0.0170238566698259,0.0106499024358445,0.109932003784718
"ENSG00000259871.1",0.00299786593077855,0.00571974044227612,0.60019075361765
"ENSG00000243609.1",0.00897241056896581,0.00532827155201623,0.0921961316524034
"ENSG00000140854.12",-0.0161215255793656,0.00723431570235158,0.0258485445384248
"ENSG00000245694.9",-0.00176694531399459,0.00667778706876693,0.791317290673138
"ENSG00000260078.3",0.0106311558111424,0.00358921697258263,0.0030567678718153
"ENSG00000263257.1",-0.0124524378670718,0.00794415223862901,0.116998476772076
"ENSG00000260284.1",0.00163102102244042,0.00479253020394329,0.7336112925418
"ENSG00000172236.16",-0.00218013863632002,0.00467190241429511,0.640751016399602
"ENSG00000007541.16",0.0110561997905746,0.00912803722122028,0.225805284042062
"ENSG00000102854.15",-0.00116702688006291,0.00402019717055351,0.77159365715526
"ENSG00000162078.11",0.00638874455647646,0.00778411078911172,0.411793395670989
"ENSG00000261613.2",-0.0017468648877175,0.00252852529888716,0.489651561841802
"ENSG00000162063.12",0.0110750115028098,0.00539946931442119,0.0402543244137847
"ENSG00000260176.1",0.00146433006219422,0.00310578307056157,0.63729444472344
"ENSG00000099769.5",-0.000802715574925987,0.00458680416438277,0.861075377220436
"ENSG00000260565.6",0.000649815231895042,0.00512418596445487,0.899088122522909
"ENSG00000262246.5",-0.0157485226127862,0.00667854834304434,0.018369946083815
"ENSG00000007392.16",0.0116781070307356,0.00988235917926189,0.237319810459944
"ENSG00000005513.9",0.00893796302336496,0.00495062636786815,0.0710088838081533
"ENSG00000196557.12",-0.00572398193178171,0.00795111159814157,0.471588373016276
"ENSG00000007384.15",0.000423726749249894,0.00691018500413044,0.951105030962633
"ENSG00000103227.18",-0.00210867911880358,0.00681386000345222,0.756964714350025
"ENSG00000127586.16",0.00413099536929655,0.00629653534171676,0.51177628333905
"ENSG00000103245.13",0.00255789479481246,0.0051661440033663,0.620510829489577
"ENSG00000280231.1",-0.0063092249658561,0.00353798149285724,0.0745401224233271
"ENSG00000174109.4",0.00856358090629945,0.00580952167864314,0.140465558496588
"ENSG00000242612.6",0.00792677295196729,0.00429840783672479,0.0651658879669851
"ENSG00000260447.1",0.0020165893388286,0.00340760721393451,0.55399093230176
"ENSG00000279930.1",-0.00193988812698596,0.00585175047711301,0.740262602166765
"ENSG00000127580.15",0.00799709393847114,0.00624036723953781,0.200014538156977
"ENSG00000260403.1",0.00335492315607035,0.00401931815850649,0.403886881384861
"ENSG00000207405.1",0.0115569683455482,0.00492737338183148,0.0190035019749257
"ENSG00000259954.1",-0.00546071620219123,0.00363799702765895,0.13334968461774
"ENSG00000155666.11",-0.00378972818872356,0.00406543760860019,0.351242421807027
"ENSG00000103522.15",0.00042504271913166,0.00410714921522565,0.917575274695482
"ENSG00000006210.6",-0.00405252923027294,0.00390228307360224,0.299036350526891
"ENSG00000140839.11",0.00302266493018996,0.00363600179744832,0.405795377415952
"ENSG00000168411.13",-0.00525031457638536,0.00598814054140156,0.380603176491814
"ENSG00000275236.1",-0.00599772603548675,0.00382942033182587,0.11729643008662
"ENSG00000166501.12",-0.00929362447560255,0.0074112674614122,0.209847151156184
"ENSG00000158865.12",0.00391502338608925,0.00236395113702199,0.0976943826567024
"ENSG00000259782.2",-1.78542113294845e-05,0.00323819778995446,0.99560078527885
"ENSG00000122257.18",-0.00546257596786512,0.00541102022202525,0.312721520471987
"ENSG00000167005.13",0.0264290602803293,0.00979092585290814,0.00694766754618115
"ENSG00000260135.6",0.00843653666078497,0.00266913944398338,0.00157352536559374
"ENSG00000274031.1",-0.00424047080546933,0.00292484981226699,0.147112053814884
"ENSG00000261707.1",-0.00462997322584947,0.00238212166110254,0.0519395736870649
"ENSG00000277954.1",-0.00444341752471898,0.00418191752191496,0.287994636259325
"ENSG00000186153.16",-0.00105798352453757,0.00292946594941104,0.717985557473739
"ENSG00000271105.1",-0.00178469228169797,0.00379912904426474,0.638523971040301
"ENSG00000154102.10",0.008883785872651,0.00553031978292796,0.108190808599882
"ENSG00000275088.1",-0.00730984778545454,0.00415966552847309,0.0788639212334877
"ENSG00000261513.1",0.0121910738554902,0.00594614045246492,0.0403400510122398
"ENSG00000125166.12",0.0168015163766251,0.00842291040359755,0.0460712433167636
"ENSG00000141012.12",0.0125145725993823,0.00592560872177424,0.0346909804625074
"ENSG00000260259.1",0.00603529685948282,0.00404887757131421,0.136063952174329
"ENSG00000003249.13",-0.0167491558643927,0.00619266807727589,0.00683712015095927
"ENSG00000158805.11",0.0424744543199013,0.00835185215306691,3.66402099549745e-07
"ENSG00000015413.9",0.00348337664765533,0.0039742262204231,0.380762738525155
"ENSG00000184857.7",0.00504769726584402,0.00460124990598848,0.272629410324312
"ENSG00000272250.1",-0.00189988965973647,0.00432570047929978,0.660509588824044
"ENSG00000140835.9",0.00808889635369176,0.00690423821756513,0.241364037787791
"ENSG00000157368.10",0.0169117910531159,0.00891676897952201,0.0578770918664797
"ENSG00000189091.12",-0.00290787550273026,0.0115868258855003,0.801841987072115
"ENSG00000184110.14",0.00150221317239531,0.00514772051324109,0.7704234547401
"ENSG00000240634.1",0.00286461677800556,0.00455610449970432,0.52951761428214
"ENSG00000169344.15",0.00108629457305873,0.00412693054596094,0.792380285325405
"ENSG00000103540.16",-0.0142374293976932,0.00638454648182375,0.025748578973523
"ENSG00000103257.8",0.00340508472486309,0.00512938295569328,0.506793327453853
"ENSG00000261701.6",0.0043167024218567,0.00583225038993979,0.459212904864257
"ENSG00000260886.1",-0.0117454162247379,0.00400561152829423,0.00336526064277642
"ENSG00000083799.17",-0.000322204510246786,0.00950965998039599,0.972971396898861
"ENSG00000224578.4",0.00646905831184426,0.0053569362481324,0.227199571698514
"ENSG00000141013.16",0.00100727754760565,0.00592851929007435,0.865085846750385
"ENSG00000075399.13",-0.0391972851204203,0.00611138569557999,1.41924250129932e-10
"ENSG00000177946.5",0.0225055106570626,0.00862298327848429,0.00905568248500277
"ENSG00000158792.15",-0.029156217364085,0.00631692676539489,3.92017968109393e-06
"ENSG00000268505.1",0.00315684834463254,0.00387572397786149,0.415348057672195
"ENSG00000268754.1",-0.00458448362076409,0.00273792166809827,0.0940442960076636
"ENSG00000205250.8",0.016264007878694,0.0214227759100626,0.447737493462365
"ENSG00000140939.14",0.0347712302002869,0.0147439212640737,0.0183567004067374
"ENSG00000166548.15",-0.0145341771672874,0.00814105729829537,0.0742137128890388
"ENSG00000140931.19",0.00986828919250273,0.0110095665967042,0.37007244967133
"ENSG00000168748.13",-0.000173664052154289,0.00484213774901181,0.971389875116729
"ENSG00000166546.13",-0.00346763394703627,0.00479974756864501,0.470010644244675
"ENSG00000102878.16",0.0127159934010957,0.0136218797709013,0.350563058743339
"ENSG00000103423.13",-0.00295714708459976,0.00670743887800686,0.659302956962267
"ENSG00000140632.16",-0.0217090407978714,0.00793541035820788,0.00622444411901091
"ENSG00000100726.14",0.0240213828777769,0.00541571175226779,9.18593513854482e-06
"ENSG00000185883.11",0.00814845380898009,0.0080849148361166,0.313522179053795
"ENSG00000276931.1",0.00665329815369569,0.00352677351073003,0.059226084323045
"ENSG00000162039.14",-0.0152744947646272,0.0040984762974393,0.000193871187382344
"ENSG00000167967.15",0.00388976719148039,0.011443178011807,0.733916635060023
"ENSG00000103005.11",0.00347443640013724,0.00641925784927258,0.58833387327206
"ENSG00000103496.14",-0.0245230989495108,0.0104456340167992,0.0188902921425442
"ENSG00000260628.5",-0.00243243940922837,0.00847920968007459,0.774211091839886
"ENSG00000156886.11",-0.0152257458594292,0.00432054531055999,0.000425030714299113
"ENSG00000260727.1",-0.0116642211175448,0.00652884941450661,0.0740076428708402
"ENSG00000261052.5",-0.0108192886378089,0.00734169746780782,0.140568654006087
"ENSG00000150281.6",0.0178100591286592,0.0155157640877194,0.251022793130888
"ENSG00000169682.17",-0.00894176591683679,0.00894417341883511,0.317440787851307
"ENSG00000149922.10",-0.0414904957969738,0.00911762314232738,5.34976201971293e-06
"ENSG00000260114.2",0.0248165207423092,0.00681125213057398,0.000268998077720739
"ENSG00000254634.4",0.0128529816568802,0.00462074038106546,0.00540941802663408
"ENSG00000235560.3",-0.0120553494386611,0.0054284242227925,0.0263656974075384
"ENSG00000169203.16",-0.0191066527598341,0.00386718192458175,7.78356802011437e-07
"ENSG00000102886.14",0.0360479755477452,0.0113947590614845,0.00155853558544083
"ENSG00000149929.15",-0.0167628944061966,0.00900599595978993,0.0627012883632462
"ENSG00000013364.18",-0.0114240603203753,0.0142910386224396,0.424066458636138
"ENSG00000174943.9",-0.0158302434860309,0.00839169630570103,0.0592387046064211
"ENSG00000260517.2",0.0026085704438623,0.00591473153540859,0.659191719875905
"ENSG00000181625.17",-0.00400185747014673,0.00407690516480817,0.326300893217648
"ENSG00000090238.11",-0.0202037694539123,0.00754705048433172,0.00742753725584622
"ENSG00000169592.14",0.0212922796780017,0.00487600485122627,1.26110645891631e-05
"ENSG00000102882.11",0.03561183821131,0.0102774989122138,0.000530173071505824
"ENSG00000179958.8",0.0520943652185235,0.0124372671441445,2.80717608295289e-05
"ENSG00000078328.19",0.00758999686640135,0.0031256471171584,0.015169950307399
"ENSG00000135686.12",0.00524009723691614,0.00327914948347698,0.110041866604343
"ENSG00000132613.14",-0.0112872658101889,0.00889846106754255,0.204636779446155
"ENSG00000157350.12",0.00382110181667027,0.0127116568338079,0.763720865006085
"ENSG00000040199.18",0.0204808435373582,0.00961095519398008,0.0330900163556415
"ENSG00000261008.6",-0.0029925543161663,0.00592901635233504,0.613748262877858
"ENSG00000262488.1",-0.00830950234784295,0.00350096463013516,0.0176209000657362
"ENSG00000048462.10",0.00172630823424841,0.00293305785909232,0.556150136340881
"ENSG00000140988.15",-0.00282596115316389,0.00495014756189436,0.568078125070745
"ENSG00000103363.14",-0.00261876227676929,0.00920148948349396,0.775949081582007
"ENSG00000215154.6",0.00720580393089546,0.00341433252385718,0.0348189619421999
"ENSG00000135720.12",-0.00763611874566784,0.0125232229471919,0.542023007209106
"ENSG00000140905.10",0.00586053658233315,0.00313155909615749,0.0612836047657002
"ENSG00000261061.1",-0.000560878274682545,0.00531288889303921,0.915924036866559
"ENSG00000103042.8",0.0108578026913331,0.00708880722536433,0.125600777891493
"ENSG00000157353.16",0.00408292606455276,0.013570099754928,0.763508561424465
"ENSG00000185324.21",0.0275119660964426,0.00422709744931816,7.59166063346584e-11
"ENSG00000200084.1",0.0114163962344705,0.00468130831997677,0.0147394186137104
"ENSG00000178773.14",-0.0133620522087101,0.00343921913123889,0.000102245921041022
"ENSG00000141002.19",0.0024772497879862,0.00527513268451204,0.638634393005931
"ENSG00000074071.14",-0.0023475977377692,0.00776015111611493,0.762256001600985
"ENSG00000103024.7",0.0012812088870727,0.0107287193437598,0.90494370810819
"ENSG00000161999.11",0.00411670393108703,0.00696042002565194,0.55422245927717
"ENSG00000187535.13",-0.0232114939201179,0.00607973622522225,0.000134622154546071
"ENSG00000280062.1",0.00249164730285508,0.00391366158330156,0.524350409082109
"ENSG00000162062.14",-0.00313987561227066,0.00717802846194659,0.661800478683699
"ENSG00000103266.10",-0.00126086849520432,0.00686202724861579,0.854212899222049
"ENSG00000206053.12",0.0237634531977676,0.00976209636950814,0.014922388225536
"ENSG00000176476.8",0.0145239425224032,0.00599225199020395,0.0153596109684864
"ENSG00000169180.11",0.00902084861868626,0.0056623793332318,0.111133318788621
"ENSG00000103199.13",-0.0143861703915124,0.00319201091633902,6.57722584185283e-06
"ENSG00000261286.1",-0.00658526133003717,0.00448185972582649,0.141747514904853
"ENSG00000140945.16",0.0061061640154679,0.00390636776957686,0.118021818107241
"ENSG00000260859.1",0.00160893098247414,0.00249093817098497,0.51833527476201
"ENSG00000103196.11",-0.00759409275421907,0.00419765315637939,0.0704310868993226
"ENSG00000125148.6",0.00373374445246853,0.00665884518236091,0.574988760316842
"ENSG00000205362.11",-0.0227210656721672,0.00423844598958796,8.28970300181808e-08
"ENSG00000169715.14",0.0112755375760652,0.00374349062606535,0.00259499754939552
"ENSG00000166743.9",-0.0133830983398196,0.00429617699818819,0.00183871331638163
"ENSG00000103550.13",2.53357414804928e-06,0.00335162655862636,0.999396860160732
"ENSG00000188215.9",0.000154065821614855,0.00805988475052236,0.984749254037148
"ENSG00000102897.9",0.0100074517960884,0.00752148245176401,0.183348359819504
"ENSG00000103489.11",-0.000890014165295705,0.00717436271728399,0.901271882326488
"ENSG00000034713.7",-0.0135132393161959,0.00789127705802152,0.0868179271053588
"ENSG00000176715.15",-0.0191572603963708,0.00487923572603679,8.62686408977797e-05
"ENSG00000214353.7",-0.00675973971077288,0.00625365485784098,0.279729919693026
"ENSG00000230330.1",0.00992122981283865,0.00314482204237979,0.00160617748858194
"ENSG00000047578.12",0.0056063036835564,0.010968271857126,0.60925422832333
"ENSG00000205423.11",-0.00167059687095985,0.00666145325891437,0.801979838433638
"ENSG00000261239.6",-0.00120150224611675,0.00800823991803117,0.880738383982883
"ENSG00000272079.2",0.00147985286823623,0.00404578445042984,0.714531858239787
"ENSG00000263177.1",-0.000756693854578542,0.00364083173657542,0.835357462092374
"ENSG00000276791.1",0.0140086506607068,0.00314586509059578,8.46645323682171e-06
"ENSG00000167978.16",0.00820847875577022,0.00731851621227951,0.262030751464755
"ENSG00000276007.1",0.00392763067829505,0.00423491323878086,0.353697794234913
"ENSG00000121281.12",-0.0101161583960505,0.00803918383869534,0.208262894148039
"ENSG00000167207.11",-0.00352687662286594,0.00421039792316947,0.402222392012722
"ENSG00000261644.2",-0.00179613967927816,0.00420652875477888,0.669387656086069
"ENSG00000260213.5",-0.000461142489046615,0.00452304758567672,0.918793240865877
"ENSG00000279476.1",0.00037783389710964,0.00267673094280508,0.887747512295496
"ENSG00000280152.1",0.0116174040019913,0.00317929510762109,0.000258104100347656
"ENSG00000153774.8",-0.00445803438437295,0.006106847575881,0.465386615883187
"ENSG00000038532.14",0.00188840937001991,0.00490812052145122,0.700421137235241
"ENSG00000213853.9",-0.0102843000133936,0.00503278628054834,0.0410068728563246
"ENSG00000274038.1",0.00550076267239052,0.00381889564407983,0.14975238402684
"ENSG00000241641.1",0.0076240284500029,0.00344988333011366,0.0271094618177384
"ENSG00000153786.12",-0.0215509007025944,0.00292817151675254,1.84074977482851e-13
"ENSG00000260018.1",-0.00444767834380402,0.003320414481171,0.180409605747311
"ENSG00000278716.1",-0.00813232135845649,0.00274043861238762,0.00300207416913145
"ENSG00000135709.12",-0.00419621315780201,0.00348237301656833,0.228208437609127
"ENSG00000270058.1",-0.000641429256761849,0.00323953246333909,0.843044621993976
"ENSG00000262528.2",-0.000651180864981544,0.00443135549667267,0.883172701695583
"ENSG00000007516.13",-0.00814712847105108,0.00578429274365403,0.158985515228689
"ENSG00000103269.13",0.00620653567017744,0.00562684950181355,0.270017852262164
"ENSG00000275438.1",-0.00453410355596771,0.00452639643205923,0.316487199212114
"ENSG00000228779.1",-0.00237035257703208,0.0045768125660076,0.60452478731264
"ENSG00000197562.9",0.0025518536016988,0.00546773331420463,0.640706355197484
"ENSG00000260316.2",-0.00387409133620991,0.00314028098248215,0.217323416563685
"ENSG00000231439.4",0.00785589856373685,0.00374370807497159,0.03586743143273
"ENSG00000102935.11",-0.00268753082796385,0.00815685284253189,0.741791893687536
"ENSG00000263326.1",-0.00404944277377281,0.0050041169953741,0.418387323500654
"ENSG00000155592.15",0.00231939036276076,0.00397462470162509,0.559523426757504
"ENSG00000140750.16",-0.0114579584449874,0.00646156952712901,0.0761877956618886
"ENSG00000153815.16",0.00847900089545414,0.00415597167755131,0.0413307097136231
"ENSG00000159648.11",0.00333738867279413,0.00417416561825331,0.423980654040419
"ENSG00000159618.15",-0.00358545180306982,0.00513223397315226,0.484793133978405
"ENSG00000279019.1",0.00876082491028396,0.00485304307096271,0.0710397951844972
"ENSG00000270006.2",0.000850901655241521,0.00377396071357716,0.821616395527431
"ENSG00000261592.1",0.0061714184398932,0.00291442029472867,0.0342135529846801
"ENSG00000102900.12",0.0093365248997504,0.00456674471792973,0.0409081684881079
"ENSG00000260229.1",0.00186850942573284,0.00312120955973952,0.54940687824104
"ENSG00000260277.1",0.0012340032264538,0.00503714780285105,0.806471493365095
"ENSG00000103528.16",-0.00943867067235458,0.009709632092552,0.331004013605237
"ENSG00000261442.1",0.00277992870647993,0.00270078830920824,0.303337453604958
"ENSG00000129993.14",0.0011995714768525,0.0059811893627347,0.841044711661862
"ENSG00000259881.1",-0.0109416348035401,0.00444583581578223,0.0138512771417961
"ENSG00000121270.15",-0.00549759327227966,0.00649388441498455,0.397229213658761
"ENSG00000240793.1",-0.00738786464802494,0.00433496240574935,0.0883341776915549
"ENSG00000102921.7",0.00325236700276078,0.00826381468835299,0.693900548203856
"ENSG00000179588.8",-0.00377968383814787,0.00415088110706321,0.362519947994854
"ENSG00000274627.1",0.0161393137484452,0.00299576462894427,7.14933313661348e-08
"ENSG00000261118.1",0.0178747154739765,0.0040651040417818,1.09701030189813e-05
"ENSG00000167526.13",-0.00864903299788192,0.00566203615764524,0.126624757521899
"ENSG00000183921.7",0.0024476006960376,0.00435466183875654,0.574072095147395
"ENSG00000058600.15",-0.0125849199828734,0.00892964764974472,0.158734313393564
"ENSG00000261302.5",-0.0142244677410468,0.00462060059802975,0.00208053266841934
"ENSG00000259972.2",-0.000879997458037238,0.00638847244524018,0.89043981061892
"ENSG00000280392.1",0.00212933755358923,0.00357041200974714,0.550918547572167
"ENSG00000257838.5",0.00268573693376787,0.0044044756533251,0.542011196487218
"ENSG00000260510.1",-0.00432724487115743,0.00592083751559069,0.464870699487678
"ENSG00000155719.16",0.015611268598589,0.00563480012919262,0.00559686275557081
"ENSG00000260306.1",-0.00500970917073148,0.00343546607632535,0.14477639742908
"ENSG00000196678.13",-0.0029323456876984,0.00804943676742753,0.715639948204459
"ENSG00000005187.11",0.011767629827831,0.00534638202603571,0.0277328065085402
"ENSG00000140937.13",-0.00266231409316045,0.00728505949637209,0.714776640355609
"ENSG00000067365.14",-0.00249206387417481,0.00413209309304977,0.546442403137082
"ENSG00000260136.5",-0.00401299614677955,0.00370208301415154,0.278372205307174
"ENSG00000140983.13",-0.00261821159323091,0.0117831727481887,0.824158814539412
"ENSG00000268836.1",-0.00452757087060747,0.00443012550587472,0.306782758972982
"ENSG00000127585.11",-0.00342213486070181,0.0044115358028441,0.437911877479811
"ENSG00000103148.15",-0.0148116248642019,0.00456646902541413,0.00118045165521796
"ENSG00000103375.10",-0.0128365128800553,0.00373783038166832,0.000594272798680406
"ENSG00000005189.19",0.0180147867516604,0.00758714180684156,0.0175782671415341
"ENSG00000168404.12",0.00976110752093311,0.00673907829374731,0.147495819933305
"ENSG00000186187.11",-0.0148289612839745,0.00821097105230753,0.0709193370982137
"ENSG00000103091.14",0.00189883826137769,0.00993039205125603,0.848357282684188
"ENSG00000182149.20",-0.0141151312073087,0.0127897494685497,0.269754350599289
"ENSG00000247324.2",0.0139816596529965,0.00484152841318361,0.0038787159968644
"ENSG00000261722.1",-0.00127666378126318,0.00321734648389819,0.691510206696292
"ENSG00000278909.1",-0.00928636678930731,0.00569570352143546,0.103013581715588
"ENSG00000275155.1",-0.0108826271670526,0.00622175485726818,0.0802694090533169
"ENSG00000234719.8",0.000937505233325527,0.00221352184655248,0.671904553502546
"ENSG00000140941.12",-0.00080807581314448,0.00585779786098568,0.890280932482945
"ENSG00000261175.5",0.00158108991790317,0.00371191677560271,0.670144482801905
"ENSG00000104731.13",0.00754394955071237,0.0042245848519895,0.0741436893893401
"ENSG00000226180.3",0.0036726302262978,0.0040613152096833,0.365838581130645
"ENSG00000090863.11",0.00200435123432553,0.0084061063141615,0.811539916048771
"ENSG00000261079.1",0.00223912805014923,0.00338083444382528,0.507778711885839
"ENSG00000239763.2",0.00524208448260577,0.00427297981335899,0.219898400126994
"ENSG00000214331.8",0.000378864225610749,0.0039320264887393,0.923239880153559
"ENSG00000260064.1",0.00160431586840565,0.00363290977486226,0.658774119448544
"ENSG00000274677.1",0.000380118131981231,0.00332177686257467,0.908895214145919
"ENSG00000087237.10",-0.0102455764791914,0.00336679879940684,0.00234138086123792
"ENSG00000261114.1",-0.0139619809382092,0.00391663886695788,0.000364152636367354
"ENSG00000088682.13",-0.0126170779439257,0.00717697860991575,0.0787487054397799
"ENSG00000168447.10",0.000262696758405854,0.00679265667125475,0.969150589954608
"ENSG00000103356.15",-0.0156050122765598,0.00820009138904285,0.05703675234854
"ENSG00000261266.2",-0.000309448878804054,0.00419325139149989,0.941172007938691
"ENSG00000275040.1",-0.00412659975601708,0.0028214034704634,0.143575403764835
"ENSG00000130731.15",0.00558944796625719,0.00568948201686633,0.32589409873452
"ENSG00000162006.9",-0.00461700352424834,0.0044776921410001,0.302488151841144
"ENSG00000228201.1",0.00876778104804233,0.00362999858709102,0.0157193353781341
"ENSG00000259910.1",0.00904643745724346,0.00316700254484537,0.00428384874530108
"ENSG00000127578.6",0.0131562973691233,0.00385527306848578,0.000643590222777157
"ENSG00000261373.1",0.0139857871333377,0.00701677392647381,0.0462402789492978
"ENSG00000261253.2",-0.00155698495450186,0.00468213315871282,0.739483412281923
"ENSG00000166446.14",0.0103736252139233,0.00619135052174469,0.0938356196702184
"ENSG00000038358.14",0.0235173496704458,0.0120351057726008,0.0506938184120833
"ENSG00000279693.1",-0.0126936900437935,0.00907377794821513,0.161830344310195
"ENSG00000167261.13",-0.0389011493711789,0.00825152896739227,2.42403652006562e-06
"ENSG00000102977.13",0.0460727542710332,0.0137279234004478,0.000790401829714127
"ENSG00000141096.4",-0.00582319828281643,0.00729302688412429,0.4246029573816
"ENSG00000153406.13",0.0390989984269178,0.00808005855786523,1.30526951569454e-06
"ENSG00000246777.1",0.0135105252499633,0.00492356471348048,0.00606856368648612
"ENSG00000159593.14",0.0516585956992218,0.0109288406287572,2.28070120267265e-06
"ENSG00000125122.15",0.0244168907923003,0.0141908015333104,0.0853209040519189
"ENSG00000246898.1",-3.47655732490286e-06,0.00283427120135897,0.9990213037068
"ENSG00000135723.13",-0.0483676951387782,0.00659341091428657,2.20490292690556e-13
"ENSG00000229809.8",0.0165180835262741,0.00874172560173255,0.0588157822751708
"ENSG00000140675.12",-0.0208217819933521,0.00526539005888338,7.67072388168089e-05
"ENSG00000261474.1",-0.0312894197139485,0.0117103072475293,0.00754106508361063
"ENSG00000080603.16",0.0094471786120714,0.0142848454828488,0.508392548745557
"ENSG00000259810.2",-0.0104718114416386,0.00500063714043487,0.0362514790542221
"ENSG00000103260.8",-0.0240103974883799,0.00629762741944812,0.000137506979318469
"ENSG00000263325.1",-0.0144571061307846,0.00516844756964327,0.00515499415150444
"ENSG00000177200.16",0.0100535417516058,0.00795315329858367,0.206195911517065
"ENSG00000205078.5",0.0186088867901273,0.00310071036760114,1.95513227829736e-09
"ENSG00000226348.1",0.00598520036693899,0.00348440339293323,0.085849219901046
"ENSG00000140718.20",0.0240634936029097,0.00896101912524199,0.00724533833734964
"ENSG00000176842.14",-0.0241770823313135,0.00521836487053222,3.6027177210407e-06
"ENSG00000261804.1",-0.0128222972481285,0.00509662732224919,0.0118749186018605
"ENSG00000103274.10",0.00545031226030851,0.00671990006306901,0.41732522364507
"ENSG00000140955.10",-0.00887755536585209,0.00344295763657237,0.00992395514040845
"ENSG00000103194.15",-0.000959998707660203,0.00593137443520484,0.871423213643531
"ENSG00000250685.7",-0.00595510162506972,0.00468044718743169,0.203253749772618
"ENSG00000273551.1",0.0114748277429444,0.00393164218990326,0.00351625194953775
"ENSG00000170537.12",-0.013281745276864,0.00949592846629007,0.161909594626797
"ENSG00000183044.11",-0.0345324146324072,0.00751183393421701,4.28476925395938e-06
"ENSG00000066654.13",-0.0051381486411461,0.0123597657361977,0.677618052820596
"ENSG00000258429.1",0.00440339456215542,0.00701199525580598,0.530016875431579
"ENSG00000167264.17",-0.0311417285140154,0.0110020024274237,0.00464679083451858
"ENSG00000260228.5",-0.00594179981618538,0.0028802000236722,0.0391143710133334
"ENSG00000260932.1",0.00134158134916958,0.0024338662484055,0.581486928004924
"ENSG00000140853.15",-0.0116964867777112,0.00608790436102803,0.0546981167026975
"ENSG00000260060.1",0.0126203580551261,0.007608385563316,0.0971675439556247
"ENSG00000103549.21",0.0183968737233947,0.00951277368411269,0.0531238638836357
"ENSG00000196118.11",0.0297142103536481,0.00992022682156657,0.00274160995412176
"ENSG00000166851.14",-0.00402705697947196,0.00468674895833754,0.390206376755987
"ENSG00000175595.14",0.0025969924997566,0.00731170549408786,0.722452601275328
"ENSG00000279662.1",0.00664549794721713,0.00526677191425566,0.207028611293483
"ENSG00000267072.2",-0.000815693540071043,0.00323599410112214,0.800987792232014
"ENSG00000090581.9",0.00218953358765518,0.00460495106984794,0.634449302787285
"ENSG00000007520.3",0.00442603897360194,0.00710986089453306,0.533599223133405
"ENSG00000260439.1",0.00178641550382774,0.00355865284297473,0.615673099792292
"ENSG00000277559.1",-0.0124930668092952,0.00677998924429088,0.0653818605574426
"ENSG00000159387.7",0.00274252765755285,0.00390155670340516,0.482098351232579
"ENSG00000126603.8",-0.0088304395287321,0.00907527779567035,0.330542665071867
"ENSG00000205832.7",-8.47553852231807e-05,0.00391721063147391,0.982737783679053
"ENSG00000118894.14",-0.000567871416194287,0.00544082707436915,0.916873936007764
"ENSG00000276096.1",-0.00315465527152288,0.0032603743515698,0.333256888745332
"ENSG00000262712.1",-0.00318140872240471,0.00391600502723405,0.416555373247536
"ENSG00000278434.1",0.00246591674182968,0.00452253751615624,0.58558110668372
"ENSG00000176953.12",-0.0153292832441964,0.00823865248623443,0.0627930273558972
"ENSG00000260908.1",-0.00202267888963851,0.00708737251801111,0.775343892952411
"ENSG00000162066.14",-0.0171241290892129,0.00738061405037539,0.0203327833677077
"ENSG00000127564.16",-0.019378994097214,0.0053522457086167,0.000293781983297103
"ENSG00000183196.8",0.00408603237685634,0.0048367090062864,0.398224753495942
"ENSG00000279741.1",0.00202721337836432,0.00489061589325015,0.678500018541775
"ENSG00000279722.1",-0.00199500105311594,0.00395745426265441,0.614182520317845
"ENSG00000140650.11",0.0138590540343041,0.00676777787913791,0.040579622184016
"ENSG00000260276.2",-0.0156132405009271,0.00715138665956375,0.0290176558335202
"ENSG00000140848.16",-0.015074894317939,0.00574397226978376,0.00867834310048843
"ENSG00000246379.6",-0.00558890511725337,0.00541616723349793,0.302122240172586
"ENSG00000135702.14",-0.00229591571478884,0.00361685044250097,0.525569854721306
"ENSG00000167513.8",-0.0124691734093437,0.00495175038139377,0.0117978263795246
"ENSG00000198931.10",0.0232650158902241,0.01009927742918,0.0212433253762367
"ENSG00000103335.21",0.0138033861875085,0.00442826218413137,0.00182632594627274
"ENSG00000259209.3",-0.0156946224638477,0.00373421815451761,2.63493015443261e-05
"ENSG00000280067.1",0.00840141100420295,0.00921823429076625,0.36208966619813
"ENSG00000175643.8",0.00438173797314511,0.00279258355255301,0.116633389697379
"ENSG00000275056.1",-0.00363814539011905,0.0045932590738198,0.428324599310156
"ENSG00000162086.14",-0.00237700506902668,0.00935192434570526,0.799362040636499
"ENSG00000281005.1",0.00950278252598233,0.00514366753283492,0.0646787405474614
"ENSG00000261560.1",-0.00291090308857539,0.00434335515324157,0.502732290164442
"ENSG00000263307.1",0.0108683867072081,0.00371133128865377,0.00340674748317782
"ENSG00000261216.1",0.00581173678440301,0.00335993271297932,0.0836806343044119
"ENSG00000103381.11",-0.00353540562302196,0.00566246899168007,0.532392755432902
"ENSG00000262703.1",0.00505113863876723,0.00286484833196864,0.0778762946336601
"ENSG00000125107.17",0.00879253575434408,0.00929071521434274,0.343955423306962
"ENSG00000262420.3",-0.00371519680072795,0.00339291225175599,0.27352207451244
"ENSG00000141084.10",0.0418227243408684,0.00754713615035535,2.99830447136884e-08
"ENSG00000039068.18",0.0243339863482753,0.0119040227466263,0.0409355929368538
"ENSG00000188038.7",0.00509645098358434,0.00848337527032253,0.548001541316473
"ENSG00000280153.1",0.00703059568348829,0.00624278618364329,0.260082915053772
"ENSG00000262222.1",0.0065895290207031,0.00475115071246882,0.165462109976758
"ENSG00000180422.3",0.00678122854204757,0.00397869753177903,0.0883093650778889
"ENSG00000260121.1",0.0183546729625403,0.00350708001838755,1.66235132326165e-07
"ENSG00000261546.1",-0.00262506996947895,0.00373863290613473,0.482587479071582
"ENSG00000260630.6",-0.00398520363583068,0.00394958049168869,0.31296529414
"ENSG00000051523.10",0.00958036919493281,0.00615935154910966,0.119846436821202
"ENSG00000167515.10",-0.00538186941555763,0.00592531668158444,0.363728275779231
"ENSG00000261327.4",0.00145735702135373,0.00328725202629903,0.657522751721469
"ENSG00000205037.2",-0.0104018677599173,0.00274255313280944,0.000148977329472944
"ENSG00000140876.11",0.00606670944466739,0.00438979976852683,0.166971269922046
"ENSG00000256812.1",-0.0137324205324798,0.00494978478595069,0.00553126463892772
"ENSG00000140968.10",0.00428213549886147,0.00368078587661954,0.244677252657218
"ENSG00000172366.19",-0.0194644840775198,0.00680831461162796,0.00425074700954564
"ENSG00000065054.13",0.0136898288074097,0.00585533685902602,0.019386794268482
"ENSG00000251692.7",0.00601820429273797,0.00343993346169354,0.080202585357231
"ENSG00000103197.16",0.0120711219551938,0.00704091653868956,0.086450736389033
"ENSG00000162065.12",0.0124361379682314,0.00722969506792937,0.085405732076008
"ENSG00000131634.13",-0.0186822212650585,0.00526871857641836,0.000391310712695714
"ENSG00000004779.9",-0.0199266636053178,0.01113439087943,0.0735101811175484
"ENSG00000170540.14",0.0157855322830643,0.012624966846334,0.211174468919772
"ENSG00000070770.8",0.00266596718202661,0.00828328855769442,0.747567178577565
"ENSG00000243716.10",0.0162140551735366,0.00677359785226882,0.0166787540825829
"ENSG00000237296.9",-0.00735347265799216,0.00431419476230293,0.0882908449392114
"ENSG00000180747.15",-0.00483745355252396,0.00488749759670987,0.322291047087608
"ENSG00000248124.7",-0.00265797847800222,0.00659051673834104,0.686724966079663
"ENSG00000169246.16",-0.00387977762040749,0.00450911636750647,0.389552222754668
"ENSG00000140743.7",0.0150144410891162,0.0145105985473677,0.300798580434729
"ENSG00000280182.1",0.00134501560736061,0.00370545363087355,0.716617798843077
"ENSG00000187185.4",-0.000208397847097212,0.00315688538859026,0.947366877338633
"ENSG00000234186.2",-0.00495589746721185,0.00380800792674063,0.193107563266154
"ENSG00000103253.17",0.00130828654882311,0.00402552987408582,0.745183075928246
"ENSG00000103202.12",-0.00945511519648135,0.00806711912775542,0.241174582644061
"ENSG00000260394.2",0.00697514267991067,0.0030199321964253,0.0209046718504685
"ENSG00000206172.8",0.00257934339492644,0.00442656608419564,0.560097807655265
"ENSG00000161996.18",0.00885059128076897,0.00452597308372441,0.0505227568649504
"ENSG00000059145.18",0.0139679127154297,0.00639259907940917,0.0288878862801268
"ENSG00000185716.11",-0.0129886890517213,0.0100085410233763,0.194369652042445
"ENSG00000158482.10",-9.67146454062491e-05,0.00535653436993306,0.985594616871487
"ENSG00000140623.13",-0.016280254907591,0.0032570949577225,5.78087573921415e-07
"ENSG00000050820.16",0.00391577340561833,0.00592691729656357,0.508819967428999
"ENSG00000259804.1",-0.0201554522441249,0.00584684716410301,0.000566357127452233
"ENSG00000103066.12",0.00915360645175664,0.00755193067525176,0.225478600257296
"ENSG00000237718.2",0.0370341822137824,0.00814726446386772,5.47797198746647e-06
"ENSG00000070761.7",-0.0040887253355192,0.00515922873357176,0.428065061017158
"ENSG00000125170.10",0.00133318711437815,0.00856186382398936,0.876259837708344
"ENSG00000270020.1",0.00110855088826232,0.00194134351630331,0.567984370022701
"ENSG00000171490.12",-0.0049484618053638,0.00874544287840202,0.571507184702552
"ENSG00000122299.11",-0.00152613114755725,0.0068936741985311,0.824795484832511
"ENSG00000185669.5",-0.0110552131128809,0.00397716083471621,0.00544133862730012
"ENSG00000103342.12",0.00248324533688079,0.0127577125517483,0.845669621347257
"ENSG00000261218.5",0.00186765836233869,0.00292788995232591,0.523548258141218
"ENSG00000166188.2",0.0042540887615929,0.00689212055522359,0.537076792593404
"ENSG00000196436.8",0.001682902038414,0.00361478927604606,0.641530332982371
"ENSG00000166869.2",-0.00143405872815249,0.00545538664669746,0.792650604620392
"ENSG00000279622.1",0.00972684784304598,0.0023452899498267,3.36277084047598e-05
"ENSG00000131143.8",0.00140447874133489,0.00517385068618325,0.786039455141362
"ENSG00000197445.2",-3.50388156312467e-05,0.00447383419888147,0.993751077270434
"ENSG00000261141.1",0.00100836753646733,0.00356577436054708,0.777337346358063
"ENSG00000168367.9",-0.00323095716428322,0.00272871230131467,0.236389591625931
"ENSG00000260816.2",-7.0700837406259e-05,0.0039668540134997,0.985780137105917
"ENSG00000153048.10",-0.00778500705152348,0.00596488118277968,0.191845064854888
"ENSG00000276408.1",-0.00224629898842381,0.00360492294407195,0.533205776528641
"ENSG00000102924.11",-0.00309693260676767,0.00354449308162711,0.382264899511007
"ENSG00000166669.13",-0.00939621523201589,0.00367457336800249,0.0105551869939995
"ENSG00000187193.8",-0.0205353316884156,0.0070636632378614,0.00364704726011811
"ENSG00000205364.3",-0.0131722412983117,0.00589296759763423,0.0254011023211668
"ENSG00000087250.8",-0.00117609551287333,0.005904882721906,0.842127113615552
"ENSG00000260530.1",0.00843546853528094,0.00311004357716392,0.00668117801044743
"ENSG00000262899.1",-0.00288327613017272,0.00391556733657288,0.461510247550145
"ENSG00000261471.1",0.00178252359494762,0.00255519170284143,0.485422029154607
"ENSG00000245888.6",-0.0158689626144079,0.00502193194207895,0.0015780605414496
"ENSG00000262155.1",-0.00246518059742889,0.00441512787315452,0.576606344018193
"ENSG00000118898.15",-0.00580072177298037,0.00335526477010578,0.0838374240124733
"ENSG00000260260.1",0.00520967134382069,0.00638361272464871,0.41444249607071
"ENSG00000162068.1",-0.00381359360640455,0.00388013240763688,0.325680575370669
"ENSG00000059122.16",-0.00875194661884842,0.00250391775842305,0.000473527148536546
"ENSG00000162073.13",-0.0158791393710912,0.00669222887408814,0.0176551150155598
"ENSG00000167977.8",-0.000664033925182952,0.00691207817605683,0.923466060577414
"ENSG00000279344.1",0.00912464639574057,0.00340071716894696,0.0072931492937558
"ENSG00000214940.8",0.00872352337774796,0.00549548015954115,0.112422154580973
"ENSG00000261210.7",-0.0053201761947088,0.0057245583877448,0.352702494864048
"ENSG00000140961.12",-0.00264839820269783,0.00270286511096439,0.327160929763371
"ENSG00000260741.1",0.00365290189706998,0.00578843651750211,0.527995516556871
"ENSG00000214725.8",0.00237237242582034,0.00415991703977288,0.568478848062016
"ENSG00000259982.1",-0.00299497422494692,0.00308001986325939,0.330857580484326
"ENSG00000222375.1",0.017820516995043,0.00645747221385639,0.00578590987022909
"ENSG00000168488.18",-0.0116593906379982,0.0118447355996958,0.324942409535584
"ENSG00000277440.1",-0.00644369748690185,0.00500203499828571,0.197671064289202
"ENSG00000167984.17",-0.010199734499516,0.00523091622792199,0.0511887012755595
"ENSG00000263235.1",-0.00412555837682788,0.00520461557655926,0.427968350037687
"ENSG00000188827.10",-0.00391454652850389,0.0046699628062639,0.401896298083689
"ENSG00000183454.16",-0.00114101824695413,0.00339796823913364,0.737026015280674
"ENSG00000103264.17",-0.00679111117582339,0.00555527438371776,0.221533010343963
"ENSG00000103248.18",-0.00842962107804964,0.00372494914830009,0.0236346772438626
"ENSG00000140948.11",0.00328759065566751,0.00684826480295236,0.631183415861437
"ENSG00000277214.1",-0.00837572945697993,0.00255301401121138,0.00103541712294319
"ENSG00000205336.11",0.0317628746678593,0.00730716152772384,1.38129029633172e-05
"ENSG00000102978.12",0.0210440763810146,0.00617420389044609,0.000653481401973854
"ENSG00000172137.18",0.0246216141734256,0.00682713469723887,0.000310433160213841
"ENSG00000278893.1",-6.99794421710552e-06,0.0042999596351751,0.998701488000545
"ENSG00000185615.15",-0.00439246264317423,0.00473724354995698,0.353812794270567
"ENSG00000103111.14",-0.00724441932918453,0.0048994818737364,0.139244773048534
"ENSG00000228695.10",0.0113385695830412,0.00233282443737058,1.17120986031782e-06
"ENSG00000260876.5",0.00105758605018249,0.00291994104556972,0.717206826693296
"ENSG00000179219.5",-0.00204439116269441,0.0027533441131276,0.457777157888401
"ENSG00000261243.1",0.000375452225317981,0.00228735621875812,0.869619014507421
"ENSG00000103187.7",-0.0105478568426605,0.00417482241884286,0.011519219071552
"ENSG00000064270.12",-0.00534480311179223,0.00378058842344333,0.157435611992399
"ENSG00000261123.1",0.0131340522705166,0.00418143819969899,0.00168350738738199
"ENSG00000180185.11",0.00391581035856735,0.00397694964567101,0.324807524888817
"ENSG00000127554.12",-0.0311180987590445,0.00791517321683654,8.44354570364025e-05
"ENSG00000243445.1",0.00327190781980333,0.00395710015585186,0.408325014830916
"ENSG00000095906.16",0.0127186247500517,0.00786672881452797,0.105929759950205
"ENSG00000279520.1",-0.000755226768148728,0.00609933293482212,0.901456839976762
"ENSG00000197774.12",-0.0603086390066391,0.0114874213479186,1.52122433649815e-07
"ENSG00000103319.11",-0.0158790313344332,0.00807023507468471,0.0491135546450753
"ENSG00000261226.1",-0.00845963052879907,0.00529885610740677,0.110376921442143
"ENSG00000170100.13",-0.0225854993784557,0.00508724128142152,9.01111690432277e-06
"ENSG00000197912.14",-0.0131789731337892,0.00670162305190041,0.0492368977895815
"ENSG00000267077.1",-0.0189056813478225,0.00265562240801637,1.08624220729325e-12
"ENSG00000267795.5",-0.0139959625781932,0.00485065639609489,0.00390947708662204
"ENSG00000275191.1",-0.0109925840527541,0.0039741350019731,0.00567429898326688
"ENSG00000261766.1",-0.00767712771701321,0.00832414728756627,0.356386730960126
"ENSG00000196502.11",-0.00558351763681276,0.00469299046027416,0.234141966275398
"ENSG00000198650.10",-0.0109641446743257,0.00400137940785657,0.00614221302480811
"ENSG00000259725.1",-0.00195894093024289,0.00364318502415486,0.590784114291102
"ENSG00000087245.12",0.0100454337581056,0.00604663399388853,0.0966478750225767
"ENSG00000135740.16",-0.0235529441814781,0.00690961319065598,0.000652681737717598
"ENSG00000172840.6",-0.0198220503053587,0.00700473959788287,0.00465763164505684
"ENSG00000102871.15",0.00990935100332391,0.0128196782664861,0.439534397283607
"ENSG00000159723.4",0.00422745916838659,0.00697885824127295,0.54467927384257
"ENSG00000159713.10",0.0171678131596714,0.0100606104858883,0.0879264658632191
"ENSG00000103175.10",0.00827036763836747,0.00712410247697765,0.245682735974828
"ENSG00000176678.5",-0.0042849485514585,0.00392370623423246,0.274803826003822
"ENSG00000103226.17",-0.00635648316396938,0.00507060432576648,0.209989325952958
"ENSG00000274751.1",0.00656862962954007,0.00360716448417716,0.0686075688902096
"ENSG00000238098.9",-0.00720248476908335,0.00618808375501668,0.244453137614228
"ENSG00000103254.9",-0.0143445155070781,0.00517301276574931,0.0055550333264015
"ENSG00000197599.12",0.000769224319588538,0.00368279184838384,0.834549811854657
"ENSG00000167945.1",-0.00667665721474248,0.00328786799777494,0.0422859404525608
"ENSG00000260022.1",0.00234183882482815,0.00425199145092835,0.581796270845473
"ENSG00000260778.5",-0.00983777098605663,0.00555823135398486,0.0767360878423875
"ENSG00000261158.1",0.00132835052360975,0.00382217499354188,0.728187279568347
"ENSG00000260279.2",-0.0167677231693247,0.0035039912366529,1.70714194069888e-06
"ENSG00000158545.15",0.00962202790456179,0.00677407454979126,0.155485575393105
"ENSG00000167395.10",-0.0227130124061918,0.014787091083954,0.124537708592372
"ENSG00000140691.16",0.00464724603439348,0.0129793990278909,0.720307498095615
"ENSG00000099365.10",-0.0236541297423935,0.0069580009975268,0.000674947997988395
"ENSG00000156885.5",-0.0076557641776722,0.00871149745973433,0.379503488138851
"ENSG00000099364.16",0.052730089036998,0.0156421063984041,0.000748863274745659
"ENSG00000274678.1",0.0105454330698959,0.00999103433852946,0.291201452833054
"ENSG00000197302.10",-0.0209618389455507,0.00868307012101762,0.0157739361101904
"ENSG00000260267.1",-0.00996036227210503,0.0092798973245328,0.283124525754401
"ENSG00000103313.12",0.00570705392642273,0.00430814538934222,0.185266535090571
"ENSG00000140990.14",-0.005779362843442,0.00774523251773275,0.455556719459006
"ENSG00000262312.2",0.00319217159627989,0.00515691464949043,0.535911066600976
"ENSG00000263011.1",0.0151692623256578,0.00456236686414987,0.000884607719400354
"ENSG00000118900.14",0.0119768216593313,0.00498815804424701,0.0163480596740686
"ENSG00000140993.10",0.00117346862204516,0.00467660621111432,0.801873548870645
"ENSG00000067836.12",0.0291445680912211,0.00619183183192234,2.51465436018616e-06
"ENSG00000263013.1",-0.00291954578649387,0.00493828286092527,0.554381951366397
"ENSG00000166822.12",-0.00228054346816774,0.00734258628593277,0.756111336907122
"ENSG00000065427.14",0.0163888863600569,0.0111298949736981,0.140883094363825
"ENSG00000102967.11",-0.00375479714223474,0.0061515042339994,0.541605593148182
"ENSG00000260750.5",-0.000441446047030946,0.00272274787152993,0.871201476529928
"ENSG00000268388.5",0.00276137664773018,0.00551080000065043,0.61631163130938
"ENSG00000103160.11",-0.00704205862713856,0.00320387912458324,0.0279506115311131
"ENSG00000156858.11",0.0203772201213086,0.0130844851667766,0.11938564853984
"ENSG00000260494.1",-0.000277787300006605,0.00728316916637367,0.969575267844289
"ENSG00000156860.15",0.0272253949898065,0.0141490643955493,0.0543315977458626
"ENSG00000099385.11",-0.0178281925643434,0.0129010566074542,0.166997113218633
"ENSG00000102879.15",-0.0122388763568947,0.0142359173913178,0.389944435329697
"ENSG00000149926.13",0.0111659239467292,0.00460171117107576,0.0152464209413757
"ENSG00000261235.1",-0.00256970809468157,0.00312704627653659,0.411208670838407
"ENSG00000279841.1",-0.00175971537675469,0.00288575200798143,0.541998020191982
"ENSG00000184730.10",-0.0176491380890807,0.00787307765163194,0.0249802757003449
"ENSG00000131153.8",0.00373062818909271,0.00433114054895981,0.389045270040347
"ENSG00000263968.2",-0.00618009011140817,0.00349108821091766,0.0766859227885157
"ENSG00000259803.6",-0.00158270847713952,0.00275286097660267,0.565337137065716
"ENSG00000153789.12",-0.00416905771592536,0.00298114193892804,0.161969947130914
"ENSG00000278214.1",-0.00323855536657594,0.00376306745690272,0.389449672659403
"ENSG00000260183.1",0.000153157488577007,0.00385728547555393,0.968327495100078
"ENSG00000159461.14",-0.000208967438648861,0.0082963033030879,0.979904994011299
"ENSG00000259877.2",-0.00511211052699466,0.00579564041699737,0.377743620781517
"ENSG00000205018.2",-0.00231168458042099,0.00309584812246304,0.45524178587687
"ENSG00000261329.5",-0.000729595533882893,0.00361618350463344,0.840105575297028
"ENSG00000168925.10",-0.00152322676681509,0.00361072239348984,0.673125708315525
"ENSG00000260095.1",0.025065294349121,0.00598808332696958,2.84085101061038e-05
"ENSG00000277142.1",0.00326043777056947,0.00433031484748238,0.451490062573118
"ENSG00000103249.17",0.0128418112205211,0.00375653344204432,0.00062961057133204
"ENSG00000167968.12",0.00564211807214909,0.00882388005107464,0.522553228590916
"ENSG00000065057.7",-0.00241423663179533,0.00761662790935479,0.75126695536792
"ENSG00000138834.12",-0.0111459711149106,0.0088280225439086,0.206744785781283
"ENSG00000127588.4",0.00407836119200494,0.00367435534071697,0.267019343588476
"ENSG00000213658.11",-0.0147004829826115,0.00974828654416452,0.131552771276571
"ENSG00000178952.10",0.018274874078084,0.00757515098833426,0.0158445569064486
"ENSG00000196993.8",0.000689790636474312,0.0036413970419678,0.849755642441919
"ENSG00000178188.14",0.00282954005449821,0.0118283643017108,0.810937699349968
"ENSG00000185164.14",-0.00551582052509592,0.0113110957020261,0.625799983777047
"ENSG00000166828.2",-0.000197155785329611,0.00872935634527336,0.98198101002558
"ENSG00000262267.5",-0.00474127505453507,0.00513213190516546,0.35556898500973
"ENSG00000167523.13",0.000830811022533172,0.00851448094723,0.922268793479237
"ENSG00000162069.14",0.0346838167412232,0.0075922632425477,4.91671044300368e-06
"ENSG00000260456.6",-0.00520795222973144,0.00276954511060901,0.0600486859922419
"ENSG00000276337.1",-0.00815734292876064,0.00426588269353772,0.0558468781321355
"ENSG00000260884.1",-0.000781156867794272,0.00510313224388319,0.878339918792532
"ENSG00000122390.17",0.028843021296943,0.00647514906420542,8.4121025634154e-06
"ENSG00000010539.11",0.000728237036440229,0.00505784593763271,0.885514954686148
"ENSG00000103047.7",-0.0149160366220037,0.0118596695651413,0.20849630014226
"ENSG00000103044.10",0.00358349054736123,0.00702651368345038,0.610054595669564
"ENSG00000166816.13",-0.0167954209245643,0.00707494116126994,0.0175998473070612
"ENSG00000070915.9",-0.00867172774376802,0.00369141050010624,0.0188156298636272
"ENSG00000276166.1",-0.000115510229222657,0.00648251353169413,0.985783454029828
"ENSG00000183549.10",-0.00322448924410788,0.007351592176028,0.660943420429958
"ENSG00000169340.9",0.0024875483901579,0.00529641014498847,0.638593039098644
"ENSG00000077238.13",0.0166832876638457,0.00912183537624044,0.0674086288047611
"ENSG00000176046.8",0.00829615434567825,0.00721948209801825,0.250500616047403
"ENSG00000122304.10",0.0043024498817525,0.00313955073159019,0.170561122169289
"ENSG00000175646.3",0.00187000348446857,0.00318190531364816,0.556734154162061
"ENSG00000182108.9",-0.00185760757479723,0.00323468806550188,0.565780241700373
"ENSG00000150394.13",0.00789053042246311,0.00487417429418627,0.105480717061197
"ENSG00000279225.1",0.00120301739018813,0.00473715429996499,0.799531404641223
"ENSG00000260577.2",0.0295413968238581,0.00637719744053748,3.61542032178974e-06
"ENSG00000102901.12",-0.0569076874306211,0.0151068363880451,0.000165210720953324
"ENSG00000102898.11",-0.0328626371063766,0.0184947179795878,0.0755902758373472
"ENSG00000062038.13",0.0409949687295906,0.0124693073274181,0.00101020145244601
"ENSG00000087253.12",0.00223405470933642,0.00672123587962216,0.739596685243431
"ENSG00000140859.15",0.000221060861724273,0.00625286228642037,0.971797825531692
"ENSG00000131165.14",-0.000333804212395393,0.00575825379145354,0.953772768306589
"ENSG00000103415.11",0.0522492173732142,0.00592198127887748,0
"ENSG00000217930.7",-0.0211636391968628,0.00504355773376002,2.71463301749764e-05
"ENSG00000213918.10",-0.0165772240622595,0.01189778977882,0.16352823795627
"ENSG00000167971.15",-0.00522441247755269,0.00565074074105321,0.355198178293173
"ENSG00000279057.1",0.00788949300064874,0.00411602524503305,0.0552665620966006
"ENSG00000270184.1",-0.000696167703006334,0.00310589745280168,0.822645400515615
"ENSG00000131148.8",-0.0103128154043891,0.00567267699741859,0.0690671337128463
"ENSG00000176692.5",0.00511971490328647,0.00413946713896382,0.216159373381592
"ENSG00000205084.10",-0.00497433695120554,0.00499048046720629,0.318878523760793
"ENSG00000280274.1",-0.00256776617551503,0.00337617452101833,0.446922948476664
"ENSG00000278058.1",0.000777096593893287,0.00398409461124357,0.845354013197642
"ENSG00000176723.9",-0.00903010505679108,0.00777266210928405,0.245325798116015
"ENSG00000260487.1",0.0209675688145919,0.00419673143676615,5.84811881254588e-07
"ENSG00000103490.13",-0.00976041513206558,0.014914502975936,0.512838398319708
"ENSG00000169957.9",-0.0532497882846955,0.00916755225745465,6.30325247552577e-09
"ENSG00000099377.13",-0.0142910458435802,0.00740372441095457,0.0535757552788152
"ENSG00000162032.15",0.0157983714670569,0.00854255711627152,0.0644040222934829
"ENSG00000183336.8",0.00789795874719977,0.00586978491621114,0.178454851972569
"ENSG00000155714.13",0.00122577211109231,0.00430799201636606,0.776000842199375
"ENSG00000275494.1",0.000301621357480827,0.00526623781140299,0.954326499782134
"ENSG00000102970.10",0.000248480275324337,0.00355030555458737,0.944202876751706
"ENSG00000103479.15",-0.0306761182480752,0.00463746784552,3.71948027932945e-11
"ENSG00000051108.14",-0.0323577141321771,0.00707956993296797,4.8638492646802e-06
"ENSG00000158717.10",-0.00132971856425391,0.00427207529681677,0.755604324303409
"ENSG00000268218.1",-0.01311604961452,0.00516720682532114,0.011138453352001
"ENSG00000255198.4",0.00679940792894065,0.00409076431634044,0.0964854455345685
"ENSG00000005001.9",0.00502449976087916,0.0118632985178745,0.671906343960158
"ENSG00000197943.9",0.000761113117419449,0.00415390783967514,0.854618956990096
"ENSG00000277999.1",0.0041764745330073,0.00432587082332662,0.334312229343764
"ENSG00000149923.13",-0.014853432359907,0.0144455007717025,0.303837251421628
"ENSG00000156853.12",-0.0277010940040272,0.0136251389240435,0.0420437253722076
"ENSG00000260852.1",-0.0248517713917114,0.00718103649911775,0.000538672993967926
"ENSG00000099381.17",0.0410172505068557,0.0150056515936033,0.0062673976879557
"ENSG00000169896.16",0.0134385632141566,0.0135450503781207,0.321130067011232
"ENSG00000103507.13",0.014260721065089,0.00959692597660145,0.137287691098819
"ENSG00000161981.10",0.00139782785168268,0.00616687139189924,0.820682485915468
"ENSG00000134419.15",0.00613671744944469,0.00949118699871265,0.517910233498346
"ENSG00000179583.18",0.00484033305671549,0.00703044653166625,0.491149555218524
"ENSG00000155393.12",0.0133035866158841,0.00368930645089106,0.000310970160678159
"ENSG00000140807.6",-0.00222021389411148,0.00774820651103817,0.774460331420222
"ENSG00000090447.11",-0.0266185609391706,0.00485620423902365,4.22089642126977e-08
"ENSG00000262686.1",0.0107203625579336,0.00338887453404475,0.00155938410703138
"ENSG00000103126.14",-0.00902635980395206,0.00838031971605294,0.281439993980239
"ENSG00000168140.4",0.00555367557449555,0.00736863048867752,0.451034372223768
"ENSG00000162076.12",-0.00976437892662302,0.00567144413969108,0.0851285575242398
"ENSG00000184860.9",0.00296530220387006,0.00705291452743484,0.674166659866682
"ENSG00000262185.1",0.00257863302522758,0.00376317023284109,0.493199485446135
"ENSG00000280063.1",-0.00127200777992326,0.00482163304959116,0.791924288458533
"ENSG00000103145.10",0.00131449069397123,0.00924206496227595,0.88689903736944
"ENSG00000102858.12",0.0126041873585253,0.00337649194010325,0.000189269815061288
"ENSG00000103184.11",0.00693069124489667,0.00372895509420188,0.0630817532699902
"ENSG00000261659.2",-0.00404615703289468,0.00306941580439839,0.187430913815158
"ENSG00000103152.11",-0.0148771478337077,0.00823761476813102,0.0709180444727955
"ENSG00000278341.1",-0.0121419839771439,0.00321633898510721,0.000159946943653622
"ENSG00000275734.1",0.00961004926577368,0.00380314688574261,0.0115084825907457
"ENSG00000175267.14",-0.000421661733962395,0.00510435448920493,0.93416305014811
"ENSG00000275445.1",-0.000614934641604901,0.00452933403132708,0.892005383960641
"ENSG00000132612.15",-0.0157539230966462,0.010620619630154,0.137985770800767
"ENSG00000140829.11",0.0463150468887298,0.0140498643667336,0.000979058254667375
"ENSG00000103051.18",-0.00940977169592098,0.00751347242964699,0.210429050649795
"ENSG00000166971.16",-0.0255146788037514,0.0082517003590549,0.0019877865760648
"ENSG00000166246.13",0.00386239765769452,0.0045743098595194,0.398464190243352
"ENSG00000279206.1",0.0163887078574317,0.00504119797206113,0.0011501805280304
"ENSG00000171241.8",-0.0119939074260145,0.0109551839101674,0.273597383409871
"ENSG00000182685.7",0.0253801811556513,0.00629148453133454,5.48229771196729e-05
"ENSG00000260807.6",-0.00228233956474852,0.00563598248800452,0.685507944387088
"ENSG00000260646.1",-0.00360205523601956,0.00494873828588484,0.466691053717018
"ENSG00000188536.12",0.00576198431977445,0.0051341104966376,0.26173721518549
"ENSG00000103510.19",-0.0235098258928849,0.00715812144468452,0.00102215374374481
"ENSG00000261840.2",0.0131562785671093,0.0085241262408341,0.122729710743376
"ENSG00000276867.1",-0.0113890383600541,0.00655273406674135,0.0822004198706424
"ENSG00000275263.1",-0.0272122756591958,0.00543713280001311,5.58926546601057e-07
"ENSG00000260911.2",-0.0125746175307643,0.00639195164262861,0.0491534829743449
"ENSG00000279196.1",0.00778442852568825,0.00711420660095806,0.273863347624578
"ENSG00000151006.7",0.0214797015575482,0.00849683409575855,0.0114725697810901
"ENSG00000167965.17",-0.0571858857642501,0.00911238460650392,3.48238216041352e-10
"ENSG00000167969.12",-0.0061993212548689,0.00614465881958646,0.313024548849597
"ENSG00000183971.6",0.000964996645776517,0.00364858111892521,0.791405869347122
"ENSG00000261294.1",0.00334688650995598,0.00322139329331573,0.298825110688399
"ENSG00000090905.18",0.016374078741468,0.00713351441803483,0.0217117384478659
"ENSG00000141098.12",0.0194337889300215,0.00850923205176141,0.0223804909513041
"ENSG00000205220.11",-0.00436405086458025,0.0156599480329093,0.78049352222993
"ENSG00000132600.16",-0.0261644972982952,0.00507113811908545,2.47620610349664e-07
"ENSG00000166595.11",-0.0205041664091266,0.0124403078015048,0.0993107943753523
"ENSG00000102904.14",-0.00209381131161846,0.00969710162519427,0.829049051708915
"ENSG00000102890.14",-0.0261179907119031,0.0192842575519151,0.175618846382378
"ENSG00000103056.11",0.0166913728728578,0.0126922337681132,0.18848116172727
"ENSG00000213398.7",-0.00849286453106416,0.0130867302954372,0.516359290010511
"ENSG00000261056.2",-0.000583130669627459,0.00390193499565075,0.88120129341231
"ENSG00000224631.4",0.00630725407456791,0.00492051441072631,0.199902923405123
"ENSG00000261812.6",0.00228375767814815,0.00437108998774681,0.601344037887166
"ENSG00000102893.15",0.0147358432999481,0.0169494792166608,0.384629477683141
"ENSG00000260954.1",-0.0014938839451558,0.00333701299569218,0.654390653890283
"ENSG00000033011.11",-0.0379867166486942,0.00761983659553072,6.18848437050623e-07
"ENSG00000168101.14",0.0228940570934365,0.00968727994578179,0.0181124534248258
"ENSG00000166783.21",0.0219259828537796,0.0122839070886986,0.074271766235655
"ENSG00000166780.10",-0.0256375784350507,0.0133197282088023,0.0542565866840661
"ENSG00000168807.16",-0.00195468290015511,0.00914895428704249,0.830819253600528
"ENSG00000132604.10",0.00513009892625216,0.00829441896839223,0.536245734697578
"ENSG00000157315.4",0.0171420168389725,0.00409982325324101,2.90025731105592e-05
"ENSG00000225614.2",0.013331846317098,0.00705333188650159,0.0587380712205587
"ENSG00000103429.10",0.0367062712868926,0.0109407103452378,0.000793600527007943
"ENSG00000224712.12",-0.00445594213998171,0.00520402796144235,0.391860234169685
"ENSG00000140694.16",0.0136726973671311,0.00915142332976089,0.135162170138553
"ENSG00000186260.16",0.00297846378419325,0.00699662152556296,0.670326253663497
"ENSG00000103365.15",-0.0109587332215332,0.00865772070267341,0.205593366751589
"ENSG00000262587.2",-0.00407847622334192,0.00425648504289612,0.337972310246199
"ENSG00000261557.1",-0.00203786954278427,0.00304785476681158,0.50373521302779
"ENSG00000261502.3",0.00507167221910325,0.00483254189403545,0.293955717907888
"ENSG00000260593.1",0.00353578857890095,0.00736755263541444,0.631288842831062
"ENSG00000069345.11",-0.00411815165949596,0.0218859690971018,0.850748086117424
"ENSG00000140795.12",0.00352087204209784,0.0139577004559402,0.800845501483894
"ENSG00000260300.5",-0.00737066945812355,0.0034537010396664,0.032831608609932
"ENSG00000135697.9",0.00241318871201387,0.00409374899765189,0.555538415038658
"ENSG00000279378.1",0.00332134328385004,0.00262390332598069,0.205583814295476
"ENSG00000213648.10",0.00208364129574299,0.00741323413122243,0.778656340307014
"ENSG00000162009.8",-0.0126787573603578,0.00529896375358951,0.0167255397769706
"ENSG00000157045.8",-0.0591839522495382,0.0120701048286619,9.42157448613479e-07
"ENSG00000260735.1",-0.00497226624607187,0.00304466510170714,0.102446331931228
"ENSG00000256340.8",0.011545566657449,0.00886253775999887,0.192664149247979
"ENSG00000276571.1",0.0102086842757993,0.00382661441310494,0.00763471778685831
"ENSG00000205730.6",-0.00544316073418291,0.0103554298473182,0.599142882938833
"ENSG00000103037.11",0.00577637989128909,0.00764299359194066,0.449784389880454
"ENSG00000103034.14",-0.00848330467482902,0.00522442842864019,0.104423494089348
"ENSG00000260115.1",0.010165763009975,0.00600517151201455,0.0904869263246987
"ENSG00000260658.5",-0.00422055592763453,0.00646559140239695,0.513903387311132
"ENSG00000277978.1",-0.00126803987852735,0.00626432717118757,0.839586550860835
"ENSG00000261320.1",0.00113589380735037,0.00933388709564053,0.903140028712628
"ENSG00000168676.10",-0.000844629354458607,0.00790350736267168,0.914893968118649
"ENSG00000172824.14",-0.0124815940739515,0.00892754791861333,0.162083398778262
"ENSG00000172828.12",-0.00466349195017594,0.00682935277411715,0.494695301102555
"ENSG00000089505.17",0.00150314275563937,0.00738852104372111,0.838788807202164
"ENSG00000280214.1",0.000655803286941359,0.00985311064255906,0.946933586845037
"ENSG00000103061.12",0.0378813213939534,0.00952909884917733,7.02814583565248e-05
"ENSG00000067955.13",0.00815245924010546,0.00974698975368313,0.402925469285221
"ENSG00000276075.1",0.0197594026383468,0.0104710637895091,0.0591538357247389
"ENSG00000263276.1",0.0133173864458195,0.00536034210985262,0.0129759580960507
"ENSG00000279649.1",-0.00555055675867971,0.0111543047652893,0.618754961936333
"ENSG00000277481.1",0.00801204025936909,0.00572649793432941,0.161777919020364
"ENSG00000279412.1",0.022525064951984,0.00597909618746326,0.000165020894578594
"ENSG00000157429.15",-0.0157914819780244,0.00941656689405327,0.0935445730949841
"ENSG00000103035.10",-0.0089117927048052,0.0125894364103581,0.479020646046709
"ENSG00000140992.18",0.0115756605352306,0.00667993724703356,0.0831135166811072
"ENSG00000263280.1",0.00192899322031885,0.00382604414168848,0.61413888142963
"ENSG00000259895.1",-0.00325808490499126,0.00442869409319882,0.461927768285114
"ENSG00000270168.2",-0.0235575125699393,0.00641986307919294,0.000243051251873516
"ENSG00000167972.13",0.00330594613678635,0.0085373050900509,0.698581998401732
"ENSG00000184207.8",0.00696321360883794,0.00675549381325155,0.302658879077827
"ENSG00000103275.19",0.0138441892548669,0.00546348872215342,0.0112785883350661
"ENSG00000169951.9",0.00439418211708763,0.00645249801238138,0.495868453343039
"ENSG00000179965.11",0.0116285999554438,0.00958961607268682,0.225273554659986
"ENSG00000103485.17",0.0195686674373556,0.00974743495569246,0.0446889021273222
"ENSG00000169955.7",-0.0131644687946623,0.0107495501845619,0.220705992710912
"ENSG00000254206.5",0.00258380215602874,0.00724518124434096,0.721373655201287
"ENSG00000274220.1",-0.00707771241320565,0.00588700154958495,0.2292624191737
"ENSG00000178573.6",-0.00233959075750144,0.00444445607430669,0.598605770584293
"ENSG00000168589.14",-0.00553849728965309,0.00511062498287935,0.278488029361173
"ENSG00000103121.8",0.000142718014721813,0.00636299603003986,0.982105449554099
"ENSG00000166451.13",0.0132543187605953,0.00645796126289711,0.0401308186034055
"ENSG00000259933.6",-0.00463415998644623,0.00392697215194999,0.237966505625499
"ENSG00000260874.5",-0.00375697672407764,0.00416173215577771,0.366662034617532
"ENSG00000159625.14",0.00490218685129065,0.00372565376980329,0.188243736598176
"ENSG00000279589.1",0.00105628850985727,0.00465818615426697,0.820610666422543
"ENSG00000103449.11",-0.00147173707886752,0.00438899199557893,0.737380222678648
"ENSG00000131652.13",0.0220120620644972,0.00701796804799002,0.00170960382107599
"ENSG00000280402.1",0.00278356253548521,0.00333073385803489,0.403312164817535
"ENSG00000189149.11",0.00808293972451975,0.00510369583679042,0.11325234149491
"ENSG00000103404.14",0.000303775220079569,0.00721102135785885,0.966397840728726
"ENSG00000260790.1",0.00860434335731506,0.00458556145964608,0.0606004992340116
"ENSG00000205629.11",0.0112475155708537,0.00576576351286489,0.0510877749202685
"ENSG00000260614.1",-0.00334097257163615,0.00400049477892054,0.403638977118177
"ENSG00000167208.14",0.00202346631898327,0.00747533672345467,0.786632820834503
"ENSG00000280344.1",-0.00336056584475498,0.00381179344346547,0.377980560677817
"ENSG00000260249.2",-0.0045775134526527,0.00561140825700658,0.414642404916501
"ENSG00000277639.2",-0.00050059574730005,0.0061668313880173,0.935302367126303
"ENSG00000280027.1",-0.00693361982045825,0.00608204446427086,0.254280195755561
"ENSG00000177508.11",-0.0192066080607505,0.00587901239436019,0.00108701872221673
"ENSG00000283689.1",-0.00739672170398549,0.00648144295202171,0.253780349109437
"ENSG00000260304.1",0.00590147741580656,0.0122984330846152,0.631329760475824
"ENSG00000156873.15",-0.029731500004948,0.0116167201876341,0.0104861681661869
"ENSG00000260625.2",0.0114804192165087,0.01033009104898,0.266414704286397
"ENSG00000169221.13",-0.00947684595693573,0.0121982040719911,0.437214810346968
"ENSG00000232748.3",0.0148260514321805,0.00472854313889844,0.00171597994357608
"ENSG00000141076.17",0.0053781627364254,0.011645357316094,0.64420401347245
"ENSG00000161980.5",0.0114463750591341,0.00644360166542159,0.0756680064559101
"ENSG00000007376.7",-0.0157206032138749,0.00864546979652349,0.0690086551354748
"ENSG00000274460.1",-0.00574857003892918,0.0108279171069864,0.595486231533042
"ENSG00000273724.1",0.023761630275061,0.00658111632424653,0.000305516037801046
"ENSG00000262766.1",-0.0253652984706298,0.0111891724354245,0.023393258363533
"ENSG00000274653.1",-0.0031748430496735,0.012127011360814,0.793476181037559
"ENSG00000180096.11",0.0125082865336005,0.0117956935306508,0.288957530445068
"ENSG00000169627.7",-0.0055282890471122,0.00522816971008887,0.290327117366824
"ENSG00000197162.9",0.0297126490120605,0.0125292008800061,0.0177173892832959
"ENSG00000169217.8",-0.0185784243077845,0.0121153838841822,0.125163210716204
"ENSG00000124074.11",0.00979558740742013,0.00967665934958048,0.31139932022026
"ENSG00000172831.11",-0.0158660946306379,0.00843113095068878,0.059856854369296
"ENSG00000271699.5",-0.00173923805586416,0.00774665554789621,0.822356828950714
"ENSG00000274508.1",0.000233877602479822,0.00412996822989392,0.954840418238627
"ENSG00000260465.1",0.00484987980080469,0.00818076477921684,0.553288627343307
"ENSG00000102981.9",0.0301579710897395,0.0138532545898956,0.029483606028051
"ENSG00000140987.19",-0.00801037794385636,0.00414714026746302,0.0534159909491017
"ENSG00000127561.14",-0.0123511209561774,0.00419065577532995,0.00320561746816561
"ENSG00000168434.12",0.00215714156494294,0.00615592599821226,0.72602571587187
"ENSG00000090565.15",-0.00669707828435965,0.00813325340905579,0.410269559606206
"ENSG00000236829.9",-0.00262476329788738,0.00489189527809467,0.591576104567565
"ENSG00000124391.4",-0.00102769253200041,0.00307965599317655,0.738603173866076
"ENSG00000221819.5",-0.0191706108668886,0.00566305658962422,0.000711249596858421
"ENSG00000279255.1",0.00948311204342651,0.00515890331790309,0.0660324839796517
"ENSG00000162004.16",-0.00158379769792259,0.00359014325710033,0.659103198138417
"ENSG00000260973.1",-0.0104137634533363,0.00419041415805027,0.0129500701838261
"ENSG00000197006.13",0.000681007636996137,0.0106303029231431,0.948920172321297
"ENSG00000103316.10",0.00601531063713527,0.00905422705076965,0.506456793080771
"ENSG00000274093.1",-0.00396235524839047,0.00549306948918678,0.470702087632151
"ENSG00000072736.18",0.0229784902870254,0.0106163278328911,0.0304299779967964
"ENSG00000159720.11",0.0673442769746267,0.0217500852667954,0.001959675596792
"ENSG00000278912.1",0.000849345512223724,0.00500206800543937,0.86516831292377
"ENSG00000260762.1",-0.000920048393599514,0.00558049430728928,0.869047392221971
"ENSG00000279415.1",-0.00279801805920338,0.00393411439662386,0.476948354969683
"ENSG00000261713.6",0.00349531093452488,0.00397309946119635,0.378997936319345
"ENSG00000167191.11",0.0088059948012078,0.00571236334101153,0.123178680344674
"ENSG00000129925.10",0.00872353873977874,0.0115202170769446,0.448907672669813
"ENSG00000174177.12",0.0264817344076924,0.00622787689836816,2.11748059151251e-05
"ENSG00000167522.14",0.00481331240399683,0.00738241376697339,0.514403039974829
"ENSG00000275393.1",0.00088328481653611,0.00499270868722515,0.859575194070985
"ENSG00000154118.12",0.00491986579940693,0.00319111553525706,0.123137143010553
"ENSG00000167964.12",0.0026823466570813,0.00860091973745826,0.755141282757147
"ENSG00000261596.2",0.00264731206554248,0.00670531836755544,0.692984730048989
"ENSG00000140740.10",-0.0313508629341994,0.0120395666193424,0.00921465204558991
"ENSG00000168802.12",0.0331758057689548,0.0122886160394562,0.00693981392372323
"ENSG00000274698.1",0.00708953794205761,0.00531569017233968,0.182302073955681
"ENSG00000260798.1",0.0203156429143597,0.00736699299471384,0.00582171739938819
"ENSG00000183889.12",-0.00354198234241668,0.00345547495785882,0.305346732225482
"ENSG00000260719.1",0.0161805691670486,0.011287179172784,0.151704933939935
"ENSG00000198156.10",0.00924143431561724,0.00650877594265937,0.155653645840421
"ENSG00000259807.1",0.0002188613010733,0.00571586205405088,0.969456332243487
"ENSG00000188322.4",0.0027828749442005,0.0074425989281739,0.708469998822836
"ENSG00000140688.16",-0.00945806177042735,0.0143540370294853,0.509951629824797
"ENSG00000140682.18",0.101193200273366,0.0223035452268205,5.70356701445895e-06
"ENSG00000280132.1",0.0139385631278787,0.0132822099498214,0.293986715040222
"ENSG00000276754.1",0.00470240060331923,0.00443493558899947,0.289004201590466
"ENSG00000205414.1",0.00949690532173839,0.00472646541010679,0.0445049159123223
"ENSG00000261614.1",0.0159034658662034,0.0102724753397781,0.121583065883258
"ENSG00000178226.10",0.0043311859212403,0.00857616731855945,0.613540701987195
"ENSG00000278133.1",0.0111833509156409,0.0142421462832931,0.432319124659356
"ENSG00000275910.1",0.00140196090511998,0.00498092059642825,0.778352831775051
"ENSG00000129910.7",-0.00293296782449395,0.0033142945443586,0.376186387246806
"ENSG00000103043.14",-0.00292586940000453,0.0100090969773307,0.770041191593294
"ENSG00000269986.1",-0.0127302182441459,0.00842320910606185,0.130705312464925
"ENSG00000133393.12",-0.00310660210156404,0.00795825076261435,0.696268565499292
"ENSG00000103472.9",0.021762235543514,0.00820804937254181,0.00801758100757843
"ENSG00000275807.1",0.0015129016599039,0.00676018243859166,0.822916057436483
"ENSG00000174938.14",-0.0218123160806107,0.0123019982377646,0.0762169458598584
"ENSG00000205022.9",0.0137951130396566,0.00491647379668442,0.00501769197411905
"ENSG00000182376.2",0.00590936778650016,0.00370302097996673,0.110528211920394
"ENSG00000261505.1",0.00895342004984644,0.00613415692316249,0.144399832834519
"ENSG00000166164.15",-0.0066645957288419,0.00870281741108741,0.443796807969183
"ENSG00000102870.5",-0.0138573355759523,0.0152460692806546,0.363396570197813
"ENSG00000275371.1",-0.00518446067539773,0.00834032255030394,0.534195759302322
"ENSG00000103534.16",0.0083994126523991,0.0100706705189509,0.40425449276674
"ENSG00000227827.3",0.00803629885479075,0.00291629678968611,0.00585752950788776
"ENSG00000083093.9",-0.00143003598324381,0.00776150347960212,0.853819462316832
"ENSG00000102908.20",-0.0325450995780659,0.0130795311567613,0.0128374666535639
"ENSG00000279356.1",0.000267902410376037,0.00341494996367017,0.937470198295793
"ENSG00000086504.15",0.00328006266215368,0.00795583014793897,0.680131165404369
"ENSG00000134398.14",0.00509616998739342,0.00488026549446934,0.296374218090674
"ENSG00000280039.1",-0.010017105717861,0.00591113399651933,0.090148178434884
"ENSG00000103067.13",-0.0225258636733782,0.0169578543311005,0.18406449768931
"ENSG00000141086.17",-0.0127033599133053,0.0110132749436754,0.248722081127051
"ENSG00000279789.1",-0.0262303069211796,0.01268498649248,0.0386566693656901
"ENSG00000279583.1",-0.00608133615231439,0.004919162433295,0.216364019114157
"ENSG00000205534.6",-0.0126605733819116,0.00623694661550565,0.0423635192164957
"ENSG00000262370.5",0.0177859216616867,0.00638272084213764,0.00532685131638189
"ENSG00000260953.1",-0.000284614516734186,0.0071755624644013,0.968360668800442
"ENSG00000196296.13",-0.00957651756394368,0.00687522263601687,0.163649154669506
"ENSG00000157423.17",0.005077278133139,0.00756494889605906,0.502119699396918
"ENSG00000284395.1",-0.00734909863311482,0.00717796026602979,0.305909814271224
"ENSG00000140986.7",-0.00214073428651915,0.00393695998460339,0.586611370849451
"ENSG00000069764.9",-0.0115775750803262,0.00470082834669635,0.0137826120846624
"ENSG00000183458.13",-0.00140516320393659,0.00687959497278983,0.838157466825123
"ENSG00000238045.9",0.0233356025247454,0.0104319788505717,0.0252909400531969
"ENSG00000261819.1",0.015809026197974,0.0042201266474663,0.000179603363669067
"ENSG00000258354.1",-0.0030004481275836,0.00393573068829951,0.445844493574598
"ENSG00000179580.9",0.00992709164021771,0.00410634283982124,0.0156274521683527
"ENSG00000260413.1",-0.00802371738767377,0.00762435512792955,0.292625328839348
"ENSG00000261089.1",-0.00742151694414604,0.00541536260659895,0.170544557191647
"ENSG00000103495.13",0.00684253509330569,0.0103754709168178,0.509580189268389
"ENSG00000260442.5",0.00885686295121274,0.00775454255780752,0.253391022958766
"ENSG00000278922.1",-0.00667149580228754,0.00551137457514625,0.226088699553678
"ENSG00000261367.1",7.86181718478201e-05,0.00523540057901383,0.988018898054526
"ENSG00000261669.1",0.0171016830121149,0.00488051099665555,0.000458194022390113
"ENSG00000260083.1",-0.0284905709090634,0.00808424761344007,0.000424750523079775
"ENSG00000102974.14",-0.0130702994555028,0.0127429185458023,0.305037162136029
"ENSG00000168286.2",0.0556896884672457,0.0167915428269899,0.000911421617736274
"ENSG00000196796.5",-0.00410046609172153,0.00582952385755015,0.481808749774787
"ENSG00000177548.12",-0.0112887475284895,0.0182260867163207,0.535670608889392
"ENSG00000260367.2",0.00152610795180733,0.00669340987210461,0.819645020876214
"ENSG00000103512.14",0.0277397004206849,0.0100187435130213,0.0056266549927928
"ENSG00000166676.14",-0.010125709791192,0.0065305324041492,0.121017172354763
"ENSG00000220793.5",0.000756825749681166,0.00352798077291242,0.830140839720181
"ENSG00000185864.16",0.00345623069731013,0.00567185005583752,0.542282089074921
"ENSG00000167186.10",0.00542983866983165,0.00757591129736085,0.473544314614927
"ENSG00000260084.1",-0.00752221264500348,0.00509620606523298,0.139932699089698
"ENSG00000283213.1",0.00415946156581646,0.00507838107135935,0.412756365007902
"ENSG00000103544.14",0.00813809149153706,0.00895440634142342,0.363436426492712
"ENSG00000205609.12",-0.00683534579231125,0.00493206143143181,0.165777325997655
"ENSG00000183751.14",-0.00984820862202952,0.00792330062091448,0.213888951317557
"ENSG00000103460.16",-0.0119182820549051,0.00582173355361795,0.0406379604628675
"ENSG00000279427.1",-0.00315121356356723,0.00471625927915904,0.504031768158324
"ENSG00000279030.1",-0.00789781106740901,0.00435218308146366,0.0695734015931017
"ENSG00000177455.12",-0.00163287084222959,0.00767204376230832,0.831456536618285
"ENSG00000279106.1",0.0039418538764276,0.00649209548043425,0.543733166093747
"ENSG00000274925.1",-0.00944442629751904,0.0100636891581975,0.348005176455689
"ENSG00000180035.12",-0.0403022991833848,0.0116592054697214,0.000546846543736046
"ENSG00000140678.16",-0.00431546578229772,0.0106945805412558,0.686566505794329
"ENSG00000181938.13",0.00481404195597421,0.00586837634858469,0.412024436102536
"ENSG00000172530.20",-0.00532799833672231,0.00376666234914845,0.157210906486954
"ENSG00000279756.1",-0.00552931342541472,0.00471249048427976,0.240662903769472
"ENSG00000131650.13",0.00380142126693523,0.00786365495139341,0.628799970492163
"ENSG00000140932.9",0.00154083139555074,0.00574925415378047,0.788695130498298
"ENSG00000133392.17",-0.0488017910215662,0.0204527667649777,0.017029378356561
"ENSG00000007038.10",-0.000260805872150774,0.00402817806816649,0.948376739986386
"ENSG00000183723.12",0.00572034140945143,0.0111724998837787,0.608649664708135
"ENSG00000006007.11",-0.00347678449078374,0.010634412769494,0.743715430036806
"ENSG00000197272.2",-0.00153895277336762,0.00494063928078115,0.755429214069787
"ENSG00000140830.8",0.00768789921816442,0.00773526684590007,0.320283041903647
"ENSG00000198417.6",-0.00148906021688466,0.00493604831171989,0.7629032503135
"ENSG00000205361.8",-0.00816011735984548,0.00341602933669385,0.0169047609969311
"ENSG00000260896.5",-0.00714820552285462,0.00449533753730776,0.111803778192658
"ENSG00000261744.1",0.00281315481661815,0.00275970221871341,0.308027830363617
"ENSG00000179918.18",0.0447668094136185,0.0193607289348799,0.0207640129332559
"ENSG00000280160.1",-0.00632167089018663,0.00571559950473499,0.268710023310275
"ENSG00000260923.6",-0.0286866648081812,0.00820519357554056,0.000472006612625919
"ENSG00000278987.1",0.00092838511511499,0.00471810824240351,0.844007038297207
"ENSG00000102934.9",0.000964970638972778,0.00506974579394046,0.849043449156005
"ENSG00000185947.14",0.0350773087236865,0.0153990530337103,0.0227332877752124
"ENSG00000131797.12",-0.0247154816653428,0.011823811928589,0.0365895868577412
"ENSG00000261357.1",0.0137846647253668,0.0057908306684549,0.0172924649637448
"ENSG00000156968.8",0.00108762193243354,0.00771776834800964,0.887929660088968
"ENSG00000280206.1",0.0310777895290532,0.00992103323091044,0.00173315326201984
"ENSG00000103064.13",0.0225753924366731,0.0125894478771445,0.0729410198874512
"ENSG00000198373.12",0.0173169365914403,0.00677299176616289,0.0105651089206619
"ENSG00000263232.2",-0.0110831888346116,0.00677264381575507,0.101742481889085
"ENSG00000262140.1",0.0036953229036786,0.00696841749903145,0.59590682130729
"ENSG00000257017.8",0.0228129498653716,0.00858575261523377,0.00788229609202828
"ENSG00000278928.1",-0.0177403568643414,0.00414975304669577,1.91103684401561e-05
"ENSG00000259711.1",0.00265953161016727,0.00371858272740519,0.474485262445379
"ENSG00000260038.1",-0.00300270515612044,0.00376279054175136,0.424870751705019
"ENSG00000167508.11",0.000301935054441853,0.00491381860212032,0.951003928631582
"ENSG00000168096.14",0.0290760735228423,0.0109470796706674,0.00790601228091203
"ENSG00000277170.1",0.00879333379024196,0.0045433150628551,0.0529357827496569
"ENSG00000153446.15",-0.000966400452644989,0.00497137333447169,0.845868127096669
"ENSG00000103241.6",0.00302857835254559,0.00535165468785493,0.571451984660517
"ENSG00000276523.1",0.00528074390509287,0.00466799214946481,0.257942870936127
"ENSG00000167371.17",0.0180272456611526,0.0122747982703929,0.141930770514806
"ENSG00000280789.1",0.0211912014580943,0.0136108495904105,0.119486034620753
"ENSG00000247735.2",0.0113177434238902,0.00583531066584646,0.0524371827234665
"ENSG00000052344.15",-0.0505592325302864,0.0192708380692797,0.00870024301664341
"ENSG00000258130.7",0.0130508130519002,0.00608434622385789,0.0319542872411744
"ENSG00000103502.13",0.015327075470173,0.012746547271868,0.229189539888223
"ENSG00000260796.1",0.00492625828053001,0.00592014578732154,0.40534249441533
"ENSG00000261207.1",-0.0131616880271966,0.0045133821719586,0.00354382948042375
"ENSG00000258122.1",0.0139027037856632,0.00564685143050766,0.0138154054650175
"ENSG00000166592.11",-0.0152612293247622,0.0103140564472451,0.13896575131202
"ENSG00000217555.12",0.00646390476677419,0.00961362951633092,0.501348925285207
"ENSG00000244378.1",0.0123644042740273,0.00519668908981479,0.0173462599057218
"ENSG00000261386.2",-0.00279375071399958,0.00806718118602421,0.729109270011096
"ENSG00000011638.10",-0.0130058781549259,0.00624148221652589,0.0371801492303493
"ENSG00000205456.11",0.00365290773122699,0.00742473915298693,0.622725430702959
"ENSG00000159714.10",0.0530709597610613,0.0113039448925022,2.66729227360596e-06
"ENSG00000260592.1",-0.0105902658666969,0.00695445752410873,0.127808104081377
"ENSG00000283399.1",0.000759300765502254,0.00459693282648874,0.868805833574744
"ENSG00000169347.16",-0.00763392992436221,0.00653127924291837,0.242473685250779
"ENSG00000257122.5",-0.00981726232849998,0.00691347459006391,0.155602273719378
"ENSG00000230872.1",0.00252025128087881,0.00539256396882165,0.640244645957868
"ENSG00000260751.2",0.00527860258617876,0.00568989688578289,0.353555434917446
"ENSG00000077235.17",-0.000860514915119376,0.012255582066704,0.944023235589549
"ENSG00000246465.1",-0.00386872139733787,0.00533736351234618,0.468551707347887
"ENSG00000275441.1",0.0048626145232668,0.00508164216008031,0.338618611301521
"ENSG00000233232.6",-0.00126037497186497,0.00416237251089685,0.762040713228335
"ENSG00000179889.18",-0.0129371722376608,0.00816256227558244,0.112979945358019
"ENSG00000103222.18",0.000627477342724826,0.00818334661009157,0.938880222539591
"ENSG00000214967.5",-0.00118947633459584,0.00392799215894739,0.762026701466319
"ENSG00000254681.6",-0.000849371079510588,0.0045930841266191,0.853288716291923
"ENSG00000135722.8",0.0410855489924233,0.0157752503277823,0.00920269828437748
"ENSG00000280163.1",-0.00102942855762257,0.00548698984250791,0.851180330110847
"ENSG00000237172.3",-0.0183103596531386,0.00992472591125169,0.0650486736805228
"ENSG00000270049.2",-0.0994198787576372,0.0146967001194128,1.33515420941421e-11
"ENSG00000159753.13",-0.0429973516936384,0.0206074733769249,0.0369339765742417
"ENSG00000159761.14",-0.0276245057701547,0.0160007227273313,0.0842658353547887
"ENSG00000260459.2",-0.0233126684917722,0.00905733881803961,0.0100559842940136
"ENSG00000159792.9",0.00893947078768749,0.0152809744075692,0.558543283129054
"ENSG00000103018.16",-0.0108773610287678,0.0102479826453798,0.288501408207782
"ENSG00000260891.1",0.0128906648979999,0.00781712807081905,0.0991418506067854
"ENSG00000260290.2",0.00415933836221861,0.00657178501629786,0.526793420072854
"ENSG00000140836.14",-0.00454575248360255,0.00654522570003039,0.48735977073854
"ENSG00000259768.5",-0.00203555836297,0.00716055925647747,0.776200672718576
"ENSG00000103494.12",-0.00973277767336175,0.00523681434694909,0.063093757289108
"ENSG00000103546.18",-0.00121839873865058,0.00436095706045476,0.77994713770841
"ENSG00000125144.13",-0.00958502796778134,0.0050644218350275,0.0584083717964075
"ENSG00000255986.6",-0.0102077512897052,0.00484327745608599,0.0350645360724564
"ENSG00000272372.1",0.00391789989886916,0.00535851317940899,0.464684916646108
"ENSG00000087263.16",-0.00941661393918601,0.00928659519437787,0.310582422825778
"ENSG00000205358.3",-0.00500145168157437,0.00437941787584681,0.25343916911796
"ENSG00000121274.12",-0.00572901680840658,0.00741043793796363,0.439462623064185
"ENSG00000260086.2",0.00370610196843685,0.00495367236141372,0.454368226022371
"ENSG00000196470.11",0.0202318228209641,0.00883580486677932,0.0220355595613927
"ENSG00000256982.1",-0.0125779981249484,0.00741246619342935,0.089721072156111
"ENSG00000224888.4",0.00102293384625924,0.00406128116290738,0.801137940141212
"ENSG00000262118.1",0.0142256199942268,0.00375127723973726,0.000149314340321727
"ENSG00000262468.5",-0.0147339763896569,0.00521537066254592,0.00472649362973088
"ENSG00000103343.12",-0.00696360009095123,0.00963151506330727,0.469678946513732
"ENSG00000185739.13",-0.0157289925851537,0.00728522205791114,0.0308480567476913
"ENSG00000279568.1",0.0208747589949188,0.00505991656751718,3.69906929577057e-05
"ENSG00000205918.9",0.00495821797742786,0.00362303974473519,0.171148017009345
"ENSG00000279162.1",0.00929875152272769,0.00433650023419924,0.0320089663100771
"ENSG00000269937.1",0.00794656783760093,0.00360544947986895,0.027521278242386
"ENSG00000232196.3",0.00175224506681378,0.00421464021317009,0.677591491429783
"ENSG00000179044.15",-0.013383977965728,0.014093051608945,0.342271675634044
"ENSG00000122254.6",-0.000249683254780992,0.00725665611463117,0.972552218316584
"ENSG00000259840.1",-0.00922672689993891,0.00528930096642797,0.0810870492662505
"ENSG00000132207.17",0.00418800198867163,0.00815118113797602,0.607398251291034
"ENSG00000166473.17",0.000986142903682453,0.00425642298648509,0.816783860833192
"ENSG00000280327.1",-0.00154525345760158,0.00370098783172112,0.676294735924633
"ENSG00000261270.1",-0.00538834962955199,0.0047056308490891,0.252173743500775
"ENSG00000185905.3",-0.0210678609690435,0.00835535067957191,0.0116861867802743
"ENSG00000103089.8",-0.00543604407403373,0.00554328255802193,0.326763229738604
"ENSG00000261416.1",-0.0157437794082412,0.00894176052570395,0.0782887827293315
"ENSG00000149925.17",0.00360368465533324,0.0112974763815069,0.749740629166227
"ENSG00000197471.11",-0.0162186247390991,0.0134033750481687,0.226263407156119
"ENSG00000260352.1",-0.00802403260995966,0.00721299746180952,0.265948673854919
"ENSG00000162040.6",0.00256773571655748,0.00762867209133012,0.736425899035593
"ENSG00000176387.6",-0.0403041399667854,0.0112485879515355,0.000339618647629991
"ENSG00000230267.7",0.00296902790212636,0.00588320642077377,0.613796591496416
"ENSG00000261173.1",0.0199673839817147,0.0113867511576345,0.0795054387942824
"ENSG00000196155.12",0.0153155694809043,0.0099409901127975,0.123402406778132
"ENSG00000282757.3",-0.00470486647090474,0.00362429694140697,0.194237180009496
"ENSG00000269482.1",0.00510278335289915,0.00719440920283767,0.47815653292184
"ENSG00000260781.1",-0.0367344654881114,0.0179688976603661,0.0409203589631145
"ENSG00000275092.1",-0.0123711672908483,0.00572018400647831,0.0305625747373539
"ENSG00000125149.11",0.0578642619816261,0.0144584516889273,6.27810536664164e-05
"ENSG00000167397.14",0.0144229107852351,0.0107222688139204,0.178581289238041
"ENSG00000261476.1",-0.00479661003022904,0.00500759373603188,0.338129703745485
"ENSG00000280137.1",-0.00442489247662132,0.00923404656466095,0.63180117946628
"ENSG00000260853.1",0.00541257753541241,0.0102068413146016,0.595911445762652
"ENSG00000281991.1",-0.0176005758634594,0.00985039660441993,0.0739716706911768
"ENSG00000261131.1",-0.0170729730802529,0.0116710013732087,0.143507285520401
"ENSG00000168928.12",-0.000935255926483109,0.00353562883116252,0.791376774126347
"ENSG00000240338.5",0.000261994486664249,0.00364544993970064,0.942706238159372
"ENSG00000152910.18",-0.00459948008342401,0.00576820279692861,0.425227297415466
"ENSG00000188603.18",0.00418171577240885,0.0092711335971215,0.651955770158427
"ENSG00000174939.10",-0.00701376386330358,0.00737620581142086,0.341673742199555
"ENSG00000149930.17",0.0207771753852881,0.00928890909844401,0.0253012200912768
"ENSG00000079616.12",-0.0178761253250626,0.0140384629142788,0.202887591158298
"ENSG00000149927.17",0.0198824050501889,0.0119023007486592,0.0948269297327543
"ENSG00000175938.6",-0.00947243424309831,0.0137751200062359,0.49167444951179
"ENSG00000167394.12",-0.0377125120624352,0.0093294998161038,5.29324796906261e-05
"ENSG00000280211.1",0.0547912576288411,0.0115411125691038,2.05961763166673e-06
"ENSG00000250616.2",0.00614227945109243,0.00736976692520761,0.404595024211991
"ENSG00000260082.1",-0.0205570114577731,0.0116570879407025,0.0778200010036066
"ENSG00000183604.14",0.00800762788274051,0.00726673281751435,0.270480319025098
"ENSG00000180209.11",0.0200035333654725,0.0115948369837831,0.0844895618991054
"ENSG00000177238.13",-0.00117413635080197,0.00853296161565023,0.890556478419385
"ENSG00000149932.16",0.0195518918838911,0.0154372954193511,0.205321214604933
"ENSG00000260846.2",-0.0233464638309446,0.0068967659332024,0.000711440042484135
"ENSG00000275857.1",-0.013127425288211,0.0146915489901673,0.371570298133003
"ENSG00000007545.15",0.0146783798703971,0.00754683896197366,0.0517785174035512
"ENSG00000234769.7",-0.0114427782961925,0.00494631794329396,0.0207010306061423
"ENSG00000103353.15",0.00241191860582459,0.00723537429181885,0.738869413972092
"ENSG00000039523.19",-0.00212810616414953,0.0174795060691036,0.903098087305894
"ENSG00000260528.4",-0.00225447555801682,0.00515558707586742,0.661902609883706
"ENSG00000280334.1",0.00764011441664306,0.0104503026805277,0.464724028277431
"ENSG00000261777.5",0.00626459161242628,0.00766256882192913,0.41360982896033
"ENSG00000124067.16",0.0212017083767715,0.0163406356789485,0.194464811313202
"ENSG00000166747.12",-0.0323344189499876,0.0164697604949452,0.0496159921847542
"ENSG00000005844.17",0.00463845598599804,0.0154881008832114,0.76456991230845
"ENSG00000091651.8",-0.0165882814943149,0.01488406426379,0.265064978590923
"ENSG00000182810.6",0.0433632255423247,0.0206852465696803,0.0360524018495536
"ENSG00000159708.17",-0.00727389835467226,0.0123993908719298,0.557449862961289
"ENSG00000261512.2",0.0340968519051096,0.0153677765306785,0.0265055192201499
"ENSG00000166123.13",0.0324784948534014,0.0187342727855516,0.0829818820429356
"ENSG00000069329.16",-0.0734440160971565,0.0234437763841894,0.00173163649911356
"ENSG00000260782.1",-0.00936852926106825,0.0120564720426313,0.437126939409222
"ENSG00000129636.12",0.000356088644485687,0.0210034377564551,0.986473451401993
"ENSG00000155330.9",0.033020219407616,0.0163578134828411,0.0435266673588937
"ENSG00000198064.13",0.0311267875959763,0.0199324130257312,0.118378330149937
"ENSG00000089280.18",0.00347248749524257,0.0108040848931017,0.747903453127748
"ENSG00000261461.1",-0.012216822314998,0.0118510769071036,0.302605638710604
"ENSG00000168701.18",0.0129435237585359,0.0193542990492172,0.503643881659183
"ENSG00000261469.1",-0.0267168171142536,0.0146663519289143,0.0685095882228645
"ENSG00000270165.1",-0.00493100729165701,0.00777960000623286,0.526186451777974
"ENSG00000277304.1",0.0183175577521027,0.0188977223374444,0.332395648324403
"ENSG00000140749.8",0.00579996357482876,0.0134520834664939,0.666354021579452
"ENSG00000196123.12",-0.000460308127733931,0.0173469137304966,0.978830260108816
"ENSG00000171208.9",-0.00863271703454912,0.0127346532445974,0.497840298333724
"ENSG00000259856.1",-0.0117098658214277,0.0131476206073767,0.373119516347246
"ENSG00000260219.2",-0.00208044850784253,0.0137705173858053,0.879912681194144
"ENSG00000279800.2",0.00143468133130914,0.0228471077567923,0.949929845035992
