"phenotype","causal_b","causal_se","causal_p"
"ENSG00000268204.1",0.00262520220717777,0.00527313613181198,0.61859359644686
"ENSG00000133246.11",0.00695927134928572,0.00633726829279824,0.272138983246633
"ENSG00000174788.9",-0.00458045299442429,0.0061407859475771,0.455723815709176
"ENSG00000142347.16",-0.000439456078297661,0.00792949663956837,0.955803523594006
"ENSG00000076924.11",-0.0107222769141363,0.00752830558913375,0.154370745512861
"ENSG00000006015.17",-0.00283986822655786,0.00513105122968435,0.579943578612997
"ENSG00000250067.11",-0.0486675706545922,0.00734717315418912,3.49640316699151e-11
"ENSG00000130511.15",-0.0302911121959574,0.00883855845104007,0.000609940194724046
"ENSG00000129933.20",-0.0276092331184944,0.00863269420168307,0.00138279973706779
"ENSG00000167487.11",0.00933215002362915,0.00424216765394202,0.0278172462135798
"ENSG00000271524.1",-0.00910618255618058,0.00385228377897708,0.0180866210871051
"ENSG00000105664.10",-0.0180292146853025,0.00539898464634438,0.000839682318981683
"ENSG00000160111.12",-0.00436160386718758,0.00650310395828835,0.50241440215608
"ENSG00000160113.5",-0.01347227730138,0.00621192777808026,0.0300997256908296
"ENSG00000130307.11",0.00965474748142471,0.00643347947616569,0.133432174325211
"ENSG00000105643.9",0.0141787617086971,0.00424628490372362,0.000840508867025469
"ENSG00000105641.3",0.00423780879857731,0.00361182606739055,0.240669609527551
"ENSG00000187902.11",0.00173038626277863,0.00298803836432268,0.562518709049809
"ENSG00000170892.10",-0.00470248989696522,0.00448610310507505,0.294530388878311
"ENSG00000267056.2",-0.00580386346481065,0.00341854996173814,0.0895538370231123
"ENSG00000105072.8",-0.00954360982809439,0.00489096893225776,0.051024719955558
"ENSG00000267623.3",0.00605785526140403,0.00442672035222533,0.171163503825946
"ENSG00000227500.9",-0.0119705727647394,0.00917030075254548,0.191769216759316
"ENSG00000099625.12",0.0052895999436575,0.0040725237142599,0.193995199441878
"ENSG00000160471.12",0.0109866514354109,0.00345098803822456,0.00145443352692753
"ENSG00000063245.14",-0.00408876920812776,0.00810165636774108,0.613781419215186
"ENSG00000105063.18",-0.00954243291741485,0.00659090264644,0.147667726864374
"ENSG00000129991.12",-0.00326800185988274,0.00263373106758374,0.214670051849933
"ENSG00000108107.14",-0.0008804741892462,0.0040829032625774,0.829261322795209
"ENSG00000160439.15",0.00167553790400089,0.00433769518395668,0.699293918898038
"ENSG00000228323.2",-0.000819872415115462,0.0024151636274402,0.73425668546713
"ENSG00000267265.5",0.00307926240931728,0.00289071267331415,0.286773653150968
"ENSG00000134830.5",-0.0023752276525791,0.00572313561543649,0.678125738808697
"ENSG00000063177.12",0.021962174729529,0.0066652609595909,0.000984143304220586
"ENSG00000269814.1",0.00273246170761382,0.0036383941288975,0.452648071190185
"ENSG00000105402.7",-0.00071196295719503,0.00973835276917813,0.941719238939295
"ENSG00000213030.5",0.000731045653509025,0.00298791466765225,0.80671388376807
"ENSG00000267372.2",-0.00166359549765604,0.003184663329997,0.601407730907421
"ENSG00000133243.8",-0.00354814466666853,0.00556304646606916,0.523599943822007
"ENSG00000280486.1",0.00198317034891842,0.0033780121590336,0.557148593274239
"ENSG00000261342.1",0.00578886065432835,0.00488960234557973,0.236447756777364
"ENSG00000180846.8",0.00160828096323384,0.00355001057721326,0.650523149268189
"ENSG00000119559.15",0.000143492865555828,0.00691444530358192,0.983442992237634
"ENSG00000123815.11",-0.00551366036254414,0.00576540821203885,0.338903126435079
"ENSG00000268034.1",-0.0115927573475395,0.00369634012333614,0.00171105798052762
"ENSG00000160570.13",0.00159922714844654,0.00820483983681193,0.845461323888771
"ENSG00000105732.12",-0.0253593702092421,0.0102779809589298,0.0136117463619045
"ENSG00000126453.9",-0.0204478634257113,0.00613393996446226,0.000857418488887873
"ENSG00000268047.1",-0.00688314096982918,0.00328124164153106,0.035929489643974
"ENSG00000104805.15",0.0200105821499599,0.00602153740352014,0.000890012034999055
"ENSG00000161643.12",0.0043435433555354,0.00394176043034163,0.270492183921686
"ENSG00000279653.1",-0.00127339323751781,0.0029241090640725,0.663213501491899
"ENSG00000099875.14",-0.00884653595557864,0.00486923360679043,0.0692442089802514
"ENSG00000275468.1",-0.00329353783937461,0.00302584345762229,0.276387963480004
"ENSG00000267412.1",-0.00804814267014269,0.00330272915371237,0.0148172239515139
"ENSG00000267304.1",0.00178847512433041,0.00448919220186522,0.690338485259385
"ENSG00000105649.9",0.00060658767012839,0.00546322341905416,0.911591690135943
"ENSG00000241464.3",-0.00327649104585655,0.00311817504832243,0.293363316519595
"ENSG00000130518.16",0.00515318284218611,0.00502094668473256,0.30473281097178
"ENSG00000181896.11",0.016607011383554,0.00499297169519967,0.000880773994796358
"ENSG00000269653.1",0.0207671658671218,0.00420832326208473,8.02395530130617e-07
"ENSG00000130669.17",0.0153599955832502,0.0128378750152124,0.231517353030629
"ENSG00000268756.1",0.000474640200927851,0.00587201116814019,0.935576399499269
"ENSG00000205076.4",-0.00776434571633081,0.00246427778490564,0.00162846731372257
"ENSG00000267498.1",-0.00843650892108754,0.00467420883093014,0.0710893473088083
"ENSG00000168813.16",0.002970019973591,0.00514505304936159,0.563765583086507
"ENSG00000131941.7",-0.00222491587208845,0.00869609769928041,0.79806495237987
"ENSG00000267213.4",-0.00243164999431809,0.00483168302601939,0.614773163927489
"ENSG00000161551.14",0.00533688715354008,0.00742044025666334,0.472008855910367
"ENSG00000186806.5",0.00218623365769205,0.00375150845271911,0.560054051722063
"ENSG00000198093.10",-0.00497844144972523,0.0058503169277654,0.394786278684222
"ENSG00000268316.1",-0.000994079194804802,0.0031268309704689,0.750546326581991
"ENSG00000131408.13",0.0349075109753424,0.00850273867739708,4.03540374506184e-05
"ENSG00000269235.1",-0.00229443631116084,0.00329084708202191,0.485666662923135
"ENSG00000176531.10",0.0105040569206896,0.00770930257351178,0.173034737598689
"ENSG00000073050.11",0.014579922198826,0.00504790191659228,0.00387313891580321
"ENSG00000176472.10",0.00195499103994702,0.0065795118197561,0.766364860353502
"ENSG00000159882.12",-0.0104615858426214,0.00562286982190095,0.062808872505748
"ENSG00000160014.16",0.00121514797661805,0.00842781477584148,0.885355931090653
"ENSG00000269148.1",0.00275561654481443,0.00462366753606471,0.551188130165327
"ENSG00000279161.1",-0.00309983365794356,0.00547050788325431,0.570955678560541
"ENSG00000268423.4",-0.00801241234956244,0.00394913490556081,0.0424681532956652
"ENSG00000130748.6",0.0125646795627472,0.00399549886919614,0.00166252351443297
"ENSG00000125746.16",0.00766019511773726,0.00700292958948787,0.274018228592816
"ENSG00000159905.14",-0.00123088613149996,0.00461489649730737,0.789684597357056
"ENSG00000131115.15",0.00944640742931646,0.00770916025896701,0.220443967925605
"ENSG00000234906.9",-0.00421775576743163,0.00367018132893579,0.250475387249853
"ENSG00000267058.1",0.00469803549663146,0.00464746772088357,0.31207352480683
"ENSG00000186026.6",-0.00315809678748568,0.00511092111207765,0.536633696427971
"ENSG00000277806.1",-0.00222196583592824,0.00456763516775275,0.626641985151424
"ENSG00000267757.4",3.47228165176121e-05,0.00289063307453048,0.990415894289931
"ENSG00000104866.10",0.0247653782505758,0.0102009415973616,0.0151926382427473
"ENSG00000176222.8",-0.0187158650770468,0.0060613284731968,0.00201678270361372
"ENSG00000267429.1",-0.00592486215793565,0.00276547067778338,0.0321578838850514
"ENSG00000266907.1",-0.00651036228736168,0.00291672599959283,0.0256097549056502
"ENSG00000251369.8",0.00388912932003114,0.00394522722997361,0.324240681372437
"ENSG00000173581.7",-0.0151662907660363,0.00711622238194561,0.0330703821852854
"ENSG00000197951.8",-0.0075320565843903,0.00559981364742737,0.178607517685643
"ENSG00000198440.9",-0.00143900869013078,0.0040157614222216,0.720088748926781
"ENSG00000196263.7",0.0164951289200452,0.00700289466076703,0.0184991440236763
"ENSG00000237118.2",0.00300919367206523,0.0038408612775676,0.433352067668093
"ENSG00000142459.8",-0.000135863341069812,0.00651142313364668,0.98335304054269
"ENSG00000267939.1",-0.00160481358360605,0.00292414968791118,0.583133266632087
"ENSG00000269400.1",-0.00153124292650062,0.00420567652061697,0.715791130274473
"ENSG00000183248.11",-0.000813137535547315,0.00640109896285842,0.89891592056379
"ENSG00000269139.2",-0.00240851554534547,0.00344008753688004,0.483844840910131
"ENSG00000032444.15",0.0132497398878084,0.0080816620737077,0.101112906411556
"ENSG00000269427.1",-0.00261486312577553,0.00350273179159863,0.455352701449372
"ENSG00000214049.6",-0.0104285693064378,0.00265739686129294,8.69623308862311e-05
"ENSG00000267594.5",0.00601620430745302,0.00191316599572461,0.00166295485442125
"ENSG00000267218.2",-0.0208838742001515,0.00528981639006264,7.88267720720492e-05
"ENSG00000127530.2",0.0113853457571232,0.00757133335259672,0.132647340941761
"ENSG00000279717.1",-0.0180183775386882,0.00545686366417561,0.000960097540590343
"ENSG00000186115.12",-0.0120142134914383,0.00429659057238898,0.00517041540112451
"ENSG00000171903.16",0.00566231080600862,0.00271384652566287,0.0369376890372231
"ENSG00000105185.11",-0.00103526370429338,0.00633694471134762,0.87022748896222
"ENSG00000130477.15",0.0016748082067002,0.003536555731117,0.635806268417699
"ENSG00000254901.7",-0.0133448121728296,0.00681020899904976,0.0500506928379136
"ENSG00000207166.1",-0.00210607841990874,0.00382730574388788,0.58212937976042
"ENSG00000006016.10",0.0041624720059222,0.00482347430177559,0.388158704973775
"ENSG00000284430.1",0.0012416950834916,0.00323111796533529,0.700761509563461
"ENSG00000280061.1",-0.00869177754425166,0.00497972820013902,0.0809096788273369
"ENSG00000171136.6",-0.0172762162927792,0.00535763279055456,0.00126149317230007
"ENSG00000008441.16",0.0154113836620908,0.00746615921211884,0.0390020857794312
"ENSG00000104915.14",-0.0192314353375476,0.00800504996173341,0.0162873124984606
"ENSG00000104889.5",0.000341442081920015,0.00595061286862508,0.954243041202062
"ENSG00000104774.12",0.00519289401693241,0.00496543669903024,0.29564963165358
"ENSG00000267670.1",-0.00819682610913854,0.00601557805810681,0.173008637830461
"ENSG00000234750.1",-0.00753417011943321,0.00484006659929704,0.119559473547219
"ENSG00000242615.1",-0.00203957886029318,0.00558309446328156,0.714877525076589
"ENSG00000171223.5",0.00981779194925756,0.00597085731553412,0.100117317634621
"ENSG00000011332.19",-0.0112052077435729,0.0039571723639443,0.00463128762139697
"ENSG00000183186.7",0.00294014035121526,0.00384041818938874,0.443927334366796
"ENSG00000279488.1",0.00320743552851909,0.00413492865317959,0.437930228728972
"ENSG00000011304.19",-0.00712756283787783,0.00680768141459214,0.295104971251246
"ENSG00000129946.10",-0.0061846497643229,0.00562873749375343,0.271871356493205
"ENSG00000183207.13",-0.000515710041769215,0.00555870741032934,0.926082174984728
"ENSG00000105559.11",0.0022589758937642,0.00731196630554004,0.757365397504732
"ENSG00000104973.16",0.00500112423733951,0.00449573626764374,0.265959779455843
"ENSG00000104951.15",0.0076238570498231,0.00436277511354682,0.0805543179800168
"ENSG00000039650.11",-0.0121197264026638,0.00632751178170195,0.0554413029946352
"ENSG00000268686.1",-0.0053358275653823,0.00371752619843306,0.151196861069125
"ENSG00000268006.1",-0.0142264048080883,0.00474305316504427,0.00270494843920366
"ENSG00000199631.1",-0.00681137768093096,0.00484294305919228,0.159589290955557
"ENSG00000243829.1",-0.000962787256057014,0.00405506595712488,0.812324567792964
"ENSG00000214456.8",-0.000783131869699562,0.00505746076715794,0.876942055518814
"ENSG00000127663.14",0.0234448389163285,0.00751057693004411,0.0017988562921033
"ENSG00000089847.12",0.0146243065044137,0.00503356797409115,0.00366835697712209
"ENSG00000272333.5",-0.0155526491660576,0.00931593063053029,0.0950246439418292
"ENSG00000279504.1",-0.00977827197948736,0.00415150049740111,0.0185048432698892
"ENSG00000071564.14",0.00539743095979856,0.00481261013463894,0.262067251292678
"ENSG00000104886.11",0.010057170079036,0.00597869695240657,0.0925363522055057
"ENSG00000065000.15",-0.00372396461976087,0.00800069260580035,0.641605454558193
"ENSG00000099622.13",-0.00415391473394621,0.00589585679581814,0.48109150329054
"ENSG00000104899.7",-0.00555007496018889,0.00341968130601639,0.104593643189306
"ENSG00000167476.10",-0.00404590485671466,0.00303637030334111,0.182702276182132
"ENSG00000131351.14",-0.00322965766337858,0.0044315672393375,0.466133473858157
"ENSG00000105127.8",-0.00184354160427641,0.00734937687238794,0.801935299125961
"ENSG00000130311.10",-0.00542343099476033,0.00562630149700939,0.335074766748041
"ENSG00000099330.8",0.00229605244212346,0.00613681999325224,0.708297419554483
"ENSG00000127220.5",0.0113141209808174,0.00757607226524388,0.135332006756756
"ENSG00000198003.11",-0.00872377973510031,0.00726387954079915,0.22975865598967
"ENSG00000102575.10",-0.0269211138077062,0.00737222660494547,0.000260516444945402
"ENSG00000213339.8",0.00320618278253076,0.00829679295925157,0.699173498297773
"ENSG00000213303.3",0.000952067538207618,0.00384133256559999,0.804251824433029
"ENSG00000130175.9",-0.00796604318527527,0.00711301696304661,0.262745863824316
"ENSG00000268938.2",-0.00441033561131159,0.00531368013519833,0.406540794762844
"ENSG00000269720.2",0.00313334616066591,0.00397876745172041,0.430979405271842
"ENSG00000248099.3",-0.000214328192714924,0.00424317774356868,0.959714988230131
"ENSG00000127533.3",-0.00779443611769988,0.00390144674303416,0.0457348499039836
"ENSG00000254858.9",-0.00789629394776496,0.00777046346625068,0.309537282868793
"ENSG00000269439.5",-0.00846945790426173,0.00436603864842019,0.0523979824454254
"ENSG00000175221.14",-0.00302105076531873,0.0049527032451138,0.541874943899933
"ENSG00000104904.12",-0.0138033084244753,0.00689198319397202,0.0451980668186907
"ENSG00000277453.1",-0.00203790217331921,0.0044780448801361,0.649046302675962
"ENSG00000130758.7",-0.00567268870533992,0.00556654974670683,0.308171026942358
"ENSG00000241983.3",0.0368307730741619,0.00467459026962688,3.33066907387547e-15
"ENSG00000077312.8",-0.00151149542182713,0.00809484579931979,0.851877673691512
"ENSG00000105173.13",-0.00397627584501512,0.00566477395583451,0.482722701882072
"ENSG00000105717.13",0.0201598143337792,0.00874819205046179,0.0211971193415622
"ENSG00000089639.10",0.00931718605298819,0.0109816314381473,0.396196488385958
"ENSG00000167380.16",0.00758712787174074,0.0080127774519855,0.343700619898022
"ENSG00000267114.1",0.00591953267082504,0.00450147718977329,0.188503170741831
"ENSG00000266903.1",-0.00618084950219956,0.00253221471884185,0.014651246198808
"ENSG00000278318.4",0.0118500405538973,0.00625019297387517,0.0579669275701911
"ENSG00000197714.8",-0.00951127218866823,0.00419033521868782,0.0232190062943683
"ENSG00000179909.15",0.00338250459149333,0.00439591173069239,0.441616724277974
"ENSG00000178229.7",-0.00455844022387642,0.00365695244585674,0.212575973128609
"ENSG00000267858.5",0.0274798960662948,0.00877363112567866,0.0017356034324425
"ENSG00000269867.1",0.0012727610860895,0.00559265096775802,0.819974774488922
"ENSG00000131943.17",-0.00209838659316854,0.00723004187234607,0.771639065715298
"ENSG00000169021.5",0.0023718988877143,0.0113760961184123,0.834839759827023
"ENSG00000267092.2",-0.00247077390473158,0.00303571345117694,0.415700971173467
"ENSG00000167470.12",0.00495059140768984,0.0048718082747625,0.309547854001531
"ENSG00000267317.2",0.00717416462618963,0.00419557254645745,0.0872775282509286
"ENSG00000115257.15",0.00867365092361056,0.00499247778655171,0.0823264837278672
"ENSG00000171970.12",0.00325901392224736,0.00401188951436539,0.416597194254578
"ENSG00000268670.1",-5.84387440947824e-05,0.00317754788530086,0.985326816467645
"ENSG00000105298.13",0.00170067800636327,0.00578428519924658,0.76874493621703
"ENSG00000160352.15",-0.0107809149274131,0.00676016126137654,0.110763262604689
"ENSG00000105750.14",-0.00503941034430937,0.0042964284596139,0.240823830197368
"ENSG00000240522.1",0.000990200730731029,0.00381073963587687,0.794983522049087
"ENSG00000182141.10",-0.00457222188731376,0.00518560855667475,0.377931673429743
"ENSG00000237440.8",-0.00479333878107512,0.00731514273902983,0.512298754930975
"ENSG00000196705.8",0.000195112785647053,0.00555800423955992,0.971996151198595
"ENSG00000261221.3",0.00981087352033267,0.00464781414358705,0.0347845587719217
"ENSG00000235081.1",0.00320232427848571,0.00228899578310252,0.161810470638756
"ENSG00000105605.7",-0.00748263094231795,0.00271949925280685,0.00593277654564783
"ENSG00000130433.7",-0.00284737770995687,0.0031455407127675,0.365353673404599
"ENSG00000233493.3",-0.0153125808450045,0.00565012622910812,0.00672566889765391
"ENSG00000267666.2",0.00381078878856558,0.00308594913613534,0.216873730179807
"ENSG00000267736.2",0.00129218394265519,0.0034870644333117,0.710961573849328
"ENSG00000130332.14",0.00921554230045902,0.00441970518619182,0.0370599159258526
"ENSG00000083817.8",0.00986857815001576,0.0046720157179323,0.0346629395118823
"ENSG00000213762.11",0.00801720402475348,0.00657418571067427,0.222655367270339
"ENSG00000152439.12",0.0143877679472057,0.00387799317773251,0.000207172024168978
"ENSG00000256060.2",-0.00222174372114772,0.00399646760125647,0.578260849199804
"ENSG00000268049.1",0.00796975353083392,0.00491928592408536,0.105209993858819
"ENSG00000174586.10",0.00607893049961149,0.0111874433711075,0.586874498796942
"ENSG00000186230.6",0.00603949051679016,0.00241880142893841,0.012528643896654
"ENSG00000267191.1",-0.00126611280765386,0.00452004105360566,0.779392415529242
"ENSG00000167384.10",0.00322981967596871,0.00473605139065611,0.495261297515472
"ENSG00000278492.1",0.00436134200223323,0.00402470176926136,0.278522885756061
"ENSG00000062370.16",0.0127917349172382,0.00446451079090582,0.00416740458435028
"ENSG00000167772.11",0.00413236744091356,0.00392781471641943,0.292763765990737
"ENSG00000099785.10",-0.000966000970861308,0.00467200711214675,0.836194491316994
"ENSG00000171817.16",-0.0141802582706807,0.0105930787112494,0.180689761406869
"ENSG00000187994.13",-0.0200943240220636,0.00794779435254615,0.0114619836650492
"ENSG00000167641.10",0.158345502136889,0.00954594386262,0
"ENSG00000104848.1",-0.00116638450356315,0.0035720351511633,0.744021729573821
"ENSG00000087086.14",0.0126625936244055,0.00610404090375141,0.0380365349984843
"ENSG00000142235.8",-0.00594261645186006,0.00916844958064427,0.51688188136749
"ENSG00000063180.8",0.00617898245716836,0.00545051771244702,0.25694115574305
"ENSG00000063127.15",0.00605098516010629,0.00463010199411589,0.191253655471648
"ENSG00000142552.7",-0.00465523306890732,0.0092756358562582,0.615753683050854
"ENSG00000200259.1",0.0139487521614254,0.00415500524642585,0.000787657133592634
"ENSG00000167565.12",-0.0145481419857041,0.00635783990259816,0.0221246616377964
"ENSG00000179134.15",0.0222336785072038,0.0106226601522324,0.0363453663475729
"ENSG00000197782.14",0.00185205497537896,0.00391772497340928,0.63640056630662
"ENSG00000261824.6",0.00661818407167489,0.00523937133359051,0.206530328443985
"ENSG00000261770.1",0.00270644683531344,0.00324190280219219,0.403811848081185
"ENSG00000267575.6",0.000417249758985382,0.00811628572092347,0.958999649977992
"ENSG00000170954.11",-0.00281940584538719,0.00459745748822601,0.539708885723559
"ENSG00000196417.12",0.00153920642926499,0.00393973964725916,0.696028352918207
"ENSG00000278543.1",0.00186564103237989,0.00307521974573757,0.544070481437747
"ENSG00000250731.1",0.00416323032473578,0.00285034684490438,0.14412392427213
"ENSG00000160336.14",-0.0106658808753752,0.00644127141521239,0.0977490041972309
"ENSG00000197928.10",0.0073772245029874,0.00362122667597734,0.0416283021591585
"ENSG00000241015.2",0.000932336716624265,0.00393225886354554,0.812579579298198
"ENSG00000245680.9",0.0172540776910913,0.00634458291584103,0.00653811794865977
"ENSG00000226686.7",-0.0272485686002217,0.00275843352032083,0
"ENSG00000105738.10",0.10384486084112,0.0108610163182239,0
"ENSG00000196437.10",0.0520756708653962,0.00874622364525785,2.61546972968318e-09
"ENSG00000198453.12",0.0290094780814762,0.00640128734313922,5.84778390122498e-06
"ENSG00000276846.1",0.0107638516930112,0.00498664626080487,0.0308862414557158
"ENSG00000198182.12",-0.0948137540001709,0.00890463076760654,0
"ENSG00000266916.5",-0.0533517218246024,0.00861168175744972,5.81839909585824e-10
"ENSG00000131944.9",0.00230585767815221,0.00514679745389698,0.654140237374667
"ENSG00000167644.11",0.0436380011819434,0.00618247793672222,1.68509650677606e-12
"ENSG00000167645.16",-0.0940157023526619,0.00679940601917932,0
"ENSG00000167642.12",-0.128960841226699,0.0134440153395374,0
"ENSG00000182472.8",-0.0205018683278625,0.00385683931152546,1.06237848851443e-07
"ENSG00000225868.7",-0.0759640819286344,0.00672082858608806,0
"ENSG00000105427.9",0.0314915618206932,0.00987879972892769,0.00143363469506375
"ENSG00000267453.7",-0.00424373155306382,0.00256939606618089,0.0986068306753163
"ENSG00000167460.14",-0.00993994351023659,0.00779056125044571,0.201992395394711
"ENSG00000186723.3",-0.0102010970933528,0.0032439878446835,0.00166304787143901
"ENSG00000167461.11",-0.0142512736318609,0.00689685319877961,0.0387959766626892
"ENSG00000188321.13",0.00209890902394312,0.00358453251356095,0.558180580333347
"ENSG00000267106.5",0.0044637073537793,0.00724958874352086,0.538080193418273
"ENSG00000171469.10",-0.00198761213768242,0.00665999581869617,0.765367021513006
"ENSG00000127452.8",0.000617424582395308,0.00736298262086055,0.933171537442886
"ENSG00000130812.10",-0.00590662258072716,0.00503566166140119,0.240812413837961
"ENSG00000269300.1",-0.0102897885000872,0.00489842146448128,0.0356731460389711
"ENSG00000171466.9",-0.00182048817000701,0.00627865053517484,0.771855287765291
"ENSG00000277587.1",0.00703731442889007,0.00400809360055992,0.0791266690548865
"ENSG00000174652.17",-0.000493447713319135,0.00272335144971775,0.856217387497977
"ENSG00000267612.1",0.00809350355150149,0.00709585985124783,0.254038423558561
"ENSG00000198028.3",0.00785566858017053,0.00350443691032572,0.0249849692786005
"ENSG00000196605.7",0.0108096584063828,0.00530462614539648,0.0415719895575104
"ENSG00000267370.1",0.00506517653513903,0.00510492766817305,0.32109354256381
"ENSG00000105516.10",0.00090247062037796,0.00752883857368541,0.90458731431889
"ENSG00000161558.10",-0.00982811620915316,0.00672826220238401,0.1440919290286
"ENSG00000104976.11",0.00654656097270165,0.00755817860432356,0.386404674981605
"ENSG00000260001.6",-0.0103895267077261,0.00460220571661887,0.0239762079779302
"ENSG00000198816.6",-0.0123416465392861,0.00681031282285892,0.0699553525666076
"ENSG00000213753.10",0.00399424808007762,0.00676255670914125,0.554760509521539
"ENSG00000275924.1",-0.0124808461897332,0.00823636478820859,0.129687762602585
"ENSG00000268307.1",0.00903984728296156,0.0097974826829301,0.356178994886599
"ENSG00000278129.1",-0.00679204400975811,0.00574839208862063,0.237382138671116
"ENSG00000176593.7",-0.0038564222839489,0.00468499165184538,0.410426168649904
"ENSG00000198131.13",0.0160194863366191,0.00751397363836788,0.0330101886455052
"ENSG00000171574.17",-0.00516716493773569,0.00501584843904451,0.302931299883991
"ENSG00000105464.3",0.0114719978610753,0.00507688252169062,0.0238427337795819
"ENSG00000104826.12",0.00907947608104408,0.00375086233716998,0.0154933408203575
"ENSG00000142227.10",-0.00193927030862073,0.00710116931230692,0.784782736597359
"ENSG00000269420.5",0.00475847600106906,0.00360764831617157,0.18717023634961
"ENSG00000177464.4",0.000715849148165602,0.00772027914331679,0.926123448896223
"ENSG00000104967.6",0.00192485816112358,0.00601431034199843,0.748933183542174
"ENSG00000266958.1",0.00461154303918502,0.00323071508993009,0.153462818969256
"ENSG00000012061.15",-0.00361023702559646,0.0055583009546377,0.516001231915627
"ENSG00000104884.14",-0.00361958257070744,0.00705387687043478,0.607857736723126
"ENSG00000011478.11",-0.0122941182534418,0.00590402215602158,0.0373124024554573
"ENSG00000185361.8",-0.00927605703184075,0.0047649200246751,0.0515659984967267
"ENSG00000280239.1",-0.00583667097546671,0.0048572325294098,0.229500955708282
"ENSG00000175691.8",0.00513160826485119,0.00266679242149084,0.0543217067021312
"ENSG00000167676.4",-0.0023574451819941,0.00555654806827242,0.671373044928379
"ENSG00000167670.15",-0.00778237876025549,0.0056440610921774,0.167937448684766
"ENSG00000167680.15",0.000119665713615203,0.00564696537366204,0.983093170678996
"ENSG00000267255.1",-0.000330590496263178,0.0035514132322932,0.925834424349168
"ENSG00000105325.13",0.00475089334983403,0.00516079235220011,0.357272670138954
"ENSG00000141985.9",0.022222425442024,0.0072183977660985,0.00207988667644388
"ENSG00000269318.1",0.00913248876763819,0.00416355306856288,0.0282759536616187
"ENSG00000267309.1",0.0251757334289648,0.00482122891915892,1.77144595547851e-07
"ENSG00000189001.10",-0.0055404603613029,0.00330760808574918,0.0939213710053882
"ENSG00000185897.6",-0.00083430531877036,0.00365611291143574,0.819494938998777
"ENSG00000189114.6",0.0100303715352501,0.00454847735565619,0.0274389950079353
"ENSG00000273777.4",0.0017264883319453,0.00399235749294887,0.665415598047302
"ENSG00000176182.5",0.00165285562483337,0.00544786951786319,0.761588960202445
"ENSG00000204866.8",0.00446991203207382,0.00387862510838697,0.2491372080075
"ENSG00000142252.10",0.00623130053067015,0.00566326532129913,0.271200686310333
"ENSG00000170608.2",0.00622898709065523,0.00451153766049363,0.167377559276798
"ENSG00000125744.11",0.00320420569218523,0.00468560545155714,0.494076035208262
"ENSG00000279541.1",-0.0104345328124846,0.00493946046500803,0.0346449289342473
"ENSG00000204524.6",-0.00557966690444894,0.00440599329053252,0.205376651842007
"ENSG00000268568.1",0.0012585250682637,0.0026868221030449,0.639493885808095
"ENSG00000267454.5",-0.0042376284650743,0.00311908715795636,0.174269649553532
"ENSG00000267781.1",-0.0034523024234806,0.00282765723742827,0.222121781703538
"ENSG00000198046.11",-0.000973554836955517,0.00378659074702206,0.797097020013724
"ENSG00000269696.1",-0.00879265754909853,0.00392445729524107,0.0250599517998509
"ENSG00000007255.10",0.00203895626690707,0.00991268281486048,0.837031767026339
"ENSG00000267346.1",-0.00649001976067978,0.0035435669597781,0.0670269209187149
"ENSG00000065268.10",-0.00373172304469881,0.00237166763308692,0.115612451580863
"ENSG00000182087.12",-0.0105914066786403,0.00582552754695301,0.0690484553414281
"ENSG00000105549.10",0.000624933229984737,0.00414779892397703,0.880239013002704
"ENSG00000064932.15",-0.00496313364897366,0.0064558165726222,0.442021074089127
"ENSG00000272473.1",-0.00810679969637849,0.00477657968633606,0.0896593041153863
"ENSG00000185988.11",0.00147255165809812,0.00366985824090117,0.688231851404601
"ENSG00000099821.13",-0.00590578739324729,0.0045328603225805,0.192614653033492
"ENSG00000185761.10",-0.000616037260137566,0.00376236999855463,0.869938589807305
"ENSG00000116032.5",0.00667083817425059,0.00264611290277704,0.0117023417259861
"ENSG00000115266.11",0.00156326393922481,0.00293685828505636,0.594524298222889
"ENSG00000228300.13",0.0181539426683578,0.00787007512845698,0.0210712641061253
"ENSG00000099804.8",0.000355684836246394,0.00646770600602237,0.956143267006012
"ENSG00000172009.14",-0.00866250576605479,0.0075607991544706,0.251913929392933
"ENSG00000104969.9",-0.00350298145370521,0.00885195397930836,0.69230441283521
"ENSG00000133275.15",-0.0150659057148479,0.00823636732144021,0.0673706959039302
"ENSG00000099800.7",0.00112030136932582,0.0071526756016406,0.875538905125487
"ENSG00000267138.1",0.000715032904175617,0.00374300631275364,0.848500748017058
"ENSG00000172006.11",-0.00569663617100597,0.00521987773041968,0.275125425828211
"ENSG00000280103.1",-0.00366663776929587,0.00315288252796079,0.244850685885058
"ENSG00000267419.2",-0.00210834114343179,0.00335414425873766,0.529625395557497
"ENSG00000256771.3",0.0060917545318011,0.00590226206156663,0.302022904290425
"ENSG00000213996.12",-0.0105279801988248,0.00591019415579888,0.0748592733744303
"ENSG00000130513.6",0.000455898774385794,0.00517002265425473,0.929732663524578
"ENSG00000064547.13",0.0055947954341171,0.0111179056548234,0.614806889066456
"ENSG00000234465.10",0.0136136557010676,0.00602693460264537,0.0238956651796425
"ENSG00000243137.7",0.00751871556937481,0.00290502939836059,0.00964868058724722
"ENSG00000159885.13",-0.00671375896190856,0.00427824128060307,0.116582684003945
"ENSG00000189377.8",0.0106622508018105,0.00741175501648537,0.150275359992722
"ENSG00000267219.1",0.00269279736376516,0.004296990346735,0.530875203048511
"ENSG00000213965.3",-0.00408414494230533,0.00599328079041764,0.495584287834168
"ENSG00000267475.1",0.00522398391086908,0.00444753553062956,0.240163002199969
"ENSG00000124299.13",0.00752388525162215,0.00675750149199337,0.265531396464488
"ENSG00000279861.1",-0.0062740174833809,0.00693266869404483,0.36546903113233
"ENSG00000204851.6",0.0156376920356054,0.00614277729427871,0.0109057655507264
"ENSG00000268621.5",0.00232146795467141,0.00377792828131054,0.538897033935942
"ENSG00000182013.17",0.0104522712511157,0.00365465245910851,0.00423653721900685
"ENSG00000280079.1",-0.0135783889367834,0.00694076390113242,0.0504268979750598
"ENSG00000160229.11",0.00739075418637043,0.00468137075676412,0.11439144553992
"ENSG00000088002.11",0.00262215667836585,0.00934908815420461,0.779115468032887
"ENSG00000268061.5",0.00190586111335328,0.0052028836967705,0.714134802941064
"ENSG00000105467.8",-0.00507868217673104,0.00406045003135681,0.211019024061715
"ENSG00000221803.1",0.0061035139435692,0.00351488353364534,0.0824795513532672
"ENSG00000267796.7",0.00603288631048335,0.00636797643674581,0.343445755117623
"ENSG00000188508.10",0.000724060738678252,0.00426534969982828,0.865203500135182
"ENSG00000105668.7",-0.0033423703030915,0.00366866188653576,0.36226387497598
"ENSG00000236144.6",-0.00757916276956109,0.00740190335224595,0.305859923728371
"ENSG00000184162.14",0.0034300669732574,0.00910601677297388,0.706410401216155
"ENSG00000105701.15",-0.00517479907366223,0.010459005321356,0.620762684917204
"ENSG00000213999.15",-0.00955499449054417,0.00816559400858468,0.241939394897415
"ENSG00000105726.16",-0.00646372592492737,0.0104942642624942,0.537941114469097
"ENSG00000105696.8",-0.00358820790467995,0.00443739625252201,0.418728499547956
"ENSG00000160161.9",0.00608597268123984,0.00431872427920137,0.158774228887337
"ENSG00000267481.1",-0.0234800930357733,0.00467196221413463,5.01480597714377e-07
"ENSG00000105676.13",-0.0055793910627796,0.00985302350950235,0.571215808125673
"ENSG00000105501.12",-0.00889676317117876,0.00304164554717694,0.0034447443917528
"ENSG00000270248.1",0.00738094184384551,0.00361709312828218,0.0412933083160152
"ENSG00000167562.12",0.00875305709755255,0.0044692708737462,0.0501716309392662
"ENSG00000176024.17",-0.00995739237219312,0.00573992055245311,0.0827830832514005
"ENSG00000213801.4",-0.00325101808165542,0.00659054966055556,0.621811355042556
"ENSG00000276251.1",-0.00569180215882157,0.00342122600786027,0.0961777467011007
"ENSG00000167733.13",0.0011231637249986,0.00676485937271408,0.868134024867135
"ENSG00000125651.13",0.00678478804265398,0.00443108198276569,0.125724693049024
"ENSG00000171119.2",-0.0210658545921749,0.00458278136935926,4.29152516434606e-06
"ENSG00000223573.6",0.0164785338493511,0.00664959334924756,0.0132074290117332
"ENSG00000174886.12",-0.015164859383221,0.00654798189554633,0.0205604925549282
"ENSG00000074842.7",0.00349236184637845,0.00994457099366569,0.725451246193787
"ENSG00000125648.14",0.00623158524540815,0.00566211852023725,0.271081736098817
"ENSG00000212123.3",-0.0307617804247589,0.00828311641557797,0.000204175757661185
"ENSG00000087903.12",0.00929333326048736,0.00483051385176385,0.0543695158328402
"ENSG00000104835.14",-0.040980775081125,0.00703016605780447,5.56685175734373e-09
"ENSG00000126243.8",-0.00117173241278893,0.00653612396786584,0.857725525291565
"ENSG00000179066.7",0.000404962641457048,0.00408964152536297,0.921121160024179
"ENSG00000089356.18",0.00495059656118558,0.00888605283362116,0.577445535443811
"ENSG00000161277.10",0.00521597880362629,0.0084705893837267,0.538042902805544
"ENSG00000267299.1",0.00192017466305343,0.00357229246076474,0.590909243150403
"ENSG00000125650.4",-0.00826066576620308,0.00669494638891028,0.217252893946027
"ENSG00000196365.11",-0.00303805415428729,0.00433021144116041,0.482931848728983
"ENSG00000124302.12",-0.00199741266855727,0.0040278312634446,0.61996301385196
"ENSG00000267767.2",0.00260179757849178,0.00393228337016819,0.508195182847769
"ENSG00000089335.20",-0.00398768088026021,0.00353886224315663,0.259816187544099
"ENSG00000095059.15",-0.00245512364917526,0.0073867944894552,0.73961246800194
"ENSG00000161860.7",0.000639576637479719,0.00491374561188268,0.896439275753194
"ENSG00000105583.9",-0.0382105881883055,0.0114374267708177,0.00083525990886435
"ENSG00000070423.17",0.00586304231192424,0.00658880824749727,0.37354714435209
"ENSG00000071626.16",0.00623055855360532,0.00651985185806027,0.339259778947592
"ENSG00000099864.17",-0.00345471589725163,0.00553594862120002,0.532593899594009
"ENSG00000099624.7",0.00399028815402195,0.00527807690114671,0.449642150980775
"ENSG00000172232.9",-0.00239328668309222,0.00363866512098916,0.510706789049757
"ENSG00000220008.3",-0.00273465878705902,0.00494409680078402,0.580184017139089
"ENSG00000105289.14",-0.00773380539263829,0.00797087308356264,0.331917780691749
"ENSG00000153902.13",-0.00564418394948898,0.00521982002810236,0.279564321850127
"ENSG00000271109.1",-0.00646586493494043,0.00430118485660656,0.132768068037863
"ENSG00000271032.1",0.00287218757969558,0.00561515363599096,0.608996438561519
"ENSG00000181007.8",-0.0170669637040946,0.00764699541804743,0.0256247316263047
"ENSG00000105261.7",0.00824997746619406,0.00415023359829489,0.0468299984629522
"ENSG00000269481.1",0.0071813878551584,0.00339022959486123,0.0341530514150572
"ENSG00000269191.1",0.00233158215135408,0.00479911695919679,0.627083689447616
"ENSG00000105393.15",-0.00644187727357472,0.00601150194188575,0.283903336789705
"ENSG00000105647.16",0.0200707061314159,0.00896191827909337,0.0251198469251112
"ENSG00000130520.10",0.00261735741143796,0.00909172495123501,0.773435933463879
"ENSG00000099331.13",0.0521852746241221,0.00659422402876503,2.44249065417534e-15
"ENSG00000142541.16",0.0125446319917231,0.00607468979307928,0.038916808244456
"ENSG00000021488.12",-0.00300772855747538,0.00314487518320238,0.338875013260481
"ENSG00000104859.14",0.00891537406449247,0.00748734359606746,0.233761200380605
"ENSG00000160013.8",0.00336682703794351,0.00500843524040949,0.501436444321706
"ENSG00000117877.10",0.00331970128687443,0.00540253558321676,0.53890414985239
"ENSG00000213290.4",-0.00226236156688666,0.0034234661687724,0.50871526784886
"ENSG00000242852.6",0.000756521269973167,0.00480269025886042,0.874834800738375
"ENSG00000230310.1",-0.0066260913968512,0.00372513256402588,0.0752802361365317
"ENSG00000248406.1",0.011528835067606,0.00444472172221769,0.00949144900544407
"ENSG00000167815.11",-0.0223706551139699,0.00837736534309322,0.00757679734554895
"ENSG00000064607.16",-0.0348908754707008,0.00951160473264638,0.00024422321629447
"ENSG00000267169.1",0.00869783507147819,0.00448501345789646,0.0524635036685137
"ENSG00000186204.14",-0.00668327406011764,0.00664714563798203,0.314687347832648
"ENSG00000269378.1",0.0046635028983109,0.00442523094312134,0.291954363652316
"ENSG00000267474.1",0.00319673654743462,0.00314510693676238,0.309431399956345
"ENSG00000141854.9",0.00278215829532094,0.00682579657861046,0.683571278971277
"ENSG00000105135.15",0.00690891223390775,0.0042595900563919,0.104810528346426
"ENSG00000011451.17",-0.00776882220298535,0.0089329086472346,0.384472232398414
"ENSG00000267852.1",-0.00795053386298241,0.0033451635237787,0.0174671037131475
"ENSG00000167635.11",-0.00287886844647389,0.00947969786170651,0.761365764892795
"ENSG00000105697.7",0.0066977093678847,0.00469742420416123,0.153918585955177
"ENSG00000130202.9",-0.00657502670981207,0.0104880514893929,0.530720585103146
"ENSG00000282951.1",0.0124182715054155,0.0073330533169426,0.0903669300384208
"ENSG00000275395.4",0.0121265265112256,0.00591300792653375,0.0402842880889477
"ENSG00000267224.1",-0.00228979120470062,0.00277050568416496,0.408527014883265
"ENSG00000279794.1",-0.00125300941202137,0.00364709252894201,0.7311742611134
"ENSG00000267871.5",-0.00251955060796381,0.00488189009411885,0.605783547892851
"ENSG00000197016.11",-0.0033323185478772,0.00341972105328552,0.329837309152638
"ENSG00000133265.10",0.0076704370857271,0.00666064855373866,0.249483369787441
"ENSG00000266932.1",-0.00290861709028922,0.00290596334513622,0.316868771087125
"ENSG00000268182.5",0.000135910538871841,0.00312669502930741,0.965328636038685
"ENSG00000231274.5",-0.00255629188347913,0.00268385227875303,0.340858087295311
"ENSG00000267549.5",-0.000602337960683071,0.00358303673943464,0.866498135683259
"ENSG00000130881.13",0.0143862432528932,0.00799085383127739,0.071807176564189
"ENSG00000171649.11",0.00772135781560138,0.00522583465642803,0.139532067865587
"ENSG00000267298.1",-0.00415142179582584,0.00253685496711952,0.101746638634553
"ENSG00000179855.5",-0.0136835259405201,0.00405199376953371,0.000732847992096497
"ENSG00000167657.13",9.22512324764849e-05,0.00661873697703558,0.988879532263868
"ENSG00000007264.14",0.00813846558423781,0.00477007168899104,0.0879798519900997
"ENSG00000008382.15",0.0166099930139846,0.00738152007528572,0.024435422465502
"ENSG00000060566.13",-0.000110909886768418,0.00286734782290709,0.969145276424469
"ENSG00000105671.11",-0.00895638053800319,0.0105706352833646,0.396834186095847
"ENSG00000081665.13",-0.0147494886128898,0.0066256593662071,0.0260063893766577
"ENSG00000267565.1",-0.00698074215037229,0.00619920348035321,0.260135543802536
"ENSG00000184635.14",-0.00159064705862283,0.00388689093716901,0.682368108950488
"ENSG00000197124.11",-0.00924231155453428,0.00583861398004973,0.113429833358637
"ENSG00000226763.4",0.00862293409010923,0.00686382792677305,0.209012129110887
"ENSG00000167378.8",0.00477186868509169,0.00618566286122754,0.440446084636246
"ENSG00000105058.11",0.00274783768036338,0.00777531640376806,0.723784646378474
"ENSG00000085872.14",0.0287303386620138,0.0112551306590218,0.0106908790526294
"ENSG00000074181.8",0.00659665245088261,0.00623705887192675,0.290213054105755
"ENSG00000279529.1",-0.00461289456662434,0.00482948784821603,0.339500878524465
"ENSG00000254521.6",0.00421104104977053,0.00250938413177842,0.0933241922893955
"ENSG00000160318.6",-0.000692925818093064,0.00331487323991153,0.834420612179609
"ENSG00000267890.1",0.0139517473682016,0.00429487731383581,0.00116030552093505
"ENSG00000104960.15",0.0217907168521912,0.0089986976159436,0.0154548498350122
"ENSG00000126467.10",0.00462247100791381,0.00421518002452419,0.272805435885885
"ENSG00000062822.12",0.0043117182838267,0.00692681081220399,0.533634159022451
"ENSG00000129437.9",0.0122678513955837,0.00338187706337262,0.000286148519798579
"ENSG00000271095.1",0.000173129333065285,0.00563729874546839,0.97549970007966
"ENSG00000197134.11",0.00611313564792345,0.00326091455107751,0.060838264579466
"ENSG00000160321.14",-0.00431131264151669,0.00535087938346018,0.420404088009514
"ENSG00000279377.1",0.0065072445015664,0.00583979255244012,0.265153175703148
"ENSG00000268079.1",0.00569230016157839,0.00403207729347144,0.158022486529168
"ENSG00000266964.5",-0.00688167314849577,0.00799551522890559,0.389407896383352
"ENSG00000197561.6",0.00993317606696084,0.00360285840217256,0.00583296252816379
"ENSG00000172270.18",0.00146367514973298,0.0065247028316705,0.822501898149624
"ENSG00000197540.7",0.0116910796582358,0.0044445868056545,0.00852822814214871
"ENSG00000268705.1",-0.00738594249089318,0.00527736120401639,0.161647455991267
"ENSG00000198521.11",-0.0111245157482667,0.00541857322929599,0.0400692680049108
"ENSG00000197013.9",-0.0191778914853009,0.00452535486942032,2.25644617581899e-05
"ENSG00000268278.1",-0.0109483796703156,0.003575403404784,0.0021976189737527
"ENSG00000268555.1",-0.00626239988251735,0.00336709139980546,0.0629019201083448
"ENSG00000268416.1",-0.00227931031953762,0.00656778655204289,0.728558331576801
"ENSG00000268433.1",-0.00612670640269616,0.00324892923661928,0.0593270708226324
"ENSG00000268658.5",-0.00516614100704779,0.00324507382289583,0.111385848349641
"ENSG00000268521.1",-0.0196568279908506,0.00574787028744438,0.000626567243766751
"ENSG00000188171.15",-0.00680030984498727,0.00608925319483653,0.26409165681488
"ENSG00000268119.5",-0.00645179682796899,0.00344920312058991,0.0614119075018168
"ENSG00000196268.11",-0.0193660168223738,0.00502698369634687,0.000116959587136201
"ENSG00000269680.1",5.20401848809652e-05,0.00542776423008896,0.992350179162012
"ENSG00000182986.12",-0.00094566664936764,0.00305793887367149,0.757131597776188
"ENSG00000198464.13",-3.34985762340128e-05,0.00334123070960427,0.992000687367686
"ENSG00000105568.17",0.0295929879791286,0.00968978681562969,0.00225782638275496
"ENSG00000256683.6",0.0119244840864933,0.00630286180058695,0.0585021947685755
"ENSG00000196267.12",-0.0114305308164642,0.00484636776419507,0.0183451608719686
"ENSG00000105737.9",-0.030253026065073,0.00780157836547538,0.000105401675774441
"ENSG00000105404.10",-0.000907324654393815,0.00852907357124564,0.915280692542358
"ENSG00000124449.6",-0.00387316169456151,0.00395347151025411,0.327241013397235
"ENSG00000105767.2",-0.000541751391499165,0.00644678052553475,0.933029074077761
"ENSG00000283103.1",0.0213442292989678,0.0103462299118902,0.0391130231360642
"ENSG00000131845.14",0.00423937511951258,0.00326022921310756,0.193487757038936
"ENSG00000186272.12",0.0126319041569513,0.00382345636876588,0.000953866113412527
"ENSG00000166770.10",0.00615324400341191,0.00596265395028169,0.30208899950398
"ENSG00000276449.1",-0.000858388193050159,0.00334611089816772,0.797539227204743
"ENSG00000268516.2",0.00170869974808272,0.00439957681592886,0.697736170501094
"ENSG00000127903.13",0.0154552459916113,0.00575804248101077,0.00727221702593794
"ENSG00000197128.11",0.00884967123683134,0.0050604885110433,0.0803293922007164
"ENSG00000131848.9",0.00884119432578363,0.00391170838819572,0.0238096175467986
"ENSG00000167748.10",-0.0106727729866201,0.00452216059094442,0.0182697722279128
"ENSG00000129455.15",-0.0121566300054403,0.00268584833686636,6.00597490452159e-06
"ENSG00000168995.13",-0.013255796767087,0.00425270868880508,0.00182686448611424
"ENSG00000261341.6",0.0137357449595,0.00299971724718455,4.67174653029367e-06
"ENSG00000196214.10",-0.00327809354578305,0.00533527388058764,0.538938495522871
"ENSG00000186474.15",-0.00584692031906034,0.00364106202893429,0.108311648566952
"ENSG00000105497.7",-0.00716762596756948,0.00456617728478772,0.116479952219773
"ENSG00000221923.8",0.000736667443102822,0.00303758680547086,0.808379329835848
"ENSG00000182310.13",-0.00995480418650254,0.00553317191183389,0.0720007313777373
"ENSG00000105137.12",0.0152510930241171,0.0114049872206275,0.18114751602257
"ENSG00000197054.11",-0.00713958893340014,0.00680199773293173,0.293887714048019
"ENSG00000267082.1",0.00395709675049475,0.00619921607120502,0.523264015130852
"ENSG00000219665.8",-0.00573695825314975,0.0057588625597568,0.319154719540172
"ENSG00000273733.1",-0.00742114280443602,0.00773969871398608,0.337638698042485
"ENSG00000173875.13",-0.0021888980612083,0.00685520835921647,0.749495710938366
"ENSG00000259436.1",0.00352505065443054,0.00687600482091066,0.608189375837831
"ENSG00000125503.12",0.00576828627516781,0.00750254022607052,0.441985668677597
"ENSG00000131037.14",0.000398774665945545,0.00560757939730141,0.943307414209009
"ENSG00000267130.1",0.00764300309737752,0.00454799221057903,0.0928557064494975
"ENSG00000126249.7",4.53142104614008e-05,0.00740811423086762,0.995119502437072
"ENSG00000105323.16",0.011048764452992,0.0089468624247792,0.216855906589283
"ENSG00000007129.17",-0.0216390820471934,0.00601324374014935,0.000319971011252029
"ENSG00000142046.14",-0.0528852138183343,0.00900302934859256,4.24998758408179e-09
"ENSG00000171124.12",0.00427843990929475,0.00500457402342659,0.392603238578593
"ENSG00000141994.15",0.00383032105586576,0.00741120733064951,0.605276082092325
"ENSG00000105711.11",-0.000144334436749458,0.00518569791347554,0.9777952065011
"ENSG00000105695.14",0.00706035089887694,0.00291702203837702,0.0155035778991846
"ENSG00000105672.14",-0.0104153259228723,0.0043257115743681,0.0160502142281057
"ENSG00000205209.7",-0.00471714538540015,0.00398458282040423,0.236472742376748
"ENSG00000181894.14",0.0125120589127482,0.00717196358932372,0.0810581340721748
"ENSG00000173480.10",0.00660064919022198,0.00461444382173349,0.152593001966438
"ENSG00000177025.3",1.53656802119628e-05,0.00570383602373144,0.99785056510611
"ENSG00000105419.17",0.00805889464335975,0.00510939053383718,0.114733131492178
"ENSG00000178980.14",-0.0036230188836042,0.00508113791378866,0.475825352434123
"ENSG00000269656.1",0.0120166652231294,0.0035415836951904,0.000691265258355278
"ENSG00000279948.1",0.00467401533183077,0.00383484775288945,0.222909925741962
"ENSG00000153879.8",0.00193094866387656,0.00849988675765091,0.820288865931051
"ENSG00000235191.1",0.00872206161843024,0.0037585414385846,0.0203085808114385
"ENSG00000232871.8",0.00864041181077551,0.00358242025629659,0.0158699688893251
"ENSG00000204666.3",0.0289130626176435,0.00378034641647296,2.03170813506404e-14
"ENSG00000161618.9",-0.00988900794589023,0.00486685023877436,0.0421626374003123
"ENSG00000104863.11",0.000100244667146051,0.00598633313853714,0.986639578448901
"ENSG00000126460.10",0.0102833988018159,0.00905596196594148,0.256149513542779
"ENSG00000225950.8",-0.00263218067192534,0.00737129380398462,0.721027947642248
"ENSG00000176909.11",0.0103644638873635,0.00739274184289786,0.160921716841561
"ENSG00000105538.9",0.00924735745006747,0.00667348152680002,0.16584246039101
"ENSG00000176920.11",-0.000899745326276249,0.00517848481820799,0.862064431446238
"ENSG00000105270.14",-0.0526697237840105,0.0114509185171538,4.23288942430489e-06
"ENSG00000185198.11",0.0057123403421335,0.00375018390540294,0.127704660116495
"ENSG00000196415.9",-8.40847928520147e-05,0.00333948607968892,0.979912217587298
"ENSG00000181781.9",0.00455848643501585,0.00363168111872923,0.209406136090359
"ENSG00000129951.18",0.0158616317894941,0.00454943471611076,0.000489374263161535
"ENSG00000130005.12",-0.00537439316853611,0.00638513533897317,0.399953727711094
"ENSG00000071655.17",-0.00602987366963945,0.00631654516387949,0.339772035693151
"ENSG00000176761.7",0.00262849803668911,0.00294338431051533,0.371847011852087
"ENSG00000177045.7",-0.00463002680242185,0.00747812331472616,0.535822237468741
"ENSG00000267282.1",0.00425958918487466,0.00406419553452967,0.2946032090082
"ENSG00000130377.13",0.00751088227855417,0.00341160752685829,0.0276959147007438
"ENSG00000130254.11",-0.00683052704233405,0.00605738905063451,0.259473879973501
"ENSG00000167769.4",0.00210213947785263,0.00501187511816275,0.674900634993759
"ENSG00000115255.10",0.00902564684331579,0.00655065148073326,0.168257539077379
"ENSG00000261400.1",-0.000790586050731888,0.00616794400618162,0.898009223055055
"ENSG00000267636.1",-0.00793530539531078,0.00556792576131351,0.154104711098543
"ENSG00000172081.13",-0.0018395564972449,0.00563547814851187,0.744103423582949
"ENSG00000131849.11",-0.00944995604584644,0.00561812096841229,0.0925592941533239
"ENSG00000130724.8",-0.0012894201960008,0.0159601364601835,0.935608922479431
"ENSG00000083845.8",0.0170076720931382,0.0123648666692139,0.168981547301802
"ENSG00000269855.2",-0.00689976529992963,0.00593682059420294,0.245154754182289
"ENSG00000152454.3",0.0126661023855639,0.00622372467592923,0.0418375745195165
"ENSG00000083838.15",-0.0340217855429323,0.0149972812755664,0.023296910263527
"ENSG00000152443.12",0.0148750511791302,0.00849339917921931,0.0798828728596981
"ENSG00000152475.6",0.00731609957490673,0.00852074641841167,0.390549145415393
"ENSG00000182566.13",-0.0112884743019982,0.00317637329576807,0.00037958111601244
"ENSG00000233927.4",-0.00190097728607247,0.00480937621719575,0.692647450149633
"ENSG00000090661.11",-0.0245303163438276,0.00840956547948877,0.00353467806047336
"ENSG00000186994.11",0.00125340514335476,0.0049597308414916,0.800487401827006
"ENSG00000104921.14",-0.000398090937893999,0.00378111288281698,0.916150406277466
"ENSG00000104980.7",0.00790315262125751,0.00640882257194664,0.217513224968921
"ENSG00000105443.13",-0.0065786821943238,0.00439175260856053,0.134142906308374
"ENSG00000105327.17",0.00275440629483174,0.0042473243141297,0.516659102503948
"ENSG00000142233.11",-0.00389759493165712,0.00522070940140717,0.455326642643942
"ENSG00000280353.1",-0.000707031348720027,0.00329360349652696,0.830026155871349
"ENSG00000105552.14",-0.00875329734288473,0.00624970726681374,0.16133576307082
"ENSG00000105479.15",0.00148414417496539,0.00342717775118943,0.664977417880087
"ENSG00000105483.17",0.00314073354154429,0.00812343803082512,0.699032998393207
"ENSG00000134815.18",0.00961768683503422,0.00587927668327585,0.101868418364539
"ENSG00000174951.10",-0.0132548316638605,0.00594679786587796,0.0258204035664694
"ENSG00000223547.9",-0.0147870404950818,0.00733071386529187,0.0436814130311475
"ENSG00000179115.10",-0.0125167240758203,0.0130975185281417,0.339245985411091
"ENSG00000105607.12",0.00261694169590425,0.00614348258400114,0.67012941936775
"ENSG00000240616.1",-0.00612559003399375,0.0046531565220346,0.188027221644506
"ENSG00000141837.19",0.00176162570204076,0.00343415460468871,0.607970795849351
"ENSG00000214189.8",0.0181204412278019,0.00490973472098645,0.000223622854855887
"ENSG00000179218.13",0.00111687780501092,0.00751379894629493,0.881834900944984
"ENSG00000018869.16",-0.000337659636476823,0.00364081703127938,0.926107878604906
"ENSG00000269793.5",-0.00909243382221688,0.00287709218433985,0.0015761440302573
"ENSG00000268678.1",-0.0012136520460778,0.00310784322245396,0.696157514106514
"ENSG00000167685.14",0.00257035611126947,0.00547157226796989,0.638522535566438
"ENSG00000037757.13",-0.00100102219706278,0.00351185591526843,0.775612888927186
"ENSG00000187912.11",0.00253007517662686,0.00372100565948781,0.496539970275014
"ENSG00000099795.6",0.0117008873704962,0.00824538430566044,0.15587472498634
"ENSG00000132017.10",-0.00395895977692856,0.00702804750538851,0.573224745971453
"ENSG00000104979.8",-0.00325702256622859,0.00669780628847674,0.626767247116869
"ENSG00000132002.7",0.00165465273917456,0.00550941974520108,0.763924246755498
"ENSG00000132005.8",0.00162139341335673,0.00663753009776795,0.807016590092338
"ENSG00000105472.12",-0.00420768776087456,0.00426059165720293,0.323356930295315
"ENSG00000167615.16",0.00454772215200845,0.00594595791547512,0.444365253201571
"ENSG00000275183.1",-4.72765224115442e-05,0.00508602473477213,0.992583468212627
"ENSG00000160469.16",-0.00979379787867863,0.00569890521796928,0.0856981232279546
"ENSG00000226696.5",0.0122444905347858,0.00470865864810242,0.00931097020039517
"ENSG00000267838.2",-0.0043616029333219,0.00472444641937801,0.355903650684207
"ENSG00000142408.4",-0.00925959534871146,0.00263131204770493,0.000433171586723513
"ENSG00000237017.1",0.0104748829137849,0.006154482404348,0.0887567736058801
"ENSG00000167613.15",-0.000692643770941037,0.00560293492598188,0.901614890660676
"ENSG00000180739.13",0.00516324791751307,0.00528653330598339,0.328727921050184
"ENSG00000213304.3",-0.00370934324383938,0.00516117371517103,0.472324864516929
"ENSG00000169515.5",0.0141946020587817,0.00555632777306323,0.0106287513674368
"ENSG00000267348.2",-0.00655957607423429,0.00541650800044084,0.225882323004269
"ENSG00000008438.4",-0.00601636875889577,0.00368407893987637,0.102453706475511
"ENSG00000125753.13",-0.0125837550213228,0.00932993976434124,0.17741732214766
"ENSG00000281468.1",-0.00329169287545714,0.00559546638620434,0.556345337962877
"ENSG00000188032.9",0.00478611914365468,0.0044139398652964,0.278223355435414
"ENSG00000179284.5",-0.00114060073095127,0.00428825492481467,0.790252692899342
"ENSG00000142230.11",0.0157095495814087,0.0107038988371435,0.14220001830569
"ENSG00000105639.18",0.0106657265767323,0.00806776147398724,0.18616212869795
"ENSG00000279172.1",0.00858354419305628,0.00319100289493468,0.00714690367005877
"ENSG00000099308.10",-0.00986257023736696,0.00706910235680826,0.162965830838167
"ENSG00000188051.6",-0.0110999389125765,0.00684766349100276,0.105021510024054
"ENSG00000181035.13",0.000334590292245986,0.00784613249105432,0.96598533890556
"ENSG00000269815.1",0.00868161973395188,0.00362869106920818,0.0167343252924601
"ENSG00000159915.12",-0.0135756539097606,0.00882639804254988,0.124030506629692
"ENSG00000263002.7",0.0062589343173069,0.00428713741591228,0.14430842913404
"ENSG00000159917.15",-0.00673527431093787,0.005101590194286,0.18675811503318
"ENSG00000069399.14",0.0127788681294352,0.00666073732243025,0.0550430098228984
"ENSG00000267264.1",-0.00754315780269759,0.00614091540532518,0.21931778632101
"ENSG00000283632.2",-0.0111904064194131,0.00456733144139612,0.0142817616974692
"ENSG00000267508.5",-0.00322588664027317,0.00466018979775052,0.488797825400165
"ENSG00000130208.9",0.0123028561041509,0.00386989334629986,0.00147722819740437
"ENSG00000124459.11",-0.00146673226728465,0.00448612429755317,0.743706726544234
"ENSG00000243560.3",0.000409720188039714,0.00433016629222481,0.924616690284783
"ENSG00000160007.18",-0.0190758458442655,0.00776849051231812,0.0140672761169295
"ENSG00000245598.6",0.00661708514276721,0.00458576403194537,0.149031059140013
"ENSG00000196109.6",-0.00848714982367967,0.0051149222676128,0.0970569577133046
"ENSG00000269040.1",0.0119374145041476,0.00496597794147927,0.016223889451858
"ENSG00000172687.13",-0.00226484786401628,0.00381983139236514,0.553235842822011
"ENSG00000269825.1",0.00118739138067474,0.0039917416108247,0.766113827213546
"ENSG00000269646.1",0.00158276000722639,0.00410493224098316,0.699811314416723
"ENSG00000130844.16",-3.05990386723754e-05,0.00293378865117363,0.991678317425617
"ENSG00000167766.18",0.00407341177318537,0.00472577529923242,0.38871156801399
"ENSG00000183397.5",0.0122794493301761,0.00405266664185076,0.0024457983259496
"ENSG00000267769.1",-0.00674252618465955,0.00254010717903662,0.00794434950850953
"ENSG00000267205.1",0.00108869180244692,0.00370475623106006,0.768862381297747
"ENSG00000198597.8",-0.0060703366435527,0.00499502211067821,0.224260372683435
"ENSG00000130803.14",0.00254688088521674,0.00532603141228646,0.632511515259203
"ENSG00000130818.11",-0.00495692633547045,0.00585671754650591,0.397348625025063
"ENSG00000197961.11",-0.0102311635295334,0.008315802201887,0.218574337488385
"ENSG00000188000.3",0.000601793981497935,0.00254811861938081,0.813299293796876
"ENSG00000267387.1",-0.00765509318450285,0.0043245195557363,0.0767004272256966
"ENSG00000130529.15",0.0104811282800094,0.00800235748826996,0.190278707632352
"ENSG00000072071.16",0.00543525639502116,0.00575865840974613,0.34525104015798
"ENSG00000105143.12",-0.00638136054113536,0.00383572088999511,0.0961790843859178
"ENSG00000268849.5",-0.00568306798974369,0.00356607457843607,0.111014873881828
"ENSG00000204653.9",0.0098201850734386,0.00280178548289551,0.000456651998018254
"ENSG00000129451.11",-0.0098420366080603,0.00405016600463026,0.0150974526572236
"ENSG00000267968.1",-0.00442900696352146,0.00375431878134815,0.238115622522137
"ENSG00000213023.10",-0.00909585969343991,0.00301575317370403,0.00256035767109175
"ENSG00000105204.13",-0.00412544449224944,0.00641325600709962,0.520050001310169
"ENSG00000090013.9",-0.0374860678833498,0.0064416956232915,5.90996052096671e-09
"ENSG00000196235.13",-0.00881700052703826,0.00617006527799509,0.153005293443327
"ENSG00000276445.1",-0.010306390645207,0.00746879455994267,0.167609148200967
"ENSG00000205041.1",0.000738830093464188,0.00745809110311324,0.921087268297398
"ENSG00000267692.1",-0.00843334822028422,0.00341267792215844,0.0134667266068298
"ENSG00000083812.11",0.0206557871907098,0.0101184037583076,0.0412103212395633
"ENSG00000213013.4",-0.00584259130074324,0.00404122977913609,0.148248490918073
"ENSG00000268660.1",0.00172341591801899,0.00404995659611889,0.670443538735725
"ENSG00000204519.10",0.000180011486200766,0.00507638066168092,0.971712466057729
"ENSG00000243234.1",-0.00462782265552803,0.00470410422410695,0.325221708504441
"ENSG00000105171.9",-0.0148157490120924,0.0070597252554271,0.0358495571688232
"ENSG00000166289.5",0.00939296023384464,0.00617026956322989,0.127935597247416
"ENSG00000119574.12",-0.0308493971480969,0.0117958693309176,0.00891566367774321
"ENSG00000142396.10",-0.0110027272476603,0.00631983790399526,0.0816866445908574
"ENSG00000267927.1",0.00747635965947554,0.00303457177697228,0.0137500386785857
"ENSG00000180257.13",-0.0141907875687405,0.00545040819064854,0.00922451766638221
"ENSG00000177558.3",-0.00763703245578833,0.00520048366655317,0.141962078698136
"ENSG00000105699.16",-0.0092062836092397,0.00792116301794359,0.245138446987956
"ENSG00000004777.18",0.0135314772500445,0.00741247873563454,0.0679256657357722
"ENSG00000269553.1",0.00813113686382682,0.00269507089921669,0.00255256077467791
"ENSG00000012124.16",0.0089352148143108,0.00277520198868972,0.0012834142994359
"ENSG00000161281.10",0.00994966643422326,0.0102188204408781,0.330224911718705
"ENSG00000262497.1",-0.00876630837686075,0.00346839574854881,0.0114883660627407
"ENSG00000245848.2",-0.000177584936097217,0.0056925893910249,0.975113381558865
"ENSG00000011132.11",0.00494133473824452,0.00572819281183326,0.388338647936634
"ENSG00000142002.16",-0.0155406477164951,0.00483819682120603,0.00131780284291616
"ENSG00000167674.14",0.00556666677975805,0.00439742811828888,0.205551937880654
"ENSG00000130811.11",-0.0138035071291154,0.00977507985695451,0.157916999146698
"ENSG00000198258.10",-0.0157879037485198,0.00989795174905321,0.110697083531068
"ENSG00000130475.14",0.000708901867504097,0.00658727375294228,0.914299604225284
"ENSG00000175489.9",0.00704148641634486,0.00684329585122511,0.303497873077272
"ENSG00000269736.1",0.00169815102659201,0.00433944223195553,0.695553820858741
"ENSG00000130522.5",0.00827391908745663,0.00532933202419749,0.120536750412185
"ENSG00000053501.12",0.00290557324788967,0.0071658202458079,0.685127131482316
"ENSG00000130309.10",-0.00695380409480432,0.00848842035682901,0.412666257373049
"ENSG00000197608.11",0.00336384268176847,0.0061936358480615,0.587052165244948
"ENSG00000220201.7",-0.00447853862237513,0.00963600827032847,0.642095351674632
"ENSG00000104936.17",0.00732877889762885,0.00682630708128628,0.282998344546012
"ENSG00000185800.11",0.0140745686905939,0.00815853640280779,0.0845033231224275
"ENSG00000269124.1",0.017182134580373,0.00627506081127084,0.00617835877336548
"ENSG00000124440.15",0.00911696187786686,0.00789654447455037,0.248274417123175
"ENSG00000183647.10",0.015708418854801,0.00473939724916714,0.00091828892038226
"ENSG00000188785.11",0.0034251085064325,0.00359890801961682,0.341245238617221
"ENSG00000204514.9",0.0123750454979426,0.00760370987577158,0.103630734403573
"ENSG00000178201.4",0.00789240271908062,0.00417527570009456,0.0587217205502312
"ENSG00000268205.1",0.00505155350428113,0.00717460126420307,0.481377725405581
"ENSG00000105771.13",0.0191212599250681,0.00833002785973409,0.021706678820883
"ENSG00000239830.1",0.0060135777551319,0.00392251105231567,0.125252721211338
"ENSG00000129347.19",0.00938720081932945,0.00523927200165518,0.0731811210005628
"ENSG00000115268.9",0.020323001953396,0.00566738261398735,0.000335841665729641
"ENSG00000267551.3",-0.00022065586657485,0.00289840153113211,0.939315519676585
"ENSG00000279452.1",0.00274472858171157,0.00521934705326836,0.598974467559021
"ENSG00000178297.12",-0.00103929735198606,0.00354620070190109,0.769465993236058
"ENSG00000104964.14",0.00763321059487004,0.00556328392814262,0.170041892851283
"ENSG00000104897.9",0.00938995217024743,0.00444405971082417,0.0346074322361278
"ENSG00000261204.1",-0.000447180948255055,0.00346484051292146,0.897308201399327
"ENSG00000141934.9",0.0090324079894705,0.00609213356372658,0.13817152002524
"ENSG00000213014.3",-0.000400871532431903,0.00318519359224546,0.899846954438633
"ENSG00000243642.3",-0.000259769228888409,0.00453093520370162,0.954280439555009
"ENSG00000269560.1",-0.00499412661153332,0.00300353049382607,0.0963620701154054
"ENSG00000197933.12",-0.0133261567080642,0.00742916902236496,0.0728512586539458
"ENSG00000130176.7",0.00704563892383828,0.0142523756521226,0.621060157628897
"ENSG00000105613.9",0.00227897656940996,0.00470625697738654,0.628212733916289
"ENSG00000188033.9",-0.00290714896358445,0.00488768097154618,0.551983141783561
"ENSG00000007306.14",0.00369697201040036,0.00467785022563652,0.429344227078366
"ENSG00000269843.1",-0.00794811013669446,0.00403038461315397,0.0486041776380552
"ENSG00000267107.6",0.0417687052075561,0.00713471485806394,4.79045880741324e-09
"ENSG00000198538.10",-0.0155379020352147,0.00450492295675275,0.000562471188607638
"ENSG00000260160.1",0.00740986167005605,0.00640899868725267,0.247613564316632
"ENSG00000275055.1",0.00267394128559522,0.00295449125414301,0.365442668748895
"ENSG00000269097.1",0.00642603823403673,0.00615434664246315,0.296417710534817
"ENSG00000267470.5",0.0231597090296544,0.00507896867831574,5.11722399287873e-06
"ENSG00000099338.22",0.0418993260938292,0.00553430831221114,3.70814490224802e-14
"ENSG00000188283.11",0.0146994534627817,0.0145845580968742,0.313513093063073
"ENSG00000275132.1",0.0303280573703374,0.00515431523190712,4.00436583891661e-09
"ENSG00000130244.12",-0.0463862730326549,0.0078304608315032,3.14539794210589e-09
"ENSG00000269288.1",-0.00224584907043045,0.00372393998406333,0.546452729601165
"ENSG00000170906.15",-0.00788927034318576,0.00456907711393698,0.0842276558118534
"ENSG00000099822.2",-0.00594051562608096,0.00308100268852314,0.0538413028353684
"ENSG00000126266.3",0.00778646451474379,0.00270412681000117,0.00398338359966499
"ENSG00000270760.1",0.0080239677366182,0.00440564891922907,0.0685626679130614
"ENSG00000089327.14",0.0156263112642257,0.00783068391120251,0.045985848528646
"ENSG00000268535.1",0.0051380397240973,0.00293923446959497,0.0804488365999627
"ENSG00000197020.10",-0.00209824533972652,0.00286832419524843,0.464459714471174
"ENSG00000197360.9",0.00816365965347984,0.00400263019150319,0.0413927941882889
"ENSG00000189190.9",-0.00647631541000078,0.00333772605125791,0.052338672698558
"ENSG00000258405.9",0.00466865095221468,0.00245908278818299,0.0576258444891791
"ENSG00000268970.1",0.00191077921851436,0.00406763934665689,0.638532650783728
"ENSG00000269526.1",-0.000238089938824182,0.00337273809946239,0.943722097462791
"ENSG00000267703.1",0.0145186228103864,0.00457822322058879,0.00151792167230169
"ENSG00000232098.3",0.0131561285006595,0.0120607391789437,0.27535089040854
"ENSG00000267980.1",-0.000153535062526026,0.00443209734200066,0.972365507935618
"ENSG00000125740.13",-0.00065298317319585,0.00405564566516852,0.872088696881396
"ENSG00000079313.13",0.0157564627720702,0.00799922841063912,0.0488672787837446
"ENSG00000267938.1",-0.000510972514235418,0.00328846240028954,0.876519059144409
"ENSG00000205790.1",-0.0129523141153934,0.00562574187717414,0.0213165710499732
"ENSG00000269800.1",0.00754537416542488,0.00451054452641056,0.0943607687334447
"ENSG00000268027.5",-0.00437115324840773,0.00525400572969439,0.405428230893217
"ENSG00000242325.1",0.00425228057923544,0.00386271829559568,0.270961141303526
"ENSG00000186326.3",-0.00462149736454627,0.00548945420025688,0.399851489523081
"ENSG00000120784.15",-0.0410826171626284,0.00760586253658412,6.61077109720409e-08
"ENSG00000267254.5",0.0268887694599174,0.00870608634931638,0.00201168000673912
"ENSG00000142449.12",-0.00768541753121559,0.00583716942314584,0.187961232660331
"ENSG00000130255.12",-0.00740036353526514,0.00664302356280624,0.265276907883793
"ENSG00000141965.4",0.00828987297894496,0.00419599645817906,0.0481930113997299
"ENSG00000232677.6",-0.0223020161897328,0.00397895467650554,2.08262450618335e-08
"ENSG00000197808.11",-0.0255756053216276,0.0066411107480605,0.000117586753021093
"ENSG00000196967.10",0.0223074937244234,0.00768108841925915,0.00368181125545086
"ENSG00000254004.6",-0.0275622798810723,0.00519111755202073,1.09921592938989e-07
"ENSG00000196381.10",0.00856992003451379,0.00843857753807943,0.309836802641582
"ENSG00000267260.1",-0.0149716272026666,0.00393167590546289,0.000140123316199392
"ENSG00000267682.1",-0.00771558039362277,0.00561540404730815,0.16944084027849
"ENSG00000197050.10",-0.00744923717445732,0.00821178441590112,0.36433282833636
"ENSG00000159871.14",-0.00946781309663466,0.00463720607271689,0.0411806682602921
"ENSG00000167637.16",0.00253375011400022,0.00359763299689789,0.481256835878784
"ENSG00000173572.11",-0.0040082559032803,0.003314140276702,0.226493607263657
"ENSG00000179922.5",0.00434363189810677,0.00661919751802332,0.511684321729928
"ENSG00000267096.1",0.00573957957722303,0.00395142841251632,0.146353501725917
"ENSG00000167414.4",0.0150343194007142,0.00490717132864883,0.00218585471335864
"ENSG00000283236.1",0.00962103294538257,0.00708208044397335,0.174303888803048
"ENSG00000105374.9",0.00962228860613479,0.00503418011485026,0.0559543003261147
"ENSG00000197619.13",-0.00859222333612167,0.0048999747452495,0.0795121028787378
"ENSG00000011243.17",0.0102268003864878,0.00579016808380749,0.0773563485540847
"ENSG00000268758.7",0.00117070658005718,0.00369197586380081,0.751171622784468
"ENSG00000125733.17",-0.00152845528268061,0.0068477559224493,0.823375742227555
"ENSG00000104883.7",0.0183671047552874,0.0078692402999982,0.0195937398013553
"ENSG00000125726.10",0.00967381517090571,0.00394869714254778,0.0142905739421293
"ENSG00000156413.13",0.0063317568711853,0.0040317525695944,0.116305208005788
"ENSG00000167232.13",0.00305493409431158,0.00852145954259283,0.719969971444667
"ENSG00000268189.2",0.00699974853602386,0.00560345853332871,0.211597926802905
"ENSG00000121289.17",0.00551581035438044,0.0058489620538329,0.34565999057428
"ENSG00000105700.10",-0.00448018827388145,0.00570697868601025,0.432431993815635
"ENSG00000051128.18",0.0239557677487691,0.00871746709275397,0.00599564811649311
"ENSG00000267650.1",0.00190507019638917,0.00460624239249976,0.67917846807705
"ENSG00000278611.1",0.0002213981071264,0.0043932454218593,0.959807529312587
"ENSG00000177051.5",-0.00323727476154232,0.00549694767540155,0.555913435047626
"ENSG00000186567.12",-0.000875696715604855,0.00498193019207519,0.860471036403812
"ENSG00000269516.6",0.00111612752964444,0.0064532658120523,0.862686441025215
"ENSG00000280332.1",-0.00329020732337367,0.00654027868723572,0.614916205576223
"ENSG00000197588.9",-0.00617886537134957,0.00635099467589164,0.330604362770842
"ENSG00000269959.1",-0.0303460349251521,0.00491578175303088,6.69274080600246e-10
"ENSG00000131401.11",0.00804303112908311,0.00455066463851621,0.0771544064708375
"ENSG00000064666.14",0.00366159162464543,0.00416769257409508,0.379636815741741
"ENSG00000116017.10",-0.00290139854321552,0.00355645891290244,0.414608202140166
"ENSG00000118620.12",-0.00328420014274044,0.00614198313101395,0.592848114856228
"ENSG00000268357.1",-0.00651462264659081,0.005780353480972,0.259730465499806
"ENSG00000095932.6",-0.00072495750043997,0.0042903392900193,0.865816778931744
"ENSG00000167654.17",0.00603122382013064,0.00386784478338813,0.118919676113565
"ENSG00000161082.12",-0.00691829913708677,0.00489144313901585,0.157253971391212
"ENSG00000142409.5",-0.00331658932888842,0.00494276811939913,0.502221570815244
"ENSG00000268401.1",0.00735473456912843,0.00391577205079274,0.0603492178807015
"ENSG00000115286.19",-0.00479459054765623,0.00523456720066412,0.359694250526707
"ENSG00000118046.14",-0.00187723430786657,0.00456224756418611,0.680726921949762
"ENSG00000248015.6",-0.00183655707031923,0.00509654889915253,0.718583112990639
"ENSG00000141858.11",0.00261115058698851,0.00596101782139791,0.661358948517152
"ENSG00000179262.9",0.0138054367300075,0.0105003409841452,0.188590305075168
"ENSG00000198356.11",0.00437392444094681,0.00912742367396824,0.631791443131468
"ENSG00000095066.11",0.0142578349690985,0.00707231955458225,0.043799402898434
"ENSG00000268945.1",0.0043802622809135,0.00378086766481747,0.246646342296469
"ENSG00000225872.3",0.0122009835759705,0.00452885302373331,0.00705883077653824
"ENSG00000271049.1",0.00587289639463572,0.00337989351028351,0.0822816625357189
"ENSG00000161265.14",-0.00384935245500446,0.00245701411995609,0.117189738871267
"ENSG00000188368.9",0.0117879963067359,0.00693741637741142,0.089283178925724
"ENSG00000105409.16",0.0101588364961172,0.00391197063585354,0.00940805109102294
"ENSG00000141968.7",0.00567063687316009,0.0050799862663253,0.264306528141065
"ENSG00000267006.1",-0.00267304583227017,0.00355740193546678,0.452409591965345
"ENSG00000105258.8",-0.00494406847175555,0.00917618588627921,0.590029412232114
"ENSG00000099840.13",0.00304298158801411,0.00527986045877526,0.564387079106369
"ENSG00000104953.19",-0.0049637218646169,0.00319065252192499,0.119777676765944
"ENSG00000267030.1",-0.00267028103386673,0.00551804434327729,0.628444058697082
"ENSG00000160633.12",0.000810460062764179,0.00436657063439649,0.852754043712413
"ENSG00000196867.7",0.00193799086834515,0.00389936360443416,0.619187757022904
"ENSG00000267192.1",0.00325008646974086,0.00247615976115682,0.189334222158008
"ENSG00000267710.6",-0.00149734387015013,0.0035548292865763,0.673598820757425
"ENSG00000141873.10",-0.00405333365974418,0.00571541300481699,0.47820441668843
"ENSG00000064961.18",-0.0209788250784272,0.00852315379040196,0.0138398944548774
"ENSG00000039987.6",-0.00941709720952386,0.00431654172940611,0.0291368462041907
"ENSG00000268108.1",-0.00170084215413482,0.00592183692452241,0.773947473835038
"ENSG00000270624.1",0.0146337436387154,0.00664950757002727,0.0277554329785552
"ENSG00000166359.10",-0.00313184700303192,0.00484894986294137,0.518356102509253
"ENSG00000153896.17",-0.0108268413446473,0.00712161503877921,0.12844088533186
"ENSG00000105486.13",-0.0120521007605113,0.00769055946213097,0.117084481089038
"ENSG00000268001.1",-0.00422963373076768,0.00466082627952341,0.36414994783757
"ENSG00000213024.11",0.00799905289895085,0.00604857646681404,0.186012134066474
"ENSG00000104852.14",-0.00974070908913899,0.00698105829430777,0.162923731844756
"ENSG00000269102.1",-0.000324307162170047,0.00248386191925628,0.896118880381104
"ENSG00000269352.1",-0.0177383809247409,0.00712550937017187,0.0127951943985383
"ENSG00000104870.12",-0.00721696253498974,0.00780074345296958,0.354880905151625
"ENSG00000090554.12",0.00902509598030483,0.00838324084324884,0.281675057950386
"ENSG00000269404.6",0.00864139827216067,0.00521128784524791,0.0972755263541959
"ENSG00000240418.1",0.00588373113828169,0.00358350433967095,0.10061215492379
"ENSG00000171236.9",0.00698641526395788,0.00629643943892621,0.267179232485741
"ENSG00000126934.13",0.00137424687649489,0.00918170246004938,0.881023133167858
"ENSG00000130749.9",-0.00205270408394342,0.00594825071589154,0.730023899732032
"ENSG00000269345.1",0.0122016961499494,0.00473060115548696,0.0098997339001845
"ENSG00000152433.14",-0.00101577600714038,0.00599017646423567,0.865345457154539
"ENSG00000198429.9",-0.0182680578786482,0.00789370815897668,0.0206537087393173
"ENSG00000276757.1",-0.00676723176555846,0.00393417750227521,0.0854118153703729
"ENSG00000127616.17",-0.0212802328950338,0.00823029492105392,0.00972102746232772
"ENSG00000187266.13",0.0222684268062452,0.00732069885820175,0.00235133409655697
"ENSG00000267673.6",0.00120648534238715,0.00864611521170689,0.889022862441887
"ENSG00000142444.6",-0.00802536267982705,0.00602427952436268,0.182804428993339
"ENSG00000130810.19",-0.00106980390968323,0.0125435650406679,0.932033170722503
"ENSG00000130733.10",-0.0200036339075105,0.0071942972231735,0.0054277804521462
"ENSG00000205517.12",0.0112231250901628,0.00601787188393701,0.0621862019311159
"ENSG00000129355.6",0.00637189286174636,0.00713623763228254,0.371914758783054
"ENSG00000007047.14",0.00260330972234032,0.00600680117017456,0.664728784104237
"ENSG00000104941.7",-0.00536940874343547,0.00328397995867201,0.102042567871875
"ENSG00000125741.4",-0.00372791580155985,0.0070309649379817,0.595963589288062
"ENSG00000064490.13",0.00651086941945735,0.00847472157288996,0.442327138910557
"ENSG00000213988.10",-0.0143172716618762,0.00775447652652726,0.0648452583849124
"ENSG00000279039.1",-0.00254138226734835,0.00599293664323227,0.671519920071148
"ENSG00000105669.13",-0.026571522832989,0.0135307372050504,0.049554480972452
"ENSG00000130517.13",-0.00514320050012287,0.00350154271887079,0.141876618514861
"ENSG00000123143.12",0.00809240305957362,0.0072273994790357,0.262848475031329
"ENSG00000104998.3",-0.00803884853047234,0.00610675879476162,0.188044697614583
"ENSG00000105612.8",0.00885576784338286,0.00913870098801895,0.332525175346867
"ENSG00000188269.8",0.00116620420393345,0.00736966690804872,0.874264679610745
"ENSG00000104957.13",0.00125636633147533,0.0100503671335298,0.900518001744658
"ENSG00000105141.5",-0.00245848879541536,0.0041073257191966,0.549465051679023
"ENSG00000213015.8",-0.00411087015097946,0.00463054075942696,0.374662742697546
"ENSG00000090971.4",-0.00456751351607412,0.00398462893244758,0.251677959470977
"ENSG00000267776.1",0.00548072438731571,0.00311508195498683,0.0785069114403818
"ENSG00000105136.20",0.0105497051418392,0.00592479319497773,0.0749773126679344
"ENSG00000121413.12",0.00308206557283066,0.0107471510043516,0.77428094813936
"ENSG00000255875.2",0.00219927089502087,0.00297547356918259,0.459826201427436
"ENSG00000167775.10",0.0119485080666768,0.00601830641460757,0.0471043730267464
"ENSG00000066044.14",0.0213260230392904,0.00698472112246497,0.00226385545762953
"ENSG00000196337.11",0.00774586802352136,0.00676043809397304,0.25189272694093
"ENSG00000278999.1",-0.000942939605436375,0.00411236857548164,0.818640763312228
"ENSG00000105398.3",-0.00470008626505072,0.00338552262166734,0.165048840142685
"ENSG00000087074.7",-0.00161034901308047,0.00609881785675791,0.791746930242251
"ENSG00000235681.1",-0.00304475293136102,0.00313215120536129,0.331002589703453
"ENSG00000131042.14",-0.00381713723909142,0.00491886201949436,0.43773694483001
"ENSG00000031823.14",0.0174460427067231,0.00826416083529822,0.0347681602782265
"ENSG00000127666.9",-0.000972540845901945,0.00558044898793789,0.861648205224052
"ENSG00000072954.6",-0.00594165070078973,0.00514882548811267,0.248507646856156
"ENSG00000176490.4",-0.00314916756924522,0.0053195739085616,0.553853129261906
"ENSG00000125912.10",0.0125760050596701,0.0053379157647469,0.0184740774352069
"ENSG00000279611.1",0.011427767496345,0.00514630780820536,0.0263796943101307
"ENSG00000083807.9",-0.00732641576690479,0.00837804289637224,0.381857893911682
"ENSG00000121410.11",0.0086401734891196,0.00539756098975477,0.109431163414724
"ENSG00000269054.1",-0.00705156283932428,0.00784163878452095,0.368521607471553
"ENSG00000269473.1",0.00300472322483889,0.00693512063855632,0.664824547383162
"ENSG00000268895.5",0.00690231358652663,0.00450219914353497,0.125251651099133
"ENSG00000282458.1",-7.11167506455363e-05,0.00337710665383997,0.983199001518389
"ENSG00000105085.10",0.00988459391322225,0.00566968339675823,0.0812616784977682
"ENSG00000268087.1",-0.0089901829088118,0.00593481011332132,0.129817402882187
"ENSG00000214046.8",-0.0118657713452429,0.00658534519750523,0.0715697948530706
"ENSG00000267904.1",-0.00912459761737522,0.00579574243355226,0.115403745067889
"ENSG00000123146.19",0.00958457547102295,0.00581021088363681,0.0990229575027243
"ENSG00000268030.1",0.0101042995534721,0.00457825866951494,0.027312797843505
"ENSG00000268751.1",-0.000512385014735651,0.00619326222389942,0.934064120496259
"ENSG00000249115.8",0.00953838806247635,0.00947264952602571,0.313963692068958
"ENSG00000277977.1",-0.000332517809961144,0.00250440464298542,0.894372752686777
"ENSG00000171105.13",-0.00319721948404458,0.00385279374641077,0.406626739022289
"ENSG00000125731.12",-0.0188214084490142,0.00670746441838454,0.00501545821265292
"ENSG00000268201.1",0.00409548941666595,0.005096371796437,0.421622917390208
"ENSG00000083814.13",0.00531727769590725,0.00665053034683518,0.42398497397669
"ENSG00000269794.1",0.00461727589955672,0.00586872158770802,0.431422322983256
"ENSG00000248830.1",-0.00330140673157473,0.00325539134325615,0.31051827593062
"ENSG00000257103.8",0.00599623306591558,0.00688524450189956,0.383818779206854
"ENSG00000197841.14",-0.00505059078165401,0.00551943276944817,0.36016216478917
"ENSG00000269037.1",0.0115014410612574,0.00446596389899319,0.0100137340465509
"ENSG00000205786.8",-0.00480107018014294,0.00388419107457035,0.216438466536024
"ENSG00000218891.4",0.010059270557469,0.00507896722548661,0.0476390643413221
"ENSG00000197497.10",-0.00151162683506582,0.00392178052521431,0.699908476970467
"ENSG00000126254.11",0.018760833644116,0.00817645046871382,0.0217620193027944
"ENSG00000104783.11",-0.00252386984714223,0.00630694471870163,0.68902899950144
"ENSG00000186010.18",-0.0120466310241438,0.0125629232280807,0.337607362600662
"ENSG00000142513.5",-0.00237878027196728,0.00379725597659117,0.531021676409357
"ENSG00000131409.12",-0.00763896046905667,0.00310998541858864,0.0140388064799158
"ENSG00000270679.1",0.00246450430421287,0.00445642558638219,0.580247897993194
"ENSG00000276980.1",0.0094976529357365,0.00508411770681678,0.0617477868795333
"ENSG00000125730.16",0.0160366160561027,0.00707506992476285,0.0234124030753422
"ENSG00000125735.10",0.00125416268101415,0.00546855415971071,0.818604031072228
"ENSG00000267323.1",0.00326423344148108,0.00655453797040575,0.618476135015339
"ENSG00000203326.11",-0.0172864240468988,0.00462169273679242,0.000183815510326091
"ENSG00000161031.12",-0.00750452070069097,0.00482781470270052,0.120080860200048
"ENSG00000141867.17",0.00288558275325822,0.00615233543675582,0.639053668912622
"ENSG00000268906.1",0.0240637483903803,0.00413267953017467,5.78712999743658e-09
"ENSG00000167749.11",0.0173727919656038,0.00808252433349777,0.0316006068886397
"ENSG00000273837.1",-0.0118289007702057,0.00285038982138025,3.32585866363866e-05
"ENSG00000131400.7",-0.0189837013848857,0.00721077550500613,0.00847128436416777
"ENSG00000167747.13",0.0312371511252193,0.0068784556173621,5.59076126382951e-06
"ENSG00000186526.12",-0.0273953649157285,0.00462621134425437,3.18492621165234e-09
"ENSG00000279716.1",0.00461304904496118,0.00709948091364429,0.515839040849724
"ENSG00000160961.11",-0.00669353201669046,0.00561946141065815,0.233600951505199
"ENSG00000105523.3",0.0142623673638477,0.00514930893621592,0.00560970279169803
"ENSG00000178150.9",0.0112151912438278,0.0048471384948924,0.0206800292012058
"ENSG00000105499.13",-0.00430398951434942,0.00435828981628841,0.32337753521203
"ENSG00000105373.18",0.011661408420668,0.00586302594442192,0.0467040303760129
"ENSG00000269399.2",0.00542266211107734,0.00551962513647284,0.32588655502189
"ENSG00000130299.16",0.00525343756303662,0.00799027578999234,0.510873047847101
"ENSG00000105650.21",-0.000614341783741445,0.00418303158553306,0.883238417877583
"ENSG00000074855.10",0.00145934166266085,0.00514260980743934,0.776583177324437
"ENSG00000130313.6",-0.00265293958698073,0.00738617940269977,0.719463306643907
"ENSG00000269044.2",-0.0203141228469417,0.00704801949816435,0.00394851896473081
"ENSG00000269001.2",-0.00253611774330228,0.00313437799159374,0.418440652887536
"ENSG00000267809.1",0.00472610216481617,0.00266760398682946,0.0764500864960422
"ENSG00000239912.1",-0.00212133912412516,0.00246160720525201,0.388814122830234
"ENSG00000105618.13",-0.00385043443429637,0.0049884589410954,0.44019230213117
"ENSG00000268362.5",-0.000762503991620309,0.00503503446676955,0.879628892915508
"ENSG00000213967.10",0.00959792863964385,0.0105965270018491,0.365061980648899
"ENSG00000267934.1",-0.00282472681828136,0.00743876906786295,0.704145545122174
"ENSG00000268442.1",-0.00887054084175391,0.00648810350946575,0.171562348925253
"ENSG00000269397.1",-0.0103541298476843,0.00840338644016792,0.217897623663528
"ENSG00000276030.1",0.0213919429183096,0.00935083729134086,0.0221547954985999
"ENSG00000279425.1",-0.00283596688181259,0.00801149073795021,0.723348316152881
"ENSG00000284428.1",0.00656977028463141,0.00966041156671248,0.496459208894796
"ENSG00000196172.9",0.00525865038976203,0.00883485771274895,0.551698966307555
"ENSG00000183019.7",0.0016657863799937,0.00372185950685986,0.65446477611524
"ENSG00000167491.17",-0.00607989120366394,0.0109056923129792,0.577187879641194
"ENSG00000266904.5",-0.0116180012669552,0.00666146874792512,0.0811486258550832
"ENSG00000273218.1",0.00414247388974142,0.00514967931122811,0.421157945775277
"ENSG00000277531.2",0.0182832622726972,0.0045946732737101,6.91387955534806e-05
"ENSG00000268810.1",0.0108011863327516,0.00520243071485062,0.0378772400060575
"ENSG00000170604.4",0.0226131435971876,0.00724841627420232,0.00181013328210433
"ENSG00000275719.1",-0.00566112280300907,0.00405602271440649,0.162795057657697
"ENSG00000083844.10",0.000510063610482633,0.00529619056274484,0.923276243993105
"ENSG00000267522.1",-0.00250568903881665,0.00328516773471202,0.445625696755945
"ENSG00000010310.8",-0.00982001670874781,0.00917808373501397,0.284645443884316
"ENSG00000279407.1",0.00125593274603493,0.00526839309718244,0.811578546836301
"ENSG00000269388.1",0.00515748615114615,0.0029038278652568,0.0757165792785497
"ENSG00000204611.6",0.00223514145740256,0.00495313762865319,0.651803833210923
"ENSG00000269535.1",0.00278698332346471,0.00309751119963058,0.368253717001078
"ENSG00000198482.11",0.0117865261768789,0.00606991844360523,0.0521621440421486
"ENSG00000213020.9",-0.0106125752163546,0.00368796068583674,0.00400678601565163
"ENSG00000198077.10",0.00473932798565694,0.00430325584879932,0.270750711211416
"ENSG00000105245.9",0.00482074122470337,0.00625153912430063,0.440630651941504
"ENSG00000077348.8",0.0216195040890443,0.00605966125924961,0.000360026321505669
"ENSG00000269652.1",-0.00705121665850612,0.00404756752558435,0.0814931402795245
"ENSG00000268366.1",-0.00438205156635047,0.00380480110876873,0.249437659937671
"ENSG00000279198.1",-0.00439533844017721,0.00444979058507485,0.323268738504244
"ENSG00000130300.8",-0.010409446209906,0.00493580715294887,0.0349475734903569
"ENSG00000130312.6",-0.00663134722070797,0.00419983816746983,0.114346829905557
"ENSG00000160117.14",0.00332211909159508,0.00448731599319997,0.4590964775521
"ENSG00000130304.16",-0.0135317559273176,0.0073267812288028,0.0647631448149799
"ENSG00000141971.12",-0.00153503750880239,0.00451583576625709,0.733914337364196
"ENSG00000267908.2",-0.00198996340104158,0.00344107358106462,0.563063448371655
"ENSG00000176293.19",-0.0122943269054888,0.0093505615635348,0.188569629411388
"ENSG00000089351.14",0.0178625694670086,0.00625427479372111,0.00428937221526682
"ENSG00000268222.1",-0.00353546238510266,0.00286903425898137,0.217843356480201
"ENSG00000224543.4",0.0142701869256531,0.00494715478264423,0.00392005821268637
"ENSG00000187867.8",-0.00155280175891418,0.00375811099262425,0.679469777195037
"ENSG00000267519.5",0.00571728387820387,0.00544306304642204,0.293543494974144
"ENSG00000127507.17",-0.00397919076333912,0.00518416094941243,0.442744485998573
"ENSG00000127526.14",-0.00329988083551893,0.0104345174944496,0.751815328343344
"ENSG00000171954.12",-0.00284498345113087,0.00607082137301955,0.639332430412498
"ENSG00000186529.15",0.00200345484194583,0.00511000815399794,0.69501026039815
"ENSG00000123159.15",0.00282009824472773,0.00815377923910593,0.729444966908093
"ENSG00000160951.3",-0.00488628673921028,0.00500084822990219,0.328523811823029
"ENSG00000127540.11",0.011414773336066,0.00711668200798298,0.108725965462522
"ENSG00000070404.9",-0.0112252800839851,0.00588871879311139,0.0566197624719186
"ENSG00000181588.16",0.00914393467658282,0.00397214164432582,0.0213342548834741
"ENSG00000129932.7",0.00270465896649716,0.00597226089868678,0.650642212930783
"ENSG00000076650.6",-0.00120225042709424,0.00467974727342961,0.797252118277092
"ENSG00000279539.1",0.0338023335622288,0.00587219491025415,8.59586390955513e-09
"ENSG00000197213.9",0.00140559035257541,0.00279242658616178,0.614712572105976
"ENSG00000266910.1",-0.00838917671220286,0.00669114099137546,0.2099242649131
"ENSG00000213889.10",-0.00178399516453674,0.00451955048809381,0.693043303215161
"ENSG00000125743.10",0.0103801920506123,0.00705375257201881,0.141133148239346
"ENSG00000090372.14",-0.0118749166948459,0.0102167493938506,0.245114068805577
"ENSG00000126261.12",-0.0101024340858074,0.00798299200861862,0.205694046706806
"ENSG00000167785.8",-0.00621528740044902,0.00504980481214583,0.218398591392689
"ENSG00000224689.9",0.000878414279320303,0.00535639598718537,0.869736238152849
"ENSG00000268884.1",-0.00413477594095614,0.00303410368601005,0.172955999875806
"ENSG00000104918.7",-0.0026606686862402,0.00363358308763622,0.464019775087367
"ENSG00000129990.14",-0.0013914276014471,0.00247262106954288,0.573616123101242
"ENSG00000197483.9",0.00375589268958509,0.00511071603154414,0.462397123719132
"ENSG00000171443.6",-0.0192932776545951,0.00566023674156888,0.00065305829192408
"ENSG00000080031.9",-0.00619907203754919,0.00397005915485329,0.118416236341966
"ENSG00000178093.13",0.0159444925475876,0.00544330664538631,0.00339843974031184
"ENSG00000273654.1",0.0111771703258773,0.00390224186360167,0.00417939100051035
"ENSG00000004776.12",0.0174133435883842,0.00616512648992826,0.0047355794909536
"ENSG00000187474.4",-0.0011084099860354,0.0040133173643588,0.782407522013745
"ENSG00000161671.16",0.00319462181723777,0.00499444412200626,0.522409850777702
"ENSG00000105707.13",-0.0235664035513801,0.00547551258723071,1.67769698594666e-05
"ENSG00000279203.1",-0.00871179613286898,0.00452291030251324,0.0540858552074003
"ENSG00000267011.5",0.00357975616736964,0.00340717064890939,0.293417705935939
"ENSG00000274447.1",-0.00229125676762023,0.00375535133405482,0.541774944098425
"ENSG00000090924.14",0.0239441274935432,0.00975740019825649,0.0141298427373298
"ENSG00000160396.8",-6.59838593958173e-05,0.00343124341449766,0.984657381708987
"ENSG00000105227.14",0.00197546823430973,0.004650130031524,0.670967897722754
"ENSG00000176396.10",-0.0129464646517439,0.0082195595532771,0.115237957673062
"ENSG00000262484.1",-0.00661227165047546,0.00661048107987409,0.317179441157938
"ENSG00000267571.1",0.00163505929605741,0.00463097658451806,0.724035899224515
"ENSG00000269486.2",0.0173501365888673,0.00453490808576468,0.000130291474911504
"ENSG00000105219.8",-0.00153854940743478,0.0066709597958292,0.817599236920504
"ENSG00000128626.11",-0.0171308019788157,0.00856533152725335,0.0454985125254898
"ENSG00000142303.13",-0.0242041382413184,0.00763435753935818,0.00152217478127592
"ENSG00000256229.7",-0.011606106947374,0.00679142530493117,0.0874629210088314
"ENSG00000267117.1",0.00258963656402478,0.00323856267242971,0.4239279396719
"ENSG00000269699.5",-0.000477527337033408,0.00290123751845238,0.869263269523586
"ENSG00000276578.1",0.000109535806867594,0.00329401574506446,0.973472857473376
"ENSG00000104892.16",0.0014459395214362,0.00610887466186863,0.812893486145719
"ENSG00000282851.1",-0.00174782064474954,0.00525417350890079,0.739395647331083
"ENSG00000269019.1",0.00614964841664453,0.00478284576184962,0.198522699191578
"ENSG00000197405.7",0.00604592709716798,0.00516561431960014,0.241832864251273
"ENSG00000011485.14",0.0138355789428683,0.00550772376584312,0.0120038166531994
"ENSG00000105321.12",-0.0103441434590772,0.00683761440162946,0.13032302234846
"ENSG00000126461.14",0.0157977871249967,0.00766907859072553,0.0394049581683267
"ENSG00000142534.6",-0.01379401159452,0.00868786767442141,0.112346795547191
"ENSG00000181392.14",-0.0364724265592569,0.0150364418373476,0.0152830115347735
"ENSG00000127445.13",0.00318953243076801,0.009033947458208,0.724042883621084
"ENSG00000133250.13",-0.0206143792207776,0.0065662137878087,0.0016925831679685
"ENSG00000153885.14",0.0023652852676815,0.00456212717627432,0.604136625767848
"ENSG00000161677.11",-0.0175085741002939,0.00633110545166795,0.00568383032540587
"ENSG00000133247.13",0.00506271249135023,0.00602971372934123,0.401117365832881
"ENSG00000104972.15",0.00133843149347486,0.00478549736780816,0.779719241674002
"ENSG00000239998.5",0.0027130156082088,0.00362744422437108,0.454512150800711
"ENSG00000142515.14",0.0360184510615501,0.00861063904855072,2.87665645466451e-05
"ENSG00000243680.1",-0.00105475007430214,0.00302363682786281,0.727213254897834
"ENSG00000142512.14",0.000283961142748761,0.00557617228356085,0.9593860603083
"ENSG00000130165.10",-0.00118807368759143,0.0130719733650591,0.927582304294694
"ENSG00000249709.7",-0.00581552904069537,0.00535105470084718,0.277124977145138
"ENSG00000161914.9",-0.00935823175513614,0.00926703342562627,0.312571398247241
"ENSG00000132010.15",-0.00235047374417709,0.00620017495949759,0.704615113293049
"ENSG00000076826.9",-0.0214429265579682,0.00906641120254974,0.0180254316763336
"ENSG00000214248.2",-0.00521297911017452,0.00380957947566173,0.171190964680105
"ENSG00000173809.17",-0.000153780256885504,0.00484103853038195,0.974658689524889
"ENSG00000198466.11",0.0159405355996981,0.00890629113224025,0.0734850628833927
"ENSG00000235974.1",-0.0105398020628933,0.0049038453319992,0.0316111549270717
"ENSG00000166704.11",0.00598176280250794,0.00853178588969176,0.483231269119022
"ENSG00000196724.12",0.0103559008739884,0.0057734356321255,0.0728585930151343
"ENSG00000267924.1",-0.00111899857959098,0.00576526561575197,0.846102943022796
"ENSG00000233836.7",-0.0365831757357199,0.0141621954101956,0.00979007299194201
"ENSG00000197372.9",-0.000474040382932749,0.0084146567120238,0.955074871136484
"ENSG00000171747.8",-0.0141375566028745,0.00438678190776702,0.00126960737033399
"ENSG00000128016.5",0.00239823742155188,0.00566326235585423,0.671950358383149
"ENSG00000178934.4",0.01464021720349,0.00391883626893896,0.000187075958411831
"ENSG00000104825.16",0.0361419257461307,0.00877981467599627,3.84703792445373e-05
"ENSG00000189042.13",0.00345649641438191,0.00588786172337436,0.557167025303282
"ENSG00000267041.5",0.00625067898311753,0.0061236051661676,0.307372201613283
"ENSG00000204577.11",0.00556638393610534,0.00437749558003282,0.203518479878113
"ENSG00000268496.1",-0.000655326327286733,0.00321926154871912,0.838694089647044
"ENSG00000268650.3",0.00995714987543028,0.00414572149537318,0.0163150989218598
"ENSG00000269350.1",0.00760438783489604,0.0035172555426655,0.0306163934339935
"ENSG00000105220.14",-0.00306448652527066,0.00559102765900219,0.583617804616397
"ENSG00000104938.16",-0.000242364575912196,0.00294269934334986,0.934359400804948
"ENSG00000198723.10",-0.00131171457156548,0.00354105308367808,0.71106164513367
"ENSG00000130382.8",0.00532219684116907,0.00744052390560378,0.474424511264987
"ENSG00000079805.16",0.0252816625592992,0.00817443668912636,0.00198296938968978
"ENSG00000183401.11",-0.0159108691343091,0.0118219167373898,0.178341551708062
"ENSG00000267741.1",-0.00210587629176249,0.00539323238001588,0.696191660683157
"ENSG00000142453.11",-0.0125761547210584,0.00698848247499686,0.0719310192801821
"ENSG00000105397.13",0.00111537108782035,0.00948096640042735,0.906350385530112
"ENSG00000080573.6",0.00168109050758141,0.00576733941635007,0.770680735495318
"ENSG00000022556.15",-0.00583771827896376,0.00224806786655706,0.00941045375891736
"ENSG00000180089.5",0.000612874207446695,0.00496606424741189,0.901780490502275
"ENSG00000240225.10",-0.000855407199424707,0.00572701328678266,0.881266749338538
"ENSG00000180061.9",0.0110266161372363,0.00517563948893889,0.0331316910488442
"ENSG00000063244.12",0.00384593976112683,0.00656904591567878,0.558235780135256
"ENSG00000267244.5",-0.0120921397153389,0.00501056659029835,0.0158075949478758
"ENSG00000244165.1",-0.0160773685369362,0.00652978684784302,0.0138103718059122
"ENSG00000130813.17",0.0170476519948127,0.0120674099336938,0.1577434157705
"ENSG00000161847.13",-0.0177970536903539,0.00830234398962566,0.032063510484879
"ENSG00000261615.6",0.00542309229634074,0.00655244643990295,0.407872201294643
"ENSG00000267886.1",-0.0151923002899524,0.00685068423380298,0.0265798972037251
"ENSG00000130204.12",0.00265615045573542,0.010820538018869,0.80609017393123
"ENSG00000178386.12",0.0027921155590533,0.00313912148992202,0.373757184820668
"ENSG00000076984.17",-0.00236713966301897,0.00518632908600929,0.648088632281156
"ENSG00000090674.15",-0.0135035972596529,0.00580741968920698,0.0200595658472578
"ENSG00000185869.14",-0.0310221587552426,0.00909100796925902,0.000643934659434353
"ENSG00000267152.1",0.0170958115323889,0.00770219798924445,0.0264458187081893
"ENSG00000171827.10",0.00424520942307337,0.00840321864431824,0.613426446631983
"ENSG00000130612.14",0.00675496303632313,0.00438034885240703,0.123047793412825
"ENSG00000179709.8",-0.00904979138670963,0.00358248736333221,0.0115330225916526
"ENSG00000142544.6",-0.00766857615420016,0.00530985898635905,0.148678604326988
"ENSG00000167755.14",-0.0110241733584971,0.00266926421080431,3.62696933293716e-05
"ENSG00000268287.1",0.00441914957144995,0.00692133003825569,0.523159504438909
"ENSG00000104888.9",-0.00567853550146447,0.0051895201359149,0.27385353556149
"ENSG00000142546.13",-0.00113833411212683,0.00605399457630553,0.850852938225845
"ENSG00000132004.12",-0.0142421321740668,0.00928684529526216,0.125132694497329
"ENSG00000187556.7",-0.00148621785732482,0.00456409629206702,0.744702457719491
"ENSG00000196110.7",0.00131321155346593,0.00650378423086043,0.839983180039769
"ENSG00000099783.11",-0.0141365602773745,0.00542758756530162,0.00919882166960961
"ENSG00000129354.11",-0.0344797776468128,0.0162479317288822,0.0338291258073382
"ENSG00000260500.1",-0.00487657617266619,0.00290715333990554,0.093456414263117
"ENSG00000121417.13",-0.00211943495902309,0.00568307006162621,0.709194303998492
"ENSG00000269055.1",-0.0216701353682611,0.00554981953360746,9.43595634190775e-05
"ENSG00000270716.1",-0.0115111040792365,0.0049715141276419,0.02059038871755
"ENSG00000267383.6",-0.0164594364012028,0.00532176801994372,0.00198243534726417
"ENSG00000267641.1",-0.00674668756270434,0.0047879713063784,0.15880824405164
"ENSG00000275234.1",0.0270668555860971,0.013078298938197,0.0384897600014824
"ENSG00000126267.8",0.0358194695780052,0.00772940046948535,3.58346907214369e-06
"ENSG00000126246.9",-0.00586403269457324,0.00541437668919021,0.278786884460728
"ENSG00000161249.20",0.0115275322558057,0.00785258918148863,0.14210659806661
"ENSG00000227392.1",-0.00894642227165234,0.00461158676162111,0.0523811668902113
"ENSG00000261754.2",0.00938256472257131,0.00380967555873783,0.0137847126954417
"ENSG00000204869.8",-0.0168886986730457,0.00341772943013311,7.75251321027959e-07
"ENSG00000142279.12",0.00148843563401912,0.00637682764731139,0.815440577869468
"ENSG00000072958.8",0.00517798716507926,0.00911471400974818,0.569973166074467
"ENSG00000204920.10",-0.00934624875535588,0.00406524849996439,0.0215015528808857
"ENSG00000279095.1",-0.0113548070213333,0.00636005885778425,0.0742077254518204
"ENSG00000096996.15",-0.00717436650899336,0.00636022132877438,0.25931747227106
"ENSG00000142273.10",-0.0267867320347836,0.00828677988769446,0.00122726853550004
"ENSG00000226800.5",-0.0163391385517681,0.0044817173497401,0.000266632158737456
"ENSG00000178078.11",0.0211246087073025,0.00705429983490109,0.00274830190848685
"ENSG00000105176.17",0.00236857494794019,0.00590432442674215,0.688302807120994
"ENSG00000160877.5",0.00575034075254697,0.0118652446315765,0.627933612295002
"ENSG00000197647.11",-0.0102356603147205,0.0079399578506752,0.197351912699409
"ENSG00000234773.7",-0.00892969781421174,0.00535556978738473,0.0954415448683519
"ENSG00000170949.17",-0.00551130213830513,0.00371439885450249,0.137870766535563
"ENSG00000189164.14",0.0450240177226314,0.00839062362735829,8.05055916375252e-08
"ENSG00000142065.13",0.0192930587865602,0.0101786266682071,0.0580330587098836
"ENSG00000251247.10",0.0281311546784006,0.0134748299165315,0.0368265643777477
"ENSG00000204604.9",-0.00966289616463926,0.00507023513451665,0.0566750826559748
"ENSG00000171425.9",-0.000729873407765896,0.0042880992367397,0.864845714460403
"ENSG00000167646.13",0.00251033192196979,0.00279931844630591,0.369844115187188
"ENSG00000125505.16",-0.00757115682903087,0.00520985567454135,0.146157866614403
"ENSG00000266921.1",-0.00634091941052835,0.00429075580788459,0.139458792631312
"ENSG00000185453.12",-0.00222762807159604,0.00408730161367878,0.585745324239533
"ENSG00000105438.8",-0.00640084787133408,0.00823787166601107,0.437157224308608
"ENSG00000213793.5",-0.00209578323268055,0.00721626975661741,0.771491322872261
"ENSG00000268225.2",3.64086680448707e-05,0.00344896973658096,0.99157737620242
"ENSG00000167619.11",0.00454480220932496,0.0052489928979012,0.386576426592106
"ENSG00000270164.1",-0.0108365992297623,0.00634494988801737,0.0876531642839555
"ENSG00000267530.2",0.0112661996186045,0.00552346395989182,0.0413803921213386
"ENSG00000167759.12",0.0119648933669771,0.00307495175490957,9.97976689292024e-05
"ENSG00000083828.15",-0.0160928702706122,0.00829781587439122,0.0524513871165635
"ENSG00000267417.1",7.80782253062081e-05,0.00612939266051442,0.989836558168807
"ENSG00000188629.11",0.00822861849319828,0.00387714606998263,0.0338092767764422
"ENSG00000267119.1",0.00566030386928314,0.0042217334875377,0.180000504284226
"ENSG00000270614.1",-0.00324192100486681,0.00368615497742223,0.379137922373941
"ENSG00000125755.18",0.0103288883466864,0.00756683048184936,0.172246207409747
"ENSG00000104881.15",-0.016339060382168,0.009053516820772,0.0711185516633912
"ENSG00000105146.12",0.00419989409395404,0.00464705588872877,0.366114588473158
"ENSG00000105426.16",-0.00677856487520261,0.00440943966764258,0.124223565513714
"ENSG00000279619.1",-0.00219730610952806,0.00457464206749153,0.630997688999239
"ENSG00000205155.7",-0.0141532385472134,0.00779284676986177,0.0693422513917497
"ENSG00000268379.1",0.00671556470165038,0.00313630495317983,0.0322551236179932
"ENSG00000267672.1",0.0280298743329548,0.00548742317758652,3.25550004065533e-07
"ENSG00000173928.2",0.00115670761756992,0.00736741032883688,0.875242259798317
"ENSG00000105379.9",0.0233595108820221,0.00428364034499553,4.94737555367664e-08
"ENSG00000254415.3",-0.0126988643984881,0.00308333740261603,3.8127182402925e-05
"ENSG00000161681.15",-0.00764893780968093,0.00402620367879125,0.0574608036783165
"ENSG00000131398.13",-0.0359271778040089,0.00560574352623164,1.46482714846741e-10
"ENSG00000161652.12",0.00131355184090101,0.00316312182590624,0.677943741771598
"ENSG00000180855.15",-0.0172625386947822,0.00586480999082463,0.00324618493772078
"ENSG00000267283.1",-0.00273842131031062,0.00583543374290045,0.638873310230039
"ENSG00000088256.8",-0.00593711136237214,0.00681187577766914,0.383436209652215
"ENSG00000104885.17",-0.00395759691358968,0.00570677089609446,0.48800117972752
"ENSG00000267493.3",0.000920179096174513,0.00408572444282761,0.821809609362013
"ENSG00000130528.11",-0.0111765697715395,0.0052655753332195,0.0337896217658616
"ENSG00000269534.5",-0.00851130877082031,0.00413225221923298,0.0394247091318023
"ENSG00000178531.5",-0.00192746790651789,0.0077720972028068,0.804135621304989
"ENSG00000254503.1",-0.0029218160272872,0.00393188642424606,0.457416331943882
"ENSG00000196684.12",-0.0172117979593662,0.00938200591452092,0.066571776333529
"ENSG00000105698.15",0.000858507536638962,0.00794884463876716,0.913992467311875
"ENSG00000180884.9",0.00213979085865069,0.00667000997893134,0.74835608993071
"ENSG00000168661.14",0.000327599686154102,0.00518877462353871,0.949658021689372
"ENSG00000280106.1",-0.00753877411542379,0.00430933935688728,0.0802212657682515
"ENSG00000011590.13",-0.00354104217331452,0.00355609065726699,0.319362759850897
"ENSG00000105290.11",0.00665637345769974,0.0061241019199385,0.277074721550681
"ENSG00000279329.1",-0.00549025454292749,0.00352518036965365,0.119366215126725
"ENSG00000277013.1",-0.00287714865894331,0.00497218795864551,0.562826432616675
"ENSG00000279748.1",0.00977696331199433,0.00413836297917431,0.018151185601749
"ENSG00000176533.12",0.00144494647178834,0.00619138166276723,0.815466113956374
"ENSG00000181240.13",-0.00236867516639497,0.00256963976975926,0.3566367189838
"ENSG00000269091.5",0.020099999080404,0.00490347889152822,4.14705460716203e-05
"ENSG00000105576.15",-0.0159005437046126,0.00963880854953472,0.0990170224770737
"ENSG00000267662.1",0.00384297858343026,0.00496923045380583,0.439312389528506
"ENSG00000105221.16",-0.00289334060129933,0.00728166361301697,0.691112260349623
"ENSG00000160392.13",-0.00263847649430394,0.00537400918014613,0.623447770391909
"ENSG00000268157.1",0.00456263153696713,0.00363194533693651,0.209025323074648
"ENSG00000221916.3",0.00206762649824864,0.00436982382531751,0.636098925707256
"ENSG00000104901.6",-0.00121391900070897,0.00356850622659915,0.733724238431565
"ENSG00000233270.1",-0.00759186866829199,0.00319285406503074,0.0174177445914989
"ENSG00000130545.15",0.00296754251156199,0.0100977981708483,0.768849481366711
"ENSG00000267855.5",-0.0234325606644487,0.00704362082118226,0.000878564311600605
"ENSG00000181029.8",0.00075029595343161,0.00443105598233878,0.865539699349905
"ENSG00000090659.17",0.000609237633935842,0.00522160443793779,0.907116549368575
"ENSG00000142405.21",0.00835378208999378,0.00287306127549747,0.00364185858075772
"ENSG00000213799.11",-0.0081877758367888,0.00384864456242708,0.0333832083968878
"ENSG00000126583.10",-0.00317294673806367,0.00291267711687688,0.275996253947768
"ENSG00000105352.10",0.0443444619437216,0.0060272411313318,1.87627691161651e-13
"ENSG00000079385.21",0.0153372546854528,0.0113008446902584,0.174724746697714
"ENSG00000105372.6",0.0183870879618982,0.00838347057990974,0.0282890187746669
"ENSG00000105122.12",-0.00855941184180637,0.0111521837296311,0.442778386814417
"ENSG00000255974.7",0.00051519035467321,0.00471640154192421,0.913017070352932
"ENSG00000105722.9",-0.0390806044663855,0.00882916749911353,9.5860143050075e-06
"ENSG00000105229.6",0.00869231020244495,0.00460889099719564,0.0592966568805544
"ENSG00000269837.1",0.0293943741701315,0.0108513591178879,0.0067523045115454
"ENSG00000180532.10",-0.00940994072757954,0.00617818832085298,0.127736033330796
"ENSG00000060558.3",-0.00216955419205011,0.00586152610715584,0.711282130310492
"ENSG00000065989.15",0.00297284044820651,0.00633217678640212,0.638725438511662
"ENSG00000105401.8",0.00721189545168229,0.00828308711842821,0.38393040776312
"ENSG00000179913.10",-0.00559636960561255,0.00522182079578693,0.283842388555672
"ENSG00000213904.8",0.0033322683544362,0.00692736705018969,0.630495486774542
"ENSG00000104880.17",-0.00999088341909942,0.00612618437918317,0.102922124932234
"ENSG00000104833.11",-0.000602414076714494,0.00339437220039664,0.859135793375925
"ENSG00000229833.9",-0.00538588376123556,0.00556964257365216,0.333540497983442
"ENSG00000267053.6",0.00773851471989456,0.00410388897643347,0.0593415936211117
"ENSG00000075702.16",0.0234840330826074,0.00579758900616587,5.10744573058997e-05
"ENSG00000269243.1",-0.00838621861095882,0.00523727123879836,0.109319950430889
"ENSG00000181027.10",0.00747238095446177,0.00365569727515457,0.0409498795410222
"ENSG00000197857.13",-0.0220066921622483,0.00756696516063944,0.00363447554525087
"ENSG00000087076.8",-0.00694192500990916,0.0032415621545283,0.0322307650305101
"ENSG00000010361.13",0.0145174553172414,0.00593910746715596,0.0145100001222125
"ENSG00000260366.1",0.00426562884641605,0.00314883719984299,0.175523372333217
"ENSG00000205744.9",0.0101094165117768,0.00863767785733969,0.241845700822843
"ENSG00000129351.17",-0.0279458300141396,0.00852189217917348,0.00104065420617172
"ENSG00000105376.4",-0.00341149805376591,0.00584833421023682,0.559672406851845
"ENSG00000099812.8",-0.0012153027392038,0.00517052954345476,0.814174463539408
"ENSG00000267723.1",0.00242058025452026,0.00466442254950104,0.603798872444712
"ENSG00000228887.3",0.00760804639615857,0.00374103655820201,0.0419845396172611
"ENSG00000160460.15",0.00380535635037459,0.00816519043570686,0.641182398521658
"ENSG00000167658.15",0.0101442532787821,0.00446114880670098,0.0229713660335469
"ENSG00000105355.8",-0.00491959268900758,0.00659795293515557,0.45589452314115
"ENSG00000204933.3",-0.00724536850673494,0.00485460027070278,0.135574722035592
"ENSG00000204936.9",0.00700433736249957,0.00757552209522152,0.355173351347702
"ENSG00000276488.1",0.00420208705758402,0.00402256133516621,0.296194145446418
"ENSG00000267395.5",-0.0133358713866089,0.00767524218080845,0.0822957809498084
"ENSG00000063176.15",-0.00833601800128396,0.00515064799782079,0.105567671400061
"ENSG00000167554.14",7.82371550800785e-05,0.00611161311124999,0.989786245945697
"ENSG00000105509.10",-0.0102643803362636,0.00287604665858791,0.000358455901739774
"ENSG00000266936.1",-0.000361549081631533,0.00453170879858996,0.936410589658907
"ENSG00000105520.10",0.0162728338916776,0.0101005760790217,0.107162334760494
"ENSG00000077009.13",9.65554186413382e-05,0.00398396707765488,0.980664364201403
"ENSG00000256294.7",0.00153618253799608,0.00527883884453303,0.771045461334071
"ENSG00000283525.1",0.00636717655725745,0.00371398101404205,0.086458870928049
"ENSG00000267680.5",0.00429940821029121,0.00905542050071991,0.634937833415711
"ENSG00000267605.5",-0.0162257173206663,0.00519035800905315,0.00177125156192315
"ENSG00000229676.2",-0.00514850025560386,0.00601034838097385,0.391662689769777
"ENSG00000167468.16",0.00065509337008032,0.00412251791049401,0.873742830438071
"ENSG00000123144.10",0.0180842847722223,0.00723710315618502,0.0124604346384979
"ENSG00000105610.4",0.00864981344380454,0.00501254540597174,0.0844134701816229
"ENSG00000177380.13",-0.0079947115500498,0.00817834814911345,0.328298914342735
"ENSG00000105053.10",-0.00718612648149124,0.00533998908953974,0.178393053530137
"ENSG00000074219.13",0.000870372972546891,0.0110968772095383,0.937482792503395
"ENSG00000161640.15",0.0095624155409178,0.00383034969943347,0.0125430514509524
"ENSG00000104894.11",0.0201468827958545,0.00768725079539104,0.00877191599634575
"ENSG00000105556.11",0.00269575218834874,0.00545598154320981,0.621241808619792
"ENSG00000130270.16",0.0129230798151313,0.0044179719443075,0.00344327996124916
"ENSG00000197380.10",0.0338785289549224,0.009805499232146,0.000550182698418777
"ENSG00000105281.12",0.000317541609443346,0.00834597453704711,0.96964998728008
"ENSG00000197813.5",0.00297642268408259,0.00564522783078035,0.598022904770563
"ENSG00000104808.7",0.00612673511957809,0.00590757362586775,0.299690003611982
"ENSG00000126457.21",0.0294356652583842,0.00914015574808695,0.00127977271104485
"ENSG00000180279.6",-0.000680353534659945,0.0031952795272273,0.831385793968625
"ENSG00000185236.11",0.000222947864779511,0.00546047592424108,0.967431914358945
"ENSG00000063169.10",0.00223914158510747,0.0050419319075897,0.656967472476361
"ENSG00000230510.6",0.0259588519902127,0.00456139005675235,1.26300561120729e-08
"ENSG00000127528.5",-0.00392161873466942,0.00496019550460328,0.429167070957637
"ENSG00000007080.10",-0.020595018824229,0.00748437260364202,0.0059280257535681
"ENSG00000130303.12",-0.00309991461190797,0.00509737444864549,0.543094974073275
"ENSG00000177599.12",0.00583943755400124,0.00607022912358408,0.336059771157556
"ENSG00000130158.13",0.00286878611319338,0.00714310662694583,0.687966631983262
"ENSG00000105518.13",0.00622245366328847,0.010724801403147,0.56178453883473
"ENSG00000196646.11",0.00222879212919773,0.00730255492301528,0.760208371140104
"ENSG00000079999.13",-0.0042039344502613,0.00781972827453352,0.590848944764991
"ENSG00000267174.5",-0.000148374654590997,0.00395000112796488,0.970035954954503
"ENSG00000188039.13",-0.0073840693166996,0.00988952437430425,0.45527144306232
"ENSG00000105131.7",-0.00997742771458579,0.00646372282246573,0.122684321257194
"ENSG00000104804.7",-0.00560019470765351,0.00377185710994925,0.13761498894986
"ENSG00000104812.14",-0.00352787881831587,0.00432814964356288,0.415014536885275
"ENSG00000126464.13",0.000823796530310196,0.00477298714473112,0.862969318875158
"ENSG00000142556.18",-0.00481762248371407,0.00418966773123244,0.250192576448143
"ENSG00000125652.7",0.00156309869727114,0.00789457569180532,0.843047768294321
"ENSG00000269416.5",-0.00264668499500704,0.00709817060933613,0.709246236986681
"ENSG00000161298.17",-0.0337707879978739,0.0104288929709257,0.0012028860490011
"ENSG00000225975.6",-0.0230640822201785,0.00638568357948309,0.000304029411489437
"ENSG00000197863.8",0.0138244046762156,0.00677241339406204,0.041222818098031
"ENSG00000196357.11",0.000713858199824349,0.00481342165076159,0.882101462641572
"ENSG00000126247.10",0.0317153064738928,0.00930027722621786,0.000649280275911712
"ENSG00000276071.1",0.0115133562645503,0.00704853469313606,0.102376557032273
"ENSG00000233527.8",-0.0119040447579776,0.00498183198722399,0.0168717182308118
"ENSG00000205138.3",0.00141440763093695,0.00584490869699647,0.808788153729931
"ENSG00000099337.4",0.033443719546176,0.00635911190337172,1.44698528048437e-07
"ENSG00000186300.11",0.00227754972593777,0.00378381518454822,0.547228148809314
"ENSG00000105619.13",-0.000752253086908322,0.0053919719885105,0.88904435907534
"ENSG00000088038.17",-0.00478553537058897,0.00541575096664482,0.376894449015275
"ENSG00000221983.7",-0.0102187997597732,0.00669334286470081,0.126832906454269
"ENSG00000181143.15",0.0129789111626035,0.00480170268737057,0.00687206731258783
"ENSG00000171049.8",-0.00350483381048102,0.0030350907712839,0.248184349956878
"ENSG00000171051.8",-0.014773048028049,0.00417113500034944,0.000397507055583168
"ENSG00000130479.10",-0.0104614513536801,0.00606226012190784,0.0844070674639514
"ENSG00000127527.13",0.0267783409238851,0.0073617314359924,0.00027529097657264
"ENSG00000268297.1",-0.00315682992909467,0.00311410272273637,0.310716114772204
"ENSG00000125734.15",0.00264008691600518,0.00483674369897205,0.585176104609863
"ENSG00000268713.1",-0.0291010336468965,0.00698827762287399,3.1235838577337e-05
"ENSG00000105186.15",0.0117979248334453,0.0060138898250183,0.049788179597771
"ENSG00000105329.9",-0.0233571987583958,0.00722130675896835,0.00121862891001268
"ENSG00000167600.13",-0.00103251336387367,0.00621817874692136,0.868119527840758
"ENSG00000254887.1",-0.00914886223447578,0.00529513694638933,0.0840266406024475
"ENSG00000129450.8",-0.0134701412739976,0.00565586330760911,0.0172364743805418
"ENSG00000235034.6",-0.00392883022106455,0.00356787267683132,0.270823180062222
"ENSG00000169136.10",0.0124307725336147,0.00469742867237531,0.00813792988510442
"ENSG00000268743.1",0.00294011308802168,0.00456769139780898,0.519785590128088
"ENSG00000263595.2",-0.0145587022581576,0.00384346695234754,0.000151920596072386
"ENSG00000198633.10",0.000863282171078589,0.00243037131574844,0.722435363333831
"ENSG00000179820.15",-0.00668231132282122,0.00851541608075852,0.432611279220611
"ENSG00000189013.14",-0.000795014199167057,0.00282967657899402,0.778744260079632
"ENSG00000268734.1",0.00386682733681818,0.00338174746371867,0.252855705314824
"ENSG00000167595.14",0.0257189677472665,0.00551987767012309,3.17230184598838e-06
"ENSG00000105254.11",0.0191341393245263,0.00805550916588259,0.0175353503221364
"ENSG00000268947.1",0.0164826570753082,0.00521920182543862,0.00158811951050286
"ENSG00000104974.11",0.00186797371372784,0.003925072455617,0.634139862346546
"ENSG00000167614.13",0.00303633869210683,0.00495752476607191,0.540226373935389
"ENSG00000167617.2",0.00173376240431695,0.00578095371937032,0.764246258370997
"ENSG00000170889.13",-0.00183297349535287,0.00384349876855189,0.63343167695891
"ENSG00000178951.8",0.00362126318285168,0.0060295854625637,0.548118132956197
"ENSG00000166398.12",0.0228365796736526,0.00543421725825964,2.64137497941741e-05
"ENSG00000279103.1",0.000823721660241051,0.00478190936144893,0.863234781198648
"ENSG00000125657.4",-0.0128813451678097,0.00458265454552655,0.00494044276386396
"ENSG00000174917.8",-0.00934913392734674,0.00673069352226423,0.164823686267169
"ENSG00000167555.13",-0.00122290265678604,0.00383510806629328,0.749824748674971
"ENSG00000189430.12",-0.00339387614006608,0.00308034215950758,0.270554961950217
"ENSG00000187116.13",0.0057760757315253,0.00415778461786577,0.164765994549804
"ENSG00000118162.13",-0.00372821878802012,0.00644480034904099,0.562936883111345
"ENSG00000142549.9",-0.00628187908862647,0.00333406434683149,0.0595446176237641
"ENSG00000197044.10",-0.0173183933103226,0.00803958717673394,0.0312292238347732
"ENSG00000197766.7",0.0154172761190043,0.00474245966285284,0.00115039118948157
"ENSG00000274104.1",0.000249669161513193,0.00426180163418245,0.953284244660793
"ENSG00000072062.13",-0.00329790401241057,0.00871380033353167,0.70508215768141
"ENSG00000105366.15",-0.00211757722460139,0.00446776278755215,0.63552262586612
"ENSG00000105492.15",-0.00683677307800098,0.00376694723167232,0.0695335439309726
"ENSG00000104856.13",0.00121281486661738,0.00648447961327989,0.851634373360925
"ENSG00000269834.5",0.0029575853142306,0.00502173735440123,0.555890393536668
"ENSG00000223802.7",0.00749081771034042,0.00610920744293054,0.220141432123677
"ENSG00000237273.1",0.0240252894272218,0.00419402055682524,1.01344957981198e-08
"ENSG00000196466.10",-0.0173303519991257,0.00572426350040804,0.00246565154908329
"ENSG00000179751.6",0.00804048828702864,0.00348098249022953,0.0208974006173192
"ENSG00000226025.9",-0.00337220683182536,0.00426066175558846,0.428666918207213
"ENSG00000269190.5",-0.0175286810054052,0.00451489790783879,0.000103426657164007
"ENSG00000130816.14",-0.0211488942644068,0.0123990408200365,0.0880661982000304
"ENSG00000108106.13",-0.00594790202809204,0.00457917468020774,0.193977347546422
"ENSG00000185792.9",-0.00130298494449753,0.00437818278204702,0.766001893236225
"ENSG00000268499.1",-0.00760346332806937,0.00513736166947512,0.138864516805569
"ENSG00000257591.5",0.00308424433538619,0.00616701198724464,0.616990778360613
"ENSG00000105519.15",-0.0113455799386425,0.00645558784576284,0.0788356740954583
"ENSG00000077463.14",0.0335151490696908,0.00645776394034538,2.10407048673034e-07
"ENSG00000171101.13",-0.0144877600872814,0.00521110192808779,0.00543301001958385
"ENSG00000063241.7",0.00364531809589516,0.00518219367338528,0.481786902441018
"ENSG00000269873.1",-0.00806016442529859,0.0030250369589328,0.00771063941904004
"ENSG00000267139.1",-0.00876363305630301,0.00474791800386404,0.0649235143769138
"ENSG00000268655.2",0.00120253375583467,0.0032900263118734,0.714731596778831
"ENSG00000105202.8",0.00603335974519595,0.00826831352509605,0.465575698434215
"ENSG00000233622.1",-0.000922206981977204,0.00595368673575452,0.876902681938182
"ENSG00000269246.1",-0.0100677986110129,0.0048987870428551,0.0398634067340843
"ENSG00000261857.6",-0.00280972234798732,0.00612136593163237,0.646232361188679
"ENSG00000167625.10",-0.0197990966474414,0.00833590697892899,0.0175414368340781
"ENSG00000174898.15",0.0118966084248077,0.0041386719607159,0.00404669047705419
"ENSG00000178464.6",-0.00464163405842698,0.00477239138654558,0.330751497155032
"ENSG00000176840.11",0.00230524214979775,0.00365646190497941,0.528395601520261
"ENSG00000205784.2",0.00480343951678683,0.00368752306706975,0.192704691241201
"ENSG00000090006.17",0.00826535846686298,0.00879598998073045,0.347385075216041
"ENSG00000187664.8",0.0137644166446066,0.00633032663465771,0.0296780192648044
"ENSG00000269274.1",0.0120260675440094,0.00666680686807588,0.0712513446505236
"ENSG00000104853.15",0.00278383898237463,0.00840100389179522,0.740365173341007
"ENSG00000268460.1",0.00703127163222662,0.00468010095981752,0.133000015926859
"ENSG00000268879.1",0.011270736415186,0.00444810404267467,0.0112823672590877
"ENSG00000267610.2",-0.000560776048272897,0.00432255006985177,0.896777918231326
"ENSG00000270804.1",-0.000404290146324373,0.00727236319258383,0.955666297479276
"ENSG00000267100.1",-0.0120751882049648,0.00461498577936015,0.008883197129256
"ENSG00000171295.12",-0.00862151742092406,0.0106689012493918,0.419034187258545
"ENSG00000267274.1",-0.0059789658152449,0.00506552797267092,0.237871252513633
"ENSG00000170909.13",0.0050761725395088,0.00413725738476165,0.219844601126715
"ENSG00000269662.1",-0.0199303289734654,0.0103263042680213,0.0536000978613267
"ENSG00000231205.11",0.00440881478700406,0.00456244883993715,0.333880877126386
"ENSG00000105708.8",0.00466125858550235,0.00760616147729922,0.539990956345196
"ENSG00000257704.3",0.0092929882462868,0.00740592744790128,0.209549877962599
"ENSG00000213096.10",-0.00716999629164049,0.0105832097426367,0.498096459781039
"ENSG00000269289.5",-0.0116951056721727,0.0125537889923698,0.351543454165171
"ENSG00000105677.11",-0.0212403195025789,0.00834286792948234,0.0108988472177145
"ENSG00000267005.1",9.06299993394222e-06,0.00344479103003516,0.997900824950878
"ENSG00000267343.2",-0.00334796197395781,0.00452048948730061,0.458924273739023
"ENSG00000171291.8",-0.0134344378126461,0.00669554316265141,0.0448056277499983
"ENSG00000105341.18",0.0288901643371545,0.00587626473993049,8.81428127819106e-07
"ENSG00000076928.17",-0.00883297362366911,0.00816631901312228,0.279414900706222
"ENSG00000277744.1",-0.0269599524724667,0.00674800498537884,6.46266049630917e-05
"ENSG00000079462.7",-0.0111624969538843,0.0157056074034159,0.477249568484609
"ENSG00000142039.3",9.08597856938154e-05,0.006083525831421,0.988083731854165
"ENSG00000130203.9",0.0131649487104769,0.00424059044828845,0.00190595509136737
"ENSG00000267122.1",0.00368141444019324,0.00318993002008205,0.248469942014248
"ENSG00000005206.16",-0.0109453266577956,0.00664339176570277,0.0994448453047492
"ENSG00000105705.15",0.0139973490514422,0.00933495280807528,0.133755429236945
"ENSG00000063322.13",-0.0238527818189597,0.00862738435567189,0.00569619649898112
"ENSG00000178982.9",-0.00256182774636031,0.00840760633148322,0.760591922941585
"ENSG00000105609.16",0.00019127512572964,0.00333525826259173,0.954266853916701
"ENSG00000268912.1",-0.0141284393463284,0.00949713598954479,0.136842525702982
"ENSG00000118156.12",7.81898586073404e-05,0.00397251151416845,0.984296470175751
"ENSG00000267649.1",0.000764825842654316,0.00372437756340361,0.837293456763218
"ENSG00000141905.17",-0.000731836033464483,0.00419730748314533,0.861583764966898
"ENSG00000186111.9",-0.00920321495748617,0.0079817816732589,0.248899036093792
"ENSG00000269688.1",0.0342097407284398,0.00551623526612864,5.58754931212491e-10
"ENSG00000161243.8",0.0035642345573472,0.0045320218792303,0.431600547301057
"ENSG00000104814.12",0.114204809249773,0.0110590703935917,0
"ENSG00000104824.16",0.0138791753598625,0.0069678162347768,0.0463823112991715
"ENSG00000105429.12",-0.0052648088127501,0.00941065754500911,0.575853453209134
"ENSG00000167664.8",0.00221636996201678,0.00352564944152841,0.529583708821723
"ENSG00000105088.8",-0.00302280156116205,0.00601220640995667,0.615120778438199
"ENSG00000269386.5",-0.00588149599227824,0.00622317550167118,0.344610054432511
"ENSG00000269067.1",-0.000858989518707977,0.00663101821725861,0.896929490925187
"ENSG00000131116.11",-0.000718408599157525,0.00687118636040334,0.916729881189767
"ENSG00000160953.15",-0.00344674363649335,0.00516127301017758,0.504255636053167
"ENSG00000129911.8",-0.00417526810712108,0.00713122962282685,0.558217866798127
"ENSG00000182324.6",-0.0024899496779878,0.00589027234470974,0.672497858110064
"ENSG00000196361.9",-0.00869591120175651,0.00601673631520201,0.148377268128277
"ENSG00000197256.10",-0.030244261648146,0.0146376195961223,0.0388095212388991
"ENSG00000161888.11",-0.00612739587517186,0.00531671416069515,0.249124722578611
"ENSG00000283108.1",0.0115213772225175,0.00479319324305512,0.0162302842981578
"ENSG00000167608.11",0.00303059065357373,0.0057397282130689,0.597497624020142
"ENSG00000267439.1",-0.00831439250086202,0.00478013271016569,0.0819706920279499
"ENSG00000181666.17",0.0864485245460271,0.0169062396242407,3.16395547761417e-07
"ENSG00000279936.1",-0.0480756834105347,0.00734594806484856,5.96879212722001e-11
"ENSG00000132003.9",0.00133641615684845,0.00594333316852806,0.822088415484434
"ENSG00000283928.1",-0.0101956630955627,0.00453607835378063,0.0245964544841945
"ENSG00000105617.3",0.00315937116614184,0.00458628681629989,0.490902916223265
"ENSG00000105048.16",1.30164325605688e-05,0.00282774042811478,0.996327253450367
"ENSG00000216490.3",0.00890999501927358,0.00664077453503189,0.179689974107309
"ENSG00000269161.1",0.00165815513788546,0.00331469227598264,0.616903234392311
"ENSG00000267898.1",-0.00573520309284721,0.00333635337161144,0.0856137362714251
"ENSG00000269392.1",0.00425478245555465,0.00402435666306031,0.290393948960116
"ENSG00000213985.4",0.00394424864800398,0.00508100439514812,0.437587564873543
"ENSG00000179954.15",0.0038757762252376,0.00388113320620297,0.317978934874587
"ENSG00000186818.12",-0.00153175507767833,0.00430132217776192,0.721756232217874
"ENSG00000105278.10",-0.00619807638351342,0.0038445222502892,0.106921955496975
"ENSG00000125910.5",0.00503987541484018,0.00512087561286709,0.32502586046503
"ENSG00000213777.5",0.00084329212572425,0.00380326030976337,0.824525053744748
"ENSG00000240403.5",-0.000320570074217447,0.00294260208711919,0.913249270615552
"ENSG00000160410.14",-0.0270434509952789,0.00880393127982135,0.00212809893547072
"ENSG00000230666.5",-0.00570175194781856,0.00391787197161348,0.145581080029331
"ENSG00000099797.13",-0.0130840874850261,0.00986831084353271,0.184883090987067
"ENSG00000274892.1",-0.00449082595368509,0.00405467567064433,0.268048756852137
"ENSG00000198346.10",-0.00945416949860189,0.00546913038833285,0.0838731548519193
"ENSG00000177202.2",0.00322161946984503,0.00538279223660084,0.549504089131865
"ENSG00000225178.5",0.00938451146908415,0.0055636904342781,0.0916529329560384
"ENSG00000086544.2",-0.00427926773484296,0.00616569308548149,0.487654062236834
"ENSG00000177191.2",-0.0156242065061766,0.00675313312268412,0.0206883914883855
"ENSG00000269858.5",0.0137275115257162,0.00534308017219766,0.0101929757573814
"ENSG00000105642.15",-0.000497465231717816,0.00417383958495524,0.905127620823798
"ENSG00000188493.14",0.00678572214077467,0.00462485206354134,0.142313472241935
"ENSG00000256087.6",0.00374037701218808,0.00616683107067583,0.544161902487917
"ENSG00000125656.8",0.0168641908232783,0.00887876727302093,0.0575139712286723
"ENSG00000256612.7",0.0051307615706446,0.00427665562332302,0.230250620505034
"ENSG00000174521.7",0.000598024430143558,0.00381537257137969,0.875449155306232
"ENSG00000179943.7",-0.00536100684510946,0.00549758382339449,0.329482433452076
"ENSG00000090339.8",-0.00510539345740635,0.00849153735036844,0.547684730735868
"ENSG00000188305.5",0.00358927879678068,0.00463607876060933,0.438809133245096
"ENSG00000267289.1",0.00744909309951816,0.00456675029420294,0.102856900747017
"ENSG00000267296.2",0.0114617947717868,0.00844486040879315,0.174701488291193
"ENSG00000161091.12",0.00236247182432309,0.00666654610012117,0.723056232168321
"ENSG00000104823.8",-0.0107594344690718,0.00579650571078892,0.0634260253716081
"ENSG00000090932.10",0.00262951431409486,0.00346086242901772,0.447382600316627
"ENSG00000105369.9",0.00585308288027152,0.00805756515681904,0.467588453333506
"ENSG00000170956.16",0.0209017014308272,0.00488349507229892,1.86834423370197e-05
"ENSG00000028277.21",-0.00580905437519867,0.007969519761094,0.466057352471072
"ENSG00000105723.11",0.0509351350854282,0.0126348585092856,5.54648905530808e-05
"ENSG00000267115.1",-0.0254781181244101,0.00584837219606804,1.32191238497725e-05
"ENSG00000267943.1",-0.0114605928127032,0.00388903181934714,0.00320975665767254
"ENSG00000174837.14",0.00492694250516977,0.00333044722319668,0.139043154178191
"ENSG00000232680.2",-0.000526766453803887,0.00467855617859593,0.910354289352345
"ENSG00000198858.9",0.00724392138182918,0.00666765454936461,0.277290025173071
"ENSG00000105248.15",0.000625783186979294,0.0082898640003926,0.939826643255833
"ENSG00000263264.1",-0.00596774150855506,0.00326390803453118,0.0674889873317749
"ENSG00000244482.10",0.00665400348782389,0.00372280444733476,0.0738788132850101
"ENSG00000186431.18",0.00438583755136342,0.00329011527509906,0.182520444367581
"ENSG00000197937.12",-0.00957952947007704,0.00410246967685267,0.0195400748599086
"ENSG00000279044.1",-0.00123737450322032,0.00565777100548917,0.82688099730614
"ENSG00000160888.6",-0.00143132672670189,0.00509992164649926,0.778973790853096
"ENSG00000105662.15",0.00567760377995751,0.00539355777954791,0.292495041331376
"ENSG00000070388.11",-0.0026210756017801,0.00479162967927701,0.584370965725837
"ENSG00000132000.11",-0.00025730969772121,0.00580915137955465,0.964670171399718
"ENSG00000270270.1",0.00102895501326626,0.00515912075966549,0.841915545956179
"ENSG00000006638.11",0.00200466393338312,0.00595612134811585,0.736439533865392
"ENSG00000105447.12",0.0019038745270424,0.00777291232926868,0.806505142530618
"ENSG00000130751.9",0.0108114980200233,0.00559900959473362,0.053487238222504
"ENSG00000268601.1",0.00287163044829302,0.0041709739514538,0.49115081690082
"ENSG00000267751.5",-0.00661714611114839,0.00304353795369229,0.0296929329264676
"ENSG00000266983.1",-0.00446194520028222,0.00301298248272973,0.138631503331732
"ENSG00000130544.11",-0.00123691952830193,0.00340164648300953,0.716138972099672
"ENSG00000105755.7",-0.0108074659039453,0.00632031920741071,0.0872740637917211
"ENSG00000232324.1",-0.0031310432061835,0.00291199964243674,0.282275789667193
"ENSG00000171773.2",0.00677700479520621,0.00357597933844365,0.0580729931472863
"ENSG00000105640.12",-0.00931835090445507,0.00614812220707753,0.129609955732459
"ENSG00000267892.1",0.0171926767771503,0.00460288330685858,0.000187568157791751
"ENSG00000267049.1",0.00851543226160032,0.00547463038226296,0.119842479819886
"ENSG00000270876.1",-0.0017132561387669,0.00495473423465364,0.729506822755229
"ENSG00000104983.8",0.0216149369468158,0.00740722825149441,0.00352185998932697
"ENSG00000128000.15",-0.00689877580013643,0.0102807262057887,0.502195216095055
"ENSG00000204595.1",-0.00158325624596629,0.00300481590887726,0.598258701861918
"ENSG00000174562.13",0.008435023217372,0.00533861705880863,0.114106511957277
"ENSG00000180043.11",0.00250925100735184,0.00365039518058971,0.491835985505896
"ENSG00000253392.2",0.006240633889434,0.003536367469398,0.0776139030154294
"ENSG00000095752.6",-0.00715938504039147,0.00325672986663711,0.0279252028692459
"ENSG00000121297.6",0.0079948546715045,0.00957561909814517,0.403764001275924
"ENSG00000280194.1",0.0133271511077636,0.0051305517551038,0.0093876189380373
"ENSG00000126262.4",0.00843913702748914,0.00410341816936749,0.0397236104139873
"ENSG00000267808.1",-0.000652398887383769,0.00353013375942383,0.853379204561066
"ENSG00000123870.10",0.0111508989376937,0.00481955360994382,0.0206853484873365
"ENSG00000182318.5",0.00144949671014246,0.00858643459201261,0.865944197263716
"ENSG00000221946.7",0.0169781645417497,0.00715647831233257,0.0176720413501797
"ENSG00000167754.12",-0.000498572435894909,0.00340766577062015,0.883677400032429
"ENSG00000167751.12",-0.024605872520954,0.00918277119973991,0.00737169250949832
"ENSG00000104907.12",0.0104822684312643,0.0101120058785688,0.299914791540528
"ENSG00000267510.1",0.00661089367612609,0.00522457599154148,0.205747505778833
"ENSG00000269086.2",-0.00692006547671461,0.00568720593194991,0.223688798545913
"ENSG00000130876.11",-0.0079876119218398,0.00420092660119115,0.0572505716599883
"ENSG00000187187.13",0.0054685361725921,0.00844486499960548,0.517271154359734
"ENSG00000238150.1",-0.000830855451527017,0.00288588259215717,0.773420673298066
"ENSG00000104872.10",-0.00937634485235458,0.00725816308193877,0.196414494642789
"ENSG00000086548.8",-0.00955179719551445,0.00720153579971157,0.184721944722074
"ENSG00000064687.12",0.00405458047354942,0.00547076915258105,0.458611370776577
"ENSG00000282508.1",-0.00779380801580042,0.00382482054299901,0.041580697816142
"ENSG00000268798.1",0.0010237776756033,0.00311083266222255,0.742079461240522
"ENSG00000105364.13",0.00144081185027297,0.00918870352493398,0.875400488290185
"ENSG00000270011.6",-0.00473550968859043,0.00419301087314627,0.258736855230353
"ENSG00000239961.2",-0.0012494363415743,0.0029704358350177,0.67402972983431
"ENSG00000126456.15",0.02136238925583,0.00821023309242932,0.00927028302541355
"ENSG00000200530.1",-0.00712809866922079,0.00535763552048909,0.183368053021421
"ENSG00000198551.9",-0.00586846146966493,0.00657141936014188,0.37184217979853
"ENSG00000271717.1",-0.0117367750333056,0.00351841724893834,0.000850509577900893
"ENSG00000130755.12",0.0255987021235149,0.0126370867661943,0.0427975209450602
"ENSG00000188766.12",0.019242378047213,0.00683605473659862,0.00488020189002092
"ENSG00000130402.11",0.00212637813382598,0.00826932459381474,0.797070325770128
"ENSG00000242779.6",-0.00699098005810992,0.00671773062099583,0.298026012797907
"ENSG00000099203.6",-0.0129877994466834,0.0075164261660436,0.0840021781607525
"ENSG00000269343.6",0.0175814030308236,0.00796109278853834,0.0272153019928669
"ENSG00000213253.5",-0.00745044502160933,0.00319680473824106,0.0197749254505721
"ENSG00000178904.18",0.0106099724624064,0.0100413036837341,0.290679130616168
"ENSG00000267534.2",0.013668754573192,0.00785971028938297,0.0820186870830474
"ENSG00000064545.14",0.00848797191830415,0.00763305476988959,0.266137304610346
"ENSG00000266933.2",0.00822619246236314,0.00381699501633233,0.0311501872078105
"ENSG00000213638.5",0.0122166861706539,0.00558696361819053,0.0287687096728289
"ENSG00000141933.9",0.00317602080409059,0.00345061374117297,0.357352275913579
"ENSG00000269069.1",0.00816626332461959,0.00500508043908516,0.102764869910461
"ENSG00000179846.9",0.00262739275806457,0.00836164741916672,0.75335432544027
"ENSG00000142528.15",0.00757814180797565,0.00480893178699511,0.11506101610985
"ENSG00000188227.12",0.0388790627626722,0.0120227400132893,0.00122157594950567
"ENSG00000011600.11",0.00689381690724648,0.00735959232545491,0.348906829489105
"ENSG00000167604.13",0.00834035338969908,0.00567177126763431,0.141425730027109
"ENSG00000267091.1",-0.002605794658366,0.00492586610533887,0.596803831955233
"ENSG00000105675.8",-0.00376387805339325,0.00392344390755797,0.337392448550956
"ENSG00000204978.2",-0.0130115731330739,0.00559185658559057,0.0199717112123553
"ENSG00000242100.2",0.00199585681801485,0.00358453106591033,0.577666005308812
"ENSG00000088247.17",0.0054139210337355,0.00540512252570869,0.316523384697847
"ENSG00000129968.15",0.0035185927626366,0.00524361744872408,0.50220528817816
"ENSG00000088053.11",0.00536234122163734,0.00399616799433305,0.179637884669787
"ENSG00000196218.12",-0.0217750491782045,0.00628633245550605,0.000532460374831456
"ENSG00000278917.1",-0.0128771010349838,0.00450093364674861,0.00422327806937361
"ENSG00000169035.11",6.30339511159164e-05,0.00291704133684464,0.98275996230053
"ENSG00000225067.4",-0.00156398695870084,0.00445603183826953,0.725601853699902
"ENSG00000152467.9",-0.0157390500592485,0.00847936157366838,0.0634307845451205
"ENSG00000105011.8",0.00252147954646585,0.00643166871493671,0.695027723425135
"ENSG00000276043.4",0.000961686767639685,0.00621471955934667,0.877023622314066
"ENSG00000104879.4",0.00404327962035688,0.00415564837930654,0.330573185874648
"ENSG00000132024.17",-0.0243248935978806,0.00754000022561984,0.0012548375440925
"ENSG00000282393.1",-0.00427321329562642,0.00370798719239254,0.249142467920227
"ENSG00000105357.15",0.00202624745205389,0.00553322859451412,0.714218655000359
"ENSG00000196961.12",-0.00529901443600672,0.00861344481854621,0.538420870495651
"ENSG00000121406.8",-4.97941496378938e-05,0.00619659600421843,0.993588487032
"ENSG00000180458.2",0.0171324112057354,0.00662413641711074,0.00969951509874734
"ENSG00000189144.13",-0.0199681986459648,0.00698994635485913,0.00428066577222586
"ENSG00000105383.14",0.00274121844184062,0.00546377644114202,0.615873182061088
"ENSG00000268583.1",0.00481790563577106,0.00364720185831932,0.186505754243407
"ENSG00000187650.3",-0.00465775031616399,0.00761560897842038,0.540798626320755
"ENSG00000104946.12",0.0269910898479977,0.00780456428739024,0.000543449600560519
"ENSG00000269540.1",0.00833976294529111,0.00444187500477435,0.060445200836841
"ENSG00000249210.1",0.0057290630393627,0.00367558210163123,0.119071704215445
"ENSG00000269194.1",-0.000488515770763225,0.00480292421041833,0.918985154053099
"ENSG00000188868.13",0.0082401045665074,0.0149231160131165,0.580831537471675
"ENSG00000269845.1",-0.00637043005665804,0.0046823740070817,0.173667685838459
"ENSG00000267421.6",-0.0059347110274335,0.00385397608929573,0.123586423109674
"ENSG00000127511.9",-0.014665081451687,0.00736057784243521,0.0463291809031399
"ENSG00000099817.11",-0.00115513540047604,0.00430092935689232,0.788254373081616
"ENSG00000167757.13",-0.000399396944470053,0.00493193569645757,0.935456440277307
"ENSG00000170684.8",0.00757454094011287,0.00662418886378319,0.25284477523246
"ENSG00000124444.15",-0.0145320366728067,0.00900479518131388,0.10656844817511
"ENSG00000076662.9",-0.00513117562113418,0.00691091957373644,0.457800416195514
"ENSG00000268355.1",0.0113308602261591,0.00631285025717564,0.0726715196241058
"ENSG00000268438.1",0.00318271957302888,0.00643831965665613,0.621066010733824
"ENSG00000183850.13",0.00350365745258836,0.00733351988071874,0.632821519886699
"ENSG00000196081.9",-0.00788146100171989,0.00714318812496701,0.269873719217836
"ENSG00000261558.1",0.000479896288892138,0.00739080735728862,0.948228531409958
"ENSG00000013275.7",-0.0125135869592293,0.014244135091975,0.379668085697685
"ENSG00000279108.1",0.014988261071851,0.00526977798533156,0.00445241909829464
"ENSG00000279396.1",0.00766497860914938,0.00409590396342785,0.061292907535858
"ENSG00000178935.5",0.00925412004337242,0.00713356622515188,0.194540299651554
"ENSG00000267986.1",-0.0015849052400234,0.00378293158627253,0.675243777297962
"ENSG00000105287.12",0.00362236728472372,0.00689637481679887,0.599404732903876
"ENSG00000267089.1",-0.0065651991510042,0.00538150434834503,0.222481510604142
"ENSG00000086967.9",-0.0131121329524504,0.0036204260389561,0.000292662167550861
"ENSG00000167601.11",-0.0258355870535218,0.0120812897877369,0.0324778696312266
"ENSG00000123810.7",0.00416113486153364,0.00674729551497948,0.537425022481388
"ENSG00000124466.8",0.00982016203480568,0.00989145020687442,0.320810866109257
"ENSG00000180448.10",0.00697398283898835,0.00633231992797718,0.27075244523215
"ENSG00000186019.10",0.00376467263444854,0.0049433525264611,0.446321075631106
"ENSG00000213976.4",-0.00311252011603012,0.00633515072392125,0.62320751914913
"ENSG00000277383.1",0.0049138610379484,0.00577316351415135,0.394682867051881
"ENSG00000267523.1",-0.00691814025905764,0.00545721476038277,0.204903199343839
"ENSG00000176401.5",-0.0168796831660163,0.00688472447293298,0.0142159954628394
"ENSG00000099341.11",-0.0320402082558617,0.0129021186117784,0.0130160727053341
"ENSG00000068903.19",-0.0014107700874546,0.008888223906862,0.873886715457428
"ENSG00000196757.7",0.0030875120994344,0.0104660466760795,0.76799181191713
"ENSG00000267197.1",-0.0024543188588097,0.0051417420971304,0.633125614076286
"ENSG00000167671.11",-0.0113420661440245,0.00693079272368094,0.101740300609255
"ENSG00000268081.1",-0.000253369221505874,0.00457440218355295,0.955828966820747
"ENSG00000214223.4",-0.00710341364616074,0.00508840709434806,0.1627146524246
"ENSG00000273901.1",-0.00066710298634058,0.00734640670177483,0.927646182228912
"ENSG00000269374.1",0.00761990061303371,0.0061703677619832,0.216860879045954
"ENSG00000130734.9",0.00947361060504477,0.00921749483076015,0.304050581667465
"ENSG00000105655.18",0.00766230946901798,0.00868354130520855,0.377563485235414
"ENSG00000176619.12",0.00780628839555454,0.0067114515672207,0.244776898912314
"ENSG00000169169.14",-0.00683707548089495,0.00599501077869792,0.254094327008873
"ENSG00000128011.4",-0.016222811443478,0.00455003268414804,0.000363263639522438
"ENSG00000279807.1",-0.00404750712117413,0.00548200841618958,0.460316617118965
"ENSG00000278897.1",-0.0114775343629343,0.00618634901639952,0.0635533743954986
"ENSG00000233214.1",-0.012589577399586,0.00514360232243388,0.014380373583248
"ENSG00000079435.9",0.00718633128334968,0.00882068070301902,0.415236088051503
"ENSG00000011422.11",-0.00502879460354502,0.0124264326565875,0.685708850323988
"ENSG00000204673.10",-0.0175637239926041,0.00549545984849004,0.00139326520778493
"ENSG00000171017.10",0.0008382369186558,0.00540389562610893,0.876728957674342
"ENSG00000105197.10",-0.00164464568242402,0.0111055000591985,0.882269454581224
"ENSG00000105514.7",-0.0357012662683633,0.0105251611020622,0.000693863695570895
"ENSG00000257446.3",0.0121069882042107,0.00586536426596031,0.0390035521838853
"ENSG00000268536.1",0.0100482890767612,0.00345285439850971,0.00361267098774276
"ENSG00000126264.9",-0.00881476633083838,0.00690374049365326,0.201669261006959
"ENSG00000130725.7",-0.00537392741491814,0.016116383310009,0.73879840051578
"ENSG00000129353.14",0.00896132138383439,0.0085167569163159,0.292708351213013
"ENSG00000278797.1",-0.00184049448032805,0.00369632321315001,0.618536382362093
"ENSG00000198342.9",-0.0036597023613031,0.00687029400312754,0.594251671441358
"ENSG00000179271.2",-0.0042164154530393,0.00962431386280544,0.661313527065277
"ENSG00000268520.1",-0.00464534767706988,0.00356541004483176,0.192611304851526
"ENSG00000126458.3",0.00767237666228273,0.00906465850670914,0.397326580760189
"ENSG00000167578.17",0.01281865778693,0.00636149521706031,0.0439006151330448
"ENSG00000132016.11",0.000313458773838621,0.0056644976627193,0.955869638657612
"ENSG00000105388.15",-0.0100119197038805,0.00611566178315551,0.101610608290784
"ENSG00000239382.10",0.0127477254484095,0.00772949054795481,0.0991000537906537
"ENSG00000214212.8",0.0104178769625072,0.00550048940384909,0.0582262156810522
"ENSG00000274425.1",0.00502639329639564,0.00449526115337829,0.263501316304305
"ENSG00000042753.11",-0.0210061989130831,0.00802814775721086,0.00888185288686516
"ENSG00000123154.11",-0.0230523829744949,0.00900196909236849,0.0104426764038603
"ENSG00000079432.7",-0.00457810871952249,0.0115135228440041,0.690903799328673
"ENSG00000105246.5",-0.000968988539575626,0.00433274736136327,0.823035115944326
"ENSG00000131355.14",-0.0066484637855462,0.00435895095541767,0.127198250011097
"ENSG00000118160.13",-0.00256333111468464,0.00657072745929165,0.696452437398623
"ENSG00000198300.12",0.0128826669961974,0.0058796945950217,0.0284486401461339
"ENSG00000261526.2",-0.000110258510100594,0.00598879545719026,0.985311137455874
"ENSG00000186838.13",0.00128288792726411,0.00494816776460569,0.795430593335428
"ENSG00000279759.1",-0.0284499896473167,0.00815324586232582,0.000484094257289458
"ENSG00000076944.15",0.000804564345216331,0.0136010602841657,0.952829025013358
"ENSG00000099866.14",0.0129603684058246,0.00412754658917794,0.00168965703728285
"ENSG00000105656.12",0.000466397711458644,0.00787025248115694,0.952744357656436
"ENSG00000278875.1",0.0189970498128117,0.00680630307692964,0.00525297817128956
"ENSG00000105223.19",-0.0108741308740904,0.00655929603058212,0.0973538423665707
"ENSG00000197019.4",-0.00639182774435291,0.00894736574546228,0.474991641278504
"ENSG00000087088.19",-0.00113975971062748,0.00544889446639859,0.834313460071974
"ENSG00000267500.1",0.00380732613873996,0.00621562141861171,0.540179541896454
"ENSG00000267277.1",-0.00699823690062589,0.0051141703520421,0.171186525550314
"ENSG00000065717.14",-0.00349286741268307,0.00452334009012016,0.440003287410107
"ENSG00000179168.14",-0.0325755145741485,0.00447641137324969,3.40949490862386e-13
"ENSG00000267422.1",0.0289160980914893,0.00638507413648464,5.9347125080933e-06
"ENSG00000006712.14",-0.0142486582825815,0.00787405698973244,0.070362476479058
"ENSG00000248098.11",-0.00883636191468042,0.00741122710101082,0.233145969968228
"ENSG00000104903.4",-0.00174703244210083,0.00654235160385392,0.78944273311648
"ENSG00000269421.1",0.0210569421424513,0.0104740088804414,0.0443889241137745
"ENSG00000267388.1",-0.00326351901092171,0.00549397836819912,0.552500442946684
"ENSG00000183760.10",0.00764603372916447,0.0049666010288777,0.123684662757209
"ENSG00000188505.4",-0.00826629567991018,0.00675144482182173,0.220811051241514
"ENSG00000024422.11",0.00113064884430503,0.0125678155718872,0.928315956406046
"ENSG00000182264.8",-0.00160364634544,0.00313254331553623,0.608699231304239
"ENSG00000073008.14",-0.00930231694275983,0.0120500451914123,0.440130055071616
"ENSG00000099860.8",-0.00369716559790756,0.00590355025225567,0.531143505417971
"ENSG00000183617.4",-0.00138308972564163,0.00574008720635903,0.809591747411916
"ENSG00000268093.1",-0.00474713340816047,0.00378384510770953,0.209631554286896
"ENSG00000130159.13",-0.000772112226914242,0.00766584019844579,0.919771822886925
"ENSG00000005007.12",0.017842986102114,0.011553721242812,0.122503634992029
"ENSG00000241282.1",0.00365205141175944,0.00513169420065691,0.476671731965431
"ENSG00000123136.14",-0.00300818677881917,0.00681933827087125,0.659121849163509
"ENSG00000187244.10",0.00311064364476401,0.00970050754123909,0.7484618989415
"ENSG00000186020.12",0.00884539228489579,0.0078318431422295,0.258723283851543
"ENSG00000187534.6",0.0113665908048318,0.00360581650069462,0.00161993527331472
"ENSG00000130164.13",-0.00793315466633914,0.0080496042666124,0.32436208461504
"ENSG00000171606.17",0.00191306215827862,0.00871025723373991,0.826156789075996
"ENSG00000271366.1",0.00116631189115006,0.00694458644252037,0.866626171769318
"ENSG00000267698.1",0.00892701623087158,0.00424780184715547,0.0355917175718684
"ENSG00000171777.15",-0.0258262172423538,0.00847644778981415,0.00231275561335764
"ENSG00000167483.17",-0.00648499532695643,0.0048870707852949,0.184518673935782
"ENSG00000224420.3",-0.00497839366819674,0.00585804942200936,0.395415096570515
"ENSG00000130173.13",-0.00189352316934548,0.00639839234556488,0.767277939341728
"ENSG00000105255.10",0.0105693270405731,0.00417949856098972,0.0114436759149091
"ENSG00000130726.11",0.00626326429106145,0.0152651014069819,0.681586219597007
"ENSG00000268041.2",0.0224025425422933,0.0085039546006039,0.00842941697842403
"ENSG00000186017.14",-0.0109207745915944,0.00580627451984633,0.0599913149187521
"ENSG00000267640.6",0.0160880907751751,0.00968762428181368,0.0967767597977865
"ENSG00000249471.7",0.016447999918492,0.00904560903737203,0.0690120614333993
"ENSG00000142530.10",0.0169728145790327,0.00604638337216547,0.00499894173704907
"ENSG00000105193.8",-0.0306372798232468,0.0094401880761011,0.00117281672406933
"ENSG00000099326.8",0.0344784714347118,0.0146622768928822,0.0186974532000818
"ENSG00000180479.13",0.0345365335275295,0.00818997554778331,2.47653497938982e-05
"ENSG00000236312.3",0.00325158786512708,0.00524380223344994,0.535203740798734
"ENSG00000268543.1",0.00482288265808048,0.00783976769602378,0.538434644231912
