"phenotype","causal_b","causal_se","causal_p"
"ENSG00000143799.12",-0.0278150172946381,0.0128457613133203,0.0303641802614922
"ENSG00000143294.14",0.0254362737749309,0.00811476079240076,0.00172107051030679
"ENSG00000132688.10",-0.0391818442827239,0.00736437249666954,1.03505592541353e-07
"ENSG00000272068.1",-0.00755436321096061,0.00437698528574219,0.084360294698741
"ENSG00000198691.11",0.00433093884296805,0.00454731257127271,0.340885424641935
"ENSG00000226835.2",-0.00729600366411343,0.00443343499337992,0.0998301994236007
"ENSG00000185483.11",0.0182097243670784,0.00825721274678199,0.0274322592226741
"ENSG00000142856.16",0.000373652448032063,0.00243708612772744,0.878146446180581
"ENSG00000171621.13",-0.0098271619158149,0.00609286475064853,0.106766935654469
"ENSG00000162426.14",0.00859579271056924,0.00778112387220459,0.269290429592892
"ENSG00000133059.16",-0.0020416337847657,0.00758855045716727,0.787897870249543
"ENSG00000266028.7",0.00657233062825763,0.00726965393689548,0.365954302965015
"ENSG00000174514.12",0.0218917417314649,0.00532280211145747,3.90850441954749e-05
"ENSG00000281406.1",0.0209771607656975,0.00511461962707832,4.10637209671272e-05
"ENSG00000186007.9",-0.00518650552126073,0.0048296017791609,0.282867858756381
"ENSG00000235363.1",-0.00761517729301362,0.00537601563727419,0.15662638085495
"ENSG00000116786.11",-0.022736467600012,0.00939553798997804,0.0155238433085072
"ENSG00000116138.12",-0.00581683762372627,0.00563874558874419,0.302267213944457
"ENSG00000183888.4",0.00818363123936855,0.00455738577331588,0.0725445601304148
"ENSG00000230937.11",0.0125626800784921,0.0102529701098805,0.220472648427245
"ENSG00000272145.1",0.0297294997541009,0.00713991113438543,3.12929428741837e-05
"ENSG00000198754.5",0.00228135156266456,0.00380797176750121,0.549106958718719
"ENSG00000164002.11",0.00170734278153773,0.00565265426787045,0.762619535936785
"ENSG00000163909.7",0.000136585703036461,0.00728473177102447,0.985040871483194
"ENSG00000238287.1",-0.00673776525571231,0.00291823023433317,0.0209517279464355
"ENSG00000279667.1",0.000779659519508031,0.00300676902312744,0.795402673040762
"ENSG00000179862.6",0.0058331456401954,0.00460577554941112,0.205339496871052
"ENSG00000171793.13",-0.00101504459790503,0.0132641419129674,0.939001057020681
"ENSG00000162522.10",0.0183799593489032,0.0171306939411601,0.283304517929467
"ENSG00000176256.10",0.00681773983499234,0.00389631659903771,0.0801543790660494
"ENSG00000270115.1",-0.00767622979968538,0.00604019917074685,0.203779502582974
"ENSG00000184389.9",0.00487856584415036,0.00407580511199535,0.23132308727154
"ENSG00000004455.16",-0.0034795767663182,0.00803512392482919,0.664981488211831
"ENSG00000270605.1",0.0127016760334955,0.00435714928288781,0.0035553532534538
"ENSG00000158195.10",-0.000406314823457841,0.00887873973512709,0.963499413817718
"ENSG00000117748.9",-0.0396359948820716,0.0049474412424504,1.11022302462516e-15
"ENSG00000117758.13",0.00622616468701106,0.0116644225041616,0.593497949943341
"ENSG00000153187.18",0.00613307204421795,0.00667885127494836,0.35847100249399
"ENSG00000173728.10",-0.00199312126099953,0.00414338868242237,0.630490545353073
"ENSG00000270457.1",-0.00949942529987151,0.00392388120831192,0.0154810363657791
"ENSG00000229367.1",-0.00504699520432861,0.00409381628248461,0.217637767102862
"ENSG00000135773.12",0.00732254610876082,0.00245106898144684,0.00281277731733132
"ENSG00000119280.16",6.88856419222424e-05,0.00471560059651707,0.988344891749251
"ENSG00000116774.11",0.00287015712945293,0.00788957104823616,0.716013876667957
"ENSG00000272033.1",-0.00655949859845683,0.00422680524783955,0.120690708770614
"ENSG00000203667.9",-0.00296200283683396,0.00388260042926243,0.445528110243076
"ENSG00000223745.7",-0.0080937553612703,0.00448267128046126,0.0709862793016551
"ENSG00000117500.12",0.0217200152917309,0.0103085976533639,0.0351192610330958
"ENSG00000143033.17",0.0251052232736975,0.0148305360976954,0.0904923644998732
"ENSG00000117505.12",-0.00478110799731993,0.012007836503926,0.690508086276436
"ENSG00000206680.1",0.0366376144532714,0.00981180486087107,0.000188436924315583
"ENSG00000122483.17",-0.00103816779901488,0.00698610436974871,0.881865580511589
"ENSG00000182118.7",0.009256923594189,0.00712718742626178,0.194006189914632
"ENSG00000135766.8",-0.00381639573926209,0.00840979340835721,0.649970088258045
"ENSG00000158796.16",0.0109996510028322,0.010809837317389,0.308887415163292
"ENSG00000158793.13",-0.00281356154603963,0.00489369303397836,0.565334409164957
"ENSG00000090104.11",-0.0049491166269204,0.00788347096103847,0.530145474428885
"ENSG00000282608.1",0.00942212028090286,0.00608120846233702,0.121289706781291
"ENSG00000185519.8",0.00169478017318594,0.00519419271513135,0.744209755122387
"ENSG00000055070.16",-0.0165074152412384,0.0099206238897515,0.0961225604000895
"ENSG00000065526.10",-0.0101506580150291,0.0103538217593514,0.326899615459982
"ENSG00000162461.7",-0.00588416769699212,0.00465899216312097,0.206599933175194
"ENSG00000173641.17",0.0123299423449788,0.00836763914712764,0.140608984624039
"ENSG00000116771.5",0.00943289651237768,0.00538259697951855,0.079691211534597
"ENSG00000273338.1",0.00647543201650506,0.00497015321631532,0.192621311955508
"ENSG00000162614.18",-0.0168106411697412,0.0154243447937161,0.275767256864131
"ENSG00000187554.11",0.0285555912247481,0.0097266476015107,0.00332677806764381
"ENSG00000178796.12",-0.0040899147240872,0.00634225085087445,0.519012720083211
"ENSG00000249602.1",0.00847740405793867,0.00590717280679094,0.151257621408871
"ENSG00000263956.6",-0.00155520733085355,0.00659663164254106,0.813620619701755
"ENSG00000162836.11",0.0237950842051916,0.00499275203845521,1.87988726441102e-06
"ENSG00000131778.18",0.00598273421405181,0.00608019017003517,0.325129495991941
"ENSG00000007968.6",-0.00170148263258815,0.00575496132577449,0.767493627115176
"ENSG00000125945.14",-0.00413598380203791,0.00321154166281319,0.197798197259371
"ENSG00000237250.3",0.00387454527814278,0.00689570998858481,0.574199386775784
"ENSG00000117533.14",-0.0177026053355437,0.00789178768835343,0.0248859851951695
"ENSG00000230630.4",-0.0158010745687075,0.00859652286011813,0.0660509977739483
"ENSG00000228060.1",0.0020826175268533,0.00368703227830919,0.572176284818327
"ENSG00000187815.9",-0.00332892870577503,0.00480158651278283,0.488122769646571
"ENSG00000228477.1",-0.00019676722048965,0.00435972768220238,0.964001365478687
"ENSG00000272195.1",0.000439599718200558,0.00349256284337338,0.899836907977258
"ENSG00000203666.12",0.00207677937666187,0.00268338320488017,0.438965881625907
"ENSG00000182109.7",0.000527452227462547,0.00646770881520944,0.935003262934494
"ENSG00000201457.1",-0.000434456987669543,0.0054971481143742,0.937006247506315
"ENSG00000183317.16",-0.00964645304332712,0.00806131886583405,0.23144900983033
"ENSG00000214114.8",0.0113282614650062,0.00721646237881629,0.116466200379921
"ENSG00000116489.12",-0.0258639048713067,0.00748884211930601,0.000553036763230708
"ENSG00000007341.18",-0.0070877927354587,0.00443044701414262,0.109644781939278
"ENSG00000231246.1",-0.00857730831842737,0.00428048911183676,0.0450898806985064
"ENSG00000155363.18",-0.00518918893821792,0.00829656451129455,0.531667635520576
"ENSG00000162383.11",0.0242090748102289,0.00724064286917767,0.000827292961920523
"ENSG00000121310.16",0.0305272833550398,0.0107454673229616,0.0044980046946268
"ENSG00000236723.2",0.00192377295841497,0.00441241626815781,0.662843394729014
"ENSG00000226754.1",0.00410872997147612,0.00652893853000113,0.529145758393359
"ENSG00000231789.2",0.00643201675322263,0.00598767602617476,0.282728923988636
"ENSG00000122417.15",0.00926125235217427,0.00701565541857023,0.186807074778895
"ENSG00000157870.14",-0.0166485025749359,0.00579857593141911,0.00408998967933671
"ENSG00000272449.1",-0.00577703667519564,0.00463336322896816,0.212458223141901
"ENSG00000238164.6",-0.0172349023796563,0.00704909286066722,0.0144859529944441
"ENSG00000149527.17",-0.0321393224638068,0.00974390805855676,0.0009723693500161
"ENSG00000142606.15",-0.00677448390695026,0.00500755238808614,0.176102492556415
"ENSG00000162510.5",-0.00899284455759518,0.00466712657326984,0.0539985473676754
"ENSG00000173726.10",0.0102221809645629,0.0097196512291672,0.292936088787458
"ENSG00000203288.3",-0.0054457846464111,0.00708622315229485,0.442188334019551
"ENSG00000203785.8",0.00542467000124037,0.00458820422031529,0.237083560323162
"ENSG00000236427.1",0.00507473104853708,0.00578320800410583,0.380218308383452
"ENSG00000172456.17",-0.00357395837283218,0.00613466057937811,0.560173019584302
"ENSG00000232453.6",-0.00788122467861392,0.00504018866273856,0.117893554073307
"ENSG00000237352.3",-0.01056603456153,0.00718695416488558,0.141516088432723
"ENSG00000234807.5",-0.00473245525967699,0.00575973385185458,0.411279094811859
"ENSG00000225492.6",0.0109495720182979,0.00531346167323951,0.0393294859670579
"ENSG00000154451.14",0.0142538658631388,0.00576133967938337,0.0133589478124861
"ENSG00000160766.14",-0.00985870059920695,0.00382676564960579,0.00998787352254193
"ENSG00000176444.18",0.0438529268103363,0.0146316324290606,0.00272533103618333
"ENSG00000273002.1",-0.023998889066113,0.0108735065721659,0.0273072490884916
"ENSG00000143590.13",0.0289575860633911,0.00857093841949578,0.000728616952321182
"ENSG00000132680.10",0.00720436211342016,0.00994518533116553,0.468815888616141
"ENSG00000160710.15",-0.0179779764963894,0.00611480346425743,0.00328133554948151
"ENSG00000169291.9",-0.0107140486008145,0.00968129462924277,0.268434384509853
"ENSG00000143630.9",-0.0386161568516053,0.00819803888894985,2.47214145587815e-06
"ENSG00000163479.13",0.043963606018842,0.00987841577964123,8.56820400785274e-06
"ENSG00000171812.12",-0.0281819897419017,0.00899421576465171,0.00172825598849169
"ENSG00000198492.15",0.0180094197678004,0.00954572794976928,0.0592078098527679
"ENSG00000237934.1",0.00918898953347231,0.0049407640552853,0.0629093431613827
"ENSG00000229388.1",-0.0104288281450424,0.00509455458564772,0.0406527866243958
"ENSG00000281207.1",-0.00347711759027348,0.00670198108953411,0.603886710681311
"ENSG00000127125.8",-0.0271009068588974,0.0123939874276846,0.0287704760981665
"ENSG00000230638.4",0.0120900279696855,0.00693985816402677,0.0814883998983756
"ENSG00000162757.4",0.00587089066891557,0.00602652654041855,0.329969723285429
"ENSG00000008118.9",-0.00973222177464953,0.0055444582722567,0.0792069529146144
"ENSG00000054392.12",-0.00808493128927918,0.00831746331188957,0.331029198926429
"ENSG00000274266.1",-0.0010935281011623,0.00619128340700033,0.859803885741483
"ENSG00000116329.10",0.00622555932310138,0.00543123643578244,0.251691377638837
"ENSG00000177788.5",-0.00637270513706556,0.00515058907953093,0.21598428288492
"ENSG00000168118.11",-0.014005557236543,0.0137486212231961,0.308351049862589
"ENSG00000143641.9",0.00499456289059748,0.00715706124347899,0.485270333152806
"ENSG00000231181.1",-0.0220115974297155,0.00514100807219599,1.8557746049086e-05
"ENSG00000054523.17",0.0111541197143165,0.00762687635989571,0.143610957046634
"ENSG00000158748.3",0.00542098580457233,0.00327760564273759,0.0981382952199198
"ENSG00000120332.15",-0.00183125182452417,0.00378694488821077,0.628691278924734
"ENSG00000135870.11",-0.00612314396921934,0.0103114123323764,0.552631142088149
"ENSG00000272645.3",-0.0173478647419387,0.00604129569906821,0.00408467993013339
"ENSG00000278467.1",-0.00122981086871904,0.00382226029030153,0.747642369245852
"ENSG00000143786.7",-0.013821356303541,0.00672795669631436,0.0399450134236148
"ENSG00000117226.11",0.00287378204952867,0.00283537840298879,0.310800174862749
"ENSG00000188859.6",0.0171478694301236,0.00562797918892993,0.00231217399518124
"ENSG00000184908.17",0.0111681854654382,0.004478957168675,0.0126498080876496
"ENSG00000179743.4",0.0145774580033268,0.00568421558820285,0.0103309540577498
"ENSG00000186510.11",0.0203131629329907,0.00374528020792983,5.83877169946234e-08
"ENSG00000178715.8",-0.00549306009745193,0.00318511183753994,0.0845986649478918
"ENSG00000233929.1",-0.0105913975982282,0.00442024597982781,0.0165700962011988
"ENSG00000116809.11",-0.000819695276857003,0.00896286510289928,0.927131375934809
"ENSG00000183291.15",-0.000461539156193701,0.00763278488303735,0.951782909856838
"ENSG00000260088.1",-0.00475778239154727,0.00242237102695456,0.0495183307375778
"ENSG00000236257.1",-0.00820800012543658,0.00402647548566884,0.0414992141714707
"ENSG00000158481.12",0.00556138373788696,0.00543200979478367,0.30592173959335
"ENSG00000143153.12",0.000761098193390078,0.00544745267192011,0.8888841092438
"ENSG00000116690.12",0.001670688433954,0.00597208247954012,0.779669525406692
"ENSG00000228238.1",0.00439194442026776,0.00456122638670689,0.335604363076278
"ENSG00000157193.15",0.00351137614035434,0.00642690612362035,0.584821525225637
"ENSG00000154222.14",-0.00711252312718012,0.00543338071690814,0.190520151188515
"ENSG00000134744.13",-0.0188871653466287,0.00632799841195657,0.00283858255570868
"ENSG00000157211.11",-0.00259939140624014,0.00319893179659615,0.416458291367213
"ENSG00000272100.1",-0.00355449298276867,0.00551369541971316,0.519143535276717
"ENSG00000127472.10",0.00867197518697237,0.00712048653372668,0.223265464983526
"ENSG00000230163.1",7.14713291171838e-05,0.00578048529072898,0.990135012158872
"ENSG00000137947.11",-0.0217795123346549,0.00741105339280065,0.00329498720811594
"ENSG00000137944.17",-0.00526080141679095,0.00536508050729118,0.326808105827345
"ENSG00000065243.19",0.0236741143959934,0.00777383836357394,0.00232404135287978
"ENSG00000183347.14",-0.00145943913433772,0.00430146246143806,0.734391986902402
"ENSG00000218510.6",-0.00396048786542801,0.00243036294614315,0.103188813504319
"ENSG00000230280.2",0.00575525205697508,0.0058803714732134,0.327717095852725
"ENSG00000058673.16",0.00752622643227169,0.00546339883692809,0.168335404657776
"ENSG00000133048.12",-0.00855389203148365,0.00473429098125708,0.0707942895247688
"ENSG00000131910.4",-0.00299133027630322,0.00471183281901552,0.525523036542646
"ENSG00000175707.8",-0.0649851164796923,0.0152483869007693,2.02814203307256e-05
"ENSG00000142765.17",-0.0458696754648132,0.0170395187142704,0.00710338059067805
"ENSG00000117682.16",-0.00120273267896096,0.0103936159057882,0.907875717323498
"ENSG00000117640.17",-0.0137146036008093,0.00681937872631267,0.0443125561768064
"ENSG00000237429.1",0.0140554755157299,0.00754315868031935,0.0624143298481669
"ENSG00000225643.1",-0.0145415572316284,0.0045853231526532,0.0015174443727709
"ENSG00000188092.14",0.00207654927284213,0.00874665888582009,0.812338290335841
"ENSG00000280649.2",-0.0123386875654372,0.0116820743377473,0.290873697361064
"ENSG00000158477.6",-0.00429156970520796,0.00488655626262848,0.379813429774185
"ENSG00000183853.17",-0.0187604987076496,0.0112029858381005,0.094013113915524
"ENSG00000092847.11",-0.007176644551723,0.0107002933667184,0.502414176319947
"ENSG00000143248.12",0.000894487270650041,0.00466314614838144,0.847882771330975
"ENSG00000230798.5",0.0146305570028704,0.0060446286611995,0.0155024708069698
"ENSG00000117385.15",0.0194955928065066,0.0093174077122649,0.0364041982050258
"ENSG00000164008.14",0.00119199674041011,0.00640662966176551,0.852400252367936
"ENSG00000228452.1",-0.00561017931732194,0.00373675914078567,0.133265336981076
"ENSG00000117602.11",-0.0147423179173406,0.0106550615180513,0.166481692889044
"ENSG00000142661.18",-0.00633709371510165,0.00412276841266656,0.124269631380445
"ENSG00000230023.2",-0.0206818763772172,0.00548151885612249,0.000161283813280733
"ENSG00000187010.19",-0.00149787610333952,0.00257193335046704,0.560301963143396
"ENSG00000203356.2",-0.0119329436133485,0.0051841703107012,0.0213462316350621
"ENSG00000269887.1",-0.00477445337245685,0.00528243025138795,0.366082094011602
"ENSG00000133056.13",-0.0240305203607321,0.00630718986450916,0.000138955476062019
"ENSG00000117222.13",0.00578520703489921,0.00658697987798366,0.379792252241872
"ENSG00000171680.21",0.015221313860433,0.00823818285804786,0.0646523711953816
"ENSG00000215788.9",0.00400147203557845,0.011166343960611,0.720080555029827
"ENSG00000237436.1",0.00137686757973922,0.00360300265086979,0.702354199571689
"ENSG00000198797.6",8.12588523301263e-05,0.00502192457966435,0.987090137733853
"ENSG00000237976.1",-0.0100885938628028,0.00619700838243552,0.10352953188703
"ENSG00000159445.12",0.0367546908398366,0.00470429499386617,5.55111512312578e-15
"ENSG00000197747.8",0.00824614302747899,0.0080000777194921,0.302654381882104
"ENSG00000067208.14",-0.00782971288253231,0.00767467361130241,0.307632946408239
"ENSG00000233196.2",0.00960320056150418,0.0045840649971579,0.0361790527447731
"ENSG00000136628.17",-0.0249454450625069,0.0125947125278715,0.0476329639419538
"ENSG00000077549.17",0.0043791921437704,0.00750623063698365,0.559618930027578
"ENSG00000127463.13",-0.00194520480923437,0.00471968662558677,0.6802316617893
"ENSG00000143001.4",-0.00281406912194317,0.00494673419400915,0.569441561282496
"ENSG00000162399.6",-0.00375279612494834,0.00330860546064234,0.256688380247491
"ENSG00000118200.14",-0.0252162744123555,0.0097344685366704,0.00958614045907225
"ENSG00000273160.1",-0.00569665153217743,0.00381527085085021,0.135406167833202
"ENSG00000179023.8",-0.00463412311437942,0.00314674375345561,0.140839354572543
"ENSG00000183726.10",0.000297647336079534,0.00939875818270139,0.974736181235089
"ENSG00000261349.1",-0.00253024612870045,0.00254300449710143,0.319744554524084
"ENSG00000224183.1",-0.00311410826014642,0.00263225817874833,0.236787040368537
"ENSG00000264443.1",0.0106521603088297,0.00627905746688383,0.0897990861569872
"ENSG00000188672.17",0.00686396956556981,0.00353660868908701,0.0522784437740623
"ENSG00000188529.14",0.00315614565825828,0.00504395761964181,0.531493345615516
"ENSG00000159339.13",-0.001467691934333,0.00338091840599134,0.66420825374435
"ENSG00000228686.2",-0.00110560354534433,0.00476305924408248,0.816444447091373
"ENSG00000117054.13",0.0046090660137439,0.00598710897153698,0.441399759098403
"ENSG00000143190.21",0.00389182919026671,0.00585234473591757,0.506048313729589
"ENSG00000260464.1",-0.0141880139135919,0.00645380012290213,0.0279208373982538
"ENSG00000229739.2",0.00470125178281283,0.00404063305857995,0.244629184970827
"ENSG00000066056.13",0.0031867831529828,0.00874314599804501,0.715492663459936
"ENSG00000159479.16",-0.0316795679633876,0.00802429036050772,7.88203556880696e-05
"ENSG00000121905.9",-0.00587761594113368,0.00632888641155208,0.353046290133919
"ENSG00000222046.2",-0.0243048616626039,0.00586889277830366,3.45338815734841e-05
"ENSG00000220785.7",0.0176863833987858,0.0167898606591146,0.29215922726859
"ENSG00000278997.1",0.00312398203812705,0.00491097638551107,0.524696652737985
"ENSG00000025800.13",-0.0109062676633226,0.00979985303799241,0.265750888403573
"ENSG00000197780.9",0.00436572461418539,0.0106081979773893,0.680674763691268
"ENSG00000134186.11",-0.0187003726049439,0.00707757553734201,0.00823693137644632
"ENSG00000134201.10",0.00109843282687737,0.00703359838341809,0.875899497423977
"ENSG00000134215.15",0.00212273690366015,0.00735637501791121,0.772920051800435
"ENSG00000143106.12",-0.00545005882177429,0.0111351912051782,0.624526991461056
"ENSG00000213561.4",0.00537583235740287,0.005960765952032,0.367126253088133
"ENSG00000154027.18",-0.00562263733444268,0.00582748915985922,0.334621287504269
"ENSG00000235613.2",-0.000975776042507061,0.0046591271314794,0.834110054386578
"ENSG00000184005.10",-0.00083792123692981,0.00618033690203109,0.892154447967282
"ENSG00000116984.12",-0.0172738269930979,0.00878976571614178,0.0493887325710622
"ENSG00000188807.12",0.0158250319069574,0.00777725634368508,0.0418726746566225
"ENSG00000143258.15",-0.0166943760548568,0.00981781248034378,0.0890525008675852
"ENSG00000158764.6",0.0152718887422011,0.00405726241910295,0.0001671586818347
"ENSG00000162734.12",0.0341482234375447,0.0104253087605624,0.00105470651810025
"ENSG00000179914.4",0.00791036008485873,0.00381524156809544,0.0381390122075328
"ENSG00000143256.4",-0.00333410911160279,0.00978331987822419,0.733257713673652
"ENSG00000224261.2",-0.00941424117600701,0.00508923640595548,0.064337517381331
"ENSG00000142611.16",0.000324540491236435,0.00542859164318531,0.952328025680022
"ENSG00000215883.10",0.00380482180783763,0.00506463507387372,0.452500466684723
"ENSG00000280378.1",-0.00187215153685911,0.00466695067751677,0.688309016439543
"ENSG00000081870.11",0.00440104733429614,0.00465195944817306,0.344116385836286
"ENSG00000117152.13",-0.00766654979117632,0.00332631407878869,0.0211767478727826
"ENSG00000117400.16",0.00254608652728466,0.0056253384103017,0.65082932664602
"ENSG00000198815.8",0.0146540454377013,0.00830175770577667,0.077534555590042
"ENSG00000065978.18",-0.0013703475370989,0.0104395692746,0.895565869363222
"ENSG00000231613.1",0.00355130601938434,0.00406883719737198,0.38276876163172
"ENSG00000213516.9",0.00246746502435902,0.00686262124966506,0.71918263908288
"ENSG00000213512.1",0.00581974017620825,0.00323795549876118,0.0722800309678655
"ENSG00000162654.8",0.0190775322926191,0.0059698456540522,0.0013951664371864
"ENSG00000236263.1",-0.0397209937342087,0.00494486473174411,9.99200722162641e-16
"ENSG00000143543.14",-0.00450916467063474,0.00810992580302709,0.578206983661551
"ENSG00000225855.6",0.0110576300951662,0.00785278680247103,0.159096899166945
"ENSG00000163239.12",-0.00222199880895097,0.00877167571788536,0.800024649402148
"ENSG00000215835.2",0.0106514668697302,0.00401223927809088,0.00793686912018776
"ENSG00000198574.5",0.00982327327730872,0.00508406321031122,0.0533385542550655
"ENSG00000186056.9",-0.00151423738925124,0.00443834337470404,0.732974286837219
"ENSG00000121769.7",0.0202484006922171,0.0119087190621564,0.0890744209335069
"ENSG00000168528.11",-0.0296131401909173,0.00986302350018709,0.00267824413703488
"ENSG00000160051.11",-0.0253851219366536,0.00892021452198498,0.00443003916850992
"ENSG00000060688.12",0.0269699639057219,0.0083926649182822,0.00131120442939503
"ENSG00000084652.15",0.00705928983458803,0.0143874028342701,0.623668576390195
"ENSG00000224066.1",-0.0278998115021252,0.00759847979675569,0.000240883695067584
"ENSG00000276255.2",-0.00721132150105905,0.00698975339404527,0.302213151787812
"ENSG00000181450.17",-0.00225343172226856,0.00964911300000873,0.815343893132709
"ENSG00000163041.9",-0.0144747038617827,0.00453181258752204,0.00140305986806333
"ENSG00000242861.1",0.00446226321334393,0.00768054992041565,0.561252413099148
"ENSG00000176393.10",-0.00113373837698488,0.00576876580497117,0.844194969501866
"ENSG00000170128.4",0.00683451147869075,0.00389034163583941,0.0789536892701224
"ENSG00000224536.2",0.00375464694910769,0.00512910188789549,0.464151388294399
"ENSG00000116874.11",0.00325790555363094,0.0027903514200335,0.24298388073086
"ENSG00000231365.5",0.00493726972932711,0.00353872817172763,0.162952454466981
"ENSG00000224570.1",-0.00455069577394813,0.00491631992204458,0.354638026051623
"ENSG00000143622.10",-0.0215571430842468,0.00768086619874104,0.0050066883792268
"ENSG00000169231.13",0.0200696572540917,0.00546898421097812,0.000242813419686794
"ENSG00000173171.14",-0.0179472132387138,0.00930676047025995,0.0538046393401874
"ENSG00000185499.16",0.0576500310798182,0.0103907581454481,2.88621359034735e-08
"ENSG00000163462.17",-0.0152258315703625,0.00960282513727197,0.112839719983802
"ENSG00000116586.11",-0.0498538182124225,0.0131043066209525,0.000142157344106275
"ENSG00000196189.12",0.0267626048473848,0.00810940703709165,0.000966185066823444
"ENSG00000198400.11",0.022112025324823,0.00694842457255488,0.00146106481773256
"ENSG00000232237.3",-0.00377321946156397,0.00252918958845835,0.135733499215377
"ENSG00000159176.13",-0.024040073089172,0.012984604563308,0.0641078641620417
"ENSG00000097033.14",-0.0125107169246578,0.0101384746658342,0.217208814828924
"ENSG00000261798.1",0.00275662413104357,0.0046247406454613,0.551134968220708
"ENSG00000226026.5",-0.00898369553760479,0.0051103238399392,0.0787559591618189
"ENSG00000235501.5",0.0128845841993548,0.00545478878587484,0.0181732889736037
"ENSG00000228852.6",-0.00529273230460823,0.00356852298777489,0.138028798220905
"ENSG00000122481.16",-0.00480528297279703,0.004532199470137,0.289029024606342
"ENSG00000232995.7",-0.00242789284804607,0.00369469271418712,0.511097430575214
"ENSG00000137970.7",-0.000993039416723388,0.00483080107736502,0.837131399828509
"ENSG00000117153.15",0.00152287811922927,0.00807751850669962,0.850458914793851
"ENSG00000236439.4",0.0160059593994797,0.00400235984140459,6.3575613833744e-05
"ENSG00000232860.7",0.0155696178930721,0.00484176444664203,0.00130130909928505
"ENSG00000198860.11",-0.0160838291853578,0.00734860512323359,0.0286192740123877
"ENSG00000236963.6",-0.00810381152962343,0.00393190188996008,0.0392991159802687
"ENSG00000158828.7",0.0107942668285073,0.00810749748429122,0.183059673476771
"ENSG00000235169.7",0.00468740837514824,0.00507949485485865,0.356106256497924
"ENSG00000082482.13",0.00021260853607888,0.00449599002138437,0.962283309108553
"ENSG00000231507.1",-0.00989062857789418,0.00332606760666386,0.00294261031657339
"ENSG00000183155.4",0.00593506011350759,0.00626401102849581,0.34339140148515
"ENSG00000143850.13",0.00125144397749754,0.00416686725821158,0.763923853493554
"ENSG00000234996.4",-0.00222831268812679,0.00597960438327019,0.709407321733935
"ENSG00000174876.16",0.000584561951660751,0.00614610701885593,0.92422671690992
"ENSG00000116668.12",-0.00350534973253398,0.00767183631929583,0.647734705391546
"ENSG00000282386.1",0.0029372540241019,0.00450762518491962,0.514647015020559
"ENSG00000238279.1",0.00448785076807703,0.00858861615889673,0.601298027946166
"ENSG00000225982.1",-0.0103808131175349,0.00378558906887738,0.00610306042191999
"ENSG00000143774.16",0.00211846949731764,0.00951804695750086,0.823867097260286
"ENSG00000143801.16",0.014208737717735,0.0106160156735692,0.180758027774068
"ENSG00000116783.14",0.00737278986733712,0.00550777897669345,0.180696376726391
"ENSG00000162620.15",0.00535389041943072,0.00346352044378575,0.122154235981721
"ENSG00000254685.6",0.018659354522499,0.00585673638567889,0.001442722725705
"ENSG00000272864.1",-0.00363931367802438,0.00404237169459696,0.367965037848853
"ENSG00000162623.15",0.011183709157225,0.007748688030791,0.148934972403181
"ENSG00000060718.20",-0.00253732104181818,0.00682502962409937,0.71006630795181
"ENSG00000186715.10",-0.00567657327221798,0.00319739162243859,0.0758357764488187
"ENSG00000226029.1",0.0183362176857375,0.00613491739242093,0.00280049015309436
"ENSG00000272426.1",-0.01133105293613,0.00354319736520824,0.0013839677326013
"ENSG00000159363.17",-0.0209215141384708,0.010705663641795,0.050671979376927
"ENSG00000186301.8",0.0190321478379464,0.00453116022436282,2.6658348961428e-05
"ENSG00000234478.1",0.0139074142378327,0.0050317627991348,0.00571106908701591
"ENSG00000185842.15",-0.0124113227857421,0.00862950294254769,0.15036509926741
"ENSG00000117154.11",0.00151238115115137,0.00447152575295064,0.735193746552536
"ENSG00000118873.15",0.0275675831990211,0.0116749602721475,0.0182130973797244
"ENSG00000223842.1",0.00591793375771498,0.0048849422083158,0.225717456790478
"ENSG00000143536.7",0.0071525330420683,0.00447246115578941,0.109767570499054
"ENSG00000189334.8",-0.0140834225302885,0.0122941353855286,0.251985580028091
"ENSG00000163209.14",0.00780464739735195,0.00463463842899022,0.0921851597106128
"ENSG00000010165.19",0.0197662556687241,0.0145627565807022,0.174680974829416
"ENSG00000094975.13",0.000860791833504582,0.00467957583974098,0.854055385817801
"ENSG00000262180.1",0.00593243618000955,0.00751907433974114,0.430120827091331
"ENSG00000203668.2",0.000150143469530364,0.00508612948708661,0.976449722827595
"ENSG00000117461.14",-0.0204967562735321,0.00849823353203058,0.0158703156175188
"ENSG00000226957.1",-0.0132910525768045,0.00741575900827673,0.0730895066454034
"ENSG00000163877.10",0.0142251796291578,0.00570137242958624,0.0125941228609294
"ENSG00000162437.14",-0.0083085287358282,0.00927658710910565,0.370442400962188
"ENSG00000227742.1",-0.050005134110105,0.00833344666617207,1.96669069918443e-09
"ENSG00000078618.21",0.0151214081351741,0.00966596179057178,0.117724206792065
"ENSG00000116157.5",-0.00672440307169637,0.00415669105686635,0.10572083675443
"ENSG00000117859.18",0.00760160809449366,0.00932735677643562,0.415083827748537
"ENSG00000134717.17",-0.000127713760909575,0.0111364355884987,0.990849980350969
"ENSG00000266993.3",-0.0122705879079225,0.006377501534673,0.0543491796217443
"ENSG00000085840.12",-0.0139217121825877,0.00550573736208587,0.0114524105884066
"ENSG00000172410.4",0.000839457368880633,0.00373285283661545,0.822069831033679
"ENSG00000279214.1",-0.00538874831553136,0.00587965303218604,0.359400578136381
"ENSG00000272491.1",0.0037370116159011,0.00387430688421953,0.334763927399793
"ENSG00000117834.12",0.0016718352084953,0.00511677285796424,0.743867375321577
"ENSG00000186790.5",-0.00114530892051027,0.00396359730134531,0.772614334682117
"ENSG00000135778.11",-0.0115646449710072,0.00396529658828151,0.0035402351196494
"ENSG00000231940.1",-0.00864131107994481,0.00441705854119919,0.0504239751343717
"ENSG00000163866.8",-0.0112665100236788,0.0103272161210514,0.275293452711913
"ENSG00000279179.1",-0.00824136012938267,0.00630960540040513,0.191497832300221
"ENSG00000177868.11",-0.0250742655657084,0.00707650185098447,0.000395132461621595
"ENSG00000143842.14",-0.0188549979973109,0.00590810011336865,0.00141594463198613
"ENSG00000163531.15",0.00758774012802386,0.00515399408837604,0.140965304433776
"ENSG00000133069.15",-0.00355563019104722,0.00670165431000522,0.59572367089639
"ENSG00000257315.2",-0.00830320006810977,0.00423037061303654,0.0496741269288801
"ENSG00000171612.6",0.0082080020424755,0.00798147097188953,0.303770115590959
"ENSG00000162779.21",0.00659146027757001,0.0033246066214998,0.0474089267463762
"ENSG00000163399.15",-0.0188337797136991,0.01034501707706,0.0686729528271677
"ENSG00000224727.1",-0.000432074231010193,0.00446955414031078,0.922988032577452
"ENSG00000197769.5",-0.00404468104878621,0.0041665232262516,0.331669364404758
"ENSG00000135749.18",-0.00530584050678587,0.00519002592061257,0.306631912809757
"ENSG00000183780.12",0.00367850805392684,0.00469978774716021,0.433805278866623
"ENSG00000203706.8",-0.00273126383998817,0.00546351103381915,0.61713844560086
"ENSG00000143178.12",0.00897997892962896,0.00802573014617652,0.263183362828614
"ENSG00000228526.6",0.0078246881804306,0.00398522222326633,0.0495967169872218
"ENSG00000143162.7",-0.0125325030115716,0.00868112765823077,0.148837677419955
"ENSG00000162493.16",0.0103108928652998,0.00623132108513014,0.0979877815807016
"ENSG00000142623.9",-0.00230617027248713,0.00489677024996196,0.637671143777362
"ENSG00000273198.1",0.00628130324113913,0.00398596322899371,0.115059041116986
"ENSG00000143171.12",0.00441438750057056,0.0057938166448449,0.446111592764422
"ENSG00000260063.1",0.014258412191521,0.00682720495271987,0.0367554659081626
"ENSG00000238231.2",0.0119874331123715,0.00514989844000865,0.0199278894006165
"ENSG00000158246.7",0.00136120642803253,0.00919210784884886,0.882276276389966
"ENSG00000226944.1",-0.0015445818475479,0.00415616370478772,0.710163560465715
"ENSG00000163218.14",-0.0299182298611749,0.00544836243874107,3.99136443895998e-08
"ENSG00000188015.9",-0.0125430902616246,0.00683023668001983,0.0662975757118582
"ENSG00000143595.12",0.0194876663895318,0.00475229592993304,4.11929810596456e-05
"ENSG00000197956.9",-0.00815703678447462,0.011552916028975,0.480151638641538
"ENSG00000143624.13",-0.0401635811149743,0.00906865005563266,9.4742192836561e-06
"ENSG00000142634.12",0.00884565044633503,0.00609674905495266,0.146813315524493
"ENSG00000224321.1",0.00629735898151075,0.00304209777038456,0.0384456774199191
"ENSG00000116183.10",-0.0126862360652601,0.00548332602138013,0.0206895437057448
"ENSG00000237424.1",-0.000367165829994975,0.00838061073598275,0.965054783601789
"ENSG00000132122.11",-0.00286611223400563,0.00724613190455735,0.692446727022027
"ENSG00000242267.6",-0.0114268170946441,0.00542610978488415,0.0352134800351653
"ENSG00000041988.15",0.0060927387049136,0.00621798706849843,0.327156667452604
"ENSG00000236266.1",0.00950951490298275,0.00494552130208029,0.0544984012233906
"ENSG00000070886.11",0.00693685838712963,0.00348880678092601,0.046776497504243
"ENSG00000090686.15",-0.00924409826547938,0.00579260564772394,0.110523499740758
"ENSG00000058085.14",0.00119213144864729,0.00529232497699411,0.821779613442769
"ENSG00000135828.11",0.00503732688986792,0.00777314109964463,0.516957370925698
"ENSG00000133226.16",0.00434517409050946,0.00771561172625276,0.573321508685748
"ENSG00000233478.1",-0.0109597531939533,0.00675836902766337,0.104876913618308
"ENSG00000020633.18",-0.0207828281009135,0.00776957035717076,0.00747514185602316
"ENSG00000189266.11",-0.0287445026309212,0.00742840162483152,0.00010904056564498
"ENSG00000280222.1",0.00772505493570113,0.00378620930033528,0.0413190851285008
"ENSG00000135821.17",-0.00356198004315665,0.0102232642581488,0.727525496276935
"ENSG00000227295.2",0.00776992084163705,0.00332672304790331,0.0195116831871517
"ENSG00000260766.1",-0.0133790712362812,0.00557597838260799,0.0164214119815936
"ENSG00000162714.12",-0.0139491040688464,0.00414716083537611,0.000769521908055792
"ENSG00000177462.6",-0.00405646822196413,0.0042245057567743,0.336942918451133
"ENSG00000162851.7",-0.00231923079734715,0.00592659661340505,0.695556351347261
"ENSG00000152104.11",-0.00245293042228085,0.00739882799017578,0.740244492692933
"ENSG00000162438.11",-0.00239711048765119,0.00374542347356201,0.522165749212544
"ENSG00000197312.11",-0.0156677695663999,0.0095455652679301,0.100721391834521
"ENSG00000132906.17",-0.00252809436744741,0.00404906721329486,0.53238814571953
"ENSG00000160785.13",0.00497470846994909,0.0088175327519766,0.572629103002887
"ENSG00000116698.21",0.00687085304711984,0.00633434342311883,0.278055195832826
"ENSG00000280670.2",0.0156303658799289,0.00240539362178001,8.13682454747777e-11
"ENSG00000225447.1",0.013081748749385,0.00668753123751296,0.0504486396793368
"ENSG00000132763.14",-0.0151712449807016,0.00741132222044926,0.0406545289576121
"ENSG00000230424.1",0.00188672534385001,0.00352912113576765,0.592915276586114
"ENSG00000143344.15",0.0257933759645164,0.00778137477581838,0.000917224227749314
"ENSG00000117643.14",-0.00897882535893554,0.00686553047445089,0.190936973421351
"ENSG00000118217.5",-0.0156068432238736,0.00940395819162091,0.0969942160518054
"ENSG00000248485.1",-0.000506440981118273,0.00564945642367678,0.928569962130824
"ENSG00000143226.13",0.00834026653103465,0.00652301031605452,0.201040891478905
"ENSG00000143222.11",0.0119859274899875,0.00750798406806174,0.110394115804971
"ENSG00000162755.13",-0.0148902094601358,0.0118177799427941,0.207675261877637
"ENSG00000186517.13",-0.00134277574032858,0.00784158640883998,0.86403681287305
"ENSG00000081721.11",-0.0190199754575691,0.0052693400397733,0.00030672211549243
"ENSG00000213080.3",0.00163662697289213,0.00554716908164124,0.76796467203396
"ENSG00000158864.12",0.0216216578728718,0.00831173582052318,0.00928601419700847
"ENSG00000231648.1",0.00113704793487746,0.00519464041843164,0.826736772114562
"ENSG00000270110.1",0.00277402610680257,0.00793356660880623,0.726596221912017
"ENSG00000168159.11",-0.0172030480047047,0.00747649044670027,0.0213943265443445
"ENSG00000143013.12",0.00730128931295839,0.0081420071444841,0.369855978018759
"ENSG00000016602.9",0.00523092902157069,0.00567833908589829,0.356942060296409
"ENSG00000267272.5",-0.0174429309523032,0.00656157330679365,0.00785252718430773
"ENSG00000175147.11",-0.00385209860904514,0.00533179907125446,0.470001674779215
"ENSG00000117143.13",0.0108944407848523,0.0050627940248855,0.0314081205318684
"ENSG00000237991.3",-0.00472512389822263,0.00328002108543337,0.149704139079648
"ENSG00000117399.13",-0.0123520921895649,0.00797407755748544,0.121374302625688
"ENSG00000164007.10",-0.0163060146680078,0.00766683725857747,0.0334346965876117
"ENSG00000116455.13",0.00886321810991887,0.00623147368626585,0.154930187755328
"ENSG00000260948.1",0.009359211909382,0.00405478848603036,0.0209887127049572
"ENSG00000162931.11",-0.000615474467157508,0.00683013076881122,0.92819847827669
"ENSG00000280157.1",-0.00635443262151857,0.00923699257104004,0.491494932616361
"ENSG00000169218.13",0.00885677783195882,0.00575035591963172,0.123508234894439
"ENSG00000231663.1",0.000974065679917183,0.00379166501302506,0.797258629997435
"ENSG00000231105.1",0.012251178960817,0.00498945392581311,0.0140722110278841
"ENSG00000180758.11",0.00856103450543798,0.00624432860842014,0.170371961546086
"ENSG00000230679.1",0.00585942579306394,0.00468436628292182,0.210990281651755
"ENSG00000163349.21",-0.035024617135159,0.0118644399342504,0.00315654816766575
"ENSG00000142867.12",0.00152986446783147,0.00745465308381413,0.83739808931405
"ENSG00000153904.18",0.00421791478608268,0.00887446358234196,0.63458261539929
"ENSG00000203705.10",0.00298959092174447,0.00579045607391326,0.605647495050109
"ENSG00000170989.8",0.00989605160441244,0.00795203150489403,0.213327237239982
"ENSG00000162695.11",0.0410246078412284,0.0150639192569186,0.00646198748234017
"ENSG00000162692.10",-0.0381044264255326,0.00913003355364491,2.99922280255771e-05
"ENSG00000204178.9",-0.00921379684780857,0.00748776747702759,0.218504980631694
"ENSG00000132881.11",0.0204679159040705,0.00544485077849185,0.000170503478829187
"ENSG00000037637.10",-0.0099245503956928,0.0068482306227067,0.147277881910629
"ENSG00000235084.3",0.00153487327217859,0.00368215530904788,0.676794716783216
"ENSG00000203761.5",0.0147149533543748,0.00626498224523352,0.018835933191077
"ENSG00000273026.1",-0.0252711283396312,0.00561073287504028,6.66645271307775e-06
"ENSG00000143603.18",-0.0900714552349164,0.00973766476363421,0
"ENSG00000177628.15",0.0436425249927944,0.00903026149406719,1.34545342445058e-06
"ENSG00000271380.1",-0.0144485786822352,0.00652646571013414,0.0268394938817874
"ENSG00000228106.5",0.0111949465383395,0.00542908022185757,0.0392045248262546
"ENSG00000230470.1",0.0204784722156268,0.0048090350830158,2.05957104743026e-05
"ENSG00000116701.14",-0.00406653085094408,0.00748755020635105,0.587057060054818
"ENSG00000116667.12",0.0431571175668716,0.00658782641346983,5.71375169400312e-11
"ENSG00000163395.16",-0.0034647957417173,0.00448046144125638,0.439337604613754
"ENSG00000159173.18",-0.00215998327830492,0.00403354440213342,0.592300686796151
"ENSG00000174307.6",0.00787209087756856,0.00596713736764936,0.187088633255332
"ENSG00000081277.12",0.0106358961295188,0.0112825838613707,0.345843246954747
"ENSG00000198700.9",0.000290156668636662,0.00608975308716697,0.961997809097381
"ENSG00000117016.9",-0.00232223537757254,0.00732124690636494,0.751098497196782
"ENSG00000219481.10",0.00102417522317756,0.00430713522871204,0.812047299938356
"ENSG00000215908.10",0.00320328173863269,0.0034145669139191,0.348181506952605
"ENSG00000180488.14",0.000353877034940999,0.0141998514520229,0.980117834353758
"ENSG00000117519.15",-0.0154104809861853,0.00917945935660245,0.0931909305355021
"ENSG00000230439.2",0.00086657755110076,0.00289455075739583,0.764648289880157
"ENSG00000116906.11",-0.0111933777847594,0.00531208506437867,0.0351042900081725
"ENSG00000196418.12",0.00247688572685594,0.00271495524606724,0.361604600603723
"ENSG00000227953.6",0.00327657222903862,0.00395217732979309,0.407073306800768
"ENSG00000259865.1",-0.00667529619908348,0.0052795572472074,0.206098451223532
"ENSG00000188295.14",-0.00448355697222286,0.00345918799783696,0.194930737480815
"ENSG00000227671.4",0.00313847225461746,0.00484133542326807,0.51681304017719
"ENSG00000116791.13",0.00236005554827879,0.00526092842296681,0.653719814440648
"ENSG00000237324.3",0.00777399230775172,0.00502550179918734,0.121885269950597
"ENSG00000162722.8",0.010693054100926,0.00408102567670427,0.0087881330072056
"ENSG00000238243.3",0.00810391846067647,0.00388861380706722,0.0371590611590374
"ENSG00000196071.4",-0.00817665063428031,0.00345861901795331,0.0180721077820842
"ENSG00000225506.2",0.0097575773261873,0.00395027670873397,0.0135075398889513
"ENSG00000269934.1",-0.0122218382015549,0.00644480049036221,0.0579088417633206
"ENSG00000116574.5",-0.0189492692603729,0.00746925095013719,0.0111816378493046
"ENSG00000168710.17",-0.0232378575980291,0.010209201953038,0.0228359633811352
"ENSG00000258634.3",-7.33624710224786e-05,0.00618646093332738,0.990538465898453
"ENSG00000228110.4",0.000658867829895385,0.00434144296254191,0.879374334205471
"ENSG00000230325.1",-0.00768526049903939,0.00499066271881602,0.123577941897002
"ENSG00000116977.18",-0.0107240197785875,0.0052511819726774,0.0411306399701203
"ENSG00000186063.12",-0.0163479990729238,0.0117258814295628,0.163263006094224
"ENSG00000196517.11",-0.0181112366923751,0.014702124357306,0.217994326653454
"ENSG00000160688.18",0.0354248876963281,0.0131312250775545,0.00698078450866058
"ENSG00000142632.16",-0.020528147185226,0.00929495415707674,0.0272076329647974
"ENSG00000127603.23",-0.000587915199342278,0.0130347876708133,0.964024771697555
"ENSG00000143643.12",0.000981714299413715,0.0065662517299245,0.88115193977704
"ENSG00000228175.3",-0.0119050451880659,0.00497762311547983,0.016769956773599
"ENSG00000116785.13",0.00997850315068216,0.00491377069714091,0.0422831848871764
"ENSG00000117407.16",-0.0170445960333762,0.00621376863573697,0.00608738630833328
"ENSG00000234093.3",0.0029860136092927,0.00463757536787919,0.51965722585062
"ENSG00000117394.20",-0.0205594291450294,0.00790137203893064,0.00926798308863741
"ENSG00000227533.5",-0.00946306044164666,0.00420650468804257,0.0244727248603339
"ENSG00000236200.5",-0.018315741582284,0.00528426325416143,0.000528082922692463
"ENSG00000253326.2",0.00797249178086405,0.0033953999233303,0.0188731369585982
"ENSG00000162512.15",0.000231181541926889,0.00869795724293384,0.978795657129565
"ENSG00000143155.12",0.0151475914445295,0.00635772215399006,0.0171931930984855
"ENSG00000143156.13",0.00854006410904355,0.00572367405361001,0.135683462574357
"ENSG00000117475.13",-0.00683819634822283,0.00755661152448431,0.365503041793233
"ENSG00000213062.4",0.00895233341274664,0.00448416072426929,0.0458866428759463
"ENSG00000143217.8",0.0167995625764303,0.00893054946239769,0.0599536572786987
"ENSG00000158882.14",-0.00561525731396663,0.00816768635805572,0.491769787596434
"ENSG00000225217.1",0.0110143548544775,0.00321879711112173,0.000621885183835214
"ENSG00000168389.17",-0.00529045657999586,0.00496818833512302,0.286936414400017
"ENSG00000203965.12",-0.00109968406084515,0.00503540986993175,0.827125117205338
"ENSG00000197056.9",0.0102454822068179,0.00566174145193739,0.0703579804058048
"ENSG00000163867.16",-0.00420837716103908,0.00827819620829792,0.61119468762287
"ENSG00000187513.8",-0.00299418284989961,0.00612054936606412,0.624698941370562
"ENSG00000232882.1",-0.00241504336329956,0.00463542889771862,0.602369039491643
"ENSG00000172031.6",0.0041119492123024,0.00737646619802514,0.577225740991929
"ENSG00000162669.15",-0.00711845465304104,0.00327738389644284,0.029856196168755
"ENSG00000117592.8",0.0180290917222873,0.0131562461025177,0.170567477469574
"ENSG00000203739.3",0.00128814255706734,0.00726820983430766,0.85932797756987
"ENSG00000137941.16",0.00823909267617384,0.00598171469411142,0.16839487098303
"ENSG00000162739.13",-0.00128507501298157,0.00775880063188343,0.868449672074019
"ENSG00000158887.15",-0.00118873439776963,0.00606486938589818,0.844607585127479
"ENSG00000183814.15",-0.0101078998613871,0.00612630412556497,0.0989596949214608
"ENSG00000272562.1",0.00542890106464673,0.00428332892781657,0.204994780295181
"ENSG00000233411.1",0.00560241808318195,0.00364717550870296,0.124514408696375
"ENSG00000143157.11",0.00792091972824262,0.00896475880057051,0.376932729152914
"ENSG00000143319.16",0.0157670497093523,0.00624582766960762,0.0115891626291007
"ENSG00000132698.14",-0.0778703225825951,0.0154128177182226,4.36500045442045e-07
"ENSG00000132718.8",-0.0300896130947618,0.0114925871921656,0.00884012617094165
"ENSG00000223393.1",-0.00879801558631236,0.00310588395198133,0.0046157699172793
"ENSG00000127129.9",-0.0104739422593194,0.00642591508265315,0.103111342227745
"ENSG00000204060.6",-0.00560885735593862,0.0064870784833649,0.387247428976881
"ENSG00000260920.2",0.0100999808928373,0.0042244570334584,0.0168100930339632
"ENSG00000235358.1",-0.00230047389038814,0.00392792444112236,0.55809620573172
"ENSG00000187801.14",0.00155897945081812,0.00502150535786786,0.756210734342617
"ENSG00000171790.15",0.00488877562423041,0.00584200792351558,0.402687349104062
"ENSG00000254726.2",-0.0127237480212813,0.00676848241329044,0.0601281944324291
"ENSG00000125462.16",0.00444596848254666,0.00434916902175042,0.306659278557706
"ENSG00000272405.1",0.00813356560370321,0.005964491351417,0.172673156110156
"ENSG00000117036.11",0.00618039623875366,0.00640676775533351,0.334711722276769
"ENSG00000143314.12",-0.0174955434727873,0.0083803383291691,0.0368258619154591
"ENSG00000227141.2",0.00193228578138713,0.00742102957021818,0.794570865998609
"ENSG00000162782.15",0.00330006921946284,0.0042469443440885,0.437131894733557
"ENSG00000116199.11",-0.0186445321152949,0.00800015159555295,0.0197785600418504
"ENSG00000116191.17",-0.000158431318686498,0.00639435521231191,0.980233038898831
"ENSG00000116194.12",-0.00778493832322306,0.0116096733311815,0.502503299054033
"ENSG00000186283.13",0.00344840069744771,0.00767946839557721,0.653401654924574
"ENSG00000198890.7",-0.0184438839475432,0.00737470235106479,0.0123854873609689
"ENSG00000188786.9",0.0383376212277277,0.00589761063213073,8.00350896668078e-11
"ENSG00000131233.9",0.0154416110197684,0.00434766462292209,0.000382747445663356
"ENSG00000174574.15",0.0115608243357762,0.0104152163703646,0.26700175034799
"ENSG00000180875.4",-0.00586220516206923,0.00425886138304702,0.168675425584126
"ENSG00000162618.13",0.0179006875469975,0.00986374805065076,0.0695553114883423
"ENSG00000198626.15",-0.00435588420836322,0.00488580695413345,0.372640433986073
"ENSG00000077522.12",0.00350564901618198,0.00364754043609939,0.336502178734745
"ENSG00000120341.18",-0.00749861460307173,0.00848889744425398,0.377050566078913
"ENSG00000224592.5",-0.00254571956961137,0.00493065234848406,0.605641530843373
"ENSG00000204084.12",-0.00853262904211036,0.00566415379326302,0.131957827761678
"ENSG00000123836.14",0.0131843730310797,0.00613017458344128,0.0314972252242227
"ENSG00000116604.17",-0.0165046767712895,0.00991882356957991,0.0961173787037235
"ENSG00000092853.13",0.00748108401101,0.00782186745383136,0.338854044855534
"ENSG00000137976.7",0.0200646155594265,0.00361410441990822,2.82818793939654e-08
"ENSG00000117133.10",-0.0220390082511121,0.00998515012953663,0.0273015942483112
"ENSG00000283317.1",0.00624730865026265,0.0034639793745732,0.071308735789551
"ENSG00000168243.10",0.0109937953337179,0.0076785406442726,0.152213712252877
"ENSG00000188404.8",0.00418003334098856,0.00600882680907016,0.486648778048676
"ENSG00000280186.1",-0.00231998797149281,0.00457259567619729,0.611896749544794
"ENSG00000272030.1",-0.000952975231436187,0.00345430952829365,0.782640164822123
"ENSG00000153898.12",-0.000454801916357582,0.00319226826718018,0.886708908671099
"ENSG00000117595.10",-0.00941561691528608,0.0128029011371583,0.462078639669979
"ENSG00000151418.11",0.00302034262027725,0.00599303699669285,0.614278734000635
"ENSG00000143793.12",-0.021575933660376,0.0110186137936338,0.0502141701733337
"ENSG00000066135.12",0.0110453246041784,0.00733580686964453,0.132151199078136
"ENSG00000186603.5",-0.00728195302182095,0.00641763427450694,0.256509958067784
"ENSG00000227591.5",-0.00486253808422301,0.00465683476110709,0.296405658253534
"ENSG00000143847.15",-0.00731304357017188,0.00505811415107236,0.148232078596523
"ENSG00000226862.1",-0.0087607984014454,0.00527459639521567,0.0967251067629676
"ENSG00000159348.12",0.00938259448756408,0.00530754392584564,0.0770969181421912
"ENSG00000163485.16",0.00448432779891055,0.00651565135206987,0.491302053530707
"ENSG00000000457.13",-0.00132648588626418,0.00705578460051891,0.850876831012873
"ENSG00000000460.16",0.00185754614355827,0.00423859932483155,0.661208488794882
"ENSG00000049247.13",0.0018950868195231,0.004249518258892,0.655630958038818
"ENSG00000049245.12",0.0229473621278449,0.00825440170592609,0.00543563557756954
"ENSG00000174175.16",0.000113387960550304,0.0043031411348753,0.978978138982838
"ENSG00000274895.1",0.00192045753709576,0.00463780545893497,0.67880998440061
"ENSG00000130772.13",0.0191739428851796,0.0132712589733809,0.148521948611711
"ENSG00000224863.2",-0.0266555849385742,0.00715111484106166,0.00019340954683611
"ENSG00000232022.7",-0.0360456899166831,0.00781724596232496,4.00645593889859e-06
"ENSG00000235750.9",0.000504299593704973,0.0101575296535728,0.960403008160733
"ENSG00000116161.17",0.00689061037863964,0.0115438394365797,0.550568790293951
"ENSG00000083444.16",0.00130620397464439,0.00652067060087405,0.841232331881307
"ENSG00000204518.2",0.000463479231485127,0.00519448546711536,0.928902903846395
"ENSG00000028137.18",-0.0101775349173765,0.0102836118239262,0.322328177917759
"ENSG00000143196.4",-0.00375472680856794,0.0062193014908478,0.546028733668123
"ENSG00000235052.1",-0.00387694583302677,0.00413859448438735,0.348872569043389
"ENSG00000088280.18",0.00330855102769994,0.00629751713143833,0.599323305602988
"ENSG00000001460.17",0.0061473441636555,0.00818087227687198,0.452394552843176
"ENSG00000116406.18",-0.0239839944397154,0.0101111774561527,0.0176907575930036
"ENSG00000010803.16",0.00537280655608567,0.00750289258134153,0.473930823475496
"ENSG00000143207.19",0.000478046548591133,0.00673154018648491,0.943385081697102
"ENSG00000198468.7",-0.0084923139252783,0.00285854607002381,0.00296976003531857
"ENSG00000235795.1",0.00755102167885204,0.00534577890902843,0.1577967929661
"ENSG00000228399.1",0.0095311744579784,0.00430519602481134,0.026837241349578
"ENSG00000143341.11",0.0069137184902202,0.0107600617690198,0.520525738861315
"ENSG00000040487.12",0.00272014772583164,0.00434937745342921,0.531701461605001
"ENSG00000060656.19",-0.00018877819737906,0.00798720357305118,0.981143689971782
"ENSG00000162511.7",-0.00887901403217249,0.00885350920002512,0.315918396917141
"ENSG00000269978.1",0.00201800424600371,0.00397468304490612,0.611653572607818
"ENSG00000238260.1",-0.00114278595019588,0.00592876800927797,0.8471526607
"ENSG00000233304.6",0.00416731874483167,0.00323159192866244,0.197204862801345
"ENSG00000225087.1",0.00564694020411069,0.00682227322923603,0.407828408462576
"ENSG00000066279.17",-0.000341500565777731,0.00647608117232794,0.957944968075858
"ENSG00000135744.7",0.00231529732429389,0.0045782448169107,0.613055165182414
"ENSG00000203865.9",0.0012083308809284,0.00506883278262363,0.811582932156377
"ENSG00000183508.4",-0.00852435434785817,0.00689445735349835,0.216307368542449
"ENSG00000143384.12",-0.010843460948694,0.0118067893848459,0.358404810957228
"ENSG00000182134.15",0.0453239787917897,0.00666397382299518,1.03647090909931e-11
"ENSG00000143418.19",0.00713962129510497,0.0113242921918902,0.528387425289227
"ENSG00000163159.12",0.0279413988011279,0.0113337088362251,0.0136884876429212
"ENSG00000064886.13",-0.00348881059748669,0.00590624479498802,0.554722378702939
"ENSG00000156171.14",-0.0157276754888279,0.00347176243442642,5.89361268277244e-06
"ENSG00000134255.13",-0.0162186582878722,0.00913267510411046,0.0757504737331767
"ENSG00000227372.11",0.0122640715091273,0.0072075327462002,0.0888373063125555
"ENSG00000179456.10",0.00404835084471698,0.00709974269977021,0.568534647806701
"ENSG00000232059.3",-0.000715815096849659,0.00282939372004072,0.800274089110139
"ENSG00000236031.1",-0.00709530804712392,0.00419608641414508,0.0908492784193824
"ENSG00000117477.12",0.000388844009821662,0.0061328703312583,0.949445386481828
"ENSG00000244716.3",0.0016720921978599,0.00578054160533344,0.772380734333983
"ENSG00000134243.11",0.013648525979052,0.00981533249196607,0.164367634620914
"ENSG00000174151.14",0.0243252318105323,0.00927753213203915,0.00874280785776305
"ENSG00000270629.5",-0.000599099680901851,0.00919126496223697,0.948029556171313
"ENSG00000274265.4",-0.00687544516002692,0.00624305562995751,0.270768341652408
"ENSG00000225080.1",0.00193075400946125,0.00648463871897748,0.765899530856908
"ENSG00000231551.8",0.011747181723974,0.00559931800333085,0.0359081027206386
"ENSG00000184599.13",-0.00295720939382502,0.00478381686645331,0.536463652355696
"ENSG00000121931.15",-0.0083638001583887,0.00551557914097237,0.129419341019494
"ENSG00000085465.12",-0.0130756981758068,0.00447261142164861,0.00346115580838136
"ENSG00000116473.14",-0.00923657864829905,0.0106088130352244,0.383944484819481
"ENSG00000223489.1",0.00163300373753574,0.00627220977784282,0.794589636141758
"ENSG00000175087.9",-0.0146343671849054,0.00977703945808856,0.134442789946481
"ENSG00000198830.10",0.0048878398948108,0.00948897011134417,0.606477885637057
"ENSG00000177000.10",-0.0155070509955728,0.00774207134024132,0.0451816959859013
"ENSG00000204624.7",-0.00161258198489039,0.00517843992006525,0.755494235598917
"ENSG00000242349.5",0.0105227389166424,0.00545373817563057,0.0536744804537558
"ENSG00000169991.10",-0.00507470163654458,0.00510563490620921,0.320251423151758
"ENSG00000053371.12",0.00771861438898195,0.00758138652277837,0.308630136370926
"ENSG00000117724.12",-0.00911901470712717,0.00674593235037907,0.176445785843645
"ENSG00000143776.18",-0.0344283661039308,0.0102512421927084,0.000783786378624085
"ENSG00000154370.15",-0.00335237437803892,0.00947817975660621,0.723568293392595
"ENSG00000231563.1",-0.00973791288614342,0.00485105628788532,0.0447092273651609
"ENSG00000154358.20",-0.00355089016526194,0.0061356803269453,0.562772702131346
"ENSG00000226349.1",0.00847289582831189,0.00435007456245707,0.0514438356904432
"ENSG00000116990.10",0.0282365670794351,0.00731710464848546,0.000113860835232349
"ENSG00000189337.16",-0.00432056004820167,0.00565512303279072,0.444862389835116
"ENSG00000135845.9",0.0123184065643506,0.00876317901307447,0.159813029481599
"ENSG00000230364.1",-0.00170304971804857,0.00438108603917441,0.697477552287104
"ENSG00000188257.10",0.0129141804664997,0.00365959996831983,0.00041736914746493
"ENSG00000127481.14",0.00820636978797959,0.00744867767974796,0.27058268278209
"ENSG00000215817.5",0.00703449995394417,0.00675418485607555,0.297642425061271
"ENSG00000116691.10",0.0195663592762605,0.00812641230852442,0.016051222185432
"ENSG00000162496.8",0.00322111665498066,0.00466368642326933,0.489766429331294
"ENSG00000284237.1",0.0112821625657043,0.00434593748890645,0.00943091906572624
"ENSG00000076356.6",0.00795477287329213,0.00788534067599584,0.313068054841199
"ENSG00000162542.13",0.00388228796094104,0.00785296193461938,0.621043173352139
"ENSG00000226396.1",0.00378062651763676,0.00709849774387259,0.594313758058012
"ENSG00000169914.5",0.00712870303576293,0.00429755735315218,0.0971600920559195
"ENSG00000178828.6",-0.0186305300339026,0.00588455073542923,0.00154546964943236
"ENSG00000273129.1",-0.00825245030159792,0.00740257240565407,0.264932512793313
"ENSG00000173207.12",0.0176958969230913,0.00586622277087767,0.00255648546036769
"ENSG00000077254.14",0.00933608930043245,0.0053016828462785,0.0782439641785311
"ENSG00000157191.19",0.00175534121603107,0.00552796355798525,0.750835036554368
"ENSG00000268869.5",-0.0130656307502293,0.00281438470948376,3.44307626909401e-06
"ENSG00000204138.12",0.00750028965791383,0.00851606426772091,0.378468019915938
"ENSG00000168765.16",0.00477501818587209,0.00433060746767017,0.270191841977647
"ENSG00000065135.10",0.0189879094203103,0.00846978861939305,0.0249717264303122
"ENSG00000134184.12",0.00198321746096743,0.00232298966907949,0.393251866358265
"ENSG00000134202.10",0.013983789530418,0.00353270900004557,7.54611886196743e-05
"ENSG00000215717.5",-0.0108097716656932,0.00937301067389652,0.248792590881349
"ENSG00000122420.9",-0.00700535730403123,0.00789084578298951,0.374657587132782
"ENSG00000162616.8",-0.0161883717640133,0.0126422200823244,0.200369095962818
"ENSG00000223503.1",-0.0101608698445068,0.00484587911868653,0.0360107260553785
"ENSG00000016490.15",0.00573799500644381,0.00451591015814218,0.203864716290262
"ENSG00000153936.16",0.0358036279726252,0.00689769815848008,2.0954636692494e-07
"ENSG00000137975.7",-0.00887282440330391,0.00764510062549258,0.245808830079619
"ENSG00000224621.1",-0.012144675565458,0.0052389267798366,0.0204405745541594
"ENSG00000227959.1",0.00566410120811574,0.00608777847058346,0.352161287893618
"ENSG00000142615.7",0.0048020398931674,0.00285293554849048,0.0923378203769659
"ENSG00000186150.4",0.0122155297524498,0.00388216489370808,0.00165193905720951
"ENSG00000237076.1",-0.00812745742327836,0.00563802460966625,0.149431212571118
"ENSG00000233008.5",0.0026772172534502,0.00480661118779221,0.577536693968448
"ENSG00000271895.2",0.0108342076079072,0.00934054399813164,0.246084700231358
"ENSG00000226849.1",0.00615939062560436,0.00634254997065384,0.331487465794363
"ENSG00000116857.16",-0.0106888946574157,0.00605190089601468,0.0773615446748488
"ENSG00000162545.5",0.00225627192261688,0.00832888697583628,0.786470120615161
"ENSG00000007923.15",-0.0194541152022143,0.00748669377465194,0.00936341786533879
"ENSG00000162413.16",0.0166138179163211,0.00863712416933809,0.0544127896157403
"ENSG00000183298.5",-0.00232980459663668,0.00444767529933039,0.600400094039883
"ENSG00000117395.12",-0.0225878582603487,0.0123660399384159,0.0677593285555429
"ENSG00000229431.1",0.00390465678668706,0.00530303214636569,0.46154422033872
"ENSG00000229348.1",0.0131091742237629,0.00520974622555564,0.0118601306611871
"ENSG00000186973.10",-0.0107318835206886,0.00795290877239031,0.177199300487195
"ENSG00000243710.7",-0.00509152013906532,0.00551836894348013,0.356189910417749
"ENSG00000143771.11",0.00116561422965715,0.00687464314411215,0.865361932548696
"ENSG00000049246.14",-0.00425394598824348,0.00635477718274831,0.503234516818925
"ENSG00000238290.1",-0.00392567849593492,0.00478190262001779,0.411677662778378
"ENSG00000134256.12",0.00815621767381152,0.00474679456032387,0.0857495685784544
"ENSG00000143061.17",-0.00411700339679217,0.00636835683432835,0.517969758221902
"ENSG00000198162.12",-0.0018583594286782,0.00956996245501806,0.846029696483426
"ENSG00000270171.1",0.00966695943104965,0.00318514327669184,0.00240523271242998
"ENSG00000132128.16",-0.0137372233975689,0.0134274076800436,0.306273150790398
"ENSG00000162367.11",0.00461128026761481,0.00804639410902643,0.566586091238253
"ENSG00000282221.1",0.0138507274510337,0.00523817507838978,0.00818868016664354
"ENSG00000179546.4",0.00384539827083895,0.004263693560765,0.367113349576551
"ENSG00000184677.16",-0.00187036160106118,0.00553148541824235,0.735265164392708
"ENSG00000070831.15",-0.0215211576137792,0.00744468126342006,0.00384250587145252
"ENSG00000269925.1",-0.00467921145056305,0.00562309335133835,0.405328867290272
"ENSG00000116285.12",-0.0117364700520399,0.00570903165407721,0.0398044536971303
"ENSG00000142864.14",-0.0254096795628232,0.0138862521080029,0.0672732211968965
"ENSG00000184588.17",-0.00269227253263921,0.00783947324592305,0.7312786170997
"ENSG00000272506.1",-0.00197407626381219,0.00526649322800147,0.707781731596701
"ENSG00000006555.10",0.000606684702539006,0.0108839894301045,0.955548118850089
"ENSG00000171806.11",-0.00242288425577132,0.00437357594909557,0.579590866551951
"ENSG00000231407.5",-0.0173445228580118,0.00545436046124222,0.00147307053880752
"ENSG00000234917.2",0.00302470886592413,0.00582072629789334,0.603311321170961
"ENSG00000196407.11",0.0163719379299134,0.00630900363571127,0.00945877130442163
"ENSG00000196754.10",-0.0156795274428248,0.00951996902203018,0.0995550563294424
"ENSG00000159450.12",0.00101242923537303,0.00482143966699557,0.833679505458125
"ENSG00000237200.1",-7.04257698537088e-05,0.00358561386676353,0.984329594920001
"ENSG00000182827.8",-0.0128258459703364,0.00778625375922824,0.0995082678093775
"ENSG00000234476.1",0.0226090060581412,0.00509429999427781,9.07570131702951e-06
"ENSG00000224260.6",0.00803340293646087,0.00372802915316898,0.0311723286652345
"ENSG00000163131.10",-0.0298056187569176,0.0068969557320802,1.54928814358746e-05
"ENSG00000163125.15",-0.00681709436394255,0.0107431844213255,0.525721540755274
"ENSG00000266472.5",0.0210347949473282,0.00782268248060088,0.00716773494794132
"ENSG00000270882.2",-0.0736202427336643,0.00908331986770478,5.55111512312578e-16
"ENSG00000228126.1",-0.0233716181199265,0.00609717188285938,0.000126492191807603
"ENSG00000233030.2",-0.0852549989208418,0.00886215921658284,0
"ENSG00000237781.3",0.0232522930675858,0.00453617243188804,2.96006531619319e-07
"ENSG00000117560.7",0.0106481534736109,0.00649550455201397,0.101148461079236
"ENSG00000186409.14",0.00414798804883122,0.0071018220432531,0.55917067423129
"ENSG00000215869.4",0.00310134465667895,0.0030826842530398,0.314389932829833
"ENSG00000243480.7",-0.011717142223079,0.00451896039740034,0.00951747365621225
"ENSG00000232450.1",-0.00506441233689908,0.00519492480925424,0.329621312167557
"ENSG00000183929.7",0.0039904927733585,0.00420898275374032,0.343083842508792
"ENSG00000131697.17",-0.00485916784570025,0.00377716204576098,0.198282573787219
"ENSG00000171735.18",0.00777675591924873,0.00723722983238357,0.282576829326846
"ENSG00000233203.6",-0.000227948563193786,0.00377830594640707,0.951892099503828
"ENSG00000237950.1",0.00716367696692254,0.00374407698907187,0.0557050628966198
"ENSG00000179178.10",-0.0567855693024161,0.0149958996505002,0.000152636818641083
"ENSG00000274386.5",0.00178182693075886,0.00586210950230327,0.76116094838388
"ENSG00000200913.1",0.000996181946251886,0.00645303191334446,0.877314657690111
"ENSG00000142949.16",-0.00911059385157465,0.0129202385490364,0.480722304833723
"ENSG00000120333.4",-0.00354963663199699,0.00678225253621578,0.600715861052911
"ENSG00000127124.14",0.00732691471454693,0.0104464842330692,0.483068312647265
"ENSG00000164010.13",0.0036498722533322,0.00595765510114883,0.540117241769703
"ENSG00000253313.5",-0.00476817156079404,0.0137071598082161,0.72794538425152
"ENSG00000066185.12",0.00896421798676517,0.00655969098161369,0.17176294283972
"ENSG00000116731.22",-0.00310621874030346,0.0114454465903121,0.786088472587235
"ENSG00000234975.6",0.00930635262101895,0.00482870132784977,0.0539423425488021
"ENSG00000154342.5",-0.0175260488110684,0.00716846657378308,0.0144899882276907
"ENSG00000270035.1",-0.00350567822004355,0.0044119720471936,0.42685607944923
"ENSG00000143167.11",-0.00865393184311307,0.00431585136939757,0.0449469523646615
"ENSG00000235545.1",0.00200896694960212,0.00343939285984009,0.559149596109776
"ENSG00000240563.1",0.0016217205479545,0.00317777048840167,0.609818319187276
"ENSG00000235021.1",-0.00585055920384474,0.00337943619679828,0.0834119178083548
"ENSG00000226499.1",0.00785433165820671,0.00613126423812152,0.200183230277548
"ENSG00000233602.1",-0.00966547287274945,0.00456113247085209,0.0340824418037311
"ENSG00000142945.12",-0.00425767273226725,0.00516532264660382,0.409780416013589
"ENSG00000137996.12",0.0222503901519785,0.00614654738552021,0.000294623648703696
"ENSG00000099260.10",0.00446740641529979,0.00639818970208599,0.48503352230556
"ENSG00000156876.9",0.000425641994106718,0.00497992152081912,0.931886451381041
"ENSG00000142627.12",0.0066678236428568,0.00810455419155053,0.410664093758147
"ENSG00000142621.19",0.00706679349962233,0.00520877628230048,0.174873701526302
"ENSG00000260805.2",-0.00130859650463829,0.00629599014292978,0.835349196989617
"ENSG00000162877.12",0.0108635526527054,0.00244083327964713,8.55686375411668e-06
"ENSG00000134690.10",0.00990162319020585,0.00404923668660253,0.0144729246361831
"ENSG00000163221.8",-0.0155992982226852,0.0049023163188023,0.00146248664525761
"ENSG00000160678.11",-0.0131326618585486,0.00504129070394287,0.00918689636838088
"ENSG00000143614.9",0.002925193421411,0.00740177107872429,0.692693947636453
"ENSG00000196420.7",0.00786749499297459,0.00513443774038144,0.12544861119516
"ENSG00000152760.9",-0.0118950530563488,0.00478267844482414,0.0128785142580342
"ENSG00000118473.21",0.00303654545059456,0.00578669809841338,0.599759922759692
"ENSG00000117586.10",-0.0196464012077358,0.00799614427673668,0.0140108797002956
"ENSG00000185278.15",-0.00522152592275241,0.0170703967032391,0.759694543252605
"ENSG00000120337.8",-0.0111697355922073,0.00455013005465131,0.0140956412059857
"ENSG00000198821.10",0.0192253458569793,0.0105791147027052,0.0691723370185442
"ENSG00000225171.2",-0.0060910106402705,0.00379470522387728,0.108464302902184
"ENSG00000143198.12",0.0016491214687482,0.00673318623666721,0.806514983505278
"ENSG00000010932.16",0.000321940185449414,0.00424048023687397,0.939482196136729
"ENSG00000162769.12",0.00217466828703878,0.00533187253858087,0.683374979981388
"ENSG00000242860.3",-0.00270721188448816,0.00464451564857314,0.55997167851788
"ENSG00000132854.18",-0.0036904158908836,0.00552804373545728,0.504401213319025
"ENSG00000163393.12",0.000571109664460576,0.0071936382896696,0.936721679303845
"ENSG00000134200.3",-0.00154445022920959,0.00322386810610171,0.631890654690428
"ENSG00000225079.2",0.000287512185086318,0.00467249846538547,0.950934846989008
"ENSG00000272715.1",0.000324156407357403,0.00449455416204947,0.942504787877418
"ENSG00000233730.1",-0.00363728236357818,0.0030489696275599,0.232887151209177
"ENSG00000224081.8",-0.00830968258497241,0.00710887841335955,0.242437427405982
"ENSG00000117525.13",-0.00422481918937468,0.00436798032195939,0.333431633206328
"ENSG00000085832.16",0.0482710739212328,0.0100957232506857,1.74131551311518e-06
"ENSG00000174371.16",-0.00141359026432777,0.00433687469833514,0.744464635133797
"ENSG00000229887.4",-0.00411217894771348,0.00345036041435986,0.233335196595024
"ENSG00000143093.14",0.00927593214882937,0.00557578711413289,0.0961905016579784
"ENSG00000143119.12",-0.00779785458653236,0.0126013494933039,0.53604082748569
"ENSG00000162775.14",0.00119247447669054,0.00479460372568236,0.803583727982751
"ENSG00000168679.17",-0.00116803249229692,0.00637139276322494,0.854543399650074
"ENSG00000116703.13",0.007492222413249,0.00430507246173248,0.0818020815482696
"ENSG00000270031.1",0.000451568040856123,0.00627635180225267,0.942643660595604
"ENSG00000159023.19",-0.0137201523620869,0.00646003047887605,0.0336824731637361
"ENSG00000117751.17",-0.011108820705609,0.0146236050097953,0.447463857730231
"ENSG00000260940.1",-0.00096491470807856,0.00497877287342284,0.84632800068815
"ENSG00000187140.5",0.00710233951888991,0.00537915654863655,0.186720039699232
"ENSG00000116652.6",0.00799047079702209,0.00605961951390293,0.187288714967234
"ENSG00000281912.1",0.00585326312018413,0.00909160368778815,0.519698808893411
"ENSG00000223653.5",0.00237410519412057,0.00334818951480212,0.478280213038006
"ENSG00000031698.12",-0.00553765353564632,0.00843280432282045,0.511386728044938
"ENSG00000198842.9",0.0152546784318169,0.00465391690181662,0.0010461394988911
"ENSG00000123689.5",-0.00291129678109605,0.00586928187937284,0.619878427105367
"ENSG00000163141.18",0.0100271123857186,0.0181499139904956,0.580632820993231
"ENSG00000116141.15",0.0150970857386537,0.00866005958194239,0.0812811473640878
"ENSG00000196660.10",-0.0025561242919513,0.00456166821667731,0.575241699772003
"ENSG00000238078.1",0.00253278884485914,0.00440979823811158,0.565727723903747
"ENSG00000143632.14",0.00514838671249058,0.00380991070307198,0.17659478176672
"ENSG00000236364.3",-0.0178928779508552,0.00706969777145898,0.0113762027889381
"ENSG00000143195.12",-0.00785413519463053,0.00615114735939821,0.201652758699871
"ENSG00000178028.13",0.034598186313593,0.0126048722831195,0.00605429134053537
"ENSG00000117411.16",0.00603212360663683,0.0129841019605575,0.64223393900159
"ENSG00000200087.1",0.00193269677582207,0.00549365395827908,0.72498425664394
"ENSG00000213047.12",0.00718152696194322,0.0105332548470463,0.495368197677543
"ENSG00000163220.10",-0.0273730213471275,0.0074400791550078,0.000234030595667511
"ENSG00000086015.20",0.0195690579254405,0.0108108483127322,0.0702753848985599
"ENSG00000230896.1",-0.0119294877703191,0.00869414242339726,0.170023182077342
"ENSG00000132780.16",0.01202976444371,0.00829037227386972,0.146765274362272
"ENSG00000143761.15",-0.0444728663621444,0.0165498098150436,0.00720509610193232
"ENSG00000162913.9",-0.0172350931421373,0.00600825436420674,0.00412333048267532
"ENSG00000198835.3",0.0222996557423912,0.00830394754224897,0.00724369146090187
"ENSG00000132849.19",0.0070106197258018,0.00899834653594546,0.435920290417456
"ENSG00000143184.4",0.00588821319627767,0.00476259088360862,0.216329744611709
"ENSG00000272574.1",0.00317379520183408,0.00480432644907668,0.508861238450242
"ENSG00000143036.16",-0.00650571169138372,0.00647884094506816,0.315307541348954
"ENSG00000162433.14",0.0335609397841776,0.00726587677891817,3.85630954646832e-06
"ENSG00000162434.11",-0.00516835055710596,0.0136835249912803,0.705648952157687
"ENSG00000116675.15",0.00601240518367561,0.00577183355168784,0.297559935224305
"ENSG00000198711.5",0.00985600396880771,0.00425476824814584,0.0205331209854089
"ENSG00000215838.4",-0.00524776036830764,0.00394414557932485,0.183347352505632
"ENSG00000143549.19",0.00160396454677154,0.00613384698358895,0.79371153019968
"ENSG00000169469.8",0.00701620390483702,0.0044951578173644,0.118562463698906
"ENSG00000143554.13",0.00702756902889615,0.00676849914098211,0.299141660310212
"ENSG00000185155.11",0.00540337263636366,0.00427307970148108,0.206045302593428
"ENSG00000225518.2",0.00620776628119787,0.00430365375120003,0.149178026767631
"ENSG00000127483.17",0.00989520860904847,0.00930696324841576,0.287689056406162
"ENSG00000122188.12",0.00046923492552671,0.006202701004394,0.939697479894623
"ENSG00000173662.20",0.00706997604008248,0.00346696344800989,0.0414259223644459
"ENSG00000227006.1",0.00699210156047525,0.00355669780696585,0.0493105093037012
"ENSG00000143653.9",0.0114815544752643,0.00549039422246856,0.0365094526336132
"ENSG00000213058.3",-0.000868301571937227,0.00434959243223743,0.841771323809216
"ENSG00000121940.15",0.00455202893485397,0.0056725652762932,0.422284654400846
"ENSG00000122435.9",0.00753860278236,0.0089294770829948,0.398536492265439
"ENSG00000227034.1",0.00680759714557936,0.00356464331842838,0.0561647026977956
"ENSG00000156875.13",0.0199081225993656,0.0124512180074974,0.109845142075459
"ENSG00000143194.12",-0.00100284773040119,0.00351598609581201,0.775471638371332
"ENSG00000196242.7",0.00482622447322482,0.00487860471563569,0.322534347824199
"ENSG00000143748.17",-0.00610925384324121,0.00679687911671368,0.368742043328303
"ENSG00000117569.18",0.000350309494082872,0.0144619604009894,0.980674874062342
"ENSG00000117601.13",0.00650983050672763,0.00415163597084104,0.116877461429523
"ENSG00000243749.1",-0.00407282636039735,0.00766378969989367,0.595115539599307
"ENSG00000117593.9",-0.00605002537379951,0.0106121422001493,0.568607120343059
"ENSG00000183831.6",0.0184122455725842,0.00761689906786136,0.0156366009857541
"ENSG00000120334.15",0.00419086553770492,0.00858156712535951,0.62529722816773
"ENSG00000174606.13",6.95479725960119e-05,0.00536034493849313,0.98964811082874
"ENSG00000143494.15",0.000254272566611614,0.00654562783522133,0.96901303487014
"ENSG00000117151.12",-0.00153299208326684,0.00692393313437163,0.824777249412952
"ENSG00000162643.12",-0.0117757645108529,0.00408171822999859,0.00391411402515229
"ENSG00000075945.12",0.0115657078878049,0.00907675446433762,0.202588354889907
"ENSG00000271811.1",-0.00115340276561035,0.00341436264355478,0.735507053152289
"ENSG00000157064.10",0.0110544351185717,0.00617263824685553,0.0733130547343667
"ENSG00000162704.15",-0.00667173042053853,0.00856743797749713,0.436138130625245
"ENSG00000134250.19",-0.00822993704241501,0.0114008408280428,0.470373756093946
"ENSG00000134375.10",0.00344728054692332,0.0116030515667739,0.766389248063886
"ENSG00000234678.1",0.00905434449493085,0.00480970099163623,0.0597658366110346
"ENSG00000077152.9",0.00360241539871644,0.0059437248620394,0.544456868180897
"ENSG00000273478.1",-0.0107454662468835,0.00564527253609038,0.0569824931967217
"ENSG00000236069.1",5.09415497475691e-05,0.00536213791747228,0.992420026251593
"ENSG00000143633.12",-0.00520773667333588,0.00450196278058276,0.247366233903112
"ENSG00000174059.16",0.00173869931637747,0.00636345590057291,0.784674939382477
"ENSG00000123843.12",0.00638657572564321,0.00438418853275083,0.145191129011433
"ENSG00000155816.19",-0.0046214014275576,0.00405456607143107,0.25436891232421
"ENSG00000134262.12",-0.00701495202704254,0.0106687597666117,0.510844861808441
"ENSG00000081019.13",-0.0144336811678587,0.0109526007479444,0.187560094334086
"ENSG00000132185.16",0.00535823169096367,0.0050895908405937,0.292440730345494
"ENSG00000117091.9",0.00438436829476454,0.00889473452552646,0.62207104128566
"ENSG00000066294.14",0.00201677171965358,0.00859035180017145,0.814385913780973
"ENSG00000244682.7",0.0104937663439372,0.00328030039810701,0.0013789272035496
"ENSG00000279306.1",0.00201870983078805,0.00371912244882518,0.587273037053803
"ENSG00000237861.1",0.00258809562818627,0.00614987929734065,0.673874245183526
"ENSG00000248458.2",0.0070704488617666,0.00432810006744599,0.102339732212113
"ENSG00000226891.7",-0.0105953948635525,0.00807458445883272,0.189455789336055
"ENSG00000186118.8",0.00291074474751299,0.00552033947450229,0.598001657612702
"ENSG00000270361.1",-0.00066058944433466,0.00576368521344572,0.908752398951382
"ENSG00000198837.9",0.00511402841138027,0.00756324065949299,0.49893339097083
"ENSG00000181754.6",0.0143994630845695,0.00607753892637951,0.0178221866421893
"ENSG00000228703.1",0.011331072961932,0.0063029894414546,0.0722198111186145
"ENSG00000232077.1",0.00774967698883735,0.00418846132291352,0.0642783363190649
"ENSG00000143149.12",0.0066560153463695,0.00565662958830649,0.239325198688108
"ENSG00000050628.20",0.0215597732619386,0.00934316963735777,0.0210245228655127
"ENSG00000269933.1",-0.00981438772974888,0.00598561523487819,0.101075398700545
"ENSG00000226415.1",0.000639644751941827,0.00396811390327593,0.871938899829534
"ENSG00000163344.5",0.00485066337622683,0.0113044201371546,0.667854527445178
"ENSG00000125459.14",0.0616418213969439,0.00836658568689247,1.73749903353837e-13
"ENSG00000232093.1",-0.0124445844634129,0.00898009241730207,0.165808921438723
"ENSG00000224468.3",-0.0094322048715356,0.00503101063372469,0.0608184340767254
"ENSG00000273382.1",0.0110737702155076,0.00561929709308457,0.0487618375608585
"ENSG00000162631.18",0.00923065434811766,0.00421786821411798,0.0286357931227923
"ENSG00000116198.12",0.0017012838092471,0.00374113606991608,0.649288685616549
"ENSG00000160050.14",0.00294009670767582,0.00875420949875992,0.736984375471659
"ENSG00000116525.13",-0.000486103911826208,0.00903030837163298,0.957070394797205
"ENSG00000116514.16",-0.00562487195844307,0.00867774771192636,0.51685888906208
"ENSG00000121481.10",-0.000110249489958508,0.0102748440993777,0.991438830889351
"ENSG00000157181.15",0.0198479137990026,0.00958618889600186,0.0384083791719697
"ENSG00000219201.4",0.00739280249424584,0.00377745073841275,0.0503371546618557
"ENSG00000162407.8",0.00174773168537113,0.00648104424180525,0.787415509301539
"ENSG00000234383.1",0.00408219397061556,0.00490677049280435,0.405436447549937
"ENSG00000229133.1",0.00333469097782368,0.00425684670281115,0.433409181528414
"ENSG00000131236.16",-0.00407326357201141,0.013067976104965,0.755269957557822
"ENSG00000234741.7",0.00804174425898632,0.00861193593750128,0.350411953279715
"ENSG00000152061.23",0.0103368167504283,0.00968175239140381,0.285674048135549
"ENSG00000236137.1",0.00613973170256465,0.00392078755379922,0.117361849794996
"ENSG00000134258.16",-0.00880823642032947,0.00729597333470036,0.227326771642175
"ENSG00000116649.9",-0.044701278919869,0.0101669107254076,1.0988805452139e-05
"ENSG00000225075.1",0.00349901419713878,0.00492957192028954,0.477827659789975
"ENSG00000234233.1",-0.00984929831339492,0.00414780356499146,0.0175688491049761
"ENSG00000143473.12",-0.00631241645482788,0.00367540125489771,0.0858920864196591
"ENSG00000143337.18",-0.00328931756217375,0.0133822795098329,0.805839760969426
"ENSG00000143340.6",-0.0169902242163018,0.00449265130301873,0.000155710199668091
"ENSG00000229407.5",-0.00958641802012624,0.00533839962816144,0.0725346767740739
"ENSG00000233154.5",-0.00125907956487453,0.00500543629256118,0.801394768747721
"ENSG00000235121.1",-0.00819746820250385,0.003140634411701,0.00905074750028056
"ENSG00000143315.6",0.00575163248497012,0.00819877597430766,0.482976490816705
"ENSG00000162738.5",0.0160662522470539,0.00861999516791278,0.0623448211029353
"ENSG00000158874.11",0.00609012222281736,0.00437622747336713,0.164032199780126
"ENSG00000162723.9",-0.014731278115481,0.00526120627742401,0.0051105599465896
"ENSG00000122218.14",0.016379036297197,0.0072117077360193,0.0231365038392117
"ENSG00000272668.1",-0.00166806657249458,0.00401093027387613,0.677497652730019
"ENSG00000070785.16",-0.0145958745677816,0.00824624701449874,0.0767267901879602
"ENSG00000225721.5",-0.0152729211114447,0.00627043964687227,0.0148629317680594
"ENSG00000117597.17",0.0105944322673015,0.0108842934346884,0.330370011000405
"ENSG00000184144.11",0.00909541835633377,0.0044289518313312,0.0400117348139085
"ENSG00000170382.11",0.015685322456124,0.00476882896022395,0.00100495792587108
"ENSG00000081985.10",0.00823556938901677,0.00402446401200894,0.0407193225546228
"ENSG00000137959.15",-0.00250457343443384,0.00608360376970444,0.68056489644966
"ENSG00000198734.10",-0.000445158525758734,0.00603085631736237,0.941158796365676
"ENSG00000142798.17",-0.0129893978668023,0.00831354214888781,0.118184736262385
"ENSG00000231050.1",-0.00782219841139126,0.00677771824259161,0.2484571298473
"ENSG00000215914.4",0.0152156039817675,0.00393555782451156,0.000110550014363553
"ENSG00000008128.22",0.00424767994387915,0.0033422987807082,0.203769291178714
"ENSG00000160087.20",-0.0125812071639654,0.00894995994519341,0.159804979867885
"ENSG00000157881.13",-0.0115365997186576,0.00496776262972556,0.0202171713860071
"ENSG00000248333.8",0.00141816331771183,0.00535541202517005,0.791156313512747
"ENSG00000227775.3",-0.00217755691106139,0.00333664140634048,0.51400167582809
"ENSG00000215790.6",0.00519421237233082,0.00382634875320747,0.17462704560682
"ENSG00000008130.15",0.00266212433767762,0.00677755031590842,0.69447782263089
"ENSG00000197959.13",-0.0120995473577865,0.0100623237604862,0.229185142029736
"ENSG00000097021.19",0.00649072921226347,0.00601606657080385,0.280632680206242
"ENSG00000084636.17",0.0168787154433072,0.0110104669844668,0.125283249714301
"ENSG00000185946.15",0.00279963295171486,0.00937193655861416,0.765149782341221
"ENSG00000225313.5",-0.0162528142395489,0.00808742776692977,0.0444693581588614
"ENSG00000228536.2",-0.00880219500970955,0.00593378687232561,0.137967470997952
"ENSG00000230777.1",0.0102809297533298,0.00424939188007046,0.0155466270534514
"ENSG00000272827.1",0.00453875244272851,0.00673746493129366,0.500528270215599
"ENSG00000224459.1",-0.0153005299489455,0.00383491871019376,6.61311194848357e-05
"ENSG00000117118.9",0.0218681306011122,0.00996243361109879,0.0281593582704561
"ENSG00000215895.4",-0.010079102082236,0.0045176951716747,0.0256793086802003
"ENSG00000237749.4",0.00660903548263987,0.00373770590871946,0.0770264058472599
"ENSG00000186564.5",-0.0161996136015182,0.00854217214690015,0.0579034852757749
"ENSG00000217644.5",0.000684405372538708,0.0054164427111293,0.899449349857366
"ENSG00000085552.16",-0.00161830514176506,0.00904168556451909,0.857951299039646
"ENSG00000175279.21",-0.0420968663724654,0.00576495735722235,2.83106871279415e-13
"ENSG00000173614.13",0.00380872668237838,0.00620208831846401,0.539146665100721
"ENSG00000198912.10",-0.00202304440621961,0.00250031151682301,0.418447884572078
"ENSG00000162591.15",0.00381179413590366,0.00537595073965136,0.478296189179955
"ENSG00000283696.1",0.00630457795071428,0.00455075782623281,0.165933007627479
"ENSG00000153029.14",-0.0039004808466104,0.00677996116692088,0.565091494603623
"ENSG00000243155.1",0.00345747921621261,0.00539465073894444,0.521581927885163
"ENSG00000162783.10",0.00794770593951137,0.00620729237388167,0.200410792136038
"ENSG00000143252.14",0.00254716685457164,0.00650084963026454,0.695190767154481
"ENSG00000238005.2",0.00705763127756745,0.00342758167664929,0.0394875143815819
"ENSG00000174021.10",0.0204851788543701,0.00774733638249644,0.00818945006721195
"ENSG00000233061.1",-0.00777976166524232,0.00447476790345788,0.0821078927004143
"ENSG00000236268.5",0.0151536910121126,0.00462341133948739,0.00104693799209421
"ENSG00000272226.1",0.00467980765697768,0.00387886215842183,0.227628686938396
"ENSG00000085999.11",-0.00645157395634421,0.00691661544008514,0.350941528361301
"ENSG00000117448.13",0.0512654748803029,0.0125588941381675,4.46487409360152e-05
"ENSG00000117480.15",-0.0241459157628783,0.0184021336637319,0.18947766636408
"ENSG00000159658.10",-0.047036214064918,0.0105414046774191,8.11814584589232e-06
"ENSG00000182004.12",-0.00953494477444967,0.00661664215459429,0.149569165942209
"ENSG00000163444.11",0.0106697089915022,0.00693507536669206,0.123923042752874
"ENSG00000158615.8",-0.0176477466881502,0.00713746256189832,0.0134152229361961
"ENSG00000143257.11",-0.00820379773297563,0.00457446368954123,0.0729105750786844
"ENSG00000232586.1",-0.0159162618848475,0.00532371268195927,0.00279258763675483
"ENSG00000228063.1",0.000778037142401331,0.00491180031014053,0.874140334728
"ENSG00000188641.12",-0.00982052662324689,0.00945629985337973,0.299029500286064
"ENSG00000143819.12",-0.00988764322674485,0.00532219697955012,0.0631956680769755
"ENSG00000215704.9",-0.00309214936588628,0.00386638440751905,0.423854393033168
"ENSG00000142657.20",0.0134748266515269,0.00692704737061229,0.0517451093728989
"ENSG00000203325.3",-0.00413284949934358,0.0049660503007562,0.405284422519672
"ENSG00000162377.5",-0.0146306207259295,0.0103437214529458,0.157231409175901
"ENSG00000182183.14",-0.015096794613258,0.00533211108828295,0.00463595291823016
"ENSG00000174332.5",-0.00197765812792061,0.0053768112418427,0.713013083411638
"ENSG00000173218.14",0.0140834349803643,0.00672765359709161,0.0363165788872033
"ENSG00000235933.1",-0.014741345871869,0.00695144737027987,0.0339541868346074
"ENSG00000234754.1",0.000896902199974442,0.00507347394990725,0.859679112987892
"ENSG00000176022.4",0.0216278288023379,0.00897228786012476,0.0159300438447959
"ENSG00000229344.1",0.00351719176620228,0.00651551388930182,0.58932254287634
"ENSG00000184163.3",0.000158614798410726,0.00728807992324709,0.982636536624049
"ENSG00000127054.20",-0.0223680132601956,0.00858570869102453,0.00918042582721379
"ENSG00000269737.2",0.00975538098393747,0.00423320315625539,0.0211950650750331
"ENSG00000189339.11",0.0105180575176659,0.00307501085670407,0.000625074149902205
"ENSG00000230092.7",-0.00704912650321391,0.00759353141242432,0.353248471175962
"ENSG00000240731.1",0.00354377539132611,0.00635024171254469,0.576807768360033
"ENSG00000225880.5",0.00279107105104704,0.00850637117767826,0.742824439857409
"ENSG00000237491.8",0.00529402241570172,0.00629043325878463,0.400012442499763
"ENSG00000237973.1",0.00371685684288131,0.00598076333391065,0.534291323263034
"ENSG00000229393.1",-0.00674063140593829,0.00557521084112859,0.226648960495423
"ENSG00000135750.14",-0.0028919164220953,0.00550296181670387,0.599221762767356
"ENSG00000168275.14",0.0017120884197339,0.00604560855380789,0.777027068669989
"ENSG00000283360.1",-0.00677272595506096,0.00414617632662694,0.102366570794689
"ENSG00000173110.7",-0.00453617868855619,0.0047689049556069,0.341503252782586
"ENSG00000158869.10",0.000536384547099501,0.00702597632715909,0.939146167179504
"ENSG00000215845.10",-0.0385507625759039,0.0143969449826862,0.00741286127727836
"ENSG00000229901.1",-0.00354679702722736,0.00547024897595621,0.516739557810142
"ENSG00000117242.7",-0.00371473873817794,0.0033766908638613,0.271283248787471
"ENSG00000143772.9",-0.030764379477751,0.00624792587650114,8.48211199055982e-07
"ENSG00000143815.14",-0.00608971557392069,0.0116142825838797,0.600049107048153
"ENSG00000143164.15",0.0108526963119076,0.00834642043751041,0.193504497038064
"ENSG00000228057.1",0.00195843533162823,0.00477635807255754,0.681786208987391
"ENSG00000183598.3",0.000206023826037157,0.00753963641878623,0.978200172237845
"ENSG00000143374.16",-0.0120881668958864,0.0100953706347459,0.231151837604142
"ENSG00000163155.11",0.0341800372373944,0.00994587908668063,0.000589058476642368
"ENSG00000228589.3",-0.0131017025051005,0.00544617319127342,0.016142782168273
"ENSG00000180198.15",0.0134313204545706,0.00806760548819497,0.0959434906341334
"ENSG00000180867.10",-0.00418049775769719,0.00524156333727171,0.425121828499952
"ENSG00000278811.4",0.00293138878179782,0.0055346496960795,0.596359435761126
"ENSG00000237188.3",0.00491473173860538,0.00582118868817358,0.398511178860772
"ENSG00000271425.7",0.00259335096424928,0.00591995323130797,0.661335901739784
"ENSG00000196482.16",0.00918320843658933,0.00901704880845437,0.308474946248213
"ENSG00000196505.10",-0.014301152454093,0.0066562772938348,0.0316723791572243
"ENSG00000239494.2",-0.0032437995079588,0.00439034231390792,0.459998765794207
"ENSG00000180287.16",-0.00683074589463163,0.00431834451046118,0.113695840630958
"ENSG00000225938.1",0.00845225867557509,0.00596919853440743,0.156781706780997
"ENSG00000222009.8",0.00418202645171102,0.00973371296841259,0.667454993048485
"ENSG00000150681.9",-0.000846789598601687,0.00800439392119037,0.915748498713249
"ENSG00000179163.11",0.0184722525476752,0.00821349032366213,0.0245116222523118
"ENSG00000260972.1",0.00536189078818451,0.00531186299063706,0.312774148836076
"ENSG00000158292.6",0.00387778493651743,0.00608259602570393,0.523785296284125
"ENSG00000069424.14",-0.0152289769873588,0.00996998291090856,0.126641011620676
"ENSG00000116748.21",-0.00150519024639418,0.00441638031976063,0.733239177370568
"ENSG00000177551.5",-0.0011607106784999,0.0064434952186629,0.857045164501039
"ENSG00000163382.11",-0.0249133000008527,0.00781649480176677,0.00143621324937349
"ENSG00000160783.19",0.0247678023123451,0.0107789401495809,0.021573419700092
"ENSG00000160097.16",-0.00786849511970111,0.00756288036839912,0.298149534139743
"ENSG00000163206.5",0.0198744708819762,0.00502949937286664,7.76367967377789e-05
"ENSG00000229832.1",-0.00942418959835873,0.00553637718651213,0.0887121845610674
"ENSG00000162894.11",0.0199471868916981,0.00886793639217316,0.0244895619813764
"ENSG00000162896.5",0.0109453998917808,0.0075898457927833,0.149271070345839
"ENSG00000188910.7",-0.0250401430513812,0.00924905911200518,0.00678292764409194
"ENSG00000116539.12",-0.00362037113210566,0.0106950561574893,0.734979761003815
"ENSG00000162888.4",-0.00166309781202273,0.0069410608807303,0.810638172686645
"ENSG00000162571.13",0.00822220647391439,0.00637409309356961,0.197071010223499
"ENSG00000228327.3",-0.00498509436140567,0.00725928551198502,0.492259380940289
"ENSG00000235098.8",0.0049874853598067,0.00616618146630428,0.418604279284281
"ENSG00000169972.11",0.0104519580884101,0.00668458804692222,0.117913777083428
"ENSG00000186891.13",-0.00728148116487724,0.00786540649789137,0.354570557282923
"ENSG00000231599.1",-0.00489912069553052,0.0050795503532389,0.334805728288019
"ENSG00000075391.16",0.0151323183042086,0.0077116891872375,0.0497325373123579
"ENSG00000162736.15",0.0214932558366911,0.00783075425277465,0.00605618855184564
"ENSG00000143318.12",0.00225724582510367,0.00479305107645352,0.637682636100741
"ENSG00000057468.6",0.0063918247002869,0.00312168190549391,0.0406033301124956
"ENSG00000122432.17",0.00426201810733138,0.0040125996123233,0.288163586683788
"ENSG00000142875.19",0.0158131903352268,0.0075588207293215,0.036436890033645
"ENSG00000117174.10",0.00382846633149215,0.00389053007483432,0.325092166340672
"ENSG00000171517.5",-0.00519318702127197,0.00683612373834524,0.447452836131628
"ENSG00000162520.14",0.000915680643608469,0.0114940691533993,0.936503307700534
"ENSG00000233461.5",-0.0105687576477923,0.00382563271005356,0.00573400211591535
"ENSG00000137968.16",0.000737918770848455,0.00343116765254828,0.829717845710024
"ENSG00000134247.9",0.00451600539398224,0.00946322854041241,0.633208219343219
"ENSG00000227135.1",-0.00459967427126823,0.0034358064500936,0.180653173789585
"ENSG00000000971.15",-0.0172806019434185,0.0116259808947383,0.137179172133922
"ENSG00000198929.12",0.00245263593256765,0.00435878597172804,0.573647455159654
"ENSG00000072694.20",0.00821294594315016,0.00575659774592944,0.15366598796524
"ENSG00000223382.4",0.0138712279563107,0.00648045505146799,0.0323166989363057
"ENSG00000069712.12",0.0195598609182268,0.00814783113889977,0.0163672435326319
"ENSG00000121764.11",-0.00757372224924924,0.00414874982299346,0.067919090244694
"ENSG00000229657.2",-0.00455665385492466,0.00491777556743978,0.354150835447379
"ENSG00000143575.14",-0.0407385109769004,0.0100868704938724,5.3733104273701e-05
"ENSG00000203786.6",0.0133686657452952,0.00474630320165846,0.00485276684235625
"ENSG00000203782.5",0.00225748812740092,0.00570604847089664,0.692377463000881
"ENSG00000160741.16",-0.02388904782189,0.00852359681808846,0.00506774660401355
"ENSG00000163207.6",0.01115315863365,0.00489877118863523,0.0228026063116437
"ENSG00000122224.17",-0.00394661532481186,0.00676050726880466,0.559371680833677
"ENSG00000228863.8",-0.00722389202407335,0.00527615666419742,0.170949896330712
"ENSG00000162639.15",0.00524580083738496,0.00589656187482469,0.373660720952276
"ENSG00000092969.11",0.00492659906808657,0.00826804181095584,0.551268460029075
"ENSG00000133019.11",-0.00484543201723112,0.00384443272516198,0.20753363550233
"ENSG00000239887.4",0.00482060110072075,0.00652834408803181,0.46026473082089
"ENSG00000162746.14",0.00402359690842239,0.00357402702851408,0.260255244773051
"ENSG00000230368.2",0.00284931407182341,0.00486117646431175,0.557783635946822
"ENSG00000116670.14",0.00290906703211775,0.00805754601369776,0.718072271019339
"ENSG00000232626.3",-0.00127891330240382,0.00417561363154832,0.759390306192375
"ENSG00000117528.11",-0.00258377210250798,0.00542214699719675,0.63370256785753
"ENSG00000076864.19",-0.0224301691585367,0.00807600009458681,0.00547980682336413
"ENSG00000163563.7",-0.00129655955202282,0.0080421764257825,0.87192014230706
"ENSG00000236358.1",0.00877679112886231,0.0042475319731401,0.0387975885658107
"ENSG00000273544.1",0.00611041399787885,0.0063978274396,0.339539062663567
"ENSG00000188060.7",-0.00385006146672062,0.00602363608954905,0.522719474506751
"ENSG00000158161.15",-0.00701707683891787,0.00668558583147713,0.293909903595294
"ENSG00000142748.12",0.0239536551914972,0.00916996468851314,0.00899652410714358
"ENSG00000162419.12",0.00760036349459699,0.00541113125000434,0.160146385276738
"ENSG00000232134.1",-0.00246899916178881,0.00509494713629426,0.627961815445744
"ENSG00000132677.12",-0.00452311329028569,0.00640988819335451,0.480408181511909
"ENSG00000143321.18",-0.0127525065423072,0.00965710052080489,0.186657587946503
"ENSG00000196352.14",-0.0160542304444756,0.00720652305281363,0.025898128535041
"ENSG00000143479.15",-0.000392231840636673,0.00639648014822096,0.951104403172988
"ENSG00000130762.14",-0.00365985906151896,0.0090491924065044,0.68588889154964
"ENSG00000142920.16",0.000678041795481757,0.0089667292409483,0.939723400287733
"ENSG00000049239.12",0.0194772582951398,0.00574826741574674,0.000703092853486909
"ENSG00000143476.17",0.00426674936721312,0.00786727212499277,0.58758316641268
"ENSG00000171161.12",-0.0171753396835157,0.00920282414431952,0.0619977489122514
"ENSG00000171357.5",-0.00954120034453517,0.00636859884774613,0.1340908576232
"ENSG00000162627.16",-0.0185217513045163,0.0142087421052489,0.192388365744966
"ENSG00000196890.4",0.00781217397870567,0.00526173958506734,0.137619825530202
"ENSG00000181218.5",0.00200151614128621,0.00596355231960234,0.737153809089748
"ENSG00000181873.12",-0.0179748668716761,0.00646648327598291,0.0054409569955377
"ENSG00000143740.14",-0.00657040513769856,0.00744792752472599,0.377680024894759
"ENSG00000270728.1",0.00270969152772647,0.00345492954932207,0.432865749528069
"ENSG00000076258.9",0.00711361485981092,0.00461824076945853,0.123479931764678
"ENSG00000117523.15",-0.000354415163412532,0.00639557251045397,0.955807283800622
"ENSG00000185031.6",-0.00275151106181968,0.00523989253737171,0.599507906630611
"ENSG00000143324.13",-0.00133428438857188,0.00877891107420893,0.879196826858714
"ENSG00000116885.18",0.0083644632369499,0.00621609117689047,0.178426830578778
"ENSG00000231615.2",-0.00761984932112906,0.00748689196902638,0.308792650892041
"ENSG00000162600.11",-0.00257377738729413,0.005765099031975,0.655278620626293
"ENSG00000169905.12",0.018799877271017,0.0071949360358093,0.00897692099310821
"ENSG00000121454.5",0.0183698701702449,0.00746115714898624,0.0138138788002332
"ENSG00000171729.13",-0.00274873808069658,0.00641355531721308,0.668227025454339
"ENSG00000162595.5",-0.0133569421583891,0.00644367306707366,0.0381837213582212
"ENSG00000225762.1",-0.000944037202112143,0.00398591162178307,0.812778214457996
"ENSG00000224805.2",-0.0161164856803697,0.00428025339485977,0.000166341832043115
"ENSG00000186197.13",-0.00687995740489152,0.00853668580919979,0.420284143556366
"ENSG00000236030.1",0.00926150640680735,0.00533962190688385,0.0828316564603551
"ENSG00000265107.2",-0.0223654769123312,0.00715374491530608,0.00176959935213794
"ENSG00000143753.12",-0.0189654441524725,0.00960573987174798,0.048337799758967
"ENSG00000241975.1",-0.00369348283753069,0.00622252553923849,0.552802078548369
"ENSG00000117322.17",-0.014347013213589,0.00478281630586757,0.00270245796281687
"ENSG00000116251.9",0.00719089658158226,0.0105974374516993,0.497422709912829
"ENSG00000116273.5",0.0019574972019813,0.00866736565171845,0.821320539813636
"ENSG00000188396.3",-0.00254472762993737,0.00604895987060374,0.673982586865715
"ENSG00000117472.9",0.0298994144203626,0.0123172771470181,0.0152059270834159
"ENSG00000208024.1",-0.00128154138035674,0.0042043789785477,0.760510027176323
"ENSG00000182866.16",0.00230141439481429,0.0094505028522236,0.807600303582422
"ENSG00000229167.1",-0.00542947030331295,0.00629686661852218,0.388550217378927
"ENSG00000228634.1",0.00904962806974779,0.00681080828317348,0.183941774776756
"ENSG00000231064.7",0.0220542765311927,0.00633501899467764,0.000498934834655795
"ENSG00000163346.16",-0.0706785566597029,0.00825483888985058,0
"ENSG00000163354.14",-0.0151290004704361,0.0123919472939235,0.222133907013127
"ENSG00000243364.7",0.0269687290455003,0.0102716607822101,0.00865098425002453
"ENSG00000228013.1",0.00710278954886025,0.00499066943049929,0.154674189570117
"ENSG00000173846.12",-0.00223914879539872,0.0117730523023526,0.849158118576984
"ENSG00000158769.17",-0.00141857573693371,0.00983097045480842,0.885266252930271
"ENSG00000158850.14",0.01010856100303,0.00794721154831747,0.203386178153163
"ENSG00000261060.1",0.00543554119441975,0.00457314196251727,0.234605315874753
"ENSG00000097046.12",0.00131606729933468,0.00621297040677456,0.83224295574343
"ENSG00000186160.4",-0.0100352282066293,0.00671263150407501,0.134920503208209
"ENSG00000235145.2",-0.00827909331261245,0.00562782065502724,0.141263770093822
"ENSG00000151414.14",0.00954773016457436,0.0134519408587989,0.477849260643011
"ENSG00000203724.10",0.0228369516397027,0.00662566158900994,0.000567388384228429
"ENSG00000117707.15",-0.00580292790038096,0.00544084501478808,0.286175533247132
"ENSG00000251520.1",0.00221204538356099,0.00442444177635644,0.617103008524987
"ENSG00000226167.1",-0.0192961247730675,0.00554214690696411,0.000498230847059911
"ENSG00000143183.16",0.0056078406052269,0.00863419028101306,0.516020184358078
"ENSG00000187952.9",-0.000553559200709394,0.00489983669587548,0.910050351140481
"ENSG00000133216.16",0.0110179660836573,0.00580637463505665,0.0577535721710387
"ENSG00000162384.13",0.0122186317081515,0.00822414852905413,0.137358032499565
"ENSG00000134748.12",0.000250995741317262,0.0131019140827958,0.984715715831079
"ENSG00000228407.2",-0.000395114662028614,0.00449631995938119,0.929975930385623
"ENSG00000116793.15",-0.0245312501261839,0.00642996085722507,0.000136101524174537
"ENSG00000226374.2",0.00857593270256701,0.00332894352698258,0.00999007989111411
"ENSG00000237101.1",0.00889925044602162,0.00744111585190415,0.231713557103878
"ENSG00000116962.14",0.00221786563818727,0.0119852445738232,0.853190071682465
"ENSG00000224358.1",-0.00532150290695618,0.00393967827256127,0.176776954662443
"ENSG00000065600.12",-0.00860671002240453,0.0049624236696996,0.0828513367043132
"ENSG00000117625.13",0.0160283332756875,0.00933276979148016,0.0859015252304897
"ENSG00000155366.16",-0.0242349550167599,0.00836456661945682,0.00376347161544544
"ENSG00000272579.1",0.0218571229442687,0.00963012302777265,0.023228107191674
"ENSG00000134245.17",-0.021819280925481,0.00713998878804596,0.00224366251334185
"ENSG00000162923.14",0.00821295706708543,0.0130920371371042,0.530446475924378
"ENSG00000204859.12",-0.00799881509395939,0.00898217675247603,0.373186312795689
"ENSG00000227066.1",0.00146327574588346,0.00356630889517911,0.681581942003276
"ENSG00000244038.9",-0.00594332967064113,0.00929266517680327,0.522450805539666
"ENSG00000189410.11",-0.00501739490180531,0.00594855927645234,0.398969057199737
"ENSG00000162885.12",-0.00663187271199804,0.00803098515733248,0.40892566651899
"ENSG00000170385.9",0.0024949689924898,0.00552170481268078,0.651378785554493
"ENSG00000203684.5",-0.0121387928951983,0.00525333406316363,0.0208503374373453
"ENSG00000272084.1",0.0048289198352013,0.00480579779053023,0.314987730676194
"ENSG00000197965.11",0.0159397284123942,0.00837186107768823,0.0569147747466807
"ENSG00000117009.11",0.000846636960154695,0.00496549476998258,0.864613750888507
"ENSG00000182901.16",0.00518311097284823,0.0029173573723159,0.0756265209578644
"ENSG00000158714.10",-0.0032379062896327,0.0058096616034383,0.577301090007833
"ENSG00000018625.14",0.00855909804513109,0.00896826962364633,0.339893533350149
"ENSG00000116957.12",-0.00314025607913217,0.00542175435281643,0.562457222576532
"ENSG00000171385.9",0.00591476075118457,0.00529477733765536,0.263954397601467
"ENSG00000155380.11",0.0197035079072293,0.00680465222272117,0.00378442065907436
"ENSG00000155367.15",0.00525472874172191,0.00433936367984435,0.225916661985398
"ENSG00000238198.1",-0.00149584268501732,0.00503349245310044,0.766330698200641
"ENSG00000162409.10",-0.0110303190351465,0.0054356821000212,0.0424335611110427
"ENSG00000224986.2",-0.0120475824742884,0.00427483864870161,0.00482855479960675
"ENSG00000135775.13",-0.00769274157523406,0.0062516133049106,0.21850206089071
"ENSG00000177173.5",0.00469496066478748,0.00487150489104339,0.335166356684948
"ENSG00000156869.12",-0.00271562678215412,0.00793585890081813,0.732202673680953
"ENSG00000179397.17",0.00187150996403523,0.00474659708446784,0.693370957994362
"ENSG00000035687.9",0.00266490995670187,0.00699607753575518,0.703266419065493
"ENSG00000250536.1",-0.0069504840474411,0.00391150131371672,0.0755789155936092
"ENSG00000235749.2",0.00713401910260669,0.0061985051210572,0.249762786718447
"ENSG00000117691.9",0.0200573019572298,0.0100119676369649,0.0451415920101628
"ENSG00000163374.19",-0.00302692417545665,0.00725746193470386,0.676621712177766
"ENSG00000163534.14",0.0085918261582105,0.00468980699256993,0.0669482518801847
"ENSG00000228058.1",0.00634123856037263,0.00426092618375166,0.136690224290941
"ENSG00000261135.1",0.00633501979425155,0.00542371604366443,0.242797880956253
"ENSG00000187889.12",-0.00807185031253528,0.00567185012924383,0.154694883927033
"ENSG00000126107.14",0.01629131167409,0.0123841412869561,0.18834262759271
"ENSG00000117419.14",0.0334638489297972,0.012156284228547,0.00590875403984137
"ENSG00000215795.2",0.00292478853859304,0.00407456222969518,0.47287035656295
"ENSG00000221953.5",0.00257528657830402,0.00495132009880709,0.602979099380555
"ENSG00000271329.1",-0.0164324780610512,0.0050037154644487,0.0010232485887145
"ENSG00000162688.16",0.0151970747372825,0.00838272923577576,0.0698467879225252
"ENSG00000234810.2",-0.00530212138417178,0.00524005006469099,0.311611903003203
"ENSG00000152078.9",-0.00376514506142978,0.00778936658518075,0.628833142443494
"ENSG00000227230.1",0.00238920281723156,0.00502656713786582,0.634562460948281
"ENSG00000121753.12",0.00374825429586068,0.00927965967539251,0.686270426564456
"ENSG00000213057.5",0.0145497265748495,0.00748526651761298,0.0519217412061201
"ENSG00000143811.18",-0.00426304834100274,0.00954844702789733,0.655261318314543
"ENSG00000123684.12",0.00565269455103191,0.00741054260984445,0.4455881022619
"ENSG00000116299.16",0.0110705798070775,0.0128781367443904,0.389986733256523
"ENSG00000143028.8",0.00947341927765628,0.00709694488500409,0.181922566922498
"ENSG00000116337.15",0.0173017656285019,0.00672302034086239,0.0100672497360766
"ENSG00000116266.10",0.00585715365514515,0.00902522307396063,0.516353854296461
"ENSG00000162650.16",0.0100267674287565,0.0067628526816053,0.13817434742219
"ENSG00000184371.13",-0.0114998258856736,0.00930526254205319,0.216517634703613
"ENSG00000143537.13",0.031929619397534,0.00720639203064534,9.39120780607539e-06
"ENSG00000185495.10",0.0102182104577064,0.00506780198360665,0.0437685877447846
"ENSG00000203697.11",-0.00113389436628271,0.00438405320531751,0.795912516737542
"ENSG00000162946.21",0.00870957958577393,0.00537287264049951,0.105011530251778
"ENSG00000169224.12",0.00721958055826849,0.00406798201656688,0.0759420393782191
"ENSG00000269890.1",0.0114338790755315,0.00536779207753694,0.0331642014620054
"ENSG00000263528.7",-0.010160243835939,0.0094177640100988,0.280659849978753
"ENSG00000123838.10",0.00715770017445967,0.00420026445344824,0.0883610938914282
"ENSG00000158711.13",-0.0278868400241607,0.00816476089867882,0.000636621900622303
"ENSG00000282057.1",-0.0124116498710855,0.0048621936872473,0.0106896062034034
"ENSG00000143845.14",0.00441744717366644,0.00555754607643934,0.426697446324109
"ENSG00000135842.16",0.0112814289824151,0.0122856725739074,0.358483304983818
"ENSG00000143297.18",0.00875759319175613,0.0063464210131534,0.167609341608563
"ENSG00000116641.17",-0.0068121544165136,0.0062326718058814,0.274404779993877
"ENSG00000116991.10",-0.0137504262120619,0.00688830806251341,0.0459123840115263
"ENSG00000143546.9",-0.0366542385604169,0.00787820737190273,3.2775733787016e-06
"ENSG00000272654.1",-0.003661609850238,0.00724622725862767,0.613339302739014
"ENSG00000196154.11",0.025467652238512,0.0104858475747519,0.0151503780553846
"ENSG00000273264.1",0.00195359750056924,0.00554643427262764,0.724668895546825
"ENSG00000269956.1",0.000267806330710368,0.00593040705092792,0.963981235592474
"ENSG00000116688.16",0.00927416766739282,0.0110095954599986,0.399580130780762
"ENSG00000116560.10",0.00547369840053746,0.00952609870047447,0.565561703847149
"ENSG00000054282.15",-0.00401381131591984,0.00356820734554336,0.260639147300187
"ENSG00000143702.15",0.00127396960267113,0.00790190439466211,0.871917679940258
"ENSG00000235449.2",0.00881021413167552,0.00316546502011547,0.00538207989402473
"ENSG00000126709.14",0.0146290672882535,0.00563864826046447,0.00947484387694297
"ENSG00000269971.1",-0.0143857140129081,0.00692312655500131,0.0377165833117443
"ENSG00000000938.12",0.0199752932043338,0.00882734835642166,0.0236426464458663
"ENSG00000158109.14",0.019559101121108,0.00607709742591322,0.00128865702419101
"ENSG00000132676.15",0.0549251201011712,0.0108843301466681,4.50550814212747e-07
"ENSG00000211581.1",0.0063807798427626,0.00462383504658245,0.167594137651941
"ENSG00000232499.2",0.00780423004048171,0.00357082233603659,0.0288481486000387
"ENSG00000134198.9",0.0130655907291084,0.0117099377227405,0.264520835410789
"ENSG00000170498.8",-0.00740924381920375,0.00454903532437454,0.103365835312156
"ENSG00000188770.9",0.00212363681006323,0.00463297383360555,0.646683448087107
"ENSG00000142961.14",-0.00986247832464124,0.00756158099567181,0.192135451620909
"ENSG00000162702.7",-0.00990766981360748,0.00579063002122281,0.0870842419289815
"ENSG00000162543.5",-0.011035013645441,0.00923046217686471,0.2318919006719
"ENSG00000117215.14",-0.0060747316419788,0.00458838691965674,0.185524227233585
"ENSG00000240929.2",0.0105617564088849,0.0195455366650673,0.58894419400488
"ENSG00000116353.15",-0.00410722410718987,0.00621490045703523,0.508697457292743
"ENSG00000084072.16",0.0117185166511466,0.00244693662460156,1.67567674635993e-06
"ENSG00000090621.13",-0.00707371779173409,0.0073008989312492,0.332603504590011
"ENSG00000242193.10",0.0155061333539254,0.00830622827992074,0.0619284057466332
"ENSG00000273062.1",0.00265424526291004,0.00540756433462681,0.62354008930483
"ENSG00000233328.3",-0.00087994253279441,0.00496987609507079,0.859465011060508
"ENSG00000227868.5",-0.00223361366713762,0.00494761750413111,0.651663543226255
"ENSG00000234518.2",0.013607822581273,0.00909408731651179,0.13456576477589
"ENSG00000225300.1",-0.000604335022420027,0.00321109008963263,0.850717951892775
"ENSG00000134686.18",-0.02054980925774,0.011953470503839,0.0855870557116722
"ENSG00000158966.13",-0.018060069020497,0.00735235980980545,0.0140351070765954
"ENSG00000203859.9",0.000772813573934201,0.00472444233513926,0.870063573879817
"ENSG00000143179.14",0.00537744327124846,0.00674367805644102,0.425215798609588
"ENSG00000223599.1",0.00754957628601699,0.00427585537554782,0.0774580315248459
"ENSG00000086619.13",0.00556365681248057,0.00514800521700249,0.279812641693092
"ENSG00000229994.1",-0.000971563233533002,0.00479597014260291,0.839464040364634
"ENSG00000121904.17",0.00336226027312417,0.00619131257229653,0.587087817372147
"ENSG00000196449.3",-0.00314933705134041,0.00798968252390948,0.693451477463275
"ENSG00000163875.15",0.0236630442680079,0.00768066641610058,0.00206404906055035
"ENSG00000197982.13",-0.00366037207773414,0.0101986292796673,0.719663735698304
"ENSG00000137960.5",0.00366656188239899,0.00670348869657297,0.584403988605265
"ENSG00000234694.1",-0.0176278926323249,0.00865686293706511,0.0417211367118666
"ENSG00000143365.17",0.0507166300772635,0.00986112160597458,2.70256924617129e-07
"ENSG00000143412.9",0.0639849344193952,0.0083990005810677,2.57571741713036e-14
"ENSG00000159409.14",-0.0340292496333692,0.00667644207590029,3.45235464438431e-07
"ENSG00000269489.1",0.00445700375350375,0.00861729096409062,0.60500514191251
"ENSG00000213171.2",0.0254284640990135,0.00593590572056028,1.8369590680356e-05
"ENSG00000116678.19",0.0147357172904574,0.00914867159016467,0.107246270776508
"ENSG00000011007.12",-0.0112372578416215,0.00793257377179628,0.156600873391407
"ENSG00000094963.13",-0.00621318728224967,0.00548061261514147,0.256934439216114
"ENSG00000116133.11",-0.0172625199385368,0.0080737988996853,0.0325093263361894
"ENSG00000162391.11",0.00486369419173179,0.00399462563847742,0.223391432142626
"ENSG00000197852.9",0.00400211562914388,0.00560520313108226,0.475227113975005
"ENSG00000233337.1",-0.000444580627912435,0.00419980167988177,0.915695391653377
"ENSG00000186377.7",0.000885537376765414,0.00710603583180362,0.900826266835032
"ENSG00000235563.1",-0.0033857472715896,0.00747732313519518,0.650691284689214
"ENSG00000058804.11",-0.00383996576469974,0.00792316061987172,0.627924105067195
"ENSG00000162630.5",0.0182210684648506,0.00905929594486097,0.0442925371880799
"ENSG00000232628.5",0.00855045109181548,0.00424572464290309,0.0440203740498548
"ENSG00000122482.20",-0.0209141512611804,0.0127983142381948,0.102230867645819
"ENSG00000203685.9",0.00957834330418175,0.00621933753061659,0.12353826938091
"ENSG00000227962.1",0.000928551151416006,0.00377561093685355,0.805733313252462
"ENSG00000143514.16",0.0138670962802057,0.00918835930716937,0.131247001419199
"ENSG00000009307.15",-0.0183565741205968,0.0106781972596517,0.0856015318620921
"ENSG00000215808.2",0.00770319843401208,0.00300756287894857,0.0104288487587152
"ENSG00000171786.5",-0.0079398571382923,0.00528701634303201,0.133157759528236
"ENSG00000092978.10",-0.00193883572812246,0.00604617723801791,0.748459472139656
"ENSG00000159189.11",0.00199471640720276,0.0063524759798422,0.75351638195007
"ENSG00000169474.4",0.00189279620412418,0.00418750108655903,0.651261118146907
"ENSG00000143556.8",-0.0103352371766342,0.00427424260077078,0.0156048871256211
"ENSG00000117020.16",-0.0154918368694628,0.00997060068597183,0.120243677150295
"ENSG00000162729.13",0.000549697570907867,0.00633985074080432,0.930905900100778
"ENSG00000158773.14",0.0085512346096974,0.0082697156907984,0.301116457847222
"ENSG00000152092.15",-0.00536148261909437,0.00546215634027415,0.326312290677405
"ENSG00000179639.10",0.00255080281338203,0.00474752773058904,0.591066782477472
"ENSG00000273367.1",0.0171295543197402,0.00461230056837797,0.000204101497058184
"ENSG00000059588.9",0.00398000554631093,0.00725551453203718,0.583314964637272
"ENSG00000237301.1",0.0135421672415703,0.00524995990271829,0.00989491514694074
"ENSG00000237938.5",-0.000527240251118406,0.00450947893242213,0.906924859492693
"ENSG00000228431.1",0.00359622816620142,0.00419422425424081,0.391210649028122
"ENSG00000120370.12",-0.00656648266451835,0.00581067525763418,0.258445796010138
"ENSG00000229913.1",0.00300401703058381,0.00506106087439313,0.552809912887178
"ENSG00000116544.11",-0.000411760770473886,0.00478624619300187,0.931442567332808
"ENSG00000118194.18",-0.000496311556763203,0.00358466707672794,0.889881608565455
"ENSG00000159166.13",0.0107883684300173,0.00776958235381419,0.164972965125694
"ENSG00000185420.18",-0.0144975680704253,0.00474659895908142,0.00225581481413217
"ENSG00000273373.1",0.00172681176460467,0.00843330009025918,0.837758784280797
"ENSG00000227963.1",0.00631812682694502,0.0033933290955725,0.0626135566417473
"ENSG00000241720.2",-0.00662547087991696,0.00316655213682797,0.0364090383841567
"ENSG00000259834.1",0.00473463802366906,0.00503285284146612,0.346834851822116
"ENSG00000187017.15",0.00688503224255879,0.00679040613762405,0.310613642978928
"ENSG00000117280.12",-0.0290496528218806,0.00454442939844867,1.63339120007322e-10
"ENSG00000226419.7",-0.00222690198446894,0.00727551286490766,0.759542374170406
"ENSG00000223519.7",-0.00432447072783308,0.00402832352571492,0.283039555817869
"ENSG00000158747.13",-0.000681461471387815,0.00583593882299011,0.907042467657051
"ENSG00000215859.8",-0.00462839651391232,0.00699185905119073,0.507990853626456
"ENSG00000131781.12",-3.33905031648555e-05,0.00664756983863153,0.995992271526219
"ENSG00000125703.14",-0.000366569603394962,0.0108113589336233,0.97295213316516
"ENSG00000157978.11",-0.00657377387739768,0.00918963413560594,0.474394877294871
"ENSG00000158062.20",0.00613155294186896,0.0110679066321828,0.579583009182966
"ENSG00000176092.14",0.0130068231017119,0.00722588792400027,0.0718557251856391
"ENSG00000158022.6",-0.00619697786849644,0.00549722397457162,0.259618946819281
"ENSG00000142675.17",-0.0492859777399869,0.0148254744938173,0.000886053540105403
"ENSG00000162636.15",-0.00971019424201694,0.00726935945655773,0.181624373262833
"ENSG00000064703.11",0.0133979765275605,0.00534073640648713,0.0121197473888651
"ENSG00000171722.12",0.010216940454771,0.0056499514449727,0.0705561531577384
"ENSG00000116685.15",-0.00962417823826801,0.0118794368200172,0.417851430698715
"ENSG00000196188.10",-0.00877994185028071,0.00480624299299793,0.0677330646001066
"ENSG00000069275.12",0.0381689357837112,0.00579100596072282,4.36662928038345e-11
"ENSG00000162402.13",-0.0086835659447728,0.00568272622083505,0.126496797774933
"ENSG00000146463.11",-0.00614051600209322,0.00835035717263144,0.462120468963941
"ENSG00000132485.13",-0.0233524196652156,0.0118154226226753,0.0481054842831072
"ENSG00000200674.1",-0.00637141732556286,0.00604532268513372,0.29190963557801
"ENSG00000164011.17",-0.0124475170534484,0.0113820662868376,0.274127004387497
"ENSG00000162645.12",0.0254117756622647,0.0104230712893912,0.0147674889420342
"ENSG00000027644.4",-0.0166239856381072,0.00467050644234661,0.000371768183966337
"ENSG00000272205.1",0.00902407187265036,0.0070055681016146,0.197701238806523
"ENSG00000143756.11",-0.00213490151794278,0.00662919160723463,0.747418203162395
"ENSG00000196581.10",0.000715038249434232,0.00479536578331665,0.881466628332609
"ENSG00000143751.9",-0.00524301204852026,0.00920310591623313,0.568880997835774
"ENSG00000233401.1",0.00595427833850969,0.00407162364413665,0.143635939638967
"ENSG00000082512.14",0.00634356010987745,0.00893580100297323,0.477763722899422
"ENSG00000277462.1",0.00150187637224968,0.0051087074926794,0.76877041246788
"ENSG00000117245.12",-0.00782549192591639,0.0047986319992473,0.102937680053365
"ENSG00000162592.9",0.000204484521737548,0.00346000236736146,0.952872831146897
"ENSG00000007933.12",-0.00195212432766248,0.00588733630826009,0.740206249900668
"ENSG00000117305.14",0.00439736030810696,0.0108932918690185,0.68645100257415
"ENSG00000142676.12",0.00546514320023517,0.00882208091123312,0.535597168765114
"ENSG00000211452.10",0.00150104477594866,0.00351320590737738,0.669191535181531
"ENSG00000143147.14",0.016702879047635,0.00914376713068728,0.067745552458058
"ENSG00000227527.2",0.000592769404620006,0.00705889486894411,0.933076454179229
"ENSG00000066322.14",-0.0168924582669586,0.00712255861872403,0.0177072279108449
"ENSG00000203730.2",-0.0116916492599344,0.00465744477308835,0.0120623816965806
"ENSG00000261504.1",-0.00493716808630828,0.00420283506320789,0.240105452429293
"ENSG00000187862.11",0.0160830452644567,0.00602212481046796,0.00757023799519096
"ENSG00000163467.11",-2.58022994085188e-05,0.00545429482046969,0.996225510313924
"ENSG00000185104.19",0.04150946049543,0.0130849214142345,0.00151230149682302
"ENSG00000156097.12",-0.0064808528135452,0.00605494516499887,0.2844660873004
"ENSG00000007908.15",0.00303602537378382,0.00569055886729097,0.593673863924637
"ENSG00000223356.1",-0.000532430713387905,0.00408988753836747,0.896422246915845
"ENSG00000116584.17",-0.0185828722213513,0.0155451429223956,0.231925551101405
"ENSG00000134709.10",-0.0138749099679921,0.00888974808533449,0.118576492284733
"ENSG00000126088.13",-0.0103518785115718,0.010986795211644,0.346084660139364
"ENSG00000272691.1",0.00465591161479413,0.00392989542978095,0.236119526962977
"ENSG00000135823.13",0.0021037419200971,0.00892860742154552,0.813728991982032
"ENSG00000226476.3",-0.023687000412317,0.00696904182087909,0.000676601406060739
"ENSG00000116922.14",-0.00708444520621523,0.00579328628877328,0.221378201112878
"ENSG00000134697.12",-0.0144015616672893,0.00913653988006006,0.114965913218134
"ENSG00000240038.6",0.00877041581734149,0.00883176813602379,0.320684017769628
"ENSG00000185523.6",-0.00588299146089883,0.00398785155195214,0.140151175754222
"ENSG00000055732.12",0.0233384163733764,0.0049729163476354,2.69089870319483e-06
"ENSG00000271576.1",0.00558654433489639,0.0103052076979319,0.587743519670264
"ENSG00000198771.10",0.0149136976960335,0.00768767226710189,0.0523858001865073
"ENSG00000177888.7",-0.00560716848789003,0.00943241658553865,0.552206322591773
"ENSG00000118454.12",-0.015783757572778,0.0113516936542241,0.164397749315768
"ENSG00000066557.5",-0.00188876131289361,0.0101694912529178,0.852657912081184
"ENSG00000142892.14",-0.00420400060723503,0.0114043591110972,0.71240276590642
"ENSG00000162365.11",-0.00253349562452117,0.00511962537610013,0.620699249592576
"ENSG00000143621.16",0.03488882809108,0.0135447006090333,0.0100000184590715
"ENSG00000169241.17",0.0179239232781226,0.0134302165009028,0.182008362688877
"ENSG00000260698.1",-0.00281162358172719,0.00536538282659209,0.60025741235094
"ENSG00000162706.12",-0.00265146036402294,0.0049120670106439,0.589345274490321
"ENSG00000069248.11",-0.000647809641092209,0.0070859545870015,0.927157561709528
"ENSG00000237481.1",0.0107412536899119,0.00561871724859298,0.0559157824176825
"ENSG00000244137.1",0.0114091900250894,0.00343157257494572,0.00088491459605633
"ENSG00000203943.8",0.0194723614771358,0.00614854765370606,0.00154027980060367
"ENSG00000240520.6",-0.00486963330369558,0.00420708323653338,0.247074500680603
"ENSG00000225986.1",-0.00357911984351875,0.00706443923740145,0.612408196932793
"ENSG00000081026.18",-0.0086429067156296,0.00730287555185893,0.236613568541527
"ENSG00000162373.12",0.0159590205060437,0.0100661701611116,0.112872902233557
"ENSG00000219102.3",-0.00381874975994759,0.00331871566078527,0.249867624837505
"ENSG00000235741.1",0.0125684075818107,0.00697550272124006,0.0715780785982346
"ENSG00000143376.12",-0.0117706753887304,0.00771490168362377,0.127082983305955
"ENSG00000234614.1",-0.0103597838539513,0.00470001723750894,0.0275101941538838
"ENSG00000223861.1",-0.00769026145342181,0.00492812892610353,0.118645782204249
"ENSG00000225556.1",0.0174899697922064,0.00882372508250653,0.0474621616785743
"ENSG00000237457.6",-0.0182257345341877,0.00907246168443139,0.0445469652914389
"ENSG00000158859.9",0.00664008202607991,0.00881059177016037,0.451060807430468
"ENSG00000162745.10",-0.0193781848467,0.00736671067348534,0.0085257584754671
"ENSG00000162747.9",0.0044995801619824,0.00397971669530531,0.258211587891742
"ENSG00000122477.12",-0.0101560468180903,0.0048954500451392,0.0380246423659092
"ENSG00000224014.1",0.00551049663362684,0.0030655747055593,0.0722497539706124
"ENSG00000117013.14",0.00811493943508684,0.0113393466798242,0.474210978496358
"ENSG00000229020.4",-0.00657937745599898,0.00531601965642683,0.215845466514709
"ENSG00000273416.1",-0.0014322378403106,0.00355950039274702,0.687411400430674
"ENSG00000272432.1",0.0161001705420791,0.00470475862879888,0.000621386756952336
"ENSG00000236810.5",-0.00314418287994534,0.00631725805386497,0.61868618521904
"ENSG00000233473.2",-0.0026568268764992,0.00355224783323975,0.454503373704495
"ENSG00000142973.13",-0.0184188261317429,0.00864928719740165,0.0332112996346261
"ENSG00000277420.1",0.00415416859357578,0.00690348908751027,0.54734113729902
"ENSG00000274642.1",0.0046516143421247,0.00592105367801509,0.432098442658148
"ENSG00000224259.6",-0.00226028424502249,0.00597448077491165,0.705190567567367
"ENSG00000188004.9",0.00199588980537132,0.00833355899031224,0.810717670643618
"ENSG00000272823.1",0.00272508495872371,0.00352730937895817,0.439778322661965
"ENSG00000279838.1",-0.00783367436490744,0.00601061178060102,0.192469861132605
"ENSG00000143367.15",0.024092621279416,0.00674678495856332,0.000355650645090688
"ENSG00000233396.7",0.0156460590312313,0.0109792385453566,0.154140243631181
"ENSG00000265241.6",-0.012575307446316,0.0186653958533737,0.500487403921381
"ENSG00000264343.5",-0.0188269328721164,0.00799280387907311,0.018498523768155
"ENSG00000261000.1",-0.0104552403155679,0.00347205351256226,0.00260169814487954
"ENSG00000283445.1",0.00171212561762228,0.00480472810145654,0.721584584643526
"ENSG00000066027.11",0.00226183398863234,0.00667264563320052,0.734631506200422
"ENSG00000213625.8",0.0123180982276421,0.0104957847302062,0.240545916908795
"ENSG00000163431.12",-0.0166337808692213,0.0133555195941746,0.212962285497996
"ENSG00000163362.10",0.015211681434865,0.0114585277464061,0.18432932363165
"ENSG00000134369.15",0.000954363295673865,0.00838257404498969,0.90935601722814
"ENSG00000233217.2",-0.00430527242104421,0.0035693844475593,0.227753246706309
"ENSG00000183114.7",0.00308392600069061,0.0042662591737539,0.469763323364718
"ENSG00000162494.5",0.00561209805784914,0.00504894597682684,0.266336608984595
"ENSG00000082497.11",-0.00734497181780675,0.00955685232063853,0.4421572062302
"ENSG00000273384.1",-0.00163404412848166,0.0061443322900288,0.790282861469916
"ENSG00000116717.11",-0.0109763779844843,0.00713501758351423,0.123955399495841
"ENSG00000198892.6",0.00405939094864085,0.00547836792551248,0.458702259568849
"ENSG00000229052.2",0.0119553724921571,0.00497911938870564,0.0163457887707853
"ENSG00000067334.13",0.00781732210547754,0.0110290849322749,0.478453847834831
"ENSG00000026751.16",-0.011697041142932,0.00724093752433525,0.10622318370849
"ENSG00000162396.5",0.0174061946868403,0.00511699197699347,0.000669813686477339
"ENSG00000177674.15",0.00607171858625551,0.00907316493048226,0.503370956110555
"ENSG00000116663.10",-0.000709216017423885,0.00448245889578101,0.874283203539047
"ENSG00000162613.16",-0.00273389328974299,0.00919338407425613,0.766179339428802
"ENSG00000215866.7",-0.00616773050588678,0.00428560460622071,0.150101244327581
"ENSG00000233593.8",0.0128896432200584,0.00708894518639038,0.0690222969370001
"ENSG00000171492.14",-0.00480022739307445,0.00633826995587556,0.448846001124025
"ENSG00000243284.1",-0.0127651852183784,0.00354564498075353,0.000317919341166539
"ENSG00000178965.13",-0.00138118887655819,0.00551947951543599,0.80240254892049
"ENSG00000233894.1",0.00645164942520397,0.005345977770554,0.227500280824409
"ENSG00000186364.11",0.00632387581915789,0.0076640392001041,0.409294296681817
"ENSG00000131788.15",0.0599683162440318,0.020735235485873,0.00382679548557396
"ENSG00000211451.12",0.0364496848973455,0.0170556788216377,0.032589889060785
"ENSG00000117281.15",-0.0294548272668811,0.00859695988157441,0.000612109603627564
"ENSG00000203985.10",0.00195980062282393,0.00665015799343542,0.768223170916477
"ENSG00000184313.19",-0.0044502147493584,0.00542257403542971,0.41182681218321
"ENSG00000272750.1",0.0171845892798833,0.00376433988252719,4.99255483799033e-06
"ENSG00000143185.3",-0.000767844149876899,0.00372919352650271,0.8368683545683
"ENSG00000224837.1",-0.00810532128771979,0.00344749247295107,0.0187191447318441
"ENSG00000024526.16",-0.00181486319931911,0.00379490395609384,0.632481583900498
"ENSG00000232912.5",0.0111327508524113,0.00449444293344246,0.0132490604736402
"ENSG00000142599.17",0.00613320299742201,0.00672346873275276,0.361659152642231
"ENSG00000198160.14",0.0102047217987443,0.00971885714045671,0.293721812069176
"ENSG00000116745.6",-0.00835902114576803,0.0090404281108374,0.355160123343752
"ENSG00000270084.1",-0.000240025818729545,0.00492314619875929,0.96111489624186
"ENSG00000169418.9",-0.0185813829014389,0.00803087966375404,0.0206818831704182
"ENSG00000198841.3",-0.0145883922656172,0.0170724922702973,0.392829708628889
"ENSG00000279778.1",-0.0066356987498322,0.00339449373419018,0.0506017280561889
"ENSG00000271917.1",0.00656289623095672,0.00338162545209943,0.052288370316893
"ENSG00000117425.13",-0.0356537298168594,0.0090925034309107,8.81008347748402e-05
"ENSG00000162415.6",-0.00490987218945535,0.0103423283333642,0.634975388923002
"ENSG00000268043.7",-0.0102340522725169,0.0093848868941173,0.275500782281647
"ENSG00000276975.2",-0.0089120909070181,0.00650487566061087,0.170667167122443
"ENSG00000116903.7",0.00191400762164544,0.0058286605648782,0.742625392189558
"ENSG00000162814.10",-0.0120161653195686,0.00516931958182005,0.0200978628847436
"ENSG00000218283.2",-0.00351216258002878,0.0111250508077508,0.752231315700202
"ENSG00000223776.5",-0.000200335842533147,0.00303512722014243,0.947373249170269
"ENSG00000121957.12",0.00882948413753434,0.0067204864325596,0.188908055046465
"ENSG00000158286.12",-0.0161424850186858,0.0067168883442395,0.0162492594031254
"ENSG00000280099.1",0.00469433477592025,0.00665994849462589,0.480897039791274
"ENSG00000142871.16",0.00665780017957215,0.00517942892340098,0.198641600923699
"ENSG00000162642.13",0.0100333440313993,0.00743395847663823,0.17712387565703
"ENSG00000225905.1",-0.000870200126141891,0.00688588799047737,0.899435546786042
"ENSG00000215014.4",0.00651065266757614,0.00565472508687185,0.249582097889553
"ENSG00000217801.9",-0.00650094691073086,0.00702273859326338,0.354602071103569
"ENSG00000187961.13",0.0193483557864902,0.00782037404636194,0.0133573815883007
"ENSG00000237330.2",0.00191237367111291,0.00755051353327312,0.800053937362188
"ENSG00000187583.10",0.0196847550856259,0.00855934353110594,0.021459706879068
"ENSG00000241860.6",-0.0170037132624752,0.00842864234616168,0.0436566303565076
"ENSG00000272512.1",0.0131497689711622,0.00471544915447099,0.00529271326886638
"ENSG00000277007.1",0.0331285954971409,0.00803792602488246,3.76355859250666e-05
"ENSG00000227733.9",0.000528379066350988,0.00579764584018108,0.927383867879873
"ENSG00000116883.8",-0.00582543426784325,0.00723737561244032,0.420871755794448
"ENSG00000163874.10",0.0219916069530035,0.0049003365038772,7.19709277463565e-06
"ENSG00000233621.1",-0.019117933837313,0.00770425635086948,0.0130839206223797
"ENSG00000054118.13",0.00872959376278589,0.0107953621951039,0.418720539934737
"ENSG00000143437.20",-0.0615232148760768,0.00918452591895815,2.10464978778191e-11
"ENSG00000224800.1",0.0168213813879538,0.0049400760580927,0.00066143339653757
"ENSG00000264207.1",-0.0527498788317068,0.00821748165770478,1.36968214548006e-10
"ENSG00000143452.15",0.00182379423854325,0.00456218098725641,0.689330587715336
"ENSG00000232671.5",0.0297559022122315,0.00526430469907419,1.58232240643486e-08
"ENSG00000220323.3",0.000845497501232128,0.0103367056875347,0.934809219846581
"ENSG00000203747.10",-0.00177707302195937,0.00651965955017805,0.785182664918857
"ENSG00000160714.9",0.0120405914896417,0.00909394757591859,0.185495561858324
"ENSG00000224550.1",-0.00446819986466014,0.00397498721518775,0.260979490762019
"ENSG00000236021.1",-0.00312310304251564,0.00448466517034479,0.486180845516549
"ENSG00000143469.18",-0.00508453744112455,0.00463893128535152,0.273053422025527
"ENSG00000236136.1",-0.0110771103843947,0.0061329401361451,0.0708923521451099
"ENSG00000052723.11",-0.00124096720272686,0.00614469342503407,0.839949913925963
"ENSG00000198857.3",-0.00778261660738548,0.00636175232176466,0.221199493747991
"ENSG00000065183.15",-0.0331467288615509,0.0117637498224965,0.00483688393314163
"ENSG00000213064.9",-0.00757983847393579,0.00541451636688395,0.161540112539894
"ENSG00000116918.13",0.00870851686440945,0.00787512537468304,0.268801923115154
"ENSG00000173409.13",-0.00157698352036766,0.00653464524277405,0.809302019717269
"ENSG00000236480.1",0.00837070368672845,0.00440121182078526,0.0571830727711488
"ENSG00000116752.5",0.0147437229625402,0.00737271556405508,0.0455252877506631
"ENSG00000174502.18",0.00916742310410862,0.00387248145603059,0.0179171794786149
"ENSG00000069812.11",-0.0139390412786059,0.00600126252541873,0.0201960911522551
"ENSG00000224965.1",-0.00705480545812769,0.00435004071826292,0.104850638423292
"ENSG00000085433.15",-0.0241915760467275,0.0107746628176858,0.0247534911430136
"ENSG00000143382.14",0.00387653925279691,0.0127513818028966,0.761120770256885
"ENSG00000143443.9",0.0200155477392853,0.0103727263533097,0.0536524145861665
"ENSG00000163154.5",0.036067119623913,0.0150017995503419,0.0162085146536779
"ENSG00000203804.4",-0.0235603131025978,0.00535931996443984,1.10193612139486e-05
"ENSG00000264522.5",-0.048031438193709,0.0186838515868354,0.010147970239302
"ENSG00000159208.15",0.00127573408704368,0.00975451622171382,0.895946226041259
"ENSG00000143379.12",0.0553991489811131,0.00881652429147336,3.30908966894583e-10
"ENSG00000143434.15",0.0372626595542701,0.00841749696623041,9.56369117044442e-06
"ENSG00000163156.11",0.0273071340132296,0.0102173463203833,0.00752603557023446
"ENSG00000223945.2",0.0415312880775163,0.00680650137607318,1.0494055624477e-09
"ENSG00000118292.8",0.0321751660728158,0.0128259965110011,0.0121214098977733
"ENSG00000023902.13",0.0634562859438068,0.0285630426193248,0.0263088569116079
"ENSG00000143416.20",0.00676757890996105,0.00920598912114199,0.462261639825851
"ENSG00000250734.2",0.00964554287254904,0.00759563824949631,0.204127670430278
"ENSG00000143390.17",-0.0107371391136692,0.0130755743674386,0.411555117073295
"ENSG00000272196.2",-0.0445309694463475,0.00837145712720006,1.04120925992213e-07
"ENSG00000261716.1",-0.0278525726692748,0.00969697818687851,0.00407503606915427
"ENSG00000143409.15",0.035382367287473,0.00896789056403376,7.96501236138836e-05
"ENSG00000143458.11",0.0593301285326431,0.0099987041819392,2.96035274072182e-09
"ENSG00000136631.12",0.10427602106565,0.0169044240232872,6.8912964223955e-10
"ENSG00000253047.1",-0.0143941017233381,0.00567773991405918,0.0112389048186827
"ENSG00000184678.10",-0.016080838436759,0.0140503177925787,0.252408971217518
"ENSG00000213190.3",-0.0101963646550606,0.00731449200402586,0.163319140375868
"ENSG00000159164.9",-0.0513547648925236,0.0125155861219696,4.07360426969428e-05
"ENSG00000143398.19",0.0516985942476686,0.010454538713891,7.61102112334378e-07
"ENSG00000261168.1",0.00246372803690921,0.00583619788097222,0.672918397991792
"ENSG00000143373.17",0.0825887693690711,0.0168035786129001,8.88045635805135e-07
"ENSG00000203814.6",0.0227082789235504,0.0144936227345909,0.117166757889862
"ENSG00000143363.15",0.00956104868095062,0.00696918861725351,0.170093729768861
"ENSG00000143369.14",-0.00573192403149811,0.0114289990174738,0.61600197729071
"ENSG00000203819.6",-0.0242583683161365,0.0124051259012552,0.0505227087391261
"ENSG00000014914.20",0.0804427400547063,0.0275504651061594,0.00350219703939647
"ENSG00000233355.6",-0.00130969225981045,0.0044576773715876,0.768906166808156
"ENSG00000243960.1",0.00973604760846186,0.00347486528773776,0.00508106598996461
"ENSG00000162777.16",-0.0183670835709174,0.00881710403243132,0.0372403093278537
"ENSG00000197147.13",0.00280151011643903,0.00710297100070717,0.693275522344426
"ENSG00000177301.14",0.00727245631828837,0.0057507097836773,0.20600797226511
"ENSG00000143158.10",-0.0111460015464434,0.00899795604081547,0.215447009185965
"ENSG00000134716.9",0.0069112795580188,0.00397581782771009,0.0821528535283202
"ENSG00000117697.14",-0.0214389165570114,0.00782775432256999,0.00616575713538881
"ENSG00000162772.16",0.0119690931198626,0.00707269955167192,0.0905897667812459
"ENSG00000162889.10",0.0768625564442494,0.015428922972243,6.3021954455067e-07
"ENSG00000231252.2",0.000963348524260018,0.00395406318471381,0.807513452205276
"ENSG00000162892.15",0.00162071285624205,0.00905135756452027,0.857892604826329
"ENSG00000196878.14",-0.00144362138598203,0.0128898126976611,0.910825721698847
"ENSG00000243725.6",0.00341623636256558,0.00512362505259981,0.504924433874993
"ENSG00000196182.10",0.0101880811785583,0.0120456421139668,0.397670019211155
"ENSG00000224616.1",-0.0020983653286497,0.0076691996731115,0.784384788614246
"ENSG00000239636.1",-0.00352701530965849,0.00472875871919036,0.455749009801749
"ENSG00000172380.5",-0.00353510261691565,0.0129956491383278,0.785605094711452
"ENSG00000225265.1",0.0141035032791507,0.00579550006489922,0.0149525387870465
"ENSG00000143507.17",-0.0117677605548534,0.00694562096681152,0.0902138977526602
"ENSG00000183386.9",-0.0188381944447465,0.00523024828150585,0.00031604791659523
"ENSG00000183520.11",-0.0109385358789586,0.00913856789694188,0.231320625419212
"ENSG00000228436.2",0.00338307183446475,0.00431751420196544,0.433292841108578
"ENSG00000244414.6",0.00485413817903942,0.00606158038491006,0.423245088543285
"ENSG00000137965.10",0.00307712605961976,0.0068698410269079,0.654212313514633
"ENSG00000116661.9",-0.0155524096772819,0.00462531724047174,0.00077253406148059
"ENSG00000120942.13",0.0277167759523754,0.00878166144509008,0.00159833222251038
"ENSG00000009724.16",-0.00589257368150813,0.00767252767395105,0.442481576644663
"ENSG00000077585.13",-0.00334328107564165,0.00573659927612988,0.560028999180665
"ENSG00000270231.3",-0.0122979669632988,0.00521210726805861,0.0182995821515444
"ENSG00000277916.1",-0.00380747406750006,0.00476085679441738,0.423858232309874
"ENSG00000226015.2",0.00522612776150338,0.00753755318355622,0.488092823653252
"ENSG00000121933.18",0.00406905671786571,0.00441487744847138,0.356701132921094
"ENSG00000181036.13",0.00394486205438703,0.00490055913309259,0.420830047882942
"ENSG00000169598.15",-0.00104677896751156,0.00478363815473344,0.826786477740982
"ENSG00000281937.1",0.00176434773752394,0.0042653485899527,0.679132803560978
"ENSG00000162385.10",-0.0023532694526197,0.0119703331046611,0.844146980132097
"ENSG00000143631.10",-0.000117415824153078,0.00335168357484134,0.972054308636331
"ENSG00000143520.6",0.00863080545072482,0.00582828518539787,0.138647037073668
"ENSG00000237975.6",-0.003847354004892,0.00266783362223788,0.149266643902302
"ENSG00000197915.5",0.00964897295622798,0.00307508343319704,0.00170225483285269
"ENSG00000143442.21",0.0109050062548962,0.0124135837651049,0.379686730582496
"ENSG00000153207.14",0.0053014301923911,0.0080469953946315,0.510018650406174
"ENSG00000272420.1",0.00696823639004412,0.00366232775719793,0.0570823626447843
"ENSG00000224387.1",6.47001127578952e-05,0.00507253034040663,0.989823260215649
"ENSG00000272161.1",-0.00547722279344972,0.00505384882594712,0.278465644539693
"ENSG00000205116.3",0.000110377635129379,0.004201281303331,0.979040089382219
"ENSG00000187730.8",0.00910461008063271,0.00436313932455099,0.0369142817229497
"ENSG00000116151.13",-0.00123889120823133,0.00527666243489445,0.814374136916215
"ENSG00000269896.2",-0.00485668739163675,0.00691734491677157,0.48261504214292
"ENSG00000182873.5",0.00081633870645571,0.00711247763181176,0.908623009798307
"ENSG00000228037.1",0.00487325279380561,0.00380896933704215,0.200750927693184
"ENSG00000234396.3",-0.0119331662006643,0.00431206048121794,0.00565065828246147
"ENSG00000272106.1",-0.000835921415973793,0.00467906858576291,0.858211556087515
"ENSG00000225931.3",-0.00884000568115955,0.00569984141769753,0.120920536019273
"ENSG00000233332.1",-0.00164225285447919,0.00389214741053926,0.673068779612318
"ENSG00000121766.15",-0.00684440480919477,0.00898389857474709,0.446148094184164
"ENSG00000186205.12",0.0041831394203579,0.0124520262104726,0.736915765188192
"ENSG00000118655.4",0.0136603618803166,0.0103762420105604,0.188005008885926
"ENSG00000221340.1",0.00891892360388941,0.00424802596378372,0.0357688452840426
"ENSG00000132196.13",-0.00517479618647642,0.00625338400458143,0.407942766479842
"ENSG00000126070.19",-0.004283843001383,0.0109499250396342,0.695633726609306
"ENSG00000158473.6",0.00683527093348465,0.00755344995033449,0.365507559949266
"ENSG00000272088.1",-0.0011623165972508,0.00315476071323604,0.712550715482407
"ENSG00000118197.13",0.00126036471741048,0.00440801510128361,0.774935044292548
"ENSG00000185860.13",-0.00461053162290915,0.00406360685747286,0.256546740783696
"ENSG00000123473.15",0.0121393084207391,0.00742440070839609,0.102037379486726
"ENSG00000067533.5",-0.0251357063378525,0.00764283989473199,0.00100618556628518
"ENSG00000180667.10",0.00211363369716801,0.00780608524354651,0.786569905835865
"ENSG00000276600.4",-0.00374043719859049,0.00847326228527772,0.658894464324423
"ENSG00000131584.18",-0.00657534118932696,0.00967243181823009,0.496629663729045
"ENSG00000179403.11",0.00415095959179995,0.0117189078717406,0.723181175161999
"ENSG00000224870.6",0.00399911696937532,0.00809981508754784,0.621497288047826
"ENSG00000197785.13",-0.0240413255756497,0.0106300285232224,0.0237194924431144
"ENSG00000158055.15",-0.0237027629082254,0.00597839555856397,7.34770758810122e-05
"ENSG00000233406.5",-0.000327880686917028,0.00705822902338917,0.96294865508559
"ENSG00000249087.6",-0.00479193267246971,0.00453852292261413,0.291043471607612
"ENSG00000162378.12",-0.00708659329952329,0.0115478293644512,0.539431307185496
"ENSG00000162711.16",-0.0079351263775585,0.00456619269902043,0.0822461878701741
"ENSG00000260855.1",-0.00928548264629056,0.00364341445468799,0.0108166779590799
"ENSG00000131791.7",0.00643164024779987,0.012422628475024,0.604642574150428
"ENSG00000198658.4",0.00676594707872052,0.00507690594069602,0.182633213498383
"ENSG00000224969.1",-0.00128077788459253,0.00479038399826454,0.789188648294799
"ENSG00000162572.20",-0.00776933475122136,0.0102075977456065,0.446577909191211
"ENSG00000230415.1",-0.00198211459724164,0.00689479362309565,0.773744888400552
"ENSG00000188783.5",0.0150507070628693,0.00980947204232393,0.124955010735929
"ENSG00000271427.1",0.00160819786998671,0.00497965949391321,0.746730548278684
"ENSG00000155761.13",0.000849354265761774,0.00565023018468426,0.880510525894346
"ENSG00000157184.6",0.0132265892829551,0.00976022268016746,0.175369003624505
"ENSG00000054267.21",-0.0052069432658682,0.00715179621805896,0.466576300989906
"ENSG00000143862.7",6.96025741065603e-05,0.00628503514461754,0.991164141031009
"ENSG00000143858.11",0.00585083552546895,0.00502682916773926,0.244455746686622
"ENSG00000228502.1",-0.0115783607081254,0.00474056128678791,0.0145898531991751
"ENSG00000260179.1",0.000932057469045013,0.00475296110370012,0.844531600404358
"ENSG00000116852.14",-0.00392344336215623,0.00564502807898705,0.487038777251932
"ENSG00000232341.2",0.010804654807488,0.00400212011617125,0.0069395192908277
"ENSG00000116288.12",-0.00864740305502953,0.0115403639736662,0.453665529760635
"ENSG00000198756.10",0.0470668214528509,0.00939566619758322,5.45948188213075e-07
"ENSG00000120937.8",-0.000576860699490395,0.00384482256461431,0.880736438300124
"ENSG00000175206.10",5.14492667640719e-05,0.00336981642916187,0.987818629974007
"ENSG00000198793.12",-0.00396440072359149,0.00614744762350504,0.519001295214369
"ENSG00000120948.16",-0.0159922590963624,0.00746171220072537,0.0320936271253883
"ENSG00000162825.16",-0.0287832107442368,0.00886958705055264,0.00117385502088485
"ENSG00000196369.10",0.00246906609210009,0.0148801837620163,0.868212186221005
"ENSG00000135763.9",-0.000999421871537754,0.00977816428904385,0.918590339557557
"ENSG00000227934.1",0.00403281677357581,0.00373000205988378,0.279615485233766
"ENSG00000134222.16",-0.0014021567333172,0.00383322755871061,0.714521699716493
"ENSG00000158710.14",-0.00243314800845234,0.00868357194581051,0.779323081664816
"ENSG00000215840.3",-0.00102189786158035,0.00502756196518983,0.838932499701131
"ENSG00000229291.1",-0.00607392746190311,0.00407319927484941,0.135910752632483
"ENSG00000280587.1",-0.00437304109035416,0.00500318736455137,0.382090461828308
"ENSG00000122484.8",-0.00221241988640235,0.006842814497805,0.746452786851415
"ENSG00000066136.20",-0.00327773484476987,0.00902550905241756,0.716482802363273
"ENSG00000198625.12",-0.0331291635998279,0.00725023199861743,4.89137441794796e-06
"ENSG00000263961.6",-0.00593627327951041,0.0049877430853216,0.233978707975487
"ENSG00000236942.1",-0.00832592771814203,0.00507669942368818,0.100999406048619
"ENSG00000240219.1",0.0270099640607812,0.00523529840871738,2.48004106140343e-07
"ENSG00000162390.17",-0.00204052219096505,0.00587113112845698,0.728176810144866
"ENSG00000169174.10",-0.00365988970808598,0.00474721269393912,0.440733312141349
"ENSG00000260971.3",0.00500091532274147,0.0057965290586171,0.388278741739771
"ENSG00000229956.10",0.0122334350784721,0.00575166659830138,0.0334252808243193
"ENSG00000237928.5",-0.0029717657278987,0.00424399134390721,0.483784316386362
"ENSG00000281741.2",-0.00423441409647941,0.0073933916739398,0.566827807038031
"ENSG00000213244.3",0.00153643328124459,0.00970748926385031,0.874241696391091
"ENSG00000273136.6",0.000254238545860637,0.0053580480271186,0.962154703541358
"ENSG00000171943.11",-0.00146821091398515,0.0159905211368804,0.926842978218089
"ENSG00000223804.5",-0.00334500773113164,0.00427034716172951,0.433444804179467
"ENSG00000270392.2",0.000516560529138409,0.00762372640918991,0.945979105531509
"ENSG00000226067.6",0.00224150964638677,0.00901152817857211,0.80356343977151
"ENSG00000223345.3",-0.00529757494160132,0.00757698240211685,0.484447762970468
"ENSG00000279443.1",0.00120585629563565,0.00442480301813077,0.785220655481363
"ENSG00000133055.8",0.000457508993901173,0.00455945941628035,0.920072167333382
"ENSG00000213088.9",0.00708069532521182,0.00602079332179564,0.239578789570031
"ENSG00000135835.11",0.0017630596331431,0.0124878796554883,0.88772643076323
"ENSG00000233246.1",-0.000846947597412868,0.00391001011396094,0.828512230768084
"ENSG00000160062.14",0.0156953299463739,0.00811926496439397,0.0532242010270418
"ENSG00000121903.14",-0.00130167621326326,0.00502237553638253,0.795499906937105
"ENSG00000222112.1",-0.0278428074367159,0.00673908059381122,3.60334828236608e-05
"ENSG00000159423.16",0.00957977860148224,0.00633750710021641,0.130635536470729
"ENSG00000233791.5",0.00840267000937741,0.00467301673867182,0.0721571407568939
"ENSG00000229220.1",0.00307136959858266,0.00417355064183913,0.461783729120934
"ENSG00000121644.18",0.0144930515120765,0.00865657449782711,0.0940864316728127
"ENSG00000177272.8",0.00898818015052181,0.00452133868937057,0.0468175894193444
"ENSG00000188761.11",-0.00857854195695327,0.00614914941185958,0.162992373820376
"ENSG00000162891.10",-0.00556859374515501,0.00604337956149126,0.356822300502043
"ENSG00000203710.10",0.00443042223650107,0.00639779311442366,0.488628242593322
"ENSG00000221571.3",0.00439912418420477,0.00476197127983745,0.355588802205548
"ENSG00000116254.17",-0.000480078556072338,0.0046206469712873,0.917249851683109
"ENSG00000132855.4",0.00886811614999651,0.00390565969084721,0.0231723630586324
"ENSG00000162368.13",-0.00892331748628325,0.00859523034278879,0.299190526804838
"ENSG00000272824.1",-0.00938250704398746,0.0048958887934935,0.0553135316178907
"ENSG00000175793.11",0.000653062271909636,0.0138786482849334,0.96246925014129
"ENSG00000142751.14",-0.00129393468000991,0.0104976499050574,0.901901640590331
"ENSG00000187800.13",-0.00211657457818128,0.00973058356553895,0.827804880848178
"ENSG00000198952.8",0.00652810742487017,0.0104955318047503,0.533948969954796
"ENSG00000163564.14",-0.00312432418460406,0.00695833093990156,0.653428174063823
"ENSG00000163565.18",0.00587097689433764,0.0114094779285427,0.60685342080305
"ENSG00000227179.6",-0.00666867968905185,0.00484055281181173,0.168305497917751
"ENSG00000273010.1",-0.00166266175964697,0.00352911655696432,0.637550113147897
"ENSG00000163468.14",-0.0244111458318172,0.0123559500912546,0.048193394695159
"ENSG00000242252.1",0.00455584626625664,0.0113213447058704,0.687380755544643
"ENSG00000246203.2",0.0143088451218149,0.00445356828111419,0.00131404539367397
"ENSG00000090432.6",0.00969880002565812,0.00815345212399094,0.234230009583963
"ENSG00000158825.5",-0.011349377834939,0.00493361004411835,0.0214244067959125
"ENSG00000134253.9",-0.00777693688653227,0.00742732042957923,0.295066519302428
"ENSG00000117155.16",-0.00666179855703541,0.00916509625179651,0.467307933131145
"ENSG00000211454.13",0.00697251541441255,0.00632213800309449,0.270082313461777
"ENSG00000162585.16",-0.0160246879236707,0.00674952028856352,0.0175871847326807
"ENSG00000236698.1",-0.00556092484019214,0.00571120263123572,0.330211879757726
"ENSG00000236905.2",-0.000679224340004304,0.00399488390789507,0.864991616830088
"ENSG00000117594.9",-0.00925322169118729,0.0069987426122746,0.186126096604397
"ENSG00000009790.14",0.00941530908810414,0.00920863595873068,0.30657108682006
"ENSG00000179051.13",0.00995738328248834,0.0101046664061729,0.324415724465864
"ENSG00000235241.1",-0.0127282606519643,0.0037906596095312,0.000785666501547877
"ENSG00000058453.16",-0.0183169119908216,0.00595659541882414,0.00210457404464137
"ENSG00000185220.11",-0.00358255066604318,0.0108625560546872,0.74154554451638
"ENSG00000224521.1",-0.0157320599417814,0.00647772210647997,0.0151555407995868
"ENSG00000229871.1",0.00306687486021777,0.00438567939143671,0.48436894622407
"ENSG00000269113.3",0.0034126505844972,0.00703490660194655,0.627603658473117
"ENSG00000122176.10",-0.00305199925065226,0.00500131284776524,0.541703087985951
"ENSG00000142677.3",-0.0244416542177245,0.00480893085132737,3.72391972480735e-07
"ENSG00000182749.5",0.00572795417962293,0.00950316009813712,0.546680304554403
"ENSG00000132693.12",-0.00471695685424784,0.00484574784908491,0.330343681824937
"ENSG00000162728.4",-0.00643774919977936,0.00341641913682068,0.0595168649347555
"ENSG00000213085.9",0.00402765991432259,0.00500822692909056,0.421276426743104
"ENSG00000043514.15",0.0210460799284134,0.00543546132622338,0.000107948097859523
"ENSG00000261326.2",-0.0197298205490372,0.00919345853408621,0.0318672642397986
"ENSG00000135801.9",0.0125866880449091,0.00806845432186834,0.118762830509189
"ENSG00000135776.4",0.0108098610263334,0.00621690333744707,0.0820725100047408
"ENSG00000203855.7",0.0077847365378897,0.00447106917273224,0.0816598582514447
"ENSG00000143067.4",-0.000434946652487353,0.0117331023588557,0.970429154869374
"ENSG00000162408.10",-0.00448148320022461,0.00707560477654376,0.526491367989069
"ENSG00000143553.10",-0.0195683839375869,0.0079821312239581,0.0142252815115349
"ENSG00000236782.6",-7.78133734309872e-05,0.00477513563063869,0.98699862235801
"ENSG00000121486.11",0.0116415755756295,0.0109510774815552,0.287757924943704
"ENSG00000238061.2",0.00607322099949228,0.00644195481892331,0.34580338399649
"ENSG00000233775.1",0.00729114422867458,0.00507188205242874,0.150558407341457
"ENSG00000184007.18",-0.0099210693846501,0.0108247506318302,0.359395726914154
"ENSG00000162526.6",0.0106423118185686,0.0081930020941167,0.193960596733058
"ENSG00000142794.18",-0.00643813640842708,0.002869701361161,0.0248654561818743
"ENSG00000227001.3",0.00248584876567242,0.00264742246001928,0.347746438519414
"ENSG00000117298.14",0.013569838995089,0.00643032497434421,0.0348335382971023
"ENSG00000125944.18",0.0140617190478517,0.0104547369784708,0.17862221329046
"ENSG00000054277.13",-0.000186814969126359,0.004593600117287,0.967560149393201
"ENSG00000143669.13",-0.00150625012875984,0.00698600348808428,0.829291992737756
"ENSG00000162813.17",0.00599496342144255,0.0088811923858999,0.499664422027398
"ENSG00000133065.10",-0.00950349328616087,0.00553034167817268,0.0857185999594444
"ENSG00000116237.15",-0.0111240459239777,0.00718411461082681,0.121520566726169
"ENSG00000261737.1",-0.00610242470919681,0.00584256766054703,0.296264979235854
"ENSG00000036549.12",-0.00994769534127144,0.0074085386718889,0.179358183435929
"ENSG00000172339.9",-0.000699168648272306,0.00785844585610629,0.929105476954167
"ENSG00000230946.3",0.00844851227946455,0.00451072386107732,0.0610706354981569
"ENSG00000023909.9",0.0166167497216987,0.00605618676549853,0.00607391106715038
"ENSG00000137936.16",0.0246904703511139,0.00929599955201733,0.00790661599683806
"ENSG00000207523.1",0.016062959860377,0.00752879461832487,0.0328807218159748
"ENSG00000074964.16",0.00213172957593767,0.0068025874453661,0.753999266852179
"ENSG00000143393.16",0.0374384841630814,0.0071769875520934,1.8237278665012e-07
"ENSG00000143420.18",0.0095023388353882,0.0193294948291036,0.623003636722004
"ENSG00000168653.10",-0.00426017122737546,0.00417316414844292,0.307325896510444
"ENSG00000244256.3",-0.0073719368107232,0.00416472295209644,0.0767120547450415
"ENSG00000132768.13",0.0191676347152097,0.00990796949073169,0.0530434044815191
"ENSG00000177606.6",0.00191999263868234,0.00559757365154287,0.731595116843668
"ENSG00000184292.6",-0.00842687653681331,0.0102681160328389,0.411826397852414
"ENSG00000020129.15",-0.0162969135034881,0.00909856475202408,0.0732688879526149
"ENSG00000142687.17",-0.000882819325132093,0.0140840366884867,0.950019519806882
"ENSG00000229808.1",-0.00130352003397192,0.00680335422975213,0.848055846086656
"ENSG00000271383.6",-0.0323209086852993,0.00761674726954587,2.20158074112353e-05
"ENSG00000143368.9",-0.131034435013109,0.0206514841785235,2.22371676628086e-10
"ENSG00000213366.12",0.0069982977376268,0.00590760037355555,0.236165303021637
"ENSG00000198976.1",-0.012716744641088,0.00673863664348637,0.0591416198590671
"ENSG00000228463.9",-0.0102582399401762,0.00640636005396941,0.10931962652987
"ENSG00000067606.16",-0.025411746221238,0.0101573493676168,0.0123560628129595
"ENSG00000224939.1",0.00285473627392897,0.0033384482088341,0.392490946148644
"ENSG00000214837.8",-0.00500337829367305,0.00487129054830782,0.304366055119447
"ENSG00000234219.1",-0.000321627494306422,0.00347922450080352,0.926346637489733
"ENSG00000271680.1",0.00493605903582716,0.00657622792176782,0.452898697880095
"ENSG00000236809.2",0.00168200622972297,0.00381917121659333,0.659639228988945
"ENSG00000160049.11",0.012013595055683,0.00707784532666291,0.0896301280201776
"ENSG00000132879.13",0.00531591947845486,0.00958798073529406,0.579280651904939
"ENSG00000215785.2",0.00354151090583242,0.00475922576614433,0.456794242475818
"ENSG00000197472.14",6.9885868207329e-05,0.002912891248002,0.980859049811596
"ENSG00000123091.4",0.0290016923447615,0.0167627016756583,0.0836066326297478
"ENSG00000116729.13",0.00446975654040869,0.0081536074119109,0.583558880128158
"ENSG00000185436.11",-0.0316162271192101,0.0109486169533894,0.00388080403793778
"ENSG00000232298.2",-0.0084125730861306,0.00430089176727309,0.0504643655724349
"ENSG00000198746.12",0.0199339536780924,0.00974695813122965,0.0408404538013178
"ENSG00000117616.17",0.029057289425145,0.00709169152384548,4.1786934587118e-05
"ENSG00000228172.5",-0.00319413785693324,0.00580639971167785,0.582246371913632
"ENSG00000197245.5",-0.00599070252319032,0.00585046661532536,0.305849426986204
"ENSG00000117632.22",0.0165675362914462,0.00577063992161491,0.00409169002858201
"ENSG00000130695.14",0.00801623702582212,0.00565733895885362,0.15649389828134
"ENSG00000081692.12",0.00124365102558266,0.00983158528440784,0.899339732713445
"ENSG00000227811.2",0.00826963068552321,0.00327859894508529,0.0116588149021877
"ENSG00000188976.10",-0.00963270155920132,0.00974877947992401,0.323107063670284
"ENSG00000177757.2",-0.00870050564829574,0.00549472519989139,0.113323782993147
"ENSG00000269981.1",-0.000693941394084472,0.0127174768524027,0.95648425450963
"ENSG00000268903.1",-0.0023946754944217,0.0127309365102108,0.850799102390424
"ENSG00000225891.1",0.00413507563762882,0.00555145475665405,0.45635428409265
"ENSG00000116350.16",-0.0128487139677355,0.00791736253822095,0.104620875424388
"ENSG00000232780.2",-0.00546841559095738,0.00582340162887566,0.347709456117996
"ENSG00000092607.13",0.00964963076152813,0.00469859819022264,0.0400022702677683
"ENSG00000134240.11",-0.000198649040837568,0.00725805309570688,0.978165051349076
"ENSG00000260941.1",-0.0101518697891262,0.00815342805883655,0.213093348217608
"ENSG00000233421.4",0.000564178929828467,0.00395214319071527,0.886485530566515
"ENSG00000143110.11",0.0020736172505433,0.00615238444435888,0.736084590581531
"ENSG00000171819.4",-0.00160050236940776,0.00626091083982881,0.798233377447601
"ENSG00000117114.19",0.0137813961526326,0.0110800608552636,0.213572633493861
"ENSG00000173406.15",0.00788604844308476,0.00656701100496673,0.229806244880562
"ENSG00000271200.1",-0.00137728961571168,0.00433654409139072,0.750787812177384
"ENSG00000232284.7",-0.00208289634616802,0.00441250048384587,0.636895064380119
"ENSG00000117676.13",0.0215353311292744,0.0135911231507771,0.113076694214633
"ENSG00000060642.10",0.00714790112391164,0.00893962867013386,0.423957236981825
"ENSG00000142733.14",0.00668975639162541,0.007847586737669,0.393958647000865
"ENSG00000090273.13",0.0436425977817509,0.0129760412553373,0.00077010636952568
"ENSG00000225159.1",0.0125047174037166,0.00579258518068904,0.0308699139065225
"ENSG00000001461.16",-0.00333413100231412,0.015553468917733,0.830261849754527
"ENSG00000117479.12",0.00478896607244237,0.00878551172742795,0.585686024155128
"ENSG00000163050.16",-0.0208731285955866,0.00496188474866361,2.5913414831491e-05
"ENSG00000143851.15",0.00640749648954716,0.00972971551049793,0.510185285130804
"ENSG00000271840.1",0.00533554121986574,0.00548576554550635,0.330744379863994
"ENSG00000278966.2",-0.0114768166727798,0.00547935408812315,0.0362104363406615
"ENSG00000160679.12",0.00770905463423312,0.00717114282938946,0.282369977701641
"ENSG00000175756.13",0.00970781484612944,0.0115958176419945,0.402490029345604
"ENSG00000169962.4",0.000166008381603508,0.00623753413218618,0.978767268199893
"ENSG00000272438.1",0.00088200593691691,0.00746455548433631,0.905941513657858
"ENSG00000243323.6",0.00566541079678573,0.00629353350077772,0.368016198508294
"ENSG00000214796.8",0.000194355584226403,0.00533288927134792,0.970927767216628
"ENSG00000212916.4",0.00722920963474396,0.00429029945723425,0.0919860959622925
"ENSG00000162482.4",0.00251842047132667,0.00652634985239057,0.699581844848478
"ENSG00000173372.16",0.00576648289349317,0.00512286304914224,0.260319307643884
"ENSG00000173369.15",0.00728586575317478,0.00569551811209873,0.200816808812813
"ENSG00000081237.18",-0.0115302054885895,0.0116266846233546,0.321342953159873
"ENSG00000162670.10",0.0016833269459312,0.00906863042718753,0.852742096791872
"ENSG00000116750.13",-0.00867308038192994,0.0117472251446499,0.460326784875572
"ENSG00000170075.8",-0.000364618520775457,0.00424219814631939,0.931505866316632
"ENSG00000184774.9",0.0047617738431765,0.00388097652545181,0.219840445173962
"ENSG00000173212.4",0.00626533721190093,0.00801690072692872,0.434498994987718
"ENSG00000162852.13",-0.00745694485273966,0.00614064246699985,0.224610639351081
"ENSG00000143126.7",0.00357585262460972,0.00773283236856324,0.643776795750428
"ENSG00000117791.15",-0.00206382165657373,0.00757518268959468,0.785279773422945
"ENSG00000143512.12",-0.00676335624572087,0.00533057963556219,0.20451797310777
"ENSG00000117650.12",-0.00678555639445596,0.00523100886515269,0.194569502885917
"ENSG00000123685.8",-0.015828977352653,0.00914383938523391,0.0834324288529916
"ENSG00000143499.13",-0.00593721599607703,0.00718097122736822,0.408351299591321
"ENSG00000117543.20",0.00158751026280207,0.00653687465256589,0.8081180149343
"ENSG00000233184.6",0.00455502780955186,0.00683266273487033,0.504992619233831
"ENSG00000185668.7",-0.0127435171385279,0.00476065863179164,0.0074320317644474
"ENSG00000116983.12",-0.0082581048765976,0.00403744382856766,0.0408174574954796
"ENSG00000116981.3",-0.00283085126692738,0.00568025605930666,0.618225504074276
"ENSG00000237624.1",-0.00126404809781303,0.00337355690633114,0.707888812070454
"ENSG00000197568.13",-0.00211378932198464,0.00656091691883118,0.747317130684849
"ENSG00000237276.8",0.0003842290589741,0.00446607574195333,0.931440332948018
"ENSG00000260460.1",-0.0142753349588615,0.00484347084515325,0.00320524940131661
"ENSG00000234937.1",-0.0550454195037604,0.00590658316660673,0
"ENSG00000226745.2",-0.00285659744930636,0.00523098238849964,0.585002722992203
"ENSG00000231346.5",0.000871823334196954,0.00586216110165154,0.88177421084263
"ENSG00000173947.13",0.0333632946341181,0.00850757535574679,8.79634814496821e-05
"ENSG00000173436.13",0.00742105955590136,0.00709713071152532,0.295726245969473
"ENSG00000162733.16",0.00496799925212156,0.0124412483681277,0.689659803695412
"ENSG00000150337.13",0.0219854493959111,0.0125646229945111,0.0801545880969665
"ENSG00000277147.4",-0.000260275978448607,0.0145888641679541,0.985765912529324
"ENSG00000162909.17",0.0136242499865285,0.00766280444137348,0.0754084912376628
"ENSG00000135838.13",-0.0261392185915879,0.00830661613035655,0.00165070617965635
"ENSG00000205231.1",0.0119830353182157,0.00528143385526803,0.0232745223987548
"ENSG00000143436.10",-0.0204852721498084,0.00879363219112968,0.0198295486521538
"ENSG00000173660.11",3.04318040640605e-05,0.00858947472437834,0.997173166392329
"ENSG00000228237.5",0.0207734452771408,0.0050218404544685,3.52459188721621e-05
"ENSG00000116213.15",0.000930393231562702,0.00345282086686077,0.787576584002653
"ENSG00000053372.4",-0.00900171432881155,0.00946022842848955,0.341334154130396
"ENSG00000116132.11",-0.00816895470057731,0.00894476392396449,0.361102310932142
"ENSG00000152382.5",-0.00522601789279096,0.00520687365168692,0.315534459397574
"ENSG00000143199.17",0.00511815819101,0.00518891083781292,0.323954208338941
"ENSG00000231424.2",0.00334071174851193,0.00570108374985429,0.557890052109359
"ENSG00000227740.1",0.016336532820505,0.0065777427347214,0.0130058981540155
"ENSG00000116711.9",-0.00491324770704485,0.00790292472517983,0.534139201116628
"ENSG00000047410.13",-0.0103892158056974,0.0105699610584596,0.325656607485992
"ENSG00000073756.11",0.0152310325662553,0.00601393887740227,0.0113213037244307
"ENSG00000185090.14",0.0100505223618032,0.00798028422112449,0.207878994596489
"ENSG00000163873.9",-0.0035141157367703,0.00721502743846584,0.626219301233826
"ENSG00000197323.11",0.0180115599737043,0.0105633175311962,0.0881749415220858
"ENSG00000116898.11",0.0145150875042068,0.0118539564842985,0.22076628098291
"ENSG00000131238.16",-0.0196209146804844,0.00635176327791717,0.00200797607555481
"ENSG00000117614.9",-0.0309180196073826,0.0103695302917314,0.002867257823022
"ENSG00000116205.12",0.00953086554983606,0.00689970839020035,0.167173448729265
"ENSG00000235927.4",-0.00973203331654662,0.00725339950344446,0.17968670426485
"ENSG00000143079.14",-0.00237063412180893,0.00947035195961751,0.802338615595181
"ENSG00000231084.2",-0.00536993286731946,0.00515132421312297,0.297208948061235
"ENSG00000116679.15",-0.00845264976922528,0.00909735629054029,0.352820402021902
"ENSG00000069702.10",-0.0154106120079976,0.0118841653544548,0.194722415713465
"ENSG00000088035.15",0.00513259839879394,0.00688134246969385,0.455744940360192
"ENSG00000213281.4",0.00164381249828356,0.00749445509502693,0.826387416874673
"ENSG00000175984.14",0.0214469398594943,0.00718206343839501,0.00282485585799097
"ENSG00000232273.1",0.00974975875570495,0.00365708288087313,0.00767612041669741
"ENSG00000259943.1",-0.00620322587322883,0.0081274200108755,0.445316328748703
"ENSG00000270209.1",-0.00496089200134566,0.00489891603760224,0.311226912198283
"ENSG00000116761.11",-0.0108253184523152,0.00663170002323397,0.102603778239255
"ENSG00000226088.1",-0.00381869761990594,0.00610095708072597,0.531368860143464
"ENSG00000237505.6",-0.00533418776398677,0.00378234825771014,0.158455643305392
"ENSG00000273004.1",-0.00701100653134418,0.00567585119226545,0.216743287309604
"ENSG00000266075.2",-0.00266761532636604,0.00316329990990621,0.399059885242285
"ENSG00000224093.5",0.0059207225980536,0.00666485338488952,0.374352504392909
"ENSG00000010072.15",0.00552780570522966,0.00693919612944632,0.425679855402846
"ENSG00000223956.2",0.0084342515343357,0.00422293989853521,0.0457984221959984
"ENSG00000122223.12",-0.000954316802150713,0.00519304767402897,0.854195337412953
"ENSG00000228606.1",-0.0149022940750816,0.00473651997220197,0.00165376415569574
"ENSG00000162735.18",0.0105666726538668,0.00801500293760236,0.187382605728345
"ENSG00000235082.2",0.00679417753095871,0.00411576220175557,0.0987855103233146
"ENSG00000157216.15",-0.00462480526585514,0.00505607409044812,0.360347659667921
"ENSG00000160818.16",0.00120894852706431,0.012655066421435,0.923893233050418
"ENSG00000158488.15",-0.00444517126933242,0.00498309056782682,0.372365559947199
"ENSG00000224520.2",0.000259515732188975,0.00459789259197085,0.954989442939532
"ENSG00000132694.18",-0.00492373368749242,0.00860088632458033,0.567004841299279
"ENSG00000160856.20",0.00863647980898068,0.00694242376617805,0.213494015453013
"ENSG00000160838.13",-0.0116289729040031,0.00461165717514679,0.0116806756918866
"ENSG00000231767.3",0.00197857464178012,0.00577398086364687,0.731846132338579
"ENSG00000143674.10",-0.0052495470915693,0.00704103116417622,0.455930172924392
"ENSG00000171502.14",-0.00753500850221465,0.00758474160653374,0.320494112239573
"ENSG00000226945.1",-0.0027119886905948,0.00419932847714702,0.518399269639039
"ENSG00000116824.4",-0.000149690226306337,0.0087212375352234,0.986305881935475
"ENSG00000135862.5",0.00934390119283157,0.00976487573217115,0.33862333464301
"ENSG00000123472.12",-0.00348475519620646,0.00709098594922806,0.623119162006426
"ENSG00000117481.10",-0.0182578682539092,0.0116750537268509,0.117856109011158
"ENSG00000204362.6",-0.00947555800349507,0.00569737371764302,0.0962834353435706
"ENSG00000233057.1",0.00721954042232613,0.00396766473501914,0.0688207993653006
"ENSG00000273483.1",-0.0197442194381053,0.00740287609856549,0.00765086388491576
"ENSG00000185839.3",-0.00820338685364361,0.00414837034862479,0.0479855627365733
"ENSG00000162601.9",-0.0107699278611753,0.0105483864211318,0.307253301234304
"ENSG00000231666.6",0.00182533033970762,0.00419993655082196,0.663846241272453
"ENSG00000132704.15",0.0245489350837808,0.00654338030503013,0.000175625081949682
"ENSG00000225670.4",0.0111951560999624,0.00466329922976729,0.0163639985931467
"ENSG00000163568.14",0.0132574536861202,0.00576748815011012,0.0215246538837216
"ENSG00000186094.16",0.0122585336846666,0.00833247874114288,0.141243819887349
"ENSG00000023572.8",-0.0017017123946051,0.00983424268684847,0.86262038282636
"ENSG00000152904.11",-0.00286689162686742,0.00959174431914898,0.765022770817351
"ENSG00000231768.1",0.000496816487262698,0.00431803318331508,0.908400577028854
"ENSG00000270742.1",-0.00647235051153406,0.00396017259019186,0.10218313168414
"ENSG00000116747.12",0.0122662884072039,0.0119596699178604,0.305062387820373
"ENSG00000233012.2",0.0076188526913999,0.00406241415737338,0.0607309076380554
"ENSG00000236045.1",-0.00174307257001,0.00468573709407001,0.709896286107806
"ENSG00000162458.12",0.000241124498870481,0.00807438372514867,0.976176395624434
"ENSG00000228140.1",-0.00231532231987016,0.00391302531419546,0.5540540226323
"ENSG00000143333.6",0.00790812457620215,0.00828313255562848,0.339716121400018
"ENSG00000177133.10",0.000619494259598082,0.00524321288840642,0.905947498400118
"ENSG00000236423.5",-0.000971381561710682,0.00474595730005022,0.83782560104463
"ENSG00000234546.3",-0.000662581830435178,0.00669554325534749,0.921171112221234
"ENSG00000241563.3",0.00820997458448546,0.00687809833386406,0.232618746684036
"ENSG00000243267.3",-0.00188435053627416,0.00426467400779611,0.658597020137496
"ENSG00000272078.1",-0.00981430757535877,0.00937318942034203,0.295071125901455
"ENSG00000233485.1",-0.00486119629709445,0.00633977815082957,0.443214092259539
"ENSG00000238142.1",-0.0132772095303423,0.00389284083861893,0.000648026131263579
"ENSG00000080947.14",-0.0258811728936156,0.0112475962987372,0.0213893505985729
"ENSG00000142619.4",0.000982110198135398,0.00525654680972372,0.851789515550453
"ENSG00000117115.12",0.0132364374452008,0.00488106573111515,0.00669204695825665
"ENSG00000075151.20",-0.0075285999056564,0.00929571121338046,0.417997441991861
"ENSG00000162552.14",-0.00913627326858587,0.00833726187864314,0.273150469033825
"ENSG00000169641.13",-0.00362181247511338,0.00687675193480319,0.598419385235328
"ENSG00000204219.9",-0.0191610387352506,0.00986575688354439,0.052115766873979
"ENSG00000057757.9",-0.00454406903669722,0.0097594665964201,0.641497339654126
"ENSG00000130768.14",-0.0342254885720422,0.00949683605744316,0.000313497897214021
"ENSG00000120656.11",0.0034195956918478,0.0108199581880749,0.751968211469037
"ENSG00000204160.11",-0.00933018606813125,0.00884982088140621,0.291754902472589
"ENSG00000009780.15",0.0259777196871397,0.00696982114500421,0.000193640595761324
"ENSG00000117713.18",0.0107293616074041,0.0068841853592368,0.119102425649288
"ENSG00000175130.6",-0.0134857114712327,0.00897426452147221,0.132914002938349
"ENSG00000134668.12",0.00403140004133494,0.00651271957742101,0.535913665923352
"ENSG00000116497.17",-0.0163380426716197,0.00955255641139871,0.0872045022631986
"ENSG00000162521.18",-0.0161269290539823,0.00895690576141947,0.0717813672672536
"ENSG00000121900.18",-0.0248137184177516,0.0131147120962924,0.0584840409549934
"ENSG00000235907.2",-0.0154117903976655,0.00482133084040913,0.0013906519096567
"ENSG00000126067.11",0.0341017931757866,0.0160299317141858,0.0333883306744376
"ENSG00000142686.7",-0.0140481218398682,0.0132076235651131,0.287493011781506
"ENSG00000214193.10",0.0101612899464187,0.00976860675534853,0.29824769528784
"ENSG00000243970.1",0.00114553643419331,0.003617726638964,0.751512696317898
"ENSG00000183682.7",0.00396881420835641,0.00422241066712968,0.347248152722888
"ENSG00000270040.1",0.00752848636729879,0.00416023701626215,0.070353309174126
"ENSG00000084070.11",0.00516214396762479,0.00490371608912027,0.292478317886684
"ENSG00000228192.7",0.00466159808223335,0.00516369862990534,0.366651484908858
"ENSG00000117410.13",0.00958659858803922,0.00974907613825928,0.325443053751075
"ENSG00000225154.2",-0.00430106228744597,0.00495474240952171,0.385356118662604
"ENSG00000225028.1",-0.008378602300323,0.00490737610501316,0.0877572560428816
"ENSG00000226252.1",-0.00939924325188826,0.00791742870778965,0.235165083797156
"ENSG00000272175.1",-0.000370532700985292,0.0064284294863855,0.954035631906878
"ENSG00000238140.1",0.00125281192441941,0.00665877315433723,0.850763333404341
"ENSG00000174348.13",0.0303688843258389,0.00977866460471246,0.001898760961487
"ENSG00000162599.15",0.0271334673374437,0.00950528416984438,0.00430955859010584
"ENSG00000226883.1",-0.00595410271531683,0.00436487589216055,0.172537860353983
"ENSG00000162607.12",-0.0119168510547299,0.00958117690175246,0.213581509591597
"ENSG00000224209.7",-0.00508182808052376,0.00656366219497596,0.438790835990289
"ENSG00000079739.15",-0.00802787134558272,0.00952915674457812,0.39953416362916
"ENSG00000231485.1",0.000356386290879333,0.00562104584959996,0.9494462895863
"ENSG00000152763.16",0.000274883923615755,0.00621725732216578,0.964734577937142
"ENSG00000235079.1",-0.00680959426249055,0.00561711863159125,0.225400197155087
"ENSG00000172260.14",0.00603038614118948,0.010448667151742,0.563842145143143
"ENSG00000117069.14",0.00198141072761373,0.00686185971009728,0.772767261551916
"ENSG00000181227.3",0.00696519269107994,0.00646767455484908,0.281514307216808
"ENSG00000226084.5",-0.00229681121057816,0.00611099163218768,0.707029021434069
"ENSG00000097096.8",-0.00183241610859194,0.00647207145839588,0.777079729840067
"ENSG00000235308.1",-0.0142294525123358,0.00609875677989286,0.0196390857256905
"ENSG00000162664.16",0.00706472800744834,0.0065491580962345,0.280711192714465
"ENSG00000162676.11",0.0172935896478757,0.00786391874398387,0.0278703972665685
"ENSG00000154511.11",0.0168562268741562,0.012188849113182,0.166688801879973
"ENSG00000122406.12",-0.0446121830220395,0.0158034234779069,0.00475848492391118
"ENSG00000229635.1",0.00254738747566196,0.00526625745862895,0.628585484468101
"ENSG00000137942.16",0.00928507707061441,0.0090592796373728,0.3053988436932
"ENSG00000223656.1",0.000592221763487708,0.00437326691496314,0.892280904373319
"ENSG00000117600.12",0.0192034492992418,0.00709991176463318,0.00683568858228401
"ENSG00000181656.6",-0.00660591804638984,0.00568121240088164,0.244924639095727
"ENSG00000117620.14",0.00584634086492665,0.0149687104080464,0.696114529304944
"ENSG00000079335.18",0.0068276215295719,0.00734239705978809,0.352428046226677
"ENSG00000162694.13",0.0022707950194128,0.00693505257664515,0.743337144608688
"ENSG00000162641.18",0.0136167827616138,0.00653533218056187,0.0371998458471259
"ENSG00000198758.10",0.00421214474171999,0.00455605807869325,0.355218164645598
"ENSG00000221986.6",0.000382842704369299,0.00437618437084025,0.930287422010399
"ENSG00000197106.6",-0.00498328747571872,0.00428303298989881,0.244628724907205
"ENSG00000134248.13",-0.0272610955508701,0.00852424720013693,0.00138353151837101
"ENSG00000177181.14",-0.0152545239496826,0.00826757431435931,0.0650225959635634
"ENSG00000261654.1",-0.0103038306652736,0.00512120990275273,0.0442208356640458
"ENSG00000116459.10",-0.00189370280888085,0.0117324282156724,0.871772399454633
"ENSG00000118729.11",-0.00518653924918078,0.00738280032993679,0.482357098457796
"ENSG00000116830.11",-0.0266575480098812,0.011497460292339,0.0204189227471575
"ENSG00000226443.3",1.42904644769494e-05,0.00588860392025809,0.998063695582961
"ENSG00000240244.3",-0.00525440974310645,0.00478812039712346,0.272473288258337
"ENSG00000223612.3",0.00353164241699439,0.0112636992173076,0.753868941196845
"ENSG00000186141.8",0.0313249528169677,0.0252588532146641,0.214917194936964
"ENSG00000234222.6",0.0149493057713134,0.00960402978271741,0.119573572575754
"ENSG00000143450.16",-0.00100181851493164,0.0159980512225501,0.950068080204836
"ENSG00000197084.5",-0.00264559258296165,0.0060970351358606,0.664350454752884
"ENSG00000203784.2",0.00224190662148959,0.00506751387562973,0.658194284720099
"ENSG00000241794.1",0.0102996965202925,0.00522866876608961,0.0488554907558096
"ENSG00000235919.4",-0.0220409517684363,0.00585000002318269,0.000164769056379965
"ENSG00000271267.1",0.0231650760928501,0.0048057765712575,1.43373708672012e-06
"ENSG00000143552.9",0.00425155124515734,0.00368663997085382,0.24881516584446
"ENSG00000160685.13",0.0524701918114722,0.00866566763200635,1.40460520992036e-09
"ENSG00000143320.8",0.0137143575836568,0.00821322160766961,0.0949608647579918
"ENSG00000163472.18",0.0251435622670197,0.0144739055113559,0.0823580484072248
"ENSG00000183856.10",-0.00862712604270757,0.00627517554922406,0.169192731800954
"ENSG00000132716.18",-0.0174823682794802,0.00689088708654841,0.011179825314682
"ENSG00000143224.17",-0.0028943935930154,0.00918727323648665,0.752728388272777
"ENSG00000132681.16",0.00469424968211017,0.00387664715616643,0.225931988414177
"ENSG00000152332.15",0.00699556769195717,0.00687854529271648,0.309147403653618
"ENSG00000143228.12",0.00210414372432957,0.00436345766490394,0.629650131480716
"ENSG00000185630.18",-0.00514793881363797,0.0125196019645561,0.680933004688299
"ENSG00000241666.2",-0.00302496111883603,0.00491113381621044,0.537934475695918
"ENSG00000224687.1",0.010140083275655,0.00479959342806722,0.0346267702147566
"ENSG00000230124.6",-0.0005697221473172,0.00635005943967851,0.928510371290497
"ENSG00000135837.15",0.00511158360255659,0.00826036706990729,0.536042661803268
"ENSG00000135829.16",-0.0284293509011,0.0136573087912003,0.0373770339751005
"ENSG00000271387.1",0.00877124799962574,0.00769617967646196,0.254416071306308
"ENSG00000116741.7",-0.00451585032107979,0.00811980233538816,0.578106443407098
"ENSG00000162687.16",0.00991869367707695,0.0174514703370624,0.569791479176441
"ENSG00000116833.13",-0.0234774402437361,0.006609754462937,0.000382404471836351
"ENSG00000203721.6",0.00248145747655737,0.00536424732694151,0.643656900541633
"ENSG00000231871.5",0.00307880657199968,0.00406445982680457,0.448753570188315
"ENSG00000159346.12",-0.00289059496485503,0.00693322497774812,0.676737471995204
"ENSG00000249007.1",-0.00610224633240174,0.00611332441130754,0.318188262536331
"ENSG00000133067.17",0.00603301117753598,0.00655306268672505,0.357238447440034
"ENSG00000228288.6",-0.00209703644219181,0.00604062534104398,0.728474483735066
"ENSG00000223505.2",0.00569596703478479,0.00361776046980403,0.115384469931507
"ENSG00000174567.7",-0.0107999346790671,0.00575522702574553,0.0605806679774213
"ENSG00000240710.1",-0.00274674944596628,0.00428488931906736,0.521502153913451
"ENSG00000226330.1",0.00946664492739868,0.00415620903787643,0.0227437749029418
"ENSG00000117266.15",0.00126741124279958,0.00708519567457287,0.85803065926981
"ENSG00000158715.5",0.0341884970965424,0.0117526069632995,0.00362570731421941
"ENSG00000143486.15",-0.0194746619048925,0.0121816412097474,0.109889611646779
"ENSG00000234981.1",0.0056220848887574,0.00440687075531437,0.202042341016664
"ENSG00000182795.12",-0.00539908745402125,0.0147904936089186,0.715083280523035
"ENSG00000153363.12",-0.0180960676303208,0.00802421239339694,0.0241218425655777
"ENSG00000143493.12",0.0172974871184729,0.00776586133820219,0.0259222070246076
"ENSG00000136643.11",-0.000971261717834767,0.00577848851954032,0.866518523320665
"ENSG00000136636.12",0.0141538814988598,0.00889912342920381,0.11172655746576
"ENSG00000243659.1",0.0287075984686813,0.00421910474225924,1.01617603220916e-11
"ENSG00000130770.17",0.0240291468500858,0.00930948704803277,0.00984728775166488
"ENSG00000225920.2",0.010898544636514,0.00518814154673424,0.0356704299265383
"ENSG00000143353.11",0.000448430218623718,0.0087574467890623,0.959161698524798
"ENSG00000162817.6",0.00934545190987382,0.0113649348556971,0.410902873480972
"ENSG00000136630.12",0.0126879625641413,0.00515016026566611,0.0137547453486041
"ENSG00000229399.1",-0.00107956598479569,0.00449781060554167,0.810314496327769
"ENSG00000143502.14",0.0126876463233107,0.00965706523529491,0.188906754969304
"ENSG00000162819.11",-0.0240607252850288,0.00910478143138366,0.00822606962061045
"ENSG00000197520.10",0.00294889803096798,0.00686344679780884,0.66744833972219
"ENSG00000154305.16",-0.0189732683899381,0.00739536551339051,0.0103008824214229
"ENSG00000154309.8",-0.0300269419648402,0.00890350184009118,0.00074492671223414
"ENSG00000143768.12",-0.00236734978751059,0.0077332158966917,0.759507596210709
"ENSG00000228625.1",0.0208845639555932,0.0048256166970794,1.50569301498038e-05
"ENSG00000235605.1",-0.00046507152164851,0.00330842587509281,0.88820819360164
"ENSG00000091483.6",-0.00173041518347439,0.0116314879236626,0.881735210189249
"ENSG00000134644.15",0.0149380257361136,0.00717803135855185,0.0374269891162208
"ENSG00000057252.12",0.0110223633191185,0.0143406528152613,0.442125109120848
"ENSG00000163879.10",-0.0292457323850808,0.00828880417782278,0.000418172174647347
"ENSG00000243709.1",0.00807353545487997,0.0033622391101076,0.0163397167404007
"ENSG00000154380.17",-0.00938436640494757,0.0096503901255309,0.330834739152081
"ENSG00000160716.5",0.000576084748937811,0.00497593944214401,0.907831603408115
"ENSG00000126106.13",0.013986833942473,0.00796884206957858,0.0792267702551014
"ENSG00000198520.10",-0.0125590505778193,0.00680636391307922,0.0650095639192442
"ENSG00000196187.11",0.00764698144443255,0.0093329540426259,0.412585191736524
"ENSG00000154429.10",-0.00541341816933677,0.00515800085349754,0.293939469360033
"ENSG00000085491.15",-0.0141241907007043,0.00842039482166609,0.0934684568850976
"ENSG00000198715.11",0.0239751716005177,0.0156944302153606,0.12660618319199
"ENSG00000134684.10",0.0124753122416809,0.0116504921466027,0.284260708316945
"ENSG00000239873.2",0.00155456046724542,0.00546275853590745,0.775970333840089
"ENSG00000143387.12",0.0425568771775615,0.01217234622244,0.000471946410930069
"ENSG00000143457.10",0.0509178912502323,0.0111105548857315,4.58703830774621e-06
"ENSG00000229255.1",-0.0195231812581763,0.00593795635838817,0.00100951299060292
"ENSG00000277406.1",-0.0101583842734479,0.00867085218393362,0.241375576577108
"ENSG00000160781.15",-0.00408395850605078,0.00926267804388794,0.659281973608379
"ENSG00000197622.12",-0.0173989096501023,0.00926216699123341,0.0603138453740709
"ENSG00000168264.10",-0.0108808047660801,0.00591210834815603,0.0657055493172443
"ENSG00000154198.14",-0.00402484292463398,0.00825740793777259,0.625959251802795
"ENSG00000224699.8",-0.00545201136777605,0.00489687285767113,0.265551304319652
"ENSG00000158156.7",0.00100468070415067,0.00827422846156238,0.903356090114493
"ENSG00000186501.14",0.0238026128200878,0.0137007541529243,0.0823304635688769
"ENSG00000137992.14",-0.004268814416432,0.0131392841899009,0.74526476471382
"ENSG00000280924.1",0.0118136758400606,0.00586870063449331,0.0441149616506585
"ENSG00000163463.11",0.00459555883385205,0.0076235397270891,0.546633971978504
"ENSG00000231827.3",0.0269663897715283,0.00556010007704472,1.23472177193662e-06
"ENSG00000162910.18",-0.054591781955359,0.0133286644138054,4.20680561130649e-05
"ENSG00000143816.7",-0.0026981099216451,0.00666525144714554,0.685622749153886
"ENSG00000067704.9",0.0179399872185279,0.0130666864485533,0.169765986260044
"ENSG00000143125.5",0.00793541092274168,0.00396489918414391,0.0453476251654973
"ENSG00000231437.3",0.0199681924236888,0.00609010886375865,0.00104252919103975
"ENSG00000159352.15",-0.018029639078485,0.0159493086630732,0.258293439437084
"ENSG00000092850.11",0.00388638486726491,0.0071724275344542,0.587921362600879
"ENSG00000054116.11",0.00571419494871118,0.00980312698444569,0.559963901251243
"ENSG00000235674.2",-0.00419798160352245,0.00366295590995814,0.251768705578246
"ENSG00000163352.5",-0.0119181784721123,0.00559022972172585,0.0330096597714619
"ENSG00000116882.14",0.00704172006064423,0.00636947178646985,0.268924705080569
"ENSG00000242485.5",0.00841151450952859,0.00861350306204544,0.328792092478609
"ENSG00000198483.12",0.0164545403861165,0.0128937141525943,0.201896275415264
"ENSG00000219133.2",0.00737785639961284,0.00375444203201485,0.0494025918067642
"ENSG00000226235.1",0.0132819496900218,0.00480301750524845,0.00568644635172366
"ENSG00000236947.5",0.00412093069680798,0.00667612883979799,0.537060933494734
"ENSG00000231691.1",0.0109557933397819,0.00415560439825203,0.00837933951937309
"ENSG00000205090.8",-0.00524631306351489,0.00840724377632654,0.532612513112538
"ENSG00000273175.1",-0.00444921936292066,0.00423850350041283,0.29384931046878
"ENSG00000116209.11",-0.0240792781545754,0.00902576626279696,0.00763411601754993
"ENSG00000143742.12",0.0254633017564289,0.00920392258560027,0.00566493148509195
"ENSG00000196550.10",-0.0173583164159489,0.00561026934970198,0.00197460515509185
"ENSG00000162366.7",0.0202925027834376,0.00710288113828702,0.00427747153167657
"ENSG00000236806.1",0.00511012074032186,0.00534512088089304,0.33905473172995
"ENSG00000074800.13",0.00572976944339607,0.00989734160460413,0.562643124376598
"ENSG00000171163.15",0.00892910424547234,0.0208230979123502,0.668063191484107
"ENSG00000117360.12",0.000485593276065964,0.0140420054120613,0.972413472509476
"ENSG00000189280.3",-0.00786490860363425,0.0108323101962182,0.467801906342655
"ENSG00000189433.5",-0.0110996283841351,0.00895412668350691,0.215119539348378
"ENSG00000120949.14",-0.00412066132890589,0.00524924614538867,0.432453221809031
"ENSG00000239149.1",-0.00233398982892122,0.00487218486063734,0.631907487064119
"ENSG00000163545.8",0.00106272931190433,0.00505163158843696,0.833376190177376
"ENSG00000228150.1",-0.0054525260407759,0.00333357410568399,0.101915023309568
"ENSG00000132692.18",0.00553397737396166,0.00562894568274412,0.325544159914056
"ENSG00000229447.2",0.000859037229647118,0.00591310821405139,0.884492359308318
"ENSG00000224566.2",-0.00697556674860615,0.00578463882750625,0.227864664613639
"ENSG00000137962.12",-0.0131505607344075,0.0064967655984675,0.0429526202339446
"ENSG00000278274.1",-0.00355442711414187,0.00822190375823431,0.665514714745933
"ENSG00000119285.10",0.0135949837112298,0.0136798631492287,0.320322534457764
"ENSG00000142789.19",-0.000613605969572996,0.00328307123144837,0.85173904960725
"ENSG00000219073.7",-0.00208587795022572,0.00294540293063935,0.478832956891183
"ENSG00000049089.13",0.0104046222394403,0.00627254675180971,0.0971650445023864
"ENSG00000084073.8",0.00718320887138059,0.0116841890602184,0.538699842661057
"ENSG00000272482.1",-0.00783434255993222,0.00491037252561035,0.110607605448269
"ENSG00000174842.16",-0.000431781818789329,0.00752040787800534,0.954214868601328
"ENSG00000275131.2",0.0646520958160828,0.0137261577373237,2.47549237208933e-06
"ENSG00000158014.14",0.0109272856762909,0.00567220297227662,0.0540466640396126
"ENSG00000177614.10",-0.00177831613617011,0.00437399688929345,0.684327156658703
"ENSG00000271580.1",-0.0102593829410156,0.00508262886610468,0.0435372373096978
"ENSG00000116985.11",0.00842874598168673,0.00612800293937032,0.168992768658311
"ENSG00000160094.14",-0.0211816924286499,0.0111172185374561,0.0567404316681275
"ENSG00000175137.10",-0.0057552831809462,0.00895074829026354,0.520227577399155
"ENSG00000273487.1",0.0117897934997256,0.00846076409506798,0.163478691027528
"ENSG00000224114.1",-0.000651295354129215,0.0043733096785625,0.881612776106075
"ENSG00000160789.19",-0.0200469864831905,0.00882738161007899,0.0231469584261942
"ENSG00000230953.2",-0.0165683827044233,0.0110116062860778,0.132419473319561
"ENSG00000197880.8",-0.0156007766985391,0.0045708664065735,0.00064230815229227
"ENSG00000134242.15",-0.00543922082283956,0.0078863438982594,0.49038211326126
"ENSG00000176083.17",0.000260176399020868,0.0066873675746536,0.968965609936843
"ENSG00000169213.6",-0.0205076062777191,0.0194357238848342,0.291356675258072
"ENSG00000177800.2",-0.00400227328589688,0.00395686819856592,0.311789137691376
"ENSG00000158006.13",0.0126311797290821,0.0104643994869504,0.227408239992488
"ENSG00000142784.15",-0.00656446897412763,0.00944427529669699,0.487009009562077
"ENSG00000162551.13",0.00541181284462043,0.00443294426928898,0.222155390836304
"ENSG00000198570.5",-0.00577410867224248,0.00573499246345362,0.314020983358601
"ENSG00000117507.6",0.0081821674044055,0.00519576480208229,0.115308082824557
"ENSG00000117318.8",-0.0156983410552045,0.00685677611061872,0.0220524157970284
"ENSG00000011009.10",0.0443473715789367,0.0147048602519985,0.0025627615872309
"ENSG00000134698.10",0.0016554838724711,0.0108723261531084,0.878977266594489
"ENSG00000116580.18",0.05991219071739,0.00974056456949552,7.70967734098349e-10
"ENSG00000198799.11",0.00111451829135544,0.00675541769889939,0.86895861954108
"ENSG00000159377.10",-0.019239111299406,0.0121636856370026,0.113721645479479
"ENSG00000178096.8",0.0275680767503742,0.0274246754653976,0.314786635195465
"ENSG00000265808.3",-0.00100384600193948,0.0122042285195021,0.934444772883762
"ENSG00000162398.11",0.00179612677480009,0.00437342030775544,0.681298722134726
"ENSG00000142669.14",-0.0166328608027144,0.00810248735107994,0.0400910832265098
"ENSG00000203709.11",0.00590519084055521,0.00749331517568824,0.4306609175309
"ENSG00000132781.17",0.0173861596114755,0.00994066034710877,0.0802919816381007
"ENSG00000220749.4",-0.00755729300672016,0.00560180712182746,0.177310867023034
"ENSG00000183431.11",-0.0119696048915994,0.00628124961620139,0.0567009723590169
"ENSG00000253304.1",-0.00757885678060227,0.011323852043106,0.503315244220446
"ENSG00000235912.1",-0.00719749916279457,0.00495057948002922,0.145982341850739
"ENSG00000058799.14",-0.00910758429447518,0.0124275459525097,0.46364711199252
"ENSG00000160753.15",-0.0277592903353995,0.00880849181218547,0.00162476576965886
"ENSG00000272755.1",-0.0151562464888995,0.00758455988795085,0.0456838531655711
"ENSG00000269713.7",0.000299505698089538,0.0099153125499148,0.975902460399704
"ENSG00000275557.1",-0.0114768997094371,0.00738678269245227,0.120254201998505
"ENSG00000223583.1",-0.00145527875414092,0.0059263914621001,0.806023631670027
"ENSG00000117139.16",0.0112817470413735,0.0065106815193313,0.0831301822680819
"ENSG00000187980.6",0.000360087409376581,0.00539551948903084,0.946790100663052
"ENSG00000223396.2",-0.000901115857270478,0.00583358080159773,0.877238808257976
"ENSG00000134371.10",-0.0250680754147465,0.0108719781393407,0.0211245447324708
"ENSG00000175262.14",-0.0106274434606589,0.00444423701614072,0.016789450982273
"ENSG00000181817.5",0.00812201837188656,0.0122520909320416,0.507388992836168
"ENSG00000027869.11",0.000235725158659349,0.00706846694012871,0.973396408332242
"ENSG00000189171.14",0.0195503191490235,0.00845464795863287,0.0207570100569855
"ENSG00000177954.11",0.0207743391473899,0.00892420069133585,0.0199192452539213
"ENSG00000130764.9",0.00156226189969835,0.00656988007806093,0.812042780795219
"ENSG00000227630.2",0.00615579437385861,0.00415719429838123,0.138671350549356
"ENSG00000241014.1",-0.00337373719903164,0.00944062912002661,0.720819623778782
"ENSG00000180098.9",-0.020855232307437,0.007870525580231,0.0080542048500214
"ENSG00000197989.13",0.018579259970461,0.00797355365535425,0.0198003190666481
"ENSG00000271420.1",-0.00296056884684544,0.00782772451924442,0.705270312221217
"ENSG00000118193.11",0.013668452773554,0.00541055075946517,0.0115284441793866
"ENSG00000077157.21",0.0326865448847217,0.0130821883008191,0.0124701384816752
"ENSG00000134193.14",-0.00898621180971104,0.00813153627762548,0.269113539563701
"ENSG00000273058.2",-0.0163233564696077,0.00574484436849047,0.0044917022736054
"ENSG00000158315.10",0.00357820199691279,0.00997442915795045,0.719791455910047
"ENSG00000116396.14",0.0149919114326754,0.00570553181413571,0.00859870809237029
"ENSG00000142583.17",-0.00976039653785937,0.00383194805738695,0.0108618918773621
"ENSG00000236269.1",-0.00817322272775662,0.00445367144995413,0.0664812200037447
"ENSG00000117122.13",-0.00605431327646805,0.00636600046378548,0.341584693168709
"ENSG00000233084.2",-0.00666812896898952,0.006876724251237,0.332212765980479
"ENSG00000203995.9",-0.014361238926778,0.00805345260091878,0.0745472414718211
"ENSG00000116221.15",0.00331021322188992,0.00813875764809553,0.684212051018788
"ENSG00000271992.1",-0.00288662828916514,0.00617231995885313,0.640018348255632
"ENSG00000284138.1",-0.0186499819646263,0.00588439593253541,0.00152756022437051
"ENSG00000198198.15",-0.0144644546721326,0.00919485094139585,0.115694792354573
"ENSG00000162873.14",0.0134099568337435,0.00537943078667455,0.0126732797636623
"ENSG00000127423.10",-0.00264213115418776,0.00445322178442312,0.552975189530099
"ENSG00000158008.9",-7.98989521887522e-05,0.00743342024680674,0.991424013342027
"ENSG00000232862.5",-0.000136189711656613,0.00538302604500167,0.9798157994781
"ENSG00000116871.15",-0.0033713266009531,0.0114073492421864,0.767581493927865
"ENSG00000160767.20",0.0472059861792046,0.0107668287733243,1.1631075138796e-05
"ENSG00000143578.15",0.0167991566847542,0.0152394077674306,0.270309667262742
"ENSG00000143515.16",0.0564409970271334,0.00907202256345895,4.92628826620489e-10
"ENSG00000143545.8",0.01955994596883,0.00820236051632734,0.0170943180287
"ENSG00000116521.10",-0.0207030156703631,0.0122182723205749,0.0901834707109462
"ENSG00000272971.1",0.0111302472988673,0.00784397989177271,0.155912403058924
"ENSG00000227741.1",-0.00263221488178637,0.00543822851796999,0.628371216636679
"ENSG00000143627.17",0.00782002177362329,0.00544375485412158,0.150856568366395
"ENSG00000226855.1",0.00817848494335321,0.00480995169164233,0.0890696606816832
"ENSG00000157873.17",-0.0114394531623824,0.00842010687184426,0.174277292532607
"ENSG00000078900.14",-0.00926109698536554,0.00644121807370474,0.150494614702755
"ENSG00000078369.17",-0.0423912169398434,0.0140717404709536,0.00259099444090483
"ENSG00000178821.12",0.00165279800072344,0.00488192064694555,0.734945086680852
"ENSG00000215912.12",0.0050697796780929,0.0073646164444689,0.491202828619199
"ENSG00000117262.18",0.023640183416843,0.0155290098952013,0.127927934177144
"ENSG00000272906.1",0.00177315597905513,0.00605280830302567,0.769562164905093
"ENSG00000260360.1",-0.00481809962805658,0.00546452400666383,0.377936209062054
"ENSG00000235790.7",-0.00352355932671423,0.0103998602216498,0.734754121797656
"ENSG00000084628.9",0.00632416118732018,0.00676022749695269,0.349533093925977
"ENSG00000142910.15",-0.0021228696037198,0.0097338775263044,0.82735832805036
"ENSG00000158786.4",0.00768339308704152,0.00457026452373518,0.0927298360639582
"ENSG00000004487.15",-0.01524743081669,0.00971303435411385,0.116463816229004
"ENSG00000272931.1",0.0029842804205516,0.00445305774445649,0.50275304542278
"ENSG00000171488.14",-0.00952125072856461,0.0105269530314445,0.365749380852497
"ENSG00000231999.6",-0.00499888148308817,0.00573539660464652,0.383435213120535
"ENSG00000224950.2",0.00987840930931394,0.00572162592682479,0.0842568035659481
"ENSG00000116815.15",-0.00268130251709127,0.00972847777251193,0.782844725783212
"ENSG00000226828.1",0.00713918073272336,0.00541669692087348,0.18750524293178
"ENSG00000117228.9",0.0328245897517773,0.00909575486549056,0.000307638855912451
"ENSG00000134207.14",-0.00228367875970334,0.00635942734105437,0.719519293330068
"ENSG00000078808.16",-0.0011310268449103,0.00839121250688539,0.892780238857914
"ENSG00000160072.19",-0.0095374759157892,0.00562310213963304,0.0898624861994436
"ENSG00000215915.9",0.00128821075740687,0.00419484203744232,0.758771835985071
"ENSG00000228594.3",0.00843830703653917,0.00572843862258208,0.140736117456415
"ENSG00000276997.4",0.0121621607178248,0.00402183863590557,0.00249431697325364
"ENSG00000266094.7",-0.0139538635451373,0.00818582853820633,0.0882622068099819
"ENSG00000117335.19",0.00592364496218873,0.00785322583819282,0.450672411407191
"ENSG00000136634.5",0.0327495461579304,0.00749102593341722,1.23205358909528e-05
"ENSG00000162441.11",0.00160319723747556,0.00716077243000507,0.822845950806544
"ENSG00000280113.2",-0.00918650647745716,0.00457969028776893,0.0448644546788827
"ENSG00000171608.15",-0.0101176369711219,0.00844091865842053,0.230667301766644
"ENSG00000178585.14",-0.0299012752121991,0.012339759117584,0.0153859269713233
"ENSG00000130939.18",0.00497924662017031,0.00894079872138606,0.577586904064362
"ENSG00000142655.12",-0.00689419689199042,0.00822958863461503,0.402180749253013
"ENSG00000284413.1",-0.0145286762132486,0.00635432633915001,0.0222295394860826
"ENSG00000085998.13",0.00129229545810081,0.0134828468172218,0.92364179171722
"ENSG00000228549.3",-0.00178721185666943,0.00436472314139307,0.682196682610474
"ENSG00000163191.5",0.00766743200305059,0.0123531236230457,0.534805117808454
"ENSG00000215861.5",0.0080496496621865,0.0101283878193994,0.426752424546803
"ENSG00000238186.1",-0.00360408691929025,0.00274674536435431,0.189476284584879
"ENSG00000116754.13",0.0145388804447203,0.0135432704022975,0.283040889681924
"ENSG00000159214.12",0.0190148280659008,0.00967685622766521,0.0494165629799473
"ENSG00000171960.10",-0.00184272484826762,0.00770308127027101,0.81093562450089
"ENSG00000142959.4",0.0279975573348749,0.00606470218141256,3.90309504605391e-06
"ENSG00000187147.17",0.00308521125875063,0.00690034087044211,0.654795654591526
"ENSG00000234329.1",-0.00273893225409908,0.00574854445558341,0.633749081446252
"ENSG00000159596.6",-0.025293183393776,0.0104701128877037,0.0157028049510362
"ENSG00000244371.2",-0.0104390564645568,0.00383222302228784,0.0064492381407516
"ENSG00000159388.5",-0.00877687408286252,0.00431258687322566,0.0418331488194978
"ENSG00000206762.1",-0.00685670598264205,0.00466574576641378,0.141674418146393
"ENSG00000143839.14",0.00216371387962814,0.00489203161803981,0.658276820155868
"ENSG00000090020.10",0.00222737351650954,0.00769514120296691,0.772235556081453
"ENSG00000169442.8",0.0108129588186159,0.00942485710831125,0.251265533344985
"ENSG00000241547.1",-0.0129922877505497,0.00655644754232451,0.0475234924459897
"ENSG00000236155.6",-0.00224521722715739,0.00592041119325471,0.70451460618236
"ENSG00000162430.16",0.00432316642774606,0.0104980021793932,0.680479797892339
"ENSG00000169504.14",-0.0486922022662615,0.015781493661801,0.00203279359402364
"ENSG00000142694.6",0.016929322888473,0.0072196792380198,0.0190329113173472
"ENSG00000163348.3",-0.0430879409513194,0.015434342805833,0.00524331387425525
"ENSG00000143612.19",0.0207086469657956,0.0146274378628138,0.156851680703315
"ENSG00000143569.18",0.0175088875096458,0.00962817106077487,0.0689868199344009
"ENSG00000160691.18",0.0219035149858631,0.00959326881515325,0.0224175859016533
"ENSG00000163357.10",0.0215099352946115,0.00818659949846115,0.00860258020915383
"ENSG00000160752.14",-0.00283281851041002,0.00746204779436269,0.704219958365512
"ENSG00000132702.12",0.0342770596566031,0.00952288273267691,0.000318901317375775
"ENSG00000179085.7",0.0143940340129554,0.00912057494029558,0.114521114573329
"ENSG00000272153.1",-0.00494618822559316,0.00490335433814018,0.313101439448472
"ENSG00000169885.9",-0.00174232883066282,0.00715031591509973,0.807485180003452
"ENSG00000157933.9",-0.00419065860570686,0.0099239367268059,0.672822228033997
"ENSG00000157916.19",0.00786406159937349,0.00769926905468535,0.307063231554055
"ENSG00000157911.9",0.00936324301948178,0.00664711872420055,0.158948512346442
"ENSG00000271806.1",0.00756621607041421,0.00606520016935745,0.212221539282552
"ENSG00000160075.11",-0.00478844814792387,0.00982091253855782,0.625849701133856
"ENSG00000197921.5",0.00995615547444105,0.00475026393226482,0.0360896189364385
"ENSG00000188739.14",0.00391067090354629,0.00374201259269079,0.295989901486032
"ENSG00000272419.6",-0.00849948691572179,0.0365954333421215,0.816339652927705
"ENSG00000265491.4",-0.0483115285492306,0.0190514356339395,0.011217568743693
"ENSG00000143322.19",0.0150895271215359,0.0123522328879028,0.221857721045739
"ENSG00000116260.16",0.0217007248986338,0.0144628028714688,0.133497655348617
"ENSG00000269967.1",0.00825237246602485,0.0048982388427718,0.0920342707320593
"ENSG00000084623.11",-0.00549030603827829,0.0207678148446465,0.79149783741765
"ENSG00000121775.17",0.0122445950167685,0.008631000231759,0.155993425277848
"ENSG00000183615.5",0.00344227185885013,0.00831547762583396,0.678903688333647
"ENSG00000176261.15",-0.0178020627814866,0.0150313215611589,0.236281991368252
"ENSG00000121774.17",0.0225384214779101,0.0115568786640237,0.0511502579342701
"ENSG00000227496.1",0.00258120951107428,0.00424258051736375,0.542918534861414
"ENSG00000270104.1",-0.0106596639220784,0.00555768413868523,0.0551104237984763
"ENSG00000236975.1",0.00593251311964977,0.00348315362476122,0.0885303316322859
"ENSG00000187942.11",0.000510502217041139,0.00681765884556868,0.940310665403852
"ENSG00000226889.3",-0.00259087158756408,0.00436207254614137,0.552542703656168
"ENSG00000163435.15",0.00197852423983656,0.00844824169702572,0.814834673864777
"ENSG00000133063.15",-0.00696420492704562,0.00453975838185171,0.125017971323836
"ENSG00000279513.1",-4.61112632531059e-05,0.00482965418696716,0.99238228977564
"ENSG00000092621.11",-0.006102990490339,0.0102485026046806,0.551508830340669
"ENSG00000224238.2",-0.00674730005309,0.00465661633905707,0.147345800220276
"ENSG00000162849.15",0.00244960298805016,0.00530493121898596,0.644253715940788
"ENSG00000233954.6",-0.00211391697217791,0.0058895275779594,0.719648873997915
"ENSG00000187144.11",0.00118781493614624,0.00536575767630294,0.824804761693415
"ENSG00000160058.18",-0.00784822896755947,0.00964155585841982,0.415644802492833
"ENSG00000160055.19",0.00475375709606397,0.0124728962906993,0.703109040277827
"ENSG00000179902.12",-0.00171349549636115,0.00510687053111434,0.737227204618733
"ENSG00000232480.1",0.00299446570970598,0.00625807352032279,0.632296929220043
"ENSG00000270585.1",-0.00143419704965098,0.00601184490891443,0.811445323712193
"ENSG00000171603.16",-0.00972325767083974,0.00946080515282278,0.304071660084363
"ENSG00000162490.6",-0.000364396839083563,0.00380444192071778,0.923693758836968
"ENSG00000171824.13",-9.14007250356106e-05,0.00565286915583756,0.987099639517268
"ENSG00000130940.14",-0.0064543294560624,0.00948668317566033,0.496278564410942
"ENSG00000230337.1",0.00153696729032089,0.00415947848929524,0.711747908620164
"ENSG00000048707.13",-0.0129050683630839,0.00649849784467566,0.0470495304532228
"ENSG00000011021.21",0.0223797313138184,0.00534465295650041,2.8227723575025e-05
"ENSG00000137955.15",0.0180900464008724,0.00986759104089754,0.0667611063085444
"ENSG00000143375.14",0.0230781554609291,0.01667703894879,0.166411090423796
"ENSG00000234080.3",0.0217972525684708,0.00916988531676685,0.0174518426885441
"ENSG00000085831.15",-0.00626966501722708,0.0257363719613257,0.807532056776847
"ENSG00000261664.5",-0.0305807178867249,0.0116003603662176,0.00838435395674997
"ENSG00000213735.2",-0.00156102300897836,0.00568484041602422,0.783628184650754
"ENSG00000116212.14",-0.0116504929627508,0.00652954772753646,0.0743793837225983
"ENSG00000117010.15",0.00147033688336733,0.00589868772030244,0.803155738849299
"ENSG00000162604.12",-0.00261166198412048,0.00675144150193417,0.698881861264314
"ENSG00000116704.7",-0.00387886401964171,0.00734873395922274,0.597619054595361
"ENSG00000117000.8",-0.00933404660573745,0.00822962880745015,0.256710581869008
"ENSG00000033122.18",0.00210117108483689,0.00837821881555066,0.801976695982465
"ENSG00000126091.19",0.0075727228720664,0.0106747591815049,0.478073456964112
"ENSG00000132773.11",0.0335994646541966,0.0135183402471833,0.0129379536570745
"ENSG00000171872.4",0.0107061631732631,0.00705358460650588,0.12905651480513
"ENSG00000159588.14",0.0176872242874035,0.0121351817632557,0.14497393654588
"ENSG00000117450.13",-0.00430932649463894,0.019127163758059,0.821746855401311
"ENSG00000274020.2",0.0137830022397347,0.0146157158445671,0.345667527565269
"ENSG00000266338.6",-0.00575559035762223,0.0160178407388725,0.719352920556642
"ENSG00000174529.7",0.0482047608685674,0.00947941326538459,3.67228972897315e-07
"ENSG00000058668.14",0.0319803699939031,0.0146738561275256,0.0293011166347259
"ENSG00000130766.4",-0.0116198136056329,0.0086528438559456,0.179307740174259
"ENSG00000253368.3",-0.00869946854098513,0.0112975869905185,0.441282746652786
"ENSG00000188782.8",0.00212156492511486,0.00660492971354437,0.74805177626178
"ENSG00000188822.7",0.00917549446093056,0.00595910646155063,0.123622929013212
"ENSG00000184454.6",0.00801521374904731,0.00661527332154518,0.225656932227283
"ENSG00000117308.14",-0.0176233168738261,0.0141093912105902,0.211647258902527
"ENSG00000229162.1",0.00290654630649404,0.0050498560997178,0.564905779025632
"ENSG00000227082.1",-0.00157545594312367,0.0266769744628311,0.952906891112007
"ENSG00000187642.9",-0.000855978603727111,0.00536513243501651,0.873239720463336
"ENSG00000272141.1",-0.0190230192395837,0.0103102661148486,0.0650293804092209
"ENSG00000272455.1",-0.00778416210903985,0.00928922741912452,0.402043428583913
"ENSG00000225285.1",-0.000312990161093016,0.00720814894899451,0.965365371081174
"ENSG00000131591.17",0.0174558251017947,0.00904988077729272,0.0537500002271957
"ENSG00000223823.1",-0.00317647639502872,0.00607588930046557,0.601113271375981
"ENSG00000224051.6",0.0157880278985367,0.013037036403429,0.22589020685564
"ENSG00000223764.2",-0.00406135878590418,0.00959022151829924,0.671938106798369
"ENSG00000225871.2",0.00790394937387108,0.0101617338708549,0.436678063802686
"ENSG00000116819.6",-0.00728278436494307,0.00876660372545729,0.406119493958813
"ENSG00000169242.11",0.0289022410064334,0.0170891051147015,0.0907858033308453
"ENSG00000236675.1",0.0141943905851288,0.0044218424063943,0.00132706104095859
"ENSG00000160803.7",-0.00260007208689466,0.010047601325715,0.795808536793152
"ENSG00000143303.11",-0.0433574690347955,0.0100484870553001,1.59728962474404e-05
"ENSG00000177807.8",-0.000950379753026407,0.00459209983204335,0.836041306394381
"ENSG00000188643.10",0.000332028083858165,0.00969847765273804,0.97268969925516
"ENSG00000142609.17",0.0188936099314287,0.00540385842591854,0.000471725365231879
"ENSG00000107404.19",-0.0129089178250955,0.00992821663089436,0.193523783267044
"ENSG00000221978.11",-0.00739186568877008,0.0104261534664166,0.478340971009566
"ENSG00000162576.16",0.00305173880456241,0.0099305854696492,0.758609679298232
"ENSG00000203812.2",0.0447165592498027,0.0141106020726277,0.00152962109502608
"ENSG00000178104.19",0.0161132319240052,0.0164511427295508,0.3273528735425
"ENSG00000174827.13",-0.00233466843016199,0.012740588739503,0.854604601945041
"ENSG00000281571.2",0.0205629846963929,0.0129532946647432,0.112405921541118
"ENSG00000121851.12",-0.0841661095777892,0.0274349175081482,0.00215607497664838
"ENSG00000227815.2",0.00125003171493547,0.00508664369390752,0.805877434381381
"ENSG00000162517.12",-0.00802836386863786,0.0142377930776344,0.572837852458053
"ENSG00000273274.1",0.00302203149265613,0.00822004642340558,0.713140448638193
"ENSG00000127074.14",-0.00612830666770089,0.00796228954827737,0.441497810940125
"ENSG00000134259.3",0.00987729605339749,0.00698329863413412,0.157239512082698
"ENSG00000261662.1",-0.0118593462848189,0.00866079415159392,0.170901157989418
"ENSG00000169509.5",0.000842045459408284,0.00632911725363864,0.894159284622375
"ENSG00000079277.19",0.0154779629493831,0.0133864909762995,0.247584022251684
"ENSG00000232811.1",0.0061654641660779,0.00435220527333967,0.156591158890812
"ENSG00000158716.8",0.00642752507524909,0.00796039531650937,0.419414224561888
"ENSG00000184260.5",-0.0358959901812132,0.012865778699389,0.00527021249903659
"ENSG00000248527.1",0.0120976774354818,0.00691091625683048,0.0800291173268544
"ENSG00000186827.10",-0.014309749469547,0.00885904017580487,0.106252050574476
"ENSG00000235527.6",0.00598718582821195,0.00695804898991972,0.389530535276513
"ENSG00000187608.8",-0.00220211518067388,0.00826279750996474,0.78984673699949
"ENSG00000143498.17",-0.0289536370939782,0.0058693756456666,8.09756581232612e-07
"ENSG00000162444.11",0.00572682157157856,0.00474919845040102,0.227875282142578
"ENSG00000157077.14",-0.0270070777465224,0.0183216017513013,0.140466355961975
"ENSG00000228929.1",0.0160434303594562,0.0058538318627808,0.00613137678271092
"ENSG00000159592.10",-0.0130050579229993,0.0151089192497816,0.389373718393509
"ENSG00000188290.10",-0.00660362630441525,0.00661614293684432,0.318226909912151
"ENSG00000189409.13",-0.00109160466442275,0.00676925590261755,0.871889271091902
"ENSG00000142937.11",0.0302939833635525,0.0117202525228938,0.0097448165551004
"ENSG00000169403.11",-0.0161054087810571,0.0104919030446284,0.12477592417417
"ENSG00000225886.3",-0.00154993328171639,0.00755111431229561,0.837369867447469
"ENSG00000240409.1",0.00470386340533855,0.00506811293537813,0.353340574851038
"ENSG00000225828.1",0.0235299791620412,0.00816912662487663,0.00397228479472334
"ENSG00000198019.12",-0.0145395797220847,0.0209826158833992,0.488350619452742
"ENSG00000163216.6",0.000261469519944415,0.0052112482868071,0.959983677168906
"ENSG00000116128.10",0.0116847015958268,0.0156835934842825,0.456255359460759
"ENSG00000116478.11",-0.00449030414633149,0.00770796942376308,0.560193952850616
"ENSG00000119535.17",-0.0121369420792868,0.00801067533536446,0.1297480969946
"ENSG00000116863.10",0.0134803153828118,0.00919196881529643,0.142503440435046
"ENSG00000143401.14",0.101970290443042,0.0205830824603235,7.26723371480276e-07
"ENSG00000265531.3",0.0170748704333621,0.0164433274642406,0.299080496226771
"ENSG00000143570.17",-0.0398339241356718,0.0150637197970138,0.0081845138172143
"ENSG00000187048.12",0.0172757592035662,0.00487627462503393,0.000395874059440415
"ENSG00000187634.11",0.00833957412686483,0.00974056455506548,0.391904039411792
"ENSG00000229376.3",0.00465893957661178,0.00622333551152472,0.454083741126393
"ENSG00000188157.14",0.00922269114041989,0.013325899094979,0.488882242069246
"ENSG00000126705.13",-0.00921406977376655,0.0112926126734393,0.414535699560295
"ENSG00000116171.17",0.021805171394962,0.0166825480426547,0.191190703266098
"ENSG00000225972.1",0.00252216265784387,0.00644172627058944,0.695401666760288
"ENSG00000197429.10",-0.0144210030087425,0.00928962549836466,0.120571990783424
"ENSG00000274372.4",-0.0133924060748052,0.0108534279541724,0.217227763016356
"ENSG00000034971.16",0.00506425189944458,0.0102873049391687,0.622520219534525
"ENSG00000271554.1",0.00588800314466848,0.00491008425513958,0.230463638547068
"ENSG00000203818.7",0.025823081706799,0.0192248431324756,0.179202634724896
"ENSG00000234571.1",0.000909872775910904,0.0267073368082201,0.972822710227696
"ENSG00000126698.10",-0.0078795468358771,0.0172225840337519,0.647302746544064
"ENSG00000123080.10",-0.00755138428120143,0.00992612058471713,0.446801104994785
"ENSG00000232027.2",-0.00851796542233096,0.00701059259464783,0.224360900248211
"ENSG00000162374.16",-0.0140071990359731,0.00865274402588366,0.105486894254889
"ENSG00000117862.11",0.0700678811225714,0.0246698493518776,0.00450819632231148
"ENSG00000230585.2",0.00965809975345812,0.00690277460760727,0.161764416404943
"ENSG00000224680.4",-0.0206846520919402,0.00713070251764434,0.00372226312222512
"ENSG00000117408.10",0.0344406939955837,0.0140477765643429,0.0142189892399553
"ENSG00000117090.14",0.0117081150487852,0.00733336776444306,0.110365238384651
"ENSG00000070759.16",-0.0325746770454395,0.0165601435775916,0.0491771222117194
"ENSG00000116954.7",0.016744086577775,0.00695841352169325,0.0161146693170191
"ENSG00000181773.6",0.0139231398620976,0.00843224019909093,0.0987019832919068
"ENSG00000160712.12",0.000451347671400478,0.00681321562921521,0.947182045894398
"ENSG00000198744.5",-0.00207073798509577,0.00715483661736238,0.772261577620165
"ENSG00000168509.19",-0.0139928319480848,0.00976948959394211,0.152058217275392
"ENSG00000130775.15",-0.0341778587794548,0.0119019996523675,0.00408391231087879
"ENSG00000231752.5",0.00923002865638551,0.011421037202463,0.418998318313428
"ENSG00000174950.10",-0.0360735930130561,0.0109561596945977,0.000992868064041641
"ENSG00000271601.3",-0.0429012486344623,0.0414472353741511,0.300631053440996
"ENSG00000225630.1",-0.00801752647431177,0.00826785415475875,0.332184694974469
"ENSG00000279928.2",0.010009513622934,0.00747639147891316,0.180630533311553
"ENSG00000239906.1",0.00357916043508654,0.012131495488204,0.767970627406298
"ENSG00000230699.2",0.00165711861618513,0.00733062687935955,0.821159305820285
"ENSG00000270872.2",-0.00657312296004864,0.014893624625186,0.658968297741213
"ENSG00000230615.6",0.0050535047305974,0.00738863846916824,0.494002854958093
"ENSG00000076321.10",0.0174966129859618,0.0153918622872676,0.255645159921677
"ENSG00000232527.7",-0.0472894950606491,0.0227890958228896,0.0379779088833798
"ENSG00000279457.4",-0.0123194068558386,0.0113686977517016,0.278531033127672
"ENSG00000231344.1",0.000560225589946322,0.00511125178485279,0.912721584072124
"ENSG00000227232.5",-0.0195584053348395,0.0215868401316863,0.364917998332226
"ENSG00000176855.11",-0.00173354660148951,0.00639501589551805,0.786331224243288
"ENSG00000233750.3",-0.0101468661625186,0.0097586115959887,0.29843940886451
"ENSG00000197530.12",-0.0272225112611683,0.0129760929327074,0.0359142122317765
"ENSG00000163157.14",-0.00351398081987446,0.00997006857990188,0.724498542439602
"ENSG00000227070.1",-0.046422359284018,0.0172644631172394,0.00716885824388147
"ENSG00000272150.5",-0.0136959876204992,0.0144990749772868,0.344857441922666
"ENSG00000228794.8",0.00660824870311203,0.00916635271200007,0.470955937361364
"ENSG00000233586.1",0.0060585777784288,0.0301539831401188,0.840760104924985
"ENSG00000272031.2",-0.00708585388564611,0.0175914578736114,0.687094748281792
"ENSG00000118298.10",0.0213352485619313,0.0151936534227547,0.160253023705928
"ENSG00000265972.5",-0.0116068432941528,0.013854612956852,0.402165396838386
"ENSG00000131779.10",0.0752775613960794,0.025241815457291,0.00286132413698792
"ENSG00000117362.12",0.0340444662363921,0.0240814465293518,0.157443598272507
"ENSG00000277702.1",0.00452412322126054,0.0329618680934922,0.890830628932467
"ENSG00000188610.12",0.0143846196522952,0.0231791329428316,0.534872784392862
"ENSG00000237094.11",-0.00698868319586964,0.0067844736384258,0.30296327964874
"ENSG00000215784.5",0.0284368579000792,0.021728916004855,0.190632474623631
"ENSG00000143127.12",0.00794564994564603,0.0467533195813163,0.865050749190358
"ENSG00000233029.3",0.0513375478142904,0.0334081024025909,0.124371801017232
