"phenotype","causal_b","causal_se","causal_p"
"ENSG00000124831.18",-0.00680069550507178,0.00756339153067707,0.36856769803597
"ENSG00000170264.12",0.00767638557524193,0.00677286219181014,0.257044853521387
"ENSG00000273302.1",0.00449416160373345,0.00386448772803503,0.244854451085637
"ENSG00000226622.5",0.0456648332961362,0.00630140740582704,4.26880752968373e-13
"ENSG00000173209.22",-0.00205445090572902,0.00379055091617732,0.587823538393395
"ENSG00000237651.6",-0.00365498131192233,0.00268118962032238,0.172821411956589
"ENSG00000082898.16",-0.0169979999063273,0.0104642305133142,0.104292426641656
"ENSG00000115464.14",0.0242469340538005,0.0110851125290778,0.0287175546960301
"ENSG00000212978.6",-0.00129179595840638,0.00616183687643564,0.833945050690107
"ENSG00000128710.5",-0.0140239808044924,0.00561419819597492,0.0124914161214366
"ENSG00000128709.12",-0.00926922724439287,0.00522783746422115,0.0762201042316852
"ENSG00000115966.16",-0.0022148345110279,0.00902332295705557,0.806102879643324
"ENSG00000154518.9",-0.0136184145787779,0.00861653312479303,0.113992832471914
"ENSG00000170178.6",-0.00619711022374193,0.0053770015738927,0.249106816808936
"ENSG00000272944.1",-0.00512523652446087,0.00533819004567998,0.337001092964308
"ENSG00000116106.11",0.00143582403247271,0.00750865272800146,0.848351204821382
"ENSG00000226819.1",-0.00635784183734799,0.00367898535877674,0.0839611749757121
"ENSG00000066248.14",0.00929763167404305,0.00517003646878304,0.0721186021781679
"ENSG00000115474.6",0.00355397951196652,0.00403576800939155,0.378523330293441
"ENSG00000163283.6",0.000648392363839314,0.00401845272178156,0.871814801631318
"ENSG00000115282.19",-0.0116566568101452,0.00636384825497315,0.0669962232741576
"ENSG00000237737.5",0.000574882527596273,0.00502033097713619,0.908832820637501
"ENSG00000225328.1",0.00275686910377795,0.00587003952767803,0.638604482378106
"ENSG00000135968.20",-0.00912096709978966,0.00578940936108199,0.115150932786525
"ENSG00000187123.14",0.00693365009927602,0.00600503104989213,0.248237807772901
"ENSG00000236501.5",0.00742755353463097,0.00474047444562066,0.117152659585796
"ENSG00000128714.5",0.0117754117346381,0.00596446127807262,0.0483519120758402
"ENSG00000128654.13",0.00956563088144929,0.00681788338725953,0.160610694362791
"ENSG00000224189.6",0.0113355012481251,0.00459044755050792,0.0135352195069598
"ENSG00000128645.14",0.00728470646350408,0.00408704033696092,0.0746853904620256
"ENSG00000226363.3",0.00462444197288066,0.00450039151218613,0.304154791167705
"ENSG00000229727.6",0.0102223291864005,0.00398805557588104,0.0103701415414528
"ENSG00000235576.1",0.00871353876504784,0.00473455948445318,0.06570781407892
"ENSG00000168906.12",-0.028788520112141,0.00687900250447123,2.85185331099225e-05
"ENSG00000132305.20",0.021926824193512,0.00822053992773405,0.00764584561136628
"ENSG00000273080.1",-0.00741405129691582,0.0030801747283783,0.0160831586217414
"ENSG00000185414.19",-0.0119545379690551,0.00590575643038747,0.0429477350516234
"ENSG00000273306.1",0.0146244591074492,0.00634095396786209,0.0210910840834775
"ENSG00000135951.14",-0.00188262777629613,0.00623717308191549,0.762774103377269
"ENSG00000144182.16",-0.00816346448025561,0.00584829607015943,0.162753468736413
"ENSG00000144214.9",0.0447569160167444,0.00661267094402145,1.30253585695073e-11
"ENSG00000273045.5",0.00816481412740002,0.00782199328377297,0.296565062012441
"ENSG00000115364.13",-0.00439941508863602,0.00576299331383812,0.445230467157128
"ENSG00000082153.17",-0.0313130470604155,0.00901870529227587,0.000516574512573587
"ENSG00000135632.11",0.00780908613074561,0.0102892443495355,0.447878738666324
"ENSG00000116016.13",0.00701835304136646,0.00611270147613542,0.250902943091721
"ENSG00000182600.9",0.00742849231143354,0.00468168550135188,0.112577609148572
"ENSG00000221944.6",0.000999127035584369,0.00642933075577354,0.876504876233214
"ENSG00000244122.2",0.00325032006798009,0.00385403548403203,0.399029935263251
"ENSG00000085982.13",0.0148716326621067,0.00578660861542175,0.0101696053476166
"ENSG00000132321.16",-0.00374582656504083,0.00419053264231833,0.371386962028548
"ENSG00000156966.6",0.00288274221934187,0.00400027305620605,0.471133276087875
"ENSG00000261829.1",0.00191162034428128,0.00475868822631481,0.687896273665966
"ENSG00000171596.6",-0.00570398607544473,0.00327238149549189,0.0813215983402615
"ENSG00000237877.6",-0.000907720781428273,0.00675998525586494,0.893182341933975
"ENSG00000153823.18",-0.0055185564931132,0.00705709194691954,0.434222019345929
"ENSG00000238133.6",-0.00639667027936235,0.00431128252658055,0.137887270758751
"ENSG00000091428.17",-0.0132518728529019,0.00488166904584079,0.00663520033690634
"ENSG00000271151.1",-0.000655161333818249,0.00524277601743926,0.900551586897975
"ENSG00000226853.2",-0.00364710446208737,0.00425052834242911,0.390872828636761
"ENSG00000066032.18",0.00667824166344539,0.00438705945813543,0.127944144405199
"ENSG00000143954.12",-0.00368998366789861,0.00370115077188724,0.318772857714123
"ENSG00000115386.5",-0.000886512605635562,0.00335141959031507,0.791380383175468
"ENSG00000138073.13",0.019438733082889,0.0082088011762555,0.0178828170594076
"ENSG00000138074.14",0.00420676373205074,0.011352234115158,0.710960039170134
"ENSG00000171303.6",0.0115000741381627,0.00828620767264045,0.165180490329251
"ENSG00000225378.1",-0.00157834639219088,0.00424555434253885,0.710068196292435
"ENSG00000204380.4",-0.0164697087674188,0.00656165803843743,0.0120733918448301
"ENSG00000227331.1",-0.00793787445229113,0.00507494999984743,0.117787370039328
"ENSG00000186684.12",0.0148181217827634,0.00638204616099022,0.0202412847791095
"ENSG00000186854.10",0.0102696827100881,0.00580111024841302,0.0766778313960328
"ENSG00000226121.2",0.00425422161276959,0.00475867743406215,0.371325940328249
"ENSG00000229867.1",-0.00311956830787231,0.00549166711967428,0.569997703701738
"ENSG00000186132.14",0.00239385271714158,0.00719541499415696,0.739367238858867
"ENSG00000279897.1",0.00753117700595625,0.00423710813177889,0.0754969791869503
"ENSG00000049323.15",0.0037881556376047,0.01061454380782,0.721179015939871
"ENSG00000158428.3",0.00614890958124864,0.0075549121177709,0.415704772918767
"ENSG00000171853.15",0.0139524091078819,0.00473171498489382,0.00319113335888899
"ENSG00000114948.12",-0.0094277170230681,0.0050491101537015,0.0618731509254675
"ENSG00000114942.13",0.00648884444745278,0.010006956109091,0.516704681734941
"ENSG00000118263.14",-0.00626277443064058,0.00706310279199898,0.375246447698767
"ENSG00000228857.2",0.00994933661572433,0.00469601240844277,0.0341177169501882
"ENSG00000228763.1",0.00924621874654599,0.00643059953504417,0.150477448498944
"ENSG00000236213.1",0.00830591594314914,0.00430364783815839,0.0536104189653814
"ENSG00000232973.11",-0.00909679784700667,0.00472642774345505,0.0542710754140876
"ENSG00000115828.15",-0.00455446253108847,0.00441777452891034,0.302568738815634
"ENSG00000269210.2",0.00197387720170686,0.00458283018690595,0.666678229310619
"ENSG00000158089.14",-0.00911767370644223,0.00581581328849532,0.116942200638589
"ENSG00000283635.1",0.0022326551453778,0.00474352307278013,0.637873227901917
"ENSG00000227252.1",-0.00551432186360875,0.00352855433980463,0.118106502969482
"ENSG00000177483.11",-0.0036834945449738,0.00477530829143387,0.440491996394962
"ENSG00000239300.5",0.00384823745896304,0.00295286601507514,0.192499269750615
"ENSG00000115758.12",-0.00175177693257945,0.00585778216811833,0.764900961042594
"ENSG00000163492.14",0.00411615871523259,0.00414117041978916,0.320242228214528
"ENSG00000270574.1",-0.00941140172091843,0.00417118455256529,0.0240524793513395
"ENSG00000243478.9",-0.0179627139632037,0.00394118685771324,5.17189204141122e-06
"ENSG00000235579.1",0.0408385609608508,0.00779696374250308,1.62544443127466e-07
"ENSG00000226312.7",-0.012337576641847,0.0071488337993723,0.0843803973299889
"ENSG00000155749.12",-0.0200504485660244,0.00367014613148739,4.67838233708662e-08
"ENSG00000240344.8",-0.0180570525098185,0.00329130446813799,4.10461640232285e-08
"ENSG00000068024.16",-0.00389751828135633,0.00617949497992775,0.528224973412614
"ENSG00000225057.2",-0.0160877191983408,0.00420235002953687,0.000129048562203082
"ENSG00000237217.1",-0.00513860031907472,0.00468832643790034,0.273060615658711
"ENSG00000068912.13",-0.00359775832117477,0.00654660944016952,0.582620819514021
"ENSG00000238018.2",0.00131810078870021,0.00721573753532305,0.855056737265297
"ENSG00000170634.12",0.00827211423950298,0.00451764213113287,0.0670902521185522
"ENSG00000115239.21",-0.0109780973266585,0.0056585593096138,0.0523691182490043
"ENSG00000036257.12",0.0048187896761999,0.00968364361815333,0.618750816788284
"ENSG00000235529.1",0.00528360361901939,0.00321884395578258,0.100701962549695
"ENSG00000178623.11",0.0124588509799687,0.00338794533366077,0.000235617728957083
"ENSG00000118260.14",0.00714270903059576,0.00753421708237347,0.343111127192587
"ENSG00000163331.11",0.00223089573414732,0.00565315632455593,0.693117190300664
"ENSG00000168702.17",0.00989922443095066,0.00485928949190111,0.0416324801381495
"ENSG00000144228.8",0.00848117277092591,0.00800963314713963,0.289658276595508
"ENSG00000273006.1",-0.00173998507031474,0.00351078097128622,0.620168206530777
"ENSG00000243910.7",0.00642102678330837,0.00442246997319157,0.146526731975058
"ENSG00000123999.4",0.0010511277289429,0.00811906270331463,0.896990373058043
"ENSG00000114923.16",-0.00250151017177838,0.0083483399667454,0.764450528375228
"ENSG00000250565.6",-0.00343221696599063,0.00323000460112788,0.287961409805227
"ENSG00000279254.1",0.00338292633096351,0.00289549237602449,0.242668704120022
"ENSG00000171150.7",0.00498546482422677,0.00697761165924069,0.474921485099987
"ENSG00000239332.5",-0.00417454761555305,0.00375160460668037,0.265821587505072
"ENSG00000119878.5",-0.00168302529346081,0.00405443463896081,0.67806337782793
"ENSG00000119729.11",0.0110570620055766,0.00654416159348496,0.0911031433871636
"ENSG00000236824.2",-0.00275118443710083,0.00437173375836207,0.529144828394228
"ENSG00000068724.15",-0.0155711067990206,0.00410470231221517,0.000148550503220268
"ENSG00000091436.16",-0.0350380511462881,0.00889644769878222,8.20159517403996e-05
"ENSG00000115840.13",0.0150641056211085,0.00757701105218937,0.0467969838903968
"ENSG00000138400.12",-0.0071524084698514,0.00487629192326575,0.142438088275097
"ENSG00000229647.1",-0.00545937182737971,0.00370479028823844,0.14058984067609
"ENSG00000270462.1",0.00320386624997143,0.00354712461758991,0.366404305464372
"ENSG00000270696.1",-0.0112112912741152,0.00310640972270171,0.000307281004004789
"ENSG00000115353.10",0.0123864634529876,0.00645774754294523,0.0551011223378636
"ENSG00000078098.13",-0.0051421217792807,0.00834495142727413,0.537765477343833
"ENSG00000144354.13",0.0261794372718199,0.0053830396891108,1.15433791814112e-06
"ENSG00000172878.13",-0.0723932752081469,0.00712609713439537,0
"ENSG00000144355.14",-0.0077986127543783,0.00381256138632083,0.0408051128961588
"ENSG00000204588.5",0.0180198386870459,0.00625433254599213,0.0039619316066658
"ENSG00000175772.10",-0.000637260515897049,0.00640856367412478,0.920789798866545
"ENSG00000114993.16",-0.00456774403734524,0.00681892271001539,0.502945126861361
"ENSG00000236209.1",0.00577915324976791,0.00257565989540018,0.0248480821961559
"ENSG00000204792.2",0.00318120623867522,0.00238394995755113,0.182064086965159
"ENSG00000115317.11",-0.00723780286348275,0.00866515901838454,0.403562099812935
"ENSG00000115325.13",-0.00440927103942663,0.00795994827314886,0.57962530048376
"ENSG00000115350.11",-0.0109282045401535,0.00840675471823211,0.193624477512551
"ENSG00000257800.1",-0.00538005701560637,0.00386455339802797,0.163875491317088
"ENSG00000114978.17",0.000749648529710815,0.0111272608164988,0.94628679598333
"ENSG00000230836.1",0.00419344894877512,0.00305126648861209,0.169339066097495
"ENSG00000159399.9",0.0078458113147126,0.00574051521281534,0.171705747332204
"ENSG00000224361.1",-0.00526292349010742,0.0048710397767274,0.27994105824838
"ENSG00000242628.5",-0.00178965192698881,0.00388600673772877,0.645130442863979
"ENSG00000084674.14",0.000204318220819046,0.00449461817479878,0.963741920178766
"ENSG00000115457.9",0.00336085940196795,0.00442808366125186,0.447860135073216
"ENSG00000115459.17",-0.0209735338198099,0.0108457880699584,0.0531383028820425
"ENSG00000144061.12",-0.00380521722120109,0.0066087083072962,0.564758252091383
"ENSG00000198648.10",0.0080861542366831,0.007432966379849,0.276649347417733
"ENSG00000281131.1",0.00295529791397229,0.00546160649641854,0.588435801351153
"ENSG00000271443.1",-0.00676777147459116,0.00450300970819896,0.132853482414865
"ENSG00000138061.11",0.000863594582736693,0.00612144254421411,0.887809134813311
"ENSG00000011566.14",0.00955291301603993,0.00865770701678646,0.269853542131766
"ENSG00000183023.18",0.00534630690225333,0.0124670703482404,0.668043843673394
"ENSG00000226491.1",0.0291405712860533,0.0053974235177609,6.70215595244272e-08
"ENSG00000144481.16",-0.00768580950135312,0.00717801615141767,0.284285068166948
"ENSG00000204929.12",6.54033701839762e-05,0.00437562932956284,0.988074310625743
"ENSG00000171951.4",4.74891175942548e-05,0.00461988209512526,0.991798455959884
"ENSG00000188765.7",0.00363205565082074,0.00383198498159071,0.343217955170561
"ENSG00000115128.6",-0.0149907311252292,0.0113042248068472,0.184800757388483
"ENSG00000224165.5",0.0036976864242727,0.00926644015863982,0.689863242625434
"ENSG00000271936.1",-0.00807317168005693,0.0049041153971697,0.0997218794703635
"ENSG00000271952.1",0.0119580849831371,0.00358478839085325,0.000850587782034951
"ENSG00000115756.12",0.00138675936682762,0.00406656343116501,0.733092245373741
"ENSG00000260077.1",-0.0103246375440333,0.0040108571695454,0.010048021217877
"ENSG00000228363.2",-0.0332897174337158,0.00898504523525103,0.000211379145808821
"ENSG00000187627.14",0.00407855371366599,0.00551021825001215,0.459190740792379
"ENSG00000272564.1",-0.025888478433693,0.00536648178837551,1.40632426570697e-06
"ENSG00000232504.4",-0.0172150492154048,0.00443317158660732,0.000103075654233398
"ENSG00000183281.14",0.00435952687967581,0.00432540476893269,0.313507864814237
"ENSG00000162951.10",0.00960668783785854,0.00791814711775161,0.225034453408028
"ENSG00000214866.8",0.000355609170761382,0.00484897497530881,0.941537966774629
"ENSG00000182551.13",0.00532064889016226,0.00771312347467267,0.490308853052865
"ENSG00000225234.1",-0.00407752439511862,0.00304832518681856,0.181017810122028
"ENSG00000281162.2",0.0183136942783528,0.00500018431588116,0.00024966449425512
"ENSG00000231312.6",-0.00226555348369897,0.00440975714478875,0.607420327839493
"ENSG00000162869.15",0.00718477834074577,0.00393492877026859,0.0678656363697538
"ENSG00000251791.1",0.00138506262639367,0.00362279745901903,0.702225106222062
"ENSG00000226276.1",-0.0070248270804714,0.00332325542924787,0.0345290169237463
"ENSG00000119203.13",0.0035098203530627,0.00850118160937599,0.6797072484428
"ENSG00000143870.12",0.00712861315512416,0.00809466623888251,0.378504255054163
"ENSG00000243491.1",0.0104181825550939,0.00423462290922834,0.0138844691409954
"ENSG00000151694.12",-0.0103792784030029,0.00837306090729714,0.215121961868401
"ENSG00000134330.18",0.0126849118804772,0.0075886052175583,0.0946084410326288
"ENSG00000171848.13",0.00492301375412096,0.00385202985441566,0.201238478879854
"ENSG00000281195.1",0.00375222134580961,0.00476939128646335,0.431440166895659
"ENSG00000144278.14",0.00391757504229593,0.00695844048254178,0.573437521172648
"ENSG00000142330.19",-0.00789417317275154,0.00752307703430815,0.294027318234951
"ENSG00000005436.13",0.0021698397645749,0.00640718181429995,0.73486780896896
"ENSG00000217702.2",-0.00382897185958137,0.00259493153775487,0.1400626006756
"ENSG00000279348.1",0.00401269142914507,0.00298128420240496,0.178315185017262
"ENSG00000118242.15",-0.00380032359523955,0.00646589844093281,0.556700962063815
"ENSG00000225187.1",-0.00453280432567743,0.00306917155187488,0.139707261510546
"ENSG00000237039.1",0.00110224197507768,0.00359050820814925,0.75885270936169
"ENSG00000138363.14",-0.00444077562831096,0.00543139946728632,0.413578957595012
"ENSG00000172318.5",0.00107474051387379,0.00500020259310116,0.829814570846992
"ENSG00000252010.1",-0.00592337300028471,0.00348633130262036,0.0893139891043768
"ENSG00000213963.6",-0.00319855489920228,0.00664081862507771,0.630054107651496
"ENSG00000271141.1",-0.00704785433990868,0.00367301565541128,0.0550071715983785
"ENSG00000116044.15",0.0250463131945589,0.012144825879487,0.0391788791953263
"ENSG00000163162.8",-0.0165457808076434,0.00717683379468729,0.0211417789289531
"ENSG00000115590.13",-0.00768472219615903,0.00589988455161622,0.192738420961089
"ENSG00000180902.17",0.0187903175879797,0.00503053609989091,0.000187527667485088
"ENSG00000235351.1",0.00616816670038007,0.00638436844993344,0.33397624985816
"ENSG00000233806.7",-0.00755649772041052,0.00358379389155128,0.0349861160291886
"ENSG00000168395.15",-0.0161271771582355,0.00708129380940378,0.0227603396142626
"ENSG00000188389.10",-0.0111486499538117,0.00742410434069349,0.133179042447408
"ENSG00000237380.6",-0.0046987011774739,0.00392219018775986,0.230925222405621
"ENSG00000163092.19",-0.00413509099761288,0.00536306344840037,0.44068824500467
"ENSG00000144579.7",-0.00132922701120251,0.00781196146483616,0.864889981103928
"ENSG00000035141.7",0.00103887204678054,0.00997608881235149,0.91706125824154
"ENSG00000115998.7",0.00608549480373665,0.00809779592286857,0.452351714024482
"ENSG00000169599.12",0.00279988868714626,0.00924638720749713,0.762035471777198
"ENSG00000169564.6",-0.00501877202826664,0.0123134696950293,0.683579184674101
"ENSG00000279519.1",0.0160921558604339,0.00646052898028586,0.0127440837656619
"ENSG00000218739.9",0.00252347154561652,0.00378620216544383,0.505096997432823
"ENSG00000115841.19",-0.0103802047873199,0.00606918352668168,0.0872079694619031
"ENSG00000229056.2",0.0259405943664171,0.0172258015554566,0.13208897426974
"ENSG00000184182.18",-0.0122741115847788,0.00906637172182618,0.175798168093655
"ENSG00000132323.8",0.00722074837638462,0.00589100999609663,0.220302808531561
"ENSG00000144488.14",0.00976122882646726,0.00261392355073874,0.000188222527284787
"ENSG00000234199.2",0.00218209210827395,0.00493857631115826,0.658600367655044
"ENSG00000115084.13",-0.0132776495657285,0.00683175853012921,0.0519535339501741
"ENSG00000226516.7",-0.000724958031843953,0.00513034762613009,0.8876268040192
"ENSG00000153214.9",-0.00266424047570391,0.00905435422898007,0.768567151149119
"ENSG00000169679.14",-0.0127751115909191,0.00639379558557159,0.0457114376767793
"ENSG00000236330.1",0.0079715012024435,0.0057637115536826,0.166649538557326
"ENSG00000229122.1",0.00618328176783656,0.00443633383049296,0.163383477386281
"ENSG00000138030.12",-0.0170976880124581,0.0058555566478257,0.00350134481978981
"ENSG00000157833.12",-0.00100790196999188,0.00578828312339349,0.86176489481768
"ENSG00000162981.13",0.0118271362481723,0.00765081200713881,0.122136740949359
"ENSG00000230393.1",-0.0218664069798724,0.00595234971897059,0.000239179823090518
"ENSG00000144218.18",-0.0220108022940082,0.0077344152715233,0.00442963522045747
"ENSG00000170500.12",0.00121618569960884,0.00954653255695043,0.898627343608186
"ENSG00000187605.15",-0.00186331955098948,0.0109647142993536,0.865059044364701
"ENSG00000163013.11",0.00502642025389666,0.00797280582665738,0.528403092386042
"ENSG00000114956.19",0.00941706809357565,0.00965695502730661,0.329481319796586
"ENSG00000237883.1",0.0264310785207416,0.00825531213494296,0.0013661657595766
"ENSG00000187957.7",-0.000379581612435495,0.00420482037907744,0.928070301421996
"ENSG00000153827.13",-0.00118048698255033,0.00772500491201174,0.878545152817145
"ENSG00000135899.17",0.00547948885800444,0.00513236412491288,0.285685427946109
"ENSG00000226747.6",0.00101812089097448,0.00290256616089793,0.725764069658715
"ENSG00000259915.2",-0.00167972611346518,0.00539538269180539,0.755552352520721
"ENSG00000188738.14",0.0121846226058614,0.00483416693766581,0.011718101703443
"ENSG00000144426.18",-0.00204343759282082,0.00917009852265803,0.823662340541931
"ENSG00000228474.5",-0.0311423925403938,0.0104671488245476,0.00292749130838432
"ENSG00000185404.16",0.00747193553599869,0.00536669497371326,0.163837994432766
"ENSG00000135932.10",-0.0172495185671749,0.008464121089059,0.0415541891175464
"ENSG00000152256.13",0.0227124158593227,0.00481261250637535,2.36596286107282e-06
"ENSG00000237940.3",-0.0146852176916285,0.00428765627695491,0.000614802089533129
"ENSG00000154252.11",-0.010669088872437,0.00340950976067225,0.00175274047069485
"ENSG00000146205.13",0.0197073797596622,0.00843358795956461,0.0194509958661637
"ENSG00000224272.2",-0.00563229086233246,0.00314219467305735,0.0730576506316499
"ENSG00000279191.1",-0.00993274245196567,0.0046760291382502,0.0336548290148878
"ENSG00000186148.13",-0.00796090865895591,0.00374420686104176,0.0334871429207172
"ENSG00000042445.13",-0.00929283526314647,0.00801651245384257,0.246369891640439
"ENSG00000118640.10",0.0579690978494988,0.0123097347062438,2.48681524028793e-06
"ENSG00000213399.3",0.0173652998637202,0.00387187878907285,7.29206917693404e-06
"ENSG00000163541.11",0.00560982785505333,0.00840417419612224,0.504449650540761
"ENSG00000054219.10",-0.0103617306086075,0.00334279439357376,0.00193702887114311
"ENSG00000231731.7",0.000336414316740788,0.00700873688747928,0.961716817284476
"ENSG00000119865.8",-0.0136546202824911,0.0139367893920229,0.327207736144363
"ENSG00000222017.1",0.00167553277859822,0.0041993464710837,0.689894338353648
"ENSG00000144381.16",0.0206944095225022,0.0119174046388725,0.0824778900933307
"ENSG00000115541.10",0.0310385564809167,0.0125997676381087,0.0137617479026627
"ENSG00000197223.11",0.011166146698717,0.00621290597979568,0.0722959035968175
"ENSG00000277998.1",-0.00883014693637617,0.00454079799534388,0.051820190894743
"ENSG00000224331.2",0.00814949980407966,0.00482647864188933,0.0913156618271221
"ENSG00000206869.1",-0.00274576278976659,0.00483130625037851,0.569812807864076
"ENSG00000203635.2",-0.0041251338240198,0.00458022444021211,0.367779703443038
"ENSG00000144306.14",0.013927404501722,0.00446595088582952,0.00181727647010321
"ENSG00000115935.17",0.0348831760808195,0.0109603692413982,0.00145926688383968
"ENSG00000152102.17",-0.0131751650534903,0.0164359885859818,0.422781680768825
"ENSG00000197927.12",0.00655767597771786,0.00260570416917724,0.01184725108027
"ENSG00000213222.3",0.00296033627553236,0.00263424778114273,0.261102936377361
"ENSG00000230076.1",-0.00113439614897831,0.00358766448308229,0.751855649730556
"ENSG00000134323.11",-0.000242699864491517,0.00437781513894737,0.955789058924899
"ENSG00000136715.17",-0.0054617085907614,0.00452431845961709,0.227359270938652
"ENSG00000178568.14",-0.00420290718250058,0.00475963182532613,0.377218985363808
"ENSG00000270996.1",0.00138704730798192,0.00516716243881313,0.788364492905627
"ENSG00000227718.1",0.00855282369502127,0.00824190743994421,0.29939865073567
"ENSG00000229370.1",0.0177386180014615,0.00916261851493951,0.0528705273814085
"ENSG00000234171.2",0.00211130325168252,0.00238350178525992,0.375725904477227
"ENSG00000032389.12",0.00221745388581064,0.00590618408492808,0.707328712049713
"ENSG00000158435.7",-0.00150272951580758,0.00923130608691519,0.870686750518942
"ENSG00000135953.10",-0.00600189092151931,0.00636767400170669,0.345907927227739
"ENSG00000116031.8",0.00117243316252343,0.00454513054228072,0.796442653440378
"ENSG00000234896.1",0.00501692800208975,0.00313546626890439,0.109585709057746
"ENSG00000021574.11",-0.00314718241265059,0.00926189991073939,0.734008056765067
"ENSG00000018699.11",-0.00374001213235952,0.00666227670402093,0.574544322295934
"ENSG00000158125.9",-0.000471223329316139,0.00403258485122787,0.906975818003485
"ENSG00000277893.1",0.00833670793003601,0.00614956208479075,0.175207755230828
"ENSG00000229816.1",-0.00122393654026761,0.00684759165112723,0.85814208782331
"ENSG00000243264.2",-0.0127008893201523,0.0207657567901371,0.540784831703335
"ENSG00000211597.2",-0.00168563176968004,0.00801808705576562,0.833489204879988
"ENSG00000211595.2",-0.00866004450252417,0.00754794629555977,0.251242015041869
"ENSG00000244437.1",0.00371235460542287,0.00685394907993489,0.588068377708899
"ENSG00000242076.2",0.00933247891648622,0.012380263169975,0.450957849758209
"ENSG00000211592.8",0.000657303337560877,0.00808695786197755,0.9352197311492
"ENSG00000211598.2",-0.00586586003000704,0.00903875628260847,0.51635931445854
"ENSG00000240671.4",-0.023621470808371,0.0102320322803205,0.0209668677393225
"ENSG00000211594.2",0.00827234519043902,0.00950309439012014,0.384032879782565
"ENSG00000211593.2",-0.00480472954020027,0.0115030512948765,0.676172510398244
"ENSG00000239951.1",-0.0148883058856113,0.00837679907522296,0.075514557531977
"ENSG00000240864.3",-0.014041629442082,0.00868183754401714,0.105801273819038
"ENSG00000241351.3",-0.0163565949588274,0.00920417443664891,0.0755543517229869
"ENSG00000276566.1",-0.0027172272346972,0.00862776621691166,0.75280733850133
"ENSG00000241294.1",0.00339498345879821,0.0077776081656165,0.662468636987803
"ENSG00000253998.3",-0.00743407076174029,0.00864840171029405,0.390015654513752
"ENSG00000241755.1",0.00264737428449554,0.00915790817589667,0.772519641059656
"ENSG00000243290.3",-0.00960233250808274,0.0112888881385128,0.394991379880846
"ENSG00000211625.2",-0.0147443539141023,0.0219944455620316,0.502623766623881
"ENSG00000211596.3",0.00698573796071782,0.00776067907343368,0.36804298842368
"ENSG00000243466.1",-0.00204491883576538,0.00864432220088206,0.812996541388442
"ENSG00000239855.1",-0.00815736202825804,0.00810899229495528,0.314432430752965
"ENSG00000244575.3",0.00698725864020254,0.00860908742688513,0.417012971607443
"ENSG00000211632.4",0.0048797325648671,0.0189778480821339,0.797080107832212
"ENSG00000240382.3",-0.0119124663805016,0.0103178618870086,0.248275588366277
"ENSG00000251546.1",-0.0206012711940242,0.0333320003639216,0.536533908692619
"ENSG00000144031.11",-0.00519358706729834,0.00462615873414067,0.261583419130702
"ENSG00000163235.15",-0.0210634380298787,0.00827859225030909,0.0109488826237042
"ENSG00000272861.1",0.00605729947654712,0.00359696504501969,0.0921811131456205
"ENSG00000119147.9",0.00181585125118149,0.00479027180791762,0.704635431091144
"ENSG00000138382.14",0.0137934246806535,0.00674336763945296,0.0408075437844455
"ENSG00000138399.17",0.00937775752506667,0.00589584163029971,0.111706048019483
"ENSG00000115525.17",-7.84222057469319e-05,0.00610642296650808,0.989753387939154
"ENSG00000222041.10",-0.0034063451919036,0.00866065856153895,0.694088693704476
"ENSG00000153561.12",0.000647526217687838,0.0118219759232431,0.95631923479925
"ENSG00000232411.1",0.0180412754468151,0.00381912141692015,2.31326133581788e-06
"ENSG00000229195.1",0.00630786390037514,0.00372192621206952,0.0901162555741155
"ENSG00000178752.15",-0.00204374093219131,0.00472898879472497,0.665615733979278
"ENSG00000130414.11",-0.00216151176834371,0.00275565165173356,0.432809991068586
"ENSG00000279227.1",-0.00336689294672183,0.00516966540429953,0.514866597633827
"ENSG00000269976.1",-0.00114127621886569,0.00473914184186513,0.809695269002621
"ENSG00000228784.7",0.00799758360681419,0.00525665485265835,0.128154292685086
"ENSG00000271991.1",0.00169646909668273,0.00332220030813016,0.60959879100895
"ENSG00000135972.8",0.00367241880827396,0.00449744606799968,0.414181924310505
"ENSG00000273305.1",0.0179257124130412,0.012325753943864,0.145854866574809
"ENSG00000115042.9",-0.00281456197819215,0.0154878850153828,0.855797224239067
"ENSG00000205847.5",-0.00231901450891157,0.00458356065331376,0.612897571267628
"ENSG00000152672.7",0.00684960966328098,0.00625925484912305,0.273815924695913
"ENSG00000075340.22",0.00852765581312562,0.00442523103814478,0.053972995212292
"ENSG00000091106.18",-0.0073695049589251,0.0056206458571978,0.189807382897225
"ENSG00000175509.8",-0.00255210253846612,0.00456432744274426,0.576065506032449
"ENSG00000125538.11",0.00227502424465969,0.00539026913216044,0.672980241015039
"ENSG00000163002.12",0.012529350180242,0.00732046755995493,0.0869795304009996
"ENSG00000223642.7",0.00932144222738345,0.00438807717254377,0.0336479245255248
"ENSG00000251491.2",0.00791690401914084,0.0044765451211064,0.0769723535443969
"ENSG00000226266.6",-0.0106002463284405,0.00275281924228168,0.000117786769700756
"ENSG00000226539.1",0.00461067292322318,0.00556091976843898,0.407036189689345
"ENSG00000270532.1",-0.0153007481798658,0.00483328513228692,0.00154708345489107
"ENSG00000071051.13",0.00324727856438574,0.00648110025986175,0.616344265321723
"ENSG00000236008.1",0.0150495813547275,0.00530381017948834,0.00454678105156736
"ENSG00000257135.5",0.00441840659805335,0.0035714028804009,0.216026668670867
"ENSG00000134308.13",0.0376467323900207,0.00930461813729091,5.20943184010303e-05
"ENSG00000279484.1",0.0123699667644489,0.00423323324969102,0.00347670428303781
"ENSG00000006607.13",-0.0336689334624668,0.00609373527164439,3.29163606371807e-08
"ENSG00000229321.1",0.00356779446751309,0.00418935065960742,0.394417129056963
"ENSG00000205837.7",-0.00466157071860173,0.00355011561121363,0.189157424351777
"ENSG00000151692.14",0.00272316822313364,0.0047194691376314,0.563934512904399
"ENSG00000232320.6",-0.00267127577107319,0.00683924299281862,0.69610725270129
"ENSG00000227403.1",-0.000290226066554522,0.00257413479326738,0.910231110139692
"ENSG00000232306.2",0.00401969181758865,0.00508106129486331,0.428878263485752
"ENSG00000115275.11",-0.00172112707458703,0.007384469877109,0.815704034129084
"ENSG00000272183.1",0.00441778432444831,0.00500912754517832,0.377805543106791
"ENSG00000179528.15",7.74669097645331e-05,0.00430460012181351,0.985641798695543
"ENSG00000257702.3",-0.000419553553139046,0.00561615459495786,0.940449610126225
"ENSG00000239899.3",-0.0190088668670978,0.0045555886249046,3.01080161585476e-05
"ENSG00000115274.14",0.000805771822186715,0.00682009748739129,0.905951443324592
"ENSG00000233155.1",0.00682511959019049,0.00397899353108271,0.0862924498076498
"ENSG00000153832.11",-0.0126055150544816,0.00513100833696384,0.0140207034868505
"ENSG00000115138.10",0.0118241770572396,0.00399274491592912,0.00306228416536369
"ENSG00000172845.14",-0.00748342220023192,0.00897020938013167,0.40413854917742
"ENSG00000151360.9",-0.0063406855734933,0.00327265484046463,0.0526873573560096
"ENSG00000138028.15",0.00116418899922748,0.00727647052486901,0.872886084917989
"ENSG00000205334.2",0.00791123996877475,0.00565333348440287,0.161694917593194
"ENSG00000163795.13",0.0191080599290202,0.00997172887787886,0.0553366697389203
"ENSG00000271452.1",-0.00151446358219527,0.00249532708635508,0.543904093189206
"ENSG00000188687.17",-0.00407954884463438,0.00479555108892297,0.394939089780422
"ENSG00000065911.11",0.0118759743579214,0.0114038657129168,0.297690406123339
"ENSG00000115307.16",0.0146400927132731,0.0141158572108505,0.299671521407388
"ENSG00000115592.11",0.000159573439640692,0.00452760657974972,0.97188474148341
"ENSG00000197557.6",0.00379596234186439,0.00882327938882281,0.667034701119411
"ENSG00000167165.18",0.00862439565496845,0.00455387835404214,0.0582439567308077
"ENSG00000115421.12",-0.00243786522899392,0.00817596687905329,0.765569946451344
"ENSG00000115226.9",-0.00555442872305034,0.00944684371690104,0.556554701583905
"ENSG00000157992.12",-0.0078823969740047,0.0122438768864066,0.519716308376182
"ENSG00000153563.15",-0.00476138294206753,0.0128198504638308,0.710334369571185
"ENSG00000068654.15",0.0173065178785237,0.00590545932095837,0.00338311997877572
"ENSG00000153253.16",0.00754966295882076,0.00519147854051002,0.145879394015288
"ENSG00000211460.11",-0.0102105684638536,0.010210785872644,0.317320812088903
"ENSG00000268603.1",-0.00593511907836037,0.00388161886374451,0.12625653519023
"ENSG00000152291.13",-0.00848327623985183,0.00939339756957009,0.366467236924374
"ENSG00000115423.18",0.00514804953577562,0.0052137140562947,0.323443926654627
"ENSG00000123607.14",-0.00456338261260174,0.00705002729823105,0.517446985217509
"ENSG00000134313.15",-0.0110387843350807,0.00988592715422439,0.264158551846505
"ENSG00000135974.9",5.80504572084177e-05,0.006210649998566,0.992542344335646
"ENSG00000176771.16",-0.0118146164194976,0.00411790722866469,0.00411664137807288
"ENSG00000232788.1",-0.0108670022161385,0.00371619987564834,0.00345315752334963
"ENSG00000162882.14",-0.0198676843589488,0.00452042740694488,1.10726973496789e-05
"ENSG00000171126.7",-0.0223728614915484,0.00368020498608563,1.20751020293852e-09
"ENSG00000123485.11",-0.00661321141203531,0.00356956785315731,0.0639304705239001
"ENSG00000085449.14",-0.00874783712550473,0.00628703420618503,0.16410138168542
"ENSG00000229267.2",-0.00144719335135584,0.00444419357494154,0.744699101902783
"ENSG00000132330.16",0.000876937471555418,0.0041358847775244,0.832082531529433
"ENSG00000196228.3",0.0131267753821276,0.00525388924097972,0.0124724622369231
"ENSG00000118004.17",-0.00246337447364431,0.00454935973292808,0.588178723296306
"ENSG00000243819.4",0.0056034523948485,0.00432021772442643,0.194620832916567
"ENSG00000115761.15",-0.0211989194507227,0.00528801208934158,6.10116295535201e-05
"ENSG00000135903.18",0.00521852725186751,0.00343510253996862,0.128718060350366
"ENSG00000284600.1",0.00282989298460215,0.00219280768789686,0.196865297679184
"ENSG00000169031.18",-0.000618264205179899,0.0062463093509562,0.921153577080625
"ENSG00000184924.5",-0.0175999002900841,0.0087089519662543,0.043290364473664
"ENSG00000283031.1",0.000164909742099235,0.00518305629126683,0.97461792174824
"ENSG00000237641.1",0.00146215429020213,0.00381605265238864,0.701601997757677
"ENSG00000163273.3",-0.00223171866201401,0.00544878927315635,0.682113592442698
"ENSG00000214184.3",-0.00590119333218993,0.00453325227108564,0.192999433092557
"ENSG00000198075.9",0.00343041324568756,0.00728702834341682,0.637814897639635
"ENSG00000271070.1",-0.00157554176692509,0.00470565513818844,0.737761784256314
"ENSG00000198130.15",-0.0138708140174869,0.00605407675687873,0.0219545863128103
"ENSG00000221823.10",-0.0110502097667053,0.00650008078212845,0.0891288293657043
"ENSG00000115183.14",0.00690655031269898,0.00925556185246946,0.4555433414878
"ENSG00000213189.5",0.00474979503719151,0.00436736375371119,0.276786877830285
"ENSG00000163359.15",-0.0113325120495647,0.00854599383804213,0.184819379945515
"ENSG00000214100.8",-0.00373290232130932,0.00487897586375509,0.444212257629751
"ENSG00000196834.11",-0.0143339303332825,0.00707864905657952,0.0428722095840716
"ENSG00000224087.1",0.00192572105805524,0.00672762795148397,0.774693759030105
"ENSG00000136718.9",-0.00092482897811733,0.0146381201676086,0.949623576136237
"ENSG00000196604.12",0.000935769916853203,0.00702826521874484,0.894079658544855
"ENSG00000180178.10",0.00936138327469081,0.00641788658681557,0.144664338972884
"ENSG00000231240.1",0.00508354617403732,0.00488417641602251,0.297959316823028
"ENSG00000225449.3",-0.00767655776364597,0.00958330578685596,0.423111721467378
"ENSG00000233087.7",0.0220856847878086,0.0100588306888621,0.0281169106178352
"ENSG00000130147.15",-0.000891113859387379,0.00761821845499752,0.906882698515056
"ENSG00000169607.12",-0.00664407495297353,0.00525965812301835,0.20651220247462
"ENSG00000136682.14",-0.00535906400245436,0.00439835730462122,0.22306289787439
"ENSG00000136689.18",-0.00421895112437959,0.00698999531455826,0.54612959628425
"ENSG00000184492.6",-0.00480517451551024,0.00371681978210106,0.196073734282706
"ENSG00000114999.7",0.00246212183969815,0.0108470148057881,0.820434532600939
"ENSG00000243389.1",-0.0144989742731693,0.00353392262508673,4.08181809156138e-05
"ENSG00000151693.9",0.00808831403379021,0.00705502878267335,0.251604532642968
"ENSG00000236204.5",0.0030029179129123,0.00488481201998178,0.53872257575586
"ENSG00000225695.1",-0.00113870596611655,0.00464757224167178,0.80644797351297
"ENSG00000235848.4",-0.0227160203761206,0.00625333299552073,0.000280551445525301
"ENSG00000055332.16",0.014329955764215,0.00446783486990894,0.00133959149308849
"ENSG00000152117.17",0.011394080691577,0.00426809117153365,0.00759424770787631
"ENSG00000272716.1",0.00051518717019735,0.00433579050113629,0.905416402203558
"ENSG00000127824.13",0.00288625000143311,0.00639945695372462,0.651978859327084
"ENSG00000198925.10",-0.00392208722697836,0.00764817721767049,0.608081904429935
"ENSG00000144589.21",-0.0215432201999944,0.00712374598570244,0.00249339287870853
"ENSG00000116001.15",0.018388418370524,0.00811879832470133,0.0235176673196583
"ENSG00000124357.12",-0.00275166002596095,0.00475302520483941,0.562637663940137
"ENSG00000115648.13",-0.0351972562629064,0.00902655136179956,9.64701026492376e-05
"ENSG00000163251.3",0.000697749759525448,0.00682046415874872,0.918516661206246
"ENSG00000119787.13",-0.0050254507785042,0.0064144722832299,0.433359933006175
"ENSG00000115904.12",-0.0048631773149104,0.0078417842092676,0.53515107489522
"ENSG00000008869.11",0.00722241388805747,0.00704398708047659,0.3052073299159
"ENSG00000237133.1",0.00551067317844829,0.00454198432134057,0.225024937531941
"ENSG00000228925.1",-0.010625480537545,0.00405507704504659,0.00878548490261921
"ENSG00000138081.20",-0.00836405637401853,0.0091831950056651,0.362400626899486
"ENSG00000178021.10",0.000409669144418631,0.00474395821311366,0.931183441732438
"ENSG00000177994.15",-0.0108805365138722,0.00493544885193035,0.0274843677059021
"ENSG00000196460.12",-0.0112607537207059,0.00412522127953628,0.00633855897221458
"ENSG00000279884.1",0.00188192902927986,0.00468072986173822,0.687640690369909
"ENSG00000196141.13",-0.0233987078067331,0.00693604606684066,0.000742207411175033
"ENSG00000082126.17",-0.00723193006975163,0.00468149109294607,0.122396578777389
"ENSG00000155729.12",0.0144717008032419,0.00802337144713029,0.0712794106208617
"ENSG00000232713.2",-0.00733346867622744,0.00470663966570898,0.119206854975193
"ENSG00000237522.1",-0.00971661966651578,0.00509784689691891,0.0566470630981372
"ENSG00000272156.1",-0.017527435900862,0.00474828100524666,0.000223091169772593
"ENSG00000233266.1",-0.0124802112253925,0.00276482621882323,6.36394861852629e-06
"ENSG00000169432.14",-7.37000297163882e-05,0.00694799517153369,0.991536693439019
"ENSG00000136546.13",-8.87530126619947e-05,0.00738544664648814,0.990411825106467
"ENSG00000123989.13",-0.0242045696611665,0.00828294736105261,0.00347549293587046
"ENSG00000171450.5",0.00219438940624718,0.00404873772114739,0.58782300440514
"ENSG00000163046.15",-0.00213802651619208,0.00616554307991556,0.728763977575728
"ENSG00000115520.8",-0.0184978153258129,0.0157214094456834,0.239355071503396
"ENSG00000247626.4",-0.00389832741402388,0.0070688488850824,0.581304805912529
"ENSG00000115526.10",0.0188256491342541,0.0102847952941296,0.0671849201095717
"ENSG00000150938.9",-0.00325503651539028,0.0077632739939702,0.675006711335603
"ENSG00000171055.14",-0.0132256731342915,0.00904633262651688,0.143743183879104
"ENSG00000227098.1",-0.0017449291563856,0.0035231019096338,0.620401035674506
"ENSG00000138032.20",-0.0122764772967889,0.00658817944345011,0.0624046502620117
"ENSG00000260025.1",0.0140050397896025,0.00496882585906693,0.00482363894782589
"ENSG00000144161.12",-0.0179809831174235,0.00623006223083143,0.00389968536408025
"ENSG00000278962.1",0.00614140412393801,0.00479974622883285,0.200711594321565
"ENSG00000153208.16",0.000971521952742401,0.00515205535068548,0.850430018583851
"ENSG00000144152.12",0.0180097907096124,0.00675339762124335,0.00765829651741479
"ENSG00000071575.11",-0.0100436165290388,0.00703474836598311,0.153373875579024
"ENSG00000242696.3",0.0119885489817041,0.00523883086656937,0.0221141440650132
"ENSG00000230799.1",-0.00210969705848094,0.00562570974796477,0.70765307637836
"ENSG00000273456.1",0.0146724819754273,0.00529183793513742,0.00555997074126469
"ENSG00000226261.1",0.00681196959925047,0.0048268087708679,0.158162623939656
"ENSG00000222035.3",-0.0292621871894806,0.00611725367742436,1.7222625442459e-06
"ENSG00000272966.1",0.0116728601115214,0.00415128970172498,0.00492553965290277
"ENSG00000119801.12",0.0109813967562107,0.00594458499470326,0.0647045283529037
"ENSG00000203327.2",-0.00360296078467407,0.00357989920451004,0.314203016139289
"ENSG00000115816.14",0.00129114971322925,0.00689015557683597,0.851354468913827
"ENSG00000170396.7",-0.00219989234703107,0.00719449604520197,0.759776459902954
"ENSG00000163075.12",0.0130152258168335,0.00391583163793356,0.000888173694116312
"ENSG00000118231.4",-0.0028331313650438,0.00476648345899264,0.552253924077744
"ENSG00000261338.2",0.0113215376106426,0.00363545329901613,0.00184442879644964
"ENSG00000181378.13",0.014487276778211,0.00646993006687225,0.0251448221411672
"ENSG00000135926.14",0.00432612497868796,0.00859139397943264,0.614583482270994
"ENSG00000163466.15",0.0357074999270623,0.00915898168004696,9.67376241292062e-05
"ENSG00000273763.1",0.00970809279327877,0.00456769967743938,0.0335550043978683
"ENSG00000227946.1",-0.00351112785073996,0.00594127286560172,0.554538962864255
"ENSG00000170144.20",0.012239587693446,0.0100591823720801,0.223696415174508
"ENSG00000270820.5",-0.0238509036448558,0.00603541824348501,7.75581514852464e-05
"ENSG00000074582.12",0.0184128290696457,0.00834682509016337,0.0273862401881526
"ENSG00000127831.10",0.00304361233362897,0.00377094349511278,0.419596064198376
"ENSG00000115486.11",-0.0543845462281242,0.0042734321273948,0
"ENSG00000168890.13",0.0409977058774856,0.00738220243900963,2.79865757235598e-08
"ENSG00000168883.19",0.0427391007970322,0.00798745309263077,8.75761455576551e-08
"ENSG00000118257.16",-0.00839886017357453,0.00798059023238678,0.292611068506845
"ENSG00000234255.8",-0.0104844470163429,0.00274988075306544,0.000137461639216241
"ENSG00000084764.10",-0.00914038874280385,0.00969839358287742,0.345955031967678
"ENSG00000115241.10",-0.00618826445852703,0.0129872084998121,0.633725906852235
"ENSG00000234690.6",0.0168941084655738,0.00568848954552883,0.00297919996684659
"ENSG00000123983.13",-0.00335725366776203,0.00807910451612084,0.677740970536124
"ENSG00000201499.1",0.0120272650938722,0.00404024808104433,0.00291214092963921
"ENSG00000196290.14",-0.00687388596590496,0.00917458628844508,0.453717888717187
"ENSG00000236780.5",-0.00884114781408243,0.00394122742771466,0.0248808712170394
"ENSG00000138071.13",0.0312665692670126,0.0116327838431087,0.00719249641627562
"ENSG00000119862.12",-0.0601974540085702,0.00924302245422371,7.37894190194766e-11
"ENSG00000011523.13",-0.0376225965193435,0.00887681924156025,2.25221681002807e-05
"ENSG00000223658.7",-0.0011877618073537,0.00545338173137242,0.82758276331141
"ENSG00000217643.1",0.00696775255399822,0.00493853813746007,0.158275947616139
"ENSG00000235072.2",0.00298703413689323,0.00638169696607534,0.639739771950687
"ENSG00000119772.16",-0.0137763728655866,0.00691507023320734,0.0463464228748613
"ENSG00000276334.1",0.00180937473098859,0.00480196195817637,0.706322942607732
"ENSG00000138035.14",0.00584026823321099,0.00706453425494463,0.408405695738473
"ENSG00000003400.14",-0.0491823689007565,0.0059832314181325,2.22044604925031e-16
"ENSG00000071054.16",0.021562845695952,0.00889236411512996,0.0153137805855112
"ENSG00000237803.5",-0.0030994160614243,0.00396691970690852,0.434616925277687
"ENSG00000163171.7",-0.0135026892564988,0.00913967481485537,0.139576252459687
"ENSG00000144445.16",0.0208631655852531,0.00998819833381356,0.0367273812571769
"ENSG00000115365.11",-0.0188485763465982,0.00865115828407558,0.0293514030403992
"ENSG00000244280.1",-0.00859684766339236,0.00432632348890772,0.0469110535388718
"ENSG00000187514.16",0.026215075564864,0.00932948203102482,0.00495541884748152
"ENSG00000143882.10",-0.00625220829690904,0.00423136269437865,0.139518242918352
"ENSG00000272002.1",0.00305513211930889,0.00309585530534551,0.323718188474734
"ENSG00000236449.1",0.00392545552643989,0.00394145562827264,0.319279026477279
"ENSG00000115652.14",-0.000113681743562379,0.00526072775646172,0.982759448254751
"ENSG00000234177.5",-0.00397865465771125,0.00386617549987887,0.303435912758114
"ENSG00000162989.4",0.00656973167532262,0.00792115791525673,0.406883578836744
"ENSG00000152128.13",-0.000724786833507252,0.00476166518806695,0.879019025354611
"ENSG00000183091.19",-0.008211179258451,0.00516519280033404,0.111899288640934
"ENSG00000153237.17",-0.00780349122243042,0.00694387518278656,0.261100063541297
"ENSG00000123636.17",0.0058228403730676,0.00650190573124407,0.370488326813336
"ENSG00000196912.12",0.00356077129813618,0.00339526029123378,0.294294270820682
"ENSG00000128708.12",0.0468227746695857,0.0110377633425195,2.21484585933851e-05
"ENSG00000144040.12",0.00127800537489185,0.00931660446548941,0.890892457850291
"ENSG00000276517.1",0.0020876325612032,0.00641079703303452,0.744694311432438
"ENSG00000084731.14",-0.0171140362880197,0.00742748828990279,0.0212143068340359
"ENSG00000232642.1",-0.00755741629487596,0.00400678845465864,0.0592743322025892
"ENSG00000231646.5",0.00127018892359445,0.00545742720944127,0.81595941971381
"ENSG00000259863.1",-0.00187936892892683,0.00782588212052346,0.810215624226374
"ENSG00000143889.15",0.00372407701014719,0.0103621095375952,0.719300578097846
"ENSG00000214694.10",-0.00376699806761726,0.00542975828078906,0.487827075449176
"ENSG00000236878.1",0.00373702469291186,0.00460774133530204,0.417347416135001
"ENSG00000169967.16",-0.00567976373363624,0.00699939191550828,0.4170985063406
"ENSG00000236682.1",0.00892221495081538,0.00232240694488261,0.000122137064052064
"ENSG00000136731.12",-0.0172589621860939,0.00850867282332324,0.0425197968946657
"ENSG00000163161.12",-0.00560492295416935,0.00341470658466202,0.100712978248499
"ENSG00000144230.16",-0.00177112130639293,0.00287101638415093,0.537302685922927
"ENSG00000114982.17",-0.0285565542170431,0.0155247111205551,0.0658525818259822
"ENSG00000230747.1",0.0172795289648381,0.00858021790006057,0.0440221370015574
"ENSG00000198885.9",0.0011214364763924,0.00651892874148843,0.863415733047459
"ENSG00000114988.11",-0.0233836889993418,0.0133204687988641,0.0791788754432234
"ENSG00000237510.7",0.000863576309162868,0.00446799198181747,0.846739194607807
"ENSG00000232931.5",-0.00143874672808911,0.0102473833510952,0.888342870331029
"ENSG00000230525.5",0.0019488515292272,0.00491447837910406,0.691697059471092
"ENSG00000144583.4",-0.00535241536583359,0.0028551599178498,0.0608413802790568
"ENSG00000171865.9",0.0106362452756008,0.00738721100122458,0.149918670983801
"ENSG00000235078.1",-0.00109306595702072,0.0038681310310189,0.77749693245251
"ENSG00000128692.8",0.00989121535572091,0.00511409904505085,0.0530999591746545
"ENSG00000128683.13",0.000123484708981399,0.00365528270799229,0.97305056458213
"ENSG00000237614.1",-0.00210262660784466,0.00493313555188926,0.669943768307248
"ENSG00000155755.18",0.00153223438819872,0.0102670820088153,0.881366173952002
"ENSG00000155754.14",-0.012676872703654,0.00582624301583365,0.0295685091423898
"ENSG00000186235.10",-0.00930288214741364,0.00296260222286455,0.0016888727208455
"ENSG00000028116.16",0.00177992691014968,0.00614031983014022,0.771911656241711
"ENSG00000225205.5",0.020099978625142,0.0082435535478598,0.0147578986191031
"ENSG00000082258.12",-0.011698595078465,0.0103850130196941,0.259958913938931
"ENSG00000076003.4",0.00535205663969874,0.0123557160446315,0.664895321370877
"ENSG00000231890.7",-0.00700866756241015,0.00773971558658152,0.365176265287739
"ENSG00000075884.13",0.00198447315484155,0.010067139464497,0.843730630476488
"ENSG00000116005.11",-0.0042067495058415,0.0119864370632143,0.725619011121528
"ENSG00000231035.1",-0.00244405036315256,0.00569563322099383,0.667843534016725
"ENSG00000197756.9",0.00885080669486959,0.00816042709251601,0.278098449402197
"ENSG00000138375.12",0.0120142881732569,0.0055434923259232,0.0302136737933796
"ENSG00000138433.15",0.000611812722339755,0.00559511255533121,0.912926709557662
"ENSG00000163328.13",0.00176880820541277,0.00902026214839758,0.844537553842487
"ENSG00000119737.5",-0.00680123793729581,0.00616647064901533,0.270053869997926
"ENSG00000272663.1",0.00242844859075951,0.00398719322211653,0.542483225569615
"ENSG00000172974.11",-0.00506020723267678,0.00393478411517369,0.198436421960225
"ENSG00000074054.17",0.0137322528326446,0.00709503219980786,0.0529321133405879
"ENSG00000170577.7",-9.28871242800534e-06,0.00382985024364803,0.99806485567356
"ENSG00000178074.5",0.00528160502636223,0.00905847450890701,0.559855073912057
"ENSG00000071967.11",-0.00376083213014231,0.00774692715762443,0.627349267942158
"ENSG00000233251.7",-0.00458097376442976,0.00596123686418151,0.442213778256708
"ENSG00000055813.5",0.015941353652546,0.00640447975019419,0.0128069013529278
"ENSG00000138395.14",0.0388988486393119,0.0111624380785397,0.000492507585745927
"ENSG00000115942.8",0.00495196488204914,0.0071359628174519,0.487716774866808
"ENSG00000155744.9",-0.0225259555826755,0.00754947289331819,0.00284712714608526
"ENSG00000246575.2",0.00367996596344135,0.00456446065383592,0.420115188371696
"ENSG00000225216.6",-0.00811011705666299,0.00453199932002719,0.0735306254338746
"ENSG00000233426.3",-0.00792880128364094,0.00472788617765147,0.0935368502119234
"ENSG00000144451.18",-0.0197869998350478,0.00832774084655232,0.0174998249339019
"ENSG00000196208.13",-0.0422607382610468,0.00796068371366509,1.10420796617383e-07
"ENSG00000150873.11",-0.00497161198637883,0.00359121394596007,0.166241514023492
"ENSG00000226340.1",-0.0061796145750437,0.00575968907249576,0.283312544967953
"ENSG00000162997.15",-0.0114076196322179,0.00510909416189242,0.0255616948287803
"ENSG00000240401.8",-0.00786641773976893,0.00480260131622574,0.101432258513836
"ENSG00000128655.16",-0.019809622676355,0.00783354741776697,0.0114447067097547
"ENSG00000272054.1",-0.00113493436522564,0.0067818862289029,0.867096322925398
"ENSG00000273035.1",-0.000148489809971101,0.00403138206013111,0.970617783030282
"ENSG00000136699.19",0.00173364491992765,0.00675978072415955,0.797592059051692
"ENSG00000077232.17",-0.000129918824760205,0.00801262602840696,0.987063456829278
"ENSG00000162998.4",0.00665942708732507,0.00804225135378093,0.40763930736336
"ENSG00000087338.4",0.0174871918286319,0.0061127031653683,0.00422579945589896
"ENSG00000179915.22",0.00662149270262651,0.00767041930139858,0.38799979611869
"ENSG00000163029.15",0.00183599164252475,0.00499765604712896,0.713342637078724
"ENSG00000260331.1",0.00593551272131088,0.00462396315571457,0.199267291778387
"ENSG00000116120.9",0.0143740874994835,0.00882584145099882,0.103389993367144
"ENSG00000280276.1",-0.00587932770113579,0.00521429458760594,0.25951407781731
"ENSG00000235586.1",-0.00018159834814633,0.00407418111948647,0.964447688967818
"ENSG00000183891.5",0.0168415836336028,0.00432391851655978,9.82061308523186e-05
"ENSG00000132031.12",0.0108451501715462,0.00410142140642992,0.00818741303268034
"ENSG00000143878.9",0.00338097202885352,0.00665398136843493,0.611374352479036
"ENSG00000079263.18",-0.00207865367760222,0.00705251443788282,0.768192983856388
"ENSG00000146556.14",-0.00489061893019421,0.00382451368726465,0.200983075099587
"ENSG00000240356.6",0.00528392576165424,0.00424737302362854,0.213482777238601
"ENSG00000224287.2",0.00396384052519962,0.00352840126435657,0.261263493617477
"ENSG00000205054.6",0.00349900673181835,0.0034556562218825,0.311277638457744
"ENSG00000138379.4",0.0035265534509567,0.00550146569882561,0.521509227279119
"ENSG00000152254.10",0.00554274787467428,0.00291435171985666,0.0571868163480311
"ENSG00000172292.14",0.00159679736526589,0.00816814638578672,0.845008749455874
"ENSG00000281469.1",-0.00128792467192296,0.00511745710231575,0.801293995822506
"ENSG00000121989.14",-0.0416879588890093,0.00846616112580024,8.47630624911666e-07
"ENSG00000115947.13",-0.0271768617811876,0.00620119394162841,1.17313931493612e-05
"ENSG00000229550.1",-0.00152268092823777,0.0059240696207186,0.797153358087407
"ENSG00000163053.10",0.000841966086031019,0.00565202417019626,0.881579532741764
"ENSG00000144406.18",0.00434965156849546,0.010021944679013,0.664279197030074
"ENSG00000237179.5",0.000508051902313488,0.00632085924202797,0.935937394009759
"ENSG00000235092.5",-0.0166916354399804,0.00553447571262688,0.00256185663752295
"ENSG00000234193.1",0.00615298776266045,0.00634555227880824,0.332219174146247
"ENSG00000269973.1",0.00622987829710949,0.00422069673621911,0.139935629345875
"ENSG00000115750.16",0.00957572243189397,0.00429327670101068,0.0257209292758993
"ENSG00000231043.3",-0.00950277043110645,0.00472390273454871,0.0442583745334802
"ENSG00000226186.1",0.00454894864867555,0.00358891182823084,0.204976274229335
"ENSG00000115425.13",-0.00207650651532474,0.00521791628096378,0.690661853446423
"ENSG00000144410.4",0.00501031161229286,0.00595730910759757,0.400327749088309
"ENSG00000204406.12",-0.00541970382750692,0.011506344373169,0.637627352526441
"ENSG00000168887.10",0.0249843360866956,0.00807843028995302,0.00198330078081455
"ENSG00000239305.6",0.0165411191123022,0.00912514788521079,0.0698787210777533
"ENSG00000124380.10",-0.0147974233667408,0.00923254951059647,0.108990944918102
"ENSG00000234663.5",0.0020180327530939,0.00527502811725272,0.702043503350537
"ENSG00000118245.2",0.00265629982739082,0.00353601308539625,0.452524336582947
"ENSG00000241520.1",-0.00400123613760414,0.00464516247516561,0.389030436957691
"ENSG00000204120.14",0.0137578537916691,0.00869478859152224,0.113578744054566
"ENSG00000217289.3",0.000283926587199531,0.0066122843494617,0.965749953809129
"ENSG00000222038.3",0.000379514560983005,0.00633089301350459,0.952198284703304
"ENSG00000224043.7",-0.00600318586409725,0.00556702117715011,0.280878506746465
"ENSG00000128713.13",-0.00983702890993135,0.00451402927344752,0.0293158875438162
"ENSG00000138449.10",0.00834851643692226,0.00764998064655495,0.275135575709797
"ENSG00000115368.9",0.00747807985691099,0.00622711060378921,0.229793562071949
"ENSG00000151687.14",0.0046532159720294,0.0088330438985955,0.598334963868323
"ENSG00000138376.10",0.00132656931341071,0.0043108956195963,0.758291778759143
"ENSG00000124383.8",0.00219712054585413,0.00551891770906373,0.690551211400654
"ENSG00000125630.15",0.00391255878850773,0.00458675930753162,0.393652884403288
"ENSG00000231747.1",0.012150393080221,0.00422690885348387,0.00404624243035168
"ENSG00000157856.10",-0.00213159257797282,0.00409054572703504,0.602295544332835
"ENSG00000138092.10",-0.0123862727586111,0.00836861670245777,0.138850286479684
"ENSG00000168894.9",0.0312635478161424,0.0107799583253864,0.00372978418211622
"ENSG00000068615.17",0.024501690373358,0.0124859057394257,0.0497219990102777
"ENSG00000135919.12",-0.00653011931343132,0.00923854322504742,0.479669451054732
"ENSG00000227632.2",-0.00237326222718708,0.00458820208408386,0.604979416484265
"ENSG00000204434.5",-0.00368101076862871,0.00459124883688415,0.422700483319338
"ENSG00000224425.2",0.0250403667010036,0.00653593212988512,0.000127527445093589
"ENSG00000115594.11",0.00828329156906152,0.00653943312133188,0.205273977689308
"ENSG00000144045.13",0.00990991113415313,0.00703503154269796,0.158938099684364
"ENSG00000229996.1",-0.0046999993553539,0.00452774551398685,0.299249540971077
"ENSG00000223947.1",-0.000285172897361173,0.00529838213188617,0.957076474061616
"ENSG00000230918.1",-0.014517874035484,0.0113560335332868,0.201098469785264
"ENSG00000197635.9",0.0152251019687413,0.0136079230056503,0.263207983688929
"ENSG00000152049.6",-0.00726407650047776,0.00684297973146734,0.288445905662732
"ENSG00000143919.14",-0.00648743980541988,0.00332809345901281,0.0512600667052816
"ENSG00000243667.6",-0.0277554883099201,0.0064845610976168,1.86690516260635e-05
"ENSG00000270571.2",0.00346065742693491,0.00625668984077788,0.580185932636486
"ENSG00000272902.2",-0.00454245263044776,0.00618430645394816,0.462636224356138
"ENSG00000144130.11",0.00144073456246795,0.00852555665668915,0.865804438564594
"ENSG00000283766.1",-0.000453606676603099,0.00424772512288306,0.914957054430854
"ENSG00000260742.1",0.0218376380299242,0.00625655820829293,0.000482370990701919
"ENSG00000281920.1",-0.00733577063913576,0.0034637360597404,0.0341853953656461
"ENSG00000084710.13",0.0159382843862476,0.00755923478723298,0.0349919027615562
"ENSG00000173960.13",-0.00169041389208569,0.00755782085765555,0.823018611058418
"ENSG00000205639.9",0.00045248394886895,0.00449293969023209,0.919780674181672
"ENSG00000115129.13",-0.00134243600548159,0.00793752715320739,0.865698150015537
"ENSG00000186453.12",-0.00279056481103472,0.003776394151897,0.459937624214667
"ENSG00000176732.6",-0.0119516636357745,0.00424543038314902,0.00487494582706438
"ENSG00000119782.13",-0.00102236923011237,0.00507863830486339,0.840457946083566
"ENSG00000219626.8",-0.00290031217820764,0.00682419005397624,0.670833319923585
"ENSG00000143933.16",-0.0175561391787969,0.00644826247471277,0.00647673947953464
"ENSG00000273064.1",0.0189637244789633,0.00773688460506325,0.0142428224705149
"ENSG00000143971.7",0.00955490433076345,0.00482905028366091,0.0478576661711182
"ENSG00000162881.6",-0.0189662658350469,0.00700948594234953,0.00681401061704634
"ENSG00000233230.1",-0.0190316390775341,0.00591359094157636,0.00128958237942578
"ENSG00000214711.9",0.0046947405792038,0.00411920511292447,0.254402959166132
"ENSG00000229498.1",-0.00153172055670611,0.00436605259880717,0.725719614110314
"ENSG00000132313.14",-0.00137402409703797,0.00743435170041204,0.853369459058424
"ENSG00000172554.11",0.0027275703786511,0.00482127019454212,0.571572657553742
"ENSG00000178295.14",-0.02143036387101,0.00418395156626525,3.02249058448112e-07
"ENSG00000170745.11",0.00445091643976117,0.0035158495209154,0.205528260801508
"ENSG00000196504.15",-0.011322634232099,0.00885524481286555,0.201025289417284
"ENSG00000079785.14",-0.00833060923313063,0.01203712565701,0.488889422295101
"ENSG00000213225.7",-0.00383104891335821,0.00454673839186109,0.399456233888619
"ENSG00000178162.8",0.00815400682649646,0.00671367480342997,0.224542708605476
"ENSG00000273165.1",-0.00840914167362239,0.00486787899066545,0.0840823022583547
"ENSG00000228613.1",-0.00321913699624098,0.00507673884795267,0.526018533025234
"ENSG00000003393.14",0.0180420862775347,0.00778598420675426,0.0204900167556129
"ENSG00000282890.1",-0.00180305441868184,0.00391554617450734,0.645167377277823
"ENSG00000138039.14",-0.00527427545692801,0.00479874938926378,0.271727176207166
"ENSG00000170802.15",0.00784699684017952,0.00367926255667506,0.0329441329185486
"ENSG00000242441.7",-0.000579606096754471,0.00210218844237745,0.782766531446889
"ENSG00000068781.21",0.00321643923009,0.00225574724725695,0.153901147439592
"ENSG00000228203.6",0.00762855743636621,0.0046973286335878,0.104371458886223
"ENSG00000242282.6",0.0110306955806591,0.00522673312287611,0.0348206564167496
"ENSG00000223991.1",-0.0164442228966629,0.00393850204763686,2.97661565538121e-05
"ENSG00000188542.9",-0.00399436226444649,0.00597373384741339,0.503716085687911
"ENSG00000115705.20",-0.00493775256295028,0.00335980570976107,0.141655433693562
"ENSG00000224232.1",0.00388980912981858,0.00472511108314499,0.410382514340732
"ENSG00000115685.14",-0.0301314498437338,0.00960347910413868,0.00170362947278269
"ENSG00000188011.5",-0.00438580610492442,0.00556608646160146,0.430725083050885
"ENSG00000168385.17",-0.0724669226601189,0.00505559100926445,0
"ENSG00000169629.11",0.00701163591725671,0.00281623616219876,0.0127844226013235
"ENSG00000144136.10",0.0168406058557144,0.00668109080721684,0.0117142569476416
"ENSG00000115665.8",0.00982670201657242,0.00529357801699994,0.0634045351713414
"ENSG00000271947.1",-0.00354008466796826,0.00342126824644907,0.300795598450143
"ENSG00000118965.14",-0.00336446194107909,0.00677112404011711,0.619270985946798
"ENSG00000270640.1",-0.00907282746320017,0.00636468921698333,0.154014400055841
"ENSG00000118960.12",-0.0125894479707694,0.00732843664479359,0.0858166825865098
"ENSG00000115514.11",-0.0189671322236703,0.0122785953390847,0.122411237469827
"ENSG00000231822.1",-0.00969370655507401,0.00479050430340366,0.043019020061181
"ENSG00000144134.18",-0.00636458741912105,0.00499353650905427,0.202463212683246
"ENSG00000231943.7",0.00793771896570991,0.00537153127080431,0.1394777650849
"ENSG00000057935.13",0.00090299482569574,0.00820885014249156,0.912407316115735
"ENSG00000115524.15",0.0291748107465715,0.0145404181204852,0.0448068741373142
"ENSG00000155438.11",-0.00411807854683834,0.0115543298953034,0.721533552616152
"ENSG00000071082.10",-0.000163014762083165,0.0101792426370392,0.987222880211933
"ENSG00000230140.5",-0.000834183692022669,0.0062885630570558,0.894469457746849
"ENSG00000115446.11",0.0386317171490664,0.0100654106438733,0.000124006815029221
"ENSG00000172954.13",-0.00236772517851952,0.00520803668139869,0.649376075224927
"ENSG00000204843.12",-0.00210144705741636,0.00966910606577709,0.827946324539566
"ENSG00000281904.1",0.00907409751577639,0.0151522771586918,0.549266035332573
"ENSG00000064012.21",-0.0265677507595247,0.00883621062394578,0.00264108490246218
"ENSG00000225649.5",0.00409845558741326,0.00540737831715827,0.448488312606253
"ENSG00000135622.12",0.00293161862020532,0.00771789493611723,0.704059050943644
"ENSG00000272711.1",0.00223012186348181,0.00483244072096969,0.644447273096879
"ENSG00000236397.3",0.00407799662094396,0.0023294698095678,0.0800128542388755
"ENSG00000227359.1",-0.00394212271064567,0.00393914062324313,0.316944283456778
"ENSG00000189223.14",-0.000770335653703254,0.00269778745545508,0.775227787998397
"ENSG00000228251.1",-0.00250234227080656,0.00367734902101027,0.49620405679201
"ENSG00000125618.16",-0.000968488705657617,0.00319798143948711,0.762008936996941
"ENSG00000279267.1",0.00586388556751971,0.00364783815185309,0.10794558634545
"ENSG00000125637.15",-0.0189062919784948,0.00959670847009098,0.0488291005169598
"ENSG00000144057.15",0.00339991420991822,0.00458841573261318,0.458706898973079
"ENSG00000188042.7",0.0034938464983439,0.00475031890562791,0.462036713325664
"ENSG00000075568.16",0.00275718201228256,0.0106521691474056,0.795760537240205
"ENSG00000234389.1",0.0125166069007865,0.00397222917881325,0.0016269667691502
"ENSG00000234638.1",-0.0182957129400779,0.00797803080986908,0.0218329396432992
"ENSG00000175084.11",-0.00283488888459671,0.0129460862787705,0.826668340415488
"ENSG00000280323.1",0.00701727366800437,0.00663442443990739,0.290189283732717
"ENSG00000204923.3",-0.0106412584784481,0.00793438474344501,0.179869367903219
"ENSG00000152683.14",-0.00174005453164488,0.00858029966258165,0.839294112721147
"ENSG00000236432.7",-0.0047472714503183,0.00384055396746461,0.216425005431327
"ENSG00000179921.14",-0.00220957232051689,0.00651759962480944,0.734597472782152
"ENSG00000135913.10",-0.0115561777002841,0.00730913409232754,0.113864377306092
"ENSG00000229754.1",0.00734478184280071,0.00535208021725337,0.169962963185639
"ENSG00000180228.12",-0.0229511588631392,0.0103078527248075,0.0259760049066291
"ENSG00000116095.10",0.009632617526998,0.00983200105822622,0.327223876350767
"ENSG00000064989.12",0.00568366235109734,0.0102040103049877,0.577525513455084
"ENSG00000134326.11",0.00353272723465569,0.00499392648595954,0.479314996206772
"ENSG00000163600.12",0.00252891229073228,0.00706805501813562,0.720496992533544
"ENSG00000233608.3",0.008393580247725,0.00656447170469501,0.201024708130221
"ENSG00000235128.1",-0.00622733715685453,0.00426790899591345,0.144535578296606
"ENSG00000260942.1",0.0122517729840821,0.00714048904146383,0.0861955289172197
"ENSG00000271228.1",-0.00341056214492443,0.00439705941057967,0.437957951213657
"ENSG00000223754.1",0.00118528340483411,0.00399452354743429,0.766674862342676
"ENSG00000272735.1",0.000329979052084359,0.00528142854353576,0.95018128258926
"ENSG00000144362.11",0.00839391044143077,0.00582724149180975,0.149737194094135
"ENSG00000183671.12",0.00506143177846654,0.00392334498299614,0.197022628080084
"ENSG00000018280.16",-0.00964374396162571,0.00758575968231186,0.203623457632314
"ENSG00000115649.15",0.00964978769176868,0.0100304396878192,0.336024328673089
"ENSG00000267919.1",0.00327911694895127,0.00347052187202051,0.344736291167481
"ENSG00000163464.7",-0.00674102036707239,0.00488202300455048,0.167345314248044
"ENSG00000168288.12",-0.0477917987008137,0.0112183137463653,2.04281656938088e-05
"ENSG00000213160.9",0.00287746332439288,0.0089224832374364,0.747077122898495
"ENSG00000136002.18",0.0199875046737711,0.0114033351098012,0.0796402749676614
"ENSG00000217950.4",-0.00213077961841272,0.00633519194161929,0.736614351291534
"ENSG00000144231.10",-0.00510441310062115,0.00580956202903793,0.379605881235541
"ENSG00000144118.13",0.0061376531758702,0.00803705811182985,0.44506444145268
"ENSG00000213553.4",-0.00831772376021861,0.00458231846192124,0.0694965561177195
"ENSG00000272807.1",-0.0165390318925552,0.00817002898891414,0.0429337282233555
"ENSG00000281772.1",-0.0198530604232261,0.00603591846610643,0.00100489316922003
"ENSG00000115109.13",0.00539805158339748,0.00668390566143716,0.41930974079907
"ENSG00000197872.11",0.0153567353199468,0.00455260458331342,0.000743065107399521
"ENSG00000172023.7",0.00663960228061733,0.00390264305003087,0.0888849530893769
"ENSG00000003509.15",0.0109251601551549,0.00560476619630311,0.0512640932503801
"ENSG00000198612.10",-0.00354693975136318,0.0090168994248753,0.694049334097141
"ENSG00000153250.19",-0.0238540872549743,0.0172591348503466,0.166936783171797
"ENSG00000189350.12",-0.00628420017923681,0.00301060845037969,0.036856309219446
"ENSG00000144357.16",0.0158701260681681,0.0101387882657057,0.117515338665201
"ENSG00000136720.6",0.000713013149292676,0.00752794650362202,0.924540813259357
"ENSG00000115339.13",0.0289877858016525,0.00560836626524419,2.35767721123992e-07
"ENSG00000136698.8",0.00846379100752973,0.00707684124167403,0.231702686471611
"ENSG00000283303.1",0.016013184936117,0.00995793523996664,0.1078170335298
"ENSG00000230646.1",-0.0106014799761785,0.0054559643309631,0.0520041725817514
"ENSG00000143891.16",-0.00770815523429711,0.00723305456180906,0.2865662179078
"ENSG00000135999.11",-0.0150523662755585,0.00984760933444387,0.126381001400908
"ENSG00000048991.16",0.00275019518982337,0.0171282952682542,0.872436461813819
"ENSG00000115866.10",0.0049415343044192,0.0085387045441715,0.562776916532501
"ENSG00000121966.6",-0.0154350531926349,0.0142635609728002,0.279193958607268
"ENSG00000163006.11",0.00518915348388631,0.00619048836698399,0.401892432477561
"ENSG00000198203.9",0.000299104905522964,0.00295546080214251,0.919388400482258
"ENSG00000236090.2",-0.00394582127599783,0.00426426597662617,0.35479817569378
"ENSG00000115616.2",0.00211072300910461,0.0115080901369291,0.854474680429315
"ENSG00000144063.3",0.00122007123767815,0.00822258510535242,0.882042493408253
"ENSG00000235721.1",0.00875933406566771,0.00491073735522773,0.0744707097298218
"ENSG00000225963.7",-0.00643617151159925,0.00654112053190161,0.325137394208627
"ENSG00000232046.6",-0.0128521664379883,0.0061031918557958,0.0352208029503647
"ENSG00000127838.13",0.00803778540235568,0.00987478278978985,0.415661646880919
"ENSG00000176714.9",0.0210100091009311,0.007476143909866,0.00494994164792861
"ENSG00000115211.15",0.0125972865915845,0.0158208098064229,0.425887961098597
"ENSG00000144290.16",0.0091231357316115,0.00582963318988231,0.117592571208636
"ENSG00000136560.13",0.0186780950057416,0.0132856116514538,0.159757094315018
"ENSG00000163497.2",0.0167416733514555,0.00846237740982398,0.047887517636513
"ENSG00000124006.14",0.00950436580675647,0.00686741145404122,0.16636432453799
"ENSG00000213901.10",0.00713810996566148,0.00789689338416483,0.366041174273509
"ENSG00000269068.1",0.00404789072195125,0.00441563734487219,0.359290848399136
"ENSG00000163521.15",0.00511336258901626,0.00531901302977613,0.336382885897459
"ENSG00000162999.12",0.0123175761443366,0.0100782610241499,0.221634797868634
"ENSG00000270277.1",0.00321490064920604,0.0053574196652114,0.548450401109957
"ENSG00000238082.1",0.00956389656222137,0.00491119892954608,0.0514909993566208
"ENSG00000143942.4",0.00199585926824482,0.0050099007779429,0.690347892051412
"ENSG00000144452.14",-0.00831905579892271,0.00584692974406853,0.154791951370402
"ENSG00000136542.8",-0.0101532849999326,0.00805393673709899,0.207430963458451
"ENSG00000204634.12",-0.00216693026697961,0.0150232010959056,0.885311810340591
"ENSG00000232034.1",0.00583107189909841,0.00574981372680189,0.31051962075355
"ENSG00000162976.12",0.00938170281514439,0.00612044607390779,0.125313741882602
"ENSG00000003436.15",-0.00552852135480449,0.0151020072329543,0.71430644087686
"ENSG00000242575.1",-0.00240482569048752,0.00426487323677524,0.572843945747841
"ENSG00000115902.10",-0.00661081656382935,0.00599581100229208,0.27021284083243
"ENSG00000225964.5",0.00165813647415929,0.00329014473207465,0.614281981636063
"ENSG00000179833.4",-0.0236228042457553,0.00776451980346409,0.00234696853152017
"ENSG00000223863.1",-0.000534853880099457,0.00725318108470401,0.941216797520047
"ENSG00000014641.17",0.0183741792612059,0.0116110894074185,0.1135427359658
"ENSG00000143951.15",0.0909558466071486,0.00536644777243619,0
"ENSG00000143970.16",0.00828441661382486,0.00978678900099959,0.397279587289642
"ENSG00000169764.15",0.0421784894614083,0.00900116955592122,2.78746096871174e-06
"ENSG00000242412.1",-0.0333672862596531,0.00591852065786316,1.72261638287097e-08
"ENSG00000143924.18",-0.0159812425897971,0.00537618759193139,0.00295291263961917
"ENSG00000115944.14",-0.0294637918227139,0.00615970507318156,1.72430075506824e-06
"ENSG00000242371.1",0.0107584343654036,0.0114688518027306,0.348215223502482
"ENSG00000135929.8",0.00363100603115508,0.0050722638445105,0.474080814546718
"ENSG00000134324.11",-0.00652719016630177,0.00477624064827161,0.171752050399479
"ENSG00000171227.6",0.0421269698612209,0.00921329806599678,4.8214792462975e-06
"ENSG00000115107.19",-0.0155490167736842,0.00523424780309768,0.00297188998269338
"ENSG00000118997.13",-0.000182700172284277,0.00723131217002811,0.97984347291062
"ENSG00000144580.13",0.0236734052084208,0.00752828771948333,0.00166317710402897
"ENSG00000227107.1",-0.00335671804667035,0.00289617652121453,0.246449224189663
"ENSG00000115318.11",0.00513417577580553,0.00737068843157625,0.486074030668048
"ENSG00000204872.4",-0.0167719184614135,0.00611834017082854,0.00612053558489345
"ENSG00000151353.14",-0.00718289669977384,0.00480840875517146,0.135222698006511
"ENSG00000072163.19",0.000894562870929509,0.0118091527308569,0.939616678769942
"ENSG00000115718.17",-0.00153669190883328,0.00394119564825592,0.696606792811736
"ENSG00000138029.13",0.00335466238125681,0.00646087250003848,0.603602135939413
"ENSG00000068784.12",-0.00466490623206244,0.00541365181655045,0.388856442297442
"ENSG00000214595.11",-0.0271328755573421,0.00772425324679223,0.000443601536591953
"ENSG00000163001.11",0.00374625356045768,0.00973449549919668,0.700353654274211
"ENSG00000223549.1",0.00332932436106776,0.00390566837079143,0.393973277476965
"ENSG00000074047.21",-0.0329403037294567,0.0101834641180921,0.00121776786686612
"ENSG00000173272.15",-0.008880677186025,0.00681060247383693,0.192251026779445
"ENSG00000171863.12",-0.00272686865731065,0.00610107947511148,0.654912204651635
"ENSG00000144567.10",0.00943929649661701,0.0112886306847081,0.403055178213376
"ENSG00000019169.10",0.00259450151454868,0.00717589818661261,0.717682551289101
"ENSG00000115977.18",0.000862456380723461,0.00788338746596302,0.91288384618265
"ENSG00000196975.15",0.0168495485681417,0.00770588653932282,0.0287730926927858
"ENSG00000115539.13",0.0101447415661147,0.010032508985894,0.311926988991787
"ENSG00000034510.5",-0.015878052775877,0.00812961344788279,0.0508062204985653
"ENSG00000085760.14",-0.00595845363038776,0.00763169741530402,0.43494909403751
"ENSG00000068878.14",-0.0149329341312018,0.00851920943606544,0.0796269947653787
"ENSG00000115468.11",-0.0212843468644469,0.00507951369499152,2.78667920828868e-05
"ENSG00000221843.4",-0.0130910203216497,0.00664163940364317,0.0487178646848366
"ENSG00000234072.1",0.0477588821435756,0.00935129801216829,3.26980028497736e-07
"ENSG00000115194.10",0.0133091219419445,0.00582354136917828,0.0222893790177194
"ENSG00000138085.16",-0.0334297884415496,0.0100136429114035,0.000842549959973571
"ENSG00000163794.6",0.0128190160840451,0.00678081454237109,0.0586933632059902
"ENSG00000223884.5",0.00269762300243885,0.00371656131118232,0.467937828882206
"ENSG00000235319.1",0.00537013876513846,0.00329071165388539,0.102698862633539
"ENSG00000125611.15",-0.00138233168529566,0.00884986190493158,0.875876868057495
"ENSG00000091409.14",0.0373140386426462,0.00657487009307521,1.38485376499631e-08
"ENSG00000115827.13",-0.00741799416354186,0.00757424082130975,0.327396547042981
"ENSG00000123600.19",0.00544545217503443,0.00608309932663971,0.370692339779869
"ENSG00000084774.13",0.0149583724324856,0.0102532479443668,0.144595076117515
"ENSG00000144407.9",-0.0109085709739224,0.0044246993819264,0.0136867527519609
"ENSG00000119812.18",-0.00177224364213946,0.00578528989486349,0.759348690123157
"ENSG00000260101.1",0.0663606023482166,0.00515067075057879,0
"ENSG00000084676.15",0.0197684203157505,0.00938952065234532,0.0352590647535866
"ENSG00000244617.2",0.00958502678145469,0.00552265745928599,0.0826377099652778
"ENSG00000080345.17",0.0474015786309113,0.00878838369323336,6.90356996013719e-08
"ENSG00000184898.6",0.0135549851729636,0.0104422953395041,0.194258186468927
"ENSG00000231327.1",0.0118692464394465,0.00524690610175164,0.0236886340295974
"ENSG00000183733.6",0.00449094031043849,0.00338178653494968,0.184185160790297
"ENSG00000144369.12",-0.00616758137982544,0.0102920769572848,0.549002669526116
"ENSG00000214199.3",0.00260653472687688,0.00438693289973577,0.552405915304304
"ENSG00000115271.10",0.00502408167864076,0.00822657820351488,0.541389322558401
"ENSG00000115540.14",0.018304879757058,0.0157620168133631,0.245508322957166
"ENSG00000144395.17",-0.0281902576240945,0.0071977019124712,8.98201118174624e-05
"ENSG00000223564.1",0.000565548484140474,0.00771989854292395,0.941600384539892
"ENSG00000144026.11",0.00617910061133757,0.00529561844268406,0.243277950384883
"ENSG00000229089.6",-0.00323479765565786,0.0100145563376879,0.74668798540429
"ENSG00000232502.1",-0.00158471001769908,0.00705804283927465,0.822348491145896
"ENSG00000235571.1",-0.00195276351195269,0.00900415306140136,0.828306815534314
"ENSG00000168992.4",0.00225297577861573,0.00773814182062508,0.770935040662505
"ENSG00000204717.4",0.000972243207499834,0.00826760911149797,0.906387252495044
"ENSG00000163060.7",0.0132492441905232,0.0101314991102139,0.190965612148875
"ENSG00000231969.1",0.0066386420122497,0.00556692845370369,0.233059631244167
"ENSG00000230587.1",-0.0184295238584279,0.00623816761823468,0.00313362068133249
"ENSG00000213090.2",0.0104378718100131,0.00540517027823314,0.0534718882857224
"ENSG00000172428.10",0.0066701562888005,0.00680598065106645,0.327064705388652
"ENSG00000172482.4",-0.00742035885177643,0.00294016795856838,0.0116098116813621
"ENSG00000163016.9",0.0129521240329706,0.00343259238560594,0.00016111683103015
"ENSG00000159374.17",0.00361438434598389,0.00472093716767002,0.443909950692267
"ENSG00000204311.12",0.00330959657205148,0.00863453189121828,0.701499013715052
"ENSG00000271401.1",-0.00363514723224156,0.00424874985423108,0.392229897888831
"ENSG00000204262.11",0.00815011309448522,0.00955669708541775,0.393760832387509
"ENSG00000224019.1",-0.00454581064298296,0.00616025900510842,0.46055987647874
"ENSG00000244063.1",0.00740259191969973,0.00322606612175138,0.0217549808570842
"ENSG00000225398.3",0.00775712003915214,0.00417331839288735,0.063063789755578
"ENSG00000240857.1",0.0184552221790132,0.00700382325462055,0.00841320487421016
"ENSG00000228446.2",-0.0141697497275512,0.00470248661455187,0.00258469171054432
"ENSG00000231259.4",0.00339710519961213,0.00329725431660458,0.302877158368994
"ENSG00000135914.5",0.0125548783304344,0.00434310558388928,0.00384310802379484
"ENSG00000135898.9",0.00447981857285032,0.00503328690985471,0.373445273244158
"ENSG00000231494.1",6.48516683613261e-05,0.00429636609905689,0.987956757208273
"ENSG00000115091.11",0.00563518610642959,0.0181764436409251,0.756540515684087
"ENSG00000115163.14",0.0273265210403785,0.00814022236858621,0.000788003054650765
"ENSG00000173567.14",0.0115666017389443,0.00658889259876097,0.0791789880102644
"ENSG00000115155.16",-0.00142288952442828,0.00434725310013809,0.74343514985506
"ENSG00000271889.1",0.000461133230030286,0.00386646004186364,0.905065437489083
"ENSG00000237223.6",-0.00418140144969438,0.00473886016606,0.377579787347624
"ENSG00000030419.16",-0.0170566885715345,0.012832725053447,0.183796634750472
"ENSG00000123609.10",-0.0102698224327893,0.00800643368770109,0.19959851572034
"ENSG00000115963.13",-0.00502387176169384,0.0073100786416863,0.49192345871635
"ENSG00000151779.12",0.00248146336788523,0.00678028805786215,0.714378508884707
"ENSG00000144339.11",0.00030919279675532,0.00522065897091261,0.952773008961617
"ENSG00000115289.13",0.00639053065536281,0.00767966518860163,0.405331832061901
"ENSG00000163032.11",0.00189223428666294,0.00664981027193423,0.775985376446692
"ENSG00000152253.8",0.00562544478826159,0.00272595676129473,0.0390500737777164
"ENSG00000272667.1",-0.00326867506480384,0.00428564336057346,0.445640260320521
"ENSG00000231063.1",0.0104757089076391,0.00546096404498865,0.055074338129652
"ENSG00000168530.15",-0.0104678858941088,0.00571366564633107,0.0669396763294671
"ENSG00000150540.13",0.00297496182207927,0.00707553765248706,0.674151378904058
"ENSG00000138031.14",-0.0375144459734829,0.0153084357023738,0.0142628862949293
"ENSG00000115020.16",-0.00866267925815156,0.0101123912892571,0.391643851204931
"ENSG00000178385.14",-0.00189120685858703,0.00638361519437056,0.767031887178711
"ENSG00000115604.10",0.00784479368022155,0.0072249057856139,0.277568038986942
"ENSG00000143947.13",-0.0134825853119106,0.00653925686018003,0.0392275746319102
"ENSG00000227799.1",-0.00866625232548631,0.00439154958577303,0.048450827497136
"ENSG00000237887.1",-0.0177759248419043,0.00502116487080931,0.000399824827842066
"ENSG00000135960.9",-0.000859524004691834,0.0103009699708721,0.933500829489094
"ENSG00000234902.6",0.00998118040566502,0.00405324093700357,0.013796509184957
"ENSG00000132329.10",0.00115288225209725,0.00681560057433787,0.865675955002728
"ENSG00000183840.6",0.000659825245964665,0.00511578303267711,0.897374781242136
"ENSG00000283312.1",0.0199504337880446,0.00375004342833153,1.03736419232447e-07
"ENSG00000181798.2",0.0127721307630637,0.00287697924575383,9.01999518387875e-06
"ENSG00000224376.1",0.00535207748344234,0.00442850397294017,0.226834993722936
"ENSG00000150722.10",0.00398050555108934,0.00605187593541306,0.510711090153
"ENSG00000197713.14",0.0124938368969488,0.0124588130881043,0.315951979661855
"ENSG00000213639.9",0.0249742232327984,0.00705949535867752,0.000403661609275852
"ENSG00000226833.5",-0.00057877921477159,0.00753183225909911,0.938747320183735
"ENSG00000163806.15",0.00104201913091349,0.00440448277498261,0.812981475560546
"ENSG00000204335.3",-0.0087675219117488,0.00566554661477406,0.121738959634651
"ENSG00000213981.8",-0.00199426369546232,0.00468187003294769,0.670140987515768
"ENSG00000162927.13",0.0105268676514718,0.00504766030794767,0.0370244397376127
"ENSG00000023228.13",0.0230753302532712,0.00856232002140767,0.00703916461221799
"ENSG00000234362.5",-0.0115940863657062,0.00593271831473051,0.0506702322692969
"ENSG00000119004.15",-0.0158422940177467,0.00661692661840879,0.016656331827355
"ENSG00000283491.1",0.00241721304424419,0.00363929413315509,0.506563389459406
"ENSG00000234936.1",0.0169564384203733,0.00615192700658559,0.00584627798541348
"ENSG00000152527.13",0.00895521273028208,0.0059881622768267,0.134787656209196
"ENSG00000115233.11",-0.00808414450630294,0.0145655327667866,0.578881801925031
"ENSG00000223522.1",-0.00127367642909909,0.00466828701150644,0.784979338703652
"ENSG00000270210.1",0.0130767452194043,0.00448108752157244,0.00352049487567185
"ENSG00000162949.16",0.0054947385827024,0.00601516624403876,0.360989752389341
"ENSG00000230118.1",-0.00802254332450298,0.00512926181627175,0.117800269875707
"ENSG00000144120.12",0.0148015412707556,0.00588389814308835,0.0118829554519072
"ENSG00000080293.9",0.00407983478771596,0.00569469417668593,0.473727497994602
"ENSG00000213938.3",0.00115812876828714,0.00603192461410981,0.847742303810679
"ENSG00000228043.5",-0.000558414529236667,0.00463391795686559,0.9040823933071
"ENSG00000115596.3",0.00311947050228318,0.00536269496522241,0.560769922143351
"ENSG00000273466.1",0.0245648029236679,0.0082549659024581,0.00292262842586488
"ENSG00000229525.1",0.00169306078622981,0.00572931642734506,0.767605582341806
"ENSG00000115556.13",0.00987920343507609,0.00677706386840089,0.144911963587967
"ENSG00000144504.15",0.00688685223139551,0.00596115476693069,0.247972394164739
"ENSG00000142327.12",-0.0151274127855078,0.00888760056066864,0.0887402539519253
"ENSG00000144468.16",0.00110982317801473,0.00659888140202938,0.866438896375806
"ENSG00000173744.17",0.00671857385029418,0.00726876456144625,0.355326221073401
"ENSG00000138413.13",0.00550409723398072,0.0114384612240985,0.630379971523335
"ENSG00000116062.14",-0.00850365519606805,0.00793720694075485,0.284004806812855
"ENSG00000172016.15",-0.00111145530427878,0.00373654347166057,0.766118798005027
"ENSG00000178662.15",0.0090634977699651,0.00822353724082632,0.270400365993065
"ENSG00000079156.16",-0.0100265151391891,0.0052841242157734,0.0577647376775262
"ENSG00000279526.1",0.0058369571676134,0.00513941231743103,0.256071827952392
"ENSG00000162980.16",-0.00238939092155423,0.0105158040801921,0.820253422077487
"ENSG00000122085.16",-0.0400456420055146,0.00582156778921534,6.03417316114019e-12
"ENSG00000271590.1",-0.0107127993019148,0.00609328185424289,0.0787248988524853
"ENSG00000067066.16",-0.000532641665276126,0.00684981636286281,0.938018971838028
"ENSG00000144535.19",0.0110458797139942,0.00720893485580403,0.12546112114009
"ENSG00000144048.10",-0.0025651374752416,0.0072052360585175,0.721832932203976
"ENSG00000273245.1",0.00677315921390018,0.00515927605434583,0.189246325135394
"ENSG00000144035.3",0.0139840072257355,0.00405914135842315,0.000570921354232312
"ENSG00000163017.13",-0.000678600605206011,0.0192278770317576,0.971846472427142
"ENSG00000116127.17",0.0318551277113536,0.00838031264088223,0.000144005104672495
"ENSG00000143994.13",-0.00896272215474373,0.0103723894961043,0.387536115734919
"ENSG00000163803.12",0.0215477730281832,0.00459666722215924,2.76299658774626e-06
"ENSG00000163811.11",-0.00608872219522145,0.0092331470514294,0.509612171358015
"ENSG00000179818.13",-0.0024789336370782,0.00666607581748518,0.709987405921063
"ENSG00000138381.9",0.00880272789572555,0.0064292932305177,0.170949423140269
"ENSG00000237298.9",-0.00339219020837731,0.00471970183494078,0.472307437676509
"ENSG00000115221.10",-0.00502535114395407,0.0109869359922526,0.647388363958629
"ENSG00000279205.1",0.00812481787440649,0.0051061450153829,0.111568101027808
"ENSG00000175701.10",-0.00497424611568433,0.00868650414619711,0.566887972836856
"ENSG00000230596.3",-0.0119880085776828,0.00438748480676593,0.00628901955782213
"ENSG00000234584.1",-0.00358844209951459,0.00798286175961221,0.653057841307481
"ENSG00000227542.1",0.00104712004811759,0.00439617163150147,0.811734451316003
"ENSG00000271532.1",0.000387106762514207,0.00721494161018052,0.957211242859957
"ENSG00000152284.4",0.0289406028755543,0.0107275234617611,0.00698015096392324
"ENSG00000172086.7",0.0159179029129793,0.010228292585076,0.119645807353753
"ENSG00000170485.16",-0.00146975687543706,0.0058346827325123,0.801118320490205
"ENSG00000251485.1",1.09057683716077e-06,0.00503564587430052,0.999827201031276
"ENSG00000163064.6",0.00247913938483892,0.00457939543479704,0.588253772887238
"ENSG00000151665.12",-0.0105266117062536,0.00492721981000897,0.0326451827492877
"ENSG00000119042.16",-0.0185599005969333,0.0074628035948181,0.0128829860443951
"ENSG00000115825.9",-0.0029432390927648,0.00715159826178487,0.680669406185141
"ENSG00000231826.5",-0.0193693417648813,0.00592028163453898,0.00106905734654217
"ENSG00000135624.15",0.0336607567519526,0.0214498716553749,0.116583772780643
"ENSG00000169605.5",0.000513327753538576,0.00409619740405508,0.900271708409797
"ENSG00000230992.3",0.00576602097939304,0.00480561864761666,0.230197646360073
"ENSG00000150551.10",0.005099058786949,0.00404641751544549,0.207618308436103
"ENSG00000188452.13",-0.0128093085375444,0.00774688403287338,0.09823345661343
"ENSG00000168427.8",0.0239740738950702,0.00575122952837818,3.06593548612399e-05
"ENSG00000180398.11",-0.0211485634342828,0.00571716213619468,0.000216334190837886
"ENSG00000173692.12",0.0199484098720562,0.012840354429462,0.120286639931204
"ENSG00000243650.3",0.0119802449960982,0.00484540186497003,0.0134172574726126
"ENSG00000134321.11",0.0117235142863358,0.00768648776354869,0.12720652328938
"ENSG00000224090.1",-0.00372005837440419,0.00833393792990905,0.655326663012618
"ENSG00000222005.8",0.00144665728789201,0.00303078514592622,0.633133584913083
"ENSG00000227347.1",0.00493283193369582,0.00703811705825306,0.483381768750496
"ENSG00000125631.7",-0.00713595442594941,0.00424768688792147,0.092964623922974
"ENSG00000231948.2",-0.000930696261203454,0.0037692356565391,0.804970837296868
"ENSG00000280374.1",0.00645816785977527,0.00521777411206095,0.215818160011517
"ENSG00000225808.1",0.00448065194947352,0.00494833436413152,0.365207496190928
"ENSG00000230606.10",0.000467432386300112,0.00341242108508254,0.891046847897372
"ENSG00000153165.18",0.000653827702023261,0.00342570943281685,0.848636011334684
"ENSG00000115970.18",-0.0399836060257529,0.00482721592118628,1.11022302462516e-16
"ENSG00000115009.11",0.00588204968677161,0.00499302838437351,0.238775667693982
"ENSG00000168542.14",-0.00105703776505953,0.012231351269427,0.931132263507615
"ENSG00000144366.15",0.0169465406079157,0.00984228227288572,0.0851039320541815
"ENSG00000163214.20",-0.0088214031794846,0.00884076416429026,0.318371484312414
"ENSG00000115875.18",0.0154331327038877,0.0060385730925936,0.0105956718605326
"ENSG00000265451.1",-0.00482265236085471,0.0037805582701526,0.202080842031579
"ENSG00000115896.15",0.025333912734101,0.0118202755008942,0.0320923010640238
"ENSG00000187944.2",0.00156099470201164,0.00504272255054444,0.756900177053313
"ENSG00000203435.2",0.00624353203871856,0.00506228429904513,0.217447885154774
"ENSG00000172059.10",0.0103571927368453,0.00664382193945231,0.119015107977594
"ENSG00000226674.8",-0.0155046079768367,0.00559710556098197,0.0056037060045967
"ENSG00000075292.18",-0.00564154106987493,0.00590061208508981,0.339024638061724
"ENSG00000124370.10",-0.00722377865384596,0.00648677544943657,0.265443845244279
"ENSG00000143977.13",-0.0125715740943835,0.0127280573797344,0.323296830203901
"ENSG00000115641.18",0.00729889910820006,0.00792700270405216,0.357173628358519
"ENSG00000138095.18",0.0398981990271139,0.00692543836148091,8.35634983431532e-09
"ENSG00000013016.15",-9.93913881043755e-05,0.00600746678115073,0.986799887670144
"ENSG00000233862.5",0.00312154724003618,0.00451666294519666,0.489491364562547
"ENSG00000151689.12",-0.00275506327395163,0.00806766631646871,0.732731382072271
"ENSG00000115415.18",-0.0134113989170375,0.00568394218330941,0.0182983892139534
"ENSG00000272979.1",0.00342397492760377,0.00502675856480524,0.495776792061986
"ENSG00000138079.13",-0.00601628362552949,0.00294176174342158,0.040842095906109
"ENSG00000230749.4",-0.00416531164895921,0.0039500557774175,0.291656628710552
"ENSG00000172478.17",-0.0196983022338121,0.00447829301183884,1.08942165976122e-05
"ENSG00000273113.1",-0.0272461799099849,0.00593168699691821,4.36234019007831e-06
"ENSG00000163596.16",-0.0368718827067086,0.0139200434126013,0.00807700208190054
"ENSG00000115946.7",-0.0021954625249521,0.0103136425440002,0.831428556482992
"ENSG00000144524.17",-0.0266778244397954,0.00805374969411881,0.000924752147089869
"ENSG00000125629.14",0.000120908067134549,0.00510900142340405,0.981119270121765
"ENSG00000282998.1",-0.022256594225194,0.00616117364045008,0.000303381704841899
"ENSG00000227176.1",0.00546985026554702,0.00507774805910437,0.281382124135135
"ENSG00000115806.12",0.00300389584563335,0.0101093107546892,0.76635847561276
"ENSG00000085978.21",0.00326167678549432,0.00633672395451433,0.60674447889059
"ENSG00000114933.15",-0.00703791038708954,0.00792707695577087,0.37463127634885
"ENSG00000135976.17",-0.0036774783510155,0.00834693124861202,0.659518179116084
"ENSG00000168754.14",-0.0052582781935977,0.00749873428443073,0.483164420652752
"ENSG00000169047.5",-0.00646973254746878,0.00546992309328849,0.236895123336865
"ENSG00000119866.20",-0.0175462678531158,0.0103706149475117,0.0906609152724998
"ENSG00000204128.5",-0.0239406512722832,0.00625866832683751,0.000130666542071389
"ENSG00000226125.1",0.00369036745177559,0.00345727754073939,0.285782187273309
"ENSG00000261096.1",0.00161189641779717,0.00491651522589741,0.74302248093117
"ENSG00000075426.11",0.0160920456368493,0.0107986482893027,0.136174091661027
"ENSG00000143727.15",0.0262533632836686,0.0101623413020171,0.00978326395229534
"ENSG00000116030.16",0.000438773641988747,0.0123374767189905,0.971629780029371
"ENSG00000055044.10",0.0197198355834135,0.010784530050854,0.0674700634907179
"ENSG00000132300.18",0.0435691591516716,0.00769574353948295,1.50088796946335e-08
"ENSG00000119185.12",-0.00261092531288594,0.00570870619002359,0.647413386462976
"ENSG00000219159.4",0.0067160732495584,0.00444324461788336,0.13065486270503
"ENSG00000115687.13",-0.0324180514007973,0.0074000926580608,1.18264503089494e-05
"ENSG00000214842.5",0.0113070556573791,0.00591580438954168,0.0559621588919879
"ENSG00000182263.13",0.0085759591978738,0.0076917680729547,0.264870601440321
"ENSG00000136732.14",0.0286882588771697,0.0109355245628761,0.00870569097849072
"ENSG00000079308.16",0.00920033973525053,0.0198316284521481,0.642703232732416
"ENSG00000138036.18",-0.00969258237515593,0.00564363211591031,0.0858993637396162
"ENSG00000196151.10",-0.00854590597007969,0.00466418072640702,0.0669154331501917
"ENSG00000144283.21",-0.0101961313176014,0.00592712509244073,0.085387180225452
"ENSG00000157827.19",-0.0115609433199503,0.00680796556965875,0.0894795492515662
"ENSG00000182389.19",-0.00258126471870549,0.00805987803954752,0.748770473796801
"ENSG00000123612.15",-0.00235015034012294,0.00545152769190431,0.666396093815961
"ENSG00000198142.4",-0.00876137566960636,0.00945375078242132,0.354050190909364
"ENSG00000218416.4",-0.00142333108714166,0.00434384787179555,0.743164242946131
"ENSG00000222020.2",0.0080026182273032,0.00389889481582904,0.0401176933069772
"ENSG00000157985.18",-0.0121032552952394,0.00606690872932151,0.0460469719748764
"ENSG00000280119.1",-0.0138292245149455,0.00422687777061842,0.00106889662992227
"ENSG00000261186.2",0.00246423018355609,0.00295485019504868,0.404302892448111
"ENSG00000204099.11",0.00513547921363511,0.00380606506411556,0.177244369232297
"ENSG00000013441.15",-0.00496783583065457,0.0101094256863162,0.623139084164504
"ENSG00000170035.15",-0.0127688617731295,0.00595740641527739,0.0320842675919719
"ENSG00000214077.4",0.000174863002067281,0.00631715556818618,0.977916853092051
"ENSG00000136541.14",0.0121963295308668,0.00598149317723714,0.0414489439739808
"ENSG00000231156.1",0.012878296969078,0.00429128897721463,0.00269065993643169
"ENSG00000115232.13",0.00962055501276812,0.00824412285593431,0.243226846612588
"ENSG00000260804.3",-0.00115349866644968,0.00326007614599387,0.723469525325513
"ENSG00000115306.15",0.00700169610719588,0.0100396885907858,0.485551424464733
"ENSG00000171103.10",-0.00763082344183274,0.00651033747181723,0.241153401947829
"ENSG00000179270.6",-0.000785088493436201,0.00351608688405597,0.823313914771583
"ENSG00000212283.1",-0.00421782128086634,0.00393658729001814,0.283971156506828
"ENSG00000144021.2",0.0138497507413388,0.00576736231117381,0.0163324191039897
"ENSG00000163126.14",-0.0048833544627839,0.0091023893673863,0.591618913633077
"ENSG00000144199.11",0.0005269015770845,0.0095776738961687,0.956127690819148
"ENSG00000135625.7",0.00763475381964272,0.00538662278657377,0.156379320708957
"ENSG00000119771.14",-0.00830150713121879,0.00645496389787972,0.198420162277715
"ENSG00000235192.1",-0.000828377199880986,0.00595555800101212,0.889376557369702
"ENSG00000144233.9",-0.024317847158553,0.0101121082759986,0.0161802277845677
"ENSG00000169016.16",0.0281725864851654,0.00634773936893117,9.07110156678215e-06
"ENSG00000138378.17",-0.00891204948138199,0.00669593375377638,0.183200723589622
"ENSG00000241399.6",-0.0161118851368761,0.00936552335024051,0.0853706429950279
"ENSG00000136536.14",-0.00721475005687584,0.00764711147554565,0.345445247063728
"ENSG00000144034.14",-0.0171004820633924,0.00845024183263346,0.0430043466962584
"ENSG00000135945.9",-0.00870858267986617,0.00925552454693854,0.346752805531751
"ENSG00000188282.12",0.0221452679365768,0.00656962901923336,0.000749352422674487
"ENSG00000163072.15",-0.0116367498414,0.00475923281098177,0.0144816227885423
"ENSG00000224844.1",0.014418434187785,0.00587448421664704,0.0141113219076396
"ENSG00000144476.5",0.00916982316417829,0.00793471341510959,0.247820654760857
"ENSG00000158417.10",-0.00709075387831214,0.00912014843325081,0.43687427981867
"ENSG00000235440.1",0.00741995394742868,0.00472948808737668,0.116678136302769
"ENSG00000115484.14",-0.0262272236124814,0.0093779156830703,0.0051627330264149
"ENSG00000229127.1",-0.00178123910475889,0.0076220679909596,0.81522177728736
"ENSG00000272994.1",0.0152206384713295,0.00556636018280651,0.00624946481324351
"ENSG00000125633.10",-0.00672679429328452,0.00866670711427111,0.43765159830136
"ENSG00000223960.6",-0.000596439925726092,0.00866176746326831,0.945101920446444
"ENSG00000254126.6",-0.00543196852870528,0.00304877527878078,0.0748000071285236
"ENSG00000241635.7",0.0123088005502136,0.00446659113118802,0.00585580543471964
"ENSG00000071073.12",0.039003335554987,0.0094295454874206,3.52965933102523e-05
"ENSG00000115808.11",0.00468007057525326,0.00773613037357404,0.545203758694469
"ENSG00000138442.9",0.00465685462836461,0.0104433624695641,0.655658463110549
"ENSG00000005448.16",-0.00373253406864429,0.00689660453052655,0.588360574131166
"ENSG00000168393.12",-0.012010333363982,0.00770024297214213,0.118822674332074
"ENSG00000235151.1",0.010554218065645,0.0054452640662579,0.0525941851879337
"ENSG00000240069.1",-0.00565909894766686,0.00386061656648847,0.14268815702879
"ENSG00000072135.12",0.0140743670993722,0.0117801279119046,0.232182754248854
"ENSG00000222014.5",-0.00166286994482848,0.00947859945166007,0.860738516564569
"ENSG00000177917.10",-0.0186586083911929,0.00664437819532392,0.00498224068643005
"ENSG00000173559.12",-0.00314013232882737,0.00755308888121192,0.67759918688469
"ENSG00000280083.1",-0.0037664758915435,0.00394920605056368,0.340220381089047
"ENSG00000136709.11",0.0107531772189215,0.00753455121189235,0.153527389768601
"ENSG00000152518.7",-0.00972423978852376,0.00511750617205036,0.0574080430977169
"ENSG00000138075.11",-0.00574379133680629,0.00433873561584565,0.185556220679957
"ENSG00000163449.10",-0.000335321497330893,0.00450990120802076,0.940730068114431
"ENSG00000115380.19",0.0103222392738315,0.00833498225825254,0.215559010418914
"ENSG00000261117.1",0.00261303758096877,0.00378623611008059,0.490105388123988
"ENSG00000168874.12",0.00596922757012701,0.00731488059442214,0.414477851888779
"ENSG00000115290.9",9.00089369452528e-05,0.00590280061759465,0.987833917699741
"ENSG00000226383.6",-0.00475712538423768,0.00474661308862006,0.316239912464089
"ENSG00000233205.1",0.0173874765756691,0.00529378661896019,0.00102161140513124
"ENSG00000007001.12",-0.00421855041833029,0.00679155647902751,0.534503344808964
"ENSG00000237753.1",-0.041549281864514,0.00571924709435085,3.73590047786365e-13
"ENSG00000226508.1",0.00428986856415027,0.00395406358217592,0.277954187422781
"ENSG00000223374.1",-0.0333661425042585,0.00516250981565711,1.02536756863003e-10
"ENSG00000115598.9",-0.0164484488945711,0.00632664726414981,0.00932595773348421
"ENSG00000163482.11",0.0052084228948409,0.00864717958250097,0.546957018275179
"ENSG00000162929.13",0.00835673589354153,0.00735375237146843,0.255793081220864
"ENSG00000115504.14",0.0348497604365189,0.0107979282179395,0.00124899392307487
"ENSG00000198380.12",0.00890609708385518,0.0104922469256713,0.395977850142838
"ENSG00000172985.10",0.000444323021203392,0.00822013909345986,0.956892953270523
"ENSG00000115568.15",-0.0238732705634885,0.00823086775040647,0.00372620030690729
"ENSG00000084733.10",-0.0382977514570857,0.0129108115061281,0.00301375104303148
"ENSG00000115216.13",0.0315360341104477,0.00814506775490835,0.000108036717668014
"ENSG00000095002.13",-0.0103923018724476,0.00512372729474913,0.0425327087521888
"ENSG00000135617.3",-0.0125715167952277,0.0114265555259283,0.2712442126962
"ENSG00000163083.5",-0.00245348561615396,0.00629228725581246,0.696596060444494
"ENSG00000234281.5",-0.0178558200098104,0.00614828004708469,0.00368195725672793
"ENSG00000061676.14",0.0154482598811707,0.0134423891290059,0.250465354263446
"ENSG00000138434.16",0.00165992409718902,0.0110468295817206,0.880557527177006
"ENSG00000138101.18",-0.0298583031364271,0.00971522231676471,0.00211668272134902
"ENSG00000225521.1",0.00889505140685432,0.00499128152593702,0.0747300316878089
"ENSG00000153201.15",0.00556986362659229,0.0100347486977759,0.578855256264078
"ENSG00000155657.26",0.0024832093866686,0.00421437695284647,0.555711442643053
"ENSG00000283994.1",-0.000327000471534145,0.00573830288144015,0.954556688405869
"ENSG00000225439.2",0.0132943403650058,0.00704179312281363,0.059036723687882
"ENSG00000124356.15",-0.0115047613511361,0.011903811295234,0.333805486495369
"ENSG00000204822.6",-0.00387585052110468,0.0107903611773123,0.719448749700652
"ENSG00000162994.15",-0.000664765159330547,0.00341966899088943,0.845866923867739
"ENSG00000115310.17",0.00261974403232766,0.00865629929595284,0.762164085463348
"ENSG00000124374.8",-0.00835691731578187,0.00769091769944766,0.277215571402489
"ENSG00000163219.11",-0.000409033107782903,0.00590486101434833,0.944774248552987
"ENSG00000153107.11",-0.0282546603251235,0.00642534057204559,1.09565723048766e-05
"ENSG00000172965.14",-0.034470596358277,0.00729169929400595,2.27441080968838e-06
"ENSG00000188760.10",0.0111722350710196,0.00903039613409617,0.216019870983396
"ENSG00000222043.2",-0.00595845379925676,0.00441154964227168,0.176807991925099
"ENSG00000128652.11",0.0120946904035285,0.00586056154069031,0.0390421297148157
"ENSG00000224661.1",-0.0013324053561526,0.00438446923479053,0.761210132601647
"ENSG00000162944.10",0.0228777294699539,0.0138456169733416,0.0984643364672643
"ENSG00000283839.1",-0.0131820747865218,0.00739379932689434,0.0746098507593761
"ENSG00000234028.3",0.0361975889336145,0.0118011188680652,0.00216000909908931
"ENSG00000223318.1",-0.000263807917252069,0.00480994893081954,0.956260911304525
"ENSG00000082438.15",0.0184413549134348,0.0125659686008926,0.142222870830688
"ENSG00000169507.9",0.0038585859977456,0.00710235316828669,0.586935135724554
"ENSG00000236283.4",-0.00310895297099736,0.00798851726849369,0.697144680553242
"ENSG00000256671.6",-0.0027991077952739,0.00597982034577557,0.639718593102596
"ENSG00000233766.7",-0.0111529257959299,0.00725972284131097,0.124471114166693
"ENSG00000144115.16",-0.000949781978386865,0.00294771931549131,0.747294293406168
"ENSG00000163586.9",0.00597339599548454,0.00470680200585599,0.204405887487973
"ENSG00000225493.1",-0.00248411035595892,0.00348519571594234,0.475993880560033
"ENSG00000279544.1",0.00112349695424216,0.00363224872092806,0.757084446932015
"ENSG00000115112.7",-0.014855228700312,0.00927135200807415,0.109095451304431
"ENSG00000169994.18",-3.74025521387012e-05,0.0049058859535683,0.993916974413039
"ENSG00000232202.1",-0.00264737102441676,0.00368196228404317,0.472134202248573
"ENSG00000116039.11",0.000342763778774833,0.00501709020987781,0.945531510410956
"ENSG00000232057.1",0.000918773667595518,0.00519952830241798,0.85974147007836
"ENSG00000143797.11",-0.0090519156021815,0.00644573811426157,0.160221888724492
"ENSG00000073737.16",-0.00990505869499347,0.00515238622194684,0.0545527266548769
"ENSG00000143867.6",0.0079335500740024,0.00635025391500012,0.211545127887107
"ENSG00000207186.1",0.0025851084288913,0.00418746469585279,0.53700750042579
"ENSG00000163510.13",-0.00478533658430516,0.00565963082599589,0.397820025736945
"ENSG00000233673.6",-0.00720156855320851,0.00715044647879058,0.313862939654204
"ENSG00000266931.1",0.0212288180710326,0.00767096815934188,0.00565012925363773
"ENSG00000163121.9",0.00408896752897235,0.00850357871510601,0.63062129696855
"ENSG00000174501.14",0.00457241154777309,0.00800508452566744,0.567871929908428
"ENSG00000152689.17",0.00302393983900541,0.00460488403055322,0.511386055413503
"ENSG00000151690.14",-0.0282551792430914,0.00911452108965058,0.00193508896487127
"ENSG00000158019.20",0.0339598058951277,0.00848932212551319,6.32631596532152e-05
"ENSG00000163798.13",-0.00765895256349385,0.0115445347668725,0.50705731264946
"ENSG00000243147.7",0.0351480472035848,0.0131587820077956,0.00756095461823414
"ENSG00000115295.19",0.014572724512722,0.0113973096908,0.201034106219797
"ENSG00000128656.13",0.0124039799979193,0.00882423055053049,0.159821336646957
"ENSG00000273445.1",0.00925440822883321,0.00598632598815376,0.122122793973516
"ENSG00000272180.1",0.00346289264226047,0.00624799693888633,0.579414297947134
"ENSG00000225889.7",0.0089273962329593,0.00477775523596359,0.0616877300329512
"ENSG00000163364.9",-0.0116207744163072,0.00658029752120976,0.077396639391351
"ENSG00000143995.19",-0.0222082868675245,0.00793010250262562,0.00510228135626223
"ENSG00000130294.15",-0.0412906312557294,0.00635652734210404,8.26019252997412e-11
"ENSG00000088179.8",0.0147653116883803,0.00735569135766977,0.0447143667869476
"ENSG00000186889.9",0.0312382551693906,0.00496691938324999,3.18979620494986e-10
"ENSG00000275052.4",-0.00363964232661161,0.00836425680983417,0.663459108323464
"ENSG00000228305.2",0.0362468405366806,0.00507715277239104,9.3869356732057e-13
"ENSG00000187736.12",-0.0107274539375957,0.00810585185198847,0.185695437657029
"ENSG00000234065.2",-0.000593752626741786,0.00435353199129445,0.891517627284379
"ENSG00000224559.2",0.00175274100685434,0.00565401552825094,0.756561468376195
"ENSG00000163040.14",0.00169962457797889,0.00821531469637469,0.836099747694636
"ENSG00000267034.1",-0.00284708330744835,0.005166651372818,0.581599390443374
"ENSG00000229692.3",-0.000795079932961745,0.00644962379188792,0.901889022622983
"ENSG00000042493.15",-0.0204468104619289,0.0059209589652053,0.000553785646110527
"ENSG00000168280.16",-0.0231855689873948,0.0128678899267629,0.0715743714074026
"ENSG00000261379.1",0.00210396368907738,0.00489637579764807,0.667415219365178
"ENSG00000227817.4",0.0317492528933305,0.00883859386711486,0.000328003997244974
"ENSG00000115884.10",0.0623272271933562,0.0107651918318928,7.05124048039352e-09
"ENSG00000227210.1",-0.0100114594978962,0.00331787570576593,0.00254927452707321
"ENSG00000235726.5",0.000772501087354197,0.00328621112478588,0.81415170136222
"ENSG00000079150.17",0.0222626018213274,0.0111587052726094,0.0460332551974789
"ENSG00000229941.5",-0.00522377028321012,0.00674624827457721,0.438740236796513
"ENSG00000115361.7",0.00298726821775576,0.0131797243863244,0.820690971732241
"ENSG00000135637.13",-0.00254736664606875,0.00747708759851512,0.733337202035026
"ENSG00000082146.12",-0.0111375007520865,0.00420867034356281,0.00813720987592603
"ENSG00000138443.15",-0.00534669470622876,0.00903161316544868,0.553852092595284
"ENSG00000135930.13",-0.00839131543391554,0.00951102653600615,0.377629562081496
"ENSG00000223923.1",-0.0104236461964012,0.00600034958189287,0.0823566123447403
"ENSG00000273073.1",0.0032334290252442,0.00403213434492204,0.422602126927694
"ENSG00000152133.14",-0.00561926774237542,0.00688613032893088,0.414484737622703
"ENSG00000123992.18",-0.00179704101093385,0.00591613962154873,0.76131661048544
"ENSG00000115762.16",-0.0014430019388805,0.0141451441437285,0.918745607321958
"ENSG00000235651.1",-0.00304659045099335,0.00616452570375936,0.621155563852887
"ENSG00000279873.2",-0.0246740294581152,0.00464486398202096,1.08363022444102e-07
"ENSG00000231435.1",-0.00636719183515342,0.00545414559027323,0.243047222748943
"ENSG00000236790.5",0.00243874914899323,0.0038926865649629,0.530990234662882
"ENSG00000144036.15",0.0161595739049321,0.00985326606802251,0.101000576251571
"ENSG00000115602.16",0.00148641371161031,0.00688233636766606,0.829007108551215
"ENSG00000136717.14",-0.0109003450066735,0.00745866917060151,0.143896659353763
"ENSG00000138002.14",-0.0105818793115561,0.0104072335018539,0.309257530098105
"ENSG00000172071.11",0.0121474467551878,0.014378785056656,0.39821283893061
"ENSG00000119888.10",-0.0141582261726666,0.00814524285107205,0.0821720099602916
"ENSG00000184261.4",-6.2016259194964e-05,0.00415640681656426,0.988095491613494
"ENSG00000284052.1",0.0121199614298387,0.00560440236364774,0.0305735945158337
"ENSG00000233392.5",-0.0139466460574894,0.00473174388474634,0.00320391770604156
"ENSG00000231609.5",0.0504417325207254,0.00745078345967115,1.28791421971641e-11
"ENSG00000261428.2",-0.00140700216040779,0.00481543932747642,0.77014470018384
"ENSG00000163082.9",-0.00338848132261075,0.00747769536787915,0.650444232051879
"ENSG00000071909.18",-0.000961535300720243,0.003814566958023,0.800987483198595
"ENSG00000077380.15",0.00498574244105115,0.00896042225508935,0.577924967995821
"ENSG00000239467.5",0.00474876204306756,0.00488574746566534,0.331069334847488
"ENSG00000234350.4",0.000147964136767744,0.00543774284103838,0.978291777186661
"ENSG00000205221.12",-0.00734908178363958,0.00745393956512584,0.324166203505217
"ENSG00000063660.8",0.0158116281839226,0.00418979003591125,0.000160749117683712
"ENSG00000213453.3",0.00584547596407618,0.00483034744030621,0.226218877167455
"ENSG00000272148.1",-0.0157306046622649,0.00672155796167226,0.0192671610355125
"ENSG00000138080.13",-0.0335324322137108,0.0130087160035283,0.00994632932495909
"ENSG00000065802.11",-0.00674624725380058,0.00573526436914767,0.239485061170006
"ENSG00000163166.14",-0.00464159035661475,0.00821862446181845,0.572233706143644
"ENSG00000231689.2",0.0151142775064246,0.00767356296132969,0.0488778361550029
"ENSG00000115170.13",0.00908620971710598,0.0100979381867245,0.368222217342995
"ENSG00000123610.4",0.00368599626814572,0.00968870152874259,0.703616784928052
"ENSG00000231367.5",-0.00437443556599528,0.00826742283947162,0.596724155321639
"ENSG00000204104.11",0.00674738981836919,0.00615121286159283,0.272676265097746
"ENSG00000235885.7",-0.00451852300205013,0.00685381114158157,0.509721379379008
"ENSG00000231584.8",0.0301671839833125,0.0133137514282506,0.0234595553580885
"ENSG00000115073.7",-0.00748370647792981,0.00582027381406024,0.198512965733249
"ENSG00000135931.17",0.00955909368087831,0.00813567861738644,0.240010879847836
"ENSG00000235949.1",0.00148640404683111,0.00620422282203362,0.81065632794359
"ENSG00000196872.11",0.0283066365659514,0.00776404754811973,0.000266498218579492
"ENSG00000272275.1",0.00174184727971681,0.00350027351422319,0.618743611865402
"ENSG00000115085.13",-0.00476850289307042,0.0120317761017259,0.691864720847656
"ENSG00000207406.1",0.00483792194178716,0.00511086950655362,0.343845350216049
"ENSG00000235724.8",-0.00390649286212265,0.00515452601569996,0.448525067780137
"ENSG00000115523.16",0.0124409522069872,0.00472445585440574,0.00845573753109397
"ENSG00000239474.6",-0.00569743922588138,0.00534247773454181,0.286224173009256
"ENSG00000138398.15",-0.00442300358125808,0.00605714485064875,0.465260232700718
"ENSG00000163026.11",-0.0184894658574895,0.0087957549789882,0.0355454198466383
"ENSG00000152082.13",-0.00331946412643117,0.0104252531017957,0.7501769157616
"ENSG00000124839.12",-0.0121524466189268,0.00695300094746651,0.0804988755232122
"ENSG00000115657.12",0.00599418021595551,0.00593612275273443,0.312600528031803
"ENSG00000143869.6",-0.0471399737692431,0.00594011989483486,2.1094237467878e-15
"ENSG00000115041.12",0.0164768056911409,0.0154227949418351,0.285366675968724
"ENSG00000185013.16",0.00319312600822846,0.00407554033970674,0.433342173659554
"ENSG00000115561.15",0.0309975483562786,0.0122730818102961,0.0115483417617933
"ENSG00000237892.1",-0.00820117933289837,0.00437007954922977,0.0605638971187856
"ENSG00000136531.15",0.00552752673892747,0.00471155318457364,0.240721352252429
"ENSG00000168958.19",0.0130111010362225,0.0102057386490946,0.202351408710384
"ENSG00000213962.2",-0.0234377863231357,0.00713163554248693,0.00101457637819824
"ENSG00000196659.9",-0.0146431796028027,0.00839143276851318,0.0809821843202894
"ENSG00000144331.18",0.00146695170336815,0.00498395367274227,0.76850197651454
"ENSG00000235499.1",0.00375657026193101,0.00519231555973506,0.469381039149696
"ENSG00000163170.11",0.00465960233976279,0.00750997648599871,0.534958282384678
"ENSG00000226856.5",-0.00716213966236026,0.00424971882759624,0.091926688987215
"ENSG00000235688.2",0.0151577205425622,0.00742617262138048,0.0412387526115646
"ENSG00000138385.15",0.000107029806895757,0.0090555870423045,0.990569861250747
"ENSG00000115694.14",0.0166883716703899,0.00929809374308155,0.072682947869973
"ENSG00000171132.13",0.00500866608184212,0.00374245510781248,0.180786610852279
"ENSG00000134317.17",-0.0185207163702259,0.00718366452040829,0.00993247991163604
"ENSG00000220804.8",0.000803499565057124,0.00810041912305741,0.920985553007613
"ENSG00000127837.9",0.00259723993003092,0.0121459893942971,0.830675583214016
"ENSG00000234231.3",-0.0116835366267721,0.00459860412797805,0.0110640217810871
"ENSG00000240253.5",0.00318671207615774,0.00828956015582568,0.700663660646163
"ENSG00000224063.5",0.00378630088931891,0.00439917221937182,0.389411638423323
"ENSG00000233579.1",-0.0168159641980258,0.00785551443754933,0.032301685634635
"ENSG00000081052.11",-0.00240174164833332,0.00627184099704406,0.701763914354464
"ENSG00000177673.3",0.000526591284691216,0.00428820587636963,0.902265547560251
"ENSG00000135631.16",-0.0369230749969154,0.0132558462526833,0.00534587314842416
"ENSG00000236841.7",0.000552845938483538,0.00680194937651283,0.935221208950804
"ENSG00000128699.13",-0.0123510837098098,0.00574581443278948,0.0315885080198018
"ENSG00000236498.1",0.0203590767811014,0.00597070374481704,0.000650037022495997
"ENSG00000271320.1",-0.000734844849713381,0.0072364800929019,0.919116029737366
"ENSG00000272622.1",0.00538028020772699,0.00652769953163104,0.409812850538315
"ENSG00000135917.13",0.0026482441881803,0.00448213785251146,0.55462496089075
"ENSG00000144043.11",0.00260281689389597,0.00581804499798867,0.654608168193568
"ENSG00000155368.16",-0.0376541547702143,0.0125734103280953,0.00274674577447009
"ENSG00000115993.12",-0.0215551472381237,0.00733465230142656,0.00329475316137406
"ENSG00000138078.15",-0.00211929037625517,0.00628311288920807,0.735891191732797
"ENSG00000225062.1",-0.0129839786007897,0.00614483094515774,0.0346014529999532
"ENSG00000162878.12",-0.006684723989616,0.00751654927027607,0.373823520974995
"ENSG00000185304.14",-4.68054220973644e-05,0.005561595328656,0.993285221125653
"ENSG00000175879.8",-0.007564272159492,0.00605300798724477,0.21141953688753
"ENSG00000118961.14",-0.0387254956397297,0.00444997864324256,0
"ENSG00000068697.6",0.0456338915410643,0.0112682228761136,5.12644853349897e-05
"ENSG00000138448.11",-0.00643038625985133,0.0137877959884339,0.640941761626036
"ENSG00000196811.11",0.00892130377354097,0.00450004963898959,0.0474244164449302
"ENSG00000243943.9",-0.00503957306632223,0.00755212072911278,0.50457689834698
"ENSG00000064933.17",0.000333814841975601,0.00609534675072407,0.956325269220059
"ENSG00000157851.16",0.0220646053251742,0.00716195545488316,0.00206440140433173
"ENSG00000157884.10",-0.000549905980617755,0.00605307834039231,0.927613904878559
"ENSG00000084734.8",-0.0283166578897456,0.0067219160496636,2.52462138190523e-05
"ENSG00000176720.4",0.0307249606988759,0.00609531319344805,4.63706654074691e-07
"ENSG00000135905.18",-0.00430070386079593,0.0127291308004572,0.735466340080035
"ENSG00000115738.9",-0.00701618715922894,0.00572299964518543,0.220212510534579
"ENSG00000231908.1",-0.00457729454560256,0.00815528076413295,0.574615151879402
"ENSG00000119844.15",-0.0506827278781831,0.0106615228619718,1.99630329977829e-06
"ENSG00000035115.21",0.0102213419430903,0.00638099598171906,0.109190740799496
"ENSG00000270659.1",0.00492125355353607,0.00566401010028782,0.384921610985404
"ENSG00000115956.9",0.00368791069032902,0.00763243666123352,0.628961428538206
"ENSG00000169618.6",-0.00595374961358192,0.00374108668421413,0.111508507149038
"ENSG00000270956.1",-0.00822683602823487,0.00392807433075577,0.0362271465314555
"ENSG00000222033.1",0.00510477601887885,0.00568910344121264,0.369564154382719
"ENSG00000075886.10",0.0138378054472455,0.00831844591716072,0.0962106918419235
"ENSG00000238057.8",0.00579292454246244,0.00548767786352604,0.291140024460879
"ENSG00000055917.15",0.00996795895706247,0.00729012286817158,0.171523815402078
"ENSG00000227432.1",0.0136736648561505,0.00592520258758682,0.0210151250477736
"ENSG00000084754.10",-0.00307875771545916,0.00739237218543423,0.677060526555337
"ENSG00000198586.13",-0.00816623957248656,0.00632222190969626,0.196470618112587
"ENSG00000249715.10",-0.0266187696048367,0.00984801344926766,0.00687253695748336
"ENSG00000229689.3",0.00640036564162652,0.0133207209964594,0.630884753991791
"ENSG00000232028.1",0.00251792167541428,0.00411429082686118,0.540541666969015
"ENSG00000229160.1",0.000718016536944332,0.00435739646262687,0.869116288871683
"ENSG00000180871.7",0.011906342740126,0.00552179573667113,0.0310645635637019
"ENSG00000188177.13",-0.00402039611615812,0.0109864925370206,0.714409913113705
"ENSG00000153246.12",0.000635114280609305,0.00556520325627952,0.909140775778111
"ENSG00000115677.16",0.0634686510353487,0.0102713851508875,6.44388431503273e-10
"ENSG00000138069.16",-0.0411716658955928,0.00900004975444442,4.77120980768575e-06
"ENSG00000215023.2",-0.0179334362101504,0.00488454396758242,0.000241163337022177
"ENSG00000124019.9",0.00688632844546224,0.00548705133975109,0.209473532523657
"ENSG00000173166.17",0.00618119037853461,0.00581336570049153,0.287658509674912
"ENSG00000115607.9",-0.00623886122872869,0.0063409774538427,0.325166737818389
"ENSG00000154479.12",0.0108533054012269,0.00420996762042589,0.00993733916623307
"ENSG00000196950.13",0.00733210473594616,0.00871576156942724,0.400209802598253
"ENSG00000115392.11",0.0221245284834344,0.0093548350049773,0.0180282823565973
"ENSG00000115008.5",0.0109831216680123,0.00463443532254272,0.0177931731836963
"ENSG00000279307.2",-0.00445620217806336,0.00371417717786125,0.230224094532397
"ENSG00000134318.13",0.00907422793724055,0.0101284603481768,0.37029877477711
"ENSG00000169621.9",-0.00505970837173709,0.00574532361311275,0.378498887704428
"ENSG00000163599.14",-0.00214512467593836,0.00729350381758605,0.768670469155638
"ENSG00000226791.6",0.00302745076633815,0.00794132306290089,0.703034442432962
"ENSG00000272644.1",0.00220542493267867,0.00551827888744658,0.689408346804428
"ENSG00000138356.13",-0.0443804804333067,0.00958627298620943,3.66396569484451e-06
"ENSG00000260868.1",0.00721922303982238,0.00633199485040091,0.254237029655938
"ENSG00000115159.15",0.0218945707811987,0.00921355176167768,0.0174851412117105
"ENSG00000227788.1",-0.0117366782085192,0.00410301788644239,0.00422975001682813
"ENSG00000233723.7",-0.00947597461176797,0.00673788309421978,0.159613492507333
"ENSG00000115844.10",0.0192669171687243,0.00461256077891134,2.95308454204557e-05
"ENSG00000162804.13",-0.0102356280030778,0.0054906581944249,0.062295080779816
"ENSG00000144401.14",0.00656456506474805,0.0053549721675506,0.22024300789678
"ENSG00000234949.2",-0.000514898150860253,0.00512144184425735,0.919917428263222
"ENSG00000138430.15",-0.0075542131781907,0.00825486996160095,0.360127582301817
"ENSG00000115919.14",0.00224141737639101,0.00667698757398502,0.737102454283229
"ENSG00000169604.19",-0.0147957835887501,0.0109511365387761,0.176672087742663
"ENSG00000135912.10",0.00136462302986764,0.00752446092943593,0.856086390896158
"ENSG00000271855.1",-0.00634697210548555,0.00514240306375049,0.217112577298148
"ENSG00000155760.2",-0.0146174244035234,0.0117160492052219,0.212162523636863
"ENSG00000204217.13",0.0202362664335926,0.014182931324732,0.153636331070345
"ENSG00000115661.13",-0.0218008731875898,0.0105878520188563,0.0394898425672853
"ENSG00000135924.15",0.00653894827554563,0.0110900706589547,0.555444181569774
"ENSG00000163499.11",-0.0111830892632155,0.00853589111094608,0.190153357346552
"ENSG00000187231.13",-0.00239562181545972,0.0138015611651197,0.862198579035044
"ENSG00000239779.6",-0.00615569920998367,0.0112724913264772,0.585009901446959
"ENSG00000235770.5",0.00191805260555224,0.00431132689193456,0.656401532011356
"ENSG00000272555.1",0.00266240862504685,0.00690433089659621,0.699782351778821
"ENSG00000065548.17",-0.0151259529295902,0.0198916313025429,0.447004814164484
"ENSG00000040933.15",-0.0170556564693766,0.0118193128791492,0.149011224299861
"ENSG00000260977.1",-0.00848150576023129,0.00411138810776377,0.0391192818584808
"ENSG00000170340.10",-0.0727275277776479,0.00912512192885411,1.55431223447522e-15
"ENSG00000267784.1",-0.00299393014080375,0.00446925515166692,0.50292494687867
"ENSG00000144591.18",-0.0102686384176131,0.0118428981237694,0.385902882338105
"ENSG00000152292.16",-0.00691044876354794,0.00463964710477268,0.136373085924103
"ENSG00000059728.10",-0.00731273168796844,0.00851600927950787,0.390503813545504
"ENSG00000279166.1",0.0033531760014489,0.00475743135045937,0.480916604013274
"ENSG00000138100.13",0.0128518952411657,0.00591165786420523,0.0297057571278142
"ENSG00000163793.12",-0.00392677250933504,0.00683917919226668,0.565860584743054
"ENSG00000272789.1",0.00243856853946469,0.00515180092871772,0.635968539737123
"ENSG00000237916.1",0.0101222760049379,0.00687233876868127,0.140777679020485
"ENSG00000178562.17",-0.0125883131231198,0.0087154791348879,0.148636972400326
"ENSG00000135916.15",0.0175459007322043,0.00655016843105937,0.00739097733944394
"ENSG00000233654.1",0.000766660448239828,0.00432298717239708,0.859237353703212
"ENSG00000128641.18",0.00161607729241714,0.00651593982017048,0.804119656951385
"ENSG00000088205.12",0.00538744490659519,0.0164203196644073,0.742838907648719
"ENSG00000271868.1",0.00428806473557754,0.00350379505419073,0.221014724083043
"ENSG00000152056.16",7.05364389182129e-05,0.00775283654677994,0.992740829912191
"ENSG00000171174.13",0.000505892524936594,0.00671467486229957,0.939943139474181
"ENSG00000162924.13",-0.010840151510046,0.00747586943579926,0.147053266190488
"ENSG00000268896.1",0.00843949918668226,0.00396707355326804,0.0333879731759839
"ENSG00000115263.14",0.00398440383367836,0.00601294206781978,0.507562434435688
"ENSG00000183513.8",-0.0110400843378977,0.0105343194430444,0.294633465228366
"ENSG00000153093.18",-0.0148286096850481,0.013847672859524,0.284242427549208
"ENSG00000153094.22",0.00740592355535656,0.00612571746208404,0.226667163846315
"ENSG00000226479.3",0.00687054930685087,0.00939728716841984,0.464705552873422
"ENSG00000224152.1",-0.00754297442377625,0.00532886834711663,0.156924077405171
"ENSG00000239605.9",0.00157928652912535,0.00343441934944435,0.645630414268908
"ENSG00000169756.16",0.0125805300082238,0.00772623802002224,0.103464124752137
"ENSG00000115053.15",0.0199501360099573,0.0110422519956581,0.0708076644055986
"ENSG00000079246.15",0.00898722408738783,0.00894864289173032,0.315228539579638
"ENSG00000188010.12",-0.00315427974129289,0.00959107849219192,0.742249083510553
"ENSG00000230979.3",-0.00948430550509875,0.00373338713048953,0.0110725002996258
"ENSG00000162975.4",0.000197429689967723,0.0043878002897211,0.964111182453047
"ENSG00000115355.15",-0.00984680683399372,0.0119592278432293,0.410300593295818
"ENSG00000235267.1",0.00400596293281401,0.00479573859526129,0.403539135907248
"ENSG00000279317.2",0.00715725280756766,0.00560855571887501,0.201909152460302
"ENSG00000226756.1",-0.0067048530449756,0.00422771435073848,0.11275551022356
"ENSG00000226564.1",-0.00459949619664956,0.00617598729689642,0.456429753211858
"ENSG00000271709.1",-0.0077974709268228,0.00490144479176862,0.111642993805445
"ENSG00000224132.2",0.00731380615335893,0.00436732827247494,0.0940002320974065
"ENSG00000171551.11",0.00912908875871649,0.00491321781640675,0.063159475228511
"ENSG00000155636.14",0.0148619171449511,0.0103090716694544,0.149405407394338
"ENSG00000230730.1",-0.00200523672188142,0.0038064570118605,0.598333364532992
"ENSG00000135956.8",-0.00597162731071964,0.013379135316682,0.655352527331046
"ENSG00000186522.14",-0.00184136274415358,0.0112497434541254,0.869982731475694
"ENSG00000197121.14",0.0216482129873278,0.00793794012969538,0.00638776600254409
"ENSG00000065413.18",0.0389185514276917,0.0108393309788896,0.000330051993876479
"ENSG00000198399.14",-0.00833985178337729,0.00686521406784429,0.224442951344815
"ENSG00000119778.14",-0.009951428594439,0.00887448611206362,0.262137779093982
"ENSG00000205795.4",0.00880224079968604,0.00681595775523589,0.196559267187989
"ENSG00000278590.1",0.0107255083295933,0.00460432768344854,0.0198357307355098
"ENSG00000230002.2",-0.00384420843485567,0.00774457234227375,0.619630193556905
"ENSG00000217258.2",-0.00271860858572978,0.00343565523365807,0.428773261726825
"ENSG00000260634.1",0.00937933453961926,0.00532407085357676,0.0781225723874193
"ENSG00000218175.2",-0.0142375248939611,0.00676665318193466,0.0353721746093503
"ENSG00000177519.3",0.00472531824672941,0.00735614504408239,0.520637266313772
"ENSG00000233971.1",0.00521868285436889,0.00665967682247381,0.43326074573618
"ENSG00000119760.15",0.00741945484096071,0.00845720988110244,0.380327268551442
"ENSG00000271639.1",0.0156720809235049,0.00436061220432219,0.000325628174959847
"ENSG00000197329.11",-0.0100573525743494,0.00930122813832822,0.27956681471299
"ENSG00000115507.9",0.0158755063820832,0.0109054527539512,0.145464442088707
"ENSG00000144229.11",-0.00341333624476312,0.0069828663586348,0.624972025914144
"ENSG00000236255.1",-0.00570698358189853,0.00631276806876783,0.36597513764173
"ENSG00000206885.1",0.017064236369608,0.00422750773579822,5.42599174254699e-05
"ENSG00000170417.15",-0.0010630347808957,0.0069737406327374,0.878844687376126
"ENSG00000177855.8",0.00349225787661262,0.00405295668499072,0.388876378983714
"ENSG00000272800.1",0.0147834044205761,0.0044235128128702,0.000831753942665658
"ENSG00000224099.1",0.00111005193905782,0.0091585147407664,0.903529168952669
"ENSG00000204685.6",-0.0023782509104306,0.00720092263278386,0.741195728803105
"ENSG00000272056.1",0.0202984737005831,0.00708247641196819,0.00415676391010333
"ENSG00000185674.9",0.0140775463346434,0.00730690998102787,0.0540285843775873
"ENSG00000115207.13",0.0369549817166691,0.0143008929467106,0.00976326057616106
"ENSG00000163792.6",-0.00572659089406809,0.00672031578075297,0.394141265089222
"ENSG00000174279.4",0.0112286538688734,0.00575734379250179,0.0511381739781231
"ENSG00000213699.8",-0.016429102782516,0.014310762361289,0.250958537052573
"ENSG00000226321.5",0.0206895583165132,0.00407189187744653,3.7531930796586e-07
"ENSG00000115145.9",0.00379016548985642,0.00847883143039457,0.654864173526776
"ENSG00000054356.13",-0.00535768805477042,0.00452952576946886,0.236873982734308
"ENSG00000162971.10",0.00471875913797629,0.00801534843708703,0.556052199053531
"ENSG00000226124.6",-0.0042880348610213,0.00355941634852253,0.228318486585232
"ENSG00000163535.17",-0.0181763475716577,0.00982651388001678,0.0643532073165179
"ENSG00000235997.2",-0.00396293352920234,0.00466771781420171,0.3958763921449
"ENSG00000213626.11",-0.00390634628262973,0.00396288396907824,0.324264054821167
"ENSG00000163481.7",-0.0045897809453991,0.0111945640840118,0.681805313821343
"ENSG00000168497.4",-0.00215443688199919,0.00887911063733832,0.808283464579868
"ENSG00000184115.17",0.000509771632674622,0.00423357506432554,0.904157086799983
"ENSG00000170166.5",0.0158085089358321,0.00670397897067989,0.0183698059962694
"ENSG00000196843.15",-0.00891923211306081,0.0208524289237687,0.668846913393826
"ENSG00000282033.1",-0.00713384128753669,0.00684738858231025,0.297488712055003
"ENSG00000136710.9",-0.0054152698695198,0.00968374105178113,0.576016644969208
"ENSG00000173163.10",-0.00590288239718495,0.00757598486540419,0.43588717767862
"ENSG00000150556.16",-0.0127466360043878,0.0132288627210848,0.335272899429893
"ENSG00000225796.2",-0.0059191506320113,0.00534901933100269,0.268472904204043
"ENSG00000162972.10",-0.00293416568027834,0.00783517005594813,0.708042373041088
"ENSG00000250116.2",-0.00908506896767281,0.00587066852197323,0.121734129102033
"ENSG00000230006.7",0.0113327310768997,0.00813183733896201,0.163430902356624
"ENSG00000153234.13",0.0184475006497678,0.00656571788638451,0.00495923187064284
"ENSG00000153574.8",0.0207754360499339,0.00831155618033494,0.0124339082448657
"ENSG00000205111.8",-0.0112400255280229,0.00420510046682635,0.00751873369936562
"ENSG00000213197.3",-0.00319428957496838,0.00438317898695585,0.466147917338277
"ENSG00000138380.17",0.0380365967465249,0.0167184726856402,0.0228984984303501
"ENSG00000168763.15",0.00855845692557557,0.0109435412834862,0.434181942641334
"ENSG00000176204.13",0.000781090065364244,0.0055996841068011,0.889064350365348
"ENSG00000162959.13",-0.000701582834043716,0.00500616672398371,0.888546436847816
"ENSG00000228563.1",0.00738322655713656,0.00579165408090491,0.202378455350321
"ENSG00000198369.9",-0.00911411553752089,0.0066756054848696,0.172162950251387
"ENSG00000204581.2",0.0128641658647041,0.00699925509054622,0.0660721953305536
"ENSG00000243244.5",-0.00316930743358055,0.00696316363570732,0.648998900546665
"ENSG00000163249.11",-0.021093964108677,0.00949338870220456,0.026285765837382
"ENSG00000143429.10",-0.00612469526090439,0.0139699076971452,0.661081418858705
"ENSG00000261600.1",0.0153318258394452,0.0182604634599271,0.401122234050138
"ENSG00000163501.6",-0.00712220429635119,0.0107923174664568,0.509296953667343
"ENSG00000244301.6",-0.0448897210613608,0.00668192196702467,1.84128268188033e-11
"ENSG00000171094.16",-0.00564523044555029,0.00345011535653784,0.101788537500183
"ENSG00000115165.9",0.00124709992188156,0.00964536746869935,0.897124052506073
"ENSG00000163093.11",-0.00761528787107482,0.00636334882500526,0.231407065544775
"ENSG00000173557.14",0.00369267173505528,0.00564383059323561,0.512928432203534
"ENSG00000084693.15",-0.00295749231759753,0.00676495677820438,0.661982044314122
"ENSG00000116117.17",-0.00739062600484553,0.00896466783333866,0.40970256721566
"ENSG00000230650.1",-0.0187363080513355,0.00903533020269316,0.0381098162746738
"ENSG00000223349.1",0.0013163443266238,0.00765528041499282,0.863474900829625
"ENSG00000279721.1",-0.0050286846754249,0.00426760829310969,0.238661916481359
"ENSG00000003137.8",0.00826598041143839,0.00487601161942382,0.0900310499575429
"ENSG00000115234.10",-0.0252438927844138,0.0109722593946505,0.0214085137070575
"ENSG00000138018.17",0.0368191495712561,0.00976369319340803,0.000162577151724075
"ENSG00000115363.13",-0.00663569370075711,0.0061697743477521,0.282143578833413
"ENSG00000152086.8",0.00535757131029319,0.00431969231823286,0.21487669868431
"ENSG00000115204.14",-0.0021782792487977,0.00661798534653996,0.742045811180163
"ENSG00000144485.10",-0.00974259393024937,0.00548274508210412,0.0755755647090482
"ENSG00000272551.1",0.0086417903280454,0.004540560461596,0.0570088327963746
"ENSG00000232485.2",-0.00562599133806666,0.00435858370586184,0.196778489694074
"ENSG00000119041.10",-0.00908886412242043,0.0131376143267929,0.48905038567089
"ENSG00000119013.8",-0.0312774372584401,0.0127990408031924,0.0145361833974355
"ENSG00000273240.1",0.0161341019817764,0.0057081311271908,0.00470579588901721
"ENSG00000253559.1",0.0112881992844293,0.00561186866657385,0.0442740718825766
"ENSG00000072182.12",-0.00180960514072542,0.00473629775797326,0.702408213032933
"ENSG00000115419.12",0.065358922903197,0.01067853737303,9.32309451862068e-10
"ENSG00000204186.7",0.0118393177525885,0.00657967632663173,0.0719590772348835
"ENSG00000259793.1",-0.0154034399876739,0.00787144576842139,0.0503620985138907
"ENSG00000227992.1",-0.00617898505907758,0.00456327718214402,0.175714862376022
"ENSG00000228486.10",-0.0137191843825276,0.0103332356842451,0.18428531373661
"ENSG00000189292.15",-0.00965416214573672,0.00636920731589985,0.129581143411954
"ENSG00000189362.11",0.00841263538281692,0.0106716450622027,0.430511516578429
"ENSG00000138439.11",0.0127624803076222,0.0106807452805862,0.232123989341712
"ENSG00000236047.1",0.0112884605447268,0.00840588326424752,0.179296654810215
"ENSG00000231431.7",0.00249310361085192,0.0144795978833678,0.863295670704588
"ENSG00000121964.14",-0.000567722528365497,0.00894527637670172,0.949395288696381
"ENSG00000238273.3",-0.00370023077961332,0.00798926584065779,0.643256645878751
"ENSG00000169554.18",-0.0331633748455817,0.0108067092417579,0.0021493736007151
"ENSG00000225111.1",0.00114869562298511,0.00474586423774629,0.808748084417444
"ENSG00000152127.8",0.00508258053881326,0.0075427674039897,0.500416231783977
"ENSG00000130508.10",-0.00464007470418196,0.00765376159836342,0.544350339625997
"ENSG00000156973.13",0.00440602533994029,0.00776833471807719,0.570593533992929
"ENSG00000152147.10",-0.00332638519972257,0.00895791793765034,0.710388303137522
"ENSG00000277986.1",0.00406774843080032,0.00519461580247926,0.433585935249275
"ENSG00000270019.1",-0.00661822462674276,0.00619806357981749,0.285615663604416
"ENSG00000116096.5",0.0120597784406756,0.0143990962228412,0.402290687319662
"ENSG00000135966.12",-0.0139257959167982,0.00712508273569281,0.0506450713132399
"ENSG00000271153.1",0.0152571946456486,0.00642043048464914,0.0174848344413566
"ENSG00000168397.16",-0.042637035303374,0.0092483609025469,4.02231165919087e-06
"ENSG00000280721.1",-0.00423901018438029,0.00564740086354505,0.452885842447315
"ENSG00000118246.13",-0.00186253737660712,0.00942726470277883,0.843382115422021
"ENSG00000184731.5",0.0088479772499038,0.0149327148300938,0.553500412133891
"ENSG00000176407.17",0.0362400751246537,0.0127804477089684,0.00457415127795957
"ENSG00000144224.16",0.0110963816172281,0.0125191968351578,0.375429319188806
"ENSG00000273209.1",0.0091995315512587,0.0119517065546356,0.441462827405238
"ENSG00000132326.11",-0.0133999228844633,0.0045473381397006,0.00321120333856506
"ENSG00000226087.1",-0.00184498749443874,0.00417543672800118,0.658585487457821
"ENSG00000135973.2",0.00304998391443089,0.00459901562905115,0.507214063465843
"ENSG00000115252.18",0.00538047961954501,0.0112176971076596,0.631481916378171
"ENSG00000072195.14",-0.000536031264398601,0.0126879375547655,0.966301546187611
"ENSG00000223935.1",-0.0114533153901012,0.00393124825325104,0.00357511450662396
"ENSG00000018510.13",0.000949378407383348,0.0135417771880469,0.944108199339492
"ENSG00000116035.2",0.00145216404033678,0.00566789047966547,0.797789529214057
"ENSG00000236859.6",-0.0148173655546575,0.00656855424995501,0.0240829602071068
"ENSG00000204253.4",-0.00320074872127404,0.00596060628475263,0.591278838086463
"ENSG00000270557.1",-0.000317786697626367,0.0114040689985296,0.977768962268937
"ENSG00000115548.16",0.00884981207551137,0.0103276154823576,0.391495958732538
"ENSG00000231672.6",0.019747411746862,0.00978918667497736,0.0436675667709958
"ENSG00000235655.3",0.000625878133109671,0.00488214509903777,0.897992785960534
"ENSG00000162961.13",-0.00718731458774315,0.0115255832594595,0.532892540986658
"ENSG00000229951.5",0.00689996186208518,0.00512265756542756,0.177996446330703
"ENSG00000168918.13",-0.0026525493489793,0.00749764631315152,0.723500560676189
"ENSG00000233762.3",-0.00488513806409132,0.00605911388450317,0.420100855259367
"ENSG00000135636.13",0.00725357347791119,0.00970693094718088,0.454908357383001
"ENSG00000188219.14",0.00293797943025709,0.012268393830257,0.810736912006354
"ENSG00000277701.4",-0.00512051220904124,0.00555537316348027,0.356673362962424
"ENSG00000158552.12",-0.000311257531378551,0.00807558366837934,0.969254717284764
"ENSG00000196096.3",0.00181059733293844,0.0046153346377391,0.694836314794775
"ENSG00000135925.8",-0.00568687928991486,0.0101806369655131,0.576436384059366
"ENSG00000152154.10",-0.00991525999282622,0.00563084160280145,0.0782580052163164
"ENSG00000158411.11",-0.0144021891329266,0.00802974497325134,0.0728762697411659
"ENSG00000204334.7",0.00141128611156437,0.00576313012272326,0.806547895973882
"ENSG00000128694.11",0.0118918480554376,0.00891217561671457,0.182093349341078
"ENSG00000198522.13",0.0270138433066656,0.0108718887441786,0.0129645198078558
"ENSG00000138050.14",-0.00281428566236824,0.00799044366532191,0.72468345275215
"ENSG00000273258.1",-0.00224995324993032,0.00396612802113963,0.570515716741996
"ENSG00000275111.4",0.00125435939270751,0.0135446737025913,0.926214152114843
"ENSG00000168899.4",-0.0173868547873443,0.0108488233472654,0.10901219153568
"ENSG00000077044.10",-0.00683915167422278,0.0076455207140227,0.371038104005348
"ENSG00000214465.3",-0.0120049030640292,0.0059024720595946,0.0419639831153475
"ENSG00000115137.11",0.0120709068804612,0.00790250707710534,0.126642156771201
"ENSG00000208772.1",-0.00875773931731561,0.00445044555900227,0.0490871089156837
"ENSG00000234945.7",0.0137946755539836,0.00841087891825136,0.100984548457558
"ENSG00000003402.19",0.0439145230515032,0.0174919159145224,0.0120539472116973
"ENSG00000233633.1",-0.0115866018821308,0.00394217547423972,0.00329125378304029
"ENSG00000115461.4",0.00848959514801395,0.00483111427356168,0.0788709887554875
"ENSG00000162928.8",0.0120811974121263,0.00924052698291179,0.191072032469925
"ENSG00000152076.18",0.00311509854260479,0.00949305034300143,0.742801908442778
"ENSG00000272729.1",0.0102422126360479,0.00548927530648058,0.062061123129548
"ENSG00000172116.21",-0.00995584990089947,0.00823894887256449,0.226897915712065
"ENSG00000283196.1",0.0158786270454772,0.0138674572109018,0.252197551299739
"ENSG00000204745.3",-0.00775030319634211,0.00941366366382784,0.410335366166362
"ENSG00000115593.14",-0.00589478621575096,0.00557428311379286,0.290284942059506
"ENSG00000119777.18",0.000682619890860279,0.0135409421506481,0.959794432015824
"ENSG00000078018.19",0.00474113599356917,0.00804706487370237,0.555743340172682
"ENSG00000241962.9",0.00403409093318559,0.00539907118127001,0.454953469776319
"ENSG00000233221.6",-0.0136166152753787,0.00696480523905097,0.0505759355097835
"ENSG00000251775.1",0.0154648056873194,0.00415457835161323,0.000197375103889286
"ENSG00000214081.8",0.00544456113595991,0.00741618806023627,0.462860061623808
"ENSG00000188383.8",0.0104080029279711,0.00706936418170785,0.140948358224599
"ENSG00000158158.11",-0.0265336859789412,0.0138604026522376,0.0555752271123212
"ENSG00000237732.9",0.00921872266991689,0.00447982075903081,0.0396061739974799
"ENSG00000115267.5",0.00784171623575034,0.00775595703559666,0.311989051640626
"ENSG00000081320.10",-0.0115473191098936,0.0107475005854777,0.282634918961874
"ENSG00000176946.11",-0.00514379472861593,0.00930874859130811,0.580553510020472
"ENSG00000155066.15",0.0189491634143015,0.0206283148260091,0.35830499901477
"ENSG00000021826.14",0.00889662181967001,0.00664340114024274,0.18051639880737
"ENSG00000272913.1",-0.0137095853398197,0.0124767608626003,0.271851098536017
"ENSG00000236516.1",0.00231752850819275,0.0151478827260964,0.87840335369757
"ENSG00000084090.13",-0.0289845227397633,0.0167237312200079,0.0830712641506205
"ENSG00000244116.3",0.0104828081763489,0.00808626201771671,0.194847161717142
"ENSG00000272702.1",0.003005609742784,0.00837264194519022,0.719610163952063
"ENSG00000119820.10",0.0126375883114108,0.0083938705156666,0.132176716930484
"ENSG00000121152.9",0.00838060168599546,0.00821605551419281,0.307715469467211
"ENSG00000121988.17",0.000616166755151433,0.00959885884351926,0.948817612093686
"ENSG00000186281.12",0.0015775478645991,0.00592743762416023,0.79012884144756
"ENSG00000223922.1",0.00420188026608492,0.00518465950235452,0.417684585893343
"ENSG00000143952.19",0.0459269749097938,0.0108201187375548,2.18992818449282e-05
"ENSG00000163516.13",0.00465655736445694,0.0123790340187575,0.706794351848032
"ENSG00000158050.4",-0.00496117721431768,0.00969565785930749,0.608867549533007
"ENSG00000135900.3",-0.00124202934466066,0.00969806413232879,0.898093718108699
"ENSG00000272754.1",-0.00137227899435442,0.00660501045058142,0.835413762854344
"ENSG00000231445.1",0.00522275117899752,0.0133815143048048,0.696317698904557
"ENSG00000228513.1",0.00805958739272642,0.00927834916596488,0.385041581786967
"ENSG00000138386.16",0.002610412977068,0.0104721830996502,0.803151056924559
"ENSG00000227418.6",0.0177696020875973,0.00745999771819492,0.0172196024637742
"ENSG00000228848.3",0.00371889495370851,0.00850632369636797,0.661972257300053
"ENSG00000187699.10",0.00235433943130282,0.00878563505859481,0.788717784577826
"ENSG00000239402.3",-0.0134240084588968,0.00637223350356063,0.0351487086251577
"ENSG00000144320.13",0.0232624571369679,0.00892755266518519,0.00916887319227966
"ENSG00000204196.5",-0.00482890713602951,0.00998941439469924,0.628810027162997
"ENSG00000115414.18",0.0147098507977494,0.0109775529621087,0.180247423129228
"ENSG00000237126.8",-0.00367970569369156,0.00458901137540038,0.42263885913661
"ENSG00000216921.7",0.0176898285022563,0.00735981463427315,0.0162358652751587
"ENSG00000115760.13",0.0153426080414142,0.0142496681105386,0.281614613868014
"ENSG00000243238.1",-0.0147832858194747,0.00988814750459281,0.134901106055451
"ENSG00000284308.1",0.0156388504594525,0.0116880861516064,0.180891104578019
"ENSG00000231062.1",-0.00536049139039883,0.00947793922643143,0.571682302426548
"ENSG00000115839.17",-0.00929898258984544,0.0113132838508838,0.411103898991195
"ENSG00000228970.6",-0.00971485966342639,0.00868520984122895,0.263331270192259
"ENSG00000272211.1",0.0200540211716301,0.00768670866242217,0.00908280177448006
"ENSG00000144028.14",0.0186618052405034,0.0209078184665323,0.372084577090498
"ENSG00000168758.10",0.0130230656806067,0.0151212636848322,0.389104834287781
"ENSG00000135940.6",-0.000327430537358944,0.0156412826264371,0.983298512215041
"ENSG00000213337.8",-0.0110472221737533,0.00936629124577146,0.238212663252238
"ENSG00000279791.1",-0.00502578496090782,0.0121504861430549,0.679146342265561
"ENSG00000172005.10",0.0126027119679494,0.0123610496507501,0.307941782751682
"ENSG00000144029.11",0.00785818142847418,0.0173338291049813,0.650301302953376
"ENSG00000232479.2",-0.00703596123866889,0.0119137031021655,0.55480375547865
"ENSG00000138411.10",0.0106912617525036,0.0104192527853828,0.304841443579838
"ENSG00000168878.16",-0.00676784864532283,0.00555514058469488,0.223108562874649
"ENSG00000211611.2",0.025806245644849,0.0129005858673272,0.0454578103838775
"ENSG00000188886.3",0.00476658538203726,0.0110174404452706,0.665276328663803
"ENSG00000274286.1",-0.0166081190684032,0.0122631472792373,0.175637079043261
"ENSG00000233757.6",0.00590783797554538,0.0147269849173914,0.688304292726023
"ENSG00000233850.1",-0.0023473000620836,0.0129611595879309,0.856287021935667
"ENSG00000236431.1",-0.0032912627323841,0.0103449278996764,0.750369403958528
"ENSG00000273265.1",0.00278168860616693,0.0115737988333292,0.810063888821924
