"phenotype","causal_b","causal_se","causal_p"
"ENSG00000182747.4",0.00470392067627487,0.00487250735007204,0.33434428769556
"ENSG00000112357.12",0.018304588275227,0.00605970754850197,0.00252187013891803
"ENSG00000170927.14",0.00327670034133776,0.00431223429955756,0.447337443691304
"ENSG00000170899.10",-0.00458658980202681,0.00528005635629754,0.385031463217531
"ENSG00000184465.15",-0.00832660075415719,0.00661298426340635,0.207983714402585
"ENSG00000236173.1",0.00900737560438255,0.00364513726478358,0.0134710866877294
"ENSG00000071994.10",0.0127209901053379,0.00992254329492697,0.199832408049347
"ENSG00000173612.9",0.0146677014305504,0.00557513090982335,0.0085155066238678
"ENSG00000185002.9",-0.00592964674937095,0.00537095449851396,0.269584012662657
"ENSG00000048544.5",0.00205537545819202,0.00473872747492221,0.664477286397614
"ENSG00000124541.6",0.0266070127931144,0.0118843196165395,0.0251667521681398
"ENSG00000026950.16",-0.0186006663760894,0.00608569756977811,0.00223970408216512
"ENSG00000218281.1",0.0138614364598354,0.00586370442646511,0.0180818155128075
"ENSG00000261584.1",0.001872330183345,0.00391937939527803,0.632855998815482
"ENSG00000181315.10",0.0202022342569315,0.00368742002117835,4.28484302483767e-08
"ENSG00000118507.15",-0.00931997810088048,0.0083783714908311,0.265972480396385
"ENSG00000124782.19",-0.0071804642006268,0.0048133013058083,0.135752602055943
"ENSG00000219433.2",-0.00470230290403642,0.00294380665331369,0.110186701170373
"ENSG00000055211.12",-0.0106432826200215,0.00819387555272624,0.193967456780312
"ENSG00000219747.1",0.000277823149422457,0.00334228814638831,0.933753230610685
"ENSG00000188107.14",0.00415080165453438,0.00600197967894923,0.489206091544761
"ENSG00000200534.1",-0.00755236301498619,0.00708331029268082,0.286324463906266
"ENSG00000216775.2",0.00524114570225503,0.00450360592572146,0.244518651917418
"ENSG00000112118.18",0.00920163075493619,0.0106141574297463,0.385985565819111
"ENSG00000112299.7",-0.00369018451673437,0.00484182868202418,0.445972358992179
"ENSG00000146409.10",-0.00653838946448758,0.00740585320860704,0.37730769311916
"ENSG00000079931.14",-0.0149865080384909,0.00671524338305194,0.0256338185012349
"ENSG00000243236.6",-0.00368783078483722,0.00330623342176406,0.264671532109637
"ENSG00000112146.16",-0.00917964235911014,0.00855021138446241,0.282994896209991
"ENSG00000172179.11",0.0137301817751517,0.0035988432722401,0.000136091832740215
"ENSG00000112559.13",-0.00138483476564725,0.00433603813953463,0.749439965441783
"ENSG00000112599.8",0.010412776861524,0.00447676730321373,0.0200207420625704
"ENSG00000227220.1",0.000256198243548928,0.00448317219690623,0.954428380919677
"ENSG00000112319.17",0.00331824303586371,0.00781502065031524,0.671129667471841
"ENSG00000112303.13",-0.00451097597949107,0.00558226359648881,0.419038300576482
"ENSG00000112312.9",-0.00261893763486079,0.00585250078989694,0.654521052878709
"ENSG00000146038.11",0.00717487891578691,0.00474940776148436,0.130867660475235
"ENSG00000272841.1",-0.00219271938336928,0.00370336087355794,0.553790965902719
"ENSG00000085511.19",0.00626812800883691,0.00664402157224921,0.345464179705553
"ENSG00000118689.14",0.00469103401373992,0.00661121322065037,0.477978761944552
"ENSG00000007944.14",0.00634365119429838,0.00585867893881516,0.278906781068957
"ENSG00000124789.11",0.00610315652326622,0.00971607576690107,0.529905443184301
"ENSG00000120256.9",-0.00440518366671698,0.00574820514229152,0.443463246807236
"ENSG00000177688.6",-0.0036333710381604,0.00549282981977058,0.508307574778125
"ENSG00000178199.13",-0.0123307963320626,0.00538718532057236,0.0220844313140475
"ENSG00000216906.2",0.0119099836515788,0.00327639438773113,0.00027788519474603
"ENSG00000164520.11",0.0135254540465952,0.00387404611951928,0.000480677664738138
"ENSG00000231760.4",0.00773076621599292,0.00230748652706051,0.000807248251563863
"ENSG00000120265.16",-0.0075028199544053,0.00737362103067348,0.3089052792691
"ENSG00000120253.13",0.00464389383678234,0.0074622991494672,0.533735364043029
"ENSG00000231971.5",-0.00141795115409318,0.00401553996407461,0.724001526073914
"ENSG00000118526.6",0.000296190796610862,0.00760303957609706,0.96892475718243
"ENSG00000237927.1",-0.00265735700438885,0.00422906584556387,0.529771047512859
"ENSG00000146477.5",-0.0137394532274576,0.00737568075068913,0.0624897397840388
"ENSG00000112531.16",0.0154912027030328,0.00987916215876681,0.116865153654867
"ENSG00000111832.12",0.00478270681070892,0.00903089833556535,0.596393667386438
"ENSG00000153975.9",-0.000100822721208375,0.00664632580158672,0.987896800455764
"ENSG00000153046.17",-0.00397789839355988,0.0074966852299306,0.595681460679589
"ENSG00000124557.12",-0.000342966758367247,0.00584923439467064,0.953243254850039
"ENSG00000124549.14",-0.0220128292404402,0.00469948845103922,2.81205741337054e-06
"ENSG00000261353.1",0.0599663369952265,0.00877891263832297,8.44868619509498e-12
"ENSG00000182952.4",-0.00667736570506422,0.0103835537477252,0.52017781757265
"ENSG00000146109.4",-0.00582426016401223,0.00883507416972751,0.509754318934461
"ENSG00000241549.8",-0.0185637568529983,0.00360289233852244,2.57092153121974e-07
"ENSG00000228223.2",0.00495914266015147,0.0120030040109614,0.679490520038359
"ENSG00000111801.15",0.0143152789578501,0.00873100047173665,0.101090017283411
"ENSG00000164385.8",-0.00737750037592471,0.00366607522585926,0.0441809319796277
"ENSG00000054598.6",0.00314982043848181,0.00680948118838151,0.643676961993492
"ENSG00000145949.9",-0.00622828243840338,0.0032414503846167,0.0546750935420869
"ENSG00000272320.1",0.00416160315385403,0.00388523384222316,0.284109519454836
"ENSG00000118523.5",-0.00228960997830341,0.00636498673653685,0.719056892500247
"ENSG00000112306.7",-0.000656935934084943,0.00818410717575726,0.93602274599639
"ENSG00000154269.14",0.00697399923415956,0.00610765317503099,0.25351804556787
"ENSG00000112782.15",-0.00388988848564374,0.00587415947804592,0.507840863827254
"ENSG00000231769.2",-0.00176267660429908,0.00490656780425181,0.719409276381562
"ENSG00000112486.15",0.0087118124612703,0.00393700879509297,0.0269114478120595
"ENSG00000137312.14",-0.0849620879175386,0.00640535453422426,0
"ENSG00000137404.14",0.0227906940486072,0.00505170017473415,6.43738651850967e-06
"ENSG00000243753.5",-0.0175242537000227,0.00250824555172615,2.81508150123955e-12
"ENSG00000235821.1",0.0422951251440683,0.0031173311579724,0
"ENSG00000228078.1",-0.0189628726975463,0.00262794603774059,5.36015676289026e-13
"ENSG00000214922.9",-0.0321626515881707,0.00419776257566017,1.83186799063151e-14
"ENSG00000273340.1",0.0321786806569723,0.00295026781653323,0
"ENSG00000230795.3",0.0142963860989817,0.00211569523177986,1.40587541608284e-11
"ENSG00000231130.1",0.0134682721422932,0.00278802770278157,1.36017913265896e-06
"ENSG00000235238.1",-0.0368484581544693,0.00514957505721291,8.32889313073792e-13
"ENSG00000235781.1",-0.0295529511460126,0.00342082429269388,0
"ENSG00000181126.13",-0.0141308438014401,0.0030226727855311,2.94025405633835e-06
"ENSG00000239257.1",-0.0522194720519282,0.0037185216604156,0
"ENSG00000272236.1",0.056050865420379,0.00413115431997814,0
"ENSG00000280128.1",-0.038429682076484,0.00363392041333843,0
"ENSG00000176998.4",0.0147632387198898,0.00329103341612053,7.26076279189414e-06
"ENSG00000227766.1",0.0121370741477096,0.00459665161921401,0.00828042282246377
"ENSG00000281831.1",-0.0129527826874795,0.00212081927786883,1.0123999416578e-09
"ENSG00000204644.9",-0.0181502633296376,0.00211001322322643,0
"ENSG00000241370.5",0.0857473059839972,0.00620532933078422,0
"ENSG00000229390.1",0.00160765568033072,0.00304127402670141,0.597074238413093
"ENSG00000206503.12",-0.00775458028548797,0.0053216835789246,0.145070360568253
"ENSG00000168830.7",0.0108084707628777,0.0132425662662004,0.414390585681249
"ENSG00000135336.14",0.00816566879697186,0.00544663737246856,0.133818419686126
"ENSG00000135346.8",-0.00509025337119559,0.00662848146299,0.442524865057501
"ENSG00000112773.15",-0.0141966910065412,0.00715838374610739,0.0473422183263315
"ENSG00000204592.8",-0.0929377547139929,0.008296753001149,0
"ENSG00000234127.8",-0.00524941387269531,0.00868655548458763,0.545634381277546
"ENSG00000204599.14",-0.0614510440956274,0.00744099441104726,1.11022302462516e-16
"ENSG00000204619.7",-0.00250430903778142,0.00855855963898758,0.769821260565625
"ENSG00000204623.9",0.00968387110859304,0.0088677172922057,0.274817050613827
"ENSG00000229274.1",-0.011695391481496,0.00499957049659062,0.0193209862956476
"ENSG00000235381.1",0.00322267455112966,0.00475177035925636,0.497641704803303
"ENSG00000171217.5",0.00234734853819101,0.00408793053370395,0.565822732726133
"ENSG00000130024.14",0.00433174039372504,0.00707723833881855,0.540493770611273
"ENSG00000153303.16",0.00990737879961008,0.00311609140121727,0.00147567568829332
"ENSG00000225791.6",0.00163891790994094,0.004837018365765,0.734739205295564
"ENSG00000180211.5",0.00473249793110362,0.00435654752334897,0.277348281256959
"ENSG00000188428.19",-0.0180498298244684,0.00728615885089347,0.0132389309712241
"ENSG00000153162.8",0.00377560682606312,0.00366862326407086,0.303403661868419
"ENSG00000225092.2",0.00975018162530538,0.00321573067410252,0.00242917625552153
"ENSG00000271789.1",-0.00488330068781654,0.00486965565346338,0.315956377993684
"ENSG00000231889.7",0.00981234129119615,0.00725081118855044,0.175967802508197
"ENSG00000155111.14",0.0105735945123051,0.00956379518465615,0.268905912947785
"ENSG00000112394.16",-0.00858760031456601,0.00443975459852651,0.0530822596168689
"ENSG00000173214.5",-0.00176553002457738,0.00401043195086986,0.659767361519719
"ENSG00000004809.13",0.00683675203561684,0.0036751845114907,0.0628505469203993
"ENSG00000220506.2",0.00907204076926614,0.00395168644656758,0.0216908079770246
"ENSG00000230177.1",-0.0151923796429084,0.00647824996162437,0.0190201211419408
"ENSG00000123505.15",0.0195039036802941,0.00916025099158604,0.0332386443917427
"ENSG00000278705.1",-0.0122709743395971,0.00668285666851341,0.0663300090454526
"ENSG00000146411.5",0.00088638065285758,0.0102029206936475,0.930770722088448
"ENSG00000028839.9",-0.00971836956575596,0.00713761395390282,0.17333325071498
"ENSG00000223542.1",0.00577709405773144,0.00429645941400174,0.178748823497799
"ENSG00000168405.15",-0.0145073061137773,0.00642507686365196,0.0239506808456738
"ENSG00000112304.10",-0.0101335549313844,0.00727834351188546,0.163835012550821
"ENSG00000124532.14",0.00485964370433018,0.00440141326049102,0.269545491973247
"ENSG00000111802.13",-0.00303909479317986,0.00663259242268114,0.646804325142699
"ENSG00000027697.13",0.0207973974193386,0.00887483881853389,0.0191083060810876
"ENSG00000093134.14",-0.00470564386880008,0.00542584100478765,0.385796640235927
"ENSG00000112699.10",0.0136230000844491,0.00586129270162247,0.0201130994212823
"ENSG00000244041.7",-0.000335480348349839,0.00701326558236638,0.961847652821638
"ENSG00000235109.7",-0.0240340986077603,0.00873299374975227,0.00592138871684555
"ENSG00000187987.9",-0.00608040112642529,0.00476401551755237,0.201842954031098
"ENSG00000216901.1",-0.000746716646764481,0.00298439538180101,0.802427264022611
"ENSG00000182477.5",-0.017257006474894,0.00386985064536515,8.22097721187021e-06
"ENSG00000197279.3",0.00369709433887965,0.00567254195101233,0.514560741554218
"ENSG00000220721.1",-0.00461724716675537,0.00454576860289434,0.309760741778848
"ENSG00000204252.13",-0.0145070522187312,0.0051611847413013,0.00494186683132136
"ENSG00000229391.7",-0.00827822153759922,0.00191440390348974,1.53102263392713e-05
"ENSG00000228962.1",-0.0014434535458354,0.00438230500207506,0.741866771357135
"ENSG00000198502.5",0.0199599671285944,0.00180876551648217,0
"ENSG00000240065.7",-0.0311462275475149,0.00458589202819662,1.10782494289197e-11
"ENSG00000215190.9",-0.00392962413568306,0.00369537189083733,0.287604804324867
"ENSG00000272541.1",0.00211938019545982,0.0048088274668347,0.659410633530201
"ENSG00000168116.13",-0.00347839770859011,0.00563214368502874,0.536840710631958
"ENSG00000124749.16",-0.0103585438886797,0.00820705673023313,0.206894499208802
"ENSG00000145990.10",-0.00202228008396803,0.00687518148061558,0.768649347974788
"ENSG00000180537.12",0.000486593056207128,0.00416011526797317,0.906886803456408
"ENSG00000215712.10",-0.0196095191468041,0.00821744917153423,0.0170176214372753
"ENSG00000213078.3",0.0042154586756046,0.00438298994409222,0.336161661775038
"ENSG00000245261.1",-0.00964836380977,0.00928015896665634,0.298490191264144
"ENSG00000124608.4",-0.0159406141229299,0.00761832861537049,0.0364024751117688
"ENSG00000124713.5",0.0434993519409548,0.00889349835359332,1.00253255164162e-06
"ENSG00000272223.1",0.0196466433352367,0.00593946084626543,0.000940265813653474
"ENSG00000271754.1",-0.00855051698127486,0.00644005565850781,0.184274406829858
"ENSG00000213089.4",-0.00401538185103869,0.0042205534868364,0.341407700930849
"ENSG00000112234.8",-0.0149788967220961,0.0061668958867502,0.0151438737138163
"ENSG00000137392.9",0.00391616790031599,0.00475065212319204,0.409744563631768
"ENSG00000010030.13",-0.000970216749514427,0.00597949156779441,0.871103160682069
"ENSG00000276127.1",-0.0108782576808472,0.00472978885848791,0.021451294948163
"ENSG00000158691.14",-0.0168301600344327,0.00754091045074936,0.0256250621571873
"ENSG00000272269.1",0.00372466240585306,0.00471348517235947,0.429402747527296
"ENSG00000165097.13",-0.0153433053771971,0.0064731657189285,0.0177739491298742
"ENSG00000232040.2",-0.0290221346439582,0.0112985985786538,0.0102095792127693
"ENSG00000232757.1",0.0134081173843003,0.00436742542692627,0.00214038861890564
"ENSG00000233892.1",-0.00597249259048846,0.00473819293153226,0.207489017434837
"ENSG00000227262.3",-0.00698407696378033,0.0027805840930444,0.0120140909895901
"ENSG00000246350.1",0.0276857334223062,0.00739192907847235,0.000180106360572974
"ENSG00000204625.10",0.00327124943445594,0.00370642513383856,0.377458464088728
"ENSG00000204642.13",-0.0317961706513629,0.00859783852024405,0.000217169169638654
"ENSG00000071242.11",-0.00308135964540983,0.00650220703030509,0.635575196766171
"ENSG00000280057.1",0.00129911257201992,0.00477326245269975,0.785495539437548
"ENSG00000219682.4",-0.00101197476570736,0.00404117303008668,0.802265584748359
"ENSG00000277157.1",-0.00784935172756984,0.00993904432488678,0.429674285829953
"ENSG00000272462.2",-0.028874263471596,0.00375541147150014,1.48769885299771e-14
"ENSG00000272402.1",0.00204818904707118,0.00421614895781202,0.627111684821977
"ENSG00000197081.12",0.0780741329196595,0.00752632075665973,0
"ENSG00000130338.12",-0.000715588564149349,0.00381581948779904,0.851243473895347
"ENSG00000217783.2",0.000889606084086353,0.00336964590584637,0.791775444712299
"ENSG00000271040.1",0.000210026590139524,0.00327214340969847,0.948821931761018
"ENSG00000218631.1",-0.00477005208662798,0.0061622810653678,0.438887940250667
"ENSG00000204310.12",0.0317303870762931,0.00611888024277013,2.15259774005716e-07
"ENSG00000237649.7",-0.0142497832716982,0.00369673334491813,0.000115873517116061
"ENSG00000232940.5",-0.0120904818018042,0.00439941028146097,0.00599225109933421
"ENSG00000213654.9",0.0611014532485552,0.00680931483593653,0
"ENSG00000204687.4",0.0291014153260424,0.00765361570559499,0.000143353515005495
"ENSG00000204525.16",-0.051489042244299,0.00283596473312571,0
"ENSG00000137411.16",0.0376808785175465,0.00271043927860614,0
"ENSG00000213900.2",0.0213735594915795,0.00783293799230879,0.00635889113458721
"ENSG00000272501.1",-0.0376815174316846,0.00307388182474651,0
"ENSG00000204590.12",0.0363687073392353,0.00450353121275242,6.66133814775094e-16
"ENSG00000204622.11",0.0295534787706376,0.00425781162323503,3.8933301027555e-12
"ENSG00000233916.1",0.00354397811767204,0.00645676739143251,0.583089118952214
"ENSG00000204538.3",-0.00168976862616068,0.00177618070317192,0.341426986135618
"ENSG00000179344.16",-0.00600033913617411,0.00221263361801427,0.00669080730207983
"ENSG00000244731.7",0.0700683255379333,0.00314958809207027,0
"ENSG00000204338.8",0.054985424677635,0.00379157445661212,0
"ENSG00000272221.1",0.0366941849355374,0.00189295820723329,0
"ENSG00000224557.7",-0.0154327866151426,0.00259851741705553,2.86636880897362e-09
"ENSG00000204421.2",0.0054214474792224,0.00377933164003983,0.151429912677477
"ENSG00000206337.10",0.0310998419009625,0.00388456499206374,1.22124532708767e-15
"ENSG00000236104.2",-0.00173211674664159,0.00460023913816566,0.706524742035207
"ENSG00000204301.6",0.0781889088433151,0.0038911024152623,0
"ENSG00000204264.8",-0.0217818097417712,0.00465686860259991,2.90604367558789e-06
"ENSG00000240053.8",-0.0239947704662045,0.0040486170739946,3.09161130029878e-09
"ENSG00000204257.14",-0.0855845845935704,0.00517372815595805,0
"ENSG00000204220.11",0.00432957289298576,0.00760945753837026,0.569374729979463
"ENSG00000213719.8",0.122524920298559,0.00796703876234665,0
"ENSG00000204308.7",0.051050346267284,0.0069112674083991,1.50657264441634e-13
"ENSG00000168394.10",-0.0338836092664376,0.004355385245365,7.21644966006352e-15
"ENSG00000241106.6",0.0158392264166988,0.00255817838520098,5.95551830073759e-10
"ENSG00000204344.14",0.0131376037918945,0.00353522415380935,0.000202240658049857
"ENSG00000231852.6",-0.0664229340127251,0.00281628835082517,0
"ENSG00000204305.13",-0.0544718703911289,0.00467174605638667,0
"ENSG00000204428.12",0.0134935792048618,0.00339563462383112,7.07344110003616e-05
"ENSG00000204314.10",-0.072525174706028,0.00498524630318668,0
"ENSG00000277427.1",-0.0286514358703613,0.00229947943958325,0
"ENSG00000137434.11",0.00895118028217465,0.00544253928005226,0.100037912847267
"ENSG00000237685.1",-0.0162432637342978,0.0031183189131511,1.89880631773498e-07
"ENSG00000079689.13",0.0288865694353999,0.00457644143278681,2.75424572038219e-10
"ENSG00000186470.13",0.0272898831161951,0.00334444476716028,3.33066907387547e-16
"ENSG00000220517.2",-0.00865189720737765,0.00445683652642301,0.0522262391537632
"ENSG00000096070.19",0.0149178007968016,0.00528218106336569,0.0047402576614004
"ENSG00000124678.17",-0.00888314986598177,0.00335975199745746,0.00819351357000719
"ENSG00000030110.12",-0.0238495161464973,0.00325277563614322,2.26707541628457e-13
"ENSG00000235863.3",0.0159641464371078,0.00648899593464373,0.0138864461312199
"ENSG00000227057.9",0.0104130069655755,0.00672174562741559,0.121345139180336
"ENSG00000204248.10",0.0102598576054337,0.00541192001748428,0.0579879713541881
"ENSG00000204227.4",0.00858851523523107,0.00685458390770303,0.210220488175076
"ENSG00000272217.1",0.0108835178631032,0.00650296685821377,0.0942046258060241
"ENSG00000231389.7",0.0238714829018525,0.00599323361412884,6.80300429400926e-05
"ENSG00000204290.10",0.0378951507946704,0.00360254666936012,0
"ENSG00000001561.6",-0.0117389603228633,0.00798164938435882,0.141360450856937
"ENSG00000230521.1",-0.0190996828188668,0.00196628955082122,0
"ENSG00000196284.15",-0.000604913026169292,0.00616567413142751,0.921845109625914
"ENSG00000198087.7",0.00855106561845214,0.0126042271949099,0.497500110799604
"ENSG00000270761.1",0.00228218686575269,0.0046345740847654,0.622417904498795
"ENSG00000130023.15",0.00581727298340216,0.00691987085820975,0.40053727338687
"ENSG00000112584.13",-0.00865653301495357,0.00675587799644247,0.200076539738511
"ENSG00000236548.1",0.00672512014224529,0.00556063128325345,0.226502809352011
"ENSG00000164694.16",-0.0412766357156601,0.00554175146210647,9.45910016980633e-14
"ENSG00000081087.14",-0.0293091161456133,0.0136848597771468,0.0322161482236609
"ENSG00000137218.10",-0.0225506386376816,0.00824144326050956,0.00621440345886337
"ENSG00000168566.12",0.00392973991391293,0.0049190956240303,0.424363203255934
"ENSG00000124785.8",-0.00733835160171333,0.00642540996608403,0.253419513836338
"ENSG00000124784.8",-0.019246774573086,0.00728503777768114,0.00824279181383547
"ENSG00000112799.8",-3.2037802296943e-05,0.00502624608501262,0.994914237328114
"ENSG00000137288.9",0.0023520873778683,0.0069658161131718,0.73561834930127
"ENSG00000202441.2",-0.00237838382296138,0.00362677229780421,0.511962300175693
"ENSG00000161896.11",0.00862048092195797,0.00542970590016503,0.112365157265683
"ENSG00000196569.11",0.0219956737950706,0.00891849676605612,0.0136517574199631
"ENSG00000235663.1",-0.0123461223994201,0.0044320067798938,0.00534166987027562
"ENSG00000224389.8",-0.0764853272180024,0.00417967437518262,0
"ENSG00000228727.8",0.10053336157229,0.010192769659908,0
"ENSG00000204351.11",-0.0382344867465667,0.00325952487721237,0
"ENSG00000204348.9",-0.0424394721344521,0.00416316661465712,0
"ENSG00000204410.14",-0.0044926366313118,0.00680223625944455,0.508955692470145
"ENSG00000204531.17",0.0421023679503005,0.00246918934599382,0
"ENSG00000204392.10",0.00266901429892216,0.00738221406888098,0.717690885596179
"ENSG00000204528.3",0.0375780319206476,0.00164214803670875,0
"ENSG00000272189.1",0.00582970307802557,0.0106170212503878,0.582943501402136
"ENSG00000219392.1",-0.00558952418552774,0.00551460564713264,0.310780591286566
"ENSG00000219891.2",0.0216237388497066,0.00574470957461499,0.000167140962522239
"ENSG00000137338.5",-0.0203686905092288,0.00968813083489961,0.0355149606881829
"ENSG00000124657.1",-0.00121611705458039,0.0079729559205123,0.878768724139396
"ENSG00000244349.1",0.0356544415501296,0.00656600821096177,5.63051645308121e-08
"ENSG00000272288.5",-0.00805827353633029,0.00538776069407035,0.134741534882968
"ENSG00000186577.12",0.00936376418220411,0.00727722488783603,0.198191258688334
"ENSG00000204261.8",0.0230290817281737,0.00596598319790904,0.000113356961478295
"ENSG00000204209.11",-0.0321069084647607,0.00638022119151032,4.84740533268635e-07
"ENSG00000124507.10",-0.00707616476663461,0.00521173936643023,0.174547554130435
"ENSG00000146085.7",-0.00882894109001611,0.00856642364696265,0.302707358779595
"ENSG00000229700.1",0.0162805984154427,0.00332705384898843,9.9109726692248e-07
"ENSG00000172197.10",0.0145710610916859,0.00505520023569793,0.00394670294335131
"ENSG00000112249.13",-0.00144942182093254,0.00973439158533935,0.881634898991736
"ENSG00000112293.14",0.00749297374879239,0.00416399922934587,0.071945046432649
"ENSG00000279114.1",0.00194260264232437,0.00581838907749061,0.738475443246018
"ENSG00000152661.7",0.0060568804126923,0.0116343613599968,0.602643539562704
"ENSG00000124783.12",0.00162570297883248,0.00646970988618893,0.801598320554138
"ENSG00000137269.14",-0.0170077545707795,0.00502441612196803,0.000711727841781085
"ENSG00000171453.17",0.00864113068733425,0.0088896251682878,0.331027323197754
"ENSG00000137393.9",-0.0184780410867528,0.00744946857934237,0.0131216331955246
"ENSG00000224984.1",-0.00132833871097023,0.00625282874754993,0.83176530792424
"ENSG00000203799.12",-0.0042965283498775,0.00320498453105843,0.18005784895739
"ENSG00000198721.12",0.0117862087451832,0.00536597917194381,0.0280583671437942
"ENSG00000170542.5",-0.00585022647588354,0.00527774321706122,0.267658360674469
"ENSG00000223039.1",-0.00937724533906021,0.00365933447333994,0.0103905170845151
"ENSG00000120278.15",-0.00485617123366158,0.0067600179253425,0.472531262379989
"ENSG00000146476.10",0.0173504356251862,0.00678540327498078,0.0105572085445655
"ENSG00000131019.10",0.0023785978249481,0.00345455823896024,0.491113465198903
"ENSG00000203722.7",-0.00890531676457413,0.00532741851494621,0.0946030775541474
"ENSG00000131016.16",0.0140823862925552,0.00660880886016498,0.0331014276807873
"ENSG00000203734.11",0.00591774695151834,0.00356807935231502,0.0972116506964938
"ENSG00000112378.11",-0.0131352764124089,0.00935317337656856,0.160209962206908
"ENSG00000124570.17",-0.0112323868735145,0.00680081291494157,0.0986111930598986
"ENSG00000137168.7",-0.00215787489299388,0.00673968687954583,0.748836163244914
"ENSG00000246982.6",-0.00626386950609194,0.00515133265242886,0.223996088507391
"ENSG00000112041.12",0.0101356155940182,0.00500631688616211,0.0429120174087082
"ENSG00000112494.9",-0.00391628780601514,0.00471574028075386,0.406272266736463
"ENSG00000269155.2",-0.0189194405029681,0.00410055531842369,3.95234430472513e-06
"ENSG00000066651.18",0.0159113206122762,0.0101634241144188,0.117454648888155
"ENSG00000135540.11",0.00201905101983666,0.00470361983418837,0.667737864201577
"ENSG00000225177.5",-0.00861481889912193,0.00385306208320395,0.0253624480922838
"ENSG00000112164.5",0.00989242593033016,0.00375203687834991,0.00837543100870519
"ENSG00000230438.6",0.00145440522317834,0.00225254358186282,0.518491537817355
"ENSG00000268592.3",0.00886101973490271,0.00286895876146587,0.00201112922923985
"ENSG00000234084.1",0.0096803184393476,0.00366227424570534,0.00821135831037867
"ENSG00000118514.13",0.00882563575963392,0.00267448526660429,0.000967061650157586
"ENSG00000135541.20",0.00955554298641725,0.0041593101013005,0.0215967296951661
"ENSG00000112339.14",-0.00808967196943787,0.00807013595439143,0.316140410590122
"ENSG00000272341.1",0.0123000890322896,0.00626786539982976,0.0497153764951579
"ENSG00000219395.2",0.00793020985763361,0.00297753800704121,0.00773681315963903
"ENSG00000130340.15",-0.021416796838314,0.00832868199591697,0.0101273373976772
"ENSG00000111906.17",0.00513370648131014,0.005766860889149,0.373354136930192
"ENSG00000173626.9",0.0127839728358388,0.0042441010633005,0.00259383477805197
"ENSG00000164465.18",0.0147843107371281,0.0049519837023248,0.00283084596127947
"ENSG00000198945.7",-0.0218412157662016,0.00287270622083571,2.89768209427166e-14
"ENSG00000185760.15",-0.00627220575958533,0.00432703196390483,0.147186848016431
"ENSG00000272465.1",0.00367944861321938,0.00406877152888137,0.365828722464262
"ENSG00000180822.11",0.00322902315497112,0.00366826988187422,0.378719671040037
"ENSG00000164494.11",-0.0219259618101272,0.00842727149089976,0.00927395469505055
"ENSG00000112167.9",-0.00279995300591551,0.00475785608517581,0.556203122740336
"ENSG00000120262.9",-0.00752893350411278,0.00414100276026087,0.0690423411718017
"ENSG00000230873.8",0.00108444078054453,0.00331975765188014,0.743923064435425
"ENSG00000227598.1",0.00604895710306988,0.0037815722805234,0.10969004387723
"ENSG00000235652.7",-0.00098839699791562,0.00661048574665051,0.881143666929999
"ENSG00000270638.1",0.00649526581031439,0.00558021075517345,0.24443123852366
"ENSG00000118496.4",0.00352067805006032,0.0167967550660791,0.833976246218143
"ENSG00000218027.2",0.00281680272051734,0.00327506045142205,0.389746842292959
"ENSG00000021355.12",0.00858220367954147,0.00920469715486414,0.351144209812639
"ENSG00000137273.3",0.00254817078076273,0.00535286756894443,0.634046985352438
"ENSG00000178033.5",0.00871954069219638,0.00865052432663258,0.313464886117942
"ENSG00000196376.10",0.0241752672995083,0.00662224241497292,0.000261611632812242
"ENSG00000137225.12",-0.00414680074179475,0.00404590960533481,0.305393114484842
"ENSG00000137203.10",0.0171925091094594,0.00925473702718697,0.0632118721087473
"ENSG00000176933.5",-0.0309433920445271,0.00545711069349054,1.42557251558983e-08
"ENSG00000197935.6",0.0277841131498365,0.00942871036213378,0.00321126009545891
"ENSG00000272009.1",0.0173323943991064,0.00622751043743095,0.00538259518484874
"ENSG00000189298.13",0.0383988108599227,0.00992467355634271,0.000109271404799216
"ENSG00000198315.10",-0.0253883844570887,0.0139494765732978,0.0687553249182298
"ENSG00000233822.4",-0.0194965444103147,0.0090851026564297,0.0318737329668621
"ENSG00000225173.1",-0.0117330353716051,0.0066267275665064,0.0766334814074451
"ENSG00000278828.1",-0.0219335605311691,0.00879964178868393,0.0126828928620702
"ENSG00000196747.4",-0.0138291057426521,0.00746856526652421,0.064077312857129
"ENSG00000273703.1",0.00424645988404341,0.00726221382301073,0.558726908533884
"ENSG00000197062.11",0.0237703524936176,0.0103272116422208,0.0213509516592398
"ENSG00000096401.7",-0.00293154847462046,0.00747904974210493,0.695081827862822
"ENSG00000124733.3",0.012114303917694,0.00654958626896874,0.0643670573323745
"ENSG00000271970.1",0.00360259404594452,0.00388501888843674,0.353768652554052
"ENSG00000112419.14",-0.00959421713470584,0.00681588453183475,0.15924180724492
"ENSG00000220472.1",0.00656184544215471,0.00324607555294049,0.0432310999766612
"ENSG00000216360.1",-0.00118485125954219,0.00301922561728593,0.694736473699836
"ENSG00000204580.13",0.0408171338448652,0.00956489518423074,1.9777362601503e-05
"ENSG00000213722.8",0.107405210397957,0.0059936710320445,0
"ENSG00000256166.1",-0.0183328517061987,0.00287687213702828,1.85978121791663e-10
"ENSG00000234745.10",-0.0243801157613943,0.00345161476560843,1.62481139653892e-12
"ENSG00000204371.11",-0.025032299702326,0.00742322316923846,0.000745809815272058
"ENSG00000271581.1",0.0169940645235441,0.00217641514282882,5.77315972805081e-15
"ENSG00000225851.1",-0.016054924812952,0.00179607237572673,0
"ENSG00000204540.10",0.00771914412734349,0.00194103225698634,6.98417472296819e-05
"ENSG00000213676.10",-0.00237685208652242,0.00504134862687038,0.637304083223426
"ENSG00000250535.1",-0.0234424980609391,0.00175147218711523,0
"ENSG00000137310.11",-0.0392918777739555,0.00332155837341362,0
"ENSG00000204520.12",0.0188545937082799,0.00245137018917637,1.45439216225896e-14
"ENSG00000206344.7",0.00337131097648156,0.0029049413832193,0.24582757466273
"ENSG00000221988.12",-0.0322619576549934,0.00790486887018369,4.47889829044978e-05
"ENSG00000204463.12",-0.0201484304159187,0.00591108178431027,0.00065300506587529
"ENSG00000277402.1",0.00802830198361084,0.0020578537288464,9.56780229419696e-05
"ENSG00000252743.1",-0.00413440890659254,0.0034340254508463,0.228607332695633
"ENSG00000204475.9",0.0120618736887232,0.0049639713204862,0.0151036626513412
"ENSG00000146112.11",0.106054128752308,0.0082889290084065,0
"ENSG00000065029.14",0.00448237089433541,0.0110010258224662,0.683677315073244
"ENSG00000112033.13",-0.0088177234304615,0.0082686207522059,0.286239240795714
"ENSG00000146192.14",-0.0202145783053399,0.00742406382555964,0.00647223305857103
"ENSG00000137193.13",0.00429082947980766,0.00657753131590224,0.514177674202074
"ENSG00000180316.12",0.0053547079225455,0.00417601709469287,0.199754121543187
"ENSG00000096063.15",0.00781588336399687,0.0105505209930041,0.458811415261521
"ENSG00000137409.19",-0.00350913354194555,0.00765045218556211,0.646461712682178
"ENSG00000137413.15",-0.00332674295199105,0.00546157057519747,0.542445983905246
"ENSG00000170734.11",-0.00208051827683741,0.00393899957870834,0.597371329749782
"ENSG00000124587.13",0.00947127006158175,0.0048851132855182,0.0525253863463937
"ENSG00000231113.2",0.0128471226146283,0.0045536872638948,0.00478358452752514
"ENSG00000146350.13",-0.00933583678092383,0.00629636952044947,0.13814528253621
"ENSG00000279453.1",0.00692571670660981,0.00832997927683671,0.405736042765393
"ENSG00000124721.17",0.00172966217021804,0.00428729771310681,0.686625460983429
"ENSG00000124780.13",0.00231798455403918,0.00312857621838799,0.458749727434409
"ENSG00000146147.14",0.00114109158809114,0.00427317240709127,0.78944131325025
"ENSG00000184612.8",-0.00161129453405275,0.00315305358449618,0.609332368446169
"ENSG00000124788.17",-0.00356396006782005,0.00560415435583603,0.524809232213543
"ENSG00000137177.19",0.01069407243236,0.0101298056154235,0.291103643943412
"ENSG00000203801.8",0.0105821287598189,0.00734870355170025,0.149867566718905
"ENSG00000188994.12",0.0147081475612182,0.00916505187777247,0.108536089188742
"ENSG00000272316.1",0.0185104779081941,0.00839937393358635,0.0275389350124866
"ENSG00000146143.17",-0.00239914949271469,0.00811243292810233,0.767430663959325
"ENSG00000239650.4",0.00550638412524202,0.00551637593678479,0.318187864851704
"ENSG00000185345.18",-0.00708858402731491,0.00675458672124962,0.293972214429733
"ENSG00000164674.15",-0.0131782938255367,0.0051801169653504,0.0109586465482501
"ENSG00000220305.1",0.00660904899778562,0.00390531983649407,0.0905850676353189
"ENSG00000226409.2",-0.00564514609654226,0.00491156751545603,0.250408669664263
"ENSG00000153157.12",-0.00162452201259586,0.00325014289229187,0.617194115096242
"ENSG00000111843.13",-0.0315018784501707,0.00673724973878225,2.9284246844119e-06
"ENSG00000112837.16",0.000211836341413724,0.0080706627344086,0.979059769166579
"ENSG00000137210.13",-0.010486886409236,0.00827649230834838,0.205130637219724
"ENSG00000111863.12",-0.0022361235945645,0.00364508687289985,0.539570663732337
"ENSG00000197977.3",0.0156787324908322,0.00417384535079814,0.000172358640699755
"ENSG00000135604.9",0.0110860954758998,0.00792415354515205,0.161805238006166
"ENSG00000152818.18",0.000227879688967424,0.00618128738048242,0.970591804437159
"ENSG00000218582.2",0.00957686273465569,0.00538036048507176,0.0750814033720647
"ENSG00000151917.17",-0.0211412611221212,0.00610840290687717,0.000538147068962713
"ENSG00000112245.10",0.0236309752680968,0.0132343533210732,0.0741675487828878
"ENSG00000146166.16",0.00471924730607991,0.00394014148394895,0.231020006749003
"ENSG00000236345.1",0.0104317711823537,0.00741509465608163,0.159478061754054
"ENSG00000172469.15",0.0120943049787115,0.00835270141423757,0.147630667424819
"ENSG00000261366.1",-0.0094201409011019,0.00761318877488276,0.215959036200307
"ENSG00000197594.11",0.00165908626568092,0.00551463248126915,0.763527622951345
"ENSG00000224796.1",-0.00381678482269272,0.00290959690739526,0.189590455264532
"ENSG00000204267.13",-0.033505883121863,0.0042382320242504,2.66453525910038e-15
"ENSG00000231925.11",-0.0522693954191977,0.00493538982963665,0
"ENSG00000224531.5",-0.0123875021096354,0.00848471233240894,0.144295836338839
"ENSG00000082293.12",-0.00209572743745184,0.00773306650183346,0.786384426701966
"ENSG00000198663.16",0.0161848041730999,0.00836016460020909,0.052874652653241
"ENSG00000164530.13",0.00714010036330543,0.00427133377466947,0.0945968116357849
"ENSG00000233967.6",-0.0163249372885852,0.00698530258583656,0.0194370616387963
"ENSG00000272129.1",-0.00579952627646588,0.00409147303615419,0.156346559752487
"ENSG00000137267.5",0.00634621012212484,0.00553218614762819,0.251322412060646
"ENSG00000137266.14",-0.0145927246105805,0.00686009135116564,0.0334042162686617
"ENSG00000220848.4",0.00362833904488693,0.0048784911013192,0.457032535786231
"ENSG00000164434.11",0.00548168610823068,0.00420592430940418,0.192463845149805
"ENSG00000137285.9",0.00654092783005566,0.00585669648018784,0.264067493711157
"ENSG00000124772.11",-0.00612933932809212,0.00467596134541149,0.189918896272564
"ENSG00000256980.4",-0.00668091040422937,0.00422968792632562,0.114215005097952
"ENSG00000156535.13",-0.0128680194943808,0.00666980970404733,0.0536944550919012
"ENSG00000164430.15",0.00871102230663323,0.00886273434076354,0.325665503794921
"ENSG00000270419.1",-0.00575471586098035,0.00553444244852107,0.298432610570086
"ENSG00000232876.1",0.00791558683653223,0.00362896511356145,0.0291668314126995
"ENSG00000260418.1",0.00678949131732039,0.00773159388411821,0.37986287296908
"ENSG00000111845.4",0.00878454574376247,0.00787418979390691,0.264587974870555
"ENSG00000216809.1",0.00949962963334938,0.0074277982932724,0.200921917569087
"ENSG00000261211.1",-0.0102980313711628,0.00413773288981931,0.01281714095646
"ENSG00000233231.1",0.00719915500800445,0.00363889772953026,0.047884846899041
"ENSG00000135521.8",-0.0104594183378825,0.00889316179373162,0.239547246350213
"ENSG00000198755.10",-0.0256930133456439,0.00813464765671251,0.00158601454127094
"ENSG00000112079.8",0.00519205654173322,0.00676372990029032,0.442705754943694
"ENSG00000237719.1",0.000563078212636709,0.00453944796538855,0.901282716908637
"ENSG00000175003.12",0.00554381386976183,0.00381627072468948,0.146313080080818
"ENSG00000146453.12",0.00262888266990555,0.00289786047518688,0.364311325564198
"ENSG00000198670.11",0.0309238743423717,0.00446174047697006,4.18176604455311e-12
"ENSG00000124701.5",0.00135021080734723,0.00380336372481686,0.722586304736968
"ENSG00000112561.17",-0.000785427793768081,0.00408332141950508,0.847467878981796
"ENSG00000164379.6",0.0110391296866939,0.00547999511027001,0.0439631987351751
"ENSG00000112739.16",-0.00730874981675213,0.00779075665355256,0.348177126313817
"ENSG00000271978.1",0.00754834268898739,0.00328747802845689,0.0216707835557189
"ENSG00000074706.13",0.00325621286558054,0.00367203987631652,0.375208892146278
"ENSG00000185689.15",0.00501424805843857,0.0038124763133466,0.188435714410434
"ENSG00000135587.8",-0.0108986497580493,0.0106646654204452,0.30680922901884
"ENSG00000260273.1",-0.00792972635998875,0.00400634996468076,0.0477834227447709
"ENSG00000204052.4",0.0127712982764729,0.00483295914432335,0.00822862211351827
"ENSG00000130347.12",-0.00689857531016645,0.0066988096683842,0.303094010104853
"ENSG00000178409.13",0.00293463783523725,0.00652354414480642,0.652816225551762
"ENSG00000235899.1",0.0106052763893879,0.00351809691966978,0.00257409669149145
"ENSG00000124491.15",0.00983452033477097,0.00498946340991725,0.0487172749356438
"ENSG00000220685.3",0.00750420320686741,0.00381587716578485,0.0492323921821771
"ENSG00000272047.1",-0.00792133215811667,0.00653616472178319,0.225541634430035
"ENSG00000122335.13",0.00759090450118121,0.00598033397202514,0.204330116531233
"ENSG00000172594.12",-0.00501354418398236,0.0070353706635994,0.476081078252199
"ENSG00000203727.3",0.00612240302040738,0.00392846194342112,0.119121094220485
"ENSG00000053328.8",0.0171145866994482,0.0121526030649889,0.159040409443548
"ENSG00000135535.15",0.0396830239206704,0.0125665747839222,0.00158951818456154
"ENSG00000118690.12",-0.0019859140214261,0.00407537181266554,0.626048297067408
"ENSG00000005700.14",-0.00586928578756305,0.0102907646795203,0.568443751262328
"ENSG00000112511.17",-0.04822151938183,0.00731161965622753,4.2471248740128e-11
"ENSG00000230204.1",0.00796064948960435,0.00751142561742761,0.289233136092503
"ENSG00000271755.1",-0.00956864208937368,0.00671453469195322,0.154138683576589
"ENSG00000124613.8",0.00887948161629932,0.0046434053504937,0.0558405538355747
"ENSG00000112812.15",-0.0623546844118209,0.00825839858761641,4.34097202628436e-14
"ENSG00000135549.14",-0.00296013239722362,0.00588514600255777,0.614975745921559
"ENSG00000228624.7",0.00790030015292549,0.00432246277058848,0.067589900204198
"ENSG00000272398.5",-0.0124532247327433,0.005578096240038,0.0255804573073001
"ENSG00000146278.10",-0.0211893115284987,0.00886581301774589,0.0168482775078865
"ENSG00000217181.1",0.00687983727195179,0.00436667749536643,0.115133848949095
"ENSG00000135525.18",0.00709900710674982,0.0108183742014094,0.511696046187759
"ENSG00000212802.4",-0.00479982727080675,0.00385985789439688,0.213674674505912
"ENSG00000060762.18",-0.00927810872898311,0.00624071255728583,0.137092311112513
"ENSG00000137171.14",0.0286982435122184,0.00702874022887616,4.44608233292065e-05
"ENSG00000112655.15",0.0321290443576673,0.00899500550297986,0.000354433216373629
"ENSG00000172426.15",0.000296486752614651,0.00664790346766631,0.964427310743736
"ENSG00000112651.11",0.026638752363701,0.0059367432580104,7.21996658870072e-06
"ENSG00000164483.16",-0.00265650714921336,0.00735009016115767,0.717781679344609
"ENSG00000137261.13",-0.000656708385705952,0.00522270949171789,0.899936995898221
"ENSG00000227885.1",-0.00786355456232769,0.00968841977832791,0.416995534414174
"ENSG00000236740.6",0.0243272114154955,0.00529495023998443,4.33960016388291e-06
"ENSG00000231028.8",0.00238842684455779,0.00725932175994738,0.742144236220133
"ENSG00000016402.13",0.00280045300297439,0.00645345310976261,0.66432733520688
"ENSG00000124493.13",-0.00694677848317175,0.0035467358416001,0.050154968459583
"ENSG00000057663.14",-0.0145889946446084,0.00761475296048735,0.0553796738421911
"ENSG00000130348.11",-0.0025927755724617,0.00348326656039059,0.456663698951517
"ENSG00000279659.1",-0.0077792781821396,0.00671260511965786,0.246494513076638
"ENSG00000146243.13",-0.00372434942692263,0.00621740202783232,0.54915941208066
"ENSG00000153989.7",0.0292320127071677,0.00960850617361468,0.00234773362740381
"ENSG00000135597.18",0.00936855895882395,0.00507296987357863,0.0647818996253308
"ENSG00000009765.14",-0.00616283595351571,0.00346087248693004,0.0749586245702857
"ENSG00000112365.4",-0.00194662001897993,0.0073645577471171,0.791531245869238
"ENSG00000146433.8",0.0139668477075344,0.00717826093941112,0.0516890219202015
"ENSG00000130363.11",-0.0023383555778353,0.00607372845978388,0.700241060275539
"ENSG00000025156.12",-0.0173629533439226,0.00819709040392545,0.0341594091627621
"ENSG00000232310.6",0.00529121647918936,0.00369525099976617,0.152173482323523
"ENSG00000146426.17",-0.0110758225522072,0.00481787717235965,0.0215105627629402
"ENSG00000228506.1",0.00229106252030733,0.00268163950186701,0.392910303606963
"ENSG00000085377.13",-0.0090257772482785,0.00912513034720117,0.32260827628622
"ENSG00000146233.7",0.00139271049270707,0.00688137149066697,0.83961301364757
"ENSG00000124795.14",-0.0114996573375551,0.0112554972093292,0.306926451208738
"ENSG00000229931.1",0.000132707349015402,0.00520909158161501,0.979675210055982
"ENSG00000161912.17",-0.006190249188214,0.00421970079761626,0.142379400053216
"ENSG00000112212.11",0.00394986590113707,0.00425115770997654,0.352823213491998
"ENSG00000124602.9",0.0166078659127256,0.00662502324752623,0.0121816222017891
"ENSG00000112576.12",0.018014624275527,0.00569456355923158,0.00155896346891204
"ENSG00000001167.14",-0.00056475753549944,0.00589092605024103,0.923624568914745
"ENSG00000155085.15",0.0151948494105773,0.00553845479978651,0.00607847498926717
"ENSG00000205318.5",-0.00199989108375853,0.00432770643534102,0.644000009770472
"ENSG00000112077.15",-0.00941059298608279,0.00571120911407943,0.0994058462364078
"ENSG00000118491.9",-0.00343788881757111,0.00403127280325293,0.39376755877255
"ENSG00000266509.1",0.00999954360400081,0.00283788261070245,0.000425737489098021
"ENSG00000124614.13",0.0252994541244436,0.00914101908984726,0.00564561315044998
"ENSG00000242865.3",0.0144206246380032,0.00408983281228003,0.000421935993984102
"ENSG00000083099.10",-0.000917479792524913,0.00544978024728427,0.866306600141504
"ENSG00000118407.14",-0.0118113269756932,0.0109096949218206,0.278966012338816
"ENSG00000198478.7",0.00637935117940178,0.00854553382025757,0.455357645780127
"ENSG00000204385.10",0.0503679468698768,0.0107273794952206,2.66254347036643e-06
"ENSG00000168631.12",0.00588302567144666,0.00374276642563461,0.115987929266321
"ENSG00000204435.13",-0.0309485243522629,0.005876482842255,1.39045708724694e-07
"ENSG00000166278.14",-0.0176255469085484,0.00393260918233502,7.39826612516925e-06
"ENSG00000124787.13",0.00176814108571231,0.00580201118639224,0.760559430221131
"ENSG00000272142.1",-0.00515958173641496,0.00500166337939798,0.302272115609319
"ENSG00000231690.2",0.00462713705024319,0.00522569142635187,0.375908963830981
"ENSG00000112592.13",0.00461152527584266,0.00954330955125199,0.628938997814355
"ENSG00000261003.1",0.00509295368073021,0.00435154466628862,0.241848742935896
"ENSG00000180113.15",-0.000247762249411341,0.00352380720761434,0.943946163392806
"ENSG00000112237.12",0.0179342727713607,0.0100730386037968,0.0750067091335133
"ENSG00000197498.12",-0.0291386160489844,0.0104709959151283,0.00538931482637495
"ENSG00000156711.16",0.00438137846974031,0.00790734860348021,0.579517627223248
"ENSG00000137414.5",-0.0010052525529204,0.00811074043734935,0.901362060928601
"ENSG00000235290.1",0.0118131286974796,0.00328643705285313,0.000325003480721509
"ENSG00000204568.11",0.0143243102435291,0.00783403624434658,0.0674788528453258
"ENSG00000270604.5",0.00412546637604062,0.00307428151863211,0.179619138833961
"ENSG00000206341.7",-0.000149259607982613,0.00283855084435356,0.958064137300836
"ENSG00000204390.9",-0.0196000793943289,0.00635620697779656,0.00204503761848129
"ENSG00000204516.9",-0.0685182737638932,0.00312621778311889,0
"ENSG00000204536.13",-0.0981393413582572,0.00390123135873642,0
"ENSG00000146521.9",-0.00374529322216328,0.00479872771416201,0.435110575824867
"ENSG00000145979.17",0.00724088205331786,0.00389376981356595,0.0629411318144832
"ENSG00000230939.1",0.00722696340598069,0.00331695719284207,0.029347042644889
"ENSG00000185127.6",-0.00143119844523727,0.00552642547262687,0.795655589621017
"ENSG00000145975.14",-7.72240251436379e-06,0.00369925707406205,0.998334373324181
"ENSG00000124574.14",-0.00196839604331566,0.00854909647711527,0.81790054854631
"ENSG00000219755.1",0.00585419085866989,0.0028838956048338,0.0423606710437484
"ENSG00000279170.1",0.0101072953070658,0.00282297707302235,0.000343111325072698
"ENSG00000123552.17",0.00704418159979984,0.00579911468437301,0.224480730407838
"ENSG00000218996.1",-0.00941165935754323,0.00392490730678725,0.0164879426594671
"ENSG00000237499.6",-0.0163922040023147,0.00427516922404706,0.000125931649422095
"ENSG00000271888.1",0.0114726160803898,0.00456493491692238,0.0119639878265421
"ENSG00000008083.13",0.0151098160071575,0.004941789111746,0.0022314707040435
"ENSG00000220773.1",-0.000943884416179992,0.00550407477572055,0.863839830873942
"ENSG00000171467.15",-0.0055412006628951,0.00557425733971073,0.320188905702814
"ENSG00000146216.11",-0.000144045103027465,0.00514767608996428,0.977676068864357
"ENSG00000112619.7",-0.00161491628900681,0.00629447695384569,0.797517809106285
"ENSG00000079841.18",0.00605279623750116,0.00532086581244021,0.255304875651453
"ENSG00000123545.5",-0.0429330767040742,0.0122677444085156,0.000465831665368066
"ENSG00000145982.11",-0.010207458604807,0.00497055375477212,0.0400157977517512
"ENSG00000228170.1",0.0017049734434356,0.00346128591300523,0.622306681562282
"ENSG00000135334.8",0.0123522327361529,0.0120990715896261,0.307290440643618
"ENSG00000196591.11",0.0128390006986593,0.0115562677327349,0.266568824295021
"ENSG00000218208.1",0.0019865261917188,0.00492847848604935,0.686896077435473
"ENSG00000168216.10",-0.000679453339939521,0.00983187729379285,0.944904303771286
"ENSG00000112658.7",0.0200360387519434,0.00989366396847464,0.0428531555218354
"ENSG00000220614.1",0.0103884962017427,0.00494762719024562,0.0357558909196919
"ENSG00000111912.19",-0.0348096504446252,0.00924853896093949,0.000167350780816311
"ENSG00000111907.20",0.0159742441475906,0.00664809179457814,0.0162686832758799
"ENSG00000096088.16",0.0121117163940229,0.00533671170197989,0.023237377387656
"ENSG00000112578.9",-0.000500878779754326,0.00788260233102903,0.949334666885771
"ENSG00000216977.1",0.00246070422170613,0.00379546646566563,0.516773332257481
"ENSG00000272102.1",-0.004532147141487,0.00362225527271362,0.210863396820905
"ENSG00000228439.5",-0.00279754794583224,0.00623826381972415,0.653828632926604
"ENSG00000243955.5",0.0181630380079872,0.00492495342914252,0.000226057956767778
"ENSG00000137270.10",-0.0092991064036413,0.00361100856446541,0.0100179159028878
"ENSG00000230433.1",0.00566927603520947,0.00421761591893781,0.178887039367393
"ENSG00000217275.2",-0.0177600877589601,0.00775198641482911,0.0219612733536526
"ENSG00000124508.16",-0.00913563694666664,0.00508281584663766,0.0722788906080127
"ENSG00000183807.7",0.0168156564948966,0.00653339831093946,0.0100588581684613
"ENSG00000204444.10",0.0285100044936681,0.00495636607075049,8.80899619914999e-09
"ENSG00000232629.8",-0.000349068297458943,0.00223862799157165,0.876088537833742
"ENSG00000237541.3",0.0191350805209642,0.00180517910063605,0
"ENSG00000248290.1",0.0161553449683542,0.00249788337113384,9.95625804023348e-11
"ENSG00000196735.11",-0.0206667744796007,0.00385733168017219,8.42459114691607e-08
"ENSG00000223534.1",0.00344942648495913,0.00310400347409321,0.266446527830912
"ENSG00000196126.11",-0.0410187564751371,0.00531834595435573,1.23234755733392e-14
"ENSG00000225914.1",-0.00609368949399248,0.00293313081215259,0.0377519703497061
"ENSG00000229836.1",-0.0164460057957551,0.00313060486174473,1.49398079907215e-07
"ENSG00000172348.14",0.00565301961997561,0.00927881188265926,0.542365637063587
"ENSG00000168994.13",-0.00134452560629393,0.00609164402384819,0.825313277977872
"ENSG00000228793.1",0.00459146280611991,0.00272263958010599,0.0917185397947721
"ENSG00000279355.1",-0.00549178173738409,0.00394579383998846,0.163980983991475
"ENSG00000234261.3",0.00254228901097343,0.00532860364574018,0.633289282870354
"ENSG00000227627.2",0.00290650636979399,0.00302528120187162,0.33668329464382
"ENSG00000112031.15",-0.0140638361068154,0.00269249753905786,1.75722186579463e-07
"ENSG00000164411.11",0.00626891100901917,0.00440471175348647,0.154669945558834
"ENSG00000272514.5",-0.00591879012132355,0.00483269425959013,0.220673497881731
"ENSG00000272008.1",-0.0171066951078328,0.00714599612363315,0.0166709610168935
"ENSG00000198225.5",-0.0121095664578681,0.00636235386040415,0.0569993948771508
"ENSG00000112214.10",-0.00897527962393402,0.00769615417188887,0.243532299035625
"ENSG00000124635.8",0.0735468785463261,0.0134831325933426,4.90466848246385e-08
"ENSG00000276180.1",-0.018463063395166,0.012548254634473,0.141192418044534
"ENSG00000172738.11",-0.000868930191976555,0.00450678263156587,0.847111693317016
"ENSG00000124762.13",-0.0225592882101469,0.00814213266747307,0.00559384422964693
"ENSG00000111886.10",-0.00251257999079311,0.00506337251518748,0.619734564853198
"ENSG00000272810.1",-0.0296423149230679,0.00516753310907739,9.67898805548373e-09
"ENSG00000255587.7",-0.0057798813891087,0.00483881768352567,0.232289415875546
"ENSG00000270504.1",0.013164804225381,0.00524278544389582,0.0120378640728334
"ENSG00000014123.9",0.00450322856881665,0.0115531340080137,0.696696161907194
"ENSG00000227508.6",-0.00346670576512185,0.00437219574816786,0.427837185938375
"ENSG00000112308.12",-0.000574141902074067,0.00572909913506402,0.920173605503084
"ENSG00000272345.1",-0.00870771075234028,0.00580952045716016,0.133907591600562
"ENSG00000161911.11",-0.00695953463643123,0.00435849672768816,0.110316073965558
"ENSG00000278224.5",0.00412710062017934,0.00468262533207223,0.378120463278052
"ENSG00000124593.15",0.000692813168577256,0.00494229832558299,0.888517487514373
"ENSG00000135341.17",0.0108493554242169,0.00663206485884365,0.101861764039113
"ENSG00000225921.6",0.0128887294031061,0.00907507922501044,0.155539782098104
"ENSG00000124786.9",-0.00052720755159404,0.00531544052068241,0.92099204408095
"ENSG00000228495.1",0.00974166669743508,0.00459202596163129,0.0338855402085104
"ENSG00000230943.1",-0.0144042288996883,0.00802147877936867,0.0725410624547123
"ENSG00000112763.15",-0.0252384001976414,0.00722193900326816,0.000474621973020062
"ENSG00000146267.11",0.00138881103818632,0.0114263033096888,0.9032593045567
"ENSG00000135312.6",-0.00744405975266807,0.00609900721140174,0.222261633856643
"ENSG00000231500.6",0.0183532325593108,0.0034937322250925,1.49488724288105e-07
"ENSG00000175967.3",0.00146872080909626,0.0042837247911516,0.731703271034183
"ENSG00000204304.11",0.0633741813212981,0.00458123770587083,0
"ENSG00000204194.1",0.00618839874407593,0.00252031394073254,0.0140724810176753
"ENSG00000281756.1",-0.0108884047784619,0.00290114068036651,0.000174629019955241
"ENSG00000204482.10",0.0100730033499909,0.00531729001149581,0.0581737036754271
"ENSG00000220744.1",-0.000129367289030859,0.00450383449328529,0.977084866075142
"ENSG00000112425.14",0.00936541430468349,0.0125066920371032,0.453958320754311
"ENSG00000112175.7",-0.00666171995716402,0.00844797558020572,0.430370301693349
"ENSG00000226803.7",-0.00442603985755138,0.00508960580967143,0.384506294102304
"ENSG00000112200.16",0.00260854547849919,0.00881699926864954,0.76734149725817
"ENSG00000227939.1",-0.00865549377625192,0.00441390924647637,0.0498838398453039
"ENSG00000066379.14",0.0206908399185905,0.00423358505375079,1.02223393072531e-06
"ENSG00000235051.3",-0.0135298855894139,0.00384328741486169,0.000430906342993032
"ENSG00000029363.16",-0.00139890446958469,0.00834203993008405,0.866824542384192
"ENSG00000118515.11",0.0133891424362147,0.00572453723646671,0.0193404079058851
"ENSG00000001036.13",-0.0142402542253988,0.00741762840304542,0.0548850200578911
"ENSG00000145996.11",-0.00662757267385866,0.00520542850821048,0.202945642773041
"ENSG00000228412.7",-0.00817358966494855,0.00406110937104524,0.0441515176364174
"ENSG00000172201.11",-0.0216111307221804,0.00613311143947372,0.000425595655311417
"ENSG00000135324.5",0.00785142535168312,0.00946338021380996,0.406728812511753
"ENSG00000132423.11",0.00802390979664313,0.00622656524316045,0.197517195196673
"ENSG00000250903.8",0.0121744275201767,0.00555022550537622,0.0282712724853885
"ENSG00000231628.1",-0.00429779487018376,0.00449769315461838,0.339296915975631
"ENSG00000112276.13",-0.0457852017910537,0.0170613366609307,0.00728418666617725
"ENSG00000111816.7",-0.039521075251237,0.00745641079247688,1.15624345875531e-07
"ENSG00000233558.1",-0.0189680434188281,0.00554206804628965,0.000620351047572743
"ENSG00000178425.13",-0.0350554233681471,0.0138166687131439,0.0111748374473797
"ENSG00000228022.5",0.0405017370732994,0.00286323571664389,0
"ENSG00000204569.9",0.0437662251127461,0.0046694125503501,0
"ENSG00000231402.1",-0.0184262047482123,0.00303990102255142,1.34900735027088e-09
"ENSG00000146250.6",0.00722923430577298,0.00817924869018968,0.376776838016135
"ENSG00000279289.1",0.0268043694023226,0.0049374291101196,5.67307248955373e-08
"ENSG00000112218.8",0.00266502577034235,0.00539497468135106,0.621318186510061
"ENSG00000069122.18",-0.00429766667084056,0.00780129605472755,0.581708143816603
"ENSG00000261839.1",-0.00796257414448772,0.0113055902145502,0.481243380333341
"ENSG00000237669.1",-0.00468677047799557,0.00397779541448942,0.238703664522067
"ENSG00000235559.1",-0.0260553520549347,0.00536888343453663,1.21589325408067e-06
"ENSG00000123500.9",-0.00892472315890727,0.00518980110575617,0.0854932188169595
"ENSG00000214113.10",0.00063637395307304,0.00413229925060397,0.877609760680247
"ENSG00000269985.1",0.00288448580785682,0.00545594565559635,0.597022817165478
"ENSG00000008018.8",0.0140919896863849,0.0124312603245452,0.25696531061406
"ENSG00000235488.1",0.00245612693190282,0.00390767112086002,0.529650364648664
"ENSG00000183826.16",0.00217560445459673,0.00541610621794165,0.687910996100132
"ENSG00000217165.1",0.00564955499069596,0.0049221227270614,0.251055958955488
"ENSG00000137309.19",-0.0254308222081528,0.00878304520019662,0.00378621660991774
"ENSG00000215022.7",0.0138010501522095,0.00512763702566984,0.00711308704441993
"ENSG00000271218.1",-0.0116667607897896,0.00563588887163818,0.0384445219499965
"ENSG00000249379.1",-0.0012415351990035,0.00468397462935764,0.790963095539432
"ENSG00000231120.3",-0.00245064523632378,0.00349317076534134,0.482957827086824
"ENSG00000189007.15",0.00303431784535983,0.00474344887029523,0.522376757446209
"ENSG00000283122.1",-0.00282684964868901,0.00707221159975657,0.689368464515698
"ENSG00000034693.14",0.00585660497117225,0.00929194300366441,0.528505834866118
"ENSG00000204228.3",0.0355223040259858,0.00522381143660566,1.04565245351296e-11
"ENSG00000204231.10",-0.00608118109118114,0.00650059513326299,0.349540640492416
"ENSG00000096433.10",-0.0174760210332912,0.00436678431625051,6.28001662741351e-05
"ENSG00000242574.8",-0.042008627154684,0.00623024491698834,1.55477852814556e-11
"ENSG00000219607.3",0.0134354802833236,0.00707645492200297,0.0576148019614617
"ENSG00000146263.11",-0.00043288551747058,0.00639186753612001,0.946005010102561
"ENSG00000280135.1",0.00455247423946241,0.00602950160869253,0.450229027660355
"ENSG00000146285.13",0.00990833900268576,0.00742864768912598,0.182269026423747
"ENSG00000185130.5",-0.00990582536724031,0.00569870904917297,0.0821654012836187
"ENSG00000226314.7",0.0112471972496012,0.008879267632655,0.205269471293599
"ENSG00000137185.11",-0.0250673645369392,0.010884158270493,0.0212729091697209
"ENSG00000280107.1",0.00475317089393744,0.0052497004708782,0.365244226152791
"ENSG00000026297.15",0.0124291730183204,0.00622439559119514,0.0458416777107661
"ENSG00000234263.1",0.00293195408061203,0.00438771639111272,0.503994009452919
"ENSG00000047932.13",-0.00575607226439764,0.00786650098695094,0.46433978442974
"ENSG00000219881.1",0.00157084500712315,0.00390237549037208,0.687289903871016
"ENSG00000135298.13",-0.00441020877613939,0.00652496282163519,0.499105460676955
"ENSG00000111834.12",0.00447659843892369,0.00657345228126446,0.495864036595609
"ENSG00000260645.1",0.00368672108423522,0.00683940837108114,0.589858609277031
"ENSG00000112130.16",0.0117554828422124,0.00485464403126165,0.0154569311158511
"ENSG00000112139.14",-0.00725085695836616,0.00278877267481806,0.00932190844383096
"ENSG00000169976.6",0.0156284993511871,0.00973733933018766,0.108492228814983
"ENSG00000146416.17",-0.00103116733862907,0.00819219169795764,0.899833267876671
"ENSG00000111911.6",0.00907002007122245,0.0118534095734919,0.444162954221721
"ENSG00000231074.8",-0.0405021308325281,0.00485701542663946,1.11022302462516e-16
"ENSG00000204632.11",0.0121289424929204,0.00316994532208959,0.000130120288271751
"ENSG00000204574.12",-0.143129223482105,0.00854062259291033,0
"ENSG00000203875.10",0.0101925144956007,0.00329322818208096,0.00196818282647282
"ENSG00000271967.1",0.0204240526450632,0.00413807101120638,7.98859907558125e-07
"ENSG00000120440.13",-0.00396511092930697,0.00400863490703562,0.322593453740624
"ENSG00000198818.9",0.00770513452654209,0.00614525810226302,0.209902290360793
"ENSG00000261420.1",-0.00532712817165623,0.00519110284029302,0.304795647617819
"ENSG00000271730.1",0.00118446329954616,0.00509526581162756,0.81617803725697
"ENSG00000080546.13",0.0383166815562592,0.00600765524435197,1.79443460091022e-10
"ENSG00000124615.17",0.00247719031518588,0.00926733656526012,0.789235590566854
"ENSG00000112195.8",0.00374700986320913,0.00393936741038063,0.341517857621631
"ENSG00000204396.10",0.0195846546866819,0.00555251946905164,0.000420034245608325
"ENSG00000198937.8",-0.0138437146427049,0.00997338955963436,0.165117202305201
"ENSG00000272277.1",-0.000638283846162098,0.00274337686022537,0.816022662112566
"ENSG00000112282.17",0.00735920964505234,0.00970880646796028,0.448455031248046
"ENSG00000112078.13",0.00389353710366333,0.0077113900416381,0.613623948579863
"ENSG00000226976.3",-0.00135215719382424,0.00406606097934863,0.739476105099396
"ENSG00000172673.10",-0.00938979295026302,0.00695978604008032,0.177288901072445
"ENSG00000096654.15",0.0248718018453408,0.0089447292988262,0.00542569100979839
"ENSG00000189134.3",0.0131199259092724,0.0107276302647183,0.221328495858579
"ENSG00000172461.10",-0.00700403885246676,0.00587112112902952,0.232883291833855
"ENSG00000196812.4",-0.080821894875581,0.011124004557655,3.7159164634204e-13
"ENSG00000281706.2",0.00576175778229733,0.00737278271523296,0.434514210965303
"ENSG00000230202.1",-0.000421376412306186,0.00559470486733609,0.939962492184546
"ENSG00000240050.5",-0.0180632503932679,0.00660513534833377,0.0062431789647881
"ENSG00000007866.19",-0.0261996578169024,0.0119253445007463,0.0280223869487036
"ENSG00000146242.8",0.00476743724083565,0.00893819129577284,0.593771738710498
"ENSG00000204713.10",-0.0359704894558246,0.0103858287976921,0.000533354732207392
"ENSG00000244067.2",0.00663573301752952,0.00493040100078614,0.178340898035442
"ENSG00000112761.20",0.00121482103422031,0.00432929729890382,0.779013634757604
"ENSG00000203778.7",0.0194039569807702,0.00838588109838038,0.0206740802331513
"ENSG00000079691.17",0.0171667162954879,0.00486175221148578,0.000414033846791728
"ENSG00000111913.17",0.0140042191607768,0.00498691095505349,0.00498200262726711
"ENSG00000283064.1",-0.00102290348462887,0.0058560162628526,0.861334497042931
"ENSG00000112297.14",0.0277175564640511,0.0102147933758626,0.00665821819329948
"ENSG00000083097.14",0.00107310488842365,0.00745821839955654,0.885593489962703
"ENSG00000146373.16",0.0146503306533068,0.00913034292315132,0.108587109810449
"ENSG00000188580.14",0.00548826339117711,0.0057594324487702,0.340631923569234
"ENSG00000202343.1",-0.00192816379594949,0.00359122954162663,0.591330409688446
"ENSG00000112759.16",-0.00234661428076684,0.00734540237997624,0.749372347678011
"ENSG00000137207.11",0.00129577762686665,0.0102717485233676,0.899613455108382
"ENSG00000124688.13",0.014248581624936,0.00660050346297143,0.0308725690562393
"ENSG00000111859.16",-0.00625075732912921,0.00676296529972376,0.3553494993443
"ENSG00000197261.11",-0.00637111327947617,0.00638931656897037,0.318691230692257
"ENSG00000047579.19",-0.00137976457181561,0.0055187611285574,0.802576938543839
"ENSG00000124767.6",-0.00182924042698344,0.00480478586412476,0.703416841380604
"ENSG00000231150.5",-0.000389266545323568,0.00363862374767141,0.914803412431182
"ENSG00000112186.11",-0.00700822132261498,0.01274722238403,0.582467404354463
"ENSG00000204439.3",0.020487796886228,0.00890287527845054,0.02137715421884
"ENSG00000204366.3",0.033892978151151,0.00722380800504361,2.70753933873102e-06
"ENSG00000244355.7",0.0267274432534371,0.00568081771183709,2.54042143588151e-06
"ENSG00000201207.1",0.0242188921909486,0.00370417580689693,6.22355500468075e-11
"ENSG00000225793.2",-0.00795943303273911,0.00571946897622556,0.164031904486452
"ENSG00000224999.1",0.00105857889310717,0.00452366171503179,0.814977761876974
"ENSG00000271234.1",0.000661409924323381,0.00526567950273626,0.900042462548835
"ENSG00000219023.1",-0.000491413773058201,0.00539059532792708,0.927364410963592
"ENSG00000196821.9",0.0134478126824584,0.00890679113841268,0.131084738496987
"ENSG00000112039.3",-0.0183220638647771,0.00638519191700714,0.00411171082115869
"ENSG00000064995.16",0.0151513352934112,0.00687625352748512,0.0275645377641055
"ENSG00000262179.2",-0.00462601612849849,0.00458355872706461,0.312848530559051
"ENSG00000231226.1",-0.000998691237310596,0.00482801367815561,0.836124319567587
"ENSG00000204560.9",0.0261670477888752,0.00628128051670735,3.10156658370753e-05
"ENSG00000124490.13",0.0136253622799861,0.00526435250010913,0.00964701591588868
"ENSG00000261970.1",0.00718494681328774,0.00432371642378622,0.0965623988289126
"ENSG00000234147.1",0.0149106321344438,0.0049651058103486,0.00267258243254864
"ENSG00000204789.4",-0.121444321064433,0.0162262211615765,7.18314296932476e-14
"ENSG00000226440.7",-0.00219364817872391,0.00684679923823861,0.748672464883859
"ENSG00000273983.1",0.0190722260765176,0.00670589626870496,0.00445373489840828
"ENSG00000197409.7",0.0251525913787991,0.0121858127529094,0.0390093618141217
"ENSG00000276966.2",0.0131442353266838,0.0100761524527038,0.192066728744208
"ENSG00000112343.10",0.0106558142383989,0.00828330125666653,0.198296107955642
"ENSG00000214975.4",0.00765872195348269,0.00314789167096966,0.0149755947685176
"ENSG00000168298.6",0.0145296645838169,0.00690974752237009,0.0354851862307092
"ENSG00000230910.2",0.00488341253187373,0.00659085960624908,0.458731567483267
"ENSG00000217767.2",-0.00303471222558606,0.0047498668424131,0.522884933621801
"ENSG00000214460.3",0.00254024723129571,0.00559440679455361,0.649779096216209
"ENSG00000112110.9",-0.016377848993771,0.00837138815159269,0.0504171352164813
"ENSG00000213073.4",-0.0208557154054817,0.00555022427254664,0.000171527027372886
"ENSG00000085382.11",0.00689640670858019,0.00934297738869542,0.4604305898887
"ENSG00000153294.11",-0.00216906117599764,0.00562353767931316,0.69971060539579
"ENSG00000244694.7",-0.00362358952957753,0.00488891089058136,0.458581015272184
"ENSG00000229214.1",0.00864634511386718,0.00639016449678973,0.176033006773972
"ENSG00000271734.1",-0.00541552407800532,0.00526517312614318,0.303688481960892
"ENSG00000272209.1",0.00657978716717028,0.00353044888160382,0.0623602800047539
"ENSG00000112367.10",0.00612496692930638,0.00791658466697717,0.439115290274084
"ENSG00000272097.1",0.000315228164837459,0.00460497820036403,0.945424411905243
"ENSG00000118520.14",-0.0144602766451237,0.00502167224137556,0.00398212878488258
"ENSG00000260455.1",-0.00496402877887796,0.00345527813600504,0.150817185363507
"ENSG00000231754.2",0.00643058566970867,0.00334765693858997,0.0547416243106675
"ENSG00000112242.14",-0.0363705049621727,0.00807129091773148,6.6012218753464e-06
"ENSG00000124596.16",-7.65201796832862e-05,0.00778297501579163,0.992155533554486
"ENSG00000203711.11",-0.0149532187861098,0.00420798828561987,0.000380095721981277
"ENSG00000111962.7",0.0171931934380718,0.00642364790332272,0.00743852040627302
"ENSG00000091844.7",0.063727968469256,0.00452414647153147,0
"ENSG00000120254.15",0.00141691768164014,0.0067157329152149,0.832899118790148
"ENSG00000055208.18",-0.00252343137138568,0.00708768425456983,0.721817766084307
"ENSG00000278899.1",-0.00567461476825816,0.00382867776588963,0.13830455492169
"ENSG00000228692.2",-0.00320194846617074,0.00408562009165143,0.433209267196131
"ENSG00000272279.1",-0.00321546493615053,0.00247524257203385,0.193926621837406
"ENSG00000154079.5",0.00676522133265548,0.00690319906904215,0.32707995167322
"ENSG00000082269.16",0.00454221457383358,0.00784497162706034,0.562591237279109
"ENSG00000272476.1",0.0197186218227078,0.00526037462982964,0.00017788084271575
"ENSG00000131015.4",0.00353850673667531,0.00350459878512394,0.31265089276194
"ENSG00000281021.1",-0.00136642857358124,0.00367923021480017,0.710347221637226
"ENSG00000135318.11",-0.000620660061868766,0.0117789115279571,0.957976930675145
"ENSG00000241404.6",-0.0631477471480924,0.0086141953768752,2.2903900998017e-13
"ENSG00000223414.2",-0.00126163516499362,0.00421018609924311,0.764434555955066
"ENSG00000112539.14",-0.00298330951758425,0.00392576267360394,0.447295714125483
"ENSG00000111885.6",-0.00549794088976213,0.0119735344844149,0.646108910014929
"ENSG00000111875.7",-0.000217244366966938,0.00820737711595704,0.978882938446836
"ENSG00000111860.13",0.00707557716478118,0.0105215277476516,0.50127452792101
"ENSG00000217330.1",-0.00514018234084488,0.00433576932884381,0.235808167466114
"ENSG00000135316.17",-0.0270213899147548,0.0130383834910549,0.0382235513872902
"ENSG00000218793.1",0.00503654399007992,0.00534415089795421,0.345967184681187
"ENSG00000260604.2",-0.0081931165116024,0.00581424045541703,0.158791857387564
"ENSG00000010810.17",0.0260660138945542,0.0146977008322314,0.0761499305143346
"ENSG00000218676.1",0.000134273563331852,0.00493646128841107,0.978299922247726
"ENSG00000112137.17",0.00458358270208037,0.00593643833143076,0.440049349591193
"ENSG00000124588.19",0.00381650607721047,0.00256150656190647,0.136238473969036
"ENSG00000154548.8",-0.000595945551920739,0.00512285626590889,0.907390440768241
"ENSG00000261068.2",-0.00898494191155999,0.00715346051625248,0.209106061478654
"ENSG00000124702.17",0.0317491018270286,0.00818852874607285,0.000105636965892719
"ENSG00000124813.20",0.046039170260452,0.00920833581080711,5.74113803608611e-07
"ENSG00000226445.1",-0.00876634302171138,0.00401788211636403,0.0291219477555422
"ENSG00000199332.1",0.0230288552005663,0.00280617068737301,2.22044604925031e-16
"ENSG00000204544.5",-0.0176334762869166,0.00374047416649574,2.42619873569438e-06
"ENSG00000213760.10",4.42074476989188e-05,0.00371989471595735,0.990518116118105
"ENSG00000204469.12",0.03593064438422,0.00796776104553404,6.4979597176329e-06
"ENSG00000272463.1",0.0038945679523812,0.00324604703337758,0.23022172478227
"ENSG00000112685.13",-0.00907489945579974,0.00435373280120441,0.0371242402972445
"ENSG00000031691.6",-0.00522255370565906,0.00525681844458878,0.320475191903255
"ENSG00000234882.1",-0.0116646934510458,0.00525567462784674,0.0264563011473827
"ENSG00000218426.5",0.000763089619013103,0.00519480070453746,0.883214994331208
"ENSG00000124766.6",-0.00227670895920858,0.00455646199196242,0.617310304308438
"ENSG00000118513.18",0.0182990024598272,0.00579339984432652,0.00158531754778846
"ENSG00000236603.2",-0.0290075427513564,0.0049418963718728,4.36534519643317e-09
"ENSG00000026652.13",0.0199585461802988,0.00850154908289261,0.0188929536410322
"ENSG00000213780.10",-0.0654116398619116,0.00589743796089598,0
"ENSG00000234006.1",-0.0222994017815484,0.00463394797750645,1.49291184170508e-06
"ENSG00000204287.13",-0.0716880693736413,0.00576961932203442,0
"ENSG00000204315.3",-0.00860796154460488,0.00426882805304967,0.043750905038644
"ENSG00000180992.6",0.0029644457413544,0.00743780751421318,0.69021415249592
"ENSG00000189241.6",-0.0735289558679325,0.0150954467968616,1.11070792585544e-06
"ENSG00000112659.13",-0.0205463813169993,0.00781694005104208,0.00857767307099744
"ENSG00000236961.1",0.0019146261373572,0.00458888238618073,0.67650910975549
"ENSG00000025039.14",-0.00833038764500866,0.00444670532174865,0.0610153454763653
"ENSG00000233859.2",0.0129139180743129,0.00588080641080824,0.0280959942157205
"ENSG00000233330.1",0.00533968322820586,0.003661498398333,0.144748832275818
"ENSG00000171408.13",-0.00113761698817882,0.00752903323332595,0.879898920950538
"ENSG00000153721.18",-0.00701530182426262,0.00456493169311245,0.124346865505441
"ENSG00000137161.16",0.0195436138388926,0.0074386774356037,0.00860662140792068
"ENSG00000171611.9",0.0035318742121254,0.0040928914636277,0.388176575536721
"ENSG00000146223.14",0.0181264832580373,0.0101164392486725,0.0731674258315579
"ENSG00000221821.3",0.00133880273824705,0.0051658295750963,0.795507857540693
"ENSG00000272017.1",-0.000543079708665386,0.0060776352880093,0.928798136609186
"ENSG00000197442.9",0.00726633356692539,0.00564435007624688,0.197967416601464
"ENSG00000254440.3",-0.0139049901252087,0.00481757060123733,0.00389791122722061
"ENSG00000227954.6",0.00453677079876909,0.00469124462914276,0.333508097885951
"ENSG00000185250.15",-0.0197948075069354,0.00667393664771462,0.00301713511411461
"ENSG00000112290.12",-0.0250812072637733,0.00812729091918865,0.00202836295445163
"ENSG00000203797.9",0.00740814435316547,0.00406035589638465,0.0680755856099882
"ENSG00000281692.1",0.00123794759666722,0.00380954265388334,0.745211620466397
"ENSG00000269919.1",-0.0128526624101088,0.00437480421111396,0.00330461834461437
"ENSG00000270661.1",-0.0250336736359856,0.0068230543716034,0.000243516831709201
"ENSG00000112320.11",-0.00853281948405455,0.00578616418303591,0.14029492844453
"ENSG00000234567.1",0.0134762140923956,0.00413896470641889,0.00113018271689125
"ENSG00000189325.6",0.00451516979606169,0.00529426965188007,0.39374752869859
"ENSG00000111879.18",-0.0178568430569282,0.00655223883697652,0.00642422961478184
"ENSG00000279926.1",-0.00141728530763181,0.0077278457038439,0.854484337744841
"ENSG00000231652.2",0.00472472568947168,0.00550477639830781,0.39072922556254
"ENSG00000124496.12",0.0265709468547219,0.00949524077052485,0.0051365428308735
"ENSG00000124571.17",-0.0214180415608904,0.00764820796061515,0.00510393186940139
"ENSG00000272248.1",-0.00733765977061726,0.00379770264536163,0.0533433142363842
"ENSG00000112062.10",0.0226399968177065,0.00978795199728234,0.0207200337733646
"ENSG00000157593.18",0.000946077836407938,0.00750386815242057,0.899669638950767
"ENSG00000271857.1",-0.00440377151559866,0.0100353743556903,0.660788462261285
"ENSG00000146221.9",0.00924825977112916,0.00436399779338043,0.0340721039979603
"ENSG00000146376.10",-0.0179540027870844,0.00567424286714209,0.00155551001589105
"ENSG00000164484.11",0.00244020422916936,0.00841144349884891,0.771735691313321
"ENSG00000151914.19",0.000673215184047663,0.00978932241533781,0.945172414971605
"ENSG00000112210.11",0.000878722775315481,0.0149985696585355,0.953280981765857
"ENSG00000232295.7",0.00520731564269684,0.00569693154439762,0.360687311829412
"ENSG00000096696.13",0.0171102931592467,0.00681008082257519,0.0119880846636148
"ENSG00000096006.11",0.00783774798439741,0.00437678734203715,0.0733328333548545
"ENSG00000271265.1",-0.000142534607985315,0.00418664129808564,0.972841189533406
"ENSG00000029639.10",-0.000151766214465413,0.00482081629720453,0.974885597603338
"ENSG00000229654.1",-0.00507748284687306,0.00296916624243853,0.0872528840439947
"ENSG00000057657.15",-0.00484217177134785,0.00515308096592659,0.347389229781767
"ENSG00000232316.1",0.00708127726223245,0.00780648272830739,0.364352781546736
"ENSG00000249853.7",-0.00501440934499301,0.00551534923562008,0.363258552250733
"ENSG00000272356.1",-0.000443032993969164,0.00546106469605184,0.935341944041097
"ENSG00000255389.1",0.00511540462716267,0.00438725623155248,0.243626991702294
"ENSG00000131023.12",0.0063455801405841,0.00701374892093168,0.365606095672245
"ENSG00000131013.3",-0.000633154155351805,0.00772871561425616,0.934708501597416
"ENSG00000111961.17",0.00161936111432261,0.00703620541305317,0.817977594255796
"ENSG00000010704.18",0.0340047843850726,0.00723250140114097,2.58051119783609e-06
"ENSG00000186625.13",0.0136084196411574,0.00728269373969303,0.0616789040956923
"ENSG00000232640.1",0.00757927336554838,0.00347359577766126,0.0291119256686916
"ENSG00000186340.14",0.00751945439719201,0.00784011836309743,0.337508571191793
"ENSG00000226194.5",0.00444321308920253,0.00460062255927118,0.334151685475435
"ENSG00000275713.2",0.0323353592218341,0.00845655727680744,0.0001314625245874
"ENSG00000010017.12",0.000861167371358788,0.00722128073271536,0.905074042778956
"ENSG00000169075.7",-0.00161683579236776,0.00503167465497455,0.747959153232299
"ENSG00000118508.4",0.0110388350809645,0.0120584739494855,0.359959569520541
"ENSG00000164506.14",0.0020469676313626,0.00559152735179867,0.714302538700289
"ENSG00000096093.15",-0.00253345598264016,0.00708375115253601,0.720610286482339
"ENSG00000170915.8",-0.00698140850912309,0.00623750201429345,0.263027730537832
"ENSG00000048545.13",0.0207325837031474,0.00482964551204966,1.76453435131174e-05
"ENSG00000024048.10",-0.0151441258842657,0.00823414823637082,0.065887909455438
"ENSG00000164442.9",0.00256024751842747,0.00536427600023692,0.633164626309107
"ENSG00000146072.6",0.00559916439306168,0.008578591638814,0.513955893824128
"ENSG00000146070.16",0.00185365209234973,0.00616852784304275,0.763794624896776
"ENSG00000065609.14",-0.0147676565429245,0.00562846961807211,0.00869694366953844
"ENSG00000188820.12",0.0280301751091195,0.00436863969217909,1.39694922296485e-10
"ENSG00000196911.10",-0.0449408527795545,0.00764503677092809,4.14163026096759e-09
"ENSG00000237686.6",-0.00393407715941712,0.00521115220720531,0.45028844830898
"ENSG00000111850.10",-0.0211385867936258,0.00704102179652154,0.00268032119202388
"ENSG00000239264.8",0.00531150669841012,0.00589967244395004,0.367957771705625
"ENSG00000146281.5",-0.0163220550766111,0.00610295635573302,0.00748518108077478
"ENSG00000259828.1",-0.0189474380246047,0.0103799150501477,0.0679415451060602
"ENSG00000228789.6",0.0484869760140373,0.00336606915815774,0
"ENSG00000164627.17",0.00243262597312624,0.00385286140041755,0.527791013833721
"ENSG00000235033.7",0.000532795221846097,0.00529450599736763,0.919842819075062
"ENSG00000164626.8",0.00414550757305863,0.00431681925309233,0.336896552380746
"ENSG00000213131.3",-0.00102411979772474,0.00571137422854993,0.857692468939811
"ENSG00000112305.14",-0.0107975852438586,0.00779839902779201,0.166177873540656
"ENSG00000146247.13",-0.00196545051650045,0.010720271099688,0.854531542603677
"ENSG00000231842.1",-0.00634418325816272,0.00522577438222115,0.22474091685695
"ENSG00000095951.16",0.0178638833314943,0.00584553625770945,0.00224320915162379
"ENSG00000224586.6",-0.0414432614274563,0.00806742017315414,2.78988935731306e-07
"ENSG00000137166.14",-0.0233665088006542,0.00450461907496675,2.13441597729513e-07
"ENSG00000112679.14",-0.00702127345614656,0.00796555720407304,0.37807205984642
"ENSG00000188996.4",0.00494828259179547,0.00431312595288889,0.251273633394423
"ENSG00000156639.11",0.0123037286774118,0.00803692103368032,0.125793916498458
"ENSG00000272137.1",-0.00673537358146587,0.00522387160881669,0.19727811712216
"ENSG00000065308.4",0.0159352605371304,0.00842991591347229,0.0587148284832685
"ENSG00000176381.5",0.00155665713263525,0.00376335498761675,0.679141087905085
"ENSG00000277443.2",-0.00425192051463327,0.00672611887176642,0.52728843154811
"ENSG00000124564.17",0.00255613825476308,0.00467238561804487,0.584328251873341
"ENSG00000198833.6",-0.00121452317003715,0.0116707280485387,0.917117163804823
"ENSG00000124641.15",-0.0239998891942071,0.0057675535729918,3.1659283537433e-05
"ENSG00000164663.14",0.014966738398629,0.0052075218965269,0.00405229996004441
"ENSG00000096080.11",0.0014822635043684,0.00588685079593212,0.801201635231908
"ENSG00000137221.14",0.00235737402746187,0.00552206598487198,0.669451630196251
"ENSG00000204616.10",0.00232527118257181,0.00502277599488603,0.643403484143861
"ENSG00000137331.11",0.0756668564189573,0.00458731390730098,0
"ENSG00000213886.3",-0.013307204522052,0.00805746190081507,0.0986287678483571
"ENSG00000204681.10",0.0353738542262947,0.0129929032832026,0.0064779846715175
"ENSG00000196260.4",-0.0177432155284077,0.00376428257373134,2.43412109279806e-06
"ENSG00000196114.3",-0.00236270542752865,0.00502620081660742,0.638299433567508
"ENSG00000229896.2",0.00961753381207996,0.00650640959195361,0.139364159232954
"ENSG00000229921.6",0.00516906997165318,0.00263610409218799,0.0498936346381029
"ENSG00000204388.6",-0.00900763657610128,0.00793292343278173,0.256176332888805
"ENSG00000237080.2",0.00655443849033594,0.00614081801156119,0.285811143072109
"ENSG00000223865.10",-0.0486288226005551,0.00530876023261951,0
"ENSG00000204427.11",-0.0185749453173452,0.00617307724231388,0.00262087329474314
"ENSG00000223501.8",-0.00475314978133108,0.00738792227775794,0.519985605605122
"ENSG00000204387.12",0.00810181080947792,0.00604522139623874,0.180180057726432
"ENSG00000112473.17",0.0429834866781972,0.00775636854001488,2.99544961057663e-08
"ENSG00000280916.1",-0.00478541016530137,0.00430271252489991,0.266058832160046
"ENSG00000251988.1",0.0177608246615104,0.00382323929280651,3.39268162885542e-06
"ENSG00000146457.14",-0.0940759061236741,0.0052058167586057,0
"ENSG00000207392.1",-0.0390496655823384,0.00321232952443206,0
"ENSG00000112029.9",0.000603500064866357,0.0062250299751361,0.922768218119748
"ENSG00000112562.18",0.0117679981433344,0.00559147136067597,0.0353232200307009
"ENSG00000164488.11",0.00607952944984557,0.00579923605212407,0.294485296246973
"ENSG00000168143.8",-0.0227538730838324,0.0096860149477844,0.0188164758324688
"ENSG00000112530.11",-0.00323002371322716,0.00447736982064845,0.470656698105463
"ENSG00000168438.14",-0.0158968002914163,0.00741752361166747,0.0321017638280177
"ENSG00000203688.4",-0.00325902900444289,0.00379779062961006,0.390816186668303
"ENSG00000137275.13",-0.0077727257073844,0.00748724283244899,0.299209890337332
"ENSG00000213087.3",-0.00787406984388547,0.00252561881387177,0.00182280947315228
"ENSG00000236700.5",0.00242649310450978,0.00392733552998737,0.536676092820265
"ENSG00000279968.1",-0.0110325371596685,0.00420001094749073,0.00861950891019236
"ENSG00000145945.5",0.00569007014144212,0.00613304462990351,0.353525592413985
"ENSG00000124535.15",-0.00926614126489839,0.00450614893891722,0.0397504616154112
"ENSG00000219992.2",0.00156990406461787,0.0032000045918154,0.623713407229014
"ENSG00000272848.1",0.000359945630379228,0.00475673561409053,0.939681067623995
"ENSG00000137216.18",0.00971896069457131,0.00681349794297341,0.153744986460269
"ENSG00000137200.12",-0.00575436058224219,0.004510745291435,0.20206136798401
"ENSG00000146276.11",0.00196338248747852,0.00420514043511627,0.640571013825278
"ENSG00000229036.7",0.00662985889690491,0.00458574745332801,0.148246446550397
"ENSG00000236366.2",-0.0101717281117982,0.00632501537264942,0.107796977508451
"ENSG00000197238.4",0.0246465239473428,0.00537051284301915,4.44881927330609e-06
"ENSG00000224157.1",-0.0107798721627812,0.00580188246755931,0.0631696375210251
"ENSG00000237021.2",-0.00190925658798909,0.00592755092086996,0.747377904923961
"ENSG00000111817.16",-0.00928787642956801,0.013257107785217,0.483555187480835
"ENSG00000198563.13",-0.0081834919270077,0.00607953849020891,0.178279542037202
"ENSG00000204256.12",0.0550022472282628,0.00465692569343322,0
"ENSG00000204386.10",0.000956814885686478,0.00680792561108042,0.888229982919351
"ENSG00000204472.12",0.00736735856101695,0.00640658048206921,0.25015730749686
"ENSG00000155906.16",0.0120818634747145,0.00556061614545804,0.0297986678222617
"ENSG00000197283.14",0.0279881522364883,0.00842151351033395,0.000889237323560943
"ENSG00000243649.8",-0.0121936759083344,0.00597313335354623,0.0412090646354104
"ENSG00000218073.1",0.0151971604398486,0.00387362826636232,8.73672516973345e-05
"ENSG00000112715.21",-0.0105470773171074,0.00700131044232703,0.131953408201658
"ENSG00000044090.8",-0.0123070651875564,0.00772593238690346,0.111170212070206
"ENSG00000096384.19",0.00680011424864669,0.012132714739161,0.575153747485041
"ENSG00000111981.4",-0.00638360223762261,0.00355481463804617,0.0725323232252364
"ENSG00000135314.12",0.0158576853663865,0.00704638786144575,0.0244191179264127
"ENSG00000226571.1",-0.0072687262375847,0.00394092280606054,0.0651216076271864
"ENSG00000214736.7",0.0271894152851738,0.00600083287187346,5.87217420977559e-06
"ENSG00000137204.14",-0.019563422409673,0.0062733492134649,0.00181775824619212
"ENSG00000232810.3",0.00850611411286531,0.0041570913331218,0.0407396823864041
"ENSG00000274750.2",0.0352631252866183,0.00793798867903838,8.89920196955885e-06
"ENSG00000180573.9",0.00188726122167556,0.0108791612467506,0.862278169215661
"ENSG00000158373.8",-0.0422443413625806,0.0108442111275895,9.7969634449302e-05
"ENSG00000282024.1",-0.00505258156476236,0.00629341001097723,0.422069031280638
"ENSG00000009413.15",0.0241437109969839,0.0107005196655498,0.0240510979887314
"ENSG00000236761.5",0.00048828996297187,0.00568530954881964,0.931556835634996
"ENSG00000079950.13",-0.0185958013611251,0.0136755506321131,0.173898138433643
"ENSG00000236166.1",-0.00816586545088288,0.0054256785040205,0.132313685384202
"ENSG00000146386.7",0.0034315175191515,0.00576128233221522,0.551431138095304
"ENSG00000204356.13",0.0702014987321444,0.00894387187583457,4.21884749357559e-15
"ENSG00000168477.17",-0.0444672127018743,0.00656353208916167,1.24500409981465e-11
"ENSG00000237115.2",0.00241973940049425,0.00344662143311182,0.482640957907229
"ENSG00000279022.1",-0.000993291780017946,0.00518676171865668,0.848129816026638
"ENSG00000279616.1",-0.00191784042024588,0.00551149178030363,0.727861810949144
"ENSG00000272540.1",0.055825911522843,0.00613298664975324,0
"ENSG00000227507.2",-0.00361173843338439,0.00977585884250982,0.711788722982304
"ENSG00000153291.15",-0.00131373845289028,0.00611120990481522,0.82978922076051
"ENSG00000186439.12",-0.0117920008124762,0.00512268634629134,0.0213398310116075
"ENSG00000056972.18",-0.00474531673985674,0.00774637615242444,0.540150530960626
"ENSG00000118495.18",-0.000368201161765397,0.00634039728551644,0.953691075166714
"ENSG00000124802.11",-0.0029361755784201,0.00870067424234691,0.735766171743482
"ENSG00000279368.1",-0.00516184136423268,0.00400888413482762,0.197885052370478
"ENSG00000112309.10",0.018775516697901,0.00500609143568283,0.000176458296116899
"ENSG00000220563.1",0.0190298254503765,0.00858356570480715,0.0266226116158569
"ENSG00000080007.7",0.00793091943604756,0.00481259184635807,0.0993625607685393
"ENSG00000092820.17",0.0107560009067693,0.00618054434428616,0.0818063658635078
"ENSG00000078269.14",-0.00580256756034387,0.00624949911233402,0.353155930856881
"ENSG00000272325.1",0.0197562264052042,0.00962813535649446,0.0401768027725806
"ENSG00000228614.1",-0.0270247696980143,0.00654965895830661,3.68912565912316e-05
"ENSG00000271551.2",-0.011010616568763,0.00665972541612271,0.098266996496977
"ENSG00000229852.2",0.00467476092209192,0.00615612987749664,0.447633141077131
"ENSG00000226453.1",-0.0061474170935403,0.00484483849221881,0.204491345185437
"ENSG00000013375.15",0.0158810057653128,0.0138708731433245,0.252243323142982
"ENSG00000135317.12",0.00428326141406925,0.00902100685645543,0.634922630013739
"ENSG00000111880.15",0.00209551976808834,0.0070932361780526,0.767669187218281
"ENSG00000118432.12",0.0111752712564387,0.00803371900696305,0.164211532272819
"ENSG00000164414.17",0.000745704445746282,0.00664776851937803,0.910685723141323
"ENSG00000220267.1",0.000169321128293319,0.00459893510904314,0.970630549147498
"ENSG00000237643.1",0.00627429156418178,0.00439340475584403,0.153258477011919
"ENSG00000279312.1",-0.00078513370192408,0.00816033805638507,0.923351104842872
"ENSG00000233237.6",0.00578116149306089,0.00631439570027284,0.359901594393269
"ENSG00000203907.9",0.00480068358111532,0.00487937188309243,0.325177826777322
"ENSG00000235174.1",0.0045322002747832,0.00523108229291949,0.386271831537888
"ENSG00000135297.15",0.00670084430374499,0.00643926319573157,0.298050630288617
"ENSG00000112697.15",0.0227624012862855,0.010861291348114,0.0361056001175019
"ENSG00000112701.17",-0.0172002231335069,0.0105031679860337,0.101500487971137
"ENSG00000118402.5",0.0109397474736818,0.00756796904818614,0.148308287350672
"ENSG00000083123.14",0.0153741247019343,0.011699790524663,0.188828948287264
"ENSG00000118418.14",-0.00617715281260006,0.00851595863643028,0.468229977234494
"ENSG00000203877.8",-0.00525777348862228,0.00687525525408718,0.444427180508696
"ENSG00000146282.17",-0.00842471543846193,0.00769737818922159,0.273739448350558
"ENSG00000118412.12",0.00965073164334075,0.0104895792204445,0.357556879355137
"ENSG00000135333.13",0.0075672873809097,0.00786950547569022,0.336252428735607
"ENSG00000266896.1",0.0126858671418659,0.00606988571935862,0.0366206710185362
"ENSG00000130396.20",-0.00452892405035228,0.00733526129417182,0.536958900222715
"ENSG00000271913.5",-0.0216594832707338,0.00641957874305118,0.000740917217704307
"ENSG00000122194.18",-0.0277314509406866,0.00305000059132232,0
"ENSG00000198221.8",-0.0100864079683798,0.00785005613690616,0.19883298142777
"ENSG00000146425.10",-0.00965741302900499,0.00693334638609747,0.163652002035465
"ENSG00000112499.12",-0.0665838436122807,0.00437397068741937,0
"ENSG00000213065.2",0.00148514052673876,0.00512781423828512,0.772103537811698
"ENSG00000229950.1",-0.00796598891390131,0.00609632247593862,0.191318835673268
"ENSG00000111846.16",0.0131504700115444,0.0079391002959172,0.0976371632557025
"ENSG00000244476.2",-0.0185998945998938,0.00500858387845897,0.000204328846702406
"ENSG00000112273.6",-0.00471449211976624,0.00383253432315037,0.218650706439509
"ENSG00000272168.6",-0.022571958888703,0.00995774505884752,0.0234040272761999
"ENSG00000274290.2",0.0104904854301121,0.00880423504727625,0.233446689807203
"ENSG00000205269.5",-0.0129624333259773,0.00678292295984324,0.0559995120769671
"ENSG00000137337.14",-0.0375964279747144,0.00672262127009007,2.23790830311543e-08
"ENSG00000161904.11",-0.00619901006203991,0.00499641121846177,0.214719355889768
"ENSG00000228559.1",-0.00492819308491681,0.00701772602382158,0.482523714508857
"ENSG00000023892.10",0.0543715147547565,0.0144467959913178,0.00016750542473376
"ENSG00000279942.1",0.0110247471513239,0.00346045333440026,0.00144291657510609
"ENSG00000095970.16",-0.00765606474261972,0.00514883691733229,0.137027930505517
"ENSG00000124743.5",-0.00516868559262474,0.00532054149769545,0.331319978457185
"ENSG00000001084.10",0.00465149590794033,0.00699211455739909,0.505891364261236
"ENSG00000112183.14",-0.00256869664505463,0.00620594923475389,0.678940940868259
"ENSG00000112294.12",-0.0112155168733167,0.0053708616799016,0.0367783952931945
"ENSG00000272053.1",-0.0056133115608181,0.00434094666926608,0.195973812570958
"ENSG00000124575.6",0.00952674073558897,0.00654641020979872,0.14559679646712
"ENSG00000277075.2",-0.0160813963258763,0.0101228213270832,0.112144426804928
"ENSG00000277224.2",-0.00346998502851947,0.00869752884299608,0.689921074888249
"ENSG00000158406.4",-0.04963399598825,0.0100519410276448,7.90280876517002e-07
"ENSG00000273802.2",-0.026713118268477,0.0114527429903081,0.0196762600393351
"ENSG00000187626.8",-0.0445413154655612,0.00838349552156205,1.07848896258034e-07
"ENSG00000204389.9",0.0266020661561022,0.00733354663438356,0.000286235327648932
"ENSG00000204618.8",-0.0907065012848043,0.00864977199075777,0
"ENSG00000204498.10",0.0378051836579911,0.00557140812246846,1.15628617791685e-11
"ENSG00000237441.9",0.00313557384994045,0.00713715152594584,0.660421518873158
"ENSG00000217130.1",0.000818834431544025,0.00417972930575895,0.844683669381338
"ENSG00000124562.9",-0.0396080836503581,0.00901901110839761,1.12508402783096e-05
"ENSG00000065060.16",0.0475598726688082,0.00466636396934755,0
"ENSG00000179165.10",-0.01512017406651,0.00470931365867469,0.00132413978650692
"ENSG00000096060.14",-0.0113698678541851,0.0096160519668545,0.237053291937335
"ENSG00000232909.1",-0.0113991770174444,0.00705400153735845,0.106097055407445
"ENSG00000146122.16",0.0170490675545131,0.00857030914841344,0.0466661488726069
"ENSG00000124731.12",0.00726743348566005,0.0054330680643011,0.181017160949235
"ENSG00000112624.12",0.0307544996719195,0.0100084698469129,0.00212026943440835
"ENSG00000171462.14",-0.0101940674037079,0.00725284237301543,0.159864559884562
"ENSG00000153292.15",-0.00823453080598266,0.0081592184715041,0.312864180699035
"ENSG00000008196.12",-0.00642429058579097,0.00462159810381712,0.164511188903079
"ENSG00000112144.15",-0.0156203810051083,0.00567300692952079,0.00589695046112382
"ENSG00000096092.5",0.0168426685747004,0.00731503673902108,0.0213085586452022
"ENSG00000137198.9",0.0122569232259025,0.0108387094577212,0.258119449206666
"ENSG00000137364.4",-0.00267925098614809,0.00968199882309302,0.78199128495532
"ENSG00000203808.10",-0.0103700271953496,0.00751760019330675,0.167761232787597
"ENSG00000220392.1",0.00639062751382338,0.00484015704658901,0.186723280414015
"ENSG00000155115.6",-0.00312463579662329,0.0126986353813112,0.805635202957508
"ENSG00000187189.10",-0.0486538942235475,0.0113656282042592,1.86229067872246e-05
"ENSG00000111877.17",-0.00451673396893366,0.00727899385529623,0.534917959076006
"ENSG00000217325.2",0.00195967905237429,0.00579620214899366,0.735290026945427
"ENSG00000146374.13",0.0162350202858809,0.009884550772485,0.100493849797335
"ENSG00000214338.10",-0.00951463689711665,0.00685906688054826,0.165392371419414
"ENSG00000112406.4",-0.0109517579552789,0.00957684916052368,0.252803717819441
"ENSG00000112414.14",0.0108230275967909,0.00830892118515935,0.192718475622177
"ENSG00000135596.17",-0.0426933719263204,0.00901542655126097,2.18417781550073e-06
"ENSG00000219565.2",-0.00116976671719538,0.00485833660984528,0.809729391921684
"ENSG00000218233.1",-0.00467773140540177,0.00425812332557862,0.271967469018052
"ENSG00000146352.12",0.00825137756890972,0.00600165014338596,0.169177494927962
"ENSG00000275339.1",-0.000657684601610397,0.00551256424137778,0.905032554730532
"ENSG00000237742.6",-0.00125939771056812,0.00502391080361592,0.802060947539829
"ENSG00000203760.8",-0.00260267615585609,0.0115265991775647,0.82135899728755
"ENSG00000093144.18",-0.0194984825183765,0.00793758504293513,0.0140307401869996
"ENSG00000189367.14",-0.00724111617926257,0.00873742093736439,0.407247274094232
"ENSG00000118518.15",-0.0317345073600371,0.0137722336495504,0.021209273969118
"ENSG00000226149.5",0.00537436270088134,0.00370137601415053,0.146504254920628
"ENSG00000220884.2",0.00864145464530694,0.00441434297832109,0.0502786478493485
"ENSG00000227678.7",0.011018210153876,0.00452089809114975,0.0148026011226879
"ENSG00000079819.18",-0.011667626965327,0.0131324169010216,0.374293369413425
"ENSG00000232699.3",-0.00699568198084116,0.00440715335305016,0.112434059098647
"ENSG00000051620.10",0.000196898797691658,0.00945228206926716,0.983380611309304
"ENSG00000231329.7",-0.00728596082193882,0.00469727930777789,0.120877165825273
"ENSG00000024862.17",-0.0116041153867936,0.00710976097870134,0.102650290147817
"ENSG00000164440.14",0.000629936412644108,0.0056431781917599,0.911118409681043
"ENSG00000270890.1",-0.00971583524669015,0.0058282833393387,0.0955114394560571
"ENSG00000146414.15",0.00849179161930517,0.0134519368517697,0.527864609268264
"ENSG00000198729.4",-0.000606252689185131,0.0044211541814544,0.890931648351477
"ENSG00000120279.6",-0.0154038387836625,0.00760579869165344,0.0428390688420174
"ENSG00000146469.12",0.0237079959541713,0.00368996690544626,1.31879285270031e-10
"ENSG00000213079.9",0.00348205904119842,0.00743444869702223,0.639521334905619
"ENSG00000260000.2",0.0239022276692257,0.00629633310713996,0.000146922703826324
"ENSG00000261730.1",-0.001595152070574,0.0047695982937662,0.738046354758093
"ENSG00000137274.12",0.00945223604333697,0.00455219000373271,0.0378555762529176
"ENSG00000261189.1",0.0222034674126632,0.00500637620286799,9.20561595540992e-06
"ENSG00000234817.2",-0.00100199005487853,0.00480798576418173,0.834915710983454
"ENSG00000131018.22",0.00928827912653415,0.00950179738115674,0.328307503217214
"ENSG00000204420.8",-0.00670319604269161,0.00500411992094904,0.180396421028358
"ENSG00000226979.8",0.0074205890417357,0.0037709516283991,0.0490876835936433
"ENSG00000204438.10",-0.0124210751321654,0.00479869229283969,0.00964147717911645
"ENSG00000120437.8",-0.0388715071927365,0.00984867380597972,7.91771034682753e-05
"ENSG00000112096.16",-0.0619075663074125,0.00904276406452861,7.58959561864003e-12
"ENSG00000124523.15",0.0119840557722954,0.00682728378416567,0.0792048878415818
"ENSG00000157343.8",-0.00495211056000389,0.00860567737212475,0.564989077705316
"ENSG00000064999.13",0.0284077796788239,0.0077080353106469,0.000228275531991562
"ENSG00000112149.9",0.00329313970598321,0.00565914560803845,0.560624175626762
"ENSG00000217078.1",0.0131338073813975,0.0046798630440821,0.00500904948178826
"ENSG00000274641.1",-0.0276622825446357,0.00745650828621,0.000207408965408495
"ENSG00000272468.1",0.0957284988624467,0.0106639732789927,0
"ENSG00000012660.13",0.000131801193429519,0.0104007707270397,0.989889275942505
"ENSG00000224843.6",-0.0201822872109087,0.00885277942460693,0.0226214252489807
"ENSG00000213066.11",0.0165821677052439,0.00575287107313348,0.00394638324241581
"ENSG00000137343.17",-0.0378206630421038,0.00813722202364078,3.35397555084604e-06
"ENSG00000214894.6",-0.0100607232009668,0.00352853921185974,0.00435486560820453
"ENSG00000010818.9",-0.000360284934625938,0.00876907174180003,0.967227439833399
"ENSG00000217648.1",0.00573405036619384,0.0057991224932532,0.322771295605673
"ENSG00000261116.1",-0.00101673871834984,0.0104296399751239,0.922340844856598
"ENSG00000125337.16",-0.00163844724797323,0.00308434393862633,0.595270365131335
"ENSG00000233452.6",-0.00344898289153895,0.00625755876381905,0.58151668018849
"ENSG00000237596.6",0.00449380681936602,0.00456917241664641,0.325358643275789
"ENSG00000227192.1",-0.00345399633638411,0.00651556031427342,0.596032191090632
"ENSG00000217027.1",-0.00254395841104742,0.00442592015358794,0.565435811620742
"ENSG00000281969.1",-0.00241848497387799,0.00457456228016673,0.597026636388285
"ENSG00000229017.6",0.00347935870790919,0.00524193985866077,0.506847752049835
"ENSG00000234206.5",0.00100710436541982,0.00519691745343185,0.846341261836031
"ENSG00000112667.12",-0.0267389185883929,0.00574194465583613,3.21208135878326e-06
"ENSG00000112640.14",-0.00192727155285957,0.00934019650137414,0.836524046860704
"ENSG00000112695.11",0.0107115202208018,0.0149697942393936,0.474274044949985
"ENSG00000112742.9",-0.00254534530602035,0.00656402258387682,0.698184639501598
"ENSG00000130368.5",0.00716375622733926,0.00423026811895772,0.0903694541517017
"ENSG00000146151.12",0.0184713472177887,0.0117756513606385,0.116739974698345
"ENSG00000118420.16",0.00211860517409655,0.00827674791513592,0.797973441580041
"ENSG00000234753.5",-0.0124218646105661,0.00407823372151638,0.00231990175958363
"ENSG00000175048.16",0.000793394484679826,0.00508856352079609,0.876098301652956
"ENSG00000130349.9",0.00735901366706492,0.0059927917747579,0.219455401552463
"ENSG00000164418.19",0.0028167277077627,0.00706633266317799,0.690178835349885
"ENSG00000219361.1",0.0204482046836837,0.00717296603080333,0.00436186997645671
"ENSG00000223485.2",0.0138121594153514,0.00589776931719695,0.0191843430004004
"ENSG00000196586.13",-0.0119123478240649,0.0117545710972918,0.310858356287495
"ENSG00000112769.18",-0.0317282205609311,0.0112861352320279,0.00493484342097039
"ENSG00000112182.14",0.00952184605803838,0.00598666388035335,0.11171999531541
"ENSG00000230164.1",0.00155077414533856,0.00443296657836002,0.726468069803649
"ENSG00000237988.3",-0.0211202569047001,0.00771610959849122,0.00619714025120754
"ENSG00000203872.6",0.0295947146472162,0.0075890892122785,9.6335883787102e-05
"ENSG00000204564.11",-0.026786136049316,0.00934135957288761,0.00413758551844889
"ENSG00000204394.12",0.0339715296586771,0.0138591948229305,0.0142384490759306
"ENSG00000196230.12",0.0379911396541774,0.00696374789615669,4.88189333403e-08
"ENSG00000111837.11",-0.00658614571304766,0.00538589677795075,0.221386227519549
"ENSG00000187837.3",-0.047129727556632,0.0111406434370058,2.3324359131105e-05
"ENSG00000180596.7",0.00105813175354828,0.00731937215729719,0.885053608153913
"ENSG00000196866.2",-0.0278869641468219,0.0112277337919265,0.0130004430739262
"ENSG00000203362.2",0.00631668147321271,0.00432480307116443,0.144133239695787
"ENSG00000181524.6",0.0127779312718907,0.00370053668461708,0.000554401165634988
"ENSG00000279127.1",0.0144359500593574,0.0049452578406235,0.00350987144283055
"ENSG00000112159.11",-0.0329355392756592,0.00865594275381213,0.000141825563688469
"ENSG00000232311.1",0.00993302483343229,0.0043368182956479,0.0219984572566211
"ENSG00000237234.7",0.00206373501018931,0.00627515575679678,0.742250995111417
"ENSG00000074935.13",-0.0117098045352577,0.00989806383241771,0.236793331107103
"ENSG00000135547.8",-0.00682672479173414,0.00806442140497776,0.397260592942754
"ENSG00000272428.1",-0.0144977557469565,0.00510583950623665,0.00451919382223331
"ENSG00000118503.14",-0.00541032768784408,0.00584965847714038,0.355019833106668
"ENSG00000204576.11",0.00480189667150473,0.00704281978413358,0.495356252426918
"ENSG00000272374.1",0.00912448809946506,0.0095973783156384,0.341742903951261
"ENSG00000225339.3",-0.000294054062401222,0.0033957146081411,0.930992935719895
"ENSG00000156508.17",-0.023274539496445,0.0140051633837907,0.0965420130881444
"ENSG00000218226.1",-0.0233068862705186,0.00753916184860821,0.00199186474234714
"ENSG00000124664.10",-0.0676160276392366,0.0160233106688268,2.4446085170271e-05
"ENSG00000272170.1",0.00286875526617159,0.00570090550388622,0.6148163132722
"ENSG00000272549.1",-0.00720882635913154,0.00440755211551789,0.101931212500211
"ENSG00000112514.15",-0.00863536236522318,0.00859172377264543,0.314858742359949
"ENSG00000111799.20",0.00732838046014973,0.0147645705414907,0.619648170249738
"ENSG00000213435.3",0.0102533422779416,0.00524676625098934,0.0506750533108188
"ENSG00000152954.11",-0.00450841032681846,0.0041062321225011,0.272229219096775
"ENSG00000112541.13",0.00198166154821837,0.00450184770040404,0.659800594286261
"ENSG00000270362.1",0.014387286062548,0.00554403681013133,0.00945655783835297
"ENSG00000065491.8",0.00232424151245264,0.00634882664320318,0.714297970129246
"ENSG00000204655.11",0.00464651236388167,0.00625560939255989,0.457617710615148
"ENSG00000135315.11",0.00980560434537281,0.0124458160991865,0.430776547785836
"ENSG00000272312.1",0.00332981737852713,0.00931841907353757,0.720839416534362
"ENSG00000050393.11",0.0111534024382646,0.00766235935185478,0.145500622974291
"ENSG00000186231.16",-0.0105343621021015,0.00655983548924858,0.108298486843848
"ENSG00000269293.2",0.0418574083555134,0.0121395583058212,0.00056471764084487
"ENSG00000146232.15",-0.00844674979980238,0.0060496149697522,0.162640473808274
"ENSG00000188112.8",-0.0135345519580088,0.00948823154533053,0.153736541896165
"ENSG00000261568.1",0.0156275199747754,0.00530088198202608,0.00319735608277871
"ENSG00000111897.6",0.0100713261435116,0.0131650132192703,0.444267427198345
"ENSG00000119899.12",-0.013784798932362,0.00987878305474907,0.162896927542779
"ENSG00000216990.2",-0.00510395504718625,0.00564396045089496,0.365824924526989
"ENSG00000280277.1",-0.00562329858050312,0.00400114714390748,0.159895950427718
"ENSG00000135299.16",-0.0067685202458921,0.00667311950433024,0.310441401675661
"ENSG00000273100.1",0.00612413254641965,0.00474514074180329,0.196838474835627
"ENSG00000227502.2",-0.0117556607967854,0.0103654162820324,0.256742803888667
"ENSG00000219085.1",0.00025867218502068,0.00463388171172685,0.95548367067373
"ENSG00000225093.1",0.00563984315110791,0.00564044633147521,0.317362262559563
"ENSG00000213149.3",-0.0130495818635989,0.00519255512953979,0.0119664198030072
"ENSG00000206910.1",-0.0382818591397465,0.00445067701346966,0
"ENSG00000065615.13",-0.0202818067829427,0.0110566777738998,0.0666021919559581
"ENSG00000164691.16",-0.0131210055005902,0.006068631114332,0.0306102383289424
"ENSG00000091831.22",0.00972183611764496,0.00474751399741278,0.040582141043038
"ENSG00000198523.5",0.0413529912279986,0.0179007801301986,0.0208813845961486
"ENSG00000112208.11",0.0233464138792719,0.0133837761312075,0.0810925575214604
"ENSG00000204657.3",-0.0122184316118254,0.00742050911030796,0.0996452434112732
"ENSG00000119900.7",0.00447482764748607,0.00618260800898798,0.469202833521225
"ENSG00000112796.9",0.0073700237074139,0.00798027473173,0.355731035771924
"ENSG00000198719.8",-0.00447496461811426,0.00789870914290261,0.57102417331436
"ENSG00000112081.16",0.00782720073772376,0.00853524334489602,0.359119151765523
"ENSG00000216624.3",-0.00533425005588674,0.00278333410568093,0.0553019290116045
"ENSG00000249346.6",-0.000746166128962475,0.00440669905552991,0.865540689433427
"ENSG00000219470.1",-0.000582207189585535,0.00492136560657542,0.905828405666715
"ENSG00000181472.4",0.00323172704430032,0.00590023081974353,0.583878052567101
"ENSG00000049618.22",-0.00251097761684011,0.00658198305605982,0.702837785093523
"ENSG00000184530.8",0.0066919808253929,0.00534437082112781,0.210513377455079
"ENSG00000118482.11",0.0183801447448705,0.0130832703132194,0.160063331094119
"ENSG00000112232.8",-0.0170156834672076,0.0109801291919769,0.121218409464977
"ENSG00000135338.13",0.0367697000188232,0.0101868571885304,0.000306760029633812
"ENSG00000065833.8",0.00687101844115293,0.0153981024803879,0.655434718368003
"ENSG00000013392.7",0.00314221882307046,0.0124797183821173,0.801206451252694
"ENSG00000112280.15",0.0155849844420638,0.00611709640324829,0.010841241150593
"ENSG00000184786.5",0.0077584797753425,0.00773732220451893,0.315988987831496
"ENSG00000120438.11",0.0358840306729559,0.0117575093224793,0.00227314872664386
"ENSG00000213071.11",0.0178257524397276,0.00573873957753848,0.00189499607437571
"ENSG00000197903.7",-0.0330839576583281,0.0129528411082721,0.0106436565324001
"ENSG00000234515.1",-0.0105776117238562,0.00375290415779262,0.00482465544668287
"ENSG00000124659.6",-0.00616399587072005,0.00925293418155479,0.505304607407797
"ENSG00000146215.13",-0.0262084021115166,0.00792192369013176,0.000938514253646217
"ENSG00000178233.17",0.00439283563752392,0.00368853451780821,0.233675826796245
"ENSG00000172432.18",0.0127700203618282,0.00760978915465897,0.0933267276752497
"ENSG00000112818.9",-0.00184929552809586,0.00504365165115996,0.713874094403584
"ENSG00000187566.5",-0.00682339943908679,0.00712028637106231,0.337909449965818
"ENSG00000227214.2",-0.0189385247364235,0.00691736362824226,0.00618471490621808
"ENSG00000146410.11",0.00101005246078164,0.00733848288602144,0.890526699021454
"ENSG00000218265.1",0.00627657630822109,0.00488781122737543,0.199097097088076
"ENSG00000152894.14",0.00302627542249623,0.0120492175682792,0.80169079781875
"ENSG00000146197.8",0.02756445144325,0.0100457226474458,0.00607141573909997
"ENSG00000227945.1",0.00886959802399277,0.00646480935800881,0.170069236326869
"ENSG00000224936.1",-0.00829511544055678,0.0072791076384406,0.254461896587732
"ENSG00000112335.14",0.0297757064307524,0.0168703595074169,0.0775685287360063
"ENSG00000271367.1",0.012313041247909,0.00966907459098629,0.202859937213842
"ENSG00000112706.11",-0.0122041443344187,0.0078217580296982,0.118693373744787
"ENSG00000132429.9",-0.00011286022006326,0.00682087701731645,0.98679857178108
"ENSG00000280184.2",0.00553015416342822,0.00628468621237391,0.378891178110212
"ENSG00000137265.14",0.00176387986020505,0.00755687016329433,0.815439884606961
"ENSG00000025796.13",0.016233274950556,0.0125570727106874,0.196094254244013
"ENSG00000112379.8",-0.0365199627924839,0.0152639337529604,0.0167310369616521
"ENSG00000183137.14",-0.00803970897201974,0.0110844381732347,0.46825882225481
"ENSG00000132424.14",0.030395493154334,0.0115092689399788,0.0082672025132331
"ENSG00000009844.15",0.0138924202705079,0.0146008119310042,0.34135938566511
"ENSG00000228415.3",-0.0202108801174349,0.00650316867684966,0.0018845297107456
"ENSG00000266680.1",-0.00504422017981258,0.0139661597084795,0.717969033910581
"ENSG00000135537.16",-0.00931774589480389,0.00620634923674551,0.133271579053587
"ENSG00000112053.13",-0.00722639914870887,0.00570423754418381,0.205209819151878
"ENSG00000078401.6",-0.00396435677292367,0.0051359806989452,0.440185966206267
"ENSG00000216331.2",0.00210514004705405,0.0110127670130865,0.848404544620602
"ENSG00000196787.3",-0.00853149617575954,0.0182462108799337,0.640087600741504
"ENSG00000225096.1",-0.0111418238612749,0.0101094618604546,0.270410204021431
"ENSG00000271761.1",-0.00135559271894023,0.0220741454186128,0.951031986879234
