"phenotype","causal_b","causal_se","causal_p"
"chr10:11257872:11270666:clu_8755:ENSG00000048740.18",0.00813808482695516,0.00344580132280378,0.0181894223615007
"chr10:10846156:10919964:clu_8752:ENSG00000048740.18",0.00310336401201705,0.00266523123539116,0.244266695305914
"chr10:88285506:88309387:clu_9834:ENSG00000184719.11",0.0142998095127898,0.00380635307533201,0.0001720814585362
"chr10:17215364:17216167:clu_8882:ENSG00000229124.6",-0.00169399439004226,0.00309700751948851,0.58439397724391
"chr10:17708951:17714543:clu_8895:ENSG00000136738.14",0.0036635974160247,0.00283687949228986,0.196558750829754
"chr10:10919999:11165486:clu_8753:ENSG00000048740.18",-0.00784515968990875,0.00297685531547835,0.0084041911482905
"chr10:10798817:10846063:clu_8752:ENSG00000048740.18",-0.000316051202278877,0.00247047982786105,0.898203498899166
"chr10:11266677:11270666:clu_8755:ENSG00000048740.18",-0.00254350787425029,0.00301950074741089,0.399586248717473
"chr10:17696869:17700191:clu_8893:ENSG00000136738.14",-0.000471587840422705,0.00281119500265866,0.86677719453445
"chr10:17161548:17162166:clu_8881:ENSG00000107614.21",0.000359869339874072,0.0035020795574065,0.918154439602858
"chr10:17644379:17660464:clu_8891:ENSG00000136738.14",0.00232753864092162,0.0031220314625248,0.455957087384456
"chr10:17594383:17599290:clu_8890:ENSG00000165996.13",-0.00509548412226935,0.00334913155313234,0.128150849249537
"chr10:17700279:17704431:clu_8893:ENSG00000136738.14",0.00211044366838076,0.00299586162964332,0.481150718995121
"chr10:68936079:68936936:clu_9454:ENSG00000107625.12",0.00276594807992385,0.00307178643228081,0.367888098091676
"chr10:69415139:69415932:clu_9470:ENSG00000075073.14",-0.0109802969495605,0.00511177169548544,0.0317104711049974
"chr10:70095753:70100208:clu_9488:ENSG00000099284.13",0.00913381318973249,0.0030064075190873,0.00238062715552045
"chr10:70100297:70109033:clu_9488:ENSG00000099284.13",-0.00569419604998135,0.00293269136273506,0.0521821347951693
"chr10:68934918:68936006:clu_9454:ENSG00000107625.12",-0.00218987304920777,0.00303438330937819,0.470487329256953
"chr10:69494821:69495594:clu_9471:ENSG00000099282.9",-0.00212511386548835,0.00407083690694774,0.601646898865331
"chr10:68404844:68407186:clu_9428:ENSG00000204130.12",-0.00426513519396112,0.00400498203469367,0.286895214782929
"chr10:68401737:68404671:clu_9428:ENSG00000204130.12",-0.00129846041935162,0.00415294640336433,0.754538952285226
"chr10:69889440:69894552:clu_9478:ENSG00000197467.13",0.0080946175378725,0.00302787240177901,0.00750937969222498
"chr10:70301508:70323863:clu_9496:ENSG00000172731.13",0.00243783404143201,0.00284790362176019,0.39199223607854
"chr10:68907007:68910307:clu_9450:ENSG00000107625.12",0.005206311655577,0.00337829166928341,0.123290550852615
"chr10:69947342:69953948:clu_9485:ENSG00000197467.13",0.00564383844670163,0.00345855605535364,0.10271147018022
"chr10:69498396:69504438:clu_9473:ENSG00000099282.9",-0.00429258995093809,0.00273290028077914,0.116250352627421
"chr10:17599411:17603560:clu_8890:ENSG00000165996.13",-0.000811454819153306,0.00337046108589277,0.809745132681662
"chr10:1001013:1005818:clu_8636:ENSG00000107937.18",0.000555734030918385,0.00297531331676104,0.851831808447586
"chr10:1096246:1103599:clu_8643:ENSG00000047056.14",0.00545584163204226,0.00356640412691973,0.126069254828443
"chr10:1005907:1007018:clu_8636:ENSG00000107937.18",0.000256685838157353,0.00307441794401462,0.933461234334363
"chr10:98387307:98388354:clu_10063:ENSG00000119943.12",0.00674328674709055,0.00246021369811887,0.00612645566538417
"chr10:97459282:97459659:clu_10023:ENSG00000155229.20",0.00314770933675331,0.00395980534167264,0.426662849197177
"chr10:98388084:98390598:clu_10063:ENSG00000119943.12",-0.00753381475942876,0.00260842325576636,0.00387374703415189
"chr10:97865714:97880249:clu_10051:ENSG00000095713.13",0.00270799134454642,0.00391228501749969,0.488826559814629
"chr10:97715405:97715717:clu_10044:ENSG00000155254.12",-0.00417764409933074,0.00384809458551284,0.277638445846965
"chr10:97751462:97753038:clu_10048:ENSG00000155256.17",0.00180278827830835,0.00362752944427811,0.619207296765199
"chr10:97737325:97738477:clu_10046:ENSG00000155256.17",-0.00305020702652379,0.00309402653689514,0.324212917659255
"chr10:97452503:97454714:clu_10019:ENSG00000171307.18",-0.00288400128076078,0.00389051512195428,0.458517417068169
"chr10:99388301:99390306:clu_10093:ENSG00000119946.10",-0.00470271833380864,0.00531243929350602,0.376033843834374
"chr10:98429642:98429791:clu_10079:ENSG00000107521.18",-0.00618482956968557,0.00394559425788542,0.116991321150121
"chr10:98387307:98390598:clu_10063:ENSG00000119943.12",-0.00919126677900998,0.00274067350667895,0.000797524293428165
"chr10:97452923:97453530:clu_10020:ENSG00000171307.18",0.00723345944310083,0.0043004697127384,0.0925657112757251
"chr10:97452923:97455602:clu_10020:ENSG00000171307.18",-0.00529304970816656,0.00433508945264044,0.222094274650051
"chr10:97715985:97716212:clu_10045:ENSG00000155254.12",0.0024622267052616,0.00377157622199229,0.513860991554077
"chr10:97381826:97385166:clu_10011:ENSG00000052749.13",-0.00461870734746864,0.00364886506100234,0.205587251420921
"chr10:97452503:97453618:clu_10019:ENSG00000171307.18",-0.000772102089000305,0.0033086997497163,0.815485645702507
"chr10:119141319:119146236:clu_10480:ENSG00000183605.16",-0.00223059451347165,0.00352179470826424,0.526492903985068
"chr10:119142373:119146236:clu_10480:ENSG00000183605.16",0.00378060068647485,0.00352398321010888,0.283351755715669
"chr10:119147860:119155062:clu_10481:ENSG00000183605.16",-0.00258633107672359,0.00307096202911915,0.399682054026148
"chr10:3101554:3103779:clu_8653:ENSG00000067057.16",-0.00537495106917923,0.00375904087453125,0.15275347125705
"chr10:3148291:3149621:clu_8662:ENSG00000107959.15",0.00151243408802195,0.00262572566098452,0.564611035220625
"chr10:3147737:3148171:clu_8662:ENSG00000107959.15",0.00331014213038304,0.00311174261378365,0.287438192130055
"chr10:18518968:18527588:clu_8899:ENSG00000165995.18",-0.00945004687554411,0.00290300624349567,0.00113287670752915
"chr10:131935006:131940031:clu_10682:ENSG00000175470.18",0.000274169801290947,0.00290451788455615,0.924795979427902
"chr10:132202116:132202646:clu_10699:ENSG00000151640.12",0.00114883185175825,0.00254915224511005,0.652225877645714
"chr10:132333734:132337565:clu_10704:ENSG00000148814.17",0.00070053288044861,0.0025747851675384,0.785564887533057
"chr10:132348356:132348963:clu_10707:ENSG00000148814.17",0.010389135693208,0.00257684160598065,5.5367218292024e-05
"chr10:132209101:132222641:clu_10700:ENSG00000165752.16",-0.00273213331466333,0.00306881208661744,0.37331008395933
"chr10:132351753:132355790:clu_10708:ENSG00000148814.17",-0.00641754590115872,0.00220811806350011,0.00365681719639432
"chr10:132348356:132351607:clu_10707:ENSG00000148814.17",-0.00582770497775541,0.00286168178176912,0.0417040281645663
"chr10:132209101:132209295:clu_10700:ENSG00000165752.16",-0.00269210145171951,0.00281847175468742,0.339495001828213
"chr10:132351753:132353038:clu_10708:ENSG00000148814.17",0.00356229461233967,0.00265557718959061,0.179777986510136
"chr10:132202825:132203762:clu_10699:ENSG00000151640.12",-0.000489464960685439,0.002661643763777,0.854095243525451
"chr10:132337695:132342213:clu_10705:ENSG00000148814.17",-0.00572780006489035,0.00291592208045977,0.0494931525798651
"chr10:132342271:132344498:clu_10705:ENSG00000148814.17",0.00602096513086416,0.00293905214480859,0.0405004819023747
"chr10:132366677:132366846:clu_10711:ENSG00000148814.17",0.00240302494646043,0.0022770568966246,0.29127874363631
"chr10:18513660:18527251:clu_8900:ENSG00000240291.1",0.00102357144205385,0.00315660619817193,0.745738726294546
"chr10:18551971:18581681:clu_8904:ENSG00000241058.3",0.00463965644760306,0.00292572283887201,0.112781182423194
"chr10:18513660:18542069:clu_8900:ENSG00000225527.1",-0.00479261585769602,0.00338088793351635,0.156318888713474
"chr10:18513660:18527251:clu_8900:ENSG00000225527.1",0.00102357144205385,0.00315660619817193,0.745738726294546
"chr10:18513660:18542069:clu_8900:ENSG00000240291.1",-0.00458449373552786,0.00340812836033088,0.178572074631592
"chr10:18514369:18518336:clu_8898:ENSG00000165995.18",0.00505937964490533,0.00308731492539998,0.10126248086451
"chr10:110132400:110133326:clu_10364:ENSG00000148700.14",0.00274394826463022,0.00763873045594937,0.719434089254465
"chr10:110872018:110881233:clu_10375:ENSG00000150593.17",0.0029521834860983,0.0043013623152651,0.492500713067948
"chr10:110116410:110117342:clu_10363:ENSG00000148700.14",0.0105814589570853,0.00391587445750756,0.00688832139712725
"chr10:110835691:110835868:clu_10372:ENSG00000203867.7",0.00627099128052316,0.00337036071793397,0.062796570309517
"chr10:76974573:77011967:clu_9696:ENSG00000156113.22",0.00935964555573399,0.00387140023238766,0.0156215954641301
"chr10:77811234:77811924:clu_9707:ENSG00000151208.16",0.00511006254710808,0.00374254097134083,0.17212760690521
"chr10:128049666:128056123:clu_10659:ENSG00000132334.16",-0.00469723062162787,0.00241519040138122,0.0517906631291113
"chr10:128056213:128060939:clu_10659:ENSG00000132334.16",0.00651295159481499,0.00256369049859866,0.0110706950063745
"chr10:11755608:11763224:clu_8760:ENSG00000134463.14",-0.00352798039888606,0.00317815536388399,0.266968121356781
"chr10:12094271:12097684:clu_8772:ENSG00000181192.11",-0.0029183816600588,0.00264496145573442,0.26986478957599
"chr10:12106396:12107909:clu_8774:ENSG00000181192.11",0.000410093454609,0.00312191803423095,0.895490960121625
"chr10:29531288:29532529:clu_9044:ENSG00000197321.14",-0.00751768615855719,0.00336817685903773,0.0256166228684809
"chr10:29686651:29735751:clu_9050:ENSG00000197321.14",0.00373525830178575,0.00370403556020606,0.313248372012043
"chr10:24629862:24629996:clu_8966:ENSG00000107863.17",0.00760459213200199,0.00489431739368304,0.120241795140765
"chr10:14935564:14936538:clu_8842:ENSG00000152457.17",-0.00067076518769513,0.00263394273101203,0.798984149582074
"chr10:13526221:13528473:clu_8806:ENSG00000165626.16",-2.30699962318355e-05,0.00268825157099833,0.993152810520768
"chr10:13345028:13348000:clu_8800:ENSG00000086475.14",0.000312232235031995,0.00291827532485212,0.914795293376405
"chr10:13109288:13110180:clu_8791:ENSG00000123240.16",0.00496229442723508,0.00224905535609859,0.0273566679004648
"chr10:14936593:14939810:clu_8842:ENSG00000152457.17",-0.00145526661814886,0.00273816045125063,0.595088954518397
"chr10:13587152:13591768:clu_8807:ENSG00000165630.13",-0.00207550054574232,0.0025843815946294,0.421920585783726
"chr10:13587152:13597458:clu_8807:ENSG00000165630.13",0.000974324628788537,0.00253820486620018,0.701079496304131
"chr10:13288541:13291825:clu_8796:ENSG00000107537.13",0.00452138524172275,0.00244635079953729,0.0645710690519117
"chr10:14820158:14825479:clu_8829:ENSG00000185267.9",0.001457216655639,0.00260790747622419,0.576319694969366
"chr10:15221060:15248639:clu_8855:ENSG00000148468.16",0.00190960806324857,0.00381382277595778,0.616577289258798
"chr10:124046724:124093469:clu_10587:ENSG00000182022.17",0.00342346683832081,0.00321669019075351,0.287200776966858
"chr10:122492204:122506691:clu_10563:ENSG00000166033.11",0.00258963388197885,0.00408571095695381,0.526193736404833
"chr10:122489626:122506691:clu_10563:ENSG00000166033.11",-0.00187619500691907,0.00398133352075991,0.637463725908848
"chr10:122994723:122995994:clu_10573:ENSG00000095574.11",0.00178788410688226,0.00325854494424631,0.583228092977348
"chr10:70376596:70382549:clu_9496:ENSG00000172731.13",0.00142365635009291,0.00312245243884652,0.648431884390522
"chr10:69895576:69902748:clu_9477:ENSG00000197467.13",-0.00278361264224917,0.00352216140916154,0.429344550232427
"chr10:69954025:69957004:clu_9485:ENSG00000197467.13",0.00127423718786164,0.0035720555300439,0.721298593665018
"chr10:70161931:70170476:clu_9494:ENSG00000079332.14",-0.00960989836202113,0.00226599337997015,2.22604722219799e-05
"chr10:71296742:71297909:clu_9520:ENSG00000107731.12",0.00714329311879356,0.00309169520334535,0.0208617164428131
"chr10:71705130:71706897:clu_9528:ENSG00000107736.19",-0.00276429767038905,0.0031135104478678,0.374627072877663
"chr10:69994854:70007457:clu_9486:ENSG00000224222.1",0.0030884402623276,0.00266092187973306,0.245777951303593
"chr10:69937715:69940988:clu_9484:ENSG00000197467.13",-0.00545753154089449,0.00249408305289625,0.0286556500453193
"chr10:13319356:13322835:clu_8798:ENSG00000086475.14",0.00268567728030601,0.00249388935261264,0.281523539151455
"chr10:13323047:13328351:clu_8798:ENSG00000086475.14",0.00124078504242595,0.00264474368815474,0.63896146488439
"chr10:29532172:29535989:clu_9044:ENSG00000197321.14",0.00677506368828961,0.00310962933078628,0.0293512303487545
"chr10:29686651:29736685:clu_9050:ENSG00000197321.14",-0.00685449817214159,0.00369165758987085,0.0633462312899167
"chr10:30984426:31031833:clu_9066:ENSG00000183621.15",-0.000506438002081347,0.0042006122615887,0.904037254799078
"chr10:31308152:31309893:clu_9067:ENSG00000237036.4",-0.00347913300428463,0.00374361943408394,0.35270769172447
"chr10:18140856:18150883:clu_8896:ENSG00000165995.18",0.000617314244489082,0.00332507778013745,0.852716043774545
"chr10:59324106:59352270:clu_9345:ENSG00000148541.12",0.0014386422771486,0.00320630556989711,0.653654167350647
"chr10:49483516:49493117:clu_9290:ENSG00000225830.12",-0.00196685496434911,0.00330087100476048,0.551269168347349
"chr10:49908541:49915917:clu_9298:ENSG00000227345.8",-0.00153164479806579,0.00460522882008464,0.739445146198602
"chr10:49493252:49500538:clu_9290:ENSG00000225830.12",0.0049736882735474,0.00294540233756216,0.0912907794317899
"chr10:50084165:50085497:clu_9311:ENSG00000099290.15",0.00926378104211423,0.00576299016564303,0.107953312000617
"chr10:50097802:50099978:clu_9313:ENSG00000099290.15",0.00529513211788431,0.00288047168247996,0.0660202039148883
"chr10:49161622:49165766:clu_9287:ENSG00000204161.13",0.0101944375700019,0.0037937881013702,0.00720668644891109
"chr10:50097802:50104042:clu_9313:ENSG00000099290.15",-0.00634438854878883,0.00295694007221823,0.031905501453416
"chr10:49885295:49915917:clu_9298:ENSG00000227345.8",0.00181402235234255,0.00362758219680993,0.617030190697606
"chr10:18609926:18614460:clu_8906:ENSG00000241058.3",-0.00562699318374187,0.00345866073432485,0.103752317147045
"chr10:18586093:18596208:clu_8905:ENSG00000241058.3",-0.00280523447478011,0.0018895434372259,0.137647250150587
"chr10:18588672:18596208:clu_8905:ENSG00000241058.3",0.00221637801427088,0.00237981266860395,0.351685695244187
"chr10:49973142:49981189:clu_9304:ENSG00000204149.10",-0.0107336426251823,0.00461385308795863,0.0199975127204014
"chr10:50118058:50119587:clu_9315:ENSG00000099290.15",-0.0101600015448287,0.00465205834754563,0.0289637310742976
"chr10:50113997:50117906:clu_9315:ENSG00000099290.15",0.00696796129123945,0.00412034184280061,0.0908153323301879
"chr10:49973142:49981189:clu_9304:ENSG00000178440.5",-0.00943853727302187,0.00458589651196289,0.0395741804080633
"chr10:50110270:50113895:clu_9314:ENSG00000099290.15",0.00250083010870073,0.00370271876642499,0.499419289025743
"chr10:80507374:80509301:clu_9764:ENSG00000108219.14",-0.00303825469459615,0.00396416200098471,0.443420186125769
"chr10:80454371:80489217:clu_9763:ENSG00000108219.14",-0.000691503085206434,0.00344499964494319,0.840912354796156
"chr10:80454371:80468547:clu_9763:ENSG00000108219.14",0.000208589577460967,0.00364493591334316,0.954364189128888
"chr10:50519921:50590153:clu_9319:ENSG00000198964.13",0.00130268567580102,0.00476042485770183,0.784354346096958
"chr10:49970458:49973012:clu_9303:ENSG00000204152.10",-0.00553979540195152,0.00550319236787061,0.314102403272454
"chr10:49958480:49973012:clu_9303:ENSG00000204152.10",0.00077218463861435,0.00490021326913481,0.874786311889241
"chr10:50068227:50069547:clu_9309:ENSG00000099290.15",-0.00345222855567293,0.00647689045435353,0.594028670011289
"chr10:71796079:71797104:clu_9533:ENSG00000107736.19",-0.00325995468022584,0.00342911137682562,0.341771719306803
"chr10:18648645:18651129:clu_8908:ENSG00000241058.3",0.000339119578242317,0.00345501228262912,0.921810858442277
"chr10:18539299:18542069:clu_8900:ENSG00000240291.1",-0.00436172683144212,0.0038569769336872,0.258111195021607
"chr10:18539299:18542069:clu_8900:ENSG00000225527.1",-0.00525203991775584,0.00381179912275574,0.168253453472611
"chr10:47957901:47985856:clu_9266:ENSG00000276850.4",0.00249368881004423,0.00442934499651096,0.57343986848617
"chr10:46791041:46794727:clu_9248:ENSG00000204177.10",-0.00484251561328674,0.00439089521492547,0.270090646240287
"chr10:129840334:129840844:clu_10673:ENSG00000108001.13",0.000492806944280029,0.00290564636447359,0.865322199606491
"chr10:91483076:91484507:clu_9867:ENSG00000165338.16",0.00305603226826869,0.00510183361224717,0.549168449074186
"chr10:109907815:109915011:clu_10359:ENSG00000108039.17",-0.00403953694133635,0.00403249684609437,0.316466360925993
"chr10:80053586:80055916:clu_9752:ENSG00000230091.6",-0.00256578134730238,0.00267624077948715,0.337696847686728
"chr10:80512269:80514019:clu_9765:ENSG00000108219.14",0.0165733423479972,0.00358775137154163,3.84808057829478e-06
"chr10:80468687:80489217:clu_9763:ENSG00000108219.14",0.00282823142785011,0.00333098615030262,0.395843842967578
"chr10:80082204:80086231:clu_9756:ENSG00000133678.13",0.000856896216094916,0.00319670027557836,0.788655845964858
"chr10:91989580:91992119:clu_9884:ENSG00000095564.13",-0.00845048750914773,0.00466024135654196,0.0697831864457202
"chr10:91984404:91989154:clu_9884:ENSG00000095564.13",0.00634158634795742,0.00441199711287419,0.150618420417971
"chr10:91962678:91964077:clu_9883:ENSG00000095564.13",-0.00497645583310514,0.00444329532482841,0.262717112161131
"chr10:91962678:91964188:clu_9883:ENSG00000095564.13",0.00330389790302385,0.00461216047654861,0.473778372823905
"chr10:90912976:90915543:clu_9861:ENSG00000148677.6",-0.00339584158018875,0.00547978237737579,0.535452859353758
"chr10:95839808:95844476:clu_9976:ENSG00000138185.18",0.0053016682540826,0.00385332795929815,0.168862695112725
"chr10:95633649:95637093:clu_9968:ENSG00000059573.8",-0.00341803777146105,0.00383210373028047,0.372420733159779
"chr10:95664300:95680472:clu_9971:ENSG00000119977.20",-0.00240424372826836,0.00358762049264118,0.502762199594108
"chr10:95351376:95354882:clu_9954:ENSG00000095637.21",-0.00164434310877148,0.00323115167621955,0.610820146047323
"chr10:95399189:95410633:clu_9959:ENSG00000095637.21",0.00124606907361711,0.00679516506700144,0.854503134604267
"chr10:95346452:95351209:clu_9954:ENSG00000095637.21",0.00460750767317351,0.00345375496366393,0.182185016582618
"chr10:95653405:95656597:clu_9970:ENSG00000059573.8",-0.00106537207561172,0.00391963265618351,0.785772682115003
"chr10:95680609:95683101:clu_9971:ENSG00000119977.20",0.00682060390175052,0.00397450792232477,0.0861460039724917
"chr10:27173259:27181480:clu_9005:ENSG00000120539.14",-0.00381314962324872,0.00463905500969263,0.411095740762872
"chr10:27079161:27080032:clu_8997:ENSG00000107890.16",-0.00418032760037167,0.00336956629381771,0.214748763451766
"chr10:26751783:26765218:clu_8982:ENSG00000136754.16",0.0101043698112814,0.00401946689727,0.0119418438919253
"chr10:24937367:24942330:clu_8971:ENSG00000099256.18",0.00319300909616094,0.00327278036447256,0.329249914002401
"chr10:24722279:24723562:clu_8967:ENSG00000107863.17",0.00276281532991083,0.00360506784826129,0.443456263287009
"chr10:97750470:97751391:clu_10047:ENSG00000155256.17",-0.00570015564237959,0.00392144088021566,0.146060832106981
"chr10:97450536:97451671:clu_10018:ENSG00000171307.18",-0.00177887139580913,0.00371483505709209,0.632041009603808
"chr10:97750470:97751376:clu_10047:ENSG00000155256.17",0.00477237923712029,0.00400570690803404,0.233498549447405
"chr10:97388624:97390423:clu_10012:ENSG00000052749.13",-0.000465791297665024,0.00462062061043587,0.919703601956577
"chr10:49524777:49528417:clu_9291:ENSG00000225830.12",0.00124798507479636,0.00391554985353065,0.749934774933054
"chr10:44992002:44993269:clu_9191:ENSG00000165512.4",-0.00458618035585165,0.00491537875336847,0.350806105325309
"chr10:44992002:44993269:clu_9191:ENSG00000107551.20",-0.00419791952233874,0.00474028318408237,0.375841670696649
"chr10:44978055:44978618:clu_9187:ENSG00000165507.8",-0.0285399915903575,0.0055526829758592,2.74948919187779e-07
"chr10:65585802:65615636:clu_9402:ENSG00000228065.10",0.000556549089137207,0.00225331936488987,0.80491536587431
"chr10:27079161:27082803:clu_8997:ENSG00000107890.16",0.00346205198657674,0.00307736249123496,0.260586392651729
"chr10:26751783:26755655:clu_8982:ENSG00000136754.16",-0.00238741910211819,0.0042351058242548,0.572943860697087
"chr10:27126786:27131859:clu_8999:ENSG00000136758.18",0.00024094370037021,0.00427129974529696,0.955015250150937
"chr10:27675415:27675521:clu_9011:ENSG00000150051.13",0.00872951155583824,0.00372252305933692,0.0190244067667156
"chr10:27675410:27675521:clu_9011:ENSG00000150051.13",-0.0041310094047563,0.00398115458155088,0.29943720094696
"chr10:32932600:32935492:clu_9096:ENSG00000150093.18",0.00270369612771549,0.00416455799149547,0.516199012324048
"chr10:60878058:60886112:clu_9369:ENSG00000072422.16",0.00930118886798344,0.00350061925150216,0.00788365359202603
"chr10:60198537:60200129:clu_9363:ENSG00000151150.21",-0.00211786446572352,0.00353556680371494,0.549161577306153
"chr10:18548237:18551813:clu_8903:ENSG00000241058.3",0.00395297942932392,0.00337349909886161,0.241287697245142
"chr10:18668677:18672622:clu_8910:ENSG00000165997.4",0.00229726551909812,0.00317382081927429,0.469178080474293
"chr10:18513660:18539194:clu_8900:ENSG00000240291.1",0.00247245094689613,0.00330517771605754,0.454427671333045
"chr10:18506547:18514236:clu_8898:ENSG00000165995.18",0.00367634334632638,0.00354127117886435,0.299203818644829
"chr10:18672705:18673984:clu_8910:ENSG00000165997.4",0.00199690848651861,0.00307772145803327,0.51645026525556
"chr10:18655175:18659193:clu_8909:ENSG00000241058.3",0.00517822403784884,0.00330081794576066,0.11670155034219
"chr10:18513660:18539194:clu_8900:ENSG00000225527.1",0.00247245094689613,0.00330517771605754,0.454427671333045
"chr10:17704518:17705588:clu_8894:ENSG00000136738.14",0.000588506931822904,0.00496226551775777,0.905595100751173
"chr10:119061328:119065399:clu_10474:ENSG00000107581.12",-0.0064815012788039,0.0038960429884401,0.0961901251567705
"chr10:119065570:119069446:clu_10474:ENSG00000107581.12",0.00428013166769061,0.00380877893970206,0.261117278518448
"chr10:119147860:119154053:clu_10481:ENSG00000183605.16",0.000866143827476381,0.00402707297304896,0.829704758438479
"chr10:119120452:119123469:clu_10484:ENSG00000119979.16",-0.0068791147170935,0.00280836217617553,0.0143050244873791
"chr10:118337408:118341727:clu_10470:ENSG00000165669.13",0.000979563870819282,0.00308263273585157,0.750660475065552
"chr10:119104197:119107948:clu_10477:ENSG00000119979.16",-0.00818642081751634,0.003769838487431,0.0298890601080842
"chr10:119104197:119104764:clu_10477:ENSG00000119979.16",0.00589876122186505,0.00382588085944303,0.123121051282135
"chr10:119117667:119120341:clu_10484:ENSG00000119979.16",0.00767858642265191,0.00329339353393425,0.0197263800157628
"chr10:119151361:119155062:clu_10481:ENSG00000183605.16",-0.00524666403166562,0.00315317600173456,0.0961264261470941
"chr10:6224213:6226192:clu_8721:ENSG00000215244.2",0.00147318448952816,0.00228842467802037,0.519734414623271
"chr10:5925492:5927435:clu_8704:ENSG00000134452.19",-0.00733342912656102,0.00497783484011882,0.140692629123003
"chr10:5890346:5906037:clu_8702:ENSG00000134452.19",0.00438057624006839,0.00301291222967008,0.145964539950081
"chr10:5878287:5880298:clu_8698:ENSG00000134461.15",0.00113376399031493,0.00250306588189768,0.650584659774299
"chr10:6224213:6226192:clu_8721:ENSG00000170525.19",0.00104598181218939,0.00227094685899622,0.645090765644325
"chr10:6112361:6113508:clu_8717:ENSG00000134453.15",-0.00407514573915305,0.0039334942824496,0.300196726803045
"chr10:5862691:5878097:clu_8698:ENSG00000134461.15",-0.00495237112297536,0.00220115711789573,0.0244556480815159
"chr10:6113068:6113508:clu_8717:ENSG00000134453.15",-0.000422304391145291,0.00447320637093799,0.924785429745349
"chr10:43644801:43646060:clu_9183:ENSG00000169740.13",-0.00105193063214636,0.0038892106188184,0.786795561520412
"chr10:44970264:44971773:clu_9186:ENSG00000107551.20",-0.00452644221448601,0.00579280937928325,0.434573263119619
"chr10:15102336:15103305:clu_8846:ENSG00000152464.14",0.00242552092380092,0.00321456892478196,0.450525019853186
"chr10:15097766:15103305:clu_8846:ENSG00000152464.14",-0.000358267123854544,0.00289349979736299,0.901459443594568
"chr10:15786648:15789247:clu_8868:ENSG00000148481.13",0.00341689923498422,0.00314883600073189,0.277863684532248
"chr10:15558202:15572211:clu_8859:ENSG00000077943.7",0.00353498542929178,0.00358072416875244,0.323531662565435
"chr10:13666325:13670406:clu_8815:ENSG00000151474.21",0.000542512319651983,0.00326323027103926,0.86796014335061
"chr10:13670528:13674911:clu_8815:ENSG00000151474.21",-0.000743581508060331,0.00338281454900119,0.82601797037218
"chr10:15782226:15786561:clu_8868:ENSG00000148481.13",-0.00269447635223484,0.00347026348640453,0.437484987389325
"chr10:17399202:17408063:clu_8887:ENSG00000204832.9",0.00176422820807812,0.00275465400133235,0.521877713582351
"chr10:93894160:93906252:clu_9930:ENSG00000176273.14",-0.00211916556934966,0.00465589262632575,0.64899576030852
"chr10:93323358:93325826:clu_9908:ENSG00000138119.16",-0.00830577001152441,0.00383330138465663,0.0302546336101994
"chr10:93675701:93676653:clu_9924:ENSG00000148690.11",-0.000546895943342458,0.00391613371313461,0.888934945417974
"chr10:93912799:93954009:clu_9931:ENSG00000176273.14",-0.000367151585109203,0.00327980784460067,0.910868588349404
"chr10:93906385:93907099:clu_9931:ENSG00000176273.14",0.00267661914998604,0.00420302114077098,0.524234157207852
"chr10:7285954:7367649:clu_8728:ENSG00000198879.11",-5.48620945964908e-05,0.0028936359062725,0.984873357500828
"chr10:8064138:8069473:clu_8750:ENSG00000107485.15",0.0096875796596486,0.00300780909543623,0.00127829152322623
"chr10:7569784:7571837:clu_8732:ENSG00000123243.14",-0.00435716863926564,0.00267970301334307,0.103951914735125
"chr10:110985765:111000415:clu_10378:ENSG00000108061.11",-0.003670560009377,0.00515280401331634,0.476252866598681
"chr10:59268691:59269899:clu_9343:ENSG00000148541.12",0.00575037119094513,0.00426993008647613,0.178072620802607
"chr10:80463127:80468547:clu_9763:ENSG00000108219.14",0.00916167302687786,0.00353098655379126,0.00946873827892225
"chr10:80489314:80504728:clu_9763:ENSG00000108219.14",0.00349001661163182,0.00409656801509541,0.394249229357144
"chr10:80176155:80180941:clu_9758:ENSG00000122359.17",-0.00955913215160233,0.00307508672348059,0.00187993075562021
"chr10:96197063:96200075:clu_9991:ENSG00000095585.16",0.00906939972207174,0.00390657540803995,0.0202559428240681
"chr10:95354967:95357631:clu_9955:ENSG00000095637.21",0.00449663632526888,0.00361011631176945,0.212923955115041
"chr10:95864861:95866177:clu_9979:ENSG00000138185.18",-0.00352210463283677,0.00351384527469567,0.316174331431037
"chr10:96133648:96155326:clu_9989:ENSG00000177853.14",-0.00123623780511923,0.00434576776271067,0.776050706234496
"chr10:96192092:96196908:clu_9991:ENSG00000095585.16",-0.00916084208551271,0.00353623078859601,0.0095818022773726
"chr10:95437555:95441126:clu_9963:ENSG00000095637.21",-0.00363472298671387,0.00435932472840811,0.404404293325515
"chr10:3143775:3144292:clu_8660:ENSG00000107959.15",0.00263591133693316,0.00282562011455695,0.350891643875543
"chr10:3099352:3099557:clu_8652:ENSG00000067057.16",0.00607854945551678,0.00311355416854289,0.0509042113360786
"chr10:21538912:21557621:clu_8927:ENSG00000078403.16",-0.0218528530901613,0.00366220487449115,2.41462816408244e-09
"chr10:17603744:17603930:clu_8890:ENSG00000165996.13",0.00344958369474032,0.0036486823764579,0.344438005444207
"chr10:29499263:29508342:clu_9043:ENSG00000197321.14",0.00904916901202081,0.00445452546852301,0.0422088377741116
"chr10:28596041:28608186:clu_9027:ENSG00000095787.21",0.00759502499501187,0.00264271182122157,0.00405371502939833
"chr10:28590832:28595733:clu_9027:ENSG00000095787.21",-0.00310668767073137,0.00284410066975333,0.274689440298799
"chr10:28589851:28590720:clu_9026:ENSG00000095787.21",-0.00234364784096241,0.00705548415223835,0.739757934228838
"chr10:5641961:5648970:clu_8690:ENSG00000196372.12",0.00130770731782734,0.00225409835896191,0.561815815042922
"chr10:4933330:4949763:clu_8680:ENSG00000187134.13",0.00977077283028719,0.00352274615259203,0.00554357306404774
"chr10:4967043:4968309:clu_8681:ENSG00000187134.13",0.000799551677089082,0.00269550569370748,0.766753586819963
"chr10:5735546:5739618:clu_8695:ENSG00000108021.19",0.00949472835070954,0.00287315434610084,0.00095099933914522
"chr10:5446858:5451830:clu_8687:ENSG00000173848.18",0.00418923027702607,0.00279783579928315,0.134312357825901
"chr10:6217191:6219569:clu_8719:ENSG00000170525.19",0.0149004645441139,0.00366152040914202,4.71192627049533e-05
"chr10:5429229:5451830:clu_8687:ENSG00000173848.18",-0.00589032282513795,0.00293260029238955,0.0445831226783204
"chr10:5960567:5977777:clu_8712:ENSG00000134470.20",0.00495861202830501,0.0029294793601005,0.0905202360701712
"chr10:97753182:97754727:clu_10049:ENSG00000155256.17",0.00511729907694013,0.00292605030159522,0.0803124601304235
"chr10:98407997:98410939:clu_10074:ENSG00000119943.12",0.00739002267293893,0.00279386096076892,0.00816684157123837
"chr10:97466156:97466504:clu_10028:ENSG00000155229.20",0.00297698189654674,0.00362029427971345,0.410903990463919
"chr10:97358619:97358943:clu_10006:ENSG00000052749.13",0.00137069098082427,0.00512009385100493,0.788923956673221
"chr10:98134706:98156093:clu_10053:ENSG00000166024.13",-0.00558538533870126,0.00276992189726639,0.0437538344145035
"chr10:98383910:98384947:clu_10062:ENSG00000119943.12",-0.0062965364066715,0.00424391840803172,0.137898866535631
"chr10:97438703:97441171:clu_10016:ENSG00000171311.12",-0.00199128174733865,0.0036679186128255,0.587204525627985
"chr10:98385067:98387201:clu_10062:ENSG00000119943.12",-0.00380751498917038,0.00374454318399269,0.309240515960944
"chr10:97737321:97738477:clu_10046:ENSG00000155256.17",-0.00135195898293892,0.00285295052866184,0.635584785511337
"chr10:95322021:95339133:clu_9953:ENSG00000095637.21",0.00570927300501378,0.00416353660125824,0.17029528199474
"chr10:96551411:96552928:clu_9996:ENSG00000077147.14",0.00144697283249685,0.00313180173107468,0.644062903091261
"chr10:95683180:95683522:clu_9972:ENSG00000119977.20",0.00822715067918311,0.00439449661909171,0.0611860483040227
"chr10:95322805:95339133:clu_9953:ENSG00000095637.21",-0.00761403645743832,0.00624650684579321,0.222871863876418
"chr10:95410777:95414830:clu_9960:ENSG00000095637.21",0.010814003684998,0.00996905363960231,0.278029163143626
"chr10:95683195:95683522:clu_9972:ENSG00000119977.20",-0.0082880877291384,0.00430247823207043,0.0540604313056671
"chr10:122413045:122415859:clu_10559:ENSG00000107679.14",-0.000986071847580743,0.00336996794986111,0.769823552633346
"chr10:122087959:122088478:clu_10547:ENSG00000138162.18",0.0102773691744025,0.00346761573695295,0.00303851570605651
"chr10:121538715:121551290:clu_10534:ENSG00000066468.22",-0.0103135932373762,0.00391574703285544,0.00844162407329518
"chr10:130091314:130101094:clu_10676:ENSG00000237489.3",0.00331322028665139,0.0033059339647768,0.316245069967639
"chr10:130064383:130079566:clu_10675:ENSG00000237489.3",0.00147693286017731,0.00215514020755571,0.493150159909095
"chr10:130079901:130110704:clu_10676:ENSG00000237489.3",-0.0119412946964083,0.00313974708058588,0.000142800625992701
"chr10:130079901:130091156:clu_10676:ENSG00000237489.3",0.00339214686960455,0.00272157513787985,0.212620868674421
"chr10:130101211:130104083:clu_10676:ENSG00000237489.3",0.00381284890676265,0.00293502028903917,0.193913816211803
"chr10:130068608:130079566:clu_10675:ENSG00000237489.3",-8.38861361804088e-05,0.00234420267772194,0.971454187101373
"chr10:130079901:130101094:clu_10676:ENSG00000237489.3",-0.00542819241902443,0.00289533614823612,0.0608194727739081
"chr10:17160374:17161483:clu_8881:ENSG00000107614.21",0.00307161423765806,0.00317779642430055,0.333750925391703
"chr10:115215880:115241571:clu_10441:ENSG00000107518.16",-0.00225616099712784,0.00357127977746554,0.527549335745015
"chr10:114448020:114451624:clu_10434:ENSG00000099204.18",-0.00496482573987014,0.00465932946425678,0.286619615513531
"chr10:114308517:114310354:clu_10430:ENSG00000169129.14",-0.000843714644626894,0.00433236793142385,0.845591198641335
"chr10:113697603:113721032:clu_10410:ENSG00000165806.19",0.00981929981609159,0.00354986710542885,0.00567305267285345
"chr10:17615964:17617083:clu_8890:ENSG00000165996.13",-0.00321966761338528,0.00441059330206179,0.465399261758644
"chr10:17216274:17229345:clu_8882:ENSG00000229124.6",-0.00192735830021627,0.00283647234790951,0.496826614410743
"chr10:18616293:18642476:clu_8908:ENSG00000241058.3",-0.002552629893258,0.00318400068024212,0.422723508754272
"chr10:18551971:18585949:clu_8904:ENSG00000241058.3",-0.00268838720274842,0.00292766574203917,0.358477603969037
"chr10:18642555:18643569:clu_8908:ENSG00000241058.3",0.00684797487448825,0.0040412963879473,0.0901703988421958
"chr10:17359600:17390531:clu_8886:ENSG00000148488.15",0.00165218723017814,0.00268171763365521,0.537833198860672
"chr10:32446397:32451592:clu_9082:ENSG00000216937.13",0.00402890116083403,0.00344558631997265,0.242285462672953
"chr10:32446631:32451592:clu_9082:ENSG00000216937.13",-0.00113959037928532,0.00361390085338596,0.752507113027088
"chr10:74103928:74105051:clu_9665:ENSG00000035403.17",0.0174426516993843,0.00707972474899207,0.0137493065665008
"chr10:73760849:73763490:clu_9625:ENSG00000176986.15",0.0058763602700802,0.00752831716038516,0.435056868745309
"chr10:73246799:73247010:clu_9581:ENSG00000213551.4",0.00333006845911922,0.00923183457267308,0.718311923020565
"chr10:73043957:73044981:clu_9558:ENSG00000122884.12",0.00395571502261166,0.00578707249917475,0.494263556519265
"chr10:73837511:73839539:clu_9659:ENSG00000148660.20",0.00384870262674998,0.00617258736431043,0.532945954945784
"chr10:73716176:73718015:clu_9619:ENSG00000242338.6",-0.00249951322904112,0.00804379735735975,0.755999832415398
"chr10:73521027:73523583:clu_9609:ENSG00000166348.18",-0.00200238386764755,0.00572790188132327,0.726650787151919
"chr10:73277361:73278179:clu_9586:ENSG00000156042.17",0.010361964370372,0.00602710743565433,0.0855730905281598
"chr10:73230525:73232939:clu_9577:ENSG00000138286.14",0.00666929127388835,0.00692291895430975,0.335364858455059
"chr10:72715902:72834359:clu_9554:ENSG00000156026.14",0.00994241634729734,0.00512174183418734,0.0522318665764727
"chr10:73210438:73216515:clu_9575:ENSG00000138286.14",-0.00616761653440158,0.00657080478251188,0.347915895079408
"chr10:73030370:73043887:clu_9558:ENSG00000122884.12",0.015508808626728,0.00571990794294081,0.00670050387918952
"chr10:73815247:73817023:clu_9655:ENSG00000148660.20",-0.00513659354045024,0.00710598369932332,0.469769172145719
"chr10:73246828:73247010:clu_9581:ENSG00000213551.4",-0.00456302879515769,0.0099169214607821,0.645426116338951
"chr10:73815247:73817015:clu_9655:ENSG00000148660.20",0.000729188210394302,0.00726266265671128,0.920024924671586
"chr10:73517747:73519797:clu_9609:ENSG00000166348.18",0.011382750963551,0.00798723873829687,0.154123337928012
"chr10:121928634:121951338:clu_10540:ENSG00000226864.2",0.0064740580702438,0.00269472058595674,0.0162835690059369
"chr10:121928634:121951338:clu_10540:ENSG00000273767.1",0.00500450098925493,0.0027124854851161,0.0650394012039388
"chr10:122855786:122879485:clu_10569:ENSG00000213185.6",-0.00943858436093201,0.00310502774994418,0.00236755295218083
"chr10:121517463:121519979:clu_10533:ENSG00000066468.22",-0.0192272992655599,0.00383515469467337,5.34667991103355e-07
"chr10:122113233:122132609:clu_10547:ENSG00000138162.18",-0.0199749852091409,0.00341977022271464,5.18786280601091e-09
"chr10:122143706:122195040:clu_10547:ENSG00000138162.18",0.00738261069564918,0.00265109051891382,0.00535698568277565
"chr10:122424959:122426942:clu_10560:ENSG00000107679.14",0.0145244144617638,0.00347721184697813,2.95341481468814e-05
"chr10:122088591:122132609:clu_10547:ENSG00000138162.18",0.00581874708018774,0.00333521298201866,0.0810474958520545
"chr10:122424959:122426942:clu_10560:ENSG00000254636.1",0.0108583732125327,0.00340807574556121,0.00144218919598105
"chr10:117241814:117243971:clu_10456:ENSG00000165646.11",0.00112106243485613,0.00359248938742285,0.75499699880618
"chr10:18542177:18545465:clu_8901:ENSG00000240291.1",0.00614729069321343,0.0039914350904346,0.123531002833742
"chr10:13652882:13654353:clu_8812:ENSG00000239665.8",-0.00746798601250133,0.00270235474850876,0.0057183233670941
"chr10:12108015:12112900:clu_8774:ENSG00000181192.11",-0.00413661893752799,0.00260490613959682,0.112283909583247
"chr10:13109288:13110274:clu_8791:ENSG00000123240.16",-0.00393987433147938,0.00270236217222574,0.144857854505333
"chr10:13645074:13646615:clu_8812:ENSG00000239665.8",-0.00342664027130456,0.00263075785398193,0.192735367643413
"chr10:13110476:13112453:clu_8791:ENSG00000123240.16",0.00150059490806132,0.00277455552564422,0.588616801913572
"chr10:72334617:72335603:clu_9547:ENSG00000148719.14",0.00692146546451288,0.00443916171800036,0.118953074365374
"chr10:72375872:72379464:clu_9549:ENSG00000107745.17",-0.0114171220191291,0.00381259785455704,0.00274824692745979
"chr10:73254055:73256369:clu_9585:ENSG00000156042.17",0.00734678677239737,0.0059067524136547,0.213575167283872
"chr10:73146361:73148276:clu_9567:ENSG00000122882.10",0.0161204918184192,0.00544704800090914,0.00308147283362192
"chr10:73030370:73044981:clu_9558:ENSG00000122884.12",-0.0133268378549194,0.00603243769329319,0.0271610037076723
"chr10:72477256:72508155:clu_9551:ENSG00000107745.17",-0.012509051153179,0.00465427096818562,0.00719567853281933
"chr10:72375872:72378432:clu_9549:ENSG00000107745.17",-0.0184816552454285,0.00466213297904463,7.36406600295725e-05
"chr10:73398385:73400803:clu_9597:ENSG00000138279.15",-0.0210384636076922,0.00736181987064928,0.00426615691518251
"chr10:72379583:72407929:clu_9549:ENSG00000107745.17",-0.00963747377880579,0.00482642811302238,0.0458455148135856
"chr10:72133181:72161538:clu_9541:ENSG00000138303.17",-0.00227146507715019,0.00398130003061907,0.568315901326418
"chr10:71822007:71823888:clu_9537:ENSG00000197746.13",-0.00323870646205466,0.00446109034820761,0.46784497238542
"chr10:73246176:73246688:clu_9580:ENSG00000213551.4",-0.00902500171457488,0.00964969840667326,0.349653000797575
"chr10:73139737:73146276:clu_9567:ENSG00000122882.10",-0.0172458114303395,0.00622571060982658,0.00560399007446566
"chr10:73400857:73414012:clu_9597:ENSG00000138279.15",0.010581090609579,0.00647240878328586,0.102091086709784
"chr10:72375872:72407929:clu_9549:ENSG00000107745.17",0.0089535393245382,0.00352335205728531,0.0110472968293056
"chr10:28533620:28533998:clu_9023:ENSG00000095787.21",0.0130861751360065,0.00320013301595067,4.32752033882045e-05
"chr10:27718596:27734456:clu_9012:ENSG00000150051.13",0.00112773609627861,0.00562095529404119,0.84098736478653
"chr10:27675554:27734456:clu_9012:ENSG00000150051.13",-0.00137537968042028,0.00441211870945409,0.755247463784818
"chr10:15141557:15168503:clu_8853:ENSG00000152465.17",0.00467885025172785,0.00376641325880155,0.214142047270473
"chr10:13675044:13693482:clu_8816:ENSG00000151474.21",0.00126550960896114,0.00258781550591189,0.624823141068022
"chr10:13646686:13647133:clu_8812:ENSG00000239665.8",-0.00213182580376012,0.00291935560396824,0.465244424207787
"chr10:12167893:12169258:clu_8780:ENSG00000065665.20",0.00627222761350701,0.00238703877565449,0.00859848487492376
"chr10:13109015:13109097:clu_8790:ENSG00000123240.16",-0.00179641330990713,0.00276574122587557,0.516000204724744
"chr10:13291912:13294428:clu_8796:ENSG00000107537.13",0.00314373130519585,0.00281233157332771,0.263636157732228
"chr10:12155931:12156907:clu_8778:ENSG00000065665.20",0.00449441144122997,0.00323037785757737,0.164135719181019
"chr10:72097450:72102334:clu_9541:ENSG00000138303.17",-0.00308118388784704,0.00427386191686793,0.470948464227631
"chr10:72097450:72102850:clu_9541:ENSG00000138303.17",-0.00295906440920552,0.00373769574834061,0.42854643815185
"chr10:118335426:118335554:clu_10468:ENSG00000165669.13",0.00284148806095142,0.00331261031264989,0.39101442444287
"chr10:118336423:118341727:clu_10470:ENSG00000165669.13",-0.00512295340568212,0.00316099704319321,0.105087050953457
"chr10:118341927:118342270:clu_10470:ENSG00000165669.13",-0.00469949262876585,0.00284498341655242,0.0985646476048596
"chr10:102451555:102455337:clu_10253:ENSG00000269609.5",-0.00727150226113679,0.00531249130546522,0.171075681831504
"chr10:103174982:103193236:clu_10293:ENSG00000076685.18",-0.0100449937649297,0.00341647433329532,0.00328038902309535
"chr10:102145090:102146672:clu_10216:ENSG00000148840.10",-0.00567646410132785,0.00458669740291716,0.215867051543384
"chr10:102396489:102396725:clu_10237:ENSG00000077150.18",-0.00213542080352418,0.00600426587651688,0.722102239377577
"chr10:103174982:103177518:clu_10293:ENSG00000076685.18",-0.0180784860525907,0.00440240756171945,4.01699698699964e-05
"chr10:103101326:103105706:clu_10291:ENSG00000076685.18",-0.00593367567161906,0.00460800609268351,0.197854477404255
"chr10:102401518:102401745:clu_10242:ENSG00000077150.18",0.0210848426655488,0.00463111995782818,5.29213920874572e-06
"chr10:102874661:102876954:clu_10280:ENSG00000214435.7",-9.41744747739461e-05,0.00628265564448476,0.988040480024029
"chr10:102397055:102397302:clu_10237:ENSG00000077150.18",0.0175623303323568,0.00614525780864547,0.00426498931805264
"chr10:102676941:102685816:clu_10270:ENSG00000138175.8",-0.0149650397575351,0.00468724385824092,0.00140941354830915
"chr10:102727157:102728431:clu_10274:ENSG00000156398.12",-0.00112450273641342,0.00298486349049204,0.706370502656624
"chr10:103392466:103394199:clu_10298:ENSG00000173915.14",0.0209567466724061,0.00193720203440861,0
"chr10:103392466:103396409:clu_10298:ENSG00000173915.14",-0.01525844050966,0.00217219382769858,2.14928075337184e-12
"chr10:102401518:102401621:clu_10242:ENSG00000077150.18",-0.0262906446043382,0.004509533652534,5.54227053140011e-09
"chr10:103394394:103396409:clu_10298:ENSG00000173915.14",0.0188302580930936,0.00199074517846363,0
"chr10:103398528:103399734:clu_10300:ENSG00000148843.13",0.00132331627729292,0.00424708056188203,0.755357782226914
"chr10:102363396:102365397:clu_10227:ENSG00000107862.4",0.0219515426468082,0.0048560820647271,6.17163347260696e-06
"chr10:102870211:102872448:clu_10279:ENSG00000214435.7",0.0102040346453855,0.00371505540439069,0.00602035074973839
"chr10:103450099:103452156:clu_10313:ENSG00000138172.10",-0.0152128849463045,0.00542254339552349,0.00502403220927639
"chr10:101990611:101991969:clu_10200:ENSG00000120029.12",-0.0209191843274955,0.00550017149377003,0.000142741221722642
"chr10:103174982:103181185:clu_10293:ENSG00000076685.18",-0.00547110602832801,0.00301367639066606,0.069458491261423
"chr10:102727791:102728431:clu_10274:ENSG00000156398.12",-0.00534823494851807,0.00375404066294204,0.154255246791757
"chr10:103174982:103181231:clu_10293:ENSG00000076685.18",0.00763003075251942,0.00418040047414494,0.0679721598527302
"chr10:77794117:77794845:clu_9703:ENSG00000151208.16",0.00611194262367338,0.00364446659881268,0.0935332460406423
"chr10:75403615:75407255:clu_9691:ENSG00000237149.5",0.00256858584963938,0.00395027380349526,0.515543777525496
"chr10:75214070:75217888:clu_9681:ENSG00000165637.13",0.0167110946550553,0.0053019405328492,0.00162221425476472
"chr10:12898679:12998338:clu_8788:ENSG00000151468.10",0.00662423397260653,0.00322423934282914,0.0399262965358675
"chr10:13648230:13648626:clu_8812:ENSG00000239665.8",0.00604968021169213,0.00229256616300936,0.00831939885267674
"chr10:13283839:13288360:clu_8796:ENSG00000107537.13",0.00130331035730669,0.00267563376101157,0.626185042477586
"chr10:13611683:13614015:clu_8810:ENSG00000165630.13",0.000571443103438928,0.00306294011909648,0.852000256696963
"chr10:3120044:3121847:clu_8657:ENSG00000067057.16",0.000459958642000266,0.00337478237806734,0.891589791577568
"chr10:3067707:3082388:clu_8651:ENSG00000067057.16",-0.00486269947498652,0.00377809801325948,0.198067781570918
"chr10:3099352:3101365:clu_8652:ENSG00000067057.16",-0.00438666137630286,0.00324597830390379,0.176562767501026
"chr10:3140812:3143389:clu_8659:ENSG00000107959.15",-0.00636870602023248,0.00333384937198811,0.0560925302922443
"chr10:3140765:3143389:clu_8659:ENSG00000107959.15",0.00692412796191109,0.00328411783444398,0.0349991961885557
"chr10:21557824:21586294:clu_8927:ENSG00000078403.16",0.00169424750832529,0.00420309637919754,0.686878273388159
"chr10:20809898:20812769:clu_8914:ENSG00000078114.18",0.00346391362094379,0.00483096935086818,0.473360226399966
"chr10:21534494:21534645:clu_8926:ENSG00000078403.16",-0.00203464021820628,0.00374492865431227,0.586919499529595
"chr10:21534520:21534645:clu_8926:ENSG00000078403.16",0.00378015945769597,0.00374159203168865,0.312347865321284
"chr10:127410924:127415152:clu_10654:ENSG00000150760.12",0.00491940166827996,0.00276370368570545,0.0750754213753697
"chr10:116835022:116835198:clu_10453:ENSG00000225302.2",-0.00268086179725018,0.00377228661804555,0.477286968775679
"chr10:67925187:67932597:clu_9407:ENSG00000148634.15",0.000913198366999608,0.00430862339256243,0.832148642610128
"chr10:67906287:67906790:clu_9406:ENSG00000096717.11",0.00054181189463026,0.00505008091205623,0.914560690552229
"chr10:239525:240059:clu_8620:ENSG00000015171.19",0.00807867085295605,0.00689391093349831,0.241254877181353
"chr10:472549:486459:clu_8625:ENSG00000151240.16",0.0081997488455154,0.00346050877906164,0.0178111349164793
"chr10:27060540:27061144:clu_8995:ENSG00000107890.16",-0.0142147717185331,0.0046934706761834,0.00245667845893194
"chr10:121503941:121515117:clu_10532:ENSG00000066468.22",0.00489718462400066,0.00267239550747748,0.066875855771351
"chr10:121503941:121515123:clu_10532:ENSG00000066468.22",-0.00349760043939371,0.00266745548096134,0.18978604754829
"chr10:122224787:122226366:clu_10551:ENSG00000138162.18",-0.00905087459437347,0.00249692407659991,0.000289174312341767
"chr10:122224787:122226369:clu_10551:ENSG00000138162.18",0.0055940571153865,0.00253077963591118,0.0270768162951767
"chr10:122307308:122329480:clu_10555:ENSG00000138152.8",-0.00230121425577499,0.00320403378160987,0.472619124942477
"chr10:28611481:28611774:clu_9029:ENSG00000095787.21",0.00262749704640052,0.00419659488387222,0.531247947274928
"chr10:28610821:28611774:clu_9029:ENSG00000095787.21",-0.0167434292724248,0.00595783148055157,0.00494918435521818
"chr10:27818084:27820020:clu_9015:ENSG00000169126.15",-0.00625948995723625,0.00326451053483448,0.0551825669003378
"chr10:3148063:3148168:clu_8662:ENSG00000107959.15",0.000636639366300317,0.00316859391919613,0.840759777484963
"chr10:21614924:21617112:clu_8928:ENSG00000078403.16",0.0139970242549411,0.00410269594103128,0.000645674047293432
"chr10:67932780:67936153:clu_9408:ENSG00000148634.15",0.000319625933631575,0.00358474954425597,0.928952611586027
"chr10:67823392:67837934:clu_9404:ENSG00000108176.14",-0.00813287409355771,0.00364170322006622,0.0255317320013168
"chr10:68737048:68740629:clu_9443:ENSG00000060339.13",0.00412675291628821,0.00320887651163055,0.198428083390338
"chr10:67811663:67823314:clu_9404:ENSG00000108176.14",0.0118627845539324,0.0034690374658375,0.000627090224643023
"chr10:15607831:15608235:clu_8864:ENSG00000077943.7",-0.00172226052326239,0.00407071467270467,0.672232850623413
"chr10:14825620:14828145:clu_8829:ENSG00000185267.9",-0.00199175166790439,0.00270268192923113,0.461150456448602
"chr10:1043393:1043999:clu_8640:ENSG00000067064.10",0.00819565289428289,0.0039739450114011,0.0391747275786806
"chr10:67990400:67990904:clu_9412:ENSG00000148634.15",0.0166269723164081,0.00520592581115631,0.00140386598632036
"chr10:68332197:68337199:clu_9420:ENSG00000096746.17",0.020601850921837,0.00485806153999176,2.22768750971492e-05
"chr10:67966802:67988663:clu_9412:ENSG00000148634.15",-0.0135954674538081,0.00465542636984368,0.00349640141680041
"chr10:78037441:78040204:clu_9728:ENSG00000138326.18",0.0266755098843018,0.00939272385180661,0.00451109118728932
"chr10:78037304:78037439:clu_9728:ENSG00000138326.18",0.0219498370180968,0.0088194940450537,0.0128179942739846
"chr10:79065819:79067388:clu_9732:ENSG00000224596.7",0.00467416833990239,0.00281777872433812,0.0971534541177094
"chr10:132749845:132765773:clu_10715:ENSG00000068383.18",0.00115529822074802,0.0032295624154403,0.720548425670319
"chr10:131940694:131943968:clu_10683:ENSG00000175470.18",0.00804178224488099,0.00282257762421965,0.00438442530640015
"chr10:132330485:132331436:clu_10702:ENSG00000165752.16",-0.00981121990264381,0.00289667718216196,0.000706458926142961
"chr10:132726905:132749517:clu_10715:ENSG00000068383.18",-0.00363365605713279,0.00317822477348048,0.252915142374166
"chr10:131940694:131944095:clu_10683:ENSG00000175470.18",-0.00763878194160371,0.00246828048087364,0.00196959771028227
"chr10:132337695:132344498:clu_10705:ENSG00000148814.17",-0.00427366098715996,0.00427565371182817,0.31753610770221
"chr10:132365550:132366435:clu_10711:ENSG00000148814.17",0.00381254460015251,0.003248308515175,0.240514606345734
"chr10:60042759:60055658:clu_9356:ENSG00000151150.21",-0.00843436353537744,0.0042725429990378,0.0483720656362875
"chr10:60146021:60166591:clu_9361:ENSG00000151150.21",0.00215074294292973,0.00371104908286785,0.56221731104488
"chr10:60042756:60055658:clu_9356:ENSG00000151150.21",-0.000788521072691741,0.00399075060621942,0.843368082733921
"chr10:61436248:61452891:clu_9376:ENSG00000196932.11",0.00251762574838662,0.00334410691554997,0.451537386870521
"chr10:45841687:45844326:clu_9221:ENSG00000188234.13",-0.0127323319137507,0.00434922832896703,0.00341707655955614
"chr10:45684520:45692059:clu_9207:ENSG00000230869.1",-0.0517190259251163,0.00370607471510527,0
"chr10:45765810:45773256:clu_9217:ENSG00000172661.17",-0.0110904685604534,0.00549042540611072,0.0433869915683697
"chr10:45975512:45982523:clu_9227:ENSG00000265354.3",0.0542516510257596,0.00479741498686486,0
"chr10:46011206:46012883:clu_9230:ENSG00000266412.5",-0.0224131436808812,0.00712479161218455,0.0016563527640816
"chr10:45972730:45982523:clu_9227:ENSG00000265354.3",0.0137505747048584,0.00492525490222272,0.00524075853138095
"chr10:46009551:46010223:clu_9230:ENSG00000266412.5",0.0183257185138193,0.0072684199314198,0.0116928917837722
"chr10:45533289:45553112:clu_9202:ENSG00000165406.15",0.0243972701469906,0.00501605297370487,1.15131030231641e-06
"chr10:45553204:45594235:clu_9202:ENSG00000165406.15",-0.0174377730620651,0.00397965894216241,1.17743095631173e-05
"chr10:45464327:45489367:clu_9201:ENSG00000165406.15",0.0321553112845651,0.0044570745815689,5.41566791412151e-13
"chr10:21879883:21882282:clu_8940:ENSG00000136770.10",-0.013661239447535,0.00614695820476349,0.0262536543303027
"chr10:75210938:75211134:clu_9680:ENSG00000165637.13",-0.0109836848425706,0.00557558244724049,0.0488427403319264
"chr10:73383690:73388312:clu_9595:ENSG00000138279.15",-0.000660838457410556,0.00671544650759999,0.921610119970756
"chr10:73246176:73246439:clu_9580:ENSG00000213551.4",0.00320564286863933,0.00794371252258901,0.686547578144919
"chr10:73130459:73134603:clu_9562:ENSG00000122882.10",-0.0102673237776118,0.00663927375920017,0.121995240628279
"chr10:73388414:73396519:clu_9596:ENSG00000138279.15",-0.00115162109009042,0.00633197425227796,0.855681658131924
"chr10:72508269:72533746:clu_9552:ENSG00000107745.17",-5.98842464943106e-05,0.00425023054559077,0.98875846042753
"chr10:73728587:73730439:clu_9621:ENSG00000242338.6",0.0104689966943592,0.00482139443677923,0.029903755924448
"chr10:73791176:73791859:clu_9635:ENSG00000214655.10",-0.00630903758744813,0.00989292573333625,0.523648001554697
"chr10:73379023:73379879:clu_9594:ENSG00000138279.15",0.00790505137585975,0.00634170718388863,0.212574330228737
"chr10:73130459:73134603:clu_9562:ENSG00000122884.12",-0.00814336189205388,0.00650167816404377,0.210387168690876
"chr10:73824084:73825321:clu_9658:ENSG00000148660.20",0.00484773563750559,0.00634839380005509,0.445096059270676
"chr10:73446573:73454412:clu_9600:ENSG00000107758.15",-0.00807781969429423,0.0060470567596336,0.181605933612969
"chr10:73504272:73505278:clu_9608:ENSG00000221817.9",-0.000265982303574006,0.00553134779262163,0.961647427964132
"chr10:73379018:73379879:clu_9594:ENSG00000138279.15",-0.0118210961200881,0.00697475343589645,0.0901056409140907
"chr10:73728587:73730459:clu_9621:ENSG00000242338.6",0.00131753779545111,0.0045802080826397,0.773607824279045
"chr10:73252023:73252718:clu_9584:ENSG00000182180.13",-0.0004088245846517,0.006342050771176,0.94860194846958
"chr10:73275598:73278179:clu_9586:ENSG00000156042.17",0.00659718184716552,0.00539054452458192,0.221011343055316
"chr10:73250991:73251763:clu_9583:ENSG00000182180.13",-0.00675973075960714,0.00420310580391621,0.107775964910372
"chr10:73249318:73251763:clu_9583:ENSG00000182180.13",0.00695609744908183,0.00424867903756224,0.101580814868392
"chr10:73396109:73396519:clu_9596:ENSG00000138279.15",0.00632051802418339,0.00633844263114246,0.318680990502425
"chr10:74670269:74708321:clu_9673:ENSG00000156110.13",-0.0146632912796553,0.00538235054514348,0.00644323733962193
"chr10:73254055:73269614:clu_9585:ENSG00000156042.17",0.00597905608878275,0.00778109307623543,0.442244682468461
"chr10:73446576:73454412:clu_9600:ENSG00000107758.15",0.00611350200036844,0.00610145111082664,0.316355625889944
"chr10:73694804:73697095:clu_9617:ENSG00000172650.13",0.00315012763891226,0.00610076082755646,0.605610005100257
"chr10:45459267:45459740:clu_9199:ENSG00000165406.15",0.0190370649714108,0.0046094346291113,3.62729019814934e-05
"chr10:45763844:45765679:clu_9216:ENSG00000172661.17",0.000319735831572071,0.00399155829599681,0.936155329312714
"chr10:45412313:45424041:clu_9194:ENSG00000012779.10",-0.01527564046968,0.00620913312389441,0.0138863899784014
"chr10:45425132:45428618:clu_9196:ENSG00000012779.10",0.0167863970412398,0.0042865274730594,8.99993029002122e-05
"chr10:44982663:44983941:clu_9188:ENSG00000107551.20",0.00679387502307955,0.00334942948404352,0.0425227205916151
"chr10:21669052:21670449:clu_8929:ENSG00000078403.16",0.0106460203667864,0.00402511923791338,0.00817161124265908
"chr10:34331344:34337275:clu_9108:ENSG00000148498.15",0.0116338599754287,0.00624824217416881,0.0626113688381821
"chr10:35016394:35025132:clu_9118:ENSG00000108094.14",0.00300705349979791,0.00552314532466821,0.5861347081052
"chr10:35016394:35018466:clu_9118:ENSG00000108094.14",-0.00384800169216742,0.00549982296747717,0.484140167268005
"chr10:35316409:35320856:clu_9126:ENSG00000271335.5",-0.000387065446613265,0.00347216656005725,0.911238392138236
"chr10:68483588:68487144:clu_9435:ENSG00000122912.14",0.00703060535828887,0.00366278642003438,0.0549249930537477
"chr10:67885151:67887417:clu_9405:ENSG00000096717.11",0.0185371672043911,0.00409062618927332,5.85328173874355e-06
"chr10:68044563:68067085:clu_9409:ENSG00000148634.15",-0.00255616997786998,0.00462623517109176,0.580579918051837
"chr10:69197083:69198372:clu_9463:ENSG00000156502.13",-0.00272520727274629,0.0034506789536469,0.429668102156327
"chr10:67936235:67940939:clu_9408:ENSG00000148634.15",-0.0121936289786949,0.00501040043181227,0.0149468805732373
"chr10:68483588:68487144:clu_9435:ENSG00000138346.14",0.00619313452977437,0.00378340782395463,0.101647264028033
"chr10:91855126:91855614:clu_9879:ENSG00000107854.5",-0.000290079877024981,0.0049676177407306,0.953434664580654
"chr10:91248560:91248665:clu_9866:ENSG00000180628.14",0.00496346176085029,0.00395521568277712,0.209509409532768
"chr10:44984113:44984813:clu_9188:ENSG00000107551.20",0.00201479792857448,0.0033902690467572,0.552319164590559
"chr10:44982663:44984022:clu_9188:ENSG00000107551.20",-0.00131536036332284,0.00384167951147477,0.732055901892811
"chr10:133357462:133357923:clu_10749:ENSG00000148803.11",0.00542816116034797,0.00380642265381138,0.153852989752695
"chr10:133268118:133268748:clu_10726:ENSG00000151651.15",0.0121495625599959,0.00335037553200152,0.000287479502908305
"chr10:132697919:132708313:clu_10714:ENSG00000068383.18",0.000239666480370727,0.00383137576408868,0.950121951126669
"chr10:133394332:133395713:clu_10755:ENSG00000148824.18",0.00997240508586174,0.00414722738489299,0.0161903670209593
"chr10:133363776:133364658:clu_10750:ENSG00000127884.4",0.00407049018685972,0.00650171321361063,0.531272801869804
"chr10:133268862:133269445:clu_10726:ENSG00000151651.15",-0.0116534602362636,0.00338488567583881,0.000575740113988088
"chr10:110507154:110510020:clu_10369:ENSG00000138166.5",0.00912862548038117,0.00375483254473949,0.0150502702186065
"chr10:110502869:110506935:clu_10369:ENSG00000138166.5",-0.010733384825303,0.0047087295384662,0.0226394300709496
"chr10:3170206:3172717:clu_8668:ENSG00000107959.15",-0.00342086235346928,0.00308906346224208,0.268116342748725
"chr10:3167042:3170104:clu_8668:ENSG00000107959.15",0.00351552910026824,0.00305519655596733,0.249867204069685
"chr10:58820468:58823226:clu_9339:ENSG00000122870.11",0.0011912870134218,0.00406455089787206,0.769451895106261
"chr10:119580538:119581922:clu_10498:ENSG00000151923.17",-0.00676270737977815,0.0036406380650042,0.0632313774451487
"chr10:119154174:119155062:clu_10481:ENSG00000183605.16",-0.00233718145367231,0.00296090770628531,0.42990965018337
"chr10:119059397:119059602:clu_10475:ENSG00000107581.12",-0.00198356030354833,0.00522261773091737,0.704092448203904
"chr10:120521095:120575131:clu_10518:ENSG00000203805.10",0.00532898400990398,0.00265950853052843,0.0450970974777816
"chr10:97662968:97664885:clu_10042:ENSG00000155252.13",0.00327383455607637,0.00329095980307771,0.319835357902026
"chr10:97380913:97381386:clu_10010:ENSG00000052749.13",-0.00611148855950337,0.0034494186660649,0.0764369786855221
"chr10:97459526:97459659:clu_10023:ENSG00000155229.20",0.0126721193206249,0.00478576674346698,0.00809991082814265
"chr10:97459282:97459362:clu_10023:ENSG00000155229.20",-0.0136304783965203,0.00495998735649586,0.0059944041168124
"chr10:97478389:97480241:clu_10031:ENSG00000155229.20",-0.00886552111445177,0.00329358596203785,0.0071077485602945
"chr10:97664984:97666438:clu_10042:ENSG00000155252.13",-0.00426818230470902,0.00354386244565707,0.228439985741546
"chr10:133357255:133357923:clu_10749:ENSG00000148803.11",-0.0101056845301321,0.00351493362685776,0.00403936365452706
"chr10:133295279:133295364:clu_10737:ENSG00000235245.1",-0.000556133968784917,0.00449949979117099,0.901632732545766
"chr10:133295282:133295364:clu_10737:ENSG00000235245.1",0.00512298552115564,0.00460052734134762,0.265465914577938
"chr10:133272585:133272798:clu_10727:ENSG00000151651.15",0.0010777509519356,0.00392031088596652,0.783381800452278
"chr10:133272604:133272798:clu_10727:ENSG00000151651.15",-0.00304284682138848,0.00462263207791606,0.510377604267474
"chr10:132190835:132192658:clu_10698:ENSG00000151640.12",-0.00194443816834807,0.0022236926043625,0.381890333087638
"chr10:999095:1000677:clu_8635:ENSG00000107937.18",-0.00796380053152723,0.00367540010868463,0.0302512785602412
"chr10:61410746:61413459:clu_9374:ENSG00000196932.11",1.47800757089375e-05,0.00398907953691967,0.997043737252011
"chr10:60166653:60166824:clu_9361:ENSG00000151150.21",-0.00145187397698304,0.00310337573552512,0.639901162812096
"chr10:87336889:87342242:clu_9819:ENSG00000223482.7",-0.00456675580308388,0.00383598146498087,0.233847895413233
"chr10:87325108:87326630:clu_9817:ENSG00000223482.7",-0.00292758070596584,0.00338112391158807,0.386566818370153
"chr10:86687272:86691896:clu_9790:ENSG00000122367.19",0.000211921368129792,0.00549456628102352,0.969233809179223
"chr10:87326672:87330892:clu_9818:ENSG00000223482.7",-0.00594776104038478,0.00406799339675692,0.143717318212915
"chr10:86666848:86668669:clu_9788:ENSG00000122375.11",0.00106324178695216,0.00396942509144076,0.788808716724726
"chr10:86937125:86942317:clu_9798:ENSG00000173269.13",-0.0122072960850849,0.00387649665242937,0.00163800098784639
"chr10:87344495:87354620:clu_9820:ENSG00000224914.3",-0.00122674242113378,0.00337597698140926,0.716325485591579
"chr10:86668570:86668669:clu_9788:ENSG00000122375.11",-0.00138533085488526,0.00340047466342793,0.683719090890619
"chr10:87818336:87818902:clu_9827:ENSG00000223820.5",0.00330091757328188,0.00428946053452182,0.441571962439507
"chr10:87767723:87770952:clu_9825:ENSG00000138138.13",0.00680272279689577,0.00351848635966007,0.0531840981388408
"chr10:87818714:87818902:clu_9827:ENSG00000223820.5",-0.00199003025431341,0.0040848504944394,0.626135497344768
"chr10:18609926:18612121:clu_8906:ENSG00000241058.3",0.00770113253671187,0.00367000289494652,0.0358698622832267
"chr10:26709768:26720135:clu_8978:ENSG00000148459.15",0.00718817501910163,0.00329428425407314,0.0291084847874025
"chr10:26536217:26541582:clu_8975:ENSG00000077420.15",-0.00051228198580418,0.00340393852502697,0.880372644996806
"chr10:27044190:27046353:clu_8992:ENSG00000107890.16",0.00790442074441067,0.00475688898971117,0.0965772296402794
"chr10:26709768:26720218:clu_8978:ENSG00000148459.15",-0.00599676263657785,0.0030047729340947,0.0459616109132286
"chr10:27043567:27044157:clu_8992:ENSG00000107890.16",0.000289894379143725,0.00480798646681344,0.951921208380995
"chr10:17168917:17169310:clu_8881:ENSG00000107614.21",-0.00878471228776525,0.00315469924773416,0.00535866281368558
"chr10:18596327:18609845:clu_8906:ENSG00000241058.3",0.00601605531886484,0.00337680302711298,0.0748172368990698
"chr10:18642555:18648490:clu_8908:ENSG00000241058.3",-0.00656256023569881,0.00352344137308269,0.0625266234127112
"chr10:120867169:120871170:clu_10525:ENSG00000120008.15",-0.00819431372874314,0.00290347081550225,0.00476883337968759
"chr10:122113233:122195040:clu_10547:ENSG00000138162.18",-0.00831477819776716,0.00288509372465882,0.00395186648421353
"chr10:122050550:122082647:clu_10547:ENSG00000138162.18",0.00721700700293032,0.00325575513341187,0.0266441323007549
"chr10:123162828:123165047:clu_10579:ENSG00000154473.17",-0.0018116177158053,0.0038971956933269,0.642037721420001
"chr10:123007176:123008694:clu_10576:ENSG00000095574.11",-0.000280474556954595,0.00275429401989174,0.918890230441824
"chr10:28524611:28525948:clu_9022:ENSG00000254635.5",0.000470389055868375,0.00241026035988599,0.845266833522163
"chr10:28533007:28533998:clu_9023:ENSG00000095787.21",-0.0140622130807776,0.00351944025871696,6.4535442028224e-05
"chr10:28526008:28531735:clu_9022:ENSG00000254635.5",0.00477981162063008,0.0030147301451393,0.112856016922234
"chr10:114445403:114451624:clu_10434:ENSG00000099204.18",-0.00392099246666038,0.00491452815539208,0.424965078862263
"chr10:101782924:101783273:clu_10189:ENSG00000107833.10",-0.00297105753415289,0.00419378042438941,0.478669731253875
"chr10:102729808:102731723:clu_10276:ENSG00000156398.12",-0.00554909762296177,0.00351187687671688,0.114085208076714
"chr10:103100019:103101045:clu_10290:ENSG00000076685.18",0.0132671209677425,0.00607607807933679,0.0289989547026533
"chr10:101782597:101783273:clu_10189:ENSG00000107833.10",-0.0102259333691672,0.00483277144608937,0.034348521223889
"chr10:102377128:102379284:clu_10231:ENSG00000107862.4",-0.0225013665729451,0.0067555131896951,0.000865920420020871
"chr10:102144307:102148372:clu_10216:ENSG00000148840.10",0.0158198433799533,0.00411600585565538,0.000121295017876943
"chr10:102832871:102834177:clu_10278:ENSG00000166272.16",-0.00510263160681134,0.00684516437526307,0.456008217988918
"chr10:102363798:102365397:clu_10227:ENSG00000107862.4",0.00433662850749706,0.00475877913200373,0.362142519561
"chr10:102489138:102490549:clu_10260:ENSG00000138107.12",-0.0138618670888929,0.0043165902841413,0.00132135836375047
"chr10:102832871:102834177:clu_10278:ENSG00000203886.4",-0.00690506140715891,0.00612889523123667,0.259894520867401
"chr10:102377140:102379284:clu_10231:ENSG00000107862.4",0.0178406880521872,0.00646793173914389,0.00580975727159805
"chr10:102490613:102502600:clu_10260:ENSG00000138107.12",0.0120680492604002,0.0042871178658551,0.00487838736639901
"chr10:102142004:102144250:clu_10216:ENSG00000148840.10",-0.0185544448685394,0.00470586103357925,8.05232519786037e-05
"chr10:101782597:101782839:clu_10189:ENSG00000107833.10",0.0191369027884479,0.00409809539489307,3.0163033405417e-06
"chr10:102425195:102432526:clu_10251:ENSG00000107874.10",-0.0116035059454236,0.00301762844596465,0.000120434448750983
"chr10:101601336:101608835:clu_10187:ENSG00000166171.12",0.00510002154550601,0.00338758702128464,0.132194872718281
"chr10:101608937:101609367:clu_10187:ENSG00000166171.12",-0.00157006814803168,0.00285432450404841,0.582273796944958
"chr10:102617428:102627175:clu_10265:ENSG00000107882.11",0.016384610346282,0.00742106908166744,0.0272547033240679
"chr10:13116340:13118906:clu_8792:ENSG00000123240.16",0.00384733591222512,0.00269612213157956,0.153583141454113
"chr10:13647276:13648085:clu_8812:ENSG00000239665.8",0.000507688481104345,0.00244622648093378,0.835588592171151
"chr10:13116340:13118888:clu_8792:ENSG00000123240.16",-0.00202651655810769,0.00274943548620047,0.4610819615482
"chr10:113679349:113697494:clu_10409:ENSG00000165806.19",-0.00360177042131375,0.00360253751375992,0.317413565041781
"chr10:104259798:104262979:clu_10346:ENSG00000148834.12",-0.00252543028749808,0.00308089272240125,0.412382981477587
"chr10:103090787:103090936:clu_10287:ENSG00000076685.18",-0.0101378630334215,0.00450998165620124,0.0245843311816102
"chr10:103181328:103193236:clu_10293:ENSG00000076685.18",0.0138870543966697,0.00357803005162175,0.000103941818615505
"chr10:102878991:102890544:clu_10282:ENSG00000214435.7",0.0210244390810047,0.00563357773464411,0.000189975279560883
"chr10:104263077:104266084:clu_10346:ENSG00000148834.12",0.00260329063110119,0.0030364197332584,0.391248540604835
"chr10:38094490:38095538:clu_9140:ENSG00000075407.18",-0.00692722974899018,0.00502795487140134,0.168282642745062
"chr10:38365629:38369953:clu_9145:ENSG00000099251.14",-0.00716968148827621,0.00257459180882916,0.00535634289890596
"chr10:38408934:38412228:clu_9149:ENSG00000276805.2",0.0106730504639099,0.00922037719760001,0.247047597986183
"chr10:38012350:38016871:clu_9137:ENSG00000189180.15",-0.0156497614967916,0.00601929533765159,0.00932421026429808
"chr10:38010783:38012298:clu_9137:ENSG00000189180.15",0.0147353200022145,0.00639479083853915,0.0212075329902737
"chr10:38010783:38016871:clu_9137:ENSG00000189180.15",0.00681310432595075,0.00711005454068165,0.337944185973122
"chr10:114163329:114173141:clu_10420:ENSG00000165813.18",-0.00188170546139591,0.00469220318348684,0.688399414520891
"chr10:113774333:113774826:clu_10414:ENSG00000148735.14",0.00827620629043819,0.0030606232258975,0.00684913561052325
"chr10:114473956:114487958:clu_10435:ENSG00000099204.18",-0.00581206273126504,0.00486897863154496,0.232598319063498
"chr10:113774993:113775765:clu_10414:ENSG00000148735.14",-0.00179445205099473,0.00383061673762377,0.639462886242625
"chr10:114261295:114272740:clu_10423:ENSG00000165816.12",-0.00727608485009741,0.00365109020125258,0.0462775825028019
"chr10:133295911:133297952:clu_10736:ENSG00000130640.13",0.00391412055205741,0.00395339610146808,0.322142171168418
"chr10:133399653:133401529:clu_10757:ENSG00000148824.18",0.0111064410735646,0.00347887107508426,0.00141026566700786
"chr10:133293769:133297952:clu_10736:ENSG00000130640.13",-0.0087984025129238,0.00403246573959703,0.02911754513679
"chr10:133295911:133297952:clu_10736:ENSG00000235245.1",0.00391412055205741,0.00395339610146808,0.322142171168418
"chr10:133491319:133497829:clu_10760:ENSG00000214279.13",-0.00383766702291529,0.00388253496946405,0.322935420618411
"chr10:133263233:133267352:clu_10724:ENSG00000151651.15",-0.00427771910406593,0.00376222994791134,0.255531212882144
"chr10:133402773:133456237:clu_10759:ENSG00000214279.13",0.01784794046371,0.00534810694403507,0.000846134789539543
"chr10:133362933:133364658:clu_10750:ENSG00000127884.4",-0.00798598359191664,0.00494376419772143,0.106231677733163
"chr10:133491319:133493287:clu_10760:ENSG00000214279.13",-0.00541172706556199,0.00362950972641326,0.135952231515684
"chr10:133402773:133456237:clu_10759:ENSG00000148824.18",0.0157420599472923,0.00517963854042754,0.00237191740756348
"chr10:133293769:133297952:clu_10736:ENSG00000235245.1",-0.0087984025129238,0.00403246573959703,0.02911754513679
"chr10:29463635:29464698:clu_9035:ENSG00000197321.14",-0.000579825588702715,0.00295417331616888,0.844396194016653
"chr10:29463635:29465595:clu_9035:ENSG00000197321.14",0.00116434414260436,0.00309896490314578,0.707124815923167
"chr10:4967043:4968822:clu_8681:ENSG00000187134.13",0.00507418014814323,0.00329690447024597,0.123786216984134
"chr10:4837581:4842421:clu_8676:ENSG00000165568.17",0.000371303717774564,0.00289925979753636,0.898094801106674
"chr10:5651363:5652863:clu_8691:ENSG00000196372.12",-0.00567623209510474,0.00242565601139726,0.0192795462902556
"chr10:5731203:5739618:clu_8695:ENSG00000108021.19",0.000109216018660337,0.00258983544833189,0.966362359712839
"chr10:5649104:5651213:clu_8691:ENSG00000196372.12",0.00761537185857952,0.0023982913303762,0.00149665016872147
"chr10:114340731:114404440:clu_10433:ENSG00000169129.14",0.00715643077968671,0.00320027684739575,0.0253392523579404
"chr10:114398904:114404440:clu_10433:ENSG00000169129.14",-0.00758242016780538,0.00384616904758574,0.0486756893442802
"chr10:114340731:114398851:clu_10433:ENSG00000169129.14",-0.000595048641378171,0.00404133815586908,0.882942196397833
"chr10:124998170:125002960:clu_10609:ENSG00000175029.16",-0.00738922868228927,0.00327177739195941,0.0239160379363343
"chr10:125789363:125794880:clu_10624:ENSG00000188690.12",-0.0016214416283844,0.00321697481805729,0.614242521292646
"chr10:125789005:125794880:clu_10624:ENSG00000188690.12",-0.00380255981758071,0.00326337359712238,0.243928509182857
"chr10:124998170:125000098:clu_10609:ENSG00000175029.16",0.0022384954705929,0.00336047308016914,0.505331141564881
"chr10:14840157:14848609:clu_8831:ENSG00000187522.14",0.00100440642224592,0.00300494673008321,0.738190169203358
"chr10:13616553:13630260:clu_8811:ENSG00000239665.8",0.00620004787033998,0.00295460805547025,0.0358668880766112
"chr10:13100302:13108138:clu_8790:ENSG00000123240.16",-0.00486520166212941,0.00253615855888728,0.0550685505243008
"chr10:14840157:14848609:clu_8831:ENSG00000284024.1",0.00100440642224592,0.00300494673008321,0.738190169203358
"chr10:13616553:13630260:clu_8811:ENSG00000165630.13",0.00615576344195185,0.00295989761150217,0.0375510618977031
"chr10:79907856:79920952:clu_9749:ENSG00000283101.1",-0.00237430787410961,0.00428639634385487,0.579635638902217
"chr10:79921988:79922662:clu_9749:ENSG00000283101.1",-0.00174360646207971,0.00315733821787291,0.580784365345697
"chr10:79907856:79920952:clu_9749:ENSG00000242600.8",-0.00237430787410961,0.00428639634385487,0.579635638902217
"chr10:79921988:79922662:clu_9749:ENSG00000242600.8",-0.0026939878265684,0.0031470827022445,0.39198283413057
"chr10:117543673:117545632:clu_10461:ENSG00000170370.11",-0.00121436967667345,0.0037964918572063,0.749069710777971
"chr10:116886566:116901765:clu_10454:ENSG00000187164.19",0.00604565754447215,0.00447846495024389,0.177035332117498
"chr10:127257429:127272011:clu_10649:ENSG00000150760.12",-0.000593375469084747,0.00345232576508357,0.863534212070507
"chr10:125747694:125747858:clu_10619:ENSG00000107938.17",-0.00169623745584259,0.00281810233399965,0.54723558753565
"chr10:127257429:127339006:clu_10649:ENSG00000150760.12",0.000952609552205722,0.0030234799285598,0.752708071157945
"chr10:71822007:71825837:clu_9537:ENSG00000197746.13",7.79687774259504e-05,0.00432186620748201,0.985606516625084
"chr10:71823896:71825837:clu_9537:ENSG00000197746.13",-0.000822966925187994,0.00409031333115412,0.840542978499031
"chr10:70854855:70857614:clu_9510:ENSG00000166224.16",0.000907107858115114,0.00261535381163924,0.728711943436811
"chr10:21617207:21651673:clu_8928:ENSG00000078403.16",-0.0126517625431416,0.00369227280479947,0.000611298057854315
"chr10:21740236:21741939:clu_8936:ENSG00000078403.16",-0.00999863512758637,0.00604122092416185,0.0979105810397862
"chr10:21651768:21668917:clu_8929:ENSG00000078403.16",-0.00611998180211292,0.00428002211545949,0.152747185505208
"chr10:21020201:21172383:clu_8922:ENSG00000078114.18",0.00139709676260128,0.00486796372232317,0.774113708446849
"chr10:124765608:124774675:clu_10599:ENSG00000203791.14",0.00110592254325122,0.00214325646536412,0.605853689975939
"chr10:124605515:124613264:clu_10591:ENSG00000107902.13",0.000439277418708598,0.00380465950342598,0.908082308549405
"chr10:124962408:124966594:clu_10604:ENSG00000019995.6",-0.0132038987704244,0.00422272193639332,0.00176678568836142
"chr10:124765608:124767224:clu_10599:ENSG00000203791.14",-0.00230793892569196,0.00237841245426706,0.331862341362531
"chr10:124760503:124765392:clu_10598:ENSG00000203791.14",0.0106956555306659,0.0028373567721989,0.000163519674996171
"chr10:124762558:124765392:clu_10598:ENSG00000203791.14",-0.00724840545290238,0.00347737138175783,0.0371192883909479
"chr10:124962408:124966594:clu_10604:ENSG00000249456.1",-0.0132038987704244,0.00422272193639332,0.00176678568836142
"chr10:125111093:125122657:clu_10610:ENSG00000175029.16",-0.00156666957142104,0.00281603910793348,0.577979812875605
"chr10:124408965:124418873:clu_10589:ENSG00000065154.11",-0.0047571814336857,0.00307851112212998,0.122276998530623
"chr10:101584919:101585316:clu_10184:ENSG00000166169.16",-0.00125001642551136,0.00445514187174821,0.77903381136707
"chr10:100983817:100986687:clu_10166:ENSG00000055950.16",-0.00334229937015136,0.00308987386386183,0.279388325786067
"chr10:100969591:100972529:clu_10158:ENSG00000095539.15",-0.00909701154360324,0.00426784408096622,0.0330460078741869
"chr10:100509511:100516096:clu_10147:ENSG00000075826.16",-0.00642121970831722,0.00367141179438334,0.080294763430742
"chr10:100509102:100516096:clu_10147:ENSG00000075826.16",-0.00517980203997358,0.00347168119828436,0.135695090978705
"chr10:100998981:101002497:clu_10169:ENSG00000107816.17",-0.00729010851716289,0.00373864422290469,0.0511840168824532
"chr10:100190968:100193298:clu_10119:ENSG00000213341.10",0.00266469079229445,0.00481074179611152,0.579644310108472
"chr10:100983817:100987090:clu_10166:ENSG00000055950.16",0.00319580615015042,0.0035172138929757,0.363551456920043
"chr10:100500159:100502254:clu_10143:ENSG00000075826.16",0.000304500277588557,0.00413824602118999,0.941343021365677
"chr10:100983817:100983948:clu_10166:ENSG00000055950.16",-0.00147425084171954,0.00264285692619463,0.576964102256504
"chr10:101781854:101782258:clu_10188:ENSG00000107833.10",-0.00809741690825886,0.00452511448031677,0.0735441226277659
"chr10:100980693:100980827:clu_10163:ENSG00000095539.15",-0.0135913442681902,0.00592331620410867,0.0217589354931114
"chr10:100980693:100980822:clu_10163:ENSG00000095539.15",0.00949793745846498,0.00522455119572649,0.0690728105579244
"chr10:100498207:100498705:clu_10141:ENSG00000075826.16",-0.000773262162658592,0.0032474306259825,0.81179184863679
"chr10:101605212:101608835:clu_10187:ENSG00000166171.12",-0.00920054462955493,0.0055131539995571,0.0951500743895458
"chr10:101782351:101782478:clu_10188:ENSG00000107833.10",0.00765111580630263,0.00443204217296514,0.0842901528401435
"chr10:101354228:101430345:clu_10180:ENSG00000166167.17",0.00381820874040583,0.00393653030577254,0.332075066187253
"chr10:100253539:100256262:clu_10126:ENSG00000095485.16",-0.00108300374089739,0.00355606081010422,0.760707744845664
"chr10:100256476:100260218:clu_10126:ENSG00000095485.16",0.010776107756919,0.00407932965626549,0.00825064550919152
"chr10:100516997:100526399:clu_10148:ENSG00000166136.15",-0.00489260831021257,0.00365132771612325,0.180260555862558
"chr10:122215451:122216627:clu_10549:ENSG00000138162.18",5.48891523140944e-05,0.00322835339595231,0.986434850250607
"chr10:121899994:121902391:clu_10537:ENSG00000107669.17",-0.00231513835491119,0.00290114112045709,0.424864941196787
"chr10:121518829:121519979:clu_10533:ENSG00000066468.22",0.0320879344673947,0.00371846551202326,0
"chr10:122211708:122215403:clu_10549:ENSG00000138162.18",-0.00439824676914546,0.00363004605150909,0.225656780854158
"chr10:125752914:125753694:clu_10620:ENSG00000107938.17",-0.00734523319868753,0.00315455476390969,0.0198880504813609
"chr10:125816525:125823029:clu_10628:ENSG00000188690.12",0.00628187575452728,0.00268514299420828,0.019309885001883
"chr10:125749565:125752799:clu_10620:ENSG00000107938.17",0.000609330880042887,0.00308047460146504,0.843198243243642
"chr10:60910990:60911351:clu_9370:ENSG00000072422.16",-0.00606861979155456,0.00360006390136958,0.0918540212108583
"chr10:60941854:60944650:clu_9372:ENSG00000072422.16",-0.000719547739633605,0.00368639365607049,0.845244088018547
"chr10:60029826:60042672:clu_9355:ENSG00000151150.21",-0.00312041568235501,0.00513232463837605,0.543192345489926
"chr10:60892995:60910887:clu_9370:ENSG00000072422.16",0.00144355521057661,0.00374613896269658,0.699981965655713
"chr10:72072910:72088140:clu_9542:ENSG00000107742.12",-0.011242114191306,0.00417113049268958,0.00703421769331436
"chr10:72216138:72230366:clu_9546:ENSG00000166295.8",-0.00128064382255366,0.00464453550843723,0.782754451796682
"chr10:71806281:71807277:clu_9534:ENSG00000107736.19",-0.00196257863302599,0.00311349525144905,0.528468368342847
"chr10:46795953:46796672:clu_9249:ENSG00000204177.10",-0.0180840151985754,0.00449566010637368,5.75715558657208e-05
"chr10:68737889:68740629:clu_9443:ENSG00000060339.13",-0.00395711670404919,0.00300943792133049,0.188542755356692
"chr10:69905822:69917289:clu_9479:ENSG00000197467.13",0.00290785636544232,0.00314474871657258,0.355137329295608
"chr10:68756483:68757294:clu_9446:ENSG00000060339.13",0.0082326230213333,0.00360064732181503,0.0222291966563026
"chr10:68737048:68737845:clu_9443:ENSG00000060339.13",-0.00241538504242424,0.00321303956012383,0.452204681733425
"chr10:68333102:68337199:clu_9420:ENSG00000096746.17",-0.00765451729068863,0.00541457478948512,0.157453644956499
"chr10:122428316:122429624:clu_10561:ENSG00000107679.14",0.00230324820148912,0.00364674472741599,0.527654697353645
"chr10:121924329:121928347:clu_10539:ENSG00000107669.17",-0.00106789924181116,0.003140858507829,0.733854765844925
"chr10:121924329:121927844:clu_10539:ENSG00000107669.17",0.000664187203688577,0.00301571865985632,0.825682870461416
"chr10:31852597:31854066:clu_9073:ENSG00000165322.17",-0.00843542620339596,0.0047313099382218,0.0746034876302974
"chr10:32854489:32876347:clu_9094:ENSG00000216937.13",0.00599442150603055,0.00470877039484228,0.203006226205054
"chr10:32729457:32778977:clu_9090:ENSG00000216937.13",-0.00869882257102176,0.00378751367043122,0.0216352877275786
"chr10:32291322:32292496:clu_9079:ENSG00000120616.15",0.00508605434197363,0.00588996444729705,0.387856084062716
"chr10:38095224:38095358:clu_9140:ENSG00000075407.18",-0.000800462364226389,0.00854461012742734,0.925363052449169
"chr10:38358515:38361280:clu_9143:ENSG00000099251.14",0.00298415128075894,0.0114135727321364,0.793740592260873
"chr10:29536069:29550597:clu_9044:ENSG00000197321.14",-0.00484020242079696,0.00297562005900536,0.103817877477538
"chr10:71323054:71344209:clu_9522:ENSG00000198246.7",-0.000246712444736927,0.00294998515007737,0.933349215994829
"chr10:71356243:71361954:clu_9524:ENSG00000198246.7",0.00323525489192656,0.00260016732786699,0.21340803461205
"chr10:71285429:71286689:clu_9518:ENSG00000107731.12",0.00138435402642295,0.0024512107463646,0.572234729197864
"chr10:71284863:71285326:clu_9518:ENSG00000107731.12",-0.00470919997720948,0.0023787625031438,0.0477389572620982
"chr10:71964694:72005736:clu_9539:ENSG00000122863.5",0.00061654892482156,0.00355809538728201,0.862430867280103
"chr10:17660548:17684675:clu_8891:ENSG00000136738.14",0.00168542038376033,0.00311892250858347,0.588931230962131
"chr10:17162237:17168841:clu_8881:ENSG00000107614.21",0.00236755739136501,0.00300044139789144,0.430071270631594
"chr10:124682379:124706636:clu_10592:ENSG00000189319.13",0.0112686590194842,0.00457462863259376,0.0137666663886143
"chr10:124829477:124831349:clu_10603:ENSG00000165660.7",0.00318328999101536,0.00285523231624055,0.264894555334094
"chr10:80172869:80176107:clu_9758:ENSG00000122359.17",0.000544802492510721,0.00320341003881283,0.864955442971619
"chr10:13452658:13480899:clu_8803:ENSG00000165626.16",0.00565389860481635,0.00283922104542187,0.0464418116478886
"chr10:13481124:13492611:clu_8803:ENSG00000165626.16",-0.00233851780915739,0.00274599555278967,0.394430479035741
"chr10:34317338:34331117:clu_9107:ENSG00000148498.15",-0.0075786222480689,0.00372504212692879,0.0419005585588821
"chr10:96024911:96027212:clu_9986:ENSG00000188649.12",-0.00223711173252069,0.00367171559346096,0.54233726301734
"chr10:96209907:96216653:clu_9992:ENSG00000095585.16",0.000570462617825819,0.00483209001456993,0.90602240117331
"chr10:119593513:119596434:clu_10495:ENSG00000151923.17",-0.00172379616649212,0.00300762231682011,0.566548214680004
"chr10:120866764:120867066:clu_10525:ENSG00000120008.15",0.00384483558239048,0.00301146036847397,0.201695969455112
"chr10:119832100:119835540:clu_10508:ENSG00000197771.12",0.00174556045588428,0.00307872489685512,0.570731076969915
"chr10:68285410:68288483:clu_9417:ENSG00000108187.15",-0.00275840284463024,0.00458330146065557,0.547282288537017
"chr10:68989258:69000424:clu_9456:ENSG00000198954.7",0.00215608074569455,0.00321561125367127,0.502536450856414
"chr10:122216921:122224726:clu_10550:ENSG00000138162.18",-0.0071766573313169,0.0044771078547992,0.108941881552135
"chr10:121870038:121898841:clu_10537:ENSG00000107669.17",0.00173032153702777,0.002891762856365,0.549598292976979
"chr10:122948855:122951954:clu_10570:ENSG00000119965.12",-0.00180181032162902,0.00295803070847671,0.542441617848291
"chr10:122216828:122224726:clu_10550:ENSG00000138162.18",0.000827168705466749,0.00409340738034867,0.839859350530043
"chr10:77854370:77856730:clu_9717:ENSG00000151208.16",-0.00185285605544729,0.00308433076586262,0.548018530821891
"chr10:77854358:77856730:clu_9717:ENSG00000151208.16",0.00234152097782104,0.00305829824592436,0.443897249365803
"chr10:78267486:78279399:clu_9729:ENSG00000230417.11",-0.00400572999816473,0.00398277723717869,0.314529587715344
"chr10:76891719:76909966:clu_9695:ENSG00000156113.22",-0.00594603006595391,0.00452588559893438,0.188919351198836
"chr10:3782214:3784913:clu_8670:ENSG00000067082.14",0.00143168475221714,0.00243887634868415,0.55718599030835
"chr10:3116846:3118782:clu_8656:ENSG00000067057.16",-0.00597560091043424,0.00417360846905129,0.152212844354272
"chr10:3125249:3129819:clu_8657:ENSG00000067057.16",0.00150432278383667,0.0037794082211977,0.690607110592534
"chr10:3165483:3166229:clu_8666:ENSG00000107959.15",-0.00166025735377114,0.00281881177620253,0.555866695387471
"chr10:35516623:35525964:clu_9123:ENSG00000108100.17",-0.00505804922092916,0.00418720337803377,0.227055756093407
"chr10:32933583:32935492:clu_9096:ENSG00000150093.18",0.00681311444082333,0.00456389391051862,0.135481881897231
"chr10:32345623:32346763:clu_9081:ENSG00000120616.15",-0.00219697137215335,0.00490203129003393,0.654026388694909
"chr10:102686001:102699373:clu_10271:ENSG00000138175.8",0.00873666088324248,0.00524564962406685,0.0958118490890498
"chr10:101787523:101792839:clu_10190:ENSG00000198408.13",-0.00894602972716042,0.00383347248013965,0.0196134181542489
"chr10:101957732:101975212:clu_10199:ENSG00000120029.12",0.00370647847809401,0.00402258636639733,0.356832884199956
"chr10:102351951:102352458:clu_10223:ENSG00000107862.4",-0.00806700418904097,0.00564341117828302,0.152873405163885
"chr10:102407266:102408895:clu_10246:ENSG00000059915.16",-0.00825866474410658,0.00465346676110998,0.0759418517336544
"chr10:101993603:101995297:clu_10201:ENSG00000120029.12",0.00533121658055799,0.00475665438496176,0.262376732544942
"chr10:102352518:102353600:clu_10223:ENSG00000107862.4",0.00460454148468445,0.00641369881188314,0.472804804617548
"chr10:102014024:102023477:clu_10204:ENSG00000120029.12",-0.00621254511814,0.00532515301346439,0.243355129619357
"chr10:78019265:78021546:clu_9727:ENSG00000148606.12",0.000577357025737529,0.00343607130933525,0.866561060068759
"chr10:77926277:77929589:clu_9720:ENSG00000233871.2",0.00994716951337158,0.00388880135139426,0.0105306016650387
"chr10:79307571:79310924:clu_9738:ENSG00000108175.16",-0.0088914238403552,0.00359659157492925,0.0134291663287848
"chr10:77812377:77816551:clu_9709:ENSG00000151208.16",0.00871099496953674,0.00286116469109138,0.00233018941764485
"chr10:77816175:77816551:clu_9709:ENSG00000151208.16",-0.00445587800154762,0.00292516198526136,0.127685483874374
"chr10:77806171:77806758:clu_9704:ENSG00000151208.16",0.00467428568356886,0.00366773323367187,0.202509480359996
"chr10:77820018:77824384:clu_9712:ENSG00000151208.16",-0.00691627808732376,0.00388664076187542,0.0751577890047866
"chr10:77251256:77403862:clu_9700:ENSG00000156113.22",-0.005326006211756,0.00395174770974452,0.177735691410746
"chr10:79216274:79277181:clu_9736:ENSG00000108175.16",-0.00696424166736189,0.00373495049678687,0.0622355034573083
"chr10:13288541:13291831:clu_8796:ENSG00000107537.13",-0.00577832422535381,0.00242218499805032,0.0170520573538292
"chr10:12136170:12143117:clu_8776:ENSG00000065665.20",-0.000234526284618379,0.00259948876587678,0.928112266664229
"chr10:17688173:17693222:clu_8892:ENSG00000136738.14",-0.000308696791715456,0.00349015376185247,0.92952068701009
"chr10:4998747:4999200:clu_8684:ENSG00000151632.17",-0.00101804215637919,0.00270344719872365,0.70649179881331
"chr10:4999277:5000550:clu_8684:ENSG00000151632.17",0.0038385567840179,0.00264915954740736,0.147345531178677
"chr10:3163885:3165238:clu_8664:ENSG00000107959.15",0.00304480581628519,0.0030345693842906,0.315680794449124
"chr10:3148063:3148171:clu_8662:ENSG00000107959.15",0.00320121669341429,0.00240067692882367,0.18237952270556
"chr10:3105159:3105393:clu_8654:ENSG00000067057.16",-0.00249306209808102,0.00287036024418215,0.385091271534004
"chr10:3103944:3105115:clu_8654:ENSG00000067057.16",0.00147890303940132,0.00271523766365509,0.585981884400829
"chr10:4968386:4968822:clu_8681:ENSG00000187134.13",-0.00468861366737014,0.00305750617342919,0.125158508465488
"chr10:87238872:87246115:clu_9816:ENSG00000223482.7",0.00205067714806027,0.00347188694992379,0.554753581363867
"chr10:87246212:87288442:clu_9816:ENSG00000223482.7",0.000322480125525907,0.00345948118111368,0.925731704599031
"chr10:26823305:26860747:clu_8985:ENSG00000136754.16",0.0101575579387159,0.00417358159759354,0.0149422862042867
"chr10:27219857:27223207:clu_9006:ENSG00000107897.18",-0.00214434563773624,0.00383827413138039,0.576383928753761
"chr10:27029356:27033225:clu_8990:ENSG00000107890.16",0.000208620934214421,0.00271771457626446,0.938811789868102
"chr10:27029356:27030393:clu_8990:ENSG00000107890.16",0.00273162088731338,0.0028068223852276,0.330450132551017
"chr10:69922794:69923802:clu_9481:ENSG00000197467.13",-0.0018467579195602,0.00234715440145318,0.431394753760673
"chr10:69088236:69097084:clu_9459:ENSG00000122862.4",-0.0110185520832993,0.00344650605694566,0.00138854839148694
"chr10:69923855:69924963:clu_9481:ENSG00000197467.13",-7.46463142208418e-05,0.00227455611699649,0.973819748009902
"chr10:69088236:69103871:clu_9459:ENSG00000122862.4",-0.00730653915638478,0.00372528708756639,0.0498398566455137
"chr10:69504485:69506124:clu_9473:ENSG00000099282.9",-0.0072815408954349,0.00288259013791811,0.0115356015464304
"chr10:69925872:69927087:clu_9482:ENSG00000197467.13",-0.000741495588340479,0.00306591176268623,0.80889517390922
"chr10:69097231:69103871:clu_9459:ENSG00000122862.4",0.0117549305049114,0.00341774335265648,0.000583040406065494
"chr10:113159992:113160619:clu_10401:ENSG00000148737.16",0.00317657879671992,0.00368107181574312,0.388165275883637
"chr10:112433281:112433541:clu_10388:ENSG00000023041.11",0.0125032268251282,0.0049104392798065,0.0108885853166005
"chr10:104132196:104133620:clu_10341:ENSG00000197748.12",0.0157049700727885,0.00340669758865541,4.02615422812058e-06
"chr10:15837318:15841426:clu_8872:ENSG00000148481.13",0.00062514353599329,0.00384508610126731,0.870847202475465
"chr10:15575594:15586584:clu_8860:ENSG00000077943.7",-0.00376517818895405,0.00334440047261173,0.260243584164299
"chr10:16437490:16484337:clu_8873:ENSG00000165983.14",-0.00131452573551629,0.00364022745469868,0.718016561031151
"chr10:17149140:17153507:clu_8879:ENSG00000107614.21",0.0032599635541749,0.00275594571523374,0.236855200842224
"chr10:15847943:15860206:clu_8871:ENSG00000148481.13",0.00272277738046711,0.00417268286938832,0.514062938387067
"chr10:89332627:89338661:clu_9850:ENSG00000119917.13",-0.00542876009719982,0.00359435024681884,0.130951783940107
"chr10:89007837:89010539:clu_9844:ENSG00000026103.21",0.000915747655199594,0.00554166665498883,0.86874902407477
"chr10:88991626:89003029:clu_9842:ENSG00000026103.21",-0.012662959851427,0.00382438168863946,0.000929256821441848
"chr10:84211165:84211648:clu_9774:ENSG00000148600.14",0.0105536843681313,0.00314322750013114,0.000786237719441196
"chr10:24542770:24542883:clu_8962:ENSG00000120549.17",0.00949945836664344,0.00430617363937197,0.0273833604083968
"chr10:24438479:24473228:clu_8957:ENSG00000120549.17",-0.00610215419254932,0.00365608316031653,0.0951091734212517
"chr10:24533237:24544981:clu_8962:ENSG00000120549.17",-0.00975347370792895,0.00542380985767075,0.0721342560722708
"chr10:22389312:22391729:clu_8947:ENSG00000077327.15",-0.0155387439334299,0.00552357973696579,0.00490563960947155
"chr10:24533237:24542693:clu_8962:ENSG00000120549.17",0.00209090641898069,0.00412189799391463,0.611966878908669
"chr10:22411176:22416619:clu_8949:ENSG00000077327.15",-0.0151679737493466,0.00454711801851057,0.000850746860496021
"chr10:63133500:63146209:clu_9388:ENSG00000148572.15",-0.000497355358466518,0.00420191612945228,0.905779294739205
"chr10:85916239:86138819:clu_9781:ENSG00000182771.18",-0.000662539136990407,0.00374668206241717,0.859639125339058
"chr10:69133047:69155812:clu_9460:ENSG00000122958.14",-0.000195633016221946,0.0034539847149006,0.95483212665739
"chr10:69875163:69880503:clu_9476:ENSG00000197467.13",0.00140347340169529,0.0025314225417295,0.579290869744834
"chr10:69935391:69936756:clu_9483:ENSG00000197467.13",-0.000775403779503248,0.00254879245794796,0.760957258607035
"chr10:69888330:69889414:clu_9478:ENSG00000197467.13",-0.00761918357571023,0.00307457350883398,0.0132074130886962
"chr10:69506240:69506829:clu_9473:ENSG00000099282.9",0.00708848231932399,0.00335226450548463,0.0344695555850861
"chr10:68346084:68355353:clu_9424:ENSG00000204130.12",0.00780115080431108,0.00454879586816967,0.0863466017435354
"chr10:46383546:46384206:clu_9237:ENSG00000264230.7",0.0220527857762408,0.006600092442938,0.000833917612539814
"chr10:47475572:47476232:clu_9259:ENSG00000265190.6",0.0093943007361141,0.00490443081041297,0.0554323147647882
"chr10:46987555:46999912:clu_9253:ENSG00000204179.10",0.0132710719475606,0.00524199314827248,0.0113516132528496
"chr10:46385473:46385712:clu_9238:ENSG00000264230.7",0.00395529687512438,0.00624700969225294,0.526635412481339
"chr10:47475004:47476232:clu_9259:ENSG00000265190.6",-3.09684536133317e-05,0.00516071072433175,0.9952120736784
"chr10:45962994:45972217:clu_9226:ENSG00000239883.8",0.0518041868329063,0.00341278760373837,0
"chr10:122299134:122307189:clu_10555:ENSG00000138152.8",0.00103705603935158,0.00329857260498022,0.753220752705667
"chr10:122986962:122987334:clu_10572:ENSG00000179988.13",-0.00196631706875292,0.00293605088302675,0.503039541641134
"chr10:121898969:121902391:clu_10537:ENSG00000107669.17",0.0104656004184075,0.00263948710300616,7.33919772837321e-05
"chr10:121959410:121960358:clu_10541:ENSG00000107672.14",0.0025649613173013,0.00381975668987301,0.501902943081324
"chr10:122211708:122215391:clu_10549:ENSG00000138162.18",0.00517810535986746,0.00409133837339296,0.205646913265355
"chr10:122986962:122990174:clu_10572:ENSG00000179988.13",-0.00633387739498371,0.00292316096647424,0.0302508326023095
"chr10:67992682:68014026:clu_9414:ENSG00000148634.15",0.0138270107403427,0.00594946047264428,0.0201213090258405
"chr10:14881645:14896846:clu_8837:ENSG00000152455.15",-0.00259076041122344,0.00322745256588583,0.422133063873476
"chr10:15135418:15141422:clu_8852:ENSG00000152465.17",-0.0021464429351565,0.00320942253797295,0.503626815490624
"chr10:89328078:89338661:clu_9850:ENSG00000119917.13",0.00678205327466248,0.00312294057875444,0.0298791874729232
"chr10:13675044:13693898:clu_8816:ENSG00000151474.21",-0.00322398481315768,0.00316481485875434,0.308347225768741
"chr10:11852215:11866531:clu_8762:ENSG00000148426.12",-0.00540688680400603,0.0030204009017487,0.0734342634916436
"chr10:12186332:12195770:clu_8783:ENSG00000165609.12",0.00392792013130249,0.00342332867475151,0.251217208863056
"chr10:12001825:12004530:clu_8768:ENSG00000151461.19",0.00685946466715934,0.00253426821120506,0.00679587937175385
"chr10:11850208:11851997:clu_8761:ENSG00000148426.12",-0.000462310253764398,0.00309946759840957,0.881428994511376
"chr10:12000009:12001676:clu_8768:ENSG00000151461.19",-0.00689144858859672,0.00245248042157923,0.00495428429166977
"chr10:15606422:15607677:clu_8863:ENSG00000077943.7",-0.000899967107278962,0.00469176620240854,0.847884453950507
"chr10:13707113:13737844:clu_8818:ENSG00000151474.21",0.00288505214751176,0.00279409968005694,0.301813779437089
"chr10:13858912:13891624:clu_8823:ENSG00000151474.21",-0.0011069962545716,0.00277745013976429,0.690213266997945
"chr10:11952249:11955232:clu_8765:ENSG00000151461.19",0.00381866142451283,0.00284227429347739,0.179102622294827
"chr10:11565638:11597631:clu_8758:ENSG00000148429.14",-0.00161169869375594,0.0029273343081583,0.581929358718414
"chr10:12825690:12828769:clu_8789:ENSG00000183049.12",0.00172077142686248,0.0024283219625868,0.478556764026
"chr10:12825694:12828769:clu_8789:ENSG00000183049.12",-0.000988142015028862,0.0025797476665525,0.701691408264188
"chr10:93670848:93676653:clu_9924:ENSG00000148690.11",0.0084177336003624,0.0052844990472144,0.11118028823655
"chr10:93672089:93676653:clu_9924:ENSG00000148690.11",-0.00719875724854784,0.00513845222039892,0.161226545522081
"chr10:93399495:93401418:clu_9918:ENSG00000138119.16",0.00425437288582776,0.0035207652559231,0.22690652749618
"chr10:93401544:93402232:clu_9918:ENSG00000138119.16",-0.00401853766519224,0.00350938229523746,0.25217434509356
"chr10:122406673:122412920:clu_10558:ENSG00000107679.14",0.0102446867919183,0.00478001195710266,0.0320942690364426
"chr10:117318974:117340980:clu_10459:ENSG00000165650.11",-0.000603875628307812,0.0030799912547453,0.844560016534658
"chr10:75400374:75401105:clu_9688:ENSG00000270087.5",0.00950215003721237,0.0058323010434414,0.103264693652247
"chr10:75400374:75401105:clu_9688:ENSG00000165655.16",0.0062949067376498,0.00559038648348666,0.260155558587684
"chr10:27005723:27006917:clu_8989:ENSG00000107890.16",-0.0122335709318589,0.00470270762312676,0.00928471608761938
"chr10:26511906:26513539:clu_8974:ENSG00000077420.15",0.00183998000188278,0.00476424943544946,0.699344377136391
"chr10:131934555:131934894:clu_10682:ENSG00000175470.18",-0.00112825557824078,0.00250784724130458,0.652789705894984
"chr10:132164735:132167014:clu_10695:ENSG00000188385.11",-0.00147401560649772,0.00274145453744,0.590800424564219
"chr10:132650505:132690392:clu_10713:ENSG00000068383.18",0.00206707479113062,0.00309731701193617,0.504532042963302
"chr10:122228008:122237395:clu_10552:ENSG00000138162.18",-0.0130144741685195,0.00440071214007012,0.00310289250332518
"chr10:117270190:117270330:clu_10457:ENSG00000165646.11",-0.0151769538413208,0.00451199509825823,0.000769078125235967
"chr10:117341102:117374356:clu_10459:ENSG00000165650.11",-0.00191013006221012,0.00317287738729681,0.547161995659399
"chr10:49942300:49952126:clu_9301:ENSG00000204152.10",-0.00108192611809631,0.0040015655755151,0.786871228032523
"chr10:50008076:50008504:clu_9307:ENSG00000204149.10",-0.00421951494369412,0.00537390194039183,0.432344263542141
"chr10:13645074:13654353:clu_8812:ENSG00000239665.8",0.000423226038027791,0.00308808432692204,0.890990229075928
"chr10:29465154:29465595:clu_9035:ENSG00000197321.14",-0.00234292813299757,0.00415708642617449,0.573027332764593
"chr10:29415412:29454186:clu_9033:ENSG00000224597.9",0.00394256245498438,0.00283804756045664,0.164777642070752
"chr10:29415412:29420491:clu_9033:ENSG00000224597.9",-0.0045888060801511,0.00259851776283141,0.0774072313336821
"chr10:29415412:29458274:clu_9033:ENSG00000224597.9",0.00867304593115368,0.00253985830196757,0.00063834598918755
"chr10:104278116:104299128:clu_10347:ENSG00000065621.14",-0.0136048544573809,0.00382448315696948,0.000374678519694083
"chr10:11257872:11266598:clu_8755:ENSG00000048740.18",-0.00307066696947666,0.0032052118181844,0.338051109256766
"chr10:11165682:11217425:clu_8754:ENSG00000048740.18",0.00437203862014802,0.0032752080641886,0.18191273821852
"chr10:104278116:104279370:clu_10347:ENSG00000065621.14",0.0108230213380601,0.00315125039268804,0.000593612023215284
"chr10:104297684:104299128:clu_10347:ENSG00000065621.14",-0.00412020824213265,0.00414922479987392,0.320706664006157
"chr10:59254443:59262434:clu_9342:ENSG00000148541.12",0.00391937314798017,0.00350750755531712,0.263813075076107
"chr10:43167098:43171984:clu_9175:ENSG00000169826.7",0.0070874437284149,0.00479718893520388,0.139564157580928
"chr10:42550615:42551400:clu_9160:ENSG00000234420.7",-0.00726393512690313,0.00492831421030262,0.140503446516146
"chr10:42594699:42614282:clu_9165:ENSG00000196693.14",-0.000361233147878882,0.00483713668156018,0.94047001498481
"chr10:43396590:43397185:clu_9178:ENSG00000169813.16",0.0104440488316098,0.00450965811016848,0.0205621355164294
"chr10:43396590:43409090:clu_9178:ENSG00000169813.16",-0.00477097710937104,0.00369046992405767,0.196086090759279
"chr10:43160595:43162200:clu_9175:ENSG00000169826.7",0.000910013072660598,0.00497617232149911,0.854896799399604
"chr10:42525639:42550557:clu_9160:ENSG00000234420.7",0.00877611168552427,0.00360969918305658,0.0150464768246076
"chr10:110578706:110580904:clu_10371:ENSG00000108055.9",0.0114346854491113,0.00601190931086638,0.0571704165522361
"chr10:110208082:110228189:clu_10365:ENSG00000119950.20",-0.011797341026655,0.00363046060958078,0.00115590246835962
"chr10:110872018:110875966:clu_10375:ENSG00000150593.17",-0.00124146435584894,0.0042774595976009,0.771637200569566
"chr10:110008299:110100625:clu_10361:ENSG00000148700.14",0.00626063426390913,0.00494458180109622,0.205455618930953
"chr10:110112915:110117342:clu_10363:ENSG00000148700.14",-0.0126805334449939,0.00715304738803233,0.0762708675858026
"chr10:110890670:110894091:clu_10377:ENSG00000150593.17",-0.00731733680256402,0.00468541540193214,0.118352463082201
"chr10:110876070:110881233:clu_10375:ENSG00000150593.17",0.00912402199073585,0.00423220348936706,0.031094898107633
"chr10:110901612:110919121:clu_10374:ENSG00000214413.7",0.00173549083633321,0.00346930057764761,0.616904489922692
"chr10:110100848:110106000:clu_10362:ENSG00000148700.14",-0.00588124496783807,0.00398433497422793,0.1399191971022
"chr10:22387996:22389160:clu_8948:ENSG00000077327.15",-0.00765868984901031,0.00400928933276193,0.0561028008099305
"chr10:22386959:22387823:clu_8948:ENSG00000077327.15",0.00361777396098047,0.00449586466183267,0.420999024776577
"chr10:125798145:125807413:clu_10626:ENSG00000188690.12",-0.00103484668799235,0.00287062281143457,0.718476599787297
"chr10:125785839:125794880:clu_10624:ENSG00000188690.12",-0.00231820990904453,0.00229473149714417,0.312384418698564
"chr10:125796188:125796790:clu_10626:ENSG00000188690.12",0.00167136174536459,0.00350156571314368,0.633135410169431
"chr10:125785260:125785649:clu_10624:ENSG00000188690.12",0.00566010776474286,0.00278464906533985,0.0420918595015486
"chr10:125896655:125980161:clu_10638:ENSG00000203780.10",-0.000995587575274567,0.0031480031384883,0.751805144743937
"chr10:125980338:125988551:clu_10638:ENSG00000203780.10",0.0056978024062306,0.00266186374819163,0.0323118620586399
"chr10:119835700:119836896:clu_10508:ENSG00000197771.12",-0.0086328001847081,0.0035813657167195,0.0159316697596122
"chr10:119751156:119781635:clu_10502:ENSG00000198825.12",-0.000973714380441037,0.00309517120753439,0.753071876060098
"chr10:92091944:92111076:clu_9887:ENSG00000107864.14",-0.00791253217279818,0.00471102048578337,0.0930392110605257
"chr10:92081501:92091830:clu_9887:ENSG00000107864.14",-0.00289012408432841,0.00417862152037865,0.489160083649354
"chr10:92340803:92349349:clu_9892:ENSG00000198060.9",0.00202447068933122,0.00404616531961229,0.616833547453777
"chr10:91959154:91959785:clu_9882:ENSG00000095564.13",-0.00365823037127264,0.00452952234176132,0.419296969741729
"chr10:68493198:68493449:clu_9437:ENSG00000122912.14",0.00975947941367865,0.00399091979936611,0.0144683108956627
"chr10:68493570:68503632:clu_9437:ENSG00000122912.14",-0.00314824143847397,0.00450692985650893,0.48484362186336
"chr10:13126039:13127745:clu_8794:ENSG00000123240.16",0.00249761103121349,0.00234607269790969,0.28706044616317
"chr10:12091684:12094073:clu_8772:ENSG00000181192.11",-0.00849827294496042,0.00262185120371516,0.00118975284208989
"chr10:12149961:12156907:clu_8778:ENSG00000065665.20",0.00541923886706641,0.00279640103287582,0.0526313525527844
"chr10:13125567:13125946:clu_8794:ENSG00000123240.16",-0.0018530656764121,0.00240789406012788,0.441549426039381
"chr10:15109215:15109702:clu_8848:ENSG00000152465.17",-0.00534717362760494,0.00368644902746567,0.14692070290838
"chr10:16695155:16752539:clu_8876:ENSG00000148484.17",-0.00268286760876948,0.00323434934003126,0.406825938329614
"chr10:16593496:16695023:clu_8876:ENSG00000148484.17",-0.000981714660634731,0.00329984923486574,0.766082607315596
"chr10:16437047:16484337:clu_8873:ENSG00000165983.14",0.000919187161282855,0.00380759972460558,0.809238480073973
"chr10:24474060:24495147:clu_8958:ENSG00000120549.17",0.00280649126179796,0.00580609612944626,0.628833219543013
"chr10:24589302:24591225:clu_8963:ENSG00000107863.17",0.00567895427489695,0.00343361296118911,0.0981418079330579
"chr10:24591330:24591642:clu_8963:ENSG00000107863.17",-0.00162765136857907,0.00337069522709541,0.629178824629505
"chr10:33194780:33197650:clu_9100:ENSG00000099250.17",-0.00428756124436132,0.00456032881803121,0.347121719251958
"chr10:88911011:88913101:clu_9839:ENSG00000138134.11",-0.00720812820823921,0.00386441238860309,0.0621451736185827
"chr10:88943907:88947258:clu_9843:ENSG00000107796.13",0.00288978217435999,0.00432665662413328,0.504196215316973
"chr10:88947053:88947258:clu_9843:ENSG00000107796.13",-0.000872275199942938,0.0046339392144525,0.850691480750777
"chr10:116835022:116849566:clu_10453:ENSG00000225302.2",0.00151803135467093,0.0034625451418454,0.661085553027314
"chr10:116835257:116849566:clu_10453:ENSG00000225302.2",0.00303852664750489,0.00353622971231413,0.390199285879943
"chr10:102890678:102900593:clu_10283:ENSG00000214435.7",-0.0140548411041966,0.00464259558337509,0.00246694169274064
"chr10:103139479:103153291:clu_10292:ENSG00000076685.18",-0.0213164017711974,0.00450932051996109,2.27651487905156e-06
"chr10:103398528:103400397:clu_10300:ENSG00000148843.13",-0.0104953850603421,0.0046937010481798,0.0253480100822761
"chr10:103605917:103611581:clu_10316:ENSG00000107957.16",0.00121663448238592,0.00584985532649689,0.835247043333512
"chr10:103068722:103071774:clu_10286:ENSG00000148842.17",0.00151743557301679,0.00491459556013011,0.757503317359955
"chr10:103106706:103139406:clu_10292:ENSG00000076685.18",-0.0217585701341633,0.00350039348631959,5.09872810638967e-10
"chr10:50125241:50125369:clu_9316:ENSG00000099290.15",0.000706205112206108,0.00362780374396509,0.845655494969079
"chr10:49981281:49987165:clu_9304:ENSG00000178440.5",0.00708880703770742,0.00394067311531312,0.072037304216313
"chr10:50125449:50126057:clu_9316:ENSG00000099290.15",-0.00228074335875388,0.00351507245956037,0.516437433279073
"chr10:50590247:50623707:clu_9320:ENSG00000198964.13",0.00146837681633679,0.00420795474529944,0.727124883076954
"chr10:49952533:49955002:clu_9302:ENSG00000204152.10",-0.00938938466367603,0.00313902025666282,0.00277898716603309
"chr10:49981281:49987165:clu_9304:ENSG00000204149.10",0.00711127341137154,0.00394905494986072,0.0717417853705878
"chr10:89007837:89008889:clu_9844:ENSG00000026103.21",0.00234765982565223,0.00368741340621733,0.52434082002096
"chr10:89012081:89013343:clu_9846:ENSG00000026103.21",0.00482629903961757,0.00378395424863692,0.202144907221138
"chr10:88664491:88667287:clu_9837:ENSG00000182333.14",0.00268681585402911,0.00382121939305393,0.481974434157845
"chr10:124407416:124408542:clu_10588:ENSG00000065154.11",0.00807758854949029,0.00422317868107682,0.0557890568920011
"chr10:119132609:119136471:clu_10485:ENSG00000119979.16",-0.00312294388333401,0.00364316976537368,0.3913315170769
"chr10:42525660:42550557:clu_9160:ENSG00000234420.7",-0.00536716817502215,0.00234279704283152,0.0219678540163669
"chr10:42523738:42525540:clu_9160:ENSG00000234420.7",-0.00284631794349171,0.00333537018936921,0.393451977710829
"chr10:42523738:42550557:clu_9160:ENSG00000234420.7",0.00711732234593504,0.00291286142356279,0.0145490925571008
"chr10:42802218:42817318:clu_9171:ENSG00000165733.7",0.00416127476963043,0.0050417501373447,0.409165449892635
"chr10:43558171:43567899:clu_9182:ENSG00000196793.13",3.63979666272966e-05,0.00395919678068616,0.992664934795485
"chr10:35188388:35206895:clu_9121:ENSG00000095794.19",0.00857767176747874,0.00418403397059688,0.040355052927648
"chr10:35148491:35178889:clu_9121:ENSG00000095794.19",-0.00635743008529364,0.00425282586094133,0.134947864236947
"chr10:35195214:35206895:clu_9121:ENSG00000095794.19",-0.00152387883723749,0.00441123622832143,0.729753148541497
"chr10:35049765:35054434:clu_9119:ENSG00000108094.14",-0.0127501122814362,0.00621547609454814,0.0402329466274762
"chr10:71351788:71356081:clu_9522:ENSG00000198246.7",-0.00520647262061612,0.0023518155256954,0.0268418550518623
"chr10:72220379:72223888:clu_9546:ENSG00000166295.8",-0.000911596382091962,0.00332904691040153,0.784214467504547
"chr10:43172163:43175951:clu_9175:ENSG00000169826.7",-0.00744446877727362,0.00347519862520431,0.032179745902174
"chr10:43646202:43648802:clu_9183:ENSG00000169740.13",0.00299564696949248,0.0042899827176066,0.484996589606719
"chr10:3166380:3166936:clu_8667:ENSG00000107959.15",-0.00480114984276666,0.00270931203596694,0.076379307641266
"chr10:59252995:59254348:clu_9341:ENSG00000148541.12",-0.00354742059795603,0.0031664844862196,0.262584862042849
"chr10:59252998:59254348:clu_9341:ENSG00000148541.12",0.00135390149159372,0.0031651476320532,0.668830936429392
"chr10:87208512:87215994:clu_9816:ENSG00000223482.7",0.00058921167030092,0.00365976856267666,0.872095782622445
"chr10:87170974:87180075:clu_9814:ENSG00000122376.11",-0.0017586475450387,0.00404415184014629,0.663662672586027
"chr10:86446449:86451967:clu_9783:ENSG00000062650.17",-0.00377179355147265,0.00333234937004088,0.257688175573204
"chr10:86692571:86709905:clu_9791:ENSG00000122367.19",-0.00518586195658696,0.00417889914924608,0.21461917609381
"chr10:86452131:86453220:clu_9783:ENSG00000062650.17",0.00313287101266339,0.00347877166237407,0.367817967315992
"chr10:17594383:17599274:clu_8890:ENSG00000165996.13",0.00422328391866551,0.00358366022637368,0.238603965176268
"chr10:27509930:27526828:clu_9009:ENSG00000099246.16",0.00573272899939591,0.00363560464318437,0.114834739818832
"chr10:27149040:27154178:clu_9001:ENSG00000136758.18",0.00480882329042433,0.00368863060635484,0.192339998041098
"chr10:26755741:26759062:clu_8982:ENSG00000136754.16",-0.00438980643604548,0.00318803054120587,0.168523072836274
"chr10:26751783:26759062:clu_8982:ENSG00000136754.16",-0.0028011781195957,0.00499747697651425,0.575125849004053
"chr10:130064383:130068276:clu_10675:ENSG00000237489.3",-0.00434525355624405,0.00386039738557558,0.260335936643268
"chr10:129536377:129707895:clu_10667:ENSG00000170430.9",0.00316697889903377,0.00236024641510211,0.17966081660343
"chr10:32845959:32846376:clu_9093:ENSG00000216937.13",0.00140615813629858,0.00332246339167956,0.672129227197666
"chr10:32345562:32346763:clu_9081:ENSG00000120616.15",-0.0016821697178857,0.00424859525109458,0.692152605665828
"chr10:32871246:32876347:clu_9094:ENSG00000216937.13",-0.00148293611934052,0.00334499061513615,0.657526750333114
"chr10:33197709:33207572:clu_9101:ENSG00000099250.17",-0.0011645393603621,0.00425898560196469,0.78452180522809
"chr10:32846459:32847833:clu_9093:ENSG00000216937.13",-0.00136175083584407,0.00334054124921273,0.683535223434378
"chr10:32305931:32378491:clu_9081:ENSG00000120616.15",0.011255433223064,0.00639156640894147,0.0782414542598366
"chr10:18609926:18614448:clu_8906:ENSG00000241058.3",0.0126012298396126,0.00331572971881534,0.000144439743110736
"chr10:50311415:50327205:clu_9317:ENSG00000198964.13",-0.00275289137738227,0.00413229971115084,0.505290493994101
"chr10:50327322:50343492:clu_9317:ENSG00000198964.13",0.000858797697054476,0.0041585107635429,0.836388114296202
"chr10:121959595:121960358:clu_10541:ENSG00000107672.14",0.00476750317149173,0.00389970288213689,0.22150732364372
"chr10:124498128:124517180:clu_10591:ENSG00000107902.13",-0.00458414732515895,0.00284873964926275,0.107576032476744
"chr10:122954568:122983272:clu_10571:ENSG00000179988.13",0.00542859715608462,0.00289541008322674,0.0608068246669998
"chr10:124405563:124408542:clu_10588:ENSG00000065154.11",-0.00271578547041796,0.00399930381378529,0.497096958832028
"chr10:123034515:123040466:clu_10577:ENSG00000196177.12",-0.00679886300777402,0.00440551506744311,0.122767273888637
"chr10:17168917:17174551:clu_8881:ENSG00000107614.21",0.00464169942341403,0.00355336077424998,0.191455891115447
"chr10:109891826:109893012:clu_10358:ENSG00000108039.17",-0.000320533469652017,0.00393313322533803,0.93504773950371
"chr10:110228321:110279180:clu_10366:ENSG00000119950.20",-0.00638807783830596,0.00411162796694993,0.120265194861702
"chr10:109888595:109891722:clu_10358:ENSG00000108039.17",0.010460592632795,0.00481329662901096,0.0297600103319987
"chr10:109880931:109882432:clu_10356:ENSG00000108039.17",-0.00327413472424642,0.00510729482797319,0.521477048082984
"chr10:3149753:3151247:clu_8663:ENSG00000107959.15",0.0046818704825826,0.00275145241374464,0.0888304419318798
"chr10:132344650:132347984:clu_10706:ENSG00000148814.17",-0.0023637997489145,0.00290065770420341,0.415118938465388
"chr10:133357013:133357187:clu_10749:ENSG00000148803.11",0.00518171324329806,0.00351933311286088,0.140924613540776
"chr10:133282342:133283078:clu_10729:ENSG00000130640.13",-0.00611904266021609,0.00380175312767142,0.107500101287417
"chr10:133389747:133391312:clu_10754:ENSG00000148832.15",-0.00248067643469132,0.00386701815654957,0.521200519995413
"chr10:133281436:133282223:clu_10729:ENSG00000130640.13",0.0077802745219065,0.00387914828414008,0.0448919308505905
"chr10:133362933:133363659:clu_10750:ENSG00000127884.4",0.0121775919509959,0.00459302140055705,0.00801766766093492
"chr10:132405986:132417061:clu_10712:ENSG00000171813.13",-0.00120596341498813,0.00310758061524685,0.697963135402403
"chr10:127127764:127248008:clu_10646:ENSG00000150760.12",0.00104519772266477,0.00273891726131623,0.702750799335035
"chr10:97600163:97601857:clu_10037:ENSG00000241935.8",-0.00118254297780924,0.00300957734089747,0.694373697963997
"chr10:97754858:97757265:clu_10049:ENSG00000155256.17",0.00464310809052017,0.00361640361187426,0.199176222184269
"chr10:97617322:97619587:clu_10039:ENSG00000171160.17",-0.000881088115438109,0.0031471679185283,0.77950649075875
"chr10:98391082:98392432:clu_10065:ENSG00000119943.12",0.000932388951772747,0.00467050953412219,0.841767429100904
"chr10:98431291:98433983:clu_10078:ENSG00000107521.18",-0.00709339535286427,0.00350350264508712,0.0429024737791709
"chr10:97461007:97461828:clu_10026:ENSG00000155229.20",0.00918168471363673,0.00471193730458758,0.051343118754737
"chr10:97679915:97686766:clu_10043:ENSG00000119986.6",-0.00589674340740217,0.00190622195588609,0.0019786449159731
"chr10:97743164:97744729:clu_10046:ENSG00000155256.17",0.000370515216863523,0.00402198350567051,0.926600703877412
"chr10:97753182:97757265:clu_10049:ENSG00000155256.17",-0.0081484165750845,0.00261432619198967,0.00182805467646929
"chr10:97748364:97749474:clu_10046:ENSG00000155256.17",0.00175152783280244,0.00356586640150866,0.623290104619024
"chr10:97453663:97453799:clu_10019:ENSG00000171307.18",-0.000334849526168836,0.00411785979163943,0.935190333371952
"chr10:98417726:98418175:clu_10073:ENSG00000107521.18",0.0146920364757993,0.00401377154316479,0.000251815180311699
"chr10:98388084:98388354:clu_10063:ENSG00000119943.12",-0.00130697099426977,0.00605593128360158,0.829130644607708
"chr10:97452284:97452415:clu_10018:ENSG00000171307.18",-0.00318659817435219,0.00365933842469474,0.383856459500646
"chr10:97453663:97454714:clu_10019:ENSG00000171307.18",0.016406776617737,0.0047095332374695,0.000494464559256391
"chr10:97738674:97748269:clu_10046:ENSG00000155256.17",0.00935639778286727,0.00317448666172616,0.00320485874405263
"chr10:32901635:32908368:clu_9092:ENSG00000150093.18",0.00191964609833704,0.00432016066450076,0.656792450513355
"chr10:32584304:32623719:clu_9087:ENSG00000216937.13",-0.00125288505301557,0.0042914956554863,0.770327900719327
"chr10:31839711:31843461:clu_9072:ENSG00000165322.17",-0.0018510932846829,0.00431950394081088,0.668255816229485
"chr10:32567891:32571859:clu_9086:ENSG00000216937.13",0.0032533835187186,0.00351487803045744,0.354652057296727
"chr10:32583307:32584232:clu_9086:ENSG00000216937.13",0.00402870005425876,0.00354355739611993,0.255576593809405
"chr10:31831800:31839305:clu_9072:ENSG00000165322.17",0.000760446705199691,0.00438221593421837,0.862234710136617
"chr10:16505160:16511046:clu_8874:ENSG00000165983.14",0.00249803702934097,0.00320147210271398,0.435227483576441
"chr10:16764510:16782034:clu_8877:ENSG00000148484.17",0.00799991161343008,0.00356527410517067,0.0248425719959422
"chr10:14923069:14926843:clu_8841:ENSG00000152457.17",-0.00313467466091181,0.00337214600563943,0.35258932743611
"chr10:79394440:79432558:clu_9740:ENSG00000165424.6",-0.00256118624075368,0.00284141511140794,0.367387903815998
"chr10:80421767:80422417:clu_9762:ENSG00000122378.13",-0.00329592233412822,0.003344019229904,0.324321073147944
"chr10:80420645:80422417:clu_9762:ENSG00000122378.13",0.00315625864631652,0.00314838256103769,0.316101380161949
"chr10:79352392:79353707:clu_9739:ENSG00000108179.13",-0.00949031889161816,0.00348590552111708,0.00647933460957706
"chr10:79351583:79352317:clu_9739:ENSG00000108179.13",0.00669772735578781,0.00329298262196149,0.0419576979373438
"chr10:99144399:99232348:clu_10091:ENSG00000172987.12",0.0023403314576083,0.00361066969643081,0.51687434389322
"chr10:99696541:99716348:clu_10100:ENSG00000014919.12",0.00234262764406721,0.00465239395677699,0.614590528050824
"chr10:99403634:99405756:clu_10094:ENSG00000120053.10",-0.00716697191421461,0.00445719121782519,0.107844591995431
"chr10:122996176:122998493:clu_10575:ENSG00000095574.11",5.53131805709651e-05,0.00305395969857844,0.985549540821719
"chr10:124488575:124496961:clu_10590:ENSG00000107902.13",0.00446639152465343,0.00291741279001969,0.125783579290976
"chr10:124412200:124414346:clu_10589:ENSG00000065154.11",-0.0151480873706062,0.00370830794085873,4.40947653760349e-05
"chr10:122987504:122990174:clu_10572:ENSG00000179988.13",0.00494813165405036,0.00298160137603441,0.097003995152487
"chr10:24528119:24531833:clu_8960:ENSG00000120549.17",-0.00226989062319572,0.00371254642687397,0.540927718321206
"chr10:24528119:24531830:clu_8960:ENSG00000120549.17",-0.00202125747828873,0.00337977873866208,0.549810360884858
"chr10:110919657:110964125:clu_10378:ENSG00000108061.11",0.00412762416774875,0.00358289561453401,0.249306345050526
"chr10:112376448:112394918:clu_10381:ENSG00000197142.10",-0.00217683188016287,0.00341660098562452,0.524037710813382
"chr10:60279639:60615186:clu_9364:ENSG00000151150.21",0.00088904197262404,0.00419964663324367,0.8323454018111
"chr10:95633049:95633491:clu_9967:ENSG00000059573.8",0.00251462969308577,0.00402440564679495,0.532072801615928
"chr10:95633049:95633497:clu_9967:ENSG00000059573.8",-0.00613516628847864,0.00416084230445433,0.140346738976922
"chr10:95238685:95247215:clu_9951:ENSG00000107438.8",-0.0100263254248798,0.0055479897519331,0.0707311474382258
"chr10:95653405:95656446:clu_9970:ENSG00000059573.8",-0.00280405074097885,0.00413320031193525,0.49750466715284
"chr10:95247366:95263864:clu_9951:ENSG00000107438.8",0.0136604079385288,0.00558318010840579,0.0144167835603233
"chr10:1012662:1014247:clu_8638:ENSG00000107937.18",-0.0025237303099579,0.004078138835694,0.536019365474845
"chr10:1056564:1072116:clu_8641:ENSG00000047056.14",0.00213792832769225,0.00326997483643932,0.513236965991558
"chr10:1105267:1124218:clu_8643:ENSG00000047056.14",-0.00331486232849322,0.00306103987382823,0.278843784617147
"chr10:114253725:114254915:clu_10422:ENSG00000165816.12",0.00939067954797762,0.00374507629356484,0.0121597700313001
"chr10:114340731:114362948:clu_10433:ENSG00000169129.14",-0.0109253523594744,0.0042993843229872,0.0110490572909314
"chr10:114255048:114261186:clu_10422:ENSG00000165816.12",-0.00933914627598224,0.003556852597128,0.00864768191868781
"chr10:29409683:29415357:clu_9032:ENSG00000224597.9",-0.00865099196547532,0.00283926012412233,0.00231200992132041
"chr10:29658068:29686553:clu_9049:ENSG00000197321.14",0.00222519447382768,0.00411183738107318,0.588391848386187
"chr10:29409658:29415357:clu_9032:ENSG00000224597.9",0.0101576697170603,0.00284292293266388,0.000352959305340295
"chr10:30434748:30437176:clu_9059:ENSG00000107968.9",-0.00513256774910879,0.00393601882053526,0.192233651054939
"chr10:29508389:29512735:clu_9043:ENSG00000197321.14",-0.00495444075249029,0.00506851848863661,0.328325199225492
"chr10:132365550:132366615:clu_10711:ENSG00000148814.17",0.00185575447182288,0.00256142329337174,0.468758037518856
"chr10:133288278:133288840:clu_10733:ENSG00000130640.13",0.00215796287839097,0.00364271691161051,0.553579572177649
"chr10:132365550:132375066:clu_10711:ENSG00000148814.17",-0.0040249123006819,0.00259425693783827,0.12078904615177
"chr10:133285628:133288129:clu_10732:ENSG00000130640.13",0.00792730644819311,0.00370675595494481,0.0324672429937377
"chr10:132332256:132333477:clu_10703:ENSG00000148814.17",-0.00150500764859194,0.00264756354585705,0.569729408880325
"chr10:122132734:122143572:clu_10547:ENSG00000138162.18",0.000495549900968984,0.00229154978269086,0.828792112224252
"chr10:15837318:15838228:clu_8872:ENSG00000148481.13",0.00117750368818287,0.00332768503240869,0.7234507730375
"chr10:15796172:15816835:clu_8869:ENSG00000148481.13",-0.0023439716610369,0.00332101970800877,0.480313280361786
"chr10:15097766:15102218:clu_8846:ENSG00000152464.14",-0.00373842684824509,0.00368468943100842,0.310304181535347
"chr10:15796172:15821656:clu_8869:ENSG00000148481.13",0.00181899157689263,0.00333086359990164,0.584995762512931
"chr10:14553387:14604240:clu_8826:ENSG00000065809.13",-0.0065575602679962,0.00279477750687479,0.0189576754167484
"chr10:97452503:97452807:clu_10019:ENSG00000171307.18",0.000433319771318077,0.00349322680120527,0.90127908939599
"chr10:96057000:96057088:clu_9987:ENSG00000107443.15",0.00124620291623672,0.00394935573518382,0.75234722452199
"chr10:95410777:95421961:clu_9960:ENSG00000095637.21",0.00410438894643878,0.004812485638509,0.393735511825642
"chr10:95372049:95375973:clu_9957:ENSG00000095637.21",-0.00249088412397993,0.00544288370543462,0.647210727962255
"chr10:38095224:38095538:clu_9140:ENSG00000075407.18",0.00984452876916398,0.00943222335905596,0.296618456870986
"chr10:79292356:79293381:clu_9737:ENSG00000108175.16",0.00140488502238236,0.00305413182757784,0.645519891111121
"chr10:80504778:80507228:clu_9763:ENSG00000108219.14",-0.00507731620673551,0.00369372664183824,0.169262243575231
"chr10:79808832:79814613:clu_9746:ENSG00000225484.6",-0.00480097258775152,0.00352770337160599,0.173534446662149
"chr10:79292356:79293363:clu_9737:ENSG00000108175.16",0.000531481475003837,0.00327489516552322,0.871077792439462
"chr10:79814716:79826198:clu_9747:ENSG00000225484.6",-0.00915795729813025,0.00515522913877998,0.0756603576938428
"chr10:1043393:1048864:clu_8640:ENSG00000067064.10",-0.00220537226847527,0.00407471982728818,0.588347090508734
"chr10:130179420:130180113:clu_10678:ENSG00000108010.11",-0.000379106395803451,0.00370927619536896,0.91859399714955
"chr10:46033568:46038966:clu_9231:ENSG00000263639.5",0.188061112678671,0.0109140656400803,0
"chr10:46796793:46798029:clu_9249:ENSG00000204177.10",-0.00887055266665267,0.0043957846146493,0.0435945946208663
"chr10:121564579:121593709:clu_10535:ENSG00000066468.22",0.00806686358260417,0.00444960320171488,0.0698410775339129
"chr10:18596327:18614460:clu_8906:ENSG00000241058.3",-0.00591315837479186,0.00364608865910331,0.104850185599416
"chr10:17684927:17688027:clu_8891:ENSG00000136738.14",-0.000699726203779024,0.00339782464642795,0.836842792211389
"chr10:17594383:17599172:clu_8890:ENSG00000165996.13",0.00116333148720186,0.00480059031087784,0.808523753614684
"chr10:79692056:79766271:clu_9744:ENSG00000225484.6",0.00190615361771376,0.00287193221517842,0.50687070253912
"chr10:80082204:80090380:clu_9756:ENSG00000133678.13",0.00562026862055917,0.0043485453527966,0.196202052816252
"chr10:49528525:49530720:clu_9292:ENSG00000225830.12",-0.00388593809648376,0.00319486868603812,0.223868359534527
"chr10:49994429:50001996:clu_9306:ENSG00000204149.10",0.00299664930325398,0.00269181281901774,0.265602879194831
"chr10:49737858:49737947:clu_9294:ENSG00000197444.9",0.00219893359622359,0.00439804767692716,0.617089525374787
"chr10:49955060:49958370:clu_9302:ENSG00000204152.10",0.00459498592607109,0.00383904972575467,0.231342761203489
"chr10:49736520:49737786:clu_9294:ENSG00000197444.9",0.00400609455786307,0.00410938623967549,0.329627502100788
"chr10:49922419:49922547:clu_9299:ENSG00000227345.8",0.00180664554301819,0.00468950364366038,0.700049948700814
"chr10:97478389:97480942:clu_10031:ENSG00000155229.20",0.00127798675558819,0.00314797883446145,0.684764226016792
"chr10:97462682:97463858:clu_10025:ENSG00000155229.20",-0.00852293931916929,0.00362596364287677,0.0187466547526689
"chr10:97443311:97445453:clu_10017:ENSG00000171311.12",-0.00204764803361637,0.00444329706084443,0.644913560235382
"chr10:97459505:97459659:clu_10023:ENSG00000155229.20",-0.00218803841202719,0.00310260845197241,0.480669951645074
"chr10:97459741:97460046:clu_10024:ENSG00000155229.20",0.00468759691188454,0.00341400086560404,0.169736528063243
"chr10:97461725:97461828:clu_10026:ENSG00000155229.20",-0.00506264954718671,0.00472388827776075,0.283849238692811
"chr10:113876976:113879574:clu_10417:ENSG00000196865.4",-0.00605844459958519,0.00386847189871493,0.117323346965593
"chr10:12210322:12215740:clu_8784:ENSG00000151465.13",0.0059004747256887,0.00280099296242404,0.0351552727332916
"chr10:13648768:13654353:clu_8812:ENSG00000239665.8",-0.00336558669543067,0.00257798371410178,0.19171882493716
"chr10:13333971:13336243:clu_8799:ENSG00000086475.14",-0.00419228116440806,0.00331324278726581,0.205760014156425
"chr10:12215835:12217361:clu_8784:ENSG00000151465.13",-0.00341799328269191,0.00270808081147508,0.206896266285534
"chr10:124517271:124613264:clu_10591:ENSG00000107902.13",0.00352744416864711,0.00275197302010107,0.199917257543797
"chr10:124774782:124783640:clu_10600:ENSG00000203791.14",0.00108850198709728,0.00364677326776176,0.765334096774762
"chr10:13638923:13644917:clu_8811:ENSG00000165630.13",-0.00665295379276531,0.00250981989903084,0.00803086515489715
"chr10:13638923:13644917:clu_8811:ENSG00000239665.8",-0.00721256174658013,0.00254705893732376,0.00462981435064436
"chr10:122427031:122428276:clu_10561:ENSG00000107679.14",-0.021206896659376,0.00402102289841827,1.33477944253002e-07
"chr10:121961517:121963238:clu_10542:ENSG00000107672.14",-0.00900105071277512,0.00336493558526287,0.00747393182390022
"chr10:104033375:104033945:clu_10333:ENSG00000065618.18",0.00608422670399118,0.00550588120213134,0.269141648010249
"chr10:104074231:104076301:clu_10339:ENSG00000065618.18",0.00908222166010667,0.00336608947523173,0.00697255581042844
"chr10:104274949:104277894:clu_10347:ENSG00000065621.14",-0.00957894480863184,0.00341877954217212,0.0050808771816484
"chr10:35179276:35188200:clu_9121:ENSG00000095794.19",-0.00585537003839589,0.00454727523940592,0.197862382503811
"chr10:35148491:35206895:clu_9121:ENSG00000095794.19",0.0143324308552637,0.00496635771637354,0.00390291372031981
"chr10:35530243:35553019:clu_9124:ENSG00000108100.17",0.00183032270966158,0.00507113368209954,0.718152007824257
"chr10:35207051:35211254:clu_9122:ENSG00000095794.19",0.00443973725086403,0.00584361763472689,0.447399047400391
"chr10:35207051:35211656:clu_9122:ENSG00000095794.19",-0.00303108531352013,0.00535706246351607,0.571522211610396
"chr10:35566185:35569054:clu_9127:ENSG00000108100.17",-0.000583884242783287,0.00318419770653764,0.854508228411774
"chr10:11314270:11321207:clu_8756:ENSG00000048740.18",-0.000261743576656026,0.00356189639335846,0.941420711720449
"chr10:30850367:30876998:clu_9063:ENSG00000183621.15",0.0111174557843527,0.00302855457759408,0.000241718262297352
"chr10:29415412:29467240:clu_9033:ENSG00000224597.9",0.00312248734182665,0.00295453001412576,0.29058124095864
"chr10:30337027:30340226:clu_9055:ENSG00000107951.14",0.00466180162274027,0.00277724822914177,0.0932361538909681
"chr10:29529844:29530607:clu_9045:ENSG00000197321.14",-0.00224590150275986,0.00358343188177361,0.530825763058551
"chr10:29533458:29535989:clu_9044:ENSG00000197321.14",-0.000372913286463067,0.00288326016129805,0.897090702720051
"chr10:30337031:30340226:clu_9055:ENSG00000107951.14",-0.000493464795321207,0.00309040493607696,0.873135976971482
"chr10:50100064:50104042:clu_9313:ENSG00000099290.15",0.00290439751682754,0.00316167411253193,0.358290983905975
"chr10:50627609:50629031:clu_9322:ENSG00000226200.6",-0.0149732127615429,0.00403659670477331,0.000207779256952922
"chr10:49973142:49987165:clu_9304:ENSG00000204149.10",-0.00323301879644646,0.00517843179280914,0.532414883018471
"chr10:49973142:49987165:clu_9304:ENSG00000178440.5",-0.00323301879644646,0.00517843179280914,0.532414883018471
"chr10:50126179:50127583:clu_9316:ENSG00000099290.15",-0.00768000763955312,0.00446290689861739,0.0852774649168764
"chr10:98383868:98384947:clu_10062:ENSG00000119943.12",0.00351806902748241,0.00397887614277838,0.376595482714133
"chr10:98430670:98433983:clu_10078:ENSG00000107521.18",0.00212834087842096,0.00397106670224841,0.591984808719658
"chr10:99232505:99235513:clu_10092:ENSG00000172987.12",-0.00234687164751039,0.00527074282747761,0.656129033725015
"chr10:99659964:99661446:clu_10099:ENSG00000198018.6",-0.00142424998566622,0.00453188770497082,0.753313696128368
"chr10:98252468:98253553:clu_10057:ENSG00000138131.3",0.0189893646731389,0.00530279080264162,0.000342264159309491
"chr10:98236164:98244091:clu_10056:ENSG00000166024.13",0.00551370043459636,0.00340914791700214,0.105808127884116
"chr10:95268862:95290820:clu_9952:ENSG00000107438.8",-0.0031598767557509,0.00382235754324791,0.408416944047663
"chr10:95422073:95432448:clu_9961:ENSG00000095637.21",-0.00144208370479664,0.00430626959827755,0.737715584754389
"chr10:95422073:95422190:clu_9961:ENSG00000095637.21",0.00228475193710043,0.00476970953573257,0.631929520117985
"chr10:95039038:95042890:clu_9948:ENSG00000138115.13",-0.00393526809534901,0.00471016293772035,0.403444974255166
"chr10:95322021:95322746:clu_9953:ENSG00000095637.21",0.00204769329971641,0.00544652243122149,0.706944077347593
"chr10:95434717:95437490:clu_9962:ENSG00000095637.21",-0.00282607538415706,0.00465464157641644,0.543749980577799
"chr10:95357803:95367650:clu_9956:ENSG00000095637.21",0.00811812090317856,0.00534050665668209,0.128485057207575
"chr10:96133648:96151416:clu_9989:ENSG00000177853.14",0.00208101325232105,0.00438806746618441,0.635326150089303
"chr10:58269304:58277117:clu_9332:ENSG00000122873.11",-0.00013934578121529,0.00580635066754926,0.980853520172844
"chr10:127381368:127384790:clu_10653:ENSG00000150760.12",0.00276790379280618,0.00264980585495779,0.296222433111016
"chr10:125827638:125831420:clu_10629:ENSG00000107949.16",-0.0141810742309769,0.00475200751720877,0.00284294774848814
"chr10:127384909:127403055:clu_10653:ENSG00000150760.12",-0.000474308429511218,0.00262041445916258,0.856363558453025
"chr10:125731925:125733404:clu_10614:ENSG00000107938.17",-0.00338703867200213,0.00288024730020053,0.239613211429386
"chr10:126905563:126970702:clu_10643:ENSG00000150760.12",-0.00605416892749344,0.00255979973980494,0.0180254585993899
"chr10:49958480:49970109:clu_9303:ENSG00000204152.10",0.0160117673817771,0.00434374803776013,0.000227659726801277
"chr10:49885295:49908455:clu_9298:ENSG00000227345.8",0.00169505951623479,0.00403942641236506,0.674756671499634
"chr10:7381949:7410861:clu_8730:ENSG00000198879.11",0.00355732434198055,0.00255961349077285,0.164592761377145
"chr10:49934163:49935076:clu_9300:ENSG00000227345.8",-0.000708294936571903,0.00359996313238816,0.844022704272602
"chr10:49155909:49161599:clu_9286:ENSG00000204161.13",0.00559702034459692,0.00416865171879086,0.179386877368886
"chr10:49517121:49524033:clu_9291:ENSG00000225830.12",0.00198021271417834,0.00390687773988177,0.612257963459582
"chr10:49935142:49941509:clu_9300:ENSG00000227345.8",0.000301891726968115,0.00397056167576943,0.93939324249492
"chr10:124706887:124744013:clu_10593:ENSG00000189319.13",-0.0119930435797085,0.00292245775957503,4.06502190718472e-05
"chr10:124706887:124744013:clu_10593:ENSG00000203791.14",-0.0115213693888394,0.00296865687439243,0.000104026103207921
"chr10:124682379:124696158:clu_10592:ENSG00000189319.13",-0.00344338417947359,0.00308697276803655,0.264654802208372
"chr10:124706887:124760386:clu_10593:ENSG00000203791.14",0.00592518112891395,0.00362940522490044,0.102563927908476
"chr10:124696212:124706636:clu_10592:ENSG00000189319.13",-0.000570026555932597,0.00321049851245879,0.859075772101241
"chr10:124706887:124760386:clu_10593:ENSG00000189319.13",0.00627222893710015,0.00361103719632104,0.0823941450730982
"chr10:46550742:46554585:clu_9241:ENSG00000204175.5",0.00924405083306667,0.00500775017772805,0.0648996283261745
"chr10:84139593:84141462:clu_9771:ENSG00000165678.20",-0.000399440554855566,0.00350572681092957,0.909285799353002
"chr10:84438707:84463933:clu_9778:ENSG00000107771.15",0.00139263804615641,0.00283984281931279,0.623856076612328
"chr10:19692554:19730706:clu_8911:ENSG00000204740.10",0.00160162660788088,0.00300226733692518,0.593706647104822
"chr10:95416185:95421961:clu_9960:ENSG00000095637.21",-0.00552801348794445,0.00511246532278634,0.279571973717561
"chr10:97484151:97498273:clu_10032:ENSG00000155229.20",0.0033910721716277,0.00346387015405475,0.327588068836994
"chr10:96527496:96528031:clu_9994:ENSG00000077147.14",0.00150568023801032,0.00289803361218287,0.603375601249786
"chr10:95367699:95371984:clu_9957:ENSG00000095637.21",0.00720259616326566,0.00602593082078346,0.231982734570617
"chr10:97481042:97484103:clu_10032:ENSG00000155229.20",-0.00195566729522532,0.00378424741736829,0.605301641205815
"chr10:95441180:95491035:clu_9964:ENSG00000095637.21",-0.00527105606782573,0.00454575495660019,0.246229746515723
"chr10:95371427:95375973:clu_9957:ENSG00000095637.21",0.000451511721863281,0.00589699616735008,0.938968495510537
"chr10:96528177:96530540:clu_9995:ENSG00000077147.14",0.00357628941604228,0.00472167783678699,0.448798761133683
"chr10:95384285:95397220:clu_9958:ENSG00000095637.21",0.000257122168015201,0.00378223314206385,0.945800300947627
"chr10:97469126:97469646:clu_10030:ENSG00000155229.20",0.00440190412904462,0.00403050131304973,0.274768034572548
"chr10:95384285:95395001:clu_9958:ENSG00000095637.21",-0.00401941668148803,0.00634622527359566,0.526501517767411
"chr10:96527545:96528031:clu_9994:ENSG00000077147.14",-0.00395263636601695,0.00291266191945324,0.174764395863738
"chr10:95756255:95823237:clu_9975:ENSG00000138185.18",0.00202146140846134,0.00437064880670619,0.643716841951718
"chr10:95823364:95839691:clu_9975:ENSG00000138185.18",-0.00328299833138874,0.00336064332017481,0.328620743272873
"chr10:95493286:95561320:clu_9964:ENSG00000095637.21",-0.00101329280122475,0.0041597127379472,0.807543090248329
"chr10:95687159:95687247:clu_9974:ENSG00000119977.20",0.000868078313711799,0.00362475133617795,0.810728512502879
"chr10:27526889:27531529:clu_9010:ENSG00000099246.16",-0.00215280426361444,0.00438802507820211,0.62370307320623
"chr10:27526889:27532507:clu_9010:ENSG00000099246.16",0.00575178934038006,0.00454669481700608,0.205853951784893
"chr10:102362628:102363256:clu_10227:ENSG00000107862.4",0.0256015638318163,0.00539399110923846,2.07159259368872e-06
"chr10:102362664:102363256:clu_10227:ENSG00000107862.4",-0.0077469245249797,0.00537044758415583,0.149158543120084
"chr10:101792901:101793913:clu_10191:ENSG00000198408.13",-0.019486298318914,0.00486143515831749,6.11463355971731e-05
"chr10:102111536:102112075:clu_10211:ENSG00000198728.10",-0.00142227413925368,0.00564456152277728,0.801062338988609
"chr10:102379651:102379853:clu_10232:ENSG00000107862.4",0.00510532609716854,0.00800537251787605,0.523644583252314
"chr10:102379729:102379853:clu_10232:ENSG00000107862.4",-0.00510465505012771,0.00794101245190659,0.520339806891837
"chr10:101462058:101479368:clu_10180:ENSG00000166167.17",-0.00334077401607169,0.00356275012431573,0.348401024296784
"chr10:102395980:102396253:clu_10236:ENSG00000077150.18",-0.00603954832074286,0.00612340655597028,0.323983321315261
"chr10:102147392:102148372:clu_10216:ENSG00000148840.10",-5.85450845360797e-05,0.00556101734633175,0.991600213902413
"chr10:102397408:102397527:clu_10238:ENSG00000077150.18",-0.00345413480019622,0.00515713801373578,0.502999664231436
"chr10:35516623:35529973:clu_9123:ENSG00000108100.17",-0.00134759247872777,0.00598083348174769,0.821731502266278
"chr10:35127193:35178889:clu_9121:ENSG00000095794.19",0.00208587367061919,0.00570725534176754,0.714754965785005
"chr10:35483478:35516523:clu_9123:ENSG00000108100.17",-0.00453015974832898,0.00414689955152104,0.274648139863694
"chr10:103071839:103076086:clu_10286:ENSG00000148842.17",-0.0166416717794936,0.00483528647487221,0.000578041655170503
"chr10:130180321:130183285:clu_10679:ENSG00000108010.11",0.000569121457288849,0.00352488712246441,0.871732636539414
"chr10:95432576:95437490:clu_9962:ENSG00000095637.21",0.000830496768003354,0.00456427387801913,0.855617299248935
"chr10:95844635:95845357:clu_9977:ENSG00000138185.18",3.28994997815354e-05,0.00390358903456264,0.993275498024438
"chr10:95845596:95847446:clu_9977:ENSG00000138185.18",-0.0035697572713276,0.00389620440003554,0.359554629901473
"chr10:95491120:95501784:clu_9964:ENSG00000095637.21",-0.000217202890259832,0.00487067826416351,0.964430947508164
"chr10:96151566:96155326:clu_9989:ENSG00000177853.14",-0.00107304055869998,0.00328348637684819,0.743819801974933
"chr10:95876660:95904830:clu_9980:ENSG00000226688.6",0.00268972196547545,0.00375695212544022,0.474033384737311
"chr10:94522453:94531202:clu_9946:ENSG00000108239.8",-0.00597192037340838,0.00378687940389778,0.114794823072312
"chr10:813213:814742:clu_8627:ENSG00000107929.14",-0.0165545315134058,0.00345642972328357,1.67206714196677e-06
"chr10:1125024:1129213:clu_8644:ENSG00000047056.14",0.00100652807387225,0.00293973480462563,0.73205939062056
"chr10:813213:814637:clu_8627:ENSG00000107929.14",0.0131107418239612,0.00325315124169701,5.57373090391833e-05
"chr10:84372469:84373619:clu_9776:ENSG00000107771.15",-0.00382997803131551,0.00391743324714526,0.328234903128995
"chr10:84499959:84513449:clu_9778:ENSG00000107771.15",-0.00194274772206945,0.00321703689470562,0.54591443981543
"chr10:84470458:84477575:clu_9779:ENSG00000107771.15",0.000132098214244711,0.00381866886950239,0.972404491743295
"chr10:60196243:60196527:clu_9362:ENSG00000151150.21",-0.00617587096445123,0.00406706114653951,0.128886007913138
"chr10:60134373:60138964:clu_9360:ENSG00000151150.21",0.00250994374557175,0.0035642628355376,0.481310003035353
"chr10:60186912:60196145:clu_9362:ENSG00000151150.21",0.00851520503614046,0.0042963312233349,0.0474824566467357
"chr10:97678025:97679619:clu_10043:ENSG00000119986.6",0.00979111032119425,0.00361773680160872,0.00680132454419902
"chr10:98429889:98430571:clu_10079:ENSG00000107521.18",0.00371687563374491,0.00351462048863488,0.290262109797838
"chr10:97426446:97430379:clu_10015:ENSG00000171314.8",0.00169760306355304,0.00385891411177521,0.659997008041375
"chr10:97462119:97462583:clu_10027:ENSG00000155229.20",0.00151109384322249,0.00416202375495476,0.716554769789921
"chr10:97454799:97455714:clu_10021:ENSG00000171307.18",0.00256914836474323,0.00400456132940714,0.521161831246803
"chr10:97454799:97455660:clu_10021:ENSG00000171307.18",0.00459313533336654,0.00371387599495103,0.216179990160308
"chr10:1096246:1103602:clu_8643:ENSG00000047056.14",-0.00160561325586776,0.00291510435414741,0.581776951267891
"chr10:210048:236838:clu_8619:ENSG00000015171.19",0.0568021740859886,0.00835500234147285,1.05653263915428e-11
"chr10:61413535:61428926:clu_9375:ENSG00000196932.11",-0.00113234088824471,0.00405391283806421,0.779998889145594
"chr10:125852642:125853961:clu_10633:ENSG00000089876.11",-0.0045941486834,0.00344975833894355,0.182948735828237
"chr10:125896655:125988551:clu_10638:ENSG00000203780.10",-0.00318994419164742,0.00276689908330279,0.248953473758661
"chr10:124966781:124971965:clu_10605:ENSG00000019995.6",0.00896544257572607,0.0040811694973397,0.0280359686978436
"chr10:124461987:124484139:clu_10590:ENSG00000107902.13",0.00421202408900429,0.00282856348455616,0.136460087990662
"chr10:5880376:5883006:clu_8698:ENSG00000134461.15",0.00603214920190688,0.0025488897386294,0.0179533370073788
"chr10:4835809:4842421:clu_8676:ENSG00000165568.17",0.00338906410108593,0.00310476052821659,0.275022056111788
"chr10:4933330:4961201:clu_8680:ENSG00000187134.13",0.00195997441565298,0.00286479893477173,0.493875553321697
"chr10:5876527:5878097:clu_8698:ENSG00000134461.15",-8.68257438167461e-05,0.00276257419286689,0.974927183115244
"chr10:5709663:5712394:clu_8692:ENSG00000108021.19",0.00059802314527632,0.00280617059223655,0.831241128696637
"chr10:5921569:5924311:clu_8709:ENSG00000134452.19",-0.0019349721068175,0.0030034360922646,0.519411518503213
"chr10:5906632:5908925:clu_8702:ENSG00000134452.19",-0.00168199156413306,0.00258766385582688,0.515689710928581
"chr10:22591781:22607927:clu_8950:ENSG00000150867.13",-0.00548872882765923,0.00432480629850897,0.20439574016423
"chr10:23096198:23104144:clu_8953:ENSG00000148450.12",-0.00250815052896793,0.0041015241894354,0.540857567310937
"chr10:128047683:128047764:clu_10658:ENSG00000132334.16",-0.00635572603679785,0.00278158407679176,0.0223169087479912
"chr10:126008550:126009054:clu_10642:ENSG00000203780.10",0.00194718641335163,0.00267013856241892,0.465851530303708
"chr10:125709567:125719422:clu_10612:ENSG00000234134.1",-0.00441376296616315,0.00308284341239069,0.152224490727815
"chr10:125709567:125719422:clu_10612:ENSG00000224023.10",-0.00441376296616315,0.00308284341239069,0.152224490727815
"chr10:125796861:125797412:clu_10626:ENSG00000188690.12",0.000291505574562756,0.00331056935084298,0.929834549018202
"chr10:79806122:79808759:clu_9746:ENSG00000225484.6",-0.00839266902194956,0.00324061215799408,0.00960203746003918
"chr10:80082204:80090797:clu_9756:ENSG00000133678.13",0.00157384839169332,0.00340494937235851,0.643920889299746
"chr10:120880901:120883780:clu_10526:ENSG00000120008.15",-0.00596510432933772,0.00283503091455235,0.0353723156875511
"chr10:121961517:121961843:clu_10542:ENSG00000107672.14",-0.00790192787761309,0.00398987894609335,0.04764814354819
"chr10:121913893:121922349:clu_10538:ENSG00000107669.17",-0.0213064507748161,0.00306244901483058,3.4680036620216e-12
"chr10:73541969:73542803:clu_9612:ENSG00000166348.18",0.00222554333522285,0.00684474996463069,0.745070546620645
"chr10:73728587:73730318:clu_9621:ENSG00000242338.6",0.00727118937414367,0.00455721723640512,0.110593151245308
"chr10:73824084:73828089:clu_9658:ENSG00000148660.20",0.00307566589967751,0.00666987652703128,0.644706873525582
"chr10:73824084:73837468:clu_9658:ENSG00000148660.20",-0.000952253872862966,0.00560609140397267,0.865119792194296
"chr10:73743211:73744217:clu_9621:ENSG00000242338.6",0.00188738238249277,0.00519537637873484,0.716394861945165
"chr10:100523929:100526399:clu_10148:ENSG00000166136.15",0.000806836492548306,0.0053871524435438,0.880945687682357
"chr10:99727154:99727441:clu_10103:ENSG00000014919.12",-0.00543958300829912,0.00410448078747678,0.185078565661835
"chr10:98641940:98693900:clu_10088:ENSG00000172987.12",-0.00263079669472135,0.00473764646462309,0.57869213304939
"chr10:100981543:100983755:clu_10160:ENSG00000055950.16",0.00834791042921877,0.00278244099317571,0.00269792528602364
"chr10:100496431:100497135:clu_10140:ENSG00000075826.16",0.00936863112913229,0.00406527726938679,0.0211918386779172
"chr10:100496431:100497667:clu_10140:ENSG00000075826.16",-0.00223106597262152,0.00436078488632906,0.608916791237265
"chr10:18616293:18648490:clu_8908:ENSG00000241058.3",0.0032694459343252,0.00351026434226348,0.351648793553337
"chr10:1086357:1093452:clu_8643:ENSG00000047056.14",0.00149169318549564,0.00318581329677765,0.639620159858353
"chr10:239525:240056:clu_8620:ENSG00000015171.19",0.0139925328232723,0.00680109306237029,0.0396482745163287
"chr10:69005915:69008841:clu_9457:ENSG00000198954.7",-0.0128272784257583,0.00469684524547107,0.00631345560467955
"chr10:17704518:17704970:clu_8894:ENSG00000136738.14",-0.00203878276717561,0.00308998572068585,0.509380067077205
"chr10:17705024:17705588:clu_8894:ENSG00000136738.14",6.20453924262016e-05,0.00300977695025823,0.983553082029116
"chr10:4841857:4842421:clu_8676:ENSG00000165568.17",-0.014141025129557,0.00261137740788423,6.1234102233243e-08
"chr10:5731203:5735304:clu_8695:ENSG00000108021.19",-0.0110837160774898,0.00294435563623716,0.000166953154625782
"chr10:5878287:5883006:clu_8698:ENSG00000134461.15",-0.000100904975291374,0.00298358555223686,0.973020657462132
"chr10:29527056:29529705:clu_9045:ENSG00000197321.14",-0.00390449553202714,0.00396236455629065,0.324429922356479
"chr10:29554934:29555051:clu_9047:ENSG00000197321.14",-0.000854681150514326,0.00337966576433872,0.800353794473629
"chr10:112442351:112445170:clu_10390:ENSG00000023041.11",0.00436012919220212,0.00329551845886343,0.18581940708927
"chr10:68419892:68420641:clu_9429:ENSG00000138346.14",0.0113073523585466,0.00479336438649851,0.0183262567175928
"chr10:68386128:68393138:clu_9426:ENSG00000204130.12",0.00484197174109781,0.00372054899842924,0.193117042776087
"chr10:68445083:68446296:clu_9433:ENSG00000138346.14",-0.0030665041911192,0.00334760649982538,0.35965175420722
"chr10:35071339:35090179:clu_9120:ENSG00000108094.14",-0.00409899542681807,0.0053174871104305,0.440794677441689
"chr10:34269899:34317107:clu_9106:ENSG00000148498.15",-0.00584602555251415,0.00481342218871734,0.224546994503749
"chr10:84477664:84499875:clu_9778:ENSG00000107771.15",0.00276800995093237,0.00405552899283868,0.494905477682534
"chr10:84208881:84211001:clu_9774:ENSG00000148600.14",-0.00546522633724205,0.00292635008678019,0.0618190421660891
"chr10:73233163:73234817:clu_9578:ENSG00000138286.14",-0.00201246966031652,0.00747346861437096,0.787712776902578
"chr10:73228160:73230422:clu_9576:ENSG00000138286.14",0.0168695954328714,0.00586538855675536,0.00402589209478321
"chr10:73495817:73496142:clu_9605:ENSG00000221817.9",0.00105399497679758,0.00525274659743787,0.84096758830419
"chr10:73539593:73541375:clu_9611:ENSG00000166348.18",0.00332018853753267,0.00641816506508983,0.604938951490658
"chr10:73228184:73230422:clu_9576:ENSG00000138286.14",-0.0133538418496436,0.00554568847084066,0.0160415753475917
"chr10:79723654:79723915:clu_9744:ENSG00000225484.6",-0.0012612327049164,0.00365576585271248,0.730095710351495
"chr10:80078786:80081841:clu_9754:ENSG00000133678.13",-0.00344471732552725,0.0038124760213047,0.366240378888868
"chr10:80090431:80090797:clu_9756:ENSG00000133678.13",0.00645680275041332,0.00358801936863593,0.0719324931068192
"chr10:79804527:79806039:clu_9746:ENSG00000225484.6",0.0107142115549205,0.00279881300012907,0.000129122140135607
"chr10:119164196:119165202:clu_10483:ENSG00000183605.16",-0.00175100887450507,0.0030893828014033,0.570861792943377
"chr10:119164196:119165537:clu_10483:ENSG00000183605.16",0.00236151767457979,0.0030359203029563,0.436652190983281
"chr10:128047489:128047764:clu_10658:ENSG00000132334.16",0.00454318224014932,0.0026733060852904,0.0892321591857922
"chr10:112440695:112442192:clu_10389:ENSG00000023041.11",-0.00199759320983614,0.00380396225668603,0.599489439945535
"chr10:112433638:112434297:clu_10388:ENSG00000023041.11",-0.00861620280137806,0.00353102231989483,0.0146814098273138
"chr10:112438389:112440534:clu_10389:ENSG00000023041.11",0.00373154943794791,0.00350225916370181,0.286663634510298
"chr10:112668998:112815290:clu_10394:ENSG00000151532.13",-0.000298981230864356,0.0041424068049732,0.942462060258728
"chr10:84425893:84438512:clu_9778:ENSG00000107771.15",-0.00141408590796941,0.00358192831744501,0.693002732761306
"chr10:93336046:93337815:clu_9910:ENSG00000138119.16",-0.00605652793820206,0.00542491232086941,0.264238664105698
"chr10:93389154:93396142:clu_9917:ENSG00000138119.16",-0.000158495617252365,0.00728077615294649,0.982632178786948
"chr10:93340164:93341913:clu_9911:ENSG00000138119.16",-0.005148552011012,0.00413072244236285,0.212615843795969
"chr10:93343932:93347617:clu_9912:ENSG00000138119.16",0.00062594708931295,0.00398731502666681,0.875256978157612
"chr10:93894211:93906252:clu_9930:ENSG00000176273.14",0.000321064290771289,0.00389373996557666,0.934283683689815
"chr10:93310643:93316714:clu_9905:ENSG00000138119.16",0.00112095116491315,0.0041736250703541,0.788253099458834
"chr10:93340164:93343856:clu_9911:ENSG00000138119.16",0.00216579832441918,0.00331408959008338,0.513426059713257
"chr10:94316756:94321901:clu_9936:ENSG00000138193.15",-0.00542805736703566,0.00351098949832703,0.12209991774025
"chr10:20068239:20143295:clu_8913:ENSG00000120594.16",-0.00750906910754151,0.00385380371856532,0.0513572566711399
"chr10:18643640:18648490:clu_8908:ENSG00000241058.3",0.0024894041517247,0.00403931092995465,0.537700324721166
"chr10:100540782:100544951:clu_10153:ENSG00000166135.13",0.00236975164682049,0.00326364962072516,0.467774528238885
"chr10:100275490:100280124:clu_10127:ENSG00000196072.11",0.0110111067714898,0.00443663466755439,0.0130698560018729
"chr10:100527074:100529380:clu_10149:ENSG00000166136.15",-0.0112585222515736,0.00477095400827993,0.0182845318136369
"chr10:99880361:99884011:clu_10109:ENSG00000107554.16",0.00678493672733864,0.00450281626864347,0.131856624141797
"chr10:100536661:100540634:clu_10153:ENSG00000166135.13",0.00120767723440207,0.00311432249849916,0.698177598315419
"chr10:100498207:100499160:clu_10141:ENSG00000075826.16",-0.00235195916475424,0.00295788914013687,0.42652750818254
"chr10:99900066:99907995:clu_10112:ENSG00000107554.16",0.0100910146345245,0.00455345335879991,0.0266830506381578
"chr10:99972134:100009838:clu_10115:ENSG00000107554.16",0.0038126563040078,0.00456167192669197,0.403266081084308
"chr10:100275493:100280124:clu_10127:ENSG00000196072.11",-0.0114973385123944,0.00409330281551449,0.00497239031519436
"chr10:100527074:100529366:clu_10149:ENSG00000166136.15",0.00871579389753894,0.00493943869782408,0.0776425802639611
"chr10:42551462:42551577:clu_9160:ENSG00000234420.7",-0.00137777009634528,0.00601270894854352,0.81875778234623
"chr10:21920963:21928506:clu_8943:ENSG00000136770.10",0.00472000658663628,0.00419953919614277,0.26104085444896
"chr10:22325722:22326431:clu_8946:ENSG00000168283.13",-0.0105426852296636,0.00460863453614845,0.0221611691068789
"chr10:21928552:21929040:clu_8943:ENSG00000136770.10",-0.00413792159437332,0.00430623238737798,0.336595106579031
"chr10:22401277:22411031:clu_8949:ENSG00000077327.15",-0.00340142923276777,0.00414663509699754,0.412052739735115
"chr10:22325722:22326431:clu_8946:ENSG00000148444.15",-0.0105426852296636,0.00460863453614845,0.0221611691068789
"chr10:74985241:74989019:clu_9675:ENSG00000156650.12",-0.00697208218359174,0.00483090372547358,0.148957031931899
"chr10:74981928:74985080:clu_9675:ENSG00000156650.12",0.00970069410859121,0.00475118793387133,0.041177252350929
"chr10:75358707:75360621:clu_9690:ENSG00000226051.6",-0.00749776985881167,0.00519034132345475,0.148580952092226
"chr10:70142764:70143842:clu_9492:ENSG00000156521.13",0.000924990875661647,0.00268589021006271,0.730553807239083
"chr10:69952968:69957004:clu_9485:ENSG00000197467.13",0.00401845780764724,0.00285002530220011,0.15854775062719
"chr10:69897531:69902748:clu_9477:ENSG00000197467.13",-0.00290629888218039,0.00239275885352059,0.22451008071156
"chr10:70161931:70162690:clu_9494:ENSG00000079332.14",0.00192997591677841,0.00406152384917585,0.634654993621923
"chr10:70117920:70120507:clu_9489:ENSG00000042286.14",0.00113518814900731,0.0030244997974654,0.707414408392967
"chr10:70116774:70117812:clu_9489:ENSG00000042286.14",0.001735250680542,0.00328010968674044,0.59679008407293
"chr10:63217331:63219878:clu_9394:ENSG00000171988.18",-0.00529656733833868,0.00526167300927919,0.314111750049081
"chr10:69168631:69171156:clu_9461:ENSG00000122958.14",-0.00257226395024455,0.00316101635785663,0.41579056065509
"chr10:69202519:69202943:clu_9466:ENSG00000156502.13",-0.00542884524102236,0.00290354347798581,0.0615211828371501
"chr10:69166110:69168489:clu_9461:ENSG00000122958.14",0.00474695183187998,0.00313029021660198,0.129403728791566
"chr10:68470163:68471791:clu_9435:ENSG00000138346.14",-0.00866796695590948,0.00434501566068253,0.0460513970969404
"chr10:68470163:68471791:clu_9435:ENSG00000122912.14",-0.00865632077913379,0.00428385756695871,0.0433125274125356
"chr10:69451690:69483691:clu_9471:ENSG00000099282.9",-0.00663846691719333,0.00262167791303384,0.0113367309857624
"chr10:69202519:69202867:clu_9466:ENSG00000156502.13",0.00375127856933442,0.00289922269345204,0.195703023712661
"chr10:69483876:69485141:clu_9471:ENSG00000099282.9",-0.000875168922475432,0.00282437047870607,0.7566648678758
"chr10:68901471:68906226:clu_9449:ENSG00000107625.12",-0.00688638209092544,0.00327514976938526,0.0354993559417692
"chr10:68901471:68906711:clu_9449:ENSG00000107625.12",0.00914794893421414,0.00296824346065022,0.00205656127045029
"chr10:15097409:15103305:clu_8846:ENSG00000152464.14",-0.00157885797281972,0.00284975871276434,0.579556836982983
"chr10:14878919:14881500:clu_8837:ENSG00000152455.15",-0.0022739381944701,0.00392381684795374,0.562237005276274
"chr10:14854280:14855841:clu_8834:ENSG00000187522.14",0.00218383816845838,0.00358190961360124,0.542070195850615
"chr10:3135838:3136450:clu_8658:ENSG00000067057.16",0.00441101845814123,0.00278881106283105,0.113721676229239
"chr10:3143501:3143606:clu_8660:ENSG00000107959.15",-0.00156198579322819,0.00282579525138921,0.580427953439097
"chr10:3123233:3129819:clu_8657:ENSG00000067057.16",-0.00321443841723087,0.00329304766635911,0.329000678583605
"chr10:3120044:3129819:clu_8657:ENSG00000067057.16",0.00520513160730942,0.00372207401374749,0.161978202932976
"chr10:100250332:100253421:clu_10124:ENSG00000095485.16",-0.00399772260554758,0.00384862566910983,0.298925530280191
"chr10:101795480:101797980:clu_10191:ENSG00000198408.13",-0.000627624483698008,0.00504061548871694,0.900908742412607
"chr10:101430452:101461981:clu_10180:ENSG00000166167.17",-0.0018635560102191,0.00361450273963948,0.606149581687349
"chr10:100987196:100987313:clu_10166:ENSG00000055950.16",-0.00323639905573054,0.00307293364583156,0.292251524519324
"chr10:132145580:132147952:clu_10693:ENSG00000188385.11",0.00582250342028565,0.00274420850414436,0.0338593795712467
"chr10:24219909:24380869:clu_8956:ENSG00000120549.17",-0.00346126951228246,0.00338524573687296,0.30656447111224
"chr10:22573457:22591629:clu_8950:ENSG00000150867.13",0.00599687222636335,0.00419519263969609,0.152871231582556
"chr10:95876660:95897558:clu_9980:ENSG00000226688.6",-0.00742554190684582,0.00390413398301347,0.0571752041330456
"chr10:96833479:96907265:clu_10001:ENSG00000196233.12",0.00153560351689866,0.00333501415295427,0.645194059570478
"chr10:95414862:95415469:clu_9960:ENSG00000095637.21",0.00277579818591523,0.00386376654034171,0.472499790021489
"chr10:120866764:120871170:clu_10525:ENSG00000120008.15",0.0128986295731594,0.0035844574112439,0.00032007172633286
"chr10:120856130:120858643:clu_10523:ENSG00000120008.15",-0.00424335772371134,0.00313792112440652,0.176284766770159
"chr10:120880562:120880826:clu_10526:ENSG00000120008.15",-0.0102141099240234,0.00345554068099476,0.00311794066604054
"chr10:120878459:120880826:clu_10526:ENSG00000120008.15",0.00515222185554802,0.00293473927101871,0.0791571053714505
"chr10:120852635:120858643:clu_10523:ENSG00000120008.15",0.000642203757598222,0.00257001799684539,0.80267784519415
"chr10:120878459:120883780:clu_10526:ENSG00000120008.15",0.000615929019714606,0.00404063030559587,0.878844724318802
"chr10:120906021:120906776:clu_10530:ENSG00000120008.15",0.00170887786902147,0.00370239699468118,0.644396979422263
"chr10:73769152:73769347:clu_9629:ENSG00000176986.15",0.00984870373461859,0.00735192414231219,0.180372496893704
"chr10:73763601:73763856:clu_9627:ENSG00000176986.15",-0.00103053002304748,0.00704267322672086,0.883663613501235
"chr10:73730873:73731188:clu_9622:ENSG00000250959.2",0.00109321071709037,0.00557280924704577,0.844478129806952
"chr10:73747004:73759622:clu_9624:ENSG00000176986.15",0.00719711265343731,0.00838162543864197,0.390518501793026
"chr10:73769485:73769615:clu_9629:ENSG00000176986.15",-0.00675724915868682,0.00763087740894413,0.37587944529843
"chr10:73438420:73439872:clu_9599:ENSG00000107758.15",-0.00258624120506165,0.00516875928871466,0.616821503269217
"chr10:73721504:73722389:clu_9620:ENSG00000242338.6",-0.00932460447001034,0.00693427423837916,0.17871813255523
"chr10:73479517:73495805:clu_9604:ENSG00000107758.15",-0.00340381964133095,0.00605277896670681,0.57387314526172
"chr10:13338808:13344758:clu_8800:ENSG00000086475.14",-0.000718362499240881,0.00221066987787489,0.745217091782311
"chr10:70871986:70873351:clu_9513:ENSG00000166224.16",0.00778308831660425,0.00272322988920907,0.00426272393650817
"chr10:32305931:32346763:clu_9081:ENSG00000120616.15",-0.000524625494518694,0.00491368528937657,0.914972849993017
"chr10:31814361:31817788:clu_9071:ENSG00000165322.17",0.00354889974093807,0.00446133793633689,0.426335039076862
"chr10:130145319:130159995:clu_10677:ENSG00000108010.11",-0.00480579582622315,0.00433427392355537,0.267521159491147
"chr10:95680609:95682651:clu_9971:ENSG00000119977.20",0.000662525654375674,0.00347925102772352,0.848978523701802
"chr10:94497172:94500221:clu_9945:ENSG00000108239.8",0.00600793385012035,0.00431482233627984,0.163803041962171
"chr10:95682804:95683101:clu_9971:ENSG00000119977.20",-0.00200475669246096,0.00375019200349272,0.59294418008571
"chr10:29551263:29554783:clu_9046:ENSG00000197321.14",0.00373134971422514,0.00328157840304308,0.255513436498615
"chr10:27940805:27944222:clu_9016:ENSG00000169126.15",0.00319357002342186,0.00380763276317379,0.401621695140966
"chr10:125881071:125885365:clu_10637:ENSG00000089876.11",-0.00415641736442133,0.0029415333340984,0.157652649086528
"chr10:125859975:125866990:clu_10635:ENSG00000089876.11",0.0180027682875384,0.00475299583061499,0.000152068107410974
"chr10:15660922:15671603:clu_8866:ENSG00000077943.7",-0.0032584555334824,0.00353362630735343,0.356461846773262
"chr10:15816915:15833630:clu_8869:ENSG00000148481.13",0.00258160360942593,0.00341973264341201,0.450300662108857
"chr10:15671647:15672624:clu_8866:ENSG00000077943.7",-0.00224623639227916,0.00393327188830633,0.56794136837936
"chr10:91836998:91840561:clu_9878:ENSG00000107854.5",0.000515238696096451,0.00473696096080015,0.913385010834256
"chr10:90895483:90895880:clu_9858:ENSG00000148688.13",0.00827383930089348,0.00442182443444843,0.0613260944621684
"chr10:91940066:91942422:clu_9880:ENSG00000095564.13",-0.00449213735834787,0.00477332409642315,0.346657689338468
"chr10:90894891:90895454:clu_9858:ENSG00000148688.13",-0.0094479966987459,0.00402254272859881,0.0188359272631511
"chr10:50991644:51153164:clu_9326:ENSG00000185532.15",0.00426969609478209,0.00318765209986941,0.180424681744594
"chr10:119580010:119581922:clu_10498:ENSG00000151923.17",-0.00144668771958473,0.00523735711912655,0.782375440103268
"chr10:119160969:119162340:clu_10482:ENSG00000183605.16",-0.00235272422059402,0.00316454011762681,0.457200318344144
"chr10:119049985:119050521:clu_10473:ENSG00000107581.12",-0.000950312599950597,0.00516478226714602,0.854014569388487
"chr10:119108164:119111849:clu_10478:ENSG00000119979.16",0.00503706297610376,0.00366810132777727,0.169687957054369
"chr10:119050055:119050521:clu_10473:ENSG00000107581.12",0.00159297016652754,0.00602652559418498,0.791528374243216
"chr10:60068009:60080573:clu_9358:ENSG00000151150.21",-0.00150407710210447,0.00509252097719497,0.767726369914405
"chr10:60068009:60080537:clu_9358:ENSG00000151150.21",0.00345360038129975,0.00459187754209038,0.451984470311096
"chr10:20812940:20961672:clu_8914:ENSG00000078114.18",0.00777624345966789,0.00438265784232987,0.0760100079980548
"chr10:116707285:116742430:clu_10452:ENSG00000165868.13",0.000183787103070331,0.00313853271562818,0.953303934887268
"chr10:93426158:93431408:clu_9920:ENSG00000138119.16",-0.000291710029826716,0.00345680716669147,0.932748640923203
"chr10:94325104:94327968:clu_9940:ENSG00000138193.15",0.00562967086391642,0.00347185305731807,0.104906676864252
"chr10:94325104:94325203:clu_9940:ENSG00000138193.15",-0.00795934064774896,0.00340433594743282,0.0193871993421388
"chr10:126005049:126008407:clu_10641:ENSG00000203780.10",0.00699421650099136,0.00331791090625235,0.0350294171471404
"chr10:127008804:127012232:clu_10644:ENSG00000150760.12",0.00131691787842087,0.00271081481237613,0.627107916880488
"chr10:127008804:127012295:clu_10644:ENSG00000150760.12",-0.00193664219753168,0.00270395613201358,0.473852150758551
"chr10:125803024:125807413:clu_10626:ENSG00000188690.12",0.00301616269183918,0.00367421402504788,0.411703169259025
"chr10:127354727:127362064:clu_10652:ENSG00000150760.12",0.00191642920835265,0.00304659067008325,0.529322479789349
"chr10:18581798:18585949:clu_8904:ENSG00000241058.3",-0.00909665098881769,0.00381506468750814,0.0171068656841423
"chr10:118336423:118342270:clu_10470:ENSG00000165669.13",0.00669819078406515,0.00321332030368097,0.0371140142736043
"chr10:118015110:118038972:clu_10463:ENSG00000107560.10",-0.00266086626122521,0.00318505083775863,0.40347931305669
"chr10:118034041:118038972:clu_10463:ENSG00000107560.10",0.000865322135115166,0.00324515481759921,0.789738274155309
"chr10:63146293:63152150:clu_9388:ENSG00000148572.15",0.000696393565223412,0.00420061001256021,0.868327006426364
"chr10:63610334:63619655:clu_9398:ENSG00000165476.13",-0.0058128881546518,0.00405874099323033,0.152089460476062
"chr10:63599283:63610187:clu_9398:ENSG00000165476.13",0.0114260785091387,0.00426864201532248,0.00743405498667804
"chr10:84204605:84205827:clu_9773:ENSG00000148600.14",0.000573660262606955,0.00392699206357662,0.883857176950976
"chr10:77834039:77835738:clu_9714:ENSG00000151208.16",0.00319214765821376,0.00430247344369683,0.458127842019944
"chr10:78040225:78040615:clu_9728:ENSG00000138326.18",-0.0154453710209924,0.00457778021255258,0.000740878609100659
"chr10:79110760:79118915:clu_9734:ENSG00000108175.16",0.0118533850607808,0.00318420481416451,0.000197215088225011
"chr10:118336423:118337230:clu_10470:ENSG00000165669.13",-0.00350594086407157,0.0032095072329267,0.274674412337691
"chr10:7802854:7806974:clu_8744:ENSG00000165629.19",0.00641611800533998,0.00403206083492083,0.111547678174335
"chr10:15135418:15140987:clu_8852:ENSG00000152465.17",0.00300099055905672,0.00311945884844845,0.336038147379094
"chr10:14828272:14837832:clu_8830:ENSG00000185267.9",0.000778332329709315,0.00297198059510984,0.793406163434122
"chr10:15248815:15254721:clu_8856:ENSG00000148468.16",-0.0043064245910048,0.00326717163546592,0.187473692745324
"chr10:27240474:27240674:clu_9008:ENSG00000107897.18",-0.00590407132025384,0.00441785060003234,0.181414441806305
"chr10:26759235:26765218:clu_8982:ENSG00000136754.16",-0.00198114091538677,0.00368352631344405,0.590688803149446
"chr10:27136385:27145428:clu_9000:ENSG00000136758.18",0.00112527356988244,0.00410545930747361,0.784013918330749
"chr10:58283082:58287561:clu_9333:ENSG00000122873.11",0.0050831159658956,0.00465833960243831,0.275190951669063
"chr10:79311184:79312642:clu_9738:ENSG00000108175.16",0.00540533456065612,0.00363878814251394,0.137417623191695
"chr10:80079307:80081841:clu_9754:ENSG00000133678.13",0.0111004198157353,0.00374921899076243,0.0030691228182641
"chr10:79313041:79313773:clu_9738:ENSG00000108175.16",-0.0208733048940857,0.00345708947501607,1.56204316148489e-09
"chr10:329601:341199:clu_8624:ENSG00000151240.16",-0.0170574146604898,0.00347902213389305,9.44158861093669e-07
"chr10:1044171:1048864:clu_8640:ENSG00000067064.10",-0.00376912770385764,0.00343900776777162,0.273081931571661
"chr10:237677:239438:clu_8620:ENSG00000015171.19",-0.0123680128790392,0.00573323818573619,0.0309863969608773
"chr10:240970:242021:clu_8620:ENSG00000015171.19",0.0197549184741875,0.00592255466682422,0.000851338803872226
"chr10:310092:311537:clu_8623:ENSG00000151240.16",0.00653419245908458,0.00413750495720096,0.114276633253053
"chr10:88913458:88914534:clu_9839:ENSG00000138134.11",0.00865639585678074,0.00403793107239564,0.032051313045785
"chr10:118335213:118335554:clu_10468:ENSG00000165669.13",0.00818116520546898,0.00374406796306298,0.0288814702400393
"chr10:17594383:17603560:clu_8890:ENSG00000165996.13",-0.0111632822163083,0.00458166768532429,0.0148297318062224
"chr10:60871651:60872043:clu_9368:ENSG00000072422.16",0.000331988036806829,0.00546232040384608,0.951536138620966
"chr10:128068286:128069692:clu_10661:ENSG00000132334.16",-0.00191002666169632,0.00297922564031559,0.521447878702822
"chr10:67939654:67940939:clu_9408:ENSG00000148634.15",-0.00600558648836083,0.00407484000114029,0.140529678700769
"chr10:16782084:16817315:clu_8877:ENSG00000148484.17",-0.00284766508596704,0.00276753384746184,0.303501280504347
"chr10:50008076:50008500:clu_9307:ENSG00000204149.10",0.00706666397938881,0.00509525789469303,0.165469216987824
"chr10:49973142:49976084:clu_9304:ENSG00000204149.10",0.00739033659552381,0.00467961282201018,0.114275881469664
"chr10:49973142:49976084:clu_9304:ENSG00000178440.5",0.00739033659552381,0.00467961282201018,0.114275881469664
"chr10:49945090:49952126:clu_9301:ENSG00000204152.10",-0.00271608188767349,0.00465923175260419,0.559929454170616
"chr10:29512861:29522410:clu_9043:ENSG00000197321.14",-0.00264332797196273,0.00349680199593042,0.449692805392132
"chr10:28526008:28532442:clu_9022:ENSG00000254635.5",-0.00316701513624556,0.00275167780573022,0.249757057511478
"chr10:29487299:29488601:clu_9039:ENSG00000197321.14",-0.00270752967781837,0.00374966468471931,0.470249916914866
"chr10:47475004:47475493:clu_9259:ENSG00000265190.6",-0.000299034383269211,0.00471982386274581,0.949482142624023
"chr10:18655175:18659232:clu_8909:ENSG00000241058.3",0.00238068052949997,0.00313211147137598,0.44720194970215
"chr10:67941105:67954595:clu_9408:ENSG00000148634.15",-0.00727245926411474,0.00408797110251449,0.0752414193956523
"chr10:69360045:69364783:clu_9468:ENSG00000156515.21",-0.00137417630766081,0.00303655814247658,0.650877097836947
"chr10:70124100:70132734:clu_9491:ENSG00000042286.14",-0.00169388801578612,0.00325558361810337,0.6028528135738
"chr10:69343989:69359897:clu_9468:ENSG00000156515.21",-0.00327215333032636,0.00307086285107979,0.286627786419196
"chr10:70155124:70157764:clu_9493:ENSG00000079332.14",0.000977923140295103,0.00251649373041572,0.697568045793272
"chr10:114453483:114465698:clu_10434:ENSG00000099204.18",0.00250306320672063,0.00406377740301289,0.537930847192469
"chr10:114284970:114285939:clu_10426:ENSG00000165816.12",-0.00609219804615789,0.00449128451120303,0.174956375679003
"chr10:114451671:114465698:clu_10434:ENSG00000099204.18",-0.00336706777992336,0.0038286969923013,0.379168627187993
"chr10:17604047:17617083:clu_8890:ENSG00000165996.13",-0.00322801098977882,0.00375845561208227,0.390414265653399
"chr10:69875163:69878039:clu_9476:ENSG00000197467.13",-0.00546020847888963,0.00277457345255755,0.0490743445346227
"chr10:70161069:70161619:clu_9494:ENSG00000079332.14",-0.0103446928825157,0.00265555461089987,9.79994233294423e-05
"chr10:70161931:70170413:clu_9494:ENSG00000079332.14",0.00624068437657956,0.00354100154963091,0.0780006302935514
"chr10:69947342:69952882:clu_9485:ENSG00000197467.13",-0.00558863351298922,0.00247360102029605,0.0238640582536542
"chr10:33192418:33197650:clu_9100:ENSG00000099250.17",0.00269848224286192,0.00393852201888055,0.493248649674266
"chr10:103898377:103898877:clu_10326:ENSG00000107960.10",-0.00361532087705709,0.00362782961671315,0.31898201243467
"chr10:104040410:104041065:clu_10335:ENSG00000065618.18",0.00073161301226907,0.0042196444928224,0.86235068644095
"chr10:103100964:103101045:clu_10290:ENSG00000076685.18",0.00338684565191008,0.0050061148218716,0.49869675192959
"chr10:71730604:71731987:clu_9529:ENSG00000107736.19",-0.00107301746458594,0.0032219671331875,0.73911029059793
"chr10:70885929:70887853:clu_9516:ENSG00000166228.8",0.0110386571950238,0.00292490770829726,0.000160638533706847
"chr10:71813348:71814952:clu_9536:ENSG00000107736.19",-0.00219566726609984,0.00326960623146639,0.501877385535377
"chr10:71812890:71814952:clu_9536:ENSG00000107736.19",0.00219360845059602,0.00332201536134719,0.509045549595718
"chr10:72334617:72335834:clu_9547:ENSG00000148719.14",0.000795368477530732,0.00386852827515166,0.83710356650595
"chr10:70885929:70888531:clu_9516:ENSG00000166228.8",-0.00115389298752147,0.00281657736950896,0.682041335965112
"chr10:18548237:18551718:clu_8903:ENSG00000241058.3",2.77584882142889e-05,0.0039178019866392,0.994346859808747
"chr10:87180303:87187085:clu_9814:ENSG00000122376.11",0.00145622937193708,0.00332048799412116,0.660981224617911
"chr10:87320199:87326630:clu_9817:ENSG00000223482.7",-0.00564665319063077,0.00357955034770544,0.11468614125527
"chr10:87187200:87190484:clu_9815:ENSG00000122376.11",-0.00370658250326056,0.00432646038664308,0.391597429254532
"chr10:100986572:100986687:clu_10166:ENSG00000055950.16",-0.000282235226103399,0.00243764692987828,0.907825450022658
"chr10:102110043:102110869:clu_10209:ENSG00000198728.10",-0.0103675908490018,0.00694151247895188,0.135289701205766
"chr10:101609044:101609367:clu_10187:ENSG00000166171.12",0.00673593535471902,0.0048274539201102,0.162913597398749
"chr10:102110701:102110869:clu_10209:ENSG00000198728.10",0.00580718552743398,0.00458557099791545,0.205368473856881
"chr10:101062115:101062542:clu_10177:ENSG00000107821.14",0.00542921345870483,0.00402684534542279,0.177576453079309
"chr10:50126179:50127160:clu_9316:ENSG00000099290.15",-0.000774365418477803,0.00470613896926953,0.869303164667415
"chr10:32518505:32543300:clu_9084:ENSG00000216937.13",-0.00026068527138333,0.0039819100415431,0.947801866877521
"chr10:32273281:32273922:clu_9078:ENSG00000120616.15",-0.00126373808272926,0.00576612616119999,0.82652083742945
"chr10:33226289:33254028:clu_9103:ENSG00000099250.17",-0.0109676266391535,0.00554191308790463,0.0478123365557144
"chr10:49161622:49166869:clu_9287:ENSG00000204161.13",0.00116083106172793,0.00361032851783513,0.747808333748607
"chr10:4839826:4841785:clu_8676:ENSG00000165568.17",-0.00501052287713115,0.00316390187106116,0.113272692377074
"chr10:29499263:29512735:clu_9043:ENSG00000197321.14",-0.00241523264577631,0.00435590640068768,0.579255154294698
"chr10:29488756:29490847:clu_9040:ENSG00000197321.14",-0.00838254555767784,0.00529795406141453,0.113598637576078
"chr10:103105801:103106589:clu_10292:ENSG00000076685.18",0.00337831956829747,0.0045261518933516,0.455425846603137
"chr10:104039519:104039608:clu_10334:ENSG00000065618.18",-0.00180450904160957,0.0044757474845568,0.686819563679577
"chr10:103054466:103056795:clu_10285:ENSG00000148842.17",0.0123832146968296,0.00500711850036014,0.0133938427625124
"chr10:104039640:104039973:clu_10334:ENSG00000065618.18",0.00661535058131577,0.00449454531918851,0.141058139814545
"chr10:103139479:103174858:clu_10292:ENSG00000076685.18",0.0233108436694141,0.00644722061237422,0.000299603822074057
"chr10:103899000:103900062:clu_10327:ENSG00000107960.10",0.01251563872873,0.00581978641181317,0.031513132929884
"chr10:103451201:103452156:clu_10313:ENSG00000138172.10",-0.0191822039766467,0.00408415992496272,2.6435714026718e-06
"chr10:102714681:102726612:clu_10269:ENSG00000156398.12",-0.0107102722194024,0.00472506194996517,0.0234088909495985
"chr10:104279471:104299128:clu_10347:ENSG00000065621.14",-0.0115410229303802,0.00653883191833885,0.0775641616753188
"chr10:110894198:110894412:clu_10377:ENSG00000150593.17",0.00509303499835712,0.00454838563661257,0.26282216886949
"chr10:15816915:15821656:clu_8869:ENSG00000148481.13",-0.00923983573900189,0.00356329680829483,0.00951266920980864
"chr10:15254879:15275855:clu_8856:ENSG00000148468.16",0.00743496223114852,0.00339521544629342,0.0285361922734657
"chr10:33197709:33202912:clu_9101:ENSG00000099250.17",0.00604239175663899,0.00355724032572439,0.0893912193108527
"chr10:38034400:38054375:clu_9139:ENSG00000189180.15",0.00635171305705182,0.0100171801259714,0.526027345084969
"chr10:37856337:37857185:clu_9131:ENSG00000198105.13",-0.00748716344741457,0.00684208918369448,0.273832059885464
"chr10:37957546:37971708:clu_9135:ENSG00000175395.15",0.00546046951273293,0.00643632712400838,0.396224793722521
"chr10:37856532:37857185:clu_9131:ENSG00000198105.13",0.00131616413929298,0.00674471916181037,0.845283390531871
"chr10:126007182:126008407:clu_10641:ENSG00000203780.10",-0.00378044444474851,0.0033240389904873,0.255411021429118
"chr10:68338687:68339140:clu_9422:ENSG00000096746.17",-0.0121379661035322,0.00870667751490432,0.163287860711289
"chr10:69180562:69185987:clu_9462:ENSG00000156502.13",0.00417217115003698,0.00357380772520883,0.243036671734255
"chr10:68338642:68339140:clu_9422:ENSG00000096746.17",0.00260356449473752,0.00953171468230268,0.784739797781
"chr10:68394451:68401620:clu_9427:ENSG00000204130.12",0.0118324235590505,0.00466338264988063,0.0111709620596577
"chr10:69932604:69935350:clu_9483:ENSG00000197467.13",0.00874198857699015,0.00357889697766026,0.0145799158895132
"chr10:69947342:69957004:clu_9485:ENSG00000197467.13",-0.00417909503937472,0.00361324258621335,0.247433710887844
"chr10:73505426:73516375:clu_9607:ENSG00000166348.18",-0.00761703002729671,0.0064576502995378,0.23818487057933
"chr10:73873083:73874397:clu_9662:ENSG00000148660.20",-0.00686505398091171,0.00645237363972112,0.287347766586779
"chr10:73345244:73348423:clu_9592:ENSG00000156042.17",-0.00681157730267729,0.00540929610347297,0.207945308017471
"chr10:73817554:73819532:clu_9656:ENSG00000148660.20",0.00428405928638877,0.00643393277811375,0.505504483786292
"chr10:73234940:73239312:clu_9579:ENSG00000138286.14",-0.00229423614341927,0.00712362062411358,0.747406933653933
"chr10:73125243:73126673:clu_9565:ENSG00000166321.13",-0.00049026734495851,0.0067526071854867,0.942121119505587
"chr10:32023036:32028428:clu_9075:ENSG00000170759.10",0.00621374062874004,0.00665982716569786,0.350810519201275
"chr10:32273281:32284698:clu_9078:ENSG00000120616.15",-0.00272935989833856,0.00497092714881182,0.582961149422537
"chr10:32544301:32565558:clu_9085:ENSG00000216937.13",0.00490650198891695,0.00338546417567708,0.147258046145873
"chr10:67959136:67966683:clu_9411:ENSG00000148634.15",0.00763253326404945,0.00710874358421312,0.282965027511234
"chr10:68070599:68072883:clu_9409:ENSG00000148634.15",0.00271519422340164,0.00625870797645384,0.664414338180811
"chr10:68884459:68892589:clu_9448:ENSG00000165730.14",-0.0117696767709285,0.00446560631407857,0.00839817593535142
"chr10:28610821:28611255:clu_9029:ENSG00000095787.21",0.00221107516134987,0.0043936169907206,0.614790529482393
"chr10:29531288:29532002:clu_9044:ENSG00000197321.14",-0.00406651734333892,0.00356430877965522,0.253911836417614
"chr10:29569312:29634420:clu_9048:ENSG00000197321.14",0.00194706936068159,0.00361485860488757,0.590142551438655
"chr10:29512861:29522397:clu_9043:ENSG00000197321.14",-0.00879892565956044,0.00393560323074764,0.0253698049299609
"chr10:129708043:129759202:clu_10668:ENSG00000170430.9",-0.000370038931834109,0.00448092222531799,0.934184728358451
"chr10:68422890:68430436:clu_9430:ENSG00000138346.14",-0.00163656206254435,0.00391414407635468,0.675863092184531
"chr10:68430660:68431862:clu_9430:ENSG00000138346.14",-0.00223350864488446,0.00424422204918771,0.598716680085278
"chr10:67956976:67959113:clu_9411:ENSG00000148634.15",-0.00817669840185057,0.00664340901922244,0.218398205959551
"chr10:99714718:99716348:clu_10100:ENSG00000014919.12",-0.00644054074924622,0.00392930423076507,0.101191471394896
"chr10:100280228:100280934:clu_10130:ENSG00000196072.11",-0.000812833513726797,0.00446307477011044,0.855485329269321
"chr10:4842504:4873214:clu_8677:ENSG00000165568.17",0.00192989204954091,0.00225341858495947,0.391760768990672
"chr10:4842504:4847148:clu_8677:ENSG00000165568.17",0.00124130439043744,0.00250420788550285,0.620114951521246
"chr10:5924508:5925367:clu_8703:ENSG00000134452.19",0.00202897845740473,0.00304089472485803,0.504624754488573
"chr10:5924508:5924751:clu_8703:ENSG00000134452.19",0.00694624861253037,0.00274741669644565,0.0114621718090507
"chr10:4990038:4991831:clu_8683:ENSG00000151632.17",0.00207509526438124,0.00312959551517465,0.507295061586006
"chr10:4998747:5000550:clu_8684:ENSG00000151632.17",0.0134721379762625,0.00416203129049419,0.00120829756033314
"chr10:5740497:5742097:clu_8696:ENSG00000108021.19",0.00114784627582116,0.00291770830747603,0.694019051289928
"chr10:4991913:4995319:clu_8683:ENSG00000151632.17",0.00132689155448385,0.00303157420252591,0.661610579063946
"chr10:5905287:5906037:clu_8702:ENSG00000134452.19",0.00463682599645197,0.00272047561382706,0.0883031338485072
"chr10:87756922:87767673:clu_9824:ENSG00000138138.13",0.00240959818668439,0.00462539004558199,0.602401415813399
"chr10:93392955:93396142:clu_9917:ENSG00000138119.16",0.00615578933987972,0.00475273266644998,0.195247617348493
"chr10:93374955:93377323:clu_9915:ENSG00000138119.16",0.00260707880510752,0.00316578057620549,0.4102132131153
"chr10:93377429:93379863:clu_9915:ENSG00000138119.16",-0.00396636091487799,0.00325275009298421,0.222697372353748
"chr10:93452141:93456882:clu_9921:ENSG00000138119.16",-0.0107922031590703,0.00451503317882558,0.0168354341711586
"chr10:93456937:93482107:clu_9922:ENSG00000138119.16",-0.0008965984170169,0.00391318760508265,0.818773886853703
"chr10:93700106:93702375:clu_9928:ENSG00000148690.11",0.0110680748996923,0.00356885171107591,0.00192673874736848
"chr10:93700106:93701676:clu_9928:ENSG00000148690.11",-0.0144375253015817,0.00399442738273456,0.000301024502161407
"chr10:86710050:86716327:clu_9792:ENSG00000122367.19",-0.00249714947975286,0.00467912352349356,0.59356371212234
"chr10:86443363:86446242:clu_9782:ENSG00000062650.17",0.00410749229746043,0.00377126765545637,0.276085857968029
"chr10:85602701:85613056:clu_9780:ENSG00000182771.18",-0.000530252575150674,0.0039381185901249,0.892891637597998
"chr10:85602701:85613407:clu_9780:ENSG00000182771.18",0.000387682736339849,0.00390659647617989,0.920949321346193
"chr10:86472344:86472612:clu_9785:ENSG00000062650.17",0.0024824814009469,0.00390098918870704,0.524533801169554
"chr10:86472764:86473878:clu_9785:ENSG00000062650.17",-0.00672226724206426,0.0036496706590616,0.0654922297233388
"chr10:86438015:86443275:clu_9782:ENSG00000062650.17",-0.00470920359561183,0.00378768879031829,0.213760209884153
"chr10:86460496:86461176:clu_9784:ENSG00000062650.17",-0.00762801257851266,0.00381716015095973,0.0456789953608224
"chr10:79921068:79921914:clu_9749:ENSG00000242600.8",0.014021401325153,0.00294625389032384,1.94495870498024e-06
"chr10:79921068:79921914:clu_9749:ENSG00000283101.1",0.014021401325153,0.00294625389032384,1.94495870498024e-06
"chr10:100497280:100497667:clu_10140:ENSG00000075826.16",0.00480623958000341,0.00457102038025311,0.29304792465525
"chr10:100194521:100199971:clu_10120:ENSG00000213341.10",-0.00521697732817405,0.00548264002033204,0.341327913065224
"chr10:15779141:15782155:clu_8867:ENSG00000148481.13",0.00189023055854959,0.003342084125518,0.571676352593065
"chr10:121565704:121593709:clu_10535:ENSG00000066468.22",0.00200665507863562,0.00359799306696746,0.577038941961907
"chr10:122291194:122297768:clu_10555:ENSG00000138152.8",0.000406760358035151,0.00299943773311467,0.892127858168814
"chr10:20819516:20823208:clu_8919:ENSG00000078114.18",-0.0072004113193487,0.00699166952088875,0.303077707990787
"chr10:27048979:27053320:clu_8994:ENSG00000107890.16",-0.00244100751268336,0.00544542479415118,0.653960079581436
"chr10:27046523:27048801:clu_8993:ENSG00000107890.16",0.00349138570722827,0.00421280336572554,0.407242538800941
"chr10:27046520:27048801:clu_8993:ENSG00000107890.16",-0.00371515942231805,0.00366202853971635,0.310340131096715
"chr10:94341745:94344404:clu_9941:ENSG00000173145.11",-0.00878697933155967,0.00382892084904699,0.0217390223673494
"chr10:93687449:93692009:clu_9926:ENSG00000148690.11",-0.00338527150236626,0.00350107742042375,0.333582639246601
"chr10:99836290:99841967:clu_10107:ENSG00000023839.10",-0.00351517905366012,0.00406631098328238,0.38733310288667
"chr10:99750396:99754529:clu_10105:ENSG00000119929.12",0.00187850852087866,0.00449450877545947,0.67597902549184
"chr10:98163397:98186467:clu_10054:ENSG00000166024.13",-0.00337604525850454,0.00427147051515015,0.429311292378361
"chr10:99754634:99755625:clu_10105:ENSG00000119929.12",-0.00267298819403438,0.00486205528214615,0.5824805151412
"chr10:98445413:98446887:clu_10082:ENSG00000107521.18",-0.00777487502181664,0.00439354808853046,0.0767918135456087
"chr10:42820306:42820508:clu_9173:ENSG00000165733.7",-0.00741485037126226,0.00370563743176233,0.0453961744132868
"chr10:42820424:42820508:clu_9173:ENSG00000165733.7",0.0071002633838119,0.00361533940107236,0.0495385350990957
"chr10:42583123:42594595:clu_9164:ENSG00000196693.14",-0.000486178577411103,0.00428062801774878,0.909573548670748
"chr10:43396590:43409131:clu_9178:ENSG00000169813.16",0.000393053490366783,0.00369826726773554,0.915359846459973
"chr10:42632439:42638474:clu_9166:ENSG00000196693.14",-0.00435563073577092,0.00588712689676146,0.459386903154461
"chr10:13654512:13656636:clu_8809:ENSG00000151474.21",-0.00141715973383003,0.00270794797273299,0.600742232585131
"chr10:13295606:13298187:clu_8797:ENSG00000107537.13",0.00465392532512698,0.00287428089370339,0.105412492185077
"chr10:102728529:102729319:clu_10275:ENSG00000156398.12",0.00971322994218725,0.00548416416697791,0.0765371988536714
"chr10:103897719:103898877:clu_10326:ENSG00000107960.10",0.0011339581657919,0.00354906627346816,0.749340663927843
"chr10:103373595:103378235:clu_10296:ENSG00000148835.10",-0.00753242002253328,0.00433426542823999,0.0822324963748342
"chr10:103897719:103898293:clu_10326:ENSG00000107960.10",-0.00451150515781355,0.00461284137616595,0.328058638984074
"chr10:59254443:59268553:clu_9342:ENSG00000148541.12",-0.00817379977694074,0.00477100598372371,0.0866714219130831
"chr10:58277322:58282899:clu_9333:ENSG00000122873.11",-0.00834773806826001,0.00470978676851849,0.0763242372322581
"chr10:45785631:45787035:clu_9219:ENSG00000172661.17",-0.0128259107547251,0.004297072471614,0.00283761883173772
"chr10:11863042:11866531:clu_8762:ENSG00000148426.12",0.00202501109662961,0.00266966627673916,0.448136195703533
"chr10:12162289:12164268:clu_8780:ENSG00000065665.20",-0.00377631402777276,0.00244371473830918,0.122269595593887
"chr10:12081627:12084540:clu_8771:ENSG00000181192.11",-0.0080077158709925,0.00222892316937174,0.000327346184074595
"chr10:12155405:12156907:clu_8778:ENSG00000065665.20",-0.00389487578606342,0.00290135669916876,0.179455773911187
"chr10:12162289:12167753:clu_8780:ENSG00000065665.20",0.0012234088561773,0.00269945497781602,0.650400502143177
"chr10:12069187:12081472:clu_8771:ENSG00000181192.11",0.00661999313583793,0.00225141186431975,0.00327816191500796
"chr10:11852215:11862912:clu_8762:ENSG00000148426.12",0.00459022612403156,0.00342314622090595,0.179940651853676
"chr10:29495181:29499116:clu_9042:ENSG00000197321.14",0.00124134498955743,0.00483820498635518,0.7975096615037
"chr10:29491019:29493214:clu_9041:ENSG00000197321.14",-0.00872924899098311,0.00422367021844052,0.0387581955029451
"chr10:29415412:29457651:clu_9033:ENSG00000224597.9",-0.00247533414214807,0.0033196612040045,0.455873634693666
"chr10:30316210:30322391:clu_9054:ENSG00000107951.14",0.00926817421614086,0.00440933628099084,0.0355582555845828
"chr10:95410777:95414494:clu_9960:ENSG00000095637.21",-0.00486784395636923,0.00449420897603303,0.278747625150973
"chr10:95897679:95904830:clu_9980:ENSG00000226688.6",0.00206759068002226,0.00365608166560024,0.571719496708961
"chr10:94500327:94507267:clu_9945:ENSG00000108239.8",0.00411086209311967,0.0037269281214094,0.270020130210898
"chr10:95376056:95381685:clu_9957:ENSG00000095637.21",-0.00237726410930468,0.00497587318362972,0.63282233051881
"chr10:133293238:133293562:clu_10735:ENSG00000130640.13",0.00312295824230254,0.00522349116236019,0.549928009722639
"chr10:133293769:133295187:clu_10736:ENSG00000130640.13",0.00522452476149619,0.00406843990880072,0.199086238501217
"chr10:133555129:133555351:clu_10767:ENSG00000171772.15",-0.00323771111882688,0.00368855939391325,0.380067909383512
"chr10:133554328:133555351:clu_10767:ENSG00000171772.15",0.00364724882620949,0.00356988749429993,0.306936866578234
"chr10:133293769:133295187:clu_10736:ENSG00000235245.1",0.00522452476149619,0.00406843990880072,0.199086238501217
"chr10:133293250:133293562:clu_10735:ENSG00000130640.13",0.00224209405217726,0.00501433144907721,0.654776011478504
"chr10:14867295:14867785:clu_8835:ENSG00000187522.14",-0.00278145332029453,0.00275249739976514,0.312246283580477
"chr10:14848895:14849721:clu_8832:ENSG00000187522.14",0.00213053049342346,0.00278266105615387,0.443887567695014
"chr10:14848895:14849433:clu_8832:ENSG00000187522.14",-0.00561497197575465,0.0029703822261016,0.0587152184460543
"chr10:24524764:24527936:clu_8959:ENSG00000120549.17",-0.0040117143478382,0.00340910475863011,0.239289411188282
"chr10:24524731:24527936:clu_8959:ENSG00000120549.17",0.00675405021516879,0.00381641017276991,0.0767706170428382
"chr10:84213348:84214082:clu_9775:ENSG00000148600.14",-0.00335469324262582,0.00365812915979531,0.359115595362325
"chr10:5885765:5887847:clu_8700:ENSG00000134461.15",0.00431049847832464,0.00230365501057939,0.061323426374746
"chr10:5909294:5910938:clu_8706:ENSG00000134452.19",-0.00696550011310544,0.00272746903854426,0.0106544380538212
"chr10:5911128:5913784:clu_8707:ENSG00000134452.19",0.00467917487942932,0.00281565841680246,0.0965447815644981
"chr10:5911128:5913747:clu_8707:ENSG00000134452.19",-0.00488724422882427,0.00286458603488937,0.0879911525438789
"chr10:132780917:132781861:clu_10716:ENSG00000068383.18",-0.00295921444611705,0.00281062910557653,0.292402635483647
"chr10:132409879:132417061:clu_10712:ENSG00000171813.13",-0.00384218076291584,0.00330997097802943,0.245727365812517
"chr10:132406289:132417061:clu_10712:ENSG00000171813.13",0.00330128569583236,0.00344563811487145,0.338009435489964
"chr10:131901330:131934458:clu_10682:ENSG00000175470.18",-0.00225496132248664,0.00245081617705614,0.357527890248262
"chr10:132777782:132780849:clu_10716:ENSG00000068383.18",0.00181273201177623,0.0030002355113359,0.545712959617778
"chr10:7788263:7796121:clu_8743:ENSG00000165629.19",0.00187231186692732,0.00317235987988443,0.555059727865571
"chr10:6582201:6583676:clu_8725:ENSG00000237943.6",-0.00620163431001666,0.00238737865967879,0.00938572293173257
"chr10:7563384:7566030:clu_8731:ENSG00000123243.14",-0.000243022742497333,0.00332433658078425,0.941723253051797
"chr10:7569784:7573142:clu_8732:ENSG00000123243.14",-0.000356580643454422,0.00258683495628251,0.890363414230248
"chr10:7796155:7797047:clu_8743:ENSG00000165629.19",-0.0106015299747326,0.00349242191311523,0.00240072644667788
"chr10:28608431:28610708:clu_9028:ENSG00000095787.21",0.00477127852416966,0.00302658455315678,0.114920664166855
"chr10:7780307:7787820:clu_8742:ENSG00000151657.11",-0.0017173403094132,0.00306756666614221,0.575589958852224
"chr10:7780307:7783081:clu_8742:ENSG00000151657.11",0.000878567044806858,0.00264562479861493,0.739826579381042
"chr10:125833946:125836104:clu_10630:ENSG00000107949.16",-0.00926393050137748,0.00384974210727623,0.0161116326347767
"chr10:125996624:125997420:clu_10640:ENSG00000203780.10",-0.00233153253837717,0.00341710231450253,0.495041201311501
"chr10:125789528:125794880:clu_10624:ENSG00000188690.12",0.00897708436385292,0.00348403493960571,0.00997674042611019
"chr10:125707759:125709498:clu_10612:ENSG00000234134.1",0.00769190841147329,0.00303607394762416,0.011292814138951
"chr10:125794388:125794880:clu_10624:ENSG00000188690.12",-0.00981417299778763,0.00283556736304573,0.000537979421076584
"chr10:125833946:125841255:clu_10630:ENSG00000107949.16",0.0106382633962764,0.00373354242332168,0.00438051800560768
"chr10:125794978:125796103:clu_10625:ENSG00000188690.12",-0.00563774114675164,0.00366853819507026,0.124346857516989
"chr10:125707759:125709498:clu_10612:ENSG00000224023.10",0.00769190841147329,0.00303607394762416,0.011292814138951
"chr10:60875042:60877908:clu_9369:ENSG00000072422.16",-0.0130137771244057,0.00380141556125891,0.000618423374096899
"chr10:122983470:122986300:clu_10572:ENSG00000179988.13",-0.00129276478810946,0.00300197434904671,0.666731471054354
"chr10:121971069:121974004:clu_10543:ENSG00000107672.14",-0.00749770204107759,0.004154309529684,0.0711058260759103
"chr10:122374806:122393181:clu_10557:ENSG00000107679.14",0.00070899183390094,0.00321532936657713,0.825478936675647
"chr10:121971069:121973523:clu_10543:ENSG00000107672.14",-0.00342828474469551,0.00340706266223953,0.314305497198951
"chr10:58388819:58390765:clu_9336:ENSG00000108064.10",0.0114861710440489,0.0041314597007912,0.00543300137885427
"chr10:50008076:50008711:clu_9307:ENSG00000204149.10",0.00128374281453144,0.00441413230005862,0.771184680981341
"chr10:77843706:77848201:clu_9716:ENSG00000151208.16",-0.00295932800575509,0.00378917832620414,0.43480564053105
"chr10:79139777:79162053:clu_9735:ENSG00000108175.16",0.00429043284567121,0.00327974027346279,0.190818238643345
"chr10:77084719:77086488:clu_9699:ENSG00000156113.22",-0.00898804685488155,0.00345550081445688,0.00929297767501369
"chr10:77986159:77991054:clu_9723:ENSG00000148606.12",-0.00534130964714466,0.00352475653858037,0.129678778304014
"chr10:76970067:76974487:clu_9696:ENSG00000156113.22",-0.00362231563980576,0.00406937630502375,0.373390583086507
"chr10:79162133:79201584:clu_9735:ENSG00000108175.16",-0.0041706070495908,0.00380414968478447,0.272933968332338
"chr10:70143972:70145421:clu_9492:ENSG00000156521.13",0.00909990074115692,0.00294083777178807,0.00197262874001403
"chr10:69875163:69880414:clu_9476:ENSG00000197467.13",0.00215431445576231,0.00347854196222208,0.535708629838543
"chr10:69917333:69918285:clu_9479:ENSG00000197467.13",0.00107469979395126,0.00291801394448121,0.712650764073503
"chr10:110112915:110116259:clu_10363:ENSG00000148700.14",-0.0172737323750109,0.00419799832810537,3.87591764181572e-05
"chr10:109891826:109907691:clu_10358:ENSG00000108039.17",0.00378469758082312,0.00457917573013369,0.408519423440417
"chr10:109875599:109877790:clu_10354:ENSG00000108039.17",0.00339665397282882,0.0038017935675599,0.37162447246335
"chr10:119105495:119107968:clu_10477:ENSG00000119979.16",-0.00627593205517523,0.00370791679815227,0.0905361474544022
"chr10:119425085:119430375:clu_10488:ENSG00000198873.11",-0.000962351804356127,0.00474642855027432,0.839328231017131
"chr10:119443752:119448123:clu_10490:ENSG00000198873.11",-0.0127840792828962,0.00500469347816129,0.0106365469086794
"chr10:119105495:119107948:clu_10477:ENSG00000119979.16",0.00310387582238682,0.00353996234339178,0.380589625609445
"chr10:119849576:119853050:clu_10510:ENSG00000197771.12",0.000267364514154499,0.00394931686390241,0.94602530346631
"chr10:77636515:77637265:clu_9701:ENSG00000156113.22",0.00766460736256669,0.004414644977032,0.0825324510392829
"chr10:75235372:75235835:clu_9686:ENSG00000165644.10",-0.00352010033509791,0.00519678715169321,0.498177010591558
"chr10:75111722:75150514:clu_9678:ENSG00000156671.12",-0.00987103022935022,0.00378118290913013,0.00903923399533346
"chr10:74825674:74838683:clu_9674:ENSG00000156650.12",0.0106413856764128,0.005016268363602,0.0338902678308254
"chr10:75111778:75150514:clu_9678:ENSG00000156671.12",0.00283131926355822,0.00430539343547599,0.510781379499738
"chr10:74975454:74977316:clu_9676:ENSG00000156650.12",0.00239116490541356,0.00398169142990617,0.548146422268237
"chr10:75235178:75235267:clu_9686:ENSG00000165644.10",0.00328795528463921,0.00398221456686262,0.408996988101424
"chr10:79936656:79950028:clu_9750:ENSG00000283913.1",-0.0132140081277002,0.00383631430188541,0.000572214001790972
"chr10:79386458:79394276:clu_9740:ENSG00000165424.6",0.00559796500268823,0.00309463997609043,0.070462988077705
"chr10:79802958:79804485:clu_9745:ENSG00000225484.6",0.00154959435492177,0.00330116787158771,0.638778086017369
"chr10:101586156:101588204:clu_10184:ENSG00000166169.16",-0.00538367881115629,0.00388180641970592,0.165472140984853
"chr10:102040125:102056085:clu_10207:ENSG00000120029.12",-0.0130133410861501,0.00394666117795233,0.000976178335795663
"chr10:101585478:101585866:clu_10184:ENSG00000166169.16",0.00103507752126697,0.00329004097150802,0.753058309210934
"chr10:102397408:102397529:clu_10238:ENSG00000077150.18",0.000407357222415528,0.0047661118240168,0.931888137547485
"chr10:102405253:102405346:clu_10244:ENSG00000059915.16",0.0122125927719324,0.00631501242598162,0.053125614172603
"chr10:101583681:101587246:clu_10184:ENSG00000166169.16",-0.00666744033351638,0.00616708483236416,0.279637854511309
"chr10:101582891:101587246:clu_10184:ENSG00000166169.16",-0.00927945160281771,0.00473467096393866,0.0500082208511397
"chr10:101035667:101036003:clu_10174:ENSG00000107819.13",-0.00345093000261875,0.00443256729930153,0.436250860373986
"chr10:100485671:100488027:clu_10135:ENSG00000075826.16",-0.00631946166775205,0.00370799615337367,0.0883288911284336
"chr10:101586156:101587122:clu_10184:ENSG00000166169.16",-0.00803359702722617,0.00451631657704071,0.0752735340539941
"chr10:102368832:102369211:clu_10229:ENSG00000107862.4",0.022429973922814,0.00617765320938793,0.000282517375399749
"chr10:102368454:102368739:clu_10229:ENSG00000107862.4",-0.018025532950748,0.0058726859127387,0.0021450010402132
"chr10:100490883:100495385:clu_10138:ENSG00000075826.16",0.000445202617387929,0.00496222096928399,0.928510979157819
"chr10:101792943:101793913:clu_10191:ENSG00000198408.13",0.0103311415117959,0.00455387557585296,0.0232897295471984
"chr10:101601336:101605140:clu_10187:ENSG00000166171.12",0.0110437393118764,0.0043029665989201,0.0102718542045265
"chr10:100499598:100502254:clu_10143:ENSG00000075826.16",-0.004149394514825,0.0040769272093928,0.308784904224355
"chr10:101586156:101587246:clu_10184:ENSG00000166169.16",-0.00128102155609408,0.00475982165812989,0.78782790672405
"chr10:101787523:101789691:clu_10190:ENSG00000198408.13",-0.00203082055129926,0.00443643921128466,0.647125501789812
"chr10:100497280:100497411:clu_10140:ENSG00000075826.16",-0.00616125344151555,0.00415338962821036,0.13796079847239
"chr10:1056968:1072116:clu_8641:ENSG00000047056.14",-0.000273353196082036,0.00328696660190027,0.933722127834435
"chr10:247466:248336:clu_8621:ENSG00000015171.19",-0.00205162551102078,0.004569414361094,0.653438214161442
"chr10:1054245:1056309:clu_8640:ENSG00000067064.10",0.00230185621746797,0.00362685104689644,0.525643184509788
"chr10:61761003:61765939:clu_9381:ENSG00000183346.6",0.000274924284461409,0.00401706337740434,0.945436081178714
"chr10:22318168:22318272:clu_8944:ENSG00000148444.15",0.00572715480426487,0.00617155775628118,0.353411838872003
"chr10:22321696:22326431:clu_8946:ENSG00000168283.13",0.00859327494267102,0.0088376316024021,0.330876240411883
"chr10:22318168:22318353:clu_8944:ENSG00000148444.15",-0.00978179734201471,0.00685837835031891,0.153794709833255
"chr10:22321696:22326431:clu_8946:ENSG00000148444.15",0.00859327494267102,0.0088376316024021,0.330876240411883
"chr10:22319018:22319939:clu_8946:ENSG00000168283.13",0.00894871279670155,0.00778385036797887,0.250287567552894
"chr10:22319018:22319939:clu_8946:ENSG00000148444.15",0.00894871279670155,0.00778385036797887,0.250287567552894
"chr10:22326076:22326431:clu_8946:ENSG00000168283.13",-0.0275146979677071,0.00579031989568847,2.01569675339908e-06
"chr10:22326076:22326431:clu_8946:ENSG00000148444.15",-0.0275146979677071,0.00579031989568847,2.01569675339908e-06
"chr10:29415412:29482833:clu_9033:ENSG00000224597.9",7.62664746371808e-05,0.00318674052703737,0.98090649876607
"chr10:68886618:68892589:clu_9448:ENSG00000165730.14",-0.00191743607259902,0.00381989437525266,0.615695309866032
"chr10:119811955:119820846:clu_10507:ENSG00000198825.12",-0.000973657454690439,0.00307636821606042,0.751626253266803
"chr10:119515652:119526032:clu_10492:ENSG00000148908.14",0.00655432265208034,0.00385440487394619,0.0890414431230053
"chr10:6105097:6106141:clu_8716:ENSG00000134453.15",0.0022537222371951,0.00318445400617752,0.479115166524751
"chr10:5966339:5977777:clu_8712:ENSG00000134470.20",-0.00499086632670966,0.00277983447424529,0.0725927696269237
"chr10:122392372:122393181:clu_10557:ENSG00000107679.14",0.000543783855265644,0.00284769957169737,0.848560468481219
"chr10:16888566:16890371:clu_8878:ENSG00000107611.14",-0.00551332975000841,0.0032141566131706,0.086285283647593
"chr10:16484816:16486352:clu_8873:ENSG00000165983.14",-0.000831333212207393,0.0027984691535301,0.766415255268356
"chr10:16890527:16898996:clu_8878:ENSG00000107611.14",0.00483572700681048,0.00302805673989477,0.110271567540443
"chr10:125734183:125735644:clu_10615:ENSG00000107938.17",0.00126119869863317,0.00343505239141654,0.713502961073256
"chr10:60083617:60084602:clu_9359:ENSG00000151150.21",-0.0018100074981126,0.00354248431185655,0.6093909828276
"chr10:13323041:13328351:clu_8798:ENSG00000086475.14",0.0061913294366501,0.00236617106243819,0.00888096606540445
"chr10:13132197:13133502:clu_8795:ENSG00000123240.16",-0.000842485995812389,0.00241001605898117,0.726656233037282
"chr10:13133581:13136745:clu_8795:ENSG00000123240.16",-0.00219069374731976,0.00228633106584601,0.337977062059477
"chr10:78037304:78040204:clu_9728:ENSG00000138326.18",-0.0170514729691081,0.00577257532857822,0.00313809849352775
"chr10:77843706:77853354:clu_9716:ENSG00000151208.16",0.0115817716685655,0.00373221208411485,0.00191445222273179
"chr10:76970067:77011967:clu_9696:ENSG00000156113.22",0.00218931725254342,0.00365205281808376,0.548855648984259
"chr10:77811234:77811461:clu_9707:ENSG00000151208.16",-0.00195655740561303,0.0030903661419768,0.526658495640758
"chr10:78279494:78279595:clu_9729:ENSG00000230417.11",0.00105535289595428,0.00301488500133391,0.726303065433266
"chr10:130180321:130183868:clu_10679:ENSG00000108010.11",-0.00215263283173058,0.00310266636931337,0.487807055437332
"chr10:80172869:80205343:clu_9758:ENSG00000122359.17",-0.000928143344667266,0.00323023773303714,0.773859858573223
"chr10:80208231:80218019:clu_9759:ENSG00000237523.1",0.00704322572205623,0.00331365612236462,0.0335436655721664
"chr10:80176155:80205343:clu_9758:ENSG00000122359.17",0.00888241260501838,0.00293288585980463,0.00245724549685478
"chr10:59654589:59664227:clu_9350:ENSG00000165449.11",0.000230052483300629,0.00371939369876383,0.950680576184921
"chr10:59652950:59653675:clu_9349:ENSG00000165449.11",0.00153853003614933,0.00308728249153708,0.618241296522271
"chr10:114297100:114297220:clu_10428:ENSG00000169129.14",-0.00069041546055477,0.00374558117148299,0.853756154796711
"chr10:114297100:114297232:clu_10428:ENSG00000169129.14",0.00105128242173391,0.00370310134149511,0.77649282136271
"chr10:113692070:113697494:clu_10409:ENSG00000165806.19",-0.00494439013056397,0.00428585589673888,0.248642496705125
"chr10:14949087:14953902:clu_8844:ENSG00000152457.17",-0.00209510070240247,0.00333215273273854,0.529510838043553
"chr10:14849811:14851219:clu_8833:ENSG00000187522.14",0.000386405149067318,0.00302164875346694,0.898244801362714
"chr10:13648230:13654353:clu_8812:ENSG00000239665.8",0.00457403877762983,0.00291547134315483,0.116674776054229
"chr10:13654427:13655378:clu_8812:ENSG00000239665.8",0.00503433620393628,0.00282905189802075,0.0751556043856111
"chr10:15111786:15119223:clu_8849:ENSG00000152464.14",0.0052029810028325,0.00325833220197162,0.110305085336943
"chr10:89003194:89007700:clu_9844:ENSG00000026103.21",-0.00825628142695739,0.00411705032460525,0.0449216326013726
"chr10:88285506:88314466:clu_9834:ENSG00000184719.11",-0.000932904741673143,0.00356772434073923,0.793718873755586
"chr10:87933251:87957853:clu_9831:ENSG00000171862.10",0.000920482193044982,0.00593214248446862,0.876688408813858
"chr10:88905660:88908702:clu_9839:ENSG00000138134.11",0.0023141956390328,0.00340344126044004,0.496531329239342
"chr10:87521169:87552082:clu_9822:ENSG00000107789.15",-0.00919258672324463,0.00392325006692309,0.0191240018578859
"chr10:60941854:60943971:clu_9372:ENSG00000072422.16",-0.000260602480603997,0.00417087320196092,0.950179381290228
"chr10:60139087:60166591:clu_9361:ENSG00000151150.21",0.00224258637482778,0.00398266832667415,0.573376051101129
"chr10:103068722:103076086:clu_10286:ENSG00000148842.17",0.0288488982008167,0.00610264485231889,2.27549731035559e-06
"chr10:27812625:27817978:clu_9015:ENSG00000169126.15",-0.00335004053423743,0.00387680653723888,0.387519923213531
"chr10:98721828:99144238:clu_10090:ENSG00000172987.12",-0.00706884580475727,0.00498311179662492,0.15602717442352
"chr10:98407997:98408293:clu_10074:ENSG00000119943.12",-0.00443778567766129,0.00305946468951482,0.146916211367342
"chr10:98231687:98234446:clu_10055:ENSG00000166024.13",-0.000252190119572725,0.0034069786854693,0.940993173310738
"chr10:98424374:98425541:clu_10076:ENSG00000107521.18",-0.0114211196696566,0.00349639997828381,0.00108871604554839
"chr10:98134706:98162883:clu_10053:ENSG00000166024.13",0.000407028819745065,0.00415291197695879,0.921923986230099
"chr10:98423887:98424313:clu_10076:ENSG00000107521.18",0.0110464422682427,0.0034108748387756,0.00120120001108259
"chr10:98267822:98268132:clu_10060:ENSG00000138131.3",-0.00534705533152455,0.00546566512185907,0.327926409317751
"chr10:127339084:127343646:clu_10650:ENSG00000150760.12",-0.00618359374189952,0.00273727673055854,0.0238814395241128
"chr10:27223239:27223338:clu_9006:ENSG00000107897.18",-0.00204543758642413,0.00359366731937338,0.569235120760243
"chr10:26533525:26536074:clu_8975:ENSG00000077420.15",0.00231792367067075,0.00295624197149466,0.432994466930481
"chr10:124498128:124498328:clu_10591:ENSG00000107902.13",0.00490889425664896,0.00300200306441508,0.102005812598746
"chr10:113589079:113589666:clu_10403:ENSG00000197893.13",-0.00667712715345374,0.00303777532027207,0.0279468305472863
"chr10:114601961:114631902:clu_10437:ENSG00000099204.18",-0.00460712111592495,0.00400010500984164,0.249423801941415
"chr10:114491878:114545005:clu_10436:ENSG00000099204.18",0.00910024098294158,0.00409445357669785,0.026244293095715
"chr10:115241725:115265193:clu_10441:ENSG00000107518.16",0.00228758555349567,0.00346518533546069,0.509149528371828
"chr10:114363172:114404440:clu_10433:ENSG00000169129.14",-0.00860568651779951,0.00468602722930257,0.0662901272922396
"chr10:114491878:114526660:clu_10436:ENSG00000099204.18",-0.0122087146674404,0.00405673542260286,0.00261684573801391
"chr10:8069598:8073739:clu_8751:ENSG00000107485.15",-0.00729287922111535,0.00343377882819025,0.0336815178494408
"chr10:8013837:8014637:clu_8746:ENSG00000165632.7",-0.00269664821381417,0.00312651807905334,0.388407793698184
"chr10:7586069:7615982:clu_8735:ENSG00000123243.14",-0.00427244977918979,0.0028371078358348,0.132088404227803
"chr10:113144013:113146011:clu_10399:ENSG00000148737.16",-0.00254661380407078,0.00344535347649195,0.459819305018893
"chr10:112433281:112434297:clu_10388:ENSG00000023041.11",0.00329893108141857,0.00487462030008317,0.498560447901232
"chr10:113144025:113146011:clu_10399:ENSG00000148737.16",0.00306296902528955,0.00329340153758942,0.352354483921624
"chr10:122983024:122983272:clu_10571:ENSG00000179988.13",-0.00207559743705014,0.00276626766988151,0.453059501312443
"chr10:29569312:29657969:clu_9048:ENSG00000197321.14",5.91823122188888e-05,0.00365530391936714,0.987082171215458
"chr10:30437406:30438916:clu_9059:ENSG00000107968.9",6.42587595340373e-05,0.00296244428780746,0.982694340591133
"chr10:95839808:95842344:clu_9976:ENSG00000138185.18",-0.00719413746790968,0.00449207270239114,0.109262129213259
"chr10:42550615:42551577:clu_9160:ENSG00000234420.7",-0.00237216626049332,0.00459333572716532,0.605549573365332
"chr10:43138567:43154897:clu_9175:ENSG00000169826.7",0.00648257114351466,0.0034726054755555,0.0619330932507746
"chr10:20818834:20819424:clu_8918:ENSG00000078114.18",-0.00633525830279222,0.00440217627108706,0.150116630149979
"chr10:29471243:29473838:clu_9036:ENSG00000197321.14",-0.00826918243080326,0.0042418369793167,0.0512435837092854
"chr10:29531288:29550597:clu_9044:ENSG00000197321.14",0.00342324235646572,0.0043648958744191,0.43288365168212
"chr10:29532172:29532529:clu_9044:ENSG00000197321.14",0.00273168259359593,0.00272341780541488,0.315844113451674
"chr10:119819539:119820846:clu_10507:ENSG00000198825.12",0.00067085503326575,0.00299465036607971,0.822743440713385
"chr10:119932318:119933008:clu_10516:ENSG00000107651.12",0.00656813972756259,0.00389215054409516,0.091500552513513
"chr10:5890346:5903020:clu_8702:ENSG00000134452.19",-0.0131478922173879,0.00284625174302086,3.84905447137207e-06
"chr10:6021693:6024244:clu_8714:ENSG00000134460.15",0.00126583095231577,0.00240408292944266,0.598517364878782
"chr10:130064383:130068486:clu_10675:ENSG00000237489.3",0.00215299530030042,0.00265593368426481,0.417574770793784
"chr10:100245913:100246795:clu_10125:ENSG00000095485.16",0.00437568074000804,0.00439989793668657,0.31998146934843
"chr10:98425985:98427215:clu_10077:ENSG00000107521.18",0.00289169973731474,0.00635844402360213,0.649266777335413
"chr10:98385184:98387201:clu_10062:ENSG00000119943.12",0.00731212550683638,0.00406640109187292,0.0721483168022758
"chr10:99747390:99754529:clu_10105:ENSG00000119929.12",-0.0111464888371347,0.00511860145286647,0.029432593362371
"chr10:98380543:98383709:clu_10062:ENSG00000119943.12",-0.00282545079458624,0.00399928244078695,0.479883820175319
"chr10:98425720:98425818:clu_10077:ENSG00000107521.18",-0.00420575486950127,0.00616575738036349,0.495166310902478
"chr10:100261028:100261979:clu_10126:ENSG00000095485.16",0.00238440345280412,0.00367435029843272,0.51638233611719
"chr10:27173259:27180953:clu_9005:ENSG00000120539.14",0.00166033230625089,0.00320109210983809,0.603986122239108
"chr10:27235212:27240319:clu_9007:ENSG00000107897.18",0.00605079687194691,0.00373348591691987,0.105085657701576
"chr10:95685636:95686495:clu_9973:ENSG00000119977.20",0.00104926803491705,0.00309395798876538,0.734508375649264
"chr10:94293639:94298379:clu_9935:ENSG00000138193.15",-0.00643813270085275,0.00446569172711078,0.149390503546404
"chr10:94322059:94324349:clu_9938:ENSG00000138193.15",-0.0172132285648801,0.00383209714635285,7.0605157622694e-06
"chr10:95684624:95685556:clu_9973:ENSG00000119977.20",-0.001690674659595,0.00328597641867777,0.606893996084777
"chr10:28614685:28616173:clu_9030:ENSG00000095787.21",0.0054475871282117,0.0031680586300265,0.0855170329066863
"chr10:28535757:28583399:clu_9025:ENSG00000095787.21",0.00201818968417468,0.00334522380338229,0.546305919174395
"chr10:125988675:125989430:clu_10639:ENSG00000203780.10",-0.00668560640252285,0.00323237176732437,0.0386091507222918
"chr10:125796188:125798065:clu_10626:ENSG00000188690.12",-0.00324691066643314,0.00352294559198607,0.356712966747937
"chr10:125725838:125729358:clu_10613:ENSG00000107938.17",-0.0014839087236446,0.00463824301687989,0.74902210879884
"chr10:21651768:21670449:clu_8929:ENSG00000078403.16",0.00151657331478363,0.00449408954159682,0.735770520071582
"chr10:21733592:21733768:clu_8933:ENSG00000078403.16",-0.00455420196041001,0.0049577621889632,0.358304661683409
"chr10:21733087:21733504:clu_8933:ENSG00000078403.16",0.00212929368187734,0.00502126900683173,0.671525782045597
"chr10:15843272:15847864:clu_8871:ENSG00000148481.13",-0.00213926448481452,0.00353661685124301,0.545252028345304
"chr10:128066194:128068123:clu_10660:ENSG00000132334.16",-0.00664977234904023,0.00318030915889896,0.0365352268440132
"chr10:73174791:73177846:clu_9571:ENSG00000138286.14",0.00446108770625006,0.00793077620114551,0.573773162626859
"chr10:73697163:73697533:clu_9617:ENSG00000172650.13",-0.00204711575813546,0.00544851938612421,0.707125333148487
"chr10:73817554:73821682:clu_9656:ENSG00000148660.20",0.00832003282245918,0.00651673824205374,0.201702051476351
"chr10:115165645:115171037:clu_10440:ENSG00000107518.16",-0.00449482629163109,0.00480365856049075,0.349423062993597
"chr10:77927947:77929589:clu_9720:ENSG00000233871.2",0.00147493171933382,0.00357461783723251,0.679890599560315
"chr10:77819687:77819895:clu_9711:ENSG00000151208.16",-0.00252466011744161,0.00196099047906981,0.197940519575231
"chr10:77805861:77806758:clu_9704:ENSG00000151208.16",0.000739755610655238,0.00421419066983032,0.860655980773186
"chr10:77819465:77819895:clu_9711:ENSG00000151208.16",0.00253220599796289,0.00191747881784195,0.186637648625236
"chr10:77822101:77824384:clu_9712:ENSG00000151208.16",0.00108429154316847,0.00311903709785761,0.728113093897463
"chr10:77869197:77926217:clu_9719:ENSG00000151208.16",0.00484348154947216,0.00302092915053773,0.108866548782645
"chr10:6221527:6221641:clu_8720:ENSG00000170525.19",0.0080936327573504,0.00303316116379934,0.00762175382155583
"chr10:5795019:5796763:clu_8694:ENSG00000057608.16",0.00278842790608751,0.00252834945115462,0.270085831863424
"chr10:4833466:4835675:clu_8675:ENSG00000165568.17",0.00718352407967458,0.00259906141439208,0.00571165059155432
"chr10:5966339:5977405:clu_8712:ENSG00000134470.20",0.00487890634534119,0.00239768429004937,0.041866872186515
"chr10:5895187:5903020:clu_8702:ENSG00000134452.19",0.00361290210457183,0.00290847620940174,0.21416367287316
"chr10:5786050:5794885:clu_8694:ENSG00000057608.16",-2.40524028317096e-05,0.00255729666127346,0.992495685690666
"chr10:5960567:5966145:clu_8712:ENSG00000134470.20",0.00168070641823958,0.00215131226035898,0.434657189334538
"chr10:4830842:4833350:clu_8675:ENSG00000165568.17",-0.00580260357612422,0.00294555224833245,0.0488435982980012
"chr10:130180321:130183281:clu_10679:ENSG00000108010.11",0.00404449399010471,0.00298418351806154,0.175318786142613
"chr10:11979165:11997672:clu_8767:ENSG00000151461.19",0.00331679866769146,0.00273622207243604,0.225442786811707
"chr10:11967454:11979057:clu_8767:ENSG00000151461.19",-0.00217514471073712,0.00280339960586159,0.437810780019306
"chr10:12210322:12217361:clu_8784:ENSG00000151465.13",-0.00107064804599803,0.00316383345152605,0.735060153245327
"chr10:11742746:11747349:clu_8759:ENSG00000134463.14",0.000106048930818693,0.00289014151710468,0.970729522983749
"chr10:12158105:12160930:clu_8779:ENSG00000065665.20",0.00308929625462043,0.00276141546066487,0.263252570816168
"chr10:30434378:30438916:clu_9059:ENSG00000107968.9",0.00617263420784211,0.00381021167184196,0.10522712972668
"chr10:21735235:21740154:clu_8935:ENSG00000078403.16",-0.0130045912315177,0.00567151359446505,0.02184992805943
"chr10:20787308:20812769:clu_8914:ENSG00000078114.18",-0.0132633470261392,0.00508147021234406,0.00905052601362011
"chr10:80208241:80218019:clu_9759:ENSG00000237523.1",-0.00383008943058625,0.00397232040056123,0.334948427866626
"chr10:132133527:132135041:clu_10691:ENSG00000188385.11",-0.00329117819697962,0.00269243858089463,0.221564643364485
"chr10:132209364:132222641:clu_10700:ENSG00000165752.16",0.00401357919366011,0.00343019647100548,0.241971719819329
"chr10:125039155:125160319:clu_10610:ENSG00000175029.16",-0.0111397997382331,0.00370398883839163,0.00263393652715438
"chr10:125039155:125110990:clu_10610:ENSG00000175029.16",-0.00352305644264511,0.00337579675678906,0.296660217033598
"chr10:125789005:125789283:clu_10624:ENSG00000188690.12",0.00667497160834518,0.00327047171898096,0.0412526862315682
"chr10:128070901:128072138:clu_10662:ENSG00000132334.16",-0.0010793251602457,0.00292669548788361,0.712287027226701
"chr10:128071741:128072138:clu_10662:ENSG00000132334.16",0.00501337776910292,0.0030212462129443,0.0970404284017722
"chr10:133389068:133389590:clu_10754:ENSG00000148832.15",-0.00263422100875572,0.00309250744578152,0.394320947909242
"chr10:113598073:113604609:clu_10405:ENSG00000197893.13",-0.000518302557940773,0.00321827555004636,0.872054196340606
"chr10:42594699:42631929:clu_9165:ENSG00000196693.14",-0.00245230766229338,0.00584387524471392,0.674750481292217
"chr10:13496888:13499739:clu_8805:ENSG00000165626.16",-0.00300402816046164,0.0023207648862392,0.195522814261786
"chr10:13783006:13796496:clu_8822:ENSG00000151474.21",0.00460309367082006,0.00362039488265765,0.203574241941669
"chr10:13481120:13492611:clu_8803:ENSG00000165626.16",-0.00170817748333598,0.00285116769787781,0.549096164973964
"chr10:13496888:13499778:clu_8805:ENSG00000165626.16",0.00243918847957722,0.00237437785380568,0.304281183066361
"chr10:127426011:127433283:clu_10655:ENSG00000150760.12",-0.00357517702309837,0.00415007603266196,0.388977774818621
"chr10:89216009:89222511:clu_9847:ENSG00000107798.17",-0.00407209900436214,0.00355750959057388,0.252354677833563
"chr10:98721828:98743883:clu_10090:ENSG00000172987.12",-0.00249629120801922,0.00369212134619787,0.498968908947943
"chr10:97749586:97750331:clu_10046:ENSG00000155256.17",0.0126965265321268,0.00423342668574546,0.00270766543100054
"chr10:98257804:98257981:clu_10058:ENSG00000138131.3",0.00113011343625235,0.00466939175757844,0.808760145260496
"chr10:97744915:97748269:clu_10046:ENSG00000155256.17",-0.00831680312092231,0.00373628696338782,0.0260172589954043
"chr10:98258164:98259009:clu_10058:ENSG00000138131.3",0.00297908609394752,0.00471132654983604,0.527175011493772
"chr10:30877065:30908933:clu_9064:ENSG00000183621.15",-0.0103580489820434,0.0034683022414083,0.00282200328102478
"chr10:30850367:30857680:clu_9063:ENSG00000183621.15",-0.00681106470298991,0.00330683046187187,0.0394276343940348
"chr10:35127567:35148368:clu_9121:ENSG00000095794.19",0.00418295451726352,0.00422896905409387,0.322604821336524
"chr10:30941651:30984369:clu_9066:ENSG00000183621.15",-0.0014972737921461,0.00358604711709266,0.676292511059693
"chr10:121902620:121910906:clu_10537:ENSG00000107669.17",-0.00485329488352118,0.00279682956171222,0.0826904323854752
"chr10:99702673:99704452:clu_10102:ENSG00000198018.6",0.0091956962476822,0.00744993609308106,0.217079129931858
"chr10:99702673:99704452:clu_10102:ENSG00000119929.12",0.00518679587893537,0.00738129948827982,0.48224638182135
"chr10:98263051:98267631:clu_10060:ENSG00000138131.3",-0.0125951840249429,0.00416445662112753,0.0024908698547762
"chr10:111000545:111004606:clu_10378:ENSG00000108061.11",-0.00184531795984863,0.00389178837418503,0.635388089849264
"chr10:109880238:109880842:clu_10355:ENSG00000108039.17",-0.00828253807762107,0.00440346205927656,0.0599834750434549
"chr10:43646202:43648585:clu_9183:ENSG00000169740.13",0.00153679136406963,0.00406115361534941,0.705124170638598
"chr10:44982663:44983870:clu_9188:ENSG00000107551.20",0.00273445873157186,0.00484953008387066,0.572849035576017
"chr10:118015110:118033982:clu_10463:ENSG00000107560.10",0.00298905893778284,0.00308844342089695,0.333134010528166
"chr10:27218183:27219723:clu_9003:ENSG00000107897.18",-0.00284706474668624,0.00414582634487312,0.4922526723571
"chr10:27215641:27217980:clu_9003:ENSG00000107897.18",0.00156827049493148,0.00459830415519165,0.733062853065481
"chr10:26513660:26533439:clu_8974:ENSG00000077420.15",-0.00455714747406431,0.00489593985067269,0.351956325804042
"chr10:27531615:27532507:clu_9010:ENSG00000099246.16",-0.00543274785003256,0.00487590751636263,0.265192366664073
"chr10:46832476:46835772:clu_9251:ENSG00000243289.1",-0.00285182257523652,0.00729698141411691,0.695928639377548
"chr10:46835823:46836472:clu_9251:ENSG00000243289.1",0.00816617803457314,0.00753233786876217,0.278298653668491
"chr10:129839195:129840245:clu_10672:ENSG00000108001.13",-0.00291124393033844,0.00307209791921404,0.343312580098613
"chr10:129837960:129840245:clu_10672:ENSG00000108001.13",-0.000828580013373201,0.00304916176124751,0.785821741776243
"chr10:32272167:32273014:clu_9077:ENSG00000120616.15",0.000264425337236825,0.00410238110007532,0.948606702286749
"chr10:121515319:121518682:clu_10533:ENSG00000066468.22",0.0253819807899184,0.00418861849230269,1.36333300204683e-09
"chr10:119920984:119926036:clu_10514:ENSG00000107651.12",0.00201362817980045,0.00329203847531597,0.540758726419542
"chr10:13645136:13646615:clu_8812:ENSG00000239665.8",0.000653327096160582,0.0034262329548995,0.848773336875844
"chr10:122374806:122392303:clu_10557:ENSG00000107679.14",0.00730571795957696,0.00325239874529634,0.0246876591515753
"chr10:123767152:123768526:clu_10582:ENSG00000121898.12",-0.00814322486616558,0.00361195537892992,0.0241634873925206
"chr10:6226365:6228196:clu_8721:ENSG00000170525.19",-0.00283987130973739,0.00300665317232409,0.344899356438655
"chr10:6226365:6228196:clu_8721:ENSG00000215244.2",-0.00095479930040628,0.00297333118593168,0.748118641475638
"chr10:5928427:5936456:clu_8705:ENSG00000134452.19",-0.00898417879433712,0.00205829135191849,1.27197074751839e-05
"chr10:5720397:5720544:clu_8693:ENSG00000108021.19",-0.00211576046762657,0.00331703444091264,0.523573281088712
"chr10:5742526:5746179:clu_8696:ENSG00000108021.19",0.000988109215926921,0.00237500595248326,0.67737711664272
"chr10:32565620:32567670:clu_9086:ENSG00000216937.13",0.00146762619131628,0.00469979481788358,0.754831899292125
"chr10:180128:209889:clu_8618:ENSG00000015171.19",0.00330367739764795,0.00465109309850196,0.477517324054604
"chr10:864270:870013:clu_8631:ENSG00000107929.14",-0.00130027607153296,0.00321331227886277,0.685732681911721
"chr10:996032:996106:clu_8633:ENSG00000107937.18",0.000592945091165562,0.00287947560975837,0.836852460169341
"chr10:210048:221195:clu_8619:ENSG00000015171.19",0.0159246587749581,0.00529237933277292,0.00262127151715741
"chr10:221356:236838:clu_8619:ENSG00000015171.19",-0.0117721983920419,0.00458835513278598,0.0102977181175294
"chr10:992659:995929:clu_8633:ENSG00000107937.18",0.00238533162044291,0.00324730998433858,0.462609832969735
"chr10:3125249:3126864:clu_8657:ENSG00000067057.16",-0.000324650494491992,0.00307837601895896,0.916009529986689
"chr10:3126235:3129819:clu_8657:ENSG00000067057.16",-0.0079089545775889,0.00322176421824418,0.0140942572282263
"chr10:3147737:3149621:clu_8662:ENSG00000107959.15",-0.0048208126178218,0.00233846098394349,0.0392522947408106
"chr10:5963841:5966145:clu_8712:ENSG00000134470.20",0.00430757829424248,0.00251315212379916,0.0865261276779008
"chr10:5923696:5924311:clu_8709:ENSG00000134452.19",0.00802850645880038,0.00266633389687845,0.00260332544109032
"chr10:61681312:61686041:clu_9379:ENSG00000183346.6",-5.92268515161279e-05,0.00343458492458715,0.986241758610917
"chr10:60911552:60941804:clu_9371:ENSG00000072422.16",-0.00722280686925595,0.00474211039122386,0.127728491355436
"chr10:60872290:60874954:clu_9368:ENSG00000072422.16",-0.00361755539628217,0.00368420071004445,0.326143937775911
"chr10:60871651:60872185:clu_9368:ENSG00000072422.16",0.010101916307431,0.00382643794283057,0.00828983468944333
"chr10:60941854:60985845:clu_9372:ENSG00000072422.16",-0.00481268836663219,0.00438975445266085,0.272927522289438
"chr10:125039155:125088191:clu_10610:ENSG00000175029.16",-0.00583797134035163,0.00299873781998537,0.0515575750281463
"chr10:125133612:125160319:clu_10610:ENSG00000175029.16",-0.00270957924097581,0.00333778761870124,0.416912720539677
"chr10:102656137:102656270:clu_10267:ENSG00000171206.13",-0.00234990678814766,0.0047135066050806,0.618098220175767
"chr10:103091615:103093139:clu_10288:ENSG00000076685.18",0.00301120710049993,0.00358460360388005,0.40088647725229
"chr10:103450800:103452156:clu_10313:ENSG00000138172.10",-0.000118204327467999,0.00520698229189962,0.981888682800395
"chr10:103093309:103093972:clu_10288:ENSG00000076685.18",-0.00348603641102914,0.00362096547188315,0.335679665669539
"chr10:104047810:104048069:clu_10337:ENSG00000065618.18",-0.00304764205461322,0.00414120339462944,0.46177238184792
"chr10:103097374:103098931:clu_10289:ENSG00000076685.18",-0.00990258752921458,0.00594750833220203,0.0959132202139893
"chr10:102877035:102878379:clu_10281:ENSG00000214435.7",0.0256651480168424,0.00379034498038677,1.27726718091026e-11
"chr10:103111805:103139406:clu_10292:ENSG00000076685.18",0.0025791302518334,0.00452572060356885,0.568757203138915
"chr10:102776417:102797993:clu_10277:ENSG00000166272.16",0.0204069084201131,0.00443822262188554,4.26584072399372e-06
"chr10:102656137:102656245:clu_10267:ENSG00000171206.13",0.0206394423386697,0.00456098470781953,6.03337671711834e-06
"chr10:103617314:103622470:clu_10319:ENSG00000107957.16",0.00733785242210048,0.00366033093014504,0.0449955082595475
"chr10:104001572:104002172:clu_10330:ENSG00000065613.13",0.0169627541390163,0.00434535914740894,9.47534188764365e-05
"chr10:104003527:104005561:clu_10330:ENSG00000065613.13",-0.0123342870709405,0.00437136621549558,0.00477833684461149
"chr10:49943358:49945032:clu_9301:ENSG00000204152.10",-0.00372866284606221,0.00488951756510361,0.445712141753523
"chr10:49749816:49750839:clu_9296:ENSG00000197444.9",-0.00254778796910243,0.00418605695684604,0.54276526067247
"chr10:49747208:49749726:clu_9296:ENSG00000197444.9",-0.00336619552392428,0.0031787454279558,0.289613517360788
"chr10:48424585:48425888:clu_9273:ENSG00000107643.15",-0.0196325418779198,0.0045860834462781,1.86143141448492e-05
"chr10:48426070:48426380:clu_9274:ENSG00000107643.15",-0.0161434954532437,0.00470056631421616,0.000593927512427705
"chr10:35201486:35206895:clu_9121:ENSG00000095794.19",-0.00212089573679887,0.00504407721227768,0.674140317459365
"chr10:35179276:35206895:clu_9121:ENSG00000095794.19",0.00452692862580496,0.0046072214071774,0.325817930524737
"chr10:35071339:35090430:clu_9120:ENSG00000108094.14",-0.0056225236408274,0.00643510322170528,0.3822669258241
"chr10:94279911:94283790:clu_9934:ENSG00000138193.15",-0.0102166566750317,0.00529672084842733,0.0537476891455678
"chr10:97468406:97469646:clu_10030:ENSG00000155229.20",-0.00832023477135994,0.00321857875522999,0.00973606863862397
"chr10:92934190:92934310:clu_9902:ENSG00000138190.16",-0.0157257792555938,0.00497950046918442,0.0015879901450182
"chr10:93701795:93702375:clu_9928:ENSG00000148690.11",-0.00658594384361707,0.00468036691019193,0.15938509677506
"chr10:14530515:14604240:clu_8826:ENSG00000065809.13",0.00473126328800734,0.00303242343781707,0.118706686260126
"chr10:14530515:14553322:clu_8826:ENSG00000065809.13",-0.000542189866714971,0.00258310023349015,0.833746590112174
"chr10:14919832:14922981:clu_8840:ENSG00000152457.17",0.00178937977724233,0.00315755339344439,0.570919254161997
"chr10:14939869:14945105:clu_8843:ENSG00000152457.17",0.00423002805888496,0.00318765684257291,0.184507911752904
"chr10:14867295:14867736:clu_8835:ENSG00000187522.14",0.00208610616683542,0.00253892317587403,0.411276137250632
"chr10:13647035:13654416:clu_8808:ENSG00000151474.21",-0.00214842283767407,0.00388972026654862,0.580719877613013
"chr10:102470075:102471273:clu_10259:ENSG00000138111.14",-0.0364809382299463,0.00490523671733864,1.02917674382752e-13
"chr10:102157074:102157186:clu_10219:ENSG00000148840.10",-0.0429480635915926,0.00409868282017785,0
"chr10:102470494:102470665:clu_10259:ENSG00000138111.14",0.00385008462636447,0.00536359044607635,0.472869184491013
"chr10:103326632:103345024:clu_10294:ENSG00000156374.14",0.0192984894913279,0.00508349490313866,0.000146869676872829
"chr10:102010023:102011723:clu_10203:ENSG00000120029.12",0.0148335651248738,0.00450430237837582,0.000990542578504283
"chr10:101800400:101803735:clu_10192:ENSG00000198408.13",0.0116873938815419,0.00346757532311384,0.000750373050728892
"chr10:102732218:102732859:clu_10276:ENSG00000156398.12",0.000140577551980787,0.00334540297239227,0.966481868277789
"chr10:102009449:102009977:clu_10203:ENSG00000120029.12",-0.00962364589351621,0.00483076626363823,0.0463538103280887
"chr10:102157074:102157186:clu_10219:ENSG00000166197.16",-0.0438313891873526,0.00421282556274319,0
"chr10:103333952:103345024:clu_10294:ENSG00000156374.14",-0.0299834384726343,0.00445123006262216,1.62818647453378e-11
"chr10:102451555:102452090:clu_10253:ENSG00000269609.5",-0.0256061263988326,0.00625555299410052,4.25197328508542e-05
"chr10:8054891:8055287:clu_8747:ENSG00000107485.15",-0.00226871641203403,0.00333289081634704,0.496057987945408
"chr10:7283959:7285866:clu_8729:ENSG00000198879.11",-0.000584704348483728,0.00255207706395156,0.818784038796747
"chr10:8058841:8063996:clu_8750:ENSG00000107485.15",0.000403011026285834,0.00301534400504355,0.893676643311355
"chr10:7759990:7762457:clu_8739:ENSG00000151657.11",0.00414997555079209,0.00303835497892709,0.17198208112641
"chr10:7788263:7797047:clu_8743:ENSG00000165629.19",0.000103293349903893,0.00382877926281786,0.978477167995648
"chr10:104255271:104257366:clu_10345:ENSG00000148834.12",-0.000527653288714101,0.00423828798736113,0.900921934496186
"chr10:98393083:98393483:clu_10066:ENSG00000119943.12",-0.00670119057347149,0.00259032387606059,0.00968131292487817
"chr10:97568141:97570138:clu_10035:ENSG00000165886.4",-0.00267694843928802,0.0045631503191003,0.557442282985069
"chr10:98414295:98415009:clu_10069:ENSG00000119943.12",-0.000644071452679337,0.00408304551119464,0.87465939186161
"chr10:18539642:18542069:clu_8900:ENSG00000225527.1",-0.00169252940789101,0.00348816788848848,0.627520177510417
"chr10:18539642:18542069:clu_8900:ENSG00000240291.1",-0.0018927933175619,0.0035217471308754,0.590950867782024
"chr10:129467296:129536241:clu_10666:ENSG00000170430.9",0.00552336322339109,0.00325761477299312,0.0899761083181774
"chr10:112410635:112411456:clu_10384:ENSG00000197142.10",-0.0002073028920961,0.00332464936913609,0.950281475946677
"chr10:112445650:112446587:clu_10391:ENSG00000023041.11",-0.00380987578524224,0.0032396938498622,0.239595391917257
"chr10:112417022:112417846:clu_10385:ENSG00000197142.10",0.00277796429499606,0.00336577517193632,0.409169243960445
"chr10:112413307:112416888:clu_10385:ENSG00000197142.10",-0.00347966932035581,0.00333114201377057,0.296213657620096
"chr10:112445650:112446705:clu_10391:ENSG00000023041.11",-0.00428387542881959,0.00319228863989526,0.179613865035854
"chr10:112447467:112460524:clu_10392:ENSG00000151532.13",0.0142470712670351,0.00394615409352687,0.000305762042180691
"chr10:112426859:112427218:clu_10387:ENSG00000197142.10",-0.010747179434893,0.00261204142385414,3.88061419912544e-05
"chr10:112426359:112426788:clu_10387:ENSG00000197142.10",0.00341104771196894,0.00279707693523399,0.222652795712872
"chr10:124801901:124806831:clu_10601:ENSG00000165660.7",-0.00287185694514776,0.00332303694086265,0.387463417858336
"chr10:125741201:125743058:clu_10617:ENSG00000107938.17",-0.00155603938644139,0.00352947189458641,0.659306885135457
"chr10:78037982:78040204:clu_9728:ENSG00000138326.18",0.0103852159187982,0.00756647275005935,0.169898297690464
"chr10:77807944:77809547:clu_9706:ENSG00000151208.16",-0.00163308706040112,0.00386537538262717,0.672666527009967
"chr10:78037304:78040615:clu_9728:ENSG00000138326.18",-0.00922898023046655,0.00684144055791975,0.177342744764228
"chr10:77993367:77999981:clu_9724:ENSG00000148606.12",-0.00538908256567165,0.00327541851964854,0.0999056645110631
"chr10:17154734:17157441:clu_8880:ENSG00000107614.21",-0.00161180008598183,0.00320463024553873,0.614992558186398
"chr10:117285471:117290186:clu_10458:ENSG00000165650.11",0.000189253833775243,0.00367125782455974,0.958887153560719
"chr10:119791645:119791869:clu_10503:ENSG00000198825.12",0.00142279242182669,0.00334572539894978,0.670649493917854
"chr10:119576905:119577080:clu_10497:ENSG00000151923.17",0.00625153096040362,0.00440611010124645,0.15594793783785
"chr10:119810217:119811757:clu_10506:ENSG00000198825.12",0.0023552570790124,0.00350194301268144,0.50122902174361
"chr10:119781771:119791517:clu_10503:ENSG00000198825.12",0.00325890972836657,0.00289015949354845,0.259493874260091
"chr10:14851323:14852370:clu_8833:ENSG00000187522.14",-0.00128780886421519,0.00257845124379003,0.617462022719538
"chr10:13657522:13659323:clu_8813:ENSG00000151474.21",-0.00273382784599046,0.00269289131815771,0.310009690078943
"chr10:13122487:13123995:clu_8793:ENSG00000123240.16",0.00140818378017778,0.00240569723073432,0.558309912540223
"chr10:14909330:14919738:clu_8839:ENSG00000152457.17",-0.00705393969496586,0.00275458514764771,0.0104431668908429
"chr10:13109288:13112453:clu_8791:ENSG00000123240.16",-0.00343714622376709,0.00251080721588279,0.171017807588773
"chr10:13125567:13127745:clu_8794:ENSG00000123240.16",0.000150393584554802,0.0024981530750072,0.951994825164172
"chr10:13122487:13122864:clu_8793:ENSG00000123240.16",-0.00138517556815871,0.00243962295176246,0.570182566805789
"chr10:104275334:104277894:clu_10347:ENSG00000065621.14",0.00354668830662379,0.00579354842791077,0.540419376987672
"chr10:104073245:104074184:clu_10339:ENSG00000065618.18",-0.012138854525076,0.00458737527165668,0.00814152043163163
"chr10:104278116:104297578:clu_10347:ENSG00000065621.14",-0.00982061283988213,0.00292915697290619,0.00080024609408802
"chr10:4847299:4847488:clu_8677:ENSG00000165568.17",0.000615136020657252,0.00254288618496002,0.808854038389177
"chr10:69630313:69631480:clu_9474:ENSG00000171224.8",-0.0124494925748193,0.00337920832184881,0.000229471823761984
"chr10:69930552:69935350:clu_9483:ENSG00000197467.13",0.000358821170557663,0.00287659915160896,0.90073098765825
"chr10:68934360:68934799:clu_9453:ENSG00000107625.12",-0.0032064558859731,0.00303162003106013,0.290205566765338
"chr10:69398828:69400991:clu_9469:ENSG00000156515.21",-0.00448584967392811,0.00302246400802479,0.137763890732186
"chr10:68910382:68911068:clu_9451:ENSG00000107625.12",0.00496007143936127,0.00428104043222673,0.24661374447901
"chr10:77927622:77929589:clu_9720:ENSG00000233871.2",-0.00630816050035015,0.00392496169567611,0.108012621676732
"chr10:102594065:102597137:clu_10263:ENSG00000107882.11",-0.0219224753080811,0.00417194951895591,1.48240430486446e-07
"chr10:102366506:102367114:clu_10228:ENSG00000107862.4",-0.000952848363760368,0.00545681968784152,0.861381327011666
"chr10:102656137:102656248:clu_10267:ENSG00000171206.13",-0.0187153140062575,0.00460383370536913,4.79998174975904e-05
"chr10:102360395:102361022:clu_10226:ENSG00000107862.4",-0.00400973339346219,0.00404839819291624,0.321954530072861
"chr10:101849892:101889412:clu_10198:ENSG00000120029.12",0.0077688928653745,0.00422426966459723,0.0658991378858247
"chr10:102402159:102402255:clu_10243:ENSG00000077150.18",0.0138593349597906,0.00621224937680004,0.0256831912685856
"chr10:102466087:102468955:clu_10254:ENSG00000138111.14",-0.0385997336900128,0.00423128959923887,0
"chr10:102149329:102149926:clu_10219:ENSG00000166197.16",0.0438867899583574,0.00870899157845208,4.67358510114479e-07
"chr10:102361912:102362475:clu_10226:ENSG00000107862.4",0.023160969256695,0.004946853505877,2.84145210482922e-06
"chr10:102112130:102114406:clu_10211:ENSG00000198728.10",-0.0129743586019426,0.00557894448730782,0.0200402316865147
"chr10:103174982:103176486:clu_10293:ENSG00000076685.18",-0.0323036275817717,0.00514180250099737,3.3306568614222e-10
"chr10:102869845:102870084:clu_10279:ENSG00000214435.7",-0.0134926499403486,0.00449893598222871,0.00270799943475197
"chr10:102149329:102149926:clu_10219:ENSG00000148840.10",0.0438867899583574,0.00870899157845208,4.67358510114479e-07
"chr10:102594065:102597140:clu_10263:ENSG00000107882.11",0.0224047469996349,0.0041934163034015,9.15021703962182e-08
"chr10:11948508:11952066:clu_8765:ENSG00000151461.19",-0.00510986167496682,0.00269932825682133,0.0583562296729594
"chr10:18548247:18551823:clu_8903:ENSG00000241058.3",-0.0117758902006419,0.00354551707597559,0.00089584292421685
"chr10:121870038:121899866:clu_10537:ENSG00000107669.17",0.000892091241127362,0.0029578769256902,0.762958152338733
"chr10:60139087:60166824:clu_9361:ENSG00000151150.21",-0.000235703363039902,0.0048778635143561,0.961460398888784
"chr10:59807078:59812635:clu_9353:ENSG00000108091.10",0.00299635082800159,0.00440002784055264,0.495881288261869
"chr10:95687719:95692920:clu_9974:ENSG00000119977.20",0.0054866837992487,0.00399554424895929,0.1696899901777
"chr10:21172477:21173765:clu_8923:ENSG00000078114.18",-0.00267500766925668,0.00436017878770468,0.539540024482428
"chr10:22322170:22326431:clu_8946:ENSG00000168283.13",-0.0106871284617641,0.00654309870153062,0.10239674940572
"chr10:21734129:21735139:clu_8934:ENSG00000078403.16",0.00690001381044546,0.00403176895959342,0.0870052650746327
"chr10:22322170:22326431:clu_8946:ENSG00000148444.15",-0.0106871284617641,0.00654309870153062,0.10239674940572
"chr10:125111093:125133512:clu_10610:ENSG00000175029.16",0.00684527701178652,0.00337322296629029,0.042427874700235
"chr10:43476202:43481429:clu_9180:ENSG00000243660.9",0.000308460065632072,0.00373479414778752,0.934176825453165
"chr10:44991069:44991905:clu_9191:ENSG00000107551.20",0.00688727207229209,0.0045007728935879,0.125956819141761
"chr10:45000978:45003280:clu_9191:ENSG00000107551.20",0.00377049101364851,0.00518854838375336,0.467412953361525
"chr10:43160595:43163866:clu_9175:ENSG00000169826.7",-0.00031812306664553,0.0040946948241336,0.938073439423352
"chr10:45000978:45003280:clu_9191:ENSG00000165512.4",0.00423611185672938,0.0055164758789693,0.442545517234846
"chr10:43475847:43476107:clu_9180:ENSG00000243660.9",-0.00177034690153035,0.00349548720677381,0.612529255413139
"chr10:43162360:43163866:clu_9175:ENSG00000169826.7",-0.00497802540961192,0.00372183884567963,0.181053701858377
"chr10:44991069:44991905:clu_9191:ENSG00000165512.4",0.00702556725598152,0.00449970757846898,0.118443874075916
"chr10:97467583:97468252:clu_10030:ENSG00000155229.20",0.00283827584035866,0.00340403005571089,0.404394427175788
"chr10:95860582:95864724:clu_9978:ENSG00000138185.18",-0.00489494490474979,0.00448673044051797,0.275280532832137
"chr10:124408965:124411973:clu_10589:ENSG00000065154.11",0.000592997815702122,0.00285075578529605,0.835217843814583
"chr10:44989375:44989670:clu_9189:ENSG00000107551.20",0.00739220173998103,0.00367225584469947,0.0441160410002911
"chr10:43164044:43167004:clu_9175:ENSG00000169826.7",-0.00167703373938905,0.00401006837829246,0.675796676473673
"chr10:44989721:44990948:clu_9190:ENSG00000107551.20",0.00182499001243651,0.00328738572292009,0.578792517190762
"chr10:125988675:125995417:clu_10639:ENSG00000203780.10",0.00117099183305762,0.00334944809816053,0.726633358392854
"chr10:124943307:124962287:clu_10604:ENSG00000249456.1",0.00959396727028483,0.00373668896469142,0.010243333823942
"chr10:124943307:124962287:clu_10604:ENSG00000019995.6",0.00959396727028483,0.00373668896469142,0.010243333823942
"chr10:124927269:124942457:clu_10604:ENSG00000249456.1",0.0109056120265484,0.00336219566213568,0.00118030088523846
"chr10:124927269:124942457:clu_10604:ENSG00000019995.6",0.0115087392339195,0.00339041974354913,0.000687570458291709
"chr10:99732409:99736246:clu_10102:ENSG00000198018.6",-0.0148757890606175,0.00665469392195838,0.0253922211474991
"chr10:99895050:99896267:clu_10111:ENSG00000107554.16",0.000496848190248909,0.00344530185585959,0.885334367398079
"chr10:99896397:99898086:clu_10111:ENSG00000107554.16",-0.00247802250218098,0.00342593228544479,0.469487402826424
"chr10:99732409:99736246:clu_10102:ENSG00000119929.12",-0.0156542927688834,0.006531981103195,0.0165497274336285
"chr10:100260319:100260966:clu_10126:ENSG00000095485.16",-0.00883451718062533,0.00358768122265495,0.0137988027311193
"chr10:24942436:24952528:clu_8971:ENSG00000099256.18",0.00315229279234741,0.00316088595546331,0.318627936146043
"chr10:11314258:11321189:clu_8756:ENSG00000048740.18",-0.00462181104729068,0.00295920082369327,0.118324664189163
"chr10:63215455:63215553:clu_9393:ENSG00000171988.18",-0.00354697157386455,0.00518625193385956,0.494026883261165
"chr10:86843510:86875867:clu_9795:ENSG00000107779.13",0.00808160033287826,0.00473196404329584,0.0876596470311808
"chr10:87505552:87508336:clu_9821:ENSG00000107789.15",-0.00293689200840328,0.00406972985792698,0.470514003256801
"chr10:87151832:87158048:clu_9811:ENSG00000122376.11",0.00175328438436067,0.00321968684973863,0.586062215606998
"chr10:87771041:87776321:clu_9825:ENSG00000138138.13",0.00937984662199693,0.00365203933876492,0.0102173319733629
"chr10:87096989:87151350:clu_9810:ENSG00000122376.11",-0.000495141364597172,0.0037249387902697,0.894251872286283
"chr10:24856995:24858392:clu_8969:ENSG00000099256.18",-0.0117122227283942,0.0043309707999267,0.00684494885038134
"chr10:11018163:11165486:clu_8753:ENSG00000048740.18",0.00493929876804395,0.00338450474653679,0.144458903265831
"chr10:34401917:34470085:clu_9112:ENSG00000148498.15",0.000228048181939327,0.00426078345155203,0.957315529199871
"chr10:70153969:70157764:clu_9493:ENSG00000079332.14",0.000949170745447285,0.00264304707976094,0.719505411484741
"chr10:70816880:70820184:clu_9509:ENSG00000166224.16",8.78780616959776e-05,0.00384266918184348,0.981754755850361
"chr10:70143972:70146533:clu_9492:ENSG00000156521.13",-0.00439504249573269,0.00303705514411159,0.147857853927993
"chr10:33197709:33202891:clu_9101:ENSG00000099250.17",-0.00377739435214445,0.00437347304042715,0.387749486329265
"chr10:32293194:32293592:clu_9080:ENSG00000120616.15",-0.00272611867222535,0.00430812028034959,0.526873328728522
"chr10:30909015:30910360:clu_9065:ENSG00000183621.15",-0.0129668511180431,0.00483618946630098,0.00733559414349827
"chr10:24531993:24533070:clu_8961:ENSG00000120549.17",0.000737795074889275,0.00634444042888297,0.90742269851739
"chr10:24544476:24544981:clu_8962:ENSG00000120549.17",0.0154155761268568,0.004505240016038,0.000622311216470384
"chr10:27219857:27223338:clu_9006:ENSG00000107897.18",0.00161764161848066,0.00396635672835629,0.683390646898675
"chr10:49048584:49064703:clu_9283:ENSG00000165633.12",0.00120532630400576,0.00431334097173125,0.779906056334604
"chr10:49086023:49107594:clu_9284:ENSG00000165633.12",-0.0103847207252156,0.00434173356773771,0.0167642674943719
"chr10:48431270:48434879:clu_9276:ENSG00000107643.15",-0.000412080374925207,0.00484906044869753,0.932276107474245
"chr10:48431270:48434884:clu_9276:ENSG00000107643.15",-0.00501118416694904,0.00464480389273953,0.280641403907744
"chr10:67932780:67939588:clu_9408:ENSG00000148634.15",0.00303894691270969,0.00446907363715487,0.496507742339117
"chr10:68376972:68379424:clu_9425:ENSG00000204130.12",-0.00339849532582737,0.00390125618387023,0.383684011338449
"chr10:80413876:80420466:clu_9761:ENSG00000122378.13",-0.00812472757385133,0.00590297185851726,0.168704269972793
"chr10:97738674:97743094:clu_10046:ENSG00000155256.17",-0.000932807895386524,0.00314774845843965,0.766969442640534
"chr10:97370274:97370455:clu_10007:ENSG00000052749.13",-0.00519625365746321,0.00377081223451253,0.168197196633883
"chr10:97715985:97717194:clu_10045:ENSG00000155254.12",0.00176766883144972,0.00414040446862264,0.669429266836664
"chr10:113158069:113159920:clu_10401:ENSG00000148737.16",-0.00273884154507567,0.00299861092987592,0.361047929006936
"chr10:104259798:104266084:clu_10346:ENSG00000148834.12",0.0245870154276057,0.00482727517502488,3.51786238028673e-07
"chr10:103106706:103111745:clu_10292:ENSG00000076685.18",0.00768459127178811,0.00366849899701254,0.0361931492713568
"chr10:104043860:104045758:clu_10336:ENSG00000065618.18",-0.000743335349724705,0.00449683925829684,0.868706490069249
"chr10:103392466:103395746:clu_10298:ENSG00000173915.14",-0.000152276198197618,0.00465286072970618,0.97389194545068
"chr10:103378550:103379608:clu_10296:ENSG00000148835.10",0.00489556469623839,0.00452297831352403,0.279085338723839
"chr10:104279471:104297578:clu_10347:ENSG00000065621.14",0.0113512131064717,0.00274196961608296,3.47604716591787e-05
"chr10:75222402:75229644:clu_9684:ENSG00000165637.13",-0.00803350316873586,0.00579157029108094,0.16541042879778
"chr10:103440850:103441826:clu_10308:ENSG00000148843.13",-0.0200822138353059,0.00470621917130848,1.97972716925454e-05
"chr10:101667980:101672915:clu_10186:ENSG00000107829.13",-0.0171676205655229,0.00489990607164448,0.000458905369524976
"chr10:101803446:101803735:clu_10192:ENSG00000198408.13",-0.00564144017722058,0.003297579347876,0.0871213196416261
"chr10:101584919:101585862:clu_10184:ENSG00000166169.16",0.0203934175734158,0.00542275966503978,0.000169432881496845
"chr10:101992038:101993538:clu_10201:ENSG00000120029.12",0.0223590806842586,0.00515381830544499,1.43554759404196e-05
"chr10:101806143:101807730:clu_10193:ENSG00000198408.13",-0.00125191488136823,0.00416148843242547,0.763541507311149
"chr10:102260116:102344051:clu_10222:ENSG00000107862.4",-0.0280230363133897,0.00544340515818086,2.63178862369706e-07
"chr10:102450330:102455337:clu_10253:ENSG00000269609.5",-0.0673672432891123,0.00790135772910498,0
"chr10:101587406:101588204:clu_10184:ENSG00000166169.16",-0.00113796450151867,0.00442359738407338,0.796986821985582
"chr10:101624810:101667886:clu_10186:ENSG00000107829.13",0.0140243478402311,0.00574021777824779,0.014558737145961
"chr10:101812380:101813030:clu_10194:ENSG00000198408.13",-0.00313310518929946,0.00470638072473801,0.505593698920957
"chr10:124484326:124488422:clu_10590:ENSG00000107902.13",-0.00123724606097189,0.00307634127228001,0.687550811827538
"chr10:96944245:96949008:clu_10002:ENSG00000196233.12",-0.00275338279608882,0.00324832977258322,0.396643884654387
"chr10:96209907:96215321:clu_9992:ENSG00000095585.16",-0.00243882297044831,0.00347841976196175,0.483222154748645
"chr10:96832399:96833406:clu_10001:ENSG00000196233.12",-0.00124899843104843,0.00357383096520748,0.726725625686623
"chr10:95664300:95682651:clu_9971:ENSG00000119977.20",-0.000335722420767819,0.00215151150201995,0.876001284572869
"chr10:95422216:95432448:clu_9961:ENSG00000095637.21",-0.00465990190904035,0.00411862359719589,0.257877458772503
"chr10:95367699:95375973:clu_9957:ENSG00000095637.21",-0.00922047399761559,0.00442874985316907,0.0373462482434762
"chr10:21735235:21740030:clu_8935:ENSG00000078403.16",-0.0243892409363424,0.00639764345742877,0.000137722760647829
"chr10:21766309:21805980:clu_8939:ENSG00000136770.10",0.00115911706816047,0.00674813770634644,0.863619580104759
"chr10:20868765:20869740:clu_8916:ENSG00000078114.18",0.0122835554458435,0.0044473392114227,0.00574482986629099
"chr10:21688538:21713772:clu_8931:ENSG00000078403.16",0.0162799840330197,0.00408071340635241,6.62142310553504e-05
"chr10:20869841:20880794:clu_8916:ENSG00000078114.18",0.00261946684563492,0.00525904132970128,0.618421821464558
"chr10:96952196:96980793:clu_10003:ENSG00000196233.12",-0.0019794481726789,0.00385962621017698,0.608049205785745
"chr10:119160969:119161055:clu_10482:ENSG00000183605.16",0.00934045339666111,0.00464959865795925,0.0445505995985744
"chr10:22325728:22326431:clu_8946:ENSG00000148444.15",0.000571152417640423,0.0057063286329653,0.92027204167315
"chr10:22325728:22326431:clu_8946:ENSG00000168283.13",0.000571152417640423,0.0057063286329653,0.92027204167315
"chr10:113146097:113150983:clu_10400:ENSG00000148737.16",0.00201519736721809,0.00391385049269464,0.606630802106938
"chr10:112964468:112964556:clu_10397:ENSG00000148737.16",-0.00717992560617214,0.00404465632542612,0.075870922009645
"chr10:114173265:114174015:clu_10420:ENSG00000165813.18",-0.000600562978308468,0.0038474829778202,0.875960162974038
"chr10:113146097:113150998:clu_10400:ENSG00000148737.16",-0.00251651912698396,0.00385132148136511,0.513487448888901
"chr10:114163329:114174015:clu_10420:ENSG00000165813.18",0.00644359167927844,0.0037806556186739,0.0883141745026964
"chr10:311566:327006:clu_8623:ENSG00000151240.16",-0.00490155979116685,0.0033841852066292,0.147512983794222
"chr10:70161069:70170413:clu_9494:ENSG00000079332.14",-0.000269295850088561,0.00424255711633746,0.949388353075542
"chr10:70140141:70143842:clu_9492:ENSG00000156521.13",-0.00811705237791537,0.00314355911301997,0.00981949349872324
"chr10:68488629:68493132:clu_9436:ENSG00000122912.14",0.0109291419125899,0.00468579772780816,0.0196798006501043
"chr10:70124097:70132734:clu_9491:ENSG00000042286.14",0.00453443461642881,0.00302954833972705,0.134461917556874
"chr10:68487212:68488467:clu_9436:ENSG00000122912.14",-0.00999462366590152,0.00442988030047214,0.0240591298038765
"chr10:80408643:80420466:clu_9761:ENSG00000122378.13",-0.000978911114446926,0.00529700493592317,0.853382264774828
"chr10:87326672:87328193:clu_9818:ENSG00000223482.7",-0.00276377635543846,0.00425093093125515,0.515590227901102
"chr10:86945811:86957378:clu_9800:ENSG00000272734.1",-0.00590329153185878,0.00463920815161769,0.203203242401573
"chr10:87784670:87790310:clu_9826:ENSG00000138138.13",0.00151114190273864,0.00474785151821175,0.750273237303796
"chr10:86945811:86957378:clu_9800:ENSG00000173269.13",-0.00581744538872932,0.00461925481250091,0.207889337822112
"chr10:47472191:47473970:clu_9257:ENSG00000265190.6",0.0131656302886096,0.00826271374319894,0.11107530977092
"chr10:46033551:46039986:clu_9231:ENSG00000263639.5",-0.0161646999888149,0.00415744147488036,0.000101016810132082
"chr10:38361322:38362240:clu_9143:ENSG00000099251.14",-0.00915383186443075,0.00712649234864088,0.198974303789008
"chr10:4835809:4837459:clu_8676:ENSG00000165568.17",0.00434597484656951,0.0030552619832157,0.154894000920592
"chr10:123037847:123040466:clu_10577:ENSG00000196177.12",0.00263817237913618,0.00302176300075347,0.382631822561201
"chr10:123034515:123037747:clu_10577:ENSG00000196177.12",-0.00295800559184833,0.00332857908803971,0.374180908600402
"chr10:122213377:122215391:clu_10549:ENSG00000138162.18",-0.00438549626812843,0.00457689768446221,0.337971510880144
"chr10:112443594:112445170:clu_10390:ENSG00000023041.11",0.000307552753226491,0.00372542859499672,0.934205384818358
"chr10:4243109:4243504:clu_8673:ENSG00000233117.2",-0.00445082855951326,0.00295729371876948,0.132315251810845
"chr10:13660553:13663453:clu_8814:ENSG00000151474.21",0.000631338666426842,0.00262633410031631,0.810029638110572
"chr10:13663509:13666097:clu_8814:ENSG00000151474.21",0.000441763734684677,0.00258504588890869,0.864308665111297
"chr10:15214601:15215996:clu_8854:ENSG00000148468.16",-0.00150016887590915,0.00331372849354311,0.650755219889623
"chr10:15216110:15220944:clu_8854:ENSG00000148468.16",-0.00443466326380118,0.00307492290409227,0.149245093733414
"chr10:123862723:123880211:clu_10584:ENSG00000121898.12",0.00544406442178015,0.00350352635491395,0.120212710257968
"chr10:123842488:123862614:clu_10584:ENSG00000121898.12",-0.00208664549483267,0.00322738248768468,0.517926968637986
"chr10:109865312:109868614:clu_10352:ENSG00000108039.17",-0.00247438301227713,0.00666420799140396,0.710418279151327
"chr10:110876753:110881233:clu_10375:ENSG00000150593.17",0.00460705687715208,0.00453749847082006,0.309948700278599
"chr10:109865312:109867529:clu_10352:ENSG00000108039.17",0.00245828612056961,0.00531655452882807,0.643806460514658
"chr10:87759787:87767673:clu_9824:ENSG00000138138.13",0.00315437276772376,0.00446011173907903,0.479416879347343
"chr10:87001736:87004325:clu_9806:ENSG00000261011.1",0.00131691890674757,0.00311006013045633,0.671975428155474
"chr10:87789129:87790310:clu_9826:ENSG00000138138.13",0.0134857379345211,0.00415942628504581,0.00118606146024569
"chr10:87238849:87246115:clu_9816:ENSG00000223482.7",0.00124771125295921,0.00381793946576686,0.743817448590784
"chr10:31852597:31861395:clu_9073:ENSG00000165322.17",0.00392768944706312,0.00690959322158826,0.569736208942465
"chr10:32686080:32689053:clu_9088:ENSG00000216937.13",0.00995064596074165,0.00450014936797716,0.0270232873962715
"chr10:3129605:3129819:clu_8657:ENSG00000067057.16",-0.00904582734196084,0.00445580218721277,0.0423440190486127
"chr10:43387936:43391313:clu_9177:ENSG00000169813.16",-0.00849724981911521,0.00536970299849461,0.113548436838521
"chr10:43437262:43454065:clu_9179:ENSG00000243660.9",-0.00348575351397889,0.00274087554095156,0.203456118220271
"chr10:45443828:45444116:clu_9198:ENSG00000012779.10",-0.0230813828927292,0.00393157849067807,4.33782476605415e-09
"chr10:45444286:45445508:clu_9198:ENSG00000012779.10",0.021639447272103,0.00345712450591809,3.86517262640496e-10
"chr10:15592304:15597207:clu_8861:ENSG00000077943.7",-0.00568819763840728,0.00474854929346829,0.230963293229469
"chr10:15548568:15558074:clu_8858:ENSG00000077943.7",-0.00221217971691779,0.00392315396167838,0.572837248786864
"chr10:15531151:15548455:clu_8858:ENSG00000077943.7",0.0024045004367822,0.00371736296656361,0.517742226602837
"chr10:95367699:95371326:clu_9957:ENSG00000095637.21",-0.00192790237502255,0.00460173594997471,0.67525186454019
"chr10:95043077:95045810:clu_9949:ENSG00000138115.13",-0.00144558207327146,0.00439999506062049,0.742502083238815
"chr10:95045951:95058335:clu_9949:ENSG00000138115.13",0.0129392528189912,0.0044987446542259,0.0040250495741706
"chr10:95904938:95907663:clu_9981:ENSG00000226688.6",-0.0017765072623524,0.00408506096835388,0.66365025235382
"chr10:14840157:14842134:clu_8831:ENSG00000187522.14",0.00240536508182895,0.00300368827645971,0.423245220268771
"chr10:15821726:15833630:clu_8869:ENSG00000148481.13",-7.89978793723306e-05,0.00335672590421201,0.981224153484018
"chr10:14840157:14842134:clu_8831:ENSG00000284024.1",0.00240536508182895,0.00300368827645971,0.423245220268771
"chr10:38371173:38377985:clu_9146:ENSG00000099251.14",-0.00333116220854758,0.00954254953051202,0.727025394636044
"chr10:34336243:34337275:clu_9108:ENSG00000148498.15",0.00413565861822337,0.0051129619201047,0.418597002478579
"chr10:34401917:34450317:clu_9112:ENSG00000148498.15",-0.00665785301548905,0.00398814892649214,0.0950362864596666
"chr10:34312382:34317107:clu_9106:ENSG00000148498.15",0.00495867466048068,0.00414742016701449,0.231850892638586
"chr10:118311313:118322305:clu_10466:ENSG00000165669.13",0.00146082945061108,0.00382424267448834,0.702467426032749
"chr10:118311313:118326154:clu_10466:ENSG00000165669.13",0.00281653153160316,0.00305811188558934,0.357048636993316
"chr10:47474398:47474945:clu_9258:ENSG00000265190.6",0.00529542284850989,0.00541340722141166,0.327972867528718
"chr10:47539161:47542167:clu_9262:ENSG00000251079.6",-0.00019906542903232,0.00492920361313419,0.967786262978107
"chr10:47503543:47504189:clu_9260:ENSG00000204172.12",0.00590512757352788,0.00705117794980605,0.402330219980779
"chr10:47474065:47474305:clu_9258:ENSG00000265190.6",-0.00720035622680208,0.00541802608825266,0.183860175765856
"chr10:46798168:46808996:clu_9248:ENSG00000204177.10",-0.015944613732215,0.00466426486741829,0.000629760351819164
"chr10:124994606:124997964:clu_10608:ENSG00000175029.16",-0.00102647171716646,0.00294522256004287,0.727448995158521
"chr10:124994683:124997964:clu_10608:ENSG00000175029.16",0.000818867486705191,0.0029248982087258,0.779504787722167
"chr10:124816612:124819384:clu_10602:ENSG00000165660.7",0.00645943809284831,0.00315140628245817,0.0403936953295774
"chr10:125730399:125733404:clu_10614:ENSG00000107938.17",0.00587651628780818,0.0026890788249213,0.0288648865326895
"chr10:125997485:126004884:clu_10640:ENSG00000203780.10",0.00385735504561355,0.00346050667292478,0.26498788823983
"chr10:77636569:77636894:clu_9701:ENSG00000156113.22",0.00524457160103418,0.00475195939960232,0.269738453380941
"chr10:77794117:77794849:clu_9703:ENSG00000151208.16",0.00408986913927494,0.00307878605795941,0.184044954928069
"chr10:78009675:78009864:clu_9725:ENSG00000148606.12",-0.00320517659426053,0.00344269419578205,0.351849312290092
"chr10:78007866:78009537:clu_9725:ENSG00000148606.12",0.00249015572712236,0.00376202916581323,0.508023620954013
"chr10:77928151:77929589:clu_9720:ENSG00000233871.2",-0.00374261630156376,0.00348408200067924,0.282731069653426
"chr10:50344345:50418064:clu_9318:ENSG00000198964.13",0.00761742255000981,0.00467771099292937,0.103429318032103
"chr10:51074901:51153164:clu_9326:ENSG00000185532.15",-0.00462133837854656,0.00339563156152493,0.173524501856989
"chr10:125729104:125729358:clu_10613:ENSG00000107938.17",7.24577029179935e-06,0.00363775552214775,0.998410755096375
"chr10:125815130:125816177:clu_10627:ENSG00000188690.12",-0.00359615206135617,0.00326913279465778,0.27131799634994
"chr10:125812288:125815034:clu_10627:ENSG00000188690.12",-0.00174315603437976,0.00314745087870293,0.57969447424657
"chr10:125796188:125796455:clu_10626:ENSG00000188690.12",0.000753462837774484,0.00331367533041945,0.820128425304089
"chr10:132167055:132167953:clu_10695:ENSG00000188385.11",-0.00769240916943391,0.00288860633517124,0.0077443390585169
"chr10:12084751:12087535:clu_8772:ENSG00000181192.11",0.000533513560619891,0.00302152616190091,0.859845461950226
"chr10:18642552:18648490:clu_8908:ENSG00000241058.3",-0.00145264710533032,0.00393907575723565,0.712292707239936
"chr10:59302864:59323988:clu_9344:ENSG00000148541.12",0.00316324332414685,0.00474660269732853,0.505141019191318
"chr10:13611683:13613741:clu_8810:ENSG00000165630.13",0.000643066024733207,0.00246149145173501,0.793899288846975
"chr10:13651974:13654416:clu_8808:ENSG00000151474.21",0.0028433458092698,0.00358388484100729,0.4275624315031
"chr10:13648230:13648620:clu_8812:ENSG00000239665.8",-0.00113702169249212,0.00285135158276573,0.690065727942377
"chr10:14897517:14899539:clu_8838:ENSG00000152455.15",-0.00350649394910243,0.00330337927884398,0.288468666838333
"chr10:14878919:14896846:clu_8837:ENSG00000152455.15",-0.00941620336210864,0.00349980414359921,0.00713462377997454
"chr10:14945189:14947525:clu_8844:ENSG00000152457.17",0.00683867247675282,0.00305037580267178,0.0249670950747998
"chr10:51907570:52054484:clu_9327:ENSG00000185532.15",0.00190164627803962,0.00471403574963617,0.686653322588128
"chr10:125867183:125880543:clu_10636:ENSG00000089876.11",-0.0105332301606348,0.00405113887592663,0.00932057179747026
"chr10:124983688:124984774:clu_10607:ENSG00000019995.6",-0.00920548090962316,0.00328880312523329,0.00512552988286008
"chr10:125854203:125855117:clu_10634:ENSG00000089876.11",-0.00936766182526438,0.00401570764451512,0.0196610111275625
"chr10:124983688:124984778:clu_10607:ENSG00000019995.6",0.00841001150885921,0.00332019281669753,0.0113094538167422
"chr10:125839188:125840847:clu_10631:ENSG00000089876.11",-0.00483333295107319,0.00337584070800742,0.15221766963785
"chr10:125111093:125158635:clu_10610:ENSG00000175029.16",0.000837478214613027,0.00281439846019018,0.766032007717558
"chr10:125854203:125859603:clu_10634:ENSG00000089876.11",0.00276409311439837,0.00363915988579424,0.447528672984888
"chr10:125994960:125995417:clu_10639:ENSG00000203780.10",0.00963439284604252,0.0027701216561851,0.000505231345098722
"chr10:104010908:104018160:clu_10331:ENSG00000065613.13",-0.00229335195223816,0.00828937606381143,0.782039968641081
"chr10:104122154:104122965:clu_10340:ENSG00000156384.14",0.0042560485653522,0.00505771101254911,0.400069573675528
"chr10:68381399:68383798:clu_9425:ENSG00000204130.12",0.0061147821678315,0.00520493023302383,0.240072423679868
"chr10:68306906:68332784:clu_9419:ENSG00000108187.15",-0.00282281331489561,0.00456778795370778,0.536586831702757
"chr10:68377015:68379424:clu_9425:ENSG00000204130.12",0.00695893540638726,0.00383992510989378,0.0699463245686026
"chr10:18548237:18551823:clu_8903:ENSG00000241058.3",0.00314716451730894,0.00328249278485315,0.337673257750149
"chr10:70142853:70143842:clu_9492:ENSG00000156521.13",0.00347648440119755,0.00241912110930024,0.150693638256755
"chr10:32935558:32958145:clu_9097:ENSG00000150093.18",0.00603083738568255,0.00487030720601286,0.21560971666015
"chr10:33182748:33185628:clu_9098:ENSG00000099250.17",0.00456498045597702,0.00312701131867896,0.144330162137769
"chr10:130175089:130179342:clu_10678:ENSG00000108010.11",-0.0079827727375466,0.0034469630806402,0.0205645066553591
"chr10:130175089:130180113:clu_10678:ENSG00000108010.11",0.00485462487729398,0.00376855337052551,0.197678713726136
"chr10:77039637:77073097:clu_9698:ENSG00000156113.22",0.0132987309691804,0.00506148855980871,0.00860313376286848
"chr10:91493508:91496205:clu_9870:ENSG00000165338.16",0.00631745741937573,0.00559288871112711,0.258665137731032
"chr10:91491307:91492352:clu_9869:ENSG00000165338.16",0.000789801937876718,0.00406252424001285,0.845853588377954
"chr10:91959282:91959785:clu_9882:ENSG00000095564.13",0.00449588088154702,0.00450308626683337,0.318085481769525
"chr10:91487778:91488736:clu_9869:ENSG00000165338.16",0.0147810817067952,0.00661462590448591,0.0254432367971624
"chr10:91264520:91271638:clu_9865:ENSG00000180628.14",0.00330520470121802,0.00373628307369125,0.376359599023464
"chr10:91264520:91278269:clu_9865:ENSG00000180628.14",0.000411293053914793,0.00444698819950383,0.926310323303316
"chr10:91493508:91496214:clu_9870:ENSG00000165338.16",-0.00370448503189044,0.00544274471019322,0.496106837073314
"chr10:92311337:92340673:clu_9892:ENSG00000198060.9",-0.00177415978835196,0.00439547527592556,0.686482461832384
"chr10:90900668:90902243:clu_9860:ENSG00000148688.13",-0.00306666456174404,0.00368916199235852,0.405824965108279
"chr10:91996570:91997080:clu_9885:ENSG00000095564.13",-0.00541532960486318,0.00436536448048966,0.214782472813377
"chr10:91935780:91939952:clu_9880:ENSG00000095564.13",0.00274971397737039,0.0051156524941068,0.590915432574739
"chr10:91996570:91997603:clu_9885:ENSG00000095564.13",0.00638349839636224,0.0043594639906,0.143116052105821
"chr10:31817886:31820387:clu_9071:ENSG00000165322.17",0.0041674791795007,0.00518338338082844,0.421392636220288
"chr10:31809128:31809230:clu_9070:ENSG00000165322.17",-0.000328634229191617,0.00415243935321695,0.936919318150505
"chr10:31809307:31810649:clu_9070:ENSG00000165322.17",0.00212332992178519,0.00419340314541033,0.612610928328594
"chr10:88573061:88583073:clu_9835:ENSG00000184719.11",0.0149248291279258,0.00475723570351765,0.00170517238983225
"chr10:89012335:89013343:clu_9846:ENSG00000026103.21",0.000489922080010887,0.00449425572629172,0.913193982838883
"chr10:89222582:89223684:clu_9847:ENSG00000107798.17",0.00980887120022828,0.00383331111064963,0.0105018803215575
"chr10:88275032:88314466:clu_9834:ENSG00000184719.11",0.0179611269719845,0.00402540435667211,8.12196274435628e-06
"chr10:3128587:3129819:clu_8657:ENSG00000067057.16",-0.00296875112675699,0.00309040819719223,0.33673623699898
"chr10:43396590:43407717:clu_9178:ENSG00000169813.16",0.00309236127141785,0.00359573509998144,0.389784583638779
"chr10:119588248:119593452:clu_10495:ENSG00000151923.17",-4.95240004230498e-05,0.00346115370345551,0.988583839254258
"chr10:119933787:119940586:clu_10517:ENSG00000107651.12",-0.00161032321002858,0.00297729647227476,0.588598841535267
"chr10:119892945:119898427:clu_10512:ENSG00000107651.12",0.00224611257610404,0.00293438000491846,0.44400537345686
"chr10:119898959:119902799:clu_10512:ENSG00000107651.12",-0.000621071290036084,0.00331624548545756,0.851439960044457
"chr10:119933785:119940586:clu_10517:ENSG00000107651.12",0.00169114433426089,0.00289603281939092,0.559252565304535
"chr10:120860282:120862735:clu_10524:ENSG00000120008.15",0.00100000806124664,0.00421622281234681,0.812516353839327
"chr10:119500259:119515509:clu_10492:ENSG00000148908.14",-0.00109988682131051,0.00401452025794448,0.784102181217017
"chr10:119588248:119596434:clu_10495:ENSG00000151923.17",-0.000734401390159623,0.00339849696814189,0.828912965913457
"chr10:119580010:119580471:clu_10498:ENSG00000151923.17",0.00339531973292665,0.00541897730799376,0.530947052665335
"chr10:118326243:118335114:clu_10467:ENSG00000165669.13",0.00548425174864903,0.00278513804352056,0.0489401072540158
"chr10:118326239:118335114:clu_10467:ENSG00000165669.13",-0.00435007399700141,0.00280128923158864,0.120451125428671
"chr10:58820468:58828761:clu_9339:ENSG00000122870.11",-0.00501677503256007,0.00364742564288842,0.168998481024617
"chr10:77984012:77984205:clu_9721:ENSG00000148606.12",-0.00470574264117845,0.00305464051646927,0.123433026990886
"chr10:79069270:79118915:clu_9734:ENSG00000108175.16",-0.00916987130077257,0.00304071624977444,0.00256391432637038
"chr10:77982817:77983920:clu_9721:ENSG00000148606.12",0.00513671454880261,0.00305868744386701,0.0930769878890714
"chr10:34331344:34336199:clu_9108:ENSG00000148498.15",-0.00779799130553287,0.00461270046217568,0.0909231730860629
"chr10:50106465:50113895:clu_9314:ENSG00000099290.15",-0.00742796155017616,0.00882829178595132,0.400134235625155
"chr10:50091518:50093268:clu_9312:ENSG00000099290.15",0.0147862517382222,0.00637650749761701,0.0204024281917289
"chr10:50739983:50742915:clu_9324:ENSG00000204147.9",-0.00314108510321565,0.00560211765682817,0.575004777280988
"chr10:7580064:7585901:clu_8734:ENSG00000123243.14",-0.00213774675543095,0.00313299339071518,0.495028012127827
"chr10:5918478:5921448:clu_8708:ENSG00000134452.19",-0.000909994645227722,0.0035295117855474,0.796542347887841
"chr10:15841599:15843212:clu_8870:ENSG00000148481.13",0.000883749643584347,0.00335129585649297,0.792008123189948
"chr10:15141029:15141422:clu_8852:ENSG00000152465.17",0.00182264699290427,0.00379482989963437,0.631015926389413
"chr10:13693517:13693898:clu_8816:ENSG00000151474.21",0.000635675323478022,0.00284011227477648,0.822896985008195
"chr10:13647035:13651903:clu_8808:ENSG00000151474.21",0.000104927719656197,0.00410344854592264,0.979599820986981
"chr10:26724127:26735240:clu_8979:ENSG00000148459.15",-0.00151680346396384,0.00428636617346775,0.723438572143666
"chr10:26724123:26735240:clu_8979:ENSG00000148459.15",0.000997160343577745,0.00343268266934744,0.771441320873706
"chr10:26777241:26823138:clu_8984:ENSG00000136754.16",0.00726824349692617,0.00407001717468647,0.074131375075301
"chr10:113721779:113725362:clu_10411:ENSG00000165806.19",-0.0100824312775504,0.00297747268843124,0.000708578913167668
"chr10:113158717:113165555:clu_10401:ENSG00000148737.16",-0.00298772919050613,0.00340003664683164,0.379545297775164
"chr10:103910622:103917462:clu_10328:ENSG00000107960.10",0.0171666582750377,0.00539612632519559,0.0014661931937564
"chr10:103627202:103660983:clu_10320:ENSG00000107957.16",0.0266472711209834,0.00525038360474642,3.86885410263993e-07
"chr10:43387936:43394630:clu_9177:ENSG00000169813.16",-0.00755293966574562,0.00314953352418612,0.0164797464627557
"chr10:43394688:43396456:clu_9177:ENSG00000169813.16",0.00767969797343918,0.00309586612976824,0.0131150480651432
"chr10:26770345:26777065:clu_8983:ENSG00000136754.16",-0.00466279400124461,0.00592979985702542,0.431672751110976
"chr10:26771089:26777065:clu_8983:ENSG00000136754.16",-0.00344564277830745,0.00492971364086742,0.484580815506767
"chr10:32932600:32933351:clu_9096:ENSG00000150093.18",0.00747455323703292,0.0050609453511425,0.139700164561039
"chr10:38358515:38362240:clu_9143:ENSG00000099251.14",-0.0041718239286461,0.0112436785138547,0.710609762626181
"chr10:37838111:37856296:clu_9131:ENSG00000198105.13",0.0129706735762801,0.00695332405823888,0.0621265080225399
"chr10:37856337:37856435:clu_9131:ENSG00000198105.13",-0.0139473589795738,0.00848274810203035,0.100134299343586
"chr10:38017386:38025348:clu_9139:ENSG00000189180.15",-0.0126574295022903,0.00813733318340128,0.119832657469103
"chr10:16467210:16484337:clu_8873:ENSG00000165983.14",0.0021186797131846,0.00282682538652422,0.453561421894473
"chr10:113725537:113726305:clu_10412:ENSG00000165806.19",-0.00483579245206238,0.00388885793149423,0.21368386688266
"chr10:113679978:113697494:clu_10409:ENSG00000165806.19",0.00103645937673645,0.00345478277287715,0.764171736406907
"chr10:114300359:114301354:clu_10429:ENSG00000169129.14",0.0095905465029951,0.00384887594165173,0.0127105258799652
"chr10:113592301:113595623:clu_10404:ENSG00000197893.13",-0.00296355903760367,0.00352444368301637,0.400427112967496
"chr10:4235782:4243504:clu_8673:ENSG00000233117.2",-0.00547569937537462,0.00265657120495099,0.0392848678792731
"chr10:113158069:113165555:clu_10401:ENSG00000148737.16",0.00878421391594483,0.00367125269776672,0.0167248158385481
"chr10:93316813:93319697:clu_9906:ENSG00000138119.16",0.00190365825009483,0.00400052810677688,0.634180007754033
"chr10:91942568:91951403:clu_9880:ENSG00000095564.13",0.00577250708685053,0.00395448966399103,0.14436291064032
"chr10:93323173:93323270:clu_9908:ENSG00000138119.16",-0.00245341199020052,0.0031617298199585,0.43776585869267
"chr10:92920050:92928339:clu_9901:ENSG00000138190.16",-0.00311666084013989,0.00362287797092349,0.389639068595873
"chr10:93316813:93319872:clu_9906:ENSG00000138119.16",-0.00181970486459436,0.00371354494396156,0.624120971429519
"chr10:92181019:92192546:clu_9889:ENSG00000107864.14",-0.00336713499724591,0.0043427076598967,0.438130611782976
"chr10:21882439:21904522:clu_8941:ENSG00000136770.10",-0.0099970997781117,0.00359525747910529,0.00542526508044872
"chr10:21538912:21556643:clu_8927:ENSG00000078403.16",0.00335596754891889,0.00606214553229977,0.579856715688593
"chr10:21586348:21595331:clu_8927:ENSG00000078403.16",0.0010717646317369,0.00481456635577874,0.823840020396177
"chr10:28534034:28535562:clu_9024:ENSG00000095787.21",0.00140635619757674,0.00288147125633606,0.625501114768054
"chr10:28614685:28616176:clu_9030:ENSG00000095787.21",-0.00286898266405376,0.00303783169722671,0.344956132493959
"chr10:11493228:11501101:clu_8757:ENSG00000148429.14",-0.00141390155074038,0.00260865594091733,0.587815856976051
"chr10:114448026:114451624:clu_10434:ENSG00000099204.18",0.00386458237350078,0.00511836598644564,0.450223655192151
"chr10:72692301:72834359:clu_9554:ENSG00000156026.14",-0.0241043264890043,0.00500538488211253,1.46700244929576e-06
"chr10:73278337:73291350:clu_9586:ENSG00000156042.17",0.000294149013584326,0.00602751098081346,0.961077825716013
"chr10:31461237:31495776:clu_9069:ENSG00000148516.21",-0.00400116844327542,0.00443050215178126,0.366474986045087
"chr10:31461237:31495779:clu_9069:ENSG00000148516.21",0.00346575281447802,0.00390162732013341,0.374388046480514
"chr10:114451671:114453379:clu_10434:ENSG00000099204.18",0.00220182504111616,0.00525115163936307,0.674994508801047
"chr10:50127222:50127583:clu_9316:ENSG00000099290.15",0.00116146916270906,0.00407621305276014,0.775691422874866
"chr10:100488974:100489252:clu_10136:ENSG00000075826.16",0.00837381375988022,0.00359530967088674,0.0198540927083898
"chr10:100497489:100497667:clu_10140:ENSG00000075826.16",-0.00920771535453173,0.00378035626735607,0.0148640750839379
"chr10:100490322:100490716:clu_10137:ENSG00000075826.16",-0.00137465350042871,0.00341645366186996,0.68741712091806
"chr10:100488977:100489252:clu_10136:ENSG00000075826.16",-0.00942741449926018,0.00365668109928425,0.00993354191361284
"chr10:100507567:100507908:clu_10144:ENSG00000075826.16",0.00419687295584087,0.00353878448879252,0.235636299262259
"chr10:100235764:100238022:clu_10123:ENSG00000095485.16",0.000925636859384304,0.00325907067323152,0.77639608676395
"chr10:99713479:99716348:clu_10100:ENSG00000014919.12",0.00372337902761148,0.00446817690363094,0.404669598426368
"chr10:100495569:100496258:clu_10139:ENSG00000075826.16",0.00163983662825328,0.00481192834006297,0.733264875753931
"chr10:100495546:100496258:clu_10139:ENSG00000075826.16",-0.000172866595485749,0.00431913207523198,0.968074425551037
"chr10:99420805:99430448:clu_10096:ENSG00000120053.10",0.00354668283402447,0.00389984146140493,0.36311642527199
"chr10:99718500:99720987:clu_10101:ENSG00000014919.12",0.00949564819634501,0.00504414913589631,0.0597671528314094
"chr10:99716461:99718346:clu_10101:ENSG00000014919.12",-0.00557268394704393,0.0050533284880638,0.270124919692937
"chr10:100374012:100381216:clu_10132:ENSG00000235823.1",0.00211981539413937,0.00373181850035563,0.570009042271135
"chr10:7617282:7637228:clu_8736:ENSG00000123243.14",-0.00306521882297719,0.00369039723179368,0.406203481023634
"chr10:87814612:87817795:clu_9828:ENSG00000138138.13",-0.0148675708493573,0.00392099431817201,0.000149567851224552
"chr10:89008997:89010539:clu_9844:ENSG00000026103.21",-0.00998290920373036,0.00344419508573967,0.00374983642188775
"chr10:91956657:91957225:clu_9881:ENSG00000095564.13",-0.0093288187818632,0.00500730145655251,0.0624561926744672
"chr10:91997751:92008123:clu_9886:ENSG00000095564.13",0.00650275989751612,0.00534001268893606,0.223321876993767
"chr10:124774782:124789039:clu_10600:ENSG00000203791.14",0.00623234645626293,0.00309390916423445,0.0439683737116804
"chr10:126009266:126009373:clu_10642:ENSG00000203780.10",-0.00216804121928786,0.00306914632753355,0.47994017979137
"chr10:125747694:125747863:clu_10619:ENSG00000107938.17",-0.000174247150793143,0.00269098702107134,0.948371353364239
"chr10:126008550:126009373:clu_10642:ENSG00000203780.10",0.000325132400350132,0.00288750137150178,0.910347754815515
"chr10:129837960:129839083:clu_10672:ENSG00000108001.13",0.00444736484561293,0.0029895792040567,0.136850515471203
"chr10:125881071:125896218:clu_10637:ENSG00000089876.11",0.011867952757147,0.00318223331274433,0.000191904705172385
"chr10:125735904:125737918:clu_10616:ENSG00000107938.17",-0.0185771931688125,0.00407463488503017,5.13417843461816e-06
"chr10:125841934:125852293:clu_10632:ENSG00000089876.11",-0.00287481697691315,0.00363939178678764,0.429576317187543
"chr10:125730399:125731865:clu_10614:ENSG00000107938.17",-0.00559526402735258,0.00314718723912446,0.0754265524897278
"chr10:35127193:35206895:clu_9121:ENSG00000095794.19",-0.00141311862277716,0.0047345426217231,0.765344520295411
"chr10:34131583:34269657:clu_9106:ENSG00000148498.15",0.00244076808503286,0.00380114990486739,0.520799761707902
"chr10:4837581:4839729:clu_8676:ENSG00000165568.17",0.000851379417075968,0.00258113614057513,0.741515746374592
"chr10:98414834:98415009:clu_10069:ENSG00000119943.12",-0.00970981524810758,0.00334022664881275,0.00364991303285356
"chr10:15782226:15789247:clu_8868:ENSG00000148481.13",0.0040908056733902,0.00402190598191655,0.309091065184651
"chr10:127439225:127444126:clu_10656:ENSG00000150760.12",0.00138315988741776,0.00268919249913909,0.607014139805625
"chr10:70340702:70376452:clu_9496:ENSG00000172731.13",-0.00299722815709945,0.00278130381596829,0.281197026393509
"chr10:132202116:132203762:clu_10699:ENSG00000151640.12",-0.00349536567315146,0.00349732888043635,0.317582242112443
"chr10:132187102:132190747:clu_10697:ENSG00000151640.12",-0.000404213186648255,0.00257708829032294,0.875364017822954
"chr10:132781948:132782037:clu_10717:ENSG00000068383.18",0.00472953417059853,0.00345470931727563,0.170995916692225
"chr10:132169033:132182357:clu_10696:ENSG00000188385.11",0.000408192410047984,0.0028372719906849,0.88560477094497
"chr10:109873427:109877790:clu_10354:ENSG00000108039.17",0.00599809517473898,0.00472381075039779,0.20417094492577
"chr10:109873427:109875528:clu_10354:ENSG00000108039.17",-0.00300105654143742,0.00435894839140149,0.4911494409699
"chr10:109893075:109907691:clu_10358:ENSG00000108039.17",-0.00942113957889841,0.00361391855874258,0.0091364910366063
"chr10:31373173:31387124:clu_9068:ENSG00000148516.21",-0.000431077245027583,0.00454128401478423,0.92437512317437
"chr10:31495838:31502348:clu_9069:ENSG00000148516.21",0.00724222787142751,0.00612467611478782,0.237020420960167
"chr10:110106053:110112777:clu_10362:ENSG00000148700.14",-0.00372033660148863,0.00447085289427017,0.40533483998928
"chr10:109886341:109888503:clu_10357:ENSG00000108039.17",-0.00508195594830817,0.00450774232082205,0.259580219043061
"chr10:110100848:110112777:clu_10362:ENSG00000148700.14",0.00130961224379649,0.00437378581901043,0.764617285140816
"chr10:123154485:123154918:clu_10578:ENSG00000154473.17",0.000494504563225079,0.00259315833306997,0.848763880968049
"chr10:5714207:5720544:clu_8693:ENSG00000108021.19",0.00213421637774832,0.00269048639410683,0.427634769801476
"chr10:5953326:5956379:clu_8711:ENSG00000134470.20",0.0084316293010257,0.00239330813879274,0.000426688179853474
"chr10:5953206:5956379:clu_8711:ENSG00000134470.20",-0.00802885022693887,0.00244365132527393,0.00101766974356943
"chr10:119037309:119038236:clu_10471:ENSG00000107581.12",-0.00124016623210344,0.00379423946403094,0.743777539678479
"chr10:119104197:119107968:clu_10477:ENSG00000119979.16",0.000412962863363793,0.00527304132978712,0.937576787151976
"chr10:119037309:119038238:clu_10471:ENSG00000107581.12",-0.000779494225743604,0.00331412889086217,0.814050904063193
"chr10:63264764:63380318:clu_9395:ENSG00000171988.18",-0.00639753956379062,0.00402401999043645,0.111871344381809
"chr10:97443311:97445732:clu_10017:ENSG00000171311.12",-0.00783379367757197,0.00450733647953595,0.082209137645629
"chr10:97452503:97452895:clu_10019:ENSG00000171307.18",0.00344502919105716,0.00416451355828622,0.408104174328451
"chr10:97390844:97393684:clu_10013:ENSG00000052749.13",0.00864085082770333,0.00351083272472359,0.0138474323800859
"chr10:97436551:97437191:clu_10016:ENSG00000171311.12",0.00338641323718336,0.00314241751379699,0.281191826154213
"chr10:15586664:15592225:clu_8860:ENSG00000077943.7",0.00322236551283471,0.00391798678741625,0.410818323296733
"chr10:91953873:91956528:clu_9881:ENSG00000095564.13",-0.0113454209267937,0.0041697270945528,0.00651039581239221
"chr10:91222983:91240484:clu_9864:ENSG00000180628.14",-0.00190932691091949,0.00538212155771168,0.722774204270571
"chr10:34269899:34284135:clu_9106:ENSG00000148498.15",-0.000426715699200869,0.00402398312355802,0.915548145363285
"chr10:35501535:35516523:clu_9123:ENSG00000108100.17",0.000983990737376891,0.00317244397758239,0.756433171571966
"chr10:32854489:32871085:clu_9094:ENSG00000216937.13",-0.0125806697024701,0.0035701270892229,0.000425290175628978
"chr10:71288732:71290915:clu_9519:ENSG00000107731.12",-0.00383763442728529,0.00317393741100061,0.226621197333083
"chr10:62000321:62050888:clu_9382:ENSG00000150347.14",0.00353609793582385,0.0046083130136431,0.442885192680295
"chr10:73233197:73234817:clu_9578:ENSG00000138286.14",0.00768474331930198,0.00642391873551468,0.231591087206107
"chr10:73136918:73138003:clu_9566:ENSG00000122882.10",0.000166083357420109,0.00712403936193619,0.981400531741195
"chr10:73253254:73253801:clu_9582:ENSG00000227540.1",0.00202103588903608,0.0055728110726961,0.716858853395459
"chr10:71643866:71645831:clu_9526:ENSG00000107736.19",-0.00272587502334051,0.00287907249788689,0.343746157257096
"chr10:73138070:73139309:clu_9566:ENSG00000122882.10",0.00771711833887171,0.00725437141071518,0.287424431073068
"chr10:71617393:71645831:clu_9526:ENSG00000107736.19",-0.00251984865919482,0.00291355763563262,0.38711013257372
"chr10:73141337:73146276:clu_9567:ENSG00000122882.10",0.00203011327186139,0.00504654718014059,0.687479682022781
"chr10:72216072:72220054:clu_9546:ENSG00000166295.8",0.00217633378647166,0.00511892691427423,0.670724196596403
"chr10:63219983:63264651:clu_9394:ENSG00000171988.18",-0.00210122047552384,0.0046495293579408,0.651325815010828
"chr10:72216138:72223888:clu_9546:ENSG00000166295.8",0.00141065485985827,0.00447414200063389,0.752541030936175
"chr10:71812890:71813244:clu_9536:ENSG00000107736.19",-0.00316450461377633,0.00345525638946781,0.359744352515284
"chr10:5918478:5921258:clu_8708:ENSG00000134452.19",-0.000189603621297914,0.00278963535781249,0.945811768174953
"chr10:5921357:5921448:clu_8708:ENSG00000134452.19",-0.000152849991195492,0.00291219824414274,0.958141353443262
"chr10:79806122:79808763:clu_9746:ENSG00000225484.6",-0.00630643100582075,0.00310102815548079,0.0419860801740791
"chr10:104058190:104059638:clu_10338:ENSG00000065618.18",-0.0165794742156607,0.00505638757941515,0.00104206351202474
"chr10:79668452:79766271:clu_9744:ENSG00000225484.6",-0.0010348594734265,0.00335443493059026,0.757698203911767
"chr10:79766324:79804485:clu_9745:ENSG00000225484.6",-0.00141457930356695,0.00326261389829782,0.664598988402003
"chr10:112447467:112448882:clu_10392:ENSG00000151532.13",-0.0113613941209783,0.00421260211514832,0.00699669602871145
"chr10:112443606:112445170:clu_10390:ENSG00000023041.11",0.0010597218235832,0.00345459493372558,0.759028197994374
"chr10:112442351:112443515:clu_10390:ENSG00000023041.11",-0.00792501084959279,0.00402055877038634,0.0487099511943513
"chr10:112448489:112448882:clu_10392:ENSG00000151532.13",-0.00189073419665168,0.00356099293175088,0.595448562990493
"chr10:38094490:38094931:clu_9140:ENSG00000075407.18",0.0127346383626366,0.00622334132368532,0.0407297865397613
"chr10:103439868:103440376:clu_10309:ENSG00000148843.13",-0.0107898750439682,0.00441837322011266,0.0146042453853471
"chr10:103439868:103440290:clu_10309:ENSG00000148843.13",0.00725550641270396,0.00438853009272744,0.0982721586938891
"chr10:6221745:6222855:clu_8720:ENSG00000170525.19",-0.00447528398426652,0.00296252407777107,0.130882209449515
"chr10:6580927:6582138:clu_8725:ENSG00000237943.6",-0.000604472095989656,0.00240280250167924,0.80137374848327
"chr10:5862691:5864620:clu_8698:ENSG00000134461.15",-0.00327754771225636,0.00263654332551203,0.213822502571528
"chr10:5712918:5714135:clu_8693:ENSG00000108021.19",0.0013334160482895,0.00247738289878511,0.590414300274213
"chr10:106577555:106579091:clu_10349:ENSG00000108018.15",0.000563798232152039,0.00377544678463462,0.881290994539519
"chr10:32272167:32273163:clu_9077:ENSG00000120616.15",0.00424452270192984,0.00464227809753777,0.360549291169648
"chr10:42802218:42816599:clu_9171:ENSG00000165733.7",-0.00766791160758885,0.00431683421560634,0.0756865747105967
"chr10:42632024:42636920:clu_9166:ENSG00000196693.14",-0.006166451743521,0.00564336972329914,0.2745300812481
"chr10:47523491:47542167:clu_9262:ENSG00000251079.6",0.0082582484251841,0.00454130267194788,0.0689914618497143
"chr10:71812015:71812480:clu_9535:ENSG00000107736.19",0.00430358380149977,0.0028634547881953,0.132856042449817
"chr10:70859499:70868345:clu_9511:ENSG00000166224.16",-0.00500595027056457,0.00311226413781166,0.107734617958932
"chr10:76877890:76887291:clu_9694:ENSG00000156113.22",0.00331523669526402,0.00288143446571844,0.249917088641912
"chr10:21713950:21726244:clu_8932:ENSG00000078403.16",0.00397289640519224,0.00512996455911029,0.438665260919585
"chr10:87007706:87008355:clu_9807:ENSG00000188100.8",0.00477655363678665,0.00417756317043055,0.2528797142537
"chr10:87007706:87008355:clu_9807:ENSG00000261011.1",0.00455470345859282,0.00411375346393123,0.268212130501105
"chr10:87001736:87003088:clu_9806:ENSG00000261011.1",-0.00100978785063794,0.00360565096758181,0.779433761862027
"chr10:68379521:68381232:clu_9425:ENSG00000204130.12",-0.003015203226011,0.00384523339354044,0.432957674912509
"chr10:68914204:68919832:clu_9452:ENSG00000107625.12",0.00602445408578123,0.00315688461907928,0.0563454495326295
"chr10:68306903:68332784:clu_9419:ENSG00000108187.15",0.00384711602551954,0.00525298471824474,0.463944204032227
"chr10:68913576:68914059:clu_9452:ENSG00000107625.12",-0.00490074577172829,0.00348337830298995,0.15945867508648
"chr10:5758992:5761290:clu_8697:ENSG00000108021.19",0.00180464330748994,0.00277215384412583,0.515053203774004
"chr10:71617393:71643861:clu_9526:ENSG00000107736.19",-0.00474652392504206,0.00296069175045328,0.10889476133481
"chr10:73154448:73156275:clu_9568:ENSG00000122882.10",-0.00437544446846234,0.00584538481713434,0.454140684078486
"chr10:15097409:15102218:clu_8846:ENSG00000152464.14",0.0044750922805127,0.00376001313802303,0.233975668557387
"chr10:125111093:125160319:clu_10610:ENSG00000175029.16",0.00545215359819338,0.00355766108017946,0.125396464354289
"chr10:125003492:125038997:clu_10610:ENSG00000175029.16",-0.00128733576083788,0.00327524090786053,0.69428202876369
"chr10:124010339:124012333:clu_10585:ENSG00000182022.17",-0.000231111874545139,0.00332397792331259,0.944568786064571
"chr10:62049483:62050888:clu_9382:ENSG00000150347.14",-0.00300158581093157,0.00462975812076989,0.516775064198715
"chr10:76324485:76557209:clu_9693:ENSG00000148655.14",-0.00502166874093434,0.00336274443241967,0.135352258172231
"chr10:76324485:76346430:clu_9693:ENSG00000148655.14",0.00440340502336332,0.004578867034422,0.336210352748206
"chr10:45727539:45728906:clu_9211:ENSG00000172661.17",0.0480518695264709,0.00428187808701234,0
"chr10:45618260:45639816:clu_9203:ENSG00000172671.19",-0.0215288372895078,0.00620034364748415,0.000516210342322854
"chr10:45784693:45784821:clu_9219:ENSG00000172661.17",0.0267415551657429,0.00490909330734638,5.11254627522106e-08
"chr10:45784901:45785509:clu_9219:ENSG00000172661.17",0.0284557110306353,0.0047899932353495,2.83880519091895e-09
"chr10:45727539:45728862:clu_9211:ENSG00000172661.17",-0.047188994766465,0.00422417959571667,0
"chr10:45463996:45464239:clu_9200:ENSG00000165406.15",0.0636959567091123,0.00481967901298835,0
"chr10:118335641:118336182:clu_10469:ENSG00000165669.13",0.00183539034427329,0.00398498228043146,0.645102267257996
"chr10:13660553:13666097:clu_8814:ENSG00000151474.21",-0.00087787326820865,0.00282268454692788,0.755795673046709
"chr10:125725838:125729003:clu_10613:ENSG00000107938.17",0.00702726989625234,0.00406747302748611,0.0840465771736052
"chr10:125088319:125110990:clu_10610:ENSG00000175029.16",-0.00128359533879372,0.00288511931980303,0.656390581454708
"chr10:124405563:124407303:clu_10588:ENSG00000065154.11",0.00929034536348456,0.00356372313965564,0.00913603856332856
"chr10:125039155:125133512:clu_10610:ENSG00000175029.16",0.00595182740459056,0.0033302259210133,0.0739028581516019
"chr10:32274038:32284698:clu_9078:ENSG00000120616.15",0.00435106482965676,0.00402194334453424,0.279327425922105
"chr10:31854206:31861395:clu_9073:ENSG00000165322.17",0.0102004627921456,0.00436398085243074,0.01941727682896
"chr10:13500080:13526138:clu_8806:ENSG00000165626.16",0.00132215554467273,0.0026114490222898,0.61265173300068
"chr10:89247649:89251737:clu_9848:ENSG00000107798.17",-0.00383530926775067,0.00342229582418835,0.262422756668556
"chr10:119582557:119588152:clu_10494:ENSG00000151923.17",0.0027520381679333,0.0034368832595755,0.42328415740593
"chr10:119859884:119872527:clu_10511:ENSG00000197771.12",0.00554737000836793,0.00361554499312653,0.124953191173724
"chr10:119805461:119806360:clu_10505:ENSG00000198825.12",0.00192938272863794,0.00361131793745515,0.593161661131139
"chr10:119806480:119807932:clu_10505:ENSG00000198825.12",-0.00347517017197324,0.00375882865871018,0.355207627326285
"chr10:130145319:130159746:clu_10677:ENSG00000108010.11",0.000558326098721973,0.00362518237480996,0.877599292742075
"chr10:73819645:73821682:clu_9656:ENSG00000148660.20",-0.00300955151392676,0.00504044228750445,0.550453409476696
"chr10:73348235:73348423:clu_9592:ENSG00000156042.17",-0.000515541423951375,0.00589548940264304,0.930316405690306
"chr10:32711730:32726734:clu_9088:ENSG00000216937.13",-0.00609942774390882,0.00341802403434845,0.0743441716452654
"chr10:19722422:19728405:clu_8912:ENSG00000233968.6",-0.00204827281384847,0.00287976622036293,0.476920919610082
"chr10:113590889:113592194:clu_10404:ENSG00000197893.13",-0.00890449318395169,0.0031582308253353,0.00481051097573748
"chr10:115160214:115165558:clu_10440:ENSG00000107518.16",-0.00349204674680999,0.00488468358246847,0.474672550759398
"chr10:98263051:98268132:clu_10060:ENSG00000138131.3",0.0116616253125061,0.0047695424482899,0.0144844224391258
"chr10:97656974:97662907:clu_10041:ENSG00000155252.13",0.00932269245746791,0.00459928782474143,0.0426638349620959
"chr10:98400257:98403040:clu_10068:ENSG00000119943.12",-0.00382006036400151,0.00405644192172012,0.346332493261028
"chr10:97584914:97598775:clu_10037:ENSG00000241935.8",-0.00203346879905356,0.00340393534239415,0.55024862389029
"chr10:29524715:29526961:clu_9045:ENSG00000197321.14",-0.00845207259304641,0.00343841852290239,0.0139663414284783
"chr10:80132826:80142082:clu_9757:ENSG00000189129.13",0.0104552194542324,0.00335389358933647,0.00182492301085135
"chr10:80142179:80144223:clu_9757:ENSG00000189129.13",-0.0101200349079793,0.00330880595821968,0.002224364376192
"chr10:31387266:31387720:clu_9068:ENSG00000148516.21",0.0011495145042753,0.00441527508331813,0.79459422043191
"chr10:21759618:21766261:clu_8938:ENSG00000136770.10",0.0157614605546409,0.0044896699411468,0.000447087146718261
"chr10:95271784:95290820:clu_9952:ENSG00000107438.8",0.0064533836329355,0.00636435214438598,0.310587958690188
"chr10:16817084:16817315:clu_8877:ENSG00000148484.17",-0.00165213232244282,0.00280626629732409,0.556042609458143
"chr10:110569013:110573707:clu_10370:ENSG00000108055.9",-0.0021919535794692,0.004598525516395,0.633601090158153
"chr10:110498500:110502721:clu_10369:ENSG00000138166.5",-0.00533551503636427,0.00498739179837323,0.284709045285647
"chr10:110573745:110575336:clu_10370:ENSG00000108055.9",0.0029760548736222,0.0038066991173833,0.434335594670627
"chr10:109915099:109923402:clu_10359:ENSG00000108039.17",0.0106876848524353,0.00397368787279987,0.00715347999001315
"chr10:109894110:109907691:clu_10358:ENSG00000108039.17",-0.00454705551605246,0.00431703620106584,0.292211873057518
"chr10:110244857:110260999:clu_10366:ENSG00000119950.20",-0.00208577080211229,0.00301343293611466,0.48883830128853
"chr10:110894522:110895948:clu_10377:ENSG00000150593.17",-0.00623214607116689,0.00515163509840879,0.226378152274705
"chr10:42816672:42817318:clu_9171:ENSG00000165733.7",-0.000728841678952321,0.00494040829602129,0.882716379205948
"chr10:63264764:63268663:clu_9395:ENSG00000171988.18",0.00800232297192587,0.00485905055341911,0.0995806066815337
"chr10:63598144:63599170:clu_9397:ENSG00000165476.13",-0.0033991426831283,0.00366813143673416,0.354098560222279
"chr10:63594854:63598024:clu_9397:ENSG00000165476.13",0.00308541226304831,0.0039034283918355,0.429272894926863
"chr10:68788328:68789710:clu_9447:ENSG00000060339.13",0.00663802036135691,0.00365850607599127,0.0696150330343817
"chr10:68786692:68787927:clu_9447:ENSG00000060339.13",-0.00647761839742796,0.00386941966349319,0.0941199397601968
"chr10:68493198:68503632:clu_9437:ENSG00000122912.14",-0.00102857855247558,0.00608668290095619,0.865805798235368
"chr10:73791176:73791324:clu_9635:ENSG00000214655.10",0.00599923954365711,0.00553457004768003,0.278383576497052
"chr10:73806831:73807108:clu_9652:ENSG00000166507.17",8.34096503831049e-05,0.00516714354773079,0.987120856716567
"chr10:73152421:73154256:clu_9568:ENSG00000122882.10",-0.00152305294872601,0.00654883151941669,0.816096368376575
"chr10:73496906:73499595:clu_9605:ENSG00000221817.9",0.000443890355230226,0.00818149591529184,0.956731680708329
"chr10:73519992:73520908:clu_9609:ENSG00000166348.18",-0.0124868574596637,0.00932866201396478,0.180718018582755
"chr10:73795663:73796321:clu_9638:ENSG00000214655.10",0.000527508446354181,0.00704130356304856,0.940281303383451
"chr10:74138382:74150755:clu_9668:ENSG00000185009.12",-0.00670837884312656,0.00566154591023409,0.236056072861852
"chr10:74138931:74150755:clu_9668:ENSG00000185009.12",0.00121120291086074,0.00551527817028475,0.826175937543886
"chr10:73791499:73791859:clu_9635:ENSG00000214655.10",-0.00925489074672792,0.00530754781644794,0.0812074834660167
"chr10:73762166:73763490:clu_9625:ENSG00000176986.15",-0.000667614005396502,0.0066542140652542,0.920082733815745
"chr10:75359049:75360621:clu_9690:ENSG00000226051.6",0.00581279016250571,0.00410710726125297,0.15698046541309
"chr10:78037441:78037965:clu_9728:ENSG00000138326.18",-0.0133792640173297,0.00792761927626045,0.0914731692792988
"chr10:58386338:58388190:clu_9335:ENSG00000108064.10",0.00532863375466581,0.00529293712688454,0.31405771560206
"chr10:58823304:58828761:clu_9339:ENSG00000122870.11",0.00827264545019509,0.00434019122252949,0.0566430023956801
"chr10:68345911:68346007:clu_9423:ENSG00000204130.12",-0.00507194770667564,0.00478660603960245,0.289320913608275
"chr10:68503695:68506585:clu_9438:ENSG00000122912.14",0.000622162280916369,0.00407449424385859,0.878637375060691
"chr10:68506718:68516751:clu_9438:ENSG00000122912.14",0.000253604783056123,0.00393534215042055,0.948617587437522
"chr10:70564519:70566581:clu_9504:ENSG00000107719.8",0.000583144926380959,0.00265612673452304,0.826223892844897
"chr10:69485215:69495594:clu_9471:ENSG00000099282.9",0.00723673275817212,0.0029972257495633,0.0157578160485129
"chr10:69895576:69898697:clu_9477:ENSG00000197467.13",0.00819770761703107,0.0034687515268882,0.0181128998479966
"chr10:69878065:69880503:clu_9476:ENSG00000197467.13",0.00286707938001719,0.00309598480722976,0.354412837864872
"chr10:73168386:73174687:clu_9570:ENSG00000138286.14",-0.00784650426062999,0.00774463137779393,0.310986608375515
"chr10:73193593:73208619:clu_9574:ENSG00000138286.14",0.00200341241715328,0.00634294124066593,0.752117031727239
"chr10:73804016:73804773:clu_9650:ENSG00000166507.17",-0.00935835101399789,0.00430794428464145,0.0298294789466751
"chr10:73798059:73800503:clu_9642:ENSG00000272589.1",-0.00254089636318535,0.00654774999586448,0.697974288215445
"chr10:73852319:73860830:clu_9661:ENSG00000148660.20",-0.00634708961858198,0.00785382536106505,0.419002723466182
"chr10:73798059:73800503:clu_9642:ENSG00000166507.17",-0.00193096885679566,0.00618104732024408,0.75473536107315
"chr10:74126355:74129108:clu_9667:ENSG00000185009.12",-0.00685686808923564,0.00573726001288303,0.232029669922086
"chr10:73803748:73803893:clu_9649:ENSG00000166507.17",0.00658674226194055,0.00855065899435201,0.44111019076592
"chr10:75224529:75229644:clu_9684:ENSG00000165637.13",0.00853836105613593,0.00408648362126456,0.0366703627409692
"chr10:74124524:74126126:clu_9667:ENSG00000185009.12",0.0128450711362298,0.00787925103635384,0.103050758133831
"chr10:74398579:74589282:clu_9671:ENSG00000156110.13",0.0133438269546366,0.00753112510087475,0.0764238047906111
"chr10:77404023:77637265:clu_9701:ENSG00000156113.22",-0.0137943809995937,0.00520951181040916,0.00809882058497113
"chr10:77835922:77841881:clu_9715:ENSG00000151208.16",-0.000825308022024017,0.00285791088778682,0.772749599914151
"chr10:77811620:77811924:clu_9707:ENSG00000151208.16",0.00489218050721464,0.00466216409198464,0.294023119012983
"chr10:77806928:77807796:clu_9705:ENSG00000151208.16",0.000485910625369356,0.00393018872265453,0.901603927998512
"chr10:77794958:77796061:clu_9703:ENSG00000151208.16",-9.72145638013755e-05,0.00297176767772225,0.973903691000351
"chr10:77820018:77821082:clu_9712:ENSG00000151208.16",-0.00323601897554254,0.00329381517629215,0.325876670807436
"chr10:28119061:28119651:clu_9020:ENSG00000150054.18",0.0041382806128461,0.00308831853011186,0.180252315806108
"chr10:28089841:28119651:clu_9020:ENSG00000150054.18",-0.00201848958526482,0.00308196539423953,0.512509065643543
"chr10:27812625:27860625:clu_9015:ENSG00000169126.15",-0.00128812545422029,0.00371944533373394,0.729100795944563
"chr10:33186488:33192281:clu_9099:ENSG00000099250.17",0.00726122506707727,0.00411208598195809,0.0774251787183772
"chr10:33270856:33330708:clu_9105:ENSG00000099250.17",-0.000774780781911224,0.00377368818747597,0.837328925441436
"chr10:27061242:27063988:clu_8996:ENSG00000107890.16",0.00459723757018843,0.00386635028348382,0.234424697465562
"chr10:26995147:27006917:clu_8989:ENSG00000107890.16",0.0105943690833618,0.00417197152434346,0.0111037870048638
"chr10:27159758:27161094:clu_9004:ENSG00000120539.14",0.00130172928513661,0.00425080138722185,0.759428390176361
"chr10:27741504:27743228:clu_9013:ENSG00000150051.13",0.000168612919471745,0.00478876772527604,0.971912220415192
"chr10:27735374:27741345:clu_9013:ENSG00000150051.13",0.00571219423326045,0.00423404633511662,0.177301638090339
"chr10:26704741:26705286:clu_8977:ENSG00000148459.15",-0.00943000776286377,0.0040581258487389,0.0201397186388147
"chr10:26705394:26709638:clu_8977:ENSG00000148459.15",0.00326202579242086,0.00479771196506262,0.496559674148111
"chr10:133493490:133497829:clu_10760:ENSG00000214279.13",-0.00744347527574904,0.00404100555621249,0.0654772116644659
"chr10:133389068:133391312:clu_10754:ENSG00000148832.15",0.00630996061299754,0.0048118372456023,0.189742501813943
"chr10:100176070:100178133:clu_10117:ENSG00000107566.13",-0.00495792851943027,0.0046378830978707,0.285066610166368
"chr10:100179247:100183756:clu_10117:ENSG00000107566.13",0.00301359410681575,0.00441804145975551,0.49516884732026
"chr10:100205199:100207230:clu_10122:ENSG00000213341.10",0.00995012572906591,0.00471271567670568,0.0347434515999373
"chr10:100506420:100507908:clu_10144:ENSG00000075826.16",-0.00364678803439066,0.0037649357176393,0.332735351167579
"chr10:98459739:98482636:clu_10083:ENSG00000172987.12",-0.00861641049844927,0.00433192345566121,0.0466957315414344
"chr10:100478330:100488027:clu_10135:ENSG00000075826.16",-0.00166393438514186,0.00454596884797141,0.714347054792057
"chr10:99888953:99894946:clu_10110:ENSG00000107554.16",0.00292727419708554,0.00444747732675141,0.510417625042115
"chr10:100489761:100490008:clu_10137:ENSG00000075826.16",-0.00262425681784559,0.00397409551593065,0.509035249136407
"chr10:100508051:100509007:clu_10146:ENSG00000075826.16",6.62837024213126e-05,0.00329196797163952,0.983935697450891
"chr10:100973277:100973547:clu_10159:ENSG00000095539.15",0.00426919549953515,0.0045522302776751,0.348334335441268
"chr10:100488098:100488858:clu_10135:ENSG00000075826.16",-0.00474766624382758,0.00328777790360455,0.148729140712548
"chr10:100508048:100509007:clu_10146:ENSG00000075826.16",-0.0026995509408139,0.00327448174152607,0.409700485718459
"chr10:100487795:100488027:clu_10135:ENSG00000075826.16",0.00734906115738547,0.00345938193652704,0.0336379134472462
"chr10:112422035:112422325:clu_10386:ENSG00000197142.10",0.000738423991292135,0.00375464654838206,0.84408627694767
"chr10:112421665:112421947:clu_10386:ENSG00000197142.10",0.00182669067637605,0.003737605939339,0.625030867685628
"chr10:112409685:112410463:clu_10382:ENSG00000197142.10",0.000850697485333822,0.00412618965845863,0.836657938569849
"chr10:113158717:113159920:clu_10401:ENSG00000148737.16",-0.00624865962873037,0.003387484840546,0.0650912308959041
"chr10:119929762:119932133:clu_10515:ENSG00000107651.12",-0.0130160955053491,0.00424502195627298,0.00216796676938125
"chr10:119576750:119576847:clu_10497:ENSG00000151923.17",-0.00509853971724551,0.00388208051365817,0.189064232810213
"chr10:120905416:120906776:clu_10530:ENSG00000120008.15",-0.00390728028910981,0.00344989066784973,0.257390291874805
"chr10:119576750:119577080:clu_10497:ENSG00000151923.17",0.00803341282254767,0.00412406578874777,0.0514227200211822
"chr10:119835704:119836896:clu_10508:ENSG00000197771.12",-0.00177856497640225,0.00305625207154088,0.560604970225696
"chr10:121551459:121564502:clu_10535:ENSG00000066468.22",0.00573558232718171,0.00341023078126062,0.0925930568347582
"chr10:79808963:79814613:clu_9746:ENSG00000225484.6",-0.00124606930994211,0.00367937407718096,0.734863320616501
"chr10:80081741:80081841:clu_9754:ENSG00000133678.13",0.0114976784632654,0.00388317593130249,0.00306745915598394
"chr10:87176095:87180126:clu_9814:ENSG00000122376.11",-0.00539648828776886,0.00442817350315063,0.222968947072226
"chr10:87076656:87094325:clu_9808:ENSG00000148672.8",0.0029824057838367,0.00355650384536315,0.401706175854526
"chr10:87784670:87789040:clu_9826:ENSG00000138138.13",-0.00990562126575612,0.00436666222033242,0.0233008680405866
"chr10:89392717:89402281:clu_9851:ENSG00000185745.9",0.00132505475855145,0.00418320762714714,0.751428999218983
"chr10:91487778:91491200:clu_9869:ENSG00000165338.16",-0.00792611108717228,0.00489025235155467,0.105060973890685
"chr10:92480916:92483255:clu_9896:ENSG00000119912.15",-0.000347233108631238,0.00453057865127398,0.938908258293309
"chr10:91834024:91836919:clu_9877:ENSG00000107854.5",-0.00908323314555145,0.00616741384970271,0.140810831524383
"chr10:94032252:94132174:clu_9932:ENSG00000138193.15",-0.0049201190679172,0.00347676537549162,0.157026666906299
"chr10:93347782:93349808:clu_9912:ENSG00000138119.16",-0.00389421388062629,0.00396518966928445,0.326050448032732
"chr10:92478789:92483255:clu_9896:ENSG00000119912.15",-0.00616449235380301,0.00463846165585636,0.183849619081988
"chr10:92478789:92479277:clu_9896:ENSG00000119912.15",-0.00121657134394222,0.00534097724055015,0.819816759228994
"chr10:92464003:92465676:clu_9895:ENSG00000119912.15",0.00419222425645893,0.00452770386860614,0.354495283085751
"chr10:92461252:92463731:clu_9895:ENSG00000119912.15",-0.0066467164915502,0.00476237049775368,0.162812699283507
"chr10:93341969:93343856:clu_9911:ENSG00000138119.16",-0.00420403011511177,0.00410621046882272,0.305919184514128
"chr10:93700106:93702174:clu_9928:ENSG00000148690.11",0.00230634590630357,0.00391181247323251,0.555468919215249
"chr10:94507347:94510091:clu_9945:ENSG00000108239.8",-0.00447938994224582,0.00342030487784818,0.19031548665047
"chr10:96215389:96216653:clu_9992:ENSG00000095585.16",-0.00818652581211711,0.00359342018188788,0.0227147313469455
"chr10:103419708:103421348:clu_10304:ENSG00000148843.13",-0.00746138955122723,0.00444479210370643,0.0932141651171923
"chr10:103416742:103417792:clu_10302:ENSG00000148843.13",-0.0266543321793022,0.00633401734909201,2.57499243545567e-05
"chr10:104008356:104010816:clu_10331:ENSG00000065613.13",-0.0122441215795884,0.00563988536730014,0.029932104607604
"chr10:104274949:104275226:clu_10347:ENSG00000065621.14",0.0125518009478167,0.00522284902402599,0.0162501672213395
"chr10:103603789:103605798:clu_10316:ENSG00000107957.16",-0.00790576685436742,0.0061184640471693,0.196316887250659
"chr10:103441975:103442213:clu_10310:ENSG00000148843.13",-0.0094093355756634,0.00342585187732535,0.00602223770000043
"chr10:103434975:103438015:clu_10308:ENSG00000148843.13",0.0133755500987166,0.00395121346606777,0.000711328197143923
"chr10:103441975:103442210:clu_10310:ENSG00000148843.13",0.0105512915281648,0.0035674126868931,0.00309956285520907
"chr10:103347297:103347395:clu_10295:ENSG00000156374.14",0.00694198405459317,0.0046605737358133,0.13635239545071
"chr10:103450099:103451083:clu_10313:ENSG00000138172.10",0.004383651563799,0.00424146921581705,0.30135970064583
"chr10:109888192:109888503:clu_10357:ENSG00000108039.17",-0.00803846033407421,0.00379711794367624,0.0342607050286294
"chr10:112428438:112432240:clu_10383:ENSG00000023041.11",-0.00199172725648325,0.00363408466263754,0.583644882669246
"chr10:112430907:112432240:clu_10383:ENSG00000023041.11",0.0018382646515733,0.00343078544503533,0.592086747056096
"chr10:112445650:112446767:clu_10391:ENSG00000023041.11",0.00647843704239837,0.00347460259026964,0.0622498857342128
"chr10:112951607:112964556:clu_10397:ENSG00000148737.16",0.00344943783874267,0.00339731070152713,0.309942045286442
"chr10:112964624:113040025:clu_10397:ENSG00000148737.16",0.00742908016303823,0.00312998391688379,0.0176194275746486
"chr10:119500259:119513335:clu_10492:ENSG00000148908.14",-0.00137254931802438,0.00413737598465642,0.740082635327723
"chr10:119141319:119142253:clu_10480:ENSG00000183605.16",0.000236801977545793,0.00378958900329306,0.950174608749569
"chr10:119832100:119836896:clu_10508:ENSG00000197771.12",-0.00178803891026739,0.00382707482340641,0.640351269411193
"chr10:119582608:119588152:clu_10494:ENSG00000151923.17",-0.00550695609380294,0.00362721839507439,0.12895612773998
"chr10:119161081:119162340:clu_10482:ENSG00000183605.16",0.000141557463499205,0.00293777856250727,0.961568640859872
"chr10:122283924:122286105:clu_10556:ENSG00000138152.8",0.000540175283797052,0.00270586488581114,0.84176895847568
"chr10:120890009:120900029:clu_10528:ENSG00000120008.15",0.0166326568633718,0.00333095574602853,5.93382018854172e-07
"chr10:87216173:87288442:clu_9816:ENSG00000223482.7",0.00595094451511039,0.00338621480479412,0.0788491192789356
"chr10:89010815:89011999:clu_9845:ENSG00000026103.21",-0.00223086278078082,0.00313692680139235,0.47698392394965
"chr10:88990906:89003029:clu_9842:ENSG00000026103.21",0.00525003743360492,0.00371045395816539,0.157088640493989
"chr10:87158155:87170478:clu_9812:ENSG00000122376.11",-0.00185021469519219,0.00341038018023576,0.587457255920139
"chr10:43167098:43175951:clu_9175:ENSG00000169826.7",0.0069199053888667,0.00501079023677683,0.167278710800518
"chr10:45847312:45847860:clu_9222:ENSG00000239883.8",0.0588131655231628,0.00334489751700611,0
"chr10:45848912:45853655:clu_9222:ENSG00000188234.13",-0.0134636041978425,0.00271966165697399,7.40343638394592e-07
"chr10:45750838:45751482:clu_9214:ENSG00000172661.17",-0.00186043181613516,0.00483877491016509,0.700619709018723
"chr10:45847312:45847860:clu_9222:ENSG00000188234.13",0.0486793256703571,0.00312361531325824,0
"chr10:45848912:45853655:clu_9222:ENSG00000239883.8",-0.0148710617338529,0.00285707337465244,1.93998500708226e-07
"chr10:46384285:46384774:clu_9237:ENSG00000264230.7",0.00858983986879169,0.00512328747745995,0.0936155293249998
"chr10:45854630:45854803:clu_9222:ENSG00000188234.13",0.0296084512474862,0.00434398014172984,9.36284383357133e-12
"chr10:45916171:45946837:clu_9225:ENSG00000239883.8",0.00772849727844077,0.00532041032079921,0.146331230328375
"chr10:45847954:45848843:clu_9222:ENSG00000188234.13",-0.0133268038406976,0.0031237927509837,1.98807966644843e-05
"chr10:45759401:45763388:clu_9215:ENSG00000172661.17",0.00240858089755032,0.00311078162123422,0.438771898611758
"chr10:45854630:45854803:clu_9222:ENSG00000239883.8",0.0270831594550611,0.00451255058745657,1.95213034626107e-09
"chr10:45461411:45464239:clu_9200:ENSG00000165406.15",-0.0182946142444872,0.00412499238317702,9.20440050677929e-06
"chr10:45757139:45763388:clu_9215:ENSG00000172661.17",0.0554719379450516,0.00384796843723992,0
"chr10:45847954:45848843:clu_9222:ENSG00000239883.8",-0.0105165782677262,0.0032939762331287,0.00140964064994376
"chr10:124765578:124774675:clu_10599:ENSG00000203791.14",-0.00672829878509267,0.00302022889093397,0.025897547025699
"chr10:124819450:124826595:clu_10602:ENSG00000165660.7",-0.00215416697133708,0.00315409412526367,0.494622732919674
"chr10:124767347:124774675:clu_10599:ENSG00000203791.14",0.00253863444780043,0.00259091178453995,0.327173593910196
"chr10:124412200:124418873:clu_10589:ENSG00000065154.11",0.00177838489811754,0.00290902824444962,0.540979163333577
"chr10:7799194:7799772:clu_8745:ENSG00000165629.19",0.000627011323469194,0.00309970649517399,0.839697155163534
"chr10:8058841:8063993:clu_8750:ENSG00000107485.15",-0.00377263396520267,0.00291074733945649,0.194939338083501
"chr10:12120267:12120787:clu_8775:ENSG00000065665.20",0.00286914335235065,0.00284815074437872,0.313756709400885
"chr10:12129794:12133241:clu_8775:ENSG00000065665.20",-0.00265352776132755,0.00307551863293018,0.388252752320329
"chr10:12120267:12120787:clu_8775:ENSG00000181192.11",0.00511896863466535,0.0029361100296819,0.0812545889290048
"chr10:12129794:12133241:clu_8775:ENSG00000181192.11",-0.0048533130166997,0.00322335574644638,0.132151672280066
"chr10:12014184:12028745:clu_8769:ENSG00000151461.19",-0.000267441441382106,0.00309746249573852,0.931194466081163
"chr10:11936712:11942665:clu_8764:ENSG00000151461.19",-0.00943565412970266,0.00394206809748069,0.0166848564519412
"chr10:13100302:13109112:clu_8790:ENSG00000123240.16",0.00261299099432515,0.00287647689536095,0.363667039107174
"chr10:13447316:13452539:clu_8802:ENSG00000165626.16",0.00176553946307025,0.00250236755123006,0.480469509858803
"chr10:13447319:13452539:clu_8802:ENSG00000165626.16",-0.00145537162474058,0.0023779010041438,0.540510988642557
"chr10:70532781:70532995:clu_9499:ENSG00000107719.8",0.00291566026190901,0.00244606108558668,0.233268387092423
"chr10:70533070:70533922:clu_9499:ENSG00000107719.8",-0.00254688370777639,0.00250913252571382,0.310084133493086
"chr10:70547446:70564364:clu_9503:ENSG00000107719.8",-0.000775105621558084,0.00236557603706846,0.743168438122633
"chr10:20817692:20818704:clu_8918:ENSG00000078114.18",-0.00225174135441039,0.00342386278856838,0.510755926258222
"chr10:102471396:102472022:clu_10257:ENSG00000138111.14",0.00381573582941015,0.00476136895014797,0.422903183903818
"chr10:102827070:102830736:clu_10278:ENSG00000166272.16",0.0214601901316455,0.00658393215706648,0.00111616952022242
"chr10:102133221:102137850:clu_10214:ENSG00000148840.10",-0.0291125197786292,0.00779485882473021,0.000187837513437206
"chr10:102827070:102830736:clu_10278:ENSG00000203886.4",0.0163363156095737,0.00619135675204546,0.00832570086752171
"chr10:103434350:103434798:clu_10307:ENSG00000148843.13",-0.0314385157041211,0.00451469146062279,3.31679128606766e-12
"chr10:102380362:102380506:clu_10233:ENSG00000107862.4",0.0430528923824876,0.00546380497540299,3.33066907387547e-15
"chr10:103438808:103439746:clu_10308:ENSG00000148843.13",0.00780172307077695,0.00492387584884222,0.113087288056811
"chr10:34375002:34377967:clu_9110:ENSG00000148498.15",-0.00238975559567784,0.00468745134279949,0.610177699398554
"chr10:13613881:13614015:clu_8810:ENSG00000165630.13",0.00684590978588113,0.00279288960393944,0.0142383821865066
"chr10:13492876:13496766:clu_8804:ENSG00000165626.16",-0.00674831000637384,0.00325925814910863,0.0384050865605955
"chr10:61672735:61681143:clu_9379:ENSG00000183346.6",0.00285956942692844,0.00335252687494808,0.393681800324302
"chr10:61690621:61760059:clu_9380:ENSG00000183346.6",0.00299316730997894,0.00407688329953651,0.462838872373162
"chr10:77816701:77817007:clu_9710:ENSG00000151208.16",0.00274813865165764,0.00391158458998669,0.482327482480906
"chr10:24474060:24494500:clu_8958:ENSG00000120549.17",-0.0076099988276476,0.00399475333099417,0.0567802750612654
"chr10:98430670:98433940:clu_10078:ENSG00000107521.18",0.00179967232858798,0.00414515437430052,0.664170137130104
"chr10:99727071:99727441:clu_10103:ENSG00000014919.12",0.0028964481885504,0.00449461234066066,0.519298776780606
"chr10:99612599:99613158:clu_10098:ENSG00000155287.10",-0.00249741126147584,0.00589992485671638,0.672079724165023
"chr10:110965061:110985628:clu_10378:ENSG00000108061.11",0.00381497964180999,0.00461400392389195,0.408335539538335
"chr10:119111928:119117519:clu_10479:ENSG00000119979.16",-0.00418233785547708,0.00382992407811953,0.274826127866828
"chr10:119842595:119843248:clu_10509:ENSG00000197771.12",0.000847577549040419,0.00336238878285287,0.800982312442115
"chr10:119842595:119843254:clu_10509:ENSG00000197771.12",0.00127308622387338,0.00331983684378181,0.701364970489326
"chr10:122242001:122248643:clu_10553:ENSG00000138162.18",-0.00760526395183682,0.00406171599782399,0.0611476460948531
"chr10:120886836:120889078:clu_10527:ENSG00000120008.15",0.0139301199948171,0.00369221620589373,0.000161403478562527
"chr10:91851336:91855029:clu_9879:ENSG00000107854.5",-0.000573367007379765,0.00476836794999625,0.904289968038929
"chr10:95406147:95410633:clu_9959:ENSG00000095637.21",0.00831922000562185,0.00348185097708703,0.0168800703068606
"chr10:95432576:95434622:clu_9962:ENSG00000095637.21",-0.00991447788183168,0.00668641910335512,0.138133294248669
"chr10:95842494:95844476:clu_9976:ENSG00000138185.18",0.000689924935731747,0.00417440591864798,0.86872753577534
"chr10:95346452:95354882:clu_9954:ENSG00000095637.21",0.00632044035277058,0.00397281469150549,0.111627014169302
"chr10:94341745:94344853:clu_9941:ENSG00000173145.11",0.000805007445816289,0.00391796271192426,0.837208195196075
"chr10:99613269:99613696:clu_10098:ENSG00000155287.10",0.0028140531113601,0.00497066318167562,0.57130382946482
"chr10:99403874:99405756:clu_10094:ENSG00000120053.10",-0.00212340033525025,0.00520845020543738,0.68350589396275
"chr10:100516960:100526399:clu_10148:ENSG00000166136.15",0.0126914065745982,0.00635839373357834,0.0459330209429316
"chr10:99403634:99403724:clu_10094:ENSG00000120053.10",0.00214004479209946,0.00489376770716801,0.66189376960619
"chr10:100989453:100989644:clu_10167:ENSG00000107815.7",0.00203837323882405,0.00389171286138734,0.600436592444925
"chr10:99909146:99929608:clu_10113:ENSG00000107554.16",-0.00371248914013172,0.0050835555313282,0.465210610745983
"chr10:102744143:102797993:clu_10277:ENSG00000166272.16",0.014965249541478,0.00501387778524921,0.00283795776440965
"chr10:102468842:102468955:clu_10254:ENSG00000138111.14",0.0330873375625206,0.00629594184673513,1.4774838241749e-07
"chr10:112411529:112411902:clu_10384:ENSG00000197142.10",0.000878889964144662,0.00342925004526915,0.797725236400213
"chr10:113160691:113165555:clu_10401:ENSG00000148737.16",-0.0035784965882779,0.00380661951595258,0.347180607602355
"chr10:114300690:114301354:clu_10429:ENSG00000169129.14",-0.0112417911417091,0.00346476422612321,0.0011761366960843
"chr10:113777259:113780602:clu_10415:ENSG00000148735.14",0.00793093950008057,0.00319804776615365,0.0131407612541945
"chr10:119071085:119072890:clu_10476:ENSG00000107581.12",-0.00293388069538351,0.00346818680564985,0.397585774448994
"chr10:119071005:119072890:clu_10476:ENSG00000107581.12",0.00195622671341343,0.0036635004975714,0.593357124377169
"chr10:121480021:121483698:clu_10531:ENSG00000066468.22",0.0114977343084655,0.00402198859752497,0.00425355693268925
"chr10:87933251:87942611:clu_9831:ENSG00000171862.10",-0.00105565615166681,0.00366112782577203,0.77308512085799
"chr10:86718144:86718727:clu_9793:ENSG00000122367.19",-0.00977644812801149,0.00510559247554835,0.0555115265120057
"chr10:87931089:87933013:clu_9830:ENSG00000171862.10",-0.00332413172827524,0.00395102490525106,0.400160828428379
"chr10:86966103:86969042:clu_9800:ENSG00000272734.1",0.00598929103496123,0.00508961222854629,0.239288256877155
"chr10:86966103:86969042:clu_9800:ENSG00000173269.13",0.00670236240746445,0.00498241404759925,0.178559423096518
"chr10:86726252:86732887:clu_9792:ENSG00000122367.19",-0.00555262809302543,0.00407913405724752,0.173441911658959
"chr10:45443828:45445508:clu_9198:ENSG00000012779.10",-0.00280291984766001,0.0043640141827093,0.520691275952224
"chr10:1078003:1080011:clu_8642:ENSG00000047056.14",-0.0065755744660185,0.00299263839123148,0.0280026021445003
"chr10:650442:651111:clu_8626:ENSG00000180525.11",-0.000666342086846577,0.00282901429359179,0.813790717260443
"chr10:870083:884447:clu_8631:ENSG00000107929.14",-0.00726643741458593,0.00391601515659764,0.0635149761524669
"chr10:7774891:7775751:clu_8740:ENSG00000151657.11",-0.000241090553296324,0.00253727558007144,0.924299370695987
"chr10:12100262:12101042:clu_8773:ENSG00000181192.11",-0.00370818773770413,0.00295673924894685,0.209788324271026
"chr10:16437047:16437357:clu_8873:ENSG00000165983.14",0.00330880727446502,0.00341457749737931,0.332533254289618
"chr10:5862691:5876461:clu_8698:ENSG00000134461.15",0.00167597629317985,0.00261142849355126,0.521012626841677
"chr10:45743483:45744821:clu_9213:ENSG00000172661.17",0.0151147189278371,0.0059592463823104,0.0112015558097524
"chr10:46040091:46046235:clu_9232:ENSG00000263639.5",0.0155566403158005,0.00699690087924466,0.0261914308796726
"chr10:69504485:69511791:clu_9473:ENSG00000099282.9",-0.00429514188295416,0.00346487465423803,0.215114488238958
"chr10:70120599:70121092:clu_9490:ENSG00000042286.14",0.00476405830292924,0.00237092971621998,0.0444986575857693
"chr10:70209685:70213463:clu_9495:ENSG00000180817.11",0.00836561933434198,0.00339993576770082,0.0138734772632533
"chr10:70526136:70529229:clu_9498:ENSG00000107719.8",0.00327294207895183,0.00332078056684292,0.324332283431979
"chr10:69872210:69875128:clu_9476:ENSG00000197467.13",-0.00278632169311733,0.00297715756352629,0.349324689407662
"chr10:69867805:69887456:clu_9476:ENSG00000197467.13",0.00514605662371791,0.00298306737140562,0.0845114397299775
"chr10:69631547:69631709:clu_9474:ENSG00000171224.8",0.00555258472348303,0.00271392654998637,0.040760322283271
"chr10:71288732:71288958:clu_9519:ENSG00000107731.12",-0.00340704946730577,0.00317359773144008,0.283019666875846
"chr10:70868433:70869792:clu_9512:ENSG00000166224.16",0.00399968270440884,0.00290063979298577,0.167926598775982
"chr10:69451690:69495594:clu_9471:ENSG00000099282.9",-0.00427560381527559,0.00290125100896156,0.140559578669298
"chr10:69880553:69887456:clu_9476:ENSG00000197467.13",0.00596532470566473,0.00290943338007377,0.0403313620329474
"chr10:69919088:69919665:clu_9480:ENSG00000197467.13",-0.00443436742610614,0.00299337255827039,0.13850132096464
"chr10:69867805:69872184:clu_9476:ENSG00000197467.13",-0.00373660669291244,0.00304195340575104,0.219312743786815
"chr10:69895576:69897475:clu_9477:ENSG00000197467.13",0.00590150275592438,0.00248054014749326,0.0173540239831649
"chr10:96576829:96586734:clu_9999:ENSG00000077147.14",0.000970642907283504,0.00484008141916667,0.841056180772854
"chr10:97467603:97468252:clu_10030:ENSG00000155229.20",-0.00821034487593169,0.00379618958349716,0.0305576592727819
"chr10:97466585:97466776:clu_10029:ENSG00000155229.20",0.00686161332869994,0.00325989160806142,0.0353035531418098
"chr10:125743276:125745707:clu_10618:ENSG00000107938.17",-0.00755376448596161,0.0032834579291911,0.0214169878618836
"chr10:125796188:125807413:clu_10626:ENSG00000188690.12",-0.000451580214250676,0.00341802753579119,0.894891594612176
"chr10:93310643:93313020:clu_9905:ENSG00000138119.16",0.00438284153462219,0.00392529674724038,0.264181173087255
"chr10:92537550:92573922:clu_9898:ENSG00000119912.15",0.00133733849941017,0.00359437983503083,0.709845372999603
"chr10:92479421:92483255:clu_9896:ENSG00000119912.15",0.00108423006583393,0.00461610747397782,0.814302084526228
"chr10:125743276:125745772:clu_10618:ENSG00000107938.17",0.00886286698720115,0.00313033070880075,0.00463609920710462
"chr10:33207716:33213386:clu_9102:ENSG00000099250.17",-0.00635548667532295,0.00514958508143997,0.217137881362701
"chr10:32273082:32273163:clu_9077:ENSG00000120616.15",-0.00908454428440123,0.00446175969636287,0.0417413190639094
"chr10:100987613:100989644:clu_10167:ENSG00000107815.7",-0.0115806239642619,0.00475906999992866,0.0149586084040044
"chr10:102645187:102655080:clu_10266:ENSG00000171206.13",0.0219801969463953,0.0120868125678162,0.0689835992383807
"chr10:101624810:101626387:clu_10186:ENSG00000107829.13",-0.0144014759953519,0.005966944381135,0.0157982697773181
"chr10:100983817:100984034:clu_10166:ENSG00000055950.16",-0.00109401229034703,0.00285788371401669,0.701864324025945
"chr10:101787523:101790896:clu_10190:ENSG00000198408.13",-0.00671952740819392,0.00420302607581124,0.109879364217073
"chr10:101795971:101797980:clu_10191:ENSG00000198408.13",-0.00851631477190734,0.00450997034913661,0.0589815890132804
"chr10:102407266:102410858:clu_10246:ENSG00000059915.16",0.00371287234811686,0.00480304077184479,0.439507369029737
"chr10:101791439:101792839:clu_10190:ENSG00000198408.13",0.00171249039138299,0.00443471506312075,0.699381378298942
"chr10:101995355:102001971:clu_10202:ENSG00000120029.12",-0.00721410574933572,0.00452935865181154,0.111217784434021
"chr10:102810054:102821217:clu_10278:ENSG00000203886.4",0.00374657767344088,0.00714280119069671,0.599913447991587
"chr10:102810054:102821217:clu_10278:ENSG00000166272.16",-0.00627133868739364,0.00730930758835455,0.390896030947023
"chr10:101582891:101583518:clu_10184:ENSG00000166169.16",-0.000715677921944757,0.00506578361069346,0.887651241774013
"chr10:101827993:101828151:clu_10196:ENSG00000120049.18",0.00763116383398911,0.00449558898179712,0.0896063084463267
"chr10:102002072:102006540:clu_10202:ENSG00000120029.12",0.00271372914940603,0.00473956793844681,0.566936629499554
"chr10:70873525:70875402:clu_9513:ENSG00000166224.16",0.00350267889770799,0.00281851881286507,0.213964596786587
"chr10:69919088:69921882:clu_9480:ENSG00000197467.13",0.00531767623270575,0.00298608076209684,0.0749416481673901
"chr10:70301508:70340553:clu_9496:ENSG00000172731.13",-0.00582663169703241,0.00354234755502295,0.100000671206845
"chr10:70551860:70564364:clu_9503:ENSG00000107719.8",0.00512368554492483,0.00308522012835902,0.0967697745880753
"chr10:70143972:70144485:clu_9492:ENSG00000156521.13",0.00267766893861812,0.00310594979792157,0.388627244412669
"chr10:70871146:70871837:clu_9514:ENSG00000166224.16",0.00402605897362526,0.0032456043829295,0.21480341416033
"chr10:50344345:50433476:clu_9318:ENSG00000198964.13",-0.00586147084295958,0.00426210406318052,0.169053062585427
"chr10:50106465:50110101:clu_9314:ENSG00000099290.15",-0.00119237492726066,0.00388781700879819,0.759075361709493
"chr10:35483478:35501501:clu_9123:ENSG00000108100.17",0.0108090970279343,0.004007876481286,0.00699749164866448
"chr10:24544481:24544981:clu_8962:ENSG00000120549.17",0.00322273883299664,0.00605776293932022,0.594724972310638
"chr10:27123699:27126317:clu_8999:ENSG00000136758.18",0.00518463602387218,0.00423520758397766,0.220886148535667
"chr10:29471237:29473838:clu_9036:ENSG00000197321.14",0.00260503157297302,0.00317691451792046,0.412222985536386
"chr10:20817692:20819424:clu_8918:ENSG00000078114.18",0.00249759337678142,0.00414297540070199,0.546608375456251
"chr10:24872063:24937184:clu_8970:ENSG00000099256.18",0.00612092465794276,0.0035652448981882,0.0860099682058253
"chr10:24536893:24544981:clu_8962:ENSG00000120549.17",-0.00100042613479907,0.0067236565073392,0.881717782719429
"chr10:28608431:28610699:clu_9028:ENSG00000095787.21",-0.00302244729282373,0.00266259147414643,0.256311439536608
"chr10:132408825:132409762:clu_10712:ENSG00000171813.13",-0.000310899240278062,0.00327122811616666,0.924282637630371
"chr10:132690455:132697816:clu_10713:ENSG00000068383.18",-0.006965572927529,0.00314300047022928,0.026676603768225
"chr10:133263765:133267352:clu_10724:ENSG00000151651.15",0.0102814152240031,0.00380121284916232,0.00683512236990502
"chr10:133300113:133302792:clu_10738:ENSG00000130640.13",-0.00255373233921197,0.00420609441079759,0.54375103661235
"chr10:133283221:133283882:clu_10730:ENSG00000130640.13",0.00488614701790517,0.0051014047428318,0.338161488146308
"chr10:133295439:133295524:clu_10736:ENSG00000235245.1",-0.000420657842043624,0.00408704873456247,0.918022816152361
"chr10:133263233:133263688:clu_10724:ENSG00000151651.15",-0.00693978394271779,0.00301839395708881,0.0214956054890428
"chr10:133283184:133283882:clu_10730:ENSG00000130640.13",-0.00253110142989214,0.00493353528870097,0.607923271779625
"chr10:133399619:133402149:clu_10757:ENSG00000148824.18",0.000809150595772357,0.00473604922102249,0.864342279465369
"chr10:133295439:133295524:clu_10736:ENSG00000130640.13",-0.000420657842043624,0.00408704873456247,0.918022816152361
"chr10:80408643:80420483:clu_9761:ENSG00000122378.13",0.00390010130946234,0.0034919094959648,0.264038603946161
"chr10:80081734:80081841:clu_9754:ENSG00000133678.13",-0.0117529044249054,0.00414508990717741,0.00457712273590671
"chr10:97446353:97450357:clu_10018:ENSG00000171307.18",-0.00402684776062079,0.00386391835861741,0.297334313049647
"chr10:96907747:96944113:clu_10002:ENSG00000196233.12",-0.000813640574134966,0.00437716566546176,0.852536533828326
"chr10:97461633:97461828:clu_10026:ENSG00000155229.20",-0.0100885728538632,0.00373993031781009,0.00698560673316917
"chr10:98162975:98163293:clu_10053:ENSG00000166024.13",-0.00471396423817165,0.00347206009312851,0.174563628228227
"chr10:98423887:98424109:clu_10076:ENSG00000107521.18",0.00944995890564762,0.00473798067854231,0.0460961394196382
"chr10:97738674:97744729:clu_10046:ENSG00000155256.17",-0.000102771844097983,0.00411740272835669,0.980086583875835
"chr10:98418257:98420045:clu_10075:ENSG00000107521.18",0.00933618082132681,0.00406219500605182,0.021544187872664
"chr10:102400824:102400947:clu_10241:ENSG00000077150.18",-0.0114436775673667,0.00550672421754273,0.0376975749949867
"chr10:102142004:102143045:clu_10216:ENSG00000148840.10",-0.016455641059299,0.00477001987564981,0.00056099046856295
"chr10:102617428:102619066:clu_10265:ENSG00000107882.11",0.00284200142806476,0.00632774611830391,0.653335507525025
"chr10:102402159:102402252:clu_10243:ENSG00000077150.18",-0.0080218950738867,0.00672435049125052,0.232884228676989
"chr10:121959410:121959501:clu_10541:ENSG00000107672.14",-0.00728128125961928,0.00327063669694561,0.0259969019606903
"chr10:122132734:122195040:clu_10547:ENSG00000138162.18",0.000633932658149254,0.00272864585057641,0.816285593283952
"chr10:86945689:86957378:clu_9800:ENSG00000272734.1",0.00206273144074763,0.00555996914099899,0.710639823864617
"chr10:86945689:86957378:clu_9800:ENSG00000173269.13",0.00206273144074763,0.00555996914099899,0.710639823864617
"chr10:87331096:87336786:clu_9818:ENSG00000223482.7",-0.00432735627260732,0.004905924629765,0.377740350266176
"chr10:86680157:86685678:clu_9790:ENSG00000122367.19",0.00497555986608955,0.0038629424147766,0.197737849916464
"chr10:86680157:86681436:clu_9790:ENSG00000122367.19",-0.00701652464365214,0.00355842572542939,0.0486317748769495
"chr10:87216173:87246115:clu_9816:ENSG00000223482.7",-0.00449568313394397,0.00429123450600301,0.294802974040002
"chr10:86459065:86460399:clu_9784:ENSG00000062650.17",0.00498144797970909,0.0041252780471983,0.22722334274349
"chr10:87288495:87307957:clu_9817:ENSG00000223482.7",-0.00227168703764778,0.00328952464187,0.489828160848729
"chr10:86692571:86699278:clu_9791:ENSG00000122367.19",0.0103987994063279,0.00413856878094865,0.0119826136273609
"chr10:86685700:86687069:clu_9790:ENSG00000122367.19",0.00622794728749161,0.00345421303415067,0.0713881607128135
"chr10:79798027:79804485:clu_9745:ENSG00000225484.6",0.00602169992607362,0.0035828853012489,0.092824205535402
"chr10:93698396:93700030:clu_9927:ENSG00000148690.11",0.00792534592712695,0.00455519250088666,0.0818855817515816
"chr10:92915913:92919982:clu_9901:ENSG00000138190.16",0.00384385416481931,0.00328225626749782,0.241558112450231
"chr10:93681598:93684056:clu_9925:ENSG00000148690.11",0.00442216829977856,0.0033720180858689,0.189712266350839
"chr10:98186563:98208101:clu_10054:ENSG00000166024.13",0.0124512581980446,0.00314485182260893,7.51851394273917e-05
"chr10:97461002:97461496:clu_10026:ENSG00000155229.20",0.00143661614805095,0.00473974566112466,0.761813776640242
"chr10:102599544:102615268:clu_10264:ENSG00000107882.11",0.0330261134183097,0.00506373357857979,6.93355373115878e-11
"chr10:103447568:103449387:clu_10312:ENSG00000138172.10",-0.0119813878748441,0.00467374700443798,0.0103607537711665
"chr10:110227386:110228189:clu_10365:ENSG00000119950.20",-6.77916643068701e-05,0.0040600572287962,0.986678165846863
"chr10:110883097:110885253:clu_10376:ENSG00000150593.17",-0.00793510892033063,0.00433392036087793,0.0671108501789889
"chr10:110907836:110918121:clu_10374:ENSG00000214413.7",-0.00484942462786831,0.0046107417010046,0.292906596118553
"chr10:110900526:110901538:clu_10374:ENSG00000214413.7",0.00476981548605499,0.00330560592792834,0.149035288574259
"chr10:114239569:114248704:clu_10421:ENSG00000165816.12",-0.0129446851273918,0.00497948985664515,0.00933323007445652
"chr10:115315736:115334282:clu_10443:ENSG00000107518.16",0.0019016162929785,0.0051093975583397,0.709758732507543
"chr10:115334419:115394659:clu_10443:ENSG00000107518.16",-0.00637845677576757,0.00452347846218893,0.15851669742228
"chr10:120503926:120513911:clu_10518:ENSG00000203805.10",-0.000819601935436591,0.00300627139670645,0.785137095019954
"chr10:122211708:122213342:clu_10549:ENSG00000138162.18",-0.00336376842627666,0.00424446148354214,0.428064701308803
"chr10:87156837:87158048:clu_9811:ENSG00000122376.11",-0.00510243322664331,0.00547221836126512,0.351116927820756
"chr10:87508533:87513124:clu_9822:ENSG00000107789.15",0.00373873435450771,0.00340677217077355,0.272448287344918
"chr10:125111093:125160827:clu_10610:ENSG00000175029.16",-0.00679654867089014,0.00380849884686886,0.0743304141349647
"chr10:124774782:124789043:clu_10600:ENSG00000203791.14",-0.00318939409623661,0.00323211614230936,0.323749510868323
"chr10:6112361:6112590:clu_8717:ENSG00000134453.15",0.00164147265412339,0.00244104310411364,0.501299028929278
"chr10:5888067:5889041:clu_8701:ENSG00000134461.15",-0.00401742556287214,0.00254647757306824,0.114648275733924
"chr10:5717750:5720544:clu_8693:ENSG00000108021.19",0.00331965148445155,0.00273100449215432,0.224159325349033
"chr10:5888241:5889041:clu_8701:ENSG00000134461.15",0.00784763014674969,0.00246174454571293,0.00143343369542981
"chr10:6224213:6232895:clu_8721:ENSG00000215244.2",0.00284040216515987,0.00241574186356645,0.239679293272381
"chr10:6224213:6232895:clu_8721:ENSG00000170525.19",0.00205444337932188,0.00242010051604129,0.395932328202717
"chr10:101587406:101587822:clu_10184:ENSG00000166169.16",0.000816608980612117,0.00479945569003407,0.864895188222113
"chr10:102160024:102160233:clu_10221:ENSG00000166197.16",0.00628488847051313,0.00607801299303049,0.301119008643351
"chr10:102504334:102509169:clu_10261:ENSG00000107882.11",0.0151330829403777,0.00448933667019464,0.000749243843454872
"chr10:103432234:103433948:clu_10306:ENSG00000148843.13",-0.00360019393186364,0.00347360253243634,0.299995128851169
"chr10:103427391:103432129:clu_10306:ENSG00000148843.13",-0.00839734140297436,0.0042559990030352,0.0484887265698023
"chr10:101799455:101800242:clu_10192:ENSG00000198408.13",-0.0092700471922201,0.00354879891929272,0.00899709040415797
"chr10:103347450:103348716:clu_10294:ENSG00000156374.14",0.019406866777609,0.00442709481935713,1.1670328086355e-05
"chr10:102110043:102110529:clu_10209:ENSG00000198728.10",-0.00213851548042853,0.00487977533054262,0.661211908216688
"chr10:102353654:102358039:clu_10224:ENSG00000107862.4",-0.0240042749738267,0.00688643561510521,0.000490790840883992
"chr10:103443333:103443915:clu_10311:ENSG00000148843.13",0.0127867395481272,0.00507265839977481,0.0117115785420115
"chr10:73398385:73414012:clu_9597:ENSG00000138279.15",0.000114201048860042,0.00592115641141807,0.984612194221977
"chr10:73243519:73243843:clu_9572:ENSG00000213551.4",0.0115164365978518,0.00785224572938228,0.142473356850414
"chr10:73045051:73046925:clu_9558:ENSG00000122884.12",0.00460225053255473,0.00793193299177855,0.56176759658047
"chr10:73256416:73274433:clu_9585:ENSG00000156042.17",-0.0058295840007026,0.00744838579031613,0.433824401750454
"chr10:73765589:73765800:clu_9628:ENSG00000176986.15",-0.00613788576584246,0.00583568692236136,0.292898375843915
"chr10:73331276:73335430:clu_9591:ENSG00000156042.17",-0.00363096620531809,0.00583462359232807,0.533735613404183
"chr10:73122309:73125118:clu_9564:ENSG00000166321.13",0.00228655869167805,0.00653286008169372,0.726332073449737
"chr10:73806503:73806657:clu_9651:ENSG00000166507.17",0.0074111693330486,0.00628048180768319,0.237987499020489
"chr10:73438420:73444725:clu_9599:ENSG00000107758.15",0.00876505877492465,0.00857760525893193,0.306850087933321
"chr10:73470775:73470887:clu_9601:ENSG00000107758.15",0.000956778258133741,0.00824285606584791,0.907594184563507
"chr10:73848082:73848526:clu_9660:ENSG00000148660.20",-0.0139397102239231,0.00651663136192308,0.0324277682591517
"chr10:73496262:73499595:clu_9605:ENSG00000221817.9",0.0068671593338078,0.00693713650480213,0.322216805086045
"chr10:73847347:73847988:clu_9660:ENSG00000148660.20",0.00709808688677703,0.00736582087443458,0.335220503912052
"chr10:73335524:73341399:clu_9591:ENSG00000156042.17",-0.00223097452062237,0.00554935879218318,0.68766648271425
"chr10:73765915:73766086:clu_9628:ENSG00000176986.15",0.000923772124375402,0.0060842264171969,0.879320497749942
"chr10:7754069:7759890:clu_8738:ENSG00000151657.11",-0.00518022753514557,0.00273492218772123,0.0582111836333916
"chr10:7756142:7759890:clu_8738:ENSG00000151657.11",0.0044269997392828,0.00266560809717704,0.0967568009476508
"chr10:71762026:71773358:clu_9531:ENSG00000107738.19",-0.0031037325639527,0.00309353951158661,0.315718572863711
"chr10:70324030:70340553:clu_9496:ENSG00000172731.13",-0.00515224644970958,0.00276901981837314,0.0627900608902696
"chr10:69495689:69498209:clu_9472:ENSG00000099282.9",-0.00687290091461721,0.00342069360047782,0.0445145848493382
"chr10:71288990:71290915:clu_9519:ENSG00000107731.12",0.00191975753424332,0.00302914647768276,0.526236241250898
"chr10:75214070:75219063:clu_9681:ENSG00000165637.13",-0.00610741324830179,0.00636724160900835,0.337461552516379
"chr10:32623817:32685970:clu_9087:ENSG00000216937.13",-0.00201551304439955,0.00548416527883696,0.713234899406456
"chr10:21681376:21713772:clu_8931:ENSG00000078403.16",-0.0131066766952116,0.00439508337946327,0.00286257505909793
"chr10:21682257:21688491:clu_8931:ENSG00000078403.16",-0.00632931357736637,0.00675274314139961,0.348606743214399
"chr10:132228128:132245900:clu_10701:ENSG00000165752.16",-0.00686552490160511,0.00318008956987977,0.0308572053397865
"chr10:93670848:93675628:clu_9924:ENSG00000148690.11",0.000796174502983848,0.00308765241773888,0.796516843546617
"chr10:93355736:93356675:clu_9913:ENSG00000138119.16",0.000665785424910417,0.0048159822731148,0.890046798940167
"chr10:98387307:98387865:clu_10063:ENSG00000119943.12",-0.00897717730056956,0.00305567570545414,0.00330475805570518
"chr10:102366506:102367085:clu_10228:ENSG00000107862.4",0.00999542344211233,0.00539615501763078,0.0639794178902617
"chr10:103105381:103105706:clu_10291:ENSG00000076685.18",0.000640002681178897,0.00672466591681227,0.924177881827445
"chr10:109886341:109888049:clu_10357:ENSG00000108039.17",0.0119541564250969,0.00434021386744808,0.00588217452120354
"chr10:96559736:96561978:clu_9997:ENSG00000077147.14",0.00676944283903614,0.00395029981743501,0.0865924872251462
"chr10:95399189:95406118:clu_9959:ENSG00000095637.21",-0.00743255206253274,0.0040183021250673,0.0643604388855455
"chr10:98388508:98390598:clu_10063:ENSG00000119943.12",0.00741106331469558,0.00277086014817778,0.0074808734475178
"chr10:97477416:97477855:clu_10034:ENSG00000155229.20",-0.0121551762803851,0.00493074996564714,0.0136945205890368
"chr10:98393083:98395196:clu_10066:ENSG00000119943.12",0.00569628388906711,0.00269613274089928,0.0346212361651608
"chr10:98390754:98390871:clu_10064:ENSG00000119943.12",0.00241749382167363,0.00574289756598482,0.673788911315315
"chr10:98410958:98415009:clu_10069:ENSG00000119943.12",0.00849692124521537,0.00338964123254136,0.0121853153900222
"chr10:98414295:98414732:clu_10069:ENSG00000119943.12",-0.000588459370831757,0.00396409006712382,0.881989593704465
"chr10:97437750:97438663:clu_10016:ENSG00000171311.12",6.71674566792408e-05,0.0036570805877128,0.985346545541331
"chr10:98390754:98391010:clu_10064:ENSG00000119943.12",-0.00584692651552881,0.00499634881338326,0.241904457864438
"chr10:97748364:97750331:clu_10046:ENSG00000155256.17",-0.0063654933998156,0.00538033215215034,0.236767865805916
"chr10:102142004:102146672:clu_10216:ENSG00000148840.10",0.0379741072287373,0.0065807219810749,7.90330278999107e-09
"chr10:100918441:100923975:clu_10155:ENSG00000119906.11",0.00296645255670006,0.00392835346987391,0.450165638873067
"chr10:102111317:102111434:clu_10210:ENSG00000198728.10",0.00130237496062698,0.00584073631170965,0.823550062574016
"chr10:102111300:102111434:clu_10210:ENSG00000198728.10",-0.000416065317423767,0.00552663721441376,0.93998904498843
"chr10:102144307:102145020:clu_10216:ENSG00000148840.10",0.0142461359977972,0.00568076064788663,0.0121489979534261
"chr10:102424394:102424499:clu_10250:ENSG00000107874.10",-0.0164545720124833,0.00521346812728176,0.00159857730788726
"chr10:101600862:101601203:clu_10185:ENSG00000166171.12",-0.00703486199847404,0.00363557543613992,0.0529895014835319
"chr10:103100943:103101045:clu_10290:ENSG00000076685.18",-0.00969663603065107,0.00447889825583351,0.0303907407400413
"chr10:102421507:102421787:clu_10248:ENSG00000107872.12",-0.00159018051604781,0.00672191025842432,0.812992911650856
"chr10:102159338:102159433:clu_10220:ENSG00000166197.16",0.0261237779728207,0.00523661757401818,6.07951369913096e-07
"chr10:101531333:101532295:clu_10182:ENSG00000166167.17",-0.000910911826327879,0.0037491826231589,0.808034232212954
"chr10:101594738:101600738:clu_10185:ENSG00000166171.12",0.00780223989720676,0.00368035736773681,0.0340087428938537
"chr10:102159308:102159433:clu_10220:ENSG00000166197.16",-0.0212207563457418,0.00516074280323538,3.92318111869239e-05
"chr10:102645187:102654653:clu_10266:ENSG00000171206.13",-0.0171831641295966,0.0051690307786675,0.000886558474261223
"chr10:101789806:101790896:clu_10190:ENSG00000198408.13",0.0283674814302983,0.00385629649809769,1.89293025698589e-13
"chr10:3165334:3165413:clu_8665:ENSG00000107959.15",-0.00063972669029355,0.00337858015379671,0.849820240585493
"chr10:3143501:3144292:clu_8660:ENSG00000107959.15",-0.00178175390202767,0.00302643557285999,0.556042301865903
"chr10:12172866:12177793:clu_8781:ENSG00000165609.12",-0.00423839495105241,0.00287164226993354,0.139957825583034
"chr10:13283839:13294428:clu_8796:ENSG00000107537.13",0.00492591039327308,0.00247473064606839,0.0465377053628881
"chr10:129802891:129805341:clu_10669:ENSG00000283141.1",0.000599895411964906,0.00254085461998992,0.813355185035557
"chr10:68516843:68527246:clu_9439:ENSG00000122912.14",0.0164906897536572,0.00477267683785431,0.000549826323990699
"chr10:68516843:68517084:clu_9439:ENSG00000122912.14",-0.0141881070610542,0.00450526327566081,0.00163701699078722
"chr10:68721282:68722455:clu_9442:ENSG00000060339.13",-0.0105023994509618,0.00403995712945532,0.00933239392529883
"chr10:68919981:68934199:clu_9453:ENSG00000107625.12",0.00458085833948932,0.00284520584053737,0.107391953192419
"chr10:74398579:74525256:clu_9671:ENSG00000156110.13",0.00298836706344434,0.00562007533066643,0.594912467511855
"chr10:73852319:73853192:clu_9661:ENSG00000148660.20",0.00373924851833179,0.00697796096776181,0.592051512107879
"chr10:73269715:73274433:clu_9585:ENSG00000156042.17",0.00150138134551379,0.00660099633010415,0.820075643118256
"chr10:75234225:75234610:clu_9685:ENSG00000165644.10",0.00745998075169211,0.00645745991630684,0.24798805313457
"chr10:75404057:75407255:clu_9691:ENSG00000237149.5",-0.00710766100770973,0.00535750360423906,0.18461652848131
"chr10:80081944:80082145:clu_9755:ENSG00000133678.13",0.00980145155550042,0.00427425218005166,0.0218400415921012
"chr10:79307571:79312642:clu_9738:ENSG00000108175.16",0.00426005546483719,0.00307633956272404,0.166119552852056
"chr10:59355943:59361026:clu_9346:ENSG00000148541.12",-0.00385784638053335,0.00363721548219945,0.288844768521303
"chr10:73713332:73718015:clu_9619:ENSG00000242338.6",0.00343137853530881,0.00762572966672965,0.652729334248115
"chr10:73795663:73796774:clu_9638:ENSG00000214655.10",0.00747467424513079,0.00736911473293459,0.310427896506433
"chr10:73576361:73625937:clu_9614:ENSG00000166348.18",0.00529917286618487,0.00542089384403216,0.328298936937744
"chr10:73806811:73807108:clu_9652:ENSG00000166507.17",-0.00480568370748988,0.00562702474482359,0.393084845697793
"chr10:73718165:73719160:clu_9619:ENSG00000242338.6",0.00514962008040311,0.00786590844696275,0.512676495053104
"chr10:73387783:73388312:clu_9595:ENSG00000138279.15",0.00736621899893723,0.00742548445829845,0.321188432321269
"chr10:73699588:73704986:clu_9618:ENSG00000272140.2",0.00312666377079967,0.0067079408380525,0.641134048382328
"chr10:73796403:73796774:clu_9638:ENSG00000214655.10",-0.00918203562853626,0.00758463213111715,0.226044701374788
"chr10:73500838:73505308:clu_9606:ENSG00000166348.18",-0.0081490740098674,0.00737711990424734,0.269314889940007
"chr10:73806028:73806289:clu_9651:ENSG00000166507.17",0.00899112771138121,0.00747976785416398,0.229340387927621
"chr10:73802576:73802674:clu_9642:ENSG00000272589.1",-0.00209928902556676,0.00593181796436014,0.723411470973909
"chr10:73074915:73096766:clu_9562:ENSG00000122884.12",-0.0129060422121892,0.00623733218602889,0.0385310155522701
"chr10:73793698:73793865:clu_9636:ENSG00000214655.10",0.0116773489660531,0.00593429276546931,0.0490940091083001
"chr10:73793719:73793865:clu_9636:ENSG00000214655.10",-0.00939608820240677,0.00582690628507674,0.106845649281606
"chr10:74176886:74200764:clu_9669:ENSG00000156110.13",-0.000116141932487656,0.0059097336682741,0.984320462611767
"chr10:74151343:74200764:clu_9669:ENSG00000156110.13",-0.00378208286402667,0.00625342169853653,0.545310467481521
"chr10:73837511:73842169:clu_9659:ENSG00000148660.20",0.0080213661095123,0.00694028044095715,0.247775354132518
"chr10:73773815:73775541:clu_9632:ENSG00000196968.10",-0.00553651947810153,0.00618241900423382,0.37050575598782
"chr10:73802576:73802674:clu_9642:ENSG00000166507.17",-0.00223924238663326,0.00610051445330243,0.713575785328297
"chr10:73074915:73096766:clu_9562:ENSG00000122882.10",-0.0129060422121892,0.00623733218602889,0.0385310155522701
"chr10:73471209:73471468:clu_9602:ENSG00000107758.15",0.00392133996731912,0.00855779153826032,0.646795338625672
"chr10:73806474:73806657:clu_9651:ENSG00000166507.17",-0.0119235831544761,0.00857182512266039,0.164219256895426
"chr10:73789615:73789717:clu_9634:ENSG00000214655.10",-0.00117963927378143,0.00575485067697112,0.837586395745178
"chr10:73795663:73796046:clu_9638:ENSG00000214655.10",-0.0067932085951176,0.00692123846763325,0.326345305833224
"chr10:73798059:73802674:clu_9642:ENSG00000166507.17",0.000684511384531072,0.00625311702474149,0.912831914116601
"chr10:73798059:73802674:clu_9642:ENSG00000272589.1",0.00105826917458149,0.00613709024671203,0.863092994113602
"chr10:74525426:74589282:clu_9671:ENSG00000156110.13",-0.00452912324874733,0.00557677525930607,0.416711201357902
"chr10:73043957:73046925:clu_9558:ENSG00000122884.12",0.00633504447976948,0.00612787762377696,0.301226269023251
"chr10:73014289:73016846:clu_9557:ENSG00000122884.12",0.000699928409420976,0.00702463702852727,0.920630862478867
"chr10:73504272:73504538:clu_9608:ENSG00000221817.9",-0.00937307284867045,0.00610574441563773,0.124753450150804
"chr10:73126827:73130703:clu_9565:ENSG00000166321.13",0.00263132140614617,0.00663806711080182,0.691810899081061
"chr10:76058783:76324401:clu_9692:ENSG00000148655.14",0.00143601044181492,0.0056870631230816,0.80065094446936
"chr10:75402261:75407255:clu_9691:ENSG00000237149.5",-0.00579610818333954,0.00509193933554938,0.254999034679206
"chr10:58277322:58287561:clu_9333:ENSG00000122873.11",0.00179299345125258,0.00431038001644327,0.677431161991954
"chr10:20812940:20813939:clu_8914:ENSG00000078114.18",0.00766972534442042,0.00451473312653349,0.0893528362781724
"chr10:27123699:27126696:clu_8999:ENSG00000136758.18",0.000311093923813179,0.00470167904945836,0.947245220530821
"chr10:24621369:24629996:clu_8966:ENSG00000107863.17",-0.00295925802657368,0.0045062524026238,0.511373538485012
"chr10:27240484:27240674:clu_9008:ENSG00000107897.18",0.00499702773853171,0.00376985921079906,0.184998392502677
"chr10:49532978:49538962:clu_9293:ENSG00000225830.12",0.00206009773457554,0.00384783414512341,0.592379159402235
"chr10:48306821:48401612:clu_9271:ENSG00000107643.15",0.011145651517806,0.00440313577786953,0.0113641052474677
"chr10:49506012:49524033:clu_9291:ENSG00000225830.12",-0.000191012248565103,0.00362812422529012,0.958012642869455
"chr10:88314641:88362552:clu_9834:ENSG00000184719.11",-0.00366081548777228,0.00385129062149367,0.341836660055027
"chr10:91220836:91222689:clu_9862:ENSG00000180628.14",-0.00517885699951479,0.00431226741775983,0.229767048860727
"chr10:91163081:91222689:clu_9862:ENSG00000180628.14",0.00613210629481156,0.00433747277382392,0.157435037198064
"chr10:109893075:109894016:clu_10358:ENSG00000108039.17",0.00584656591949735,0.00460834822139531,0.204551602880429
"chr10:86892229:86899794:clu_9796:ENSG00000107779.13",0.0048160635042321,0.00355039330984459,0.174944167247884
"chr10:87326672:87336786:clu_9818:ENSG00000223482.7",0.0109736435838635,0.00469945921076209,0.0195389043817545
"chr10:44990085:44990948:clu_9190:ENSG00000107551.20",0.00248288984775466,0.00375715265227226,0.508712693229034
"chr10:3143731:3144292:clu_8660:ENSG00000107959.15",0.00569504193356096,0.00309514529967144,0.065769442984704
"chr10:7802854:7807659:clu_8744:ENSG00000165629.19",-1.5910064178572e-05,0.00525544102766728,0.997584527138201
"chr10:15837318:15837542:clu_8872:ENSG00000148481.13",-0.00766305561610714,0.00615080557766755,0.212815022522893
"chr10:12180489:12184889:clu_8782:ENSG00000165609.12",-0.0112183092050705,0.00344209856659102,0.00111747293325593
"chr10:121564579:121565438:clu_10535:ENSG00000066468.22",-0.0106579827110316,0.00367968053106285,0.0037741991960043
"chr10:133402005:133402149:clu_10757:ENSG00000148824.18",0.00773124434550998,0.0062644446711211,0.217148207064349
"chr10:133381659:133388956:clu_10753:ENSG00000148832.15",0.00347666795954601,0.00392306791235746,0.375503559553223
"chr10:132645968:132650418:clu_10713:ENSG00000068383.18",0.00270843725177176,0.00289857241008376,0.350095606788174
"chr10:133458656:133459021:clu_10763:ENSG00000214279.13",-0.00623152597825396,0.00379429429086855,0.100519305679083
"chr10:96952196:96954953:clu_10003:ENSG00000196233.12",-0.00637314079538553,0.00333436430803369,0.0559594798827937
"chr10:97373200:97373575:clu_10009:ENSG00000052749.13",-0.00081069626533364,0.00368779026648358,0.826001583801466
"chr10:97451918:97452090:clu_10018:ENSG00000171307.18",-0.00065765807705004,0.00334650338007473,0.844202424098578
"chr10:97466159:97466504:clu_10028:ENSG00000155229.20",-0.00767383327327156,0.00375160523717969,0.0408075644379464
"chr10:97715405:97715860:clu_10044:ENSG00000155254.12",-0.00658624987450312,0.00510231824966744,0.196760973463339
"chr10:98209899:98231512:clu_10055:ENSG00000166024.13",-0.00937691311204786,0.00467888596891174,0.0450603167242345
"chr10:97757723:97759236:clu_10050:ENSG00000155256.17",0.00667625237168304,0.00327893123397703,0.0417396875028452
"chr10:97757723:97757868:clu_10050:ENSG00000155256.17",-0.00515919634341148,0.00335669470126618,0.124296476493997
"chr10:98434091:98435272:clu_10080:ENSG00000107521.18",0.00431291920033641,0.00380565968544342,0.257092143926753
"chr10:101807901:101810184:clu_10194:ENSG00000198408.13",0.00171438889438365,0.00410407085785124,0.676145359610365
"chr10:102138038:102138619:clu_10215:ENSG00000148840.10",-0.0040750067211702,0.00406027220807984,0.315557496508306
"chr10:101810314:101813030:clu_10194:ENSG00000198408.13",-0.000673249780521564,0.004396500090002,0.878293297070545
"chr10:80079184:80081841:clu_9754:ENSG00000133678.13",-0.0117459480582416,0.00534924931976978,0.0281053728029677
"chr10:79352392:79353645:clu_9739:ENSG00000108179.13",-0.0057774053305716,0.00427333541593699,0.176386106705078
"chr10:79806122:79814613:clu_9746:ENSG00000225484.6",-0.0020839429790791,0.00331963676748088,0.530159633479225
"chr10:113725890:113726305:clu_10412:ENSG00000165806.19",0.00159394983200342,0.00335026430298549,0.634239396536403
"chr10:131901330:131940031:clu_10682:ENSG00000175470.18",0.0027773787899815,0.00281669987722734,0.324113477099525
"chr10:132406289:132409762:clu_10712:ENSG00000171813.13",-0.00174622094164696,0.00411437436688918,0.671259861214537
"chr10:72216072:72223888:clu_9546:ENSG00000166295.8",-0.00367859419574436,0.00428020918193831,0.390096364043239
"chr10:72334617:72335786:clu_9547:ENSG00000148719.14",-0.00277110376196544,0.00359542546831483,0.440866740245436
"chr10:71793640:71797104:clu_9533:ENSG00000107736.19",0.00454946329145253,0.00266727753786702,0.0880717723158754
"chr10:71761823:71773358:clu_9531:ENSG00000107738.19",-0.00647666243777231,0.0039498132418696,0.101059466143126
"chr10:74975781:74977316:clu_9676:ENSG00000156650.12",0.000806795610714662,0.00516968310941577,0.875983460928178
"chr10:74109156:74114184:clu_9666:ENSG00000035403.17",-0.0177040537929563,0.0110104412012547,0.107849812852883
"chr10:63168566:63176297:clu_9389:ENSG00000171988.18",-0.00554346440378573,0.00531214741590424,0.29669599173553
"chr10:67955130:67956878:clu_9410:ENSG00000148634.15",-0.0065252377297451,0.00402258858550077,0.104771465693505
"chr10:69133047:69157007:clu_9460:ENSG00000122958.14",-0.00248935229089556,0.00443402975126948,0.574511359360985
"chr10:68332235:68337199:clu_9420:ENSG00000096746.17",0.014552636253886,0.00495617824536522,0.00332193965555339
"chr10:69395105:69398595:clu_9469:ENSG00000156515.21",0.0056688589586918,0.00314886405377477,0.0718153356507913
"chr10:70140141:70145421:clu_9492:ENSG00000156521.13",0.00767458195619838,0.00263648736475395,0.00360375828561221
"chr10:70816880:70844473:clu_9509:ENSG00000166224.16",-0.00391442625154741,0.00280755044758716,0.163242227141324
"chr10:70140141:70142668:clu_9492:ENSG00000156521.13",-0.0048431705458123,0.00247928634264749,0.0507658839119717
"chr10:72152988:72161538:clu_9541:ENSG00000138303.17",-0.00437241486798254,0.00334198641848688,0.190762035226448
"chr10:79139777:79162056:clu_9735:ENSG00000108175.16",0.00139151794613242,0.003621579475986,0.700808299227684
"chr10:29486557:29487163:clu_9038:ENSG00000197321.14",0.000277364396186975,0.0032084903785827,0.931111079099105
"chr10:29486230:29486410:clu_9038:ENSG00000197321.14",-0.00142618173225383,0.00317002979354945,0.652785885001579
"chr10:29470483:29471138:clu_9036:ENSG00000197321.14",0.00522943202630387,0.00416274784640386,0.209027081317449
"chr10:35071339:35089896:clu_9120:ENSG00000108094.14",-0.00488793756380102,0.00509152625304015,0.33704806223271
"chr10:34336243:34337278:clu_9108:ENSG00000148498.15",-0.00430592988327572,0.00376602574057538,0.252888415410206
"chr10:35525999:35529973:clu_9123:ENSG00000108100.17",-0.00643305754623973,0.00431514597988714,0.136011703992523
"chr10:129805432:129806917:clu_10669:ENSG00000283141.1",0.000545202213614356,0.00246073329280144,0.824655745199852
"chr10:130104230:130110704:clu_10676:ENSG00000237489.3",-0.00137753711257195,0.0027994888111391,0.62267171442088
"chr10:133379497:133379999:clu_10752:ENSG00000148832.15",0.00290006909012167,0.00343271400295961,0.398204246127393
"chr10:133355505:133355738:clu_10747:ENSG00000148803.11",0.000722853683796364,0.00394186418432591,0.854500936356646
"chr10:133531734:133532124:clu_10765:ENSG00000130649.9",-0.0153958218509771,0.00428431148343541,0.000326222219223404
"chr10:133384212:133388956:clu_10753:ENSG00000148832.15",-0.00991022423740427,0.00481475425599414,0.0395610343176397
"chr10:133532284:133532692:clu_10765:ENSG00000130649.9",0.0126439755489781,0.00363684248349803,0.000507747660053015
"chr10:133295864:133297952:clu_10736:ENSG00000235245.1",0.00149996211547387,0.00413315882835288,0.716672578166025
"chr10:133295864:133297952:clu_10736:ENSG00000130640.13",0.00124006454818979,0.00422734975801483,0.76925979252108
"chr10:90876098:90879063:clu_9857:ENSG00000148688.13",-0.0068846089971188,0.00492160594052098,0.161856717945744
"chr10:101579817:101580248:clu_10183:ENSG00000166169.16",0.00976667170514043,0.00377321117885759,0.00964161215732973
"chr10:102144307:102146672:clu_10216:ENSG00000148840.10",0.000669097446017226,0.00657999423802417,0.919005414057868
"chr10:102470075:102470665:clu_10259:ENSG00000138111.14",0.00055440547781825,0.00765966613055157,0.942299620906544
"chr10:102161093:102161556:clu_10221:ENSG00000166197.16",0.0112926168018854,0.00817376171125156,0.167104040027716
"chr10:101583681:101584878:clu_10184:ENSG00000166169.16",-0.00429536199411664,0.00548792128659977,0.433806940923018
"chr10:103400528:103403118:clu_10301:ENSG00000148843.13",0.00108530383871885,0.00408009505461645,0.790239481930646
"chr10:103101102:103101235:clu_10291:ENSG00000076685.18",-0.00146911874752051,0.00415678421652111,0.723768532489387
"chr10:120904142:120904650:clu_10529:ENSG00000120008.15",0.0136188430393584,0.00321451387982806,2.26856497268502e-05
"chr10:102810054:102812595:clu_10278:ENSG00000166272.16",0.049774919512243,0.00834007995277875,2.39946140734304e-09
"chr10:102597293:102599433:clu_10264:ENSG00000107882.11",-0.0283778724079588,0.00551305973494496,2.64134814687011e-07
"chr10:110883097:110884036:clu_10376:ENSG00000150593.17",0.000308330206898062,0.00474291353407414,0.948167146530797
"chr10:79724012:79766271:clu_9744:ENSG00000225484.6",-0.0150020531031959,0.00422305968301124,0.000381714883911366
"chr10:86668784:86679367:clu_9789:ENSG00000122367.19",0.00519041054431326,0.00364334769122664,0.154265126165452
"chr10:87952259:87957853:clu_9831:ENSG00000171862.10",0.00537851809740084,0.00390058844555064,0.167925849873697
"chr10:87933251:87952118:clu_9831:ENSG00000171862.10",-0.00392062313533314,0.00375991934531981,0.297068130692594
"chr10:86900126:86912240:clu_9796:ENSG00000107779.13",-0.00539136297481438,0.00384517205943341,0.160881719715288
"chr10:87208512:87288442:clu_9816:ENSG00000223482.7",-0.00722913397803035,0.00456169556534503,0.113023797896667
"chr10:86679518:86680082:clu_9789:ENSG00000122367.19",-0.00571620637281688,0.00363984796239313,0.116310001922769
"chr10:87245855:87246115:clu_9816:ENSG00000223482.7",-0.00274305855174505,0.00379980724466798,0.470359569426037
"chr10:88309476:88314466:clu_9834:ENSG00000184719.11",0.0132376694364726,0.00350994561579319,0.00016228592044143
"chr10:43644801:43646064:clu_9183:ENSG00000169740.13",-0.00321273356542466,0.0040074735526835,0.422734887219403
"chr10:45648534:45651966:clu_9205:ENSG00000172671.19",0.000705122025116648,0.00443341054649905,0.873631599567925
"chr10:45757139:45759315:clu_9215:ENSG00000172661.17",-0.0145746835910726,0.00371172509644779,8.61334941524294e-05
"chr10:45653059:45663542:clu_9205:ENSG00000172671.19",0.00489451100327255,0.00370017020374154,0.185908562633368
"chr10:124917272:124942457:clu_10604:ENSG00000019995.6",-0.00543250036078483,0.00332787682320924,0.102590553097907
"chr10:124917272:124942457:clu_10604:ENSG00000249456.1",-0.0061494251637133,0.00335611521148691,0.066906059981519
"chr10:864270:884447:clu_8631:ENSG00000107929.14",-0.000771153698121279,0.00362605660384635,0.83158431632546
"chr10:7580064:7580604:clu_8734:ENSG00000123243.14",-0.00373363690441506,0.00304765709116353,0.220543453699171
"chr10:5884077:5885723:clu_8699:ENSG00000134461.15",-0.000226645578707952,0.00255833936499855,0.929407042926086
"chr10:5960567:5963743:clu_8712:ENSG00000134470.20",-0.00205303511612363,0.00268110813804224,0.44383027322435
"chr10:5883167:5883969:clu_8699:ENSG00000134461.15",0.00493360857639239,0.00249795682415087,0.0482616132981583
"chr10:12235123:12237144:clu_8785:ENSG00000151465.13",0.00292861323263441,0.00252928344956872,0.246911959500284
"chr10:11217507:11249153:clu_8754:ENSG00000048740.18",-0.00496449178118763,0.00333102438960181,0.13612437571044
"chr10:11527567:11597631:clu_8758:ENSG00000148429.14",0.00115238195211887,0.00254807747681319,0.651084958499949
"chr10:14926897:14928016:clu_8841:ENSG00000152457.17",-0.00274610789636749,0.00320935525331945,0.392187426546791
"chr10:102395796:102395888:clu_10235:ENSG00000077150.18",0.00580319174740945,0.00590949690181606,0.326094363603375
"chr10:102470075:102470278:clu_10259:ENSG00000138111.14",0.0025763342143248,0.00499109908646448,0.605724683470386
"chr10:102920101:103049707:clu_10284:ENSG00000148842.17",-0.0044203911463501,0.00537290707603852,0.410667976393724
"chr10:102029745:102033026:clu_10205:ENSG00000120029.12",0.0106964379852147,0.00589860344225138,0.0697724880439562
"chr10:120904142:120904646:clu_10529:ENSG00000120008.15",-0.0128861252336213,0.00300778141796934,1.83346316093846e-05
"chr10:122022014:122050438:clu_10546:ENSG00000138162.18",0.00737714522156267,0.00353972172648384,0.0371507850515773
"chr10:119672656:119676467:clu_10500:ENSG00000151929.9",-0.00802850939883726,0.00322521634041327,0.0127997326056222
"chr10:119932318:119933005:clu_10516:ENSG00000107651.12",-0.004667729564833,0.00365034815633411,0.200999884630916
"chr10:119909130:119912044:clu_10513:ENSG00000107651.12",-0.00852839315752465,0.00349331484628728,0.0146325937604821
"chr10:119672656:119676464:clu_10500:ENSG00000151929.9",0.00648507311898988,0.00316170029848214,0.0402538331988648
"chr10:95643206:95653290:clu_9969:ENSG00000059573.8",-0.00177320341426831,0.00380070102341916,0.640824436597135
"chr10:95684624:95686495:clu_9973:ENSG00000119977.20",0.00132913137912355,0.00619640506415856,0.830156853268253
"chr10:96553059:96559659:clu_9997:ENSG00000077147.14",-0.0110154485310701,0.00419987469037532,0.00872094027077819
"chr10:103423137:103423543:clu_10305:ENSG00000148843.13",-0.0197732782690931,0.00477778788503608,3.49455362629314e-05
"chr10:103447568:103449400:clu_10312:ENSG00000138172.10",0.00692890750055136,0.0047633148511407,0.145768998533291
"chr10:113158069:113158667:clu_10401:ENSG00000148737.16",0.00486935724732144,0.00393236816447552,0.215613727764516
"chr10:113089540:113141184:clu_10398:ENSG00000148737.16",-0.00562866258714128,0.00403666978929918,0.163202064406221
"chr10:94358215:94361665:clu_9943:ENSG00000173145.11",0.00271987243694578,0.00428624245814548,0.525716272014602
"chr10:95491120:95561320:clu_9964:ENSG00000095637.21",-0.00180536580235987,0.00452809165839793,0.690111719588419
"chr10:119929762:119930329:clu_10515:ENSG00000107651.12",0.00013448665635047,0.00318993057459812,0.966371353655762
"chr10:119930431:119932133:clu_10515:ENSG00000107651.12",8.38866432140443e-05,0.00336151533353018,0.980090850556855
"chr10:122427031:122429624:clu_10561:ENSG00000107679.14",0.0118873866693556,0.00461561306325817,0.0100103098079146
"chr10:121515319:121517319:clu_10533:ENSG00000066468.22",-0.0341460432404859,0.0046264699633408,1.57651669496772e-13
"chr10:97441259:97445732:clu_10017:ENSG00000171311.12",-0.014171024281142,0.00411843605758642,0.000579836017889024
"chr10:97469104:97469646:clu_10030:ENSG00000155229.20",0.00671358236468738,0.0034901079965369,0.054404359268327
"chr10:69495689:69498280:clu_9472:ENSG00000099282.9",-0.000836451543614266,0.00379880563755879,0.82572471570052
"chr10:80516323:80517905:clu_9766:ENSG00000108219.14",-0.0126974341911912,0.00490169213947428,0.00958593059542723
"chr10:29473989:29480550:clu_9037:ENSG00000197321.14",-0.000959263524547796,0.00420424684576259,0.819517684461846
"chr10:114315765:114323171:clu_10431:ENSG00000169129.14",0.00322238403009719,0.00353399821959453,0.361861428229207
"chr10:116125557:116269503:clu_10444:ENSG00000151892.14",0.00439343669483046,0.00434974580265123,0.312473984740956
"chr10:27147668:27148906:clu_9000:ENSG00000136758.18",-0.00149422219547484,0.00329219279843224,0.6499235669375
"chr10:27181581:27186379:clu_9005:ENSG00000120539.14",-0.0152196410318266,0.00438626601708485,0.000520768594972743
"chr10:122980695:122982733:clu_10571:ENSG00000179988.13",-0.00271865257088437,0.003089043825805,0.378807751978742
"chr10:12089255:12091513:clu_8772:ENSG00000181192.11",0.000546780527904811,0.00281946160965974,0.846230043706736
"chr10:12108015:12117673:clu_8774:ENSG00000181192.11",-0.00420063638763296,0.00279246603622681,0.132510615703415
"chr10:12101181:12106246:clu_8774:ENSG00000181192.11",0.00555020095837008,0.00291543064279786,0.0569449915798873
"chr10:49982412:49987165:clu_9304:ENSG00000178440.5",0.00256160018879167,0.00500376984859501,0.608697163161395
"chr10:49982412:49987165:clu_9304:ENSG00000204149.10",0.00256160018879167,0.00500376984859501,0.608697163161395
"chr10:50080931:50084072:clu_9310:ENSG00000099290.15",-0.000820834665178181,0.00406417147334823,0.83994134062884
"chr10:77637006:77637265:clu_9701:ENSG00000156113.22",-0.003295450209969,0.00424851268527868,0.43794297129706
"chr10:112442259:112443515:clu_10390:ENSG00000023041.11",0.000283232125321604,0.00427414999478786,0.947165809297525
"chr10:49019775:49046983:clu_9281:ENSG00000165633.12",-0.00328579284811803,0.00407448668655375,0.419994311183328
"chr10:11165317:11165486:clu_8753:ENSG00000048740.18",-0.000298223413161036,0.0031973879285458,0.925688309116546
"chr10:103451285:103452156:clu_10313:ENSG00000138172.10",0.0111111364284751,0.0040445849832874,0.00601131504691166
"chr10:104041118:104041303:clu_10335:ENSG00000065618.18",-0.0189537514237678,0.00380395849259793,6.27229470029356e-07
"chr10:104291669:104297578:clu_10347:ENSG00000065621.14",0.0111737153421149,0.0052038152358548,0.0317760894016825
"chr10:104255271:104259576:clu_10345:ENSG00000148834.12",-0.00561980096199352,0.00488294112687309,0.24977135391489
"chr10:103889144:103892130:clu_10325:ENSG00000107960.10",-0.00435166471930683,0.00543611054567943,0.423414960153818
"chr10:20831583:20835513:clu_8920:ENSG00000078114.18",0.00578233904481438,0.00401322951101494,0.149635703565506
"chr10:58390860:58394358:clu_9336:ENSG00000108064.10",-0.0168980329509445,0.00444511825202146,0.000143833721385489
"chr10:58388819:58394358:clu_9336:ENSG00000108064.10",0.00154315260104196,0.00400468628785827,0.699987973791175
"chr10:71217635:71217994:clu_9517:ENSG00000237512.6",-0.00271415534605432,0.00288855204496867,0.34741001363455
"chr10:71217635:71217766:clu_9517:ENSG00000237512.6",0.00221580439952215,0.00319832236323341,0.488433764015406
"chr10:72345127:72354765:clu_9548:ENSG00000148719.14",-0.0111380355869444,0.0041798401901699,0.00770561847155027
"chr10:72097450:72133057:clu_9541:ENSG00000138303.17",-0.00691930325435337,0.00354754444919545,0.0511226690195721
"chr10:102399718:102400080:clu_10240:ENSG00000077150.18",-0.00261679136523342,0.00593213396433508,0.659125096355733
"chr10:101792943:101797980:clu_10191:ENSG00000198408.13",-0.0192539845092578,0.00596080724990389,0.0012374830623666
"chr10:102397085:102397302:clu_10237:ENSG00000077150.18",0.00949910030496135,0.00623191664518129,0.1274422108129
"chr10:16486617:16505020:clu_8874:ENSG00000165983.14",0.000257184545970739,0.00326387187437906,0.937193789582794
"chr10:95864861:95876529:clu_9979:ENSG00000138185.18",0.00471658643284278,0.00450108271340861,0.294694729301052
"chr10:133355436:133355738:clu_10747:ENSG00000148803.11",-0.000389389313021967,0.00434510189661383,0.92859261421585
"chr10:94531460:94533028:clu_9946:ENSG00000108239.8",0.00195154337464044,0.00373381365879685,0.601205598177383
"chr10:112433616:112434297:clu_10388:ENSG00000023041.11",-0.000181898075456427,0.00404378879081979,0.964121583799105
"chr10:131947791:131955684:clu_10684:ENSG00000175470.18",-0.00178652275189594,0.00229256850349294,0.435822508270386
"chr10:131945459:131947530:clu_10684:ENSG00000175470.18",0.0018714343856858,0.00227031120825536,0.409764900857658
"chr10:110876070:110881275:clu_10375:ENSG00000150593.17",-0.00826659692316608,0.0048856657591491,0.0906440044448279
"chr10:135302:179994:clu_8617:ENSG00000015171.19",0.0174226711930118,0.00497424252228129,0.000460779278325885
"chr10:484948:486459:clu_8625:ENSG00000151240.16",-0.00241870142067056,0.00333207473268194,0.467909575774895
"chr10:135559:179994:clu_8617:ENSG00000015171.19",-0.00945726005645607,0.00434433683396447,0.0294867719688
"chr10:277577:277669:clu_8622:ENSG00000151240.16",0.00309179440856242,0.00531840929301146,0.561012549504503
"chr10:277577:281200:clu_8622:ENSG00000151240.16",-0.00350783138579577,0.00486132412063261,0.470553102586641
"chr10:817889:820800:clu_8628:ENSG00000107929.14",-0.00316376818980531,0.00417618967582767,0.448706699277532
"chr10:3165527:3166229:clu_8666:ENSG00000107959.15",0.000557397403461225,0.00293755978261571,0.849506256043627
"chr10:3147737:3147987:clu_8662:ENSG00000107959.15",-0.00274523715948809,0.00299069484713488,0.358657503433343
"chr10:4826363:4830675:clu_8674:ENSG00000165568.17",-0.00662856720379728,0.00254807883370016,0.00928446678207995
"chr10:4968944:4972201:clu_8682:ENSG00000187134.13",0.00134004603868469,0.00337743355828757,0.691541065582168
"chr10:3780229:3781641:clu_8669:ENSG00000067082.14",-0.000852800726020857,0.00275100252346441,0.756563736182295
"chr10:3779590:3780106:clu_8669:ENSG00000067082.14",0.00136649484532873,0.00286993525747686,0.633973680528242
"chr10:5452525:5452858:clu_8688:ENSG00000173848.18",0.001920308021309,0.00350877675994949,0.584181551193811
"chr10:5903175:5905218:clu_8702:ENSG00000134452.19",0.00297135324454683,0.00255367796676195,0.244603050756078
"chr10:5927541:5928336:clu_8705:ENSG00000134452.19",-0.00184716002377789,0.00232928669145942,0.427768898865299
"chr10:5927541:5936456:clu_8705:ENSG00000134452.19",0.00827459344527336,0.00198491445107643,3.06287339486566e-05
"chr10:6226365:6232895:clu_8721:ENSG00000215244.2",-0.006387421930882,0.00240843031559413,0.00799904963702891
"chr10:6226365:6232895:clu_8721:ENSG00000170525.19",-0.00600642623775107,0.00241662883145122,0.0129385338700533
"chr10:5924801:5925367:clu_8703:ENSG00000134452.19",-0.00409489926262921,0.0029946096542869,0.171492637387094
"chr10:5750027:5756613:clu_8696:ENSG00000108021.19",0.00399085691338039,0.00310381824077903,0.198516534616411
"chr10:5712539:5712823:clu_8692:ENSG00000108021.19",-0.00419467817719814,0.00246237829112525,0.0884732654722309
"chr10:5903175:5906037:clu_8702:ENSG00000134452.19",-0.00433786466106267,0.00240533143456364,0.071319548903287
"chr10:7783175:7787820:clu_8742:ENSG00000151657.11",-0.00111833051432935,0.00276849231783786,0.686250007335731
"chr10:6203336:6213623:clu_8718:ENSG00000170525.19",-0.00206117810479628,0.00265329313371547,0.437254537965734
"chr10:6580927:6583676:clu_8725:ENSG00000237943.6",0.0025340555774249,0.00287331175015598,0.377815463387708
"chr10:7807010:7807659:clu_8744:ENSG00000165629.19",0.00180014507082266,0.0043991329794497,0.68238958235164
"chr10:7779019:7780056:clu_8741:ENSG00000151657.11",0.0022347682710716,0.00320969741683777,0.486269071895646
"chr10:7769345:7774831:clu_8740:ENSG00000151657.11",-0.00111600493999157,0.00234178699453404,0.633674581482161
"chr10:7775799:7778838:clu_8740:ENSG00000151657.11",0.000477234114498849,0.00265072740717296,0.857122009242581
"chr10:7799915:7800027:clu_8745:ENSG00000165629.19",7.09715386782566e-05,0.00295638500807504,0.980847671640239
"chr10:7572398:7573142:clu_8732:ENSG00000123243.14",0.00103515109249386,0.00283415867579049,0.714931477794379
"chr10:7609494:7615982:clu_8735:ENSG00000123243.14",0.00637247149308161,0.00372567793745746,0.0871883624651721
"chr10:7577012:7579755:clu_8733:ENSG00000123243.14",-0.000282255861009389,0.00313921751736309,0.928356503294484
"chr10:11314258:11321207:clu_8756:ENSG00000048740.18",0.00531104928756227,0.00343839462027445,0.122435658350369
"chr10:12235123:12238457:clu_8785:ENSG00000151465.13",0.00988854173329044,0.00263344031875659,0.000173348485769664
"chr10:11749592:11763224:clu_8760:ENSG00000134463.14",0.00510024977899881,0.00331796843459771,0.124254028170855
"chr10:12149961:12155778:clu_8778:ENSG00000065665.20",-0.00427788532832414,0.00296052249535083,0.148464496566648
"chr10:12179132:12184889:clu_8782:ENSG00000165609.12",0.00241215187262914,0.00487584491615898,0.620801564411883
"chr10:12179132:12180395:clu_8782:ENSG00000165609.12",0.00617329911487377,0.00438910807930342,0.159574447020341
"chr10:12087729:12088986:clu_8772:ENSG00000181192.11",0.00208695073324671,0.0027500979473611,0.447933828046495
"chr10:12230996:12235048:clu_8786:ENSG00000151465.13",-0.000396014905835905,0.00335415387020495,0.906014565787988
"chr10:12173813:12177793:clu_8781:ENSG00000165609.12",0.00451545106914346,0.00284314531259587,0.112243690568285
"chr10:12172866:12173718:clu_8781:ENSG00000165609.12",-0.00554780161691104,0.00280388880486271,0.0478599654979817
"chr10:12097996:12100178:clu_8773:ENSG00000181192.11",0.000125542734733087,0.00311229582792851,0.967823928886257
"chr10:13646780:13647133:clu_8812:ENSG00000239665.8",-0.000639825656685475,0.00249192766991161,0.797364574565628
"chr10:13345028:13347277:clu_8800:ENSG00000086475.14",0.0023478003025075,0.00231801877621556,0.311132847501604
"chr10:14828272:14834217:clu_8830:ENSG00000185267.9",0.00248231265857002,0.00302030047806288,0.411147439081146
"chr10:15106698:15109702:clu_8848:ENSG00000152465.17",0.00406106922652635,0.00326489230991556,0.213551061903452
"chr10:14842846:14843371:clu_8831:ENSG00000284024.1",-0.0020518684424869,0.00325647826584028,0.528636896930433
"chr10:14842846:14843371:clu_8831:ENSG00000187522.14",-0.0020518684424869,0.00325647826584028,0.528636896930433
"chr10:15616559:15644030:clu_8865:ENSG00000077943.7",-0.000238623845044312,0.00379896177015351,0.949915485208574
"chr10:14522019:14530332:clu_8825:ENSG00000065809.13",-0.00126077127875269,0.00391647382687681,0.747517165296053
"chr10:15104553:15111686:clu_8847:ENSG00000152464.14",0.000739148293690571,0.00342574717905244,0.829172762594742
"chr10:14945189:14949036:clu_8844:ENSG00000152457.17",-0.00293193484415117,0.00360420576208786,0.415945207732253
"chr10:15103713:15104437:clu_8847:ENSG00000152464.14",-0.00187189082971542,0.00327651925544788,0.567793120577311
"chr10:15130312:15132817:clu_8850:ENSG00000152465.17",-0.00115248371039158,0.00328379365782982,0.725617560380688
"chr10:15838279:15841426:clu_8872:ENSG00000148481.13",-0.000483587734786026,0.00340470741657185,0.88705233281643
"chr10:15214601:15220944:clu_8854:ENSG00000148468.16",-0.000556174510482885,0.00420708924791781,0.894826606489193
"chr10:16782084:16816973:clu_8877:ENSG00000148484.17",-0.00571823386142217,0.00350305648986984,0.102604597761278
"chr10:20815717:20817600:clu_8917:ENSG00000078114.18",0.000142809417850343,0.00421281933303376,0.972957869437636
"chr10:21682257:21713772:clu_8931:ENSG00000078403.16",-0.00301449387650658,0.00536644225593764,0.574299703273684
"chr10:21738560:21740030:clu_8935:ENSG00000078403.16",0.013701742434721,0.00549244977144638,0.0126081255349298
"chr10:21538912:21586294:clu_8927:ENSG00000078403.16",-0.00614978740559786,0.00502560229040401,0.221068582296536
"chr10:20787308:20808510:clu_8914:ENSG00000078114.18",0.00808426507608544,0.00523547432486918,0.122556282378695
"chr10:20828634:20831196:clu_8918:ENSG00000078114.18",0.00755676111256657,0.0037390238338392,0.0432743958735395
"chr10:21920963:21929040:clu_8943:ENSG00000136770.10",-0.0118509971750059,0.00659630946485578,0.0723975165484688
"chr10:24239337:24380869:clu_8956:ENSG00000120549.17",0.000204609528520075,0.00354521766866655,0.953976254063274
"chr10:23095726:23104144:clu_8953:ENSG00000148450.12",0.0037257070335721,0.00343290902919952,0.277792563713675
"chr10:23104244:23110242:clu_8953:ENSG00000148450.12",-0.000320262018384657,0.00326250026106254,0.921801595356433
"chr10:24908685:24937184:clu_8970:ENSG00000099256.18",0.000361506373210957,0.00349895620429217,0.917710314298363
"chr10:24851464:24855318:clu_8968:ENSG00000099256.18",-0.00421487153353603,0.00356869503613782,0.237575708175153
"chr10:24533237:24536774:clu_8962:ENSG00000120549.17",-0.00183590619752878,0.00714843929674418,0.797312976334735
"chr10:24536893:24542693:clu_8962:ENSG00000120549.17",-0.00832169319590519,0.00489322077189837,0.0890072973883304
"chr10:24849891:24851388:clu_8968:ENSG00000099256.18",0.00379606096577175,0.00327788295327055,0.246830111796137
"chr10:24607903:24619473:clu_8965:ENSG00000107863.17",-0.00511628271971077,0.00377631181727543,0.175469854320377
"chr10:26770345:26771075:clu_8983:ENSG00000136754.16",0.00469785210862314,0.0057022812636807,0.410022033989788
"chr10:26759238:26765218:clu_8982:ENSG00000136754.16",0.00690205188508729,0.00379827625800079,0.0691935769381146
"chr10:27142485:27145428:clu_9000:ENSG00000136758.18",-0.00204057660522155,0.00330031127626002,0.536378771506392
"chr10:27114607:27116060:clu_8998:ENSG00000136758.18",0.00824161508750707,0.00320229387288997,0.0100629157938452
"chr10:27116133:27116219:clu_8998:ENSG00000136758.18",-0.00863207733673572,0.00320034482724611,0.00699182207025695
"chr10:27145590:27148906:clu_9000:ENSG00000136758.18",-0.000588291385302124,0.00344515239737442,0.864413130188506
"chr10:28590832:28608186:clu_9027:ENSG00000095787.21",0.0020989750198942,0.003617815556485,0.561794955855707
"chr10:27743497:27745707:clu_9014:ENSG00000150051.13",0.00116672651848856,0.00356788861389189,0.743662173917965
"chr10:27969018:27971108:clu_9017:ENSG00000169126.15",0.00225743783516477,0.00415765404656366,0.587157675594491
"chr10:32726832:32728887:clu_9089:ENSG00000216937.13",0.0046943618912387,0.00480071982156064,0.328150782928795
"chr10:32474023:32511626:clu_9084:ENSG00000216937.13",-0.00139835168250815,0.00664232549562218,0.833260748762106
"chr10:32584304:32685970:clu_9087:ENSG00000216937.13",-0.00157583309059075,0.00465732799622373,0.73509521576011
"chr10:31843586:31852517:clu_9073:ENSG00000165322.17",-0.0146732484273959,0.00531582029669302,0.00577486485539325
"chr10:32834898:32845543:clu_9091:ENSG00000216937.13",-0.00199631852479869,0.00370022489952001,0.589533099228125
"chr10:32907143:32908368:clu_9092:ENSG00000150093.18",-0.0057872699469944,0.00454342528351382,0.202745632677376
"chr10:32273114:32284698:clu_9078:ENSG00000120616.15",-0.00294416992413226,0.00505852143547251,0.5605519739704
"chr10:33256471:33263646:clu_9104:ENSG00000099250.17",0.00208147445710574,0.0055488683362355,0.707573506282071
"chr10:33202995:33207572:clu_9101:ENSG00000099250.17",0.00618332295276776,0.00308752192696208,0.0452114889129082
"chr10:34336243:34337365:clu_9108:ENSG00000148498.15",0.00378855507717471,0.00509440161787664,0.457075973731061
"chr10:33180365:33185628:clu_9098:ENSG00000099250.17",-0.00269134780628131,0.00437827126707263,0.538749169933519
"chr10:35137879:35148368:clu_9121:ENSG00000095794.19",0.00549626031881478,0.00571718279881286,0.336372115506584
"chr10:35010442:35011848:clu_9116:ENSG00000108094.14",0.00657086907764178,0.00500259358464496,0.189017051642735
"chr10:35011964:35013699:clu_9116:ENSG00000108094.14",-0.00842253362302678,0.00479147802852469,0.0787789328322306
"chr10:34341816:34347956:clu_9109:ENSG00000148498.15",-0.00187123721913941,0.0038818933885476,0.629775823923774
"chr10:34284245:34317107:clu_9106:ENSG00000148498.15",-0.00256570974548345,0.00448742247702889,0.567487437984908
"chr10:34341816:34347965:clu_9109:ENSG00000148498.15",0.00409773009965586,0.00371084020353864,0.269480638194003
"chr10:35031619:35032435:clu_9117:ENSG00000108094.14",-0.00806949298791134,0.00535252470080479,0.131655652958115
"chr10:35195214:35201451:clu_9121:ENSG00000095794.19",-0.00374824144003392,0.00552576731925893,0.497568481769537
"chr10:34360259:34374874:clu_9110:ENSG00000148498.15",0.00792265062667731,0.00456125309684801,0.0823966910664428
"chr10:34399413:34401826:clu_9111:ENSG00000148498.15",-0.0160509899758474,0.00575842139837089,0.00531338134528203
"chr10:35501535:35525964:clu_9123:ENSG00000108100.17",-0.00405032334828469,0.00452505385031932,0.370739818149412
"chr10:35196539:35206895:clu_9121:ENSG00000095794.19",0.00514241551409362,0.00466911712403337,0.270736589613909
"chr10:35196142:35206895:clu_9121:ENSG00000095794.19",-0.00913885231429441,0.00550290097092757,0.0967669702875976
"chr10:37803943:37833025:clu_9129:ENSG00000198105.13",-1.87011726142521e-05,0.00630195247758375,0.997632264754316
"chr10:38017386:38054378:clu_9139:ENSG00000189180.15",0.00304434442246712,0.00542105556113424,0.574403713541123
"chr10:44373343:44378637:clu_9184:ENSG00000107562.16",0.00199512570300627,0.00486054333095808,0.681458417217419
"chr10:42782830:42784362:clu_9168:ENSG00000165733.7",-0.0131884933675426,0.00590278471297183,0.0254644377840648
"chr10:43568021:43570174:clu_9182:ENSG00000196793.13",-0.00508128150547438,0.00318910362164516,0.111087091776321
"chr10:43644801:43646056:clu_9183:ENSG00000169740.13",-0.00693500123450076,0.00505402094816336,0.17000896358363
"chr10:45648534:45648963:clu_9205:ENSG00000172671.19",-0.00256067293721044,0.00647772827409312,0.69261842931903
"chr10:45424147:45424960:clu_9195:ENSG00000012779.10",-0.00713097531794163,0.00651917224933167,0.27402220049399
"chr10:45916171:45939361:clu_9225:ENSG00000239883.8",-0.0396542797058847,0.00463948833626332,0
"chr10:45461411:45463151:clu_9200:ENSG00000165406.15",-0.0126755428852296,0.00514958257265377,0.0138368978874126
"chr10:45740246:45743390:clu_9212:ENSG00000172661.17",0.0212850171705405,0.00320680185317914,3.19135828874550e-11
"chr10:44989721:44990017:clu_9190:ENSG00000107551.20",0.00930753065890388,0.00452403375007529,0.0396523623005622
"chr10:48306821:48308095:clu_9271:ENSG00000107643.15",0.00473556229412929,0.00330247221888327,0.151588065256338
"chr10:48308288:48325897:clu_9271:ENSG00000107643.15",0.0107694323066704,0.00480637124757952,0.0250482619898186
"chr10:49970575:49973012:clu_9303:ENSG00000204152.10",-0.000410340972656731,0.0048889046239758,0.933109613958337
"chr10:49530840:49532543:clu_9292:ENSG00000225830.12",0.00334721310109731,0.00344471641046092,0.331202393284866
"chr10:49952219:49952449:clu_9302:ENSG00000204152.10",0.00405644573753739,0.00455994857064716,0.373690661396708
"chr10:50008588:50008711:clu_9307:ENSG00000204149.10",-0.0135571903591413,0.00412326338327622,0.00100910501227525
"chr10:49942300:49945032:clu_9301:ENSG00000204152.10",0.00458858370618054,0.00508182304991193,0.366557488970511
"chr10:49165796:49166869:clu_9287:ENSG00000204161.13",-0.0102394320209495,0.00460645399088275,0.0262262711000327
"chr10:50091518:50092162:clu_9312:ENSG00000099290.15",-0.00484872606618134,0.00396755043049328,0.221671463276847
"chr10:49973078:49987165:clu_9304:ENSG00000178440.5",-0.0165433599995021,0.00556415459462606,0.0029470966280275
"chr10:49973078:49987165:clu_9304:ENSG00000204149.10",-0.0165433599995021,0.00556415459462606,0.0029470966280275
"chr10:56358724:56358805:clu_9331:ENSG00000122952.16",-0.00246709256235008,0.0054248642468086,0.64927112761959
"chr10:58361401:58361495:clu_9334:ENSG00000072401.14",-0.00358091014837491,0.00466511915127428,0.442729360801333
"chr10:59355943:59362399:clu_9346:ENSG00000148541.12",0.00702352667135673,0.00406533785440429,0.0840489750044959
"chr10:59361110:59362399:clu_9346:ENSG00000148541.12",-0.00783566486403578,0.00480035015969375,0.102613965439946
"chr10:59262645:59264085:clu_9342:ENSG00000148541.12",0.00579868006619697,0.00345754272196978,0.09352094022791
"chr10:60085253:60086677:clu_9359:ENSG00000151150.21",-0.00139935450185196,0.00364913222048667,0.701366887433049
"chr10:60200227:60203002:clu_9363:ENSG00000151150.21",0.00301335188581005,0.00391787739201002,0.441816921064499
"chr10:60146021:60166824:clu_9361:ENSG00000151150.21",0.00659090607938442,0.00439396500357056,0.133616844719278
"chr10:60139087:60145968:clu_9361:ENSG00000151150.21",-0.00116625160346253,0.00458486012617386,0.799209601880784
"chr10:62069797:62085702:clu_9384:ENSG00000150347.14",0.00178976373524545,0.00346916565437598,0.605919990983321
"chr10:62059295:62069700:clu_9383:ENSG00000150347.14",-0.00875263134126622,0.00397202341692306,0.0275546043432826
"chr10:62057318:62059243:clu_9383:ENSG00000150347.14",0.00860340558410966,0.00436574574801326,0.0487626458390331
"chr10:63177856:63183447:clu_9390:ENSG00000171988.18",0.00333961882487923,0.00474118588742951,0.481193228144558
"chr10:63183569:63184608:clu_9390:ENSG00000171988.18",0.00170936767057819,0.00413639725241353,0.679423191894605
"chr10:63186383:63189168:clu_9391:ENSG00000171988.18",-0.00158408577520131,0.00569025474706103,0.780716265322598
"chr10:63380482:63521738:clu_9396:ENSG00000171988.18",0.00934578295862205,0.00523571563179192,0.0742603702595459
"chr10:63380482:63465495:clu_9396:ENSG00000171988.18",-0.00032745067742518,0.00492403366691255,0.946979363440118
"chr10:67936235:67939588:clu_9408:ENSG00000148634.15",0.0100166745585137,0.00426992716510747,0.0189829594327378
"chr10:68754827:68755370:clu_9445:ENSG00000060339.13",0.00409784723993093,0.0046208205595038,0.375174518564206
"chr10:68906337:68906711:clu_9449:ENSG00000107625.12",-0.00673805033924014,0.00329689515793927,0.0409776255666249
"chr10:68786692:68789710:clu_9447:ENSG00000060339.13",-0.00343894495486124,0.00427156791636803,0.420774724336532
"chr10:68446413:68450028:clu_9433:ENSG00000138346.14",-0.000189980061760992,0.00381249432319231,0.960257134599386
"chr10:68419892:68422225:clu_9429:ENSG00000138346.14",-0.00400123646439524,0.00415738116554532,0.335827839586559
"chr10:67891554:67906163:clu_9406:ENSG00000096717.11",-0.00281396312517415,0.00473768145782562,0.552543123942878
"chr10:69200499:69202439:clu_9465:ENSG00000156502.13",-0.000941048843454816,0.00338722597479366,0.781148333908668
"chr10:69200499:69202443:clu_9465:ENSG00000156502.13",0.00382634812130608,0.00325758836977195,0.240156648228602
"chr10:68956312:68959806:clu_9455:ENSG00000165732.12",-0.00505716149833081,0.00344236630706642,0.141807152289256
"chr10:69802717:69822369:clu_9475:ENSG00000197467.13",-0.00126304226391818,0.0032366359175223,0.696364234262745
"chr10:69195265:69196992:clu_9463:ENSG00000156502.13",-0.00486005890557256,0.00354082735664953,0.169883823335644
"chr10:68067217:68072883:clu_9409:ENSG00000148634.15",-0.00521330429264368,0.00445358821910264,0.241765563894999
"chr10:68919981:68934799:clu_9453:ENSG00000107625.12",-0.00307175922522385,0.00344823092927747,0.373024787026509
"chr10:69155887:69157007:clu_9460:ENSG00000122958.14",-0.00230443759177024,0.00365869641475266,0.528791359739467
"chr10:73252037:73252470:clu_9584:ENSG00000182180.13",-0.00675213704361926,0.00613175657942929,0.27082050065014
"chr10:73047101:73051090:clu_9559:ENSG00000122884.12",0.00728142194163333,0.00849097521521079,0.391141895655613
"chr10:73252023:73252470:clu_9584:ENSG00000182180.13",0.00883218953078052,0.00563419193153853,0.116973257976132
"chr10:69180562:69182520:clu_9462:ENSG00000156502.13",-0.00320795872714517,0.00442552635322248,0.468527982774135
"chr10:68755536:68756273:clu_9446:ENSG00000060339.13",-0.00342985339168592,0.00369230237819683,0.352930566012633
"chr10:70161738:70161858:clu_9494:ENSG00000079332.14",0.0119380118180574,0.00300367344755659,7.05359732732225e-05
"chr10:68755536:68757294:clu_9446:ENSG00000060339.13",-0.000612270421608936,0.00425594791917842,0.885609212627228
"chr10:69930552:69936756:clu_9483:ENSG00000197467.13",-0.00402938579854583,0.00383620029939834,0.293553293554848
"chr10:69937715:69944125:clu_9484:ENSG00000197467.13",0.00955227941020596,0.00277137105665578,0.000567330748591499
"chr10:70873589:70875402:clu_9513:ENSG00000166224.16",-0.00850050812193685,0.00272979602249426,0.00184587065155883
"chr10:70121211:70123405:clu_9490:ENSG00000042286.14",-0.00477537081666474,0.00238448510835103,0.0452111883166717
"chr10:71760924:71761598:clu_9531:ENSG00000107738.19",0.00326945541697751,0.00356735363160332,0.359408261872772
"chr10:71755466:71760868:clu_9531:ENSG00000107738.19",0.000429626217843257,0.00325122271910661,0.894871210794253
"chr10:71344291:71351562:clu_9522:ENSG00000198246.7",-0.00435132626980535,0.00242263568989524,0.0724766252436084
"chr10:71732375:71734240:clu_9529:ENSG00000107736.19",0.00223929478175495,0.00306983181230092,0.465725253774552
"chr10:72224056:72230366:clu_9546:ENSG00000166295.8",0.00151243898624999,0.00600374910942997,0.801106181954918
"chr10:72216072:72230366:clu_9546:ENSG00000166295.8",0.0156261195990226,0.00511470783812918,0.00224959726136553
"chr10:71323054:71351562:clu_9522:ENSG00000198246.7",0.011163924855549,0.00300372443140398,0.00020184658888478
"chr10:72133181:72152869:clu_9541:ENSG00000138303.17",0.0060104973419331,0.00399171089932985,0.132132736395305
"chr10:72884382:72885745:clu_9555:ENSG00000156026.14",0.0102541406502562,0.00530204789352822,0.0531135910764293
"chr10:73388414:73396044:clu_9596:ENSG00000138279.15",-0.00687838010515186,0.00695880030157761,0.322935550076477
"chr10:75222402:75224364:clu_9684:ENSG00000165637.13",-0.00684084476032484,0.00626373385158058,0.274773641850286
"chr10:73804869:73805587:clu_9650:ENSG00000166507.17",0.00769284370401099,0.00463039170210289,0.0966369986266616
"chr10:73722577:73725961:clu_9620:ENSG00000242338.6",0.0171309063161612,0.00539212173781358,0.00148794137442176
"chr10:75358707:75358939:clu_9690:ENSG00000226051.6",-0.00602126122439147,0.00503035450631417,0.231312220388616
"chr10:73800170:73800296:clu_9645:ENSG00000214655.10",0.000220767015917026,0.00879278712596549,0.9799690262409
"chr10:73802776:73802972:clu_9648:ENSG00000166507.17",-0.00268676015354303,0.00648880772586186,0.67882966646439
"chr10:74314745:74394141:clu_9670:ENSG00000156110.13",-0.00403009882305982,0.00703383353971632,0.566672397875682
"chr10:73802776:73803009:clu_9648:ENSG00000166507.17",0.00556690152008516,0.00658536383662498,0.397918486492966
"chr10:73789190:73789717:clu_9634:ENSG00000214655.10",0.00644591482730799,0.00835735734422103,0.440537279085453
"chr10:73699588:73703857:clu_9618:ENSG00000272140.2",-0.00103802948048772,0.0058121236246224,0.858253929030998
"chr10:73575675:73575798:clu_9614:ENSG00000166348.18",0.000680066928767402,0.00705184450783321,0.923172583817553
"chr10:75234992:75235060:clu_9686:ENSG00000165644.10",0.0105786637474253,0.0042898198793589,0.0136634186349484
"chr10:75235743:75235835:clu_9686:ENSG00000165644.10",-0.00437009080587307,0.0037924057324266,0.249186803396106
"chr10:75296651:75358510:clu_9687:ENSG00000226051.6",0.00565890987577474,0.00427007222622732,0.185088506143452
"chr10:75235372:75235616:clu_9686:ENSG00000165644.10",-0.00350398677398942,0.00375988373746797,0.351367434696349
"chr10:75219356:75220743:clu_9682:ENSG00000165637.13",-0.0174530710925627,0.00510310668031249,0.000626010089631812
"chr10:76535987:76557209:clu_9693:ENSG00000148655.14",-0.0018435017566619,0.00483611470487497,0.703058710589103
"chr10:76346553:76557209:clu_9693:ENSG00000148655.14",0.00243035201098248,0.00538770393392473,0.651922993396246
"chr10:77843706:77847037:clu_9716:ENSG00000151208.16",0.00316832724516,0.00330962161318546,0.338411818945187
"chr10:77856892:77869129:clu_9718:ENSG00000151208.16",0.000203965047722746,0.00337290633263945,0.9517800331467
"chr10:77812057:77812215:clu_9708:ENSG00000151208.16",0.00326258675617871,0.0040660472527597,0.422322972628087
"chr10:77636569:77637265:clu_9701:ENSG00000156113.22",0.00244539620593184,0.00333532853494269,0.463448646346968
"chr10:77848327:77853354:clu_9716:ENSG00000151208.16",0.000559324548539432,0.00336847814404463,0.868120229645383
"chr10:77830873:77833914:clu_9713:ENSG00000151208.16",0.00278799851464374,0.00327179974824293,0.394141977631898
"chr10:87076656:87089562:clu_9808:ENSG00000148672.8",-0.00399413732275944,0.00359884918995067,0.267069112402363
"chr10:87152879:87156694:clu_9811:ENSG00000122376.11",-0.00727095270930272,0.00478215819324601,0.128402102830808
"chr10:87513221:87521036:clu_9822:ENSG00000107789.15",-0.00136601110203503,0.00330918448428074,0.679757635885221
"chr10:87942769:87952118:clu_9831:ENSG00000171862.10",-0.00632363390277293,0.00408978048952041,0.122055369734206
"chr10:86706719:86709905:clu_9791:ENSG00000122367.19",-0.00583885773668079,0.00399818682372462,0.144186651299457
"chr10:87715843:87727284:clu_9823:ENSG00000198682.12",0.0115949304353532,0.0050707341434335,0.0222169952314563
"chr10:86966237:86969042:clu_9800:ENSG00000272734.1",-0.00230625532863764,0.00417632557166334,0.580796842452061
"chr10:87814612:87818167:clu_9828:ENSG00000138138.13",0.00994194965974783,0.00379814740607941,0.00885560710457511
"chr10:86966237:86969042:clu_9800:ENSG00000173269.13",-0.00230625532863764,0.00417632557166334,0.580796842452061
"chr10:87003421:87004325:clu_9806:ENSG00000261011.1",-0.00159029580747211,0.00337306728160602,0.637306032232962
"chr10:87104962:87151350:clu_9810:ENSG00000122376.11",0.00557156554024826,0.00427130880816834,0.192091624031837
"chr10:87095248:87096934:clu_9809:ENSG00000122376.11",0.000125273574655309,0.00411410979170617,0.975708376217004
"chr10:87094788:87096934:clu_9809:ENSG00000122376.11",0.000334310435922558,0.00435873487648284,0.938863031178626
"chr10:87170974:87175889:clu_9814:ENSG00000122376.11",-0.00557129506477329,0.00327709513008967,0.0891175329098048
"chr10:87152879:87158048:clu_9811:ENSG00000122376.11",0.0132107898470484,0.00545903652674224,0.01552112123606
"chr10:87208512:87246115:clu_9816:ENSG00000223482.7",0.00304532557193983,0.00296017347148426,0.30358968692514
"chr10:80082217:80090797:clu_9756:ENSG00000133678.13",-0.00476469850517477,0.00392515306414732,0.224790271864195
"chr10:84477664:84513449:clu_9778:ENSG00000107771.15",8.31795174546912e-05,0.00498692483407394,0.986692284770517
"chr10:86461287:86467279:clu_9784:ENSG00000062650.17",0.0040003833457343,0.00383366724182728,0.296722627549756
"chr10:86681803:86687069:clu_9790:ENSG00000122367.19",0.000232040428969476,0.00465584551076688,0.960251073820701
"chr10:86473973:86497201:clu_9786:ENSG00000062650.17",-0.00333077494216322,0.00450422323652465,0.459616665658851
"chr10:89010600:89011999:clu_9845:ENSG00000026103.21",0.00544231005526095,0.00443153147177358,0.219413983242137
"chr10:88914658:88916680:clu_9840:ENSG00000138134.11",-0.00173244089414599,0.00356411356960245,0.626911128710024
"chr10:88916817:88921283:clu_9840:ENSG00000138134.11",0.0025887060164218,0.00340008540126255,0.446439087430368
"chr10:89010600:89010753:clu_9845:ENSG00000026103.21",0.00208186221598129,0.00395482572397942,0.598602946443471
"chr10:87927599:87931046:clu_9829:ENSG00000171862.10",0.000233673775351879,0.00498117162102,0.962583835657044
"chr10:87880438:87925513:clu_9829:ENSG00000171862.10",0.0095582718751025,0.00410474272906201,0.019880680018972
"chr10:87328279:87330892:clu_9818:ENSG00000223482.7",-0.00570310305932351,0.00380030760489729,0.133434437065212
"chr10:88582307:88583073:clu_9835:ENSG00000184719.11",0.00195973100608171,0.00351957026107066,0.577657427644434
"chr10:87214278:87215994:clu_9816:ENSG00000223482.7",0.0095657727800989,0.00370000470605215,0.00972828135303794
"chr10:88581709:88582202:clu_9835:ENSG00000184719.11",0.003737506592312,0.00373565794376433,0.31707108115209
"chr10:87894109:87925513:clu_9829:ENSG00000171862.10",-0.00838143324319636,0.00451596593791451,0.0634598562641098
"chr10:87756922:87759701:clu_9824:ENSG00000138138.13",-0.00449539607642204,0.00503612728618597,0.372055584502689
"chr10:87925557:87931046:clu_9829:ENSG00000171862.10",0.00479699175093844,0.00397018085813784,0.226949106833535
"chr10:89400003:89402281:clu_9851:ENSG00000185745.9",0.00209203808993664,0.00452910477195794,0.64414597260075
"chr10:90903276:90905302:clu_9860:ENSG00000148688.13",0.00654958546966641,0.00421588354156089,0.12029181683426
"chr10:91488879:91491200:clu_9869:ENSG00000165338.16",0.0135654681850606,0.00602116699236005,0.0242614638237406
"chr10:90895917:90896313:clu_9859:ENSG00000148688.13",0.00254389307736659,0.00423422051491283,0.547977390117584
"chr10:91222983:91227337:clu_9864:ENSG00000180628.14",-0.00218448292863966,0.00570118993564691,0.701599184569151
"chr10:91951566:91953737:clu_9881:ENSG00000095564.13",0.00217940593312163,0.00550603490980385,0.692236857344985
"chr10:91485303:91487682:clu_9869:ENSG00000165338.16",-0.0113573953158992,0.00439266091246226,0.00972269233003098
"chr10:91831181:91833853:clu_9876:ENSG00000107854.5",0.00261053170606129,0.00397654080954327,0.511513359158973
"chr10:91828406:91830923:clu_9876:ENSG00000107854.5",-0.00481383736494935,0.00419261856188744,0.250898537870629
"chr10:91271697:91278269:clu_9865:ENSG00000180628.14",-2.21986866406623e-05,0.00442185786555077,0.995994463078295
"chr10:91817229:91819270:clu_9875:ENSG00000107854.5",-0.00579877753458697,0.00474486458476856,0.221663555533891
"chr10:92479421:92480793:clu_9896:ENSG00000119912.15",-0.0103536403949611,0.00584914766890932,0.0767086581293276
"chr10:91957293:91959065:clu_9881:ENSG00000095564.13",0.0172983426851011,0.00552146256605063,0.00173072104000882
"chr10:91813207:91817134:clu_9874:ENSG00000107854.5",0.00817323895589765,0.00608110836227389,0.17893619302927
"chr10:92311337:92333470:clu_9892:ENSG00000198060.9",-0.00368487876290014,0.00524881268433104,0.482653944504397
"chr10:93313210:93316714:clu_9905:ENSG00000138119.16",-0.00454451480543088,0.00406950764974719,0.264112568868262
"chr10:92454539:92455576:clu_9894:ENSG00000119912.15",0.00691439839876745,0.00344163325752689,0.0445322904383287
"chr10:92291529:92311135:clu_9891:ENSG00000198060.9",2.55073142331526e-05,0.0046814747384165,0.995652696499596
"chr10:93402347:93402860:clu_9919:ENSG00000138119.16",0.00332431984532879,0.00403346667874743,0.409834855673148
"chr10:93402890:93404023:clu_9919:ENSG00000138119.16",-0.00399287420578348,0.00430757102677431,0.353955961553959
"chr10:92997615:93014194:clu_9904:ENSG00000138190.16",0.00870153692180002,0.00368177630231068,0.0181077571031576
"chr10:92948379:92952273:clu_9903:ENSG00000138190.16",-0.00495262594329774,0.00377878179043524,0.189979116372331
"chr10:93323173:93325826:clu_9908:ENSG00000138119.16",0.00437461996758049,0.00281862095612601,0.120652016380205
"chr10:93409739:93431408:clu_9920:ENSG00000138119.16",-0.000373552063248652,0.00499918926994731,0.940435482541989
"chr10:92504897:92506442:clu_9897:ENSG00000119912.15",0.00149602723757605,0.00455720338117402,0.742701870609302
"chr10:92490595:92504794:clu_9897:ENSG00000119912.15",-0.00366379027261938,0.00452814492326057,0.418448963758001
"chr10:94324567:94324892:clu_9939:ENSG00000138193.15",0.00794311870165097,0.00526627554886181,0.131477991972281
"chr10:93325965:93328763:clu_9909:ENSG00000138119.16",-0.00408225225222801,0.00520677968706496,0.433024673943953
"chr10:93906385:93912667:clu_9931:ENSG00000176273.14",8.74628966698159e-05,0.00406665822143797,0.982840968816311
"chr10:92834824:92893349:clu_9900:ENSG00000138190.16",-0.00690652442495612,0.00422577438457766,0.102178921877383
"chr10:92848634:92893349:clu_9900:ENSG00000138190.16",0.0061100097451973,0.00463516272367712,0.187441164560094
"chr10:93692093:93692646:clu_9926:ENSG00000148690.11",-0.00372560984870958,0.00374477277306545,0.319793291686913
"chr10:94511654:94521955:clu_9946:ENSG00000108239.8",0.00706179683514479,0.00492481192470076,0.151594484086435
"chr10:93670848:93672042:clu_9924:ENSG00000148690.11",-0.0100635888701464,0.00727403213215943,0.166513064175376
"chr10:94442019:94474668:clu_9944:ENSG00000108239.8",0.00091940802439748,0.00527544671337523,0.861644943995437
"chr10:95637436:95642992:clu_9969:ENSG00000059573.8",-0.00130109822281403,0.00372840302489191,0.727112351642
"chr10:95687355:95687592:clu_9974:ENSG00000119977.20",0.00251098828860364,0.0036788215706983,0.494889755878793
"chr10:95491120:95493165:clu_9964:ENSG00000095637.21",-0.0031523203542025,0.00436365330218726,0.470046163000673
"chr10:95384285:95394611:clu_9958:ENSG00000095637.21",-0.00269200862121482,0.00425306809578191,0.526761815911561
"chr10:95904938:95907778:clu_9981:ENSG00000226688.6",0.00287250520226824,0.00413860768631148,0.487635013276015
"chr10:95414862:95421961:clu_9960:ENSG00000095637.21",-0.00335052164253344,0.00474335897813965,0.479963949280947
"chr10:97256404:97259402:clu_10004:ENSG00000213390.10",0.00263464990685922,0.0040176680514963,0.511974727917952
"chr10:95395075:95397220:clu_9958:ENSG00000095637.21",0.00298945311674008,0.00477696288295036,0.531442047195698
"chr10:97453846:97454714:clu_10019:ENSG00000171307.18",0.00185937718342209,0.00330776034680502,0.574030362265065
"chr10:97246337:97256318:clu_10004:ENSG00000213390.10",-0.000436618192511869,0.00442358740113278,0.921374653101288
"chr10:97478389:97480982:clu_10031:ENSG00000155229.20",0.00200364154157572,0.0039572279006352,0.61262884817828
"chr10:98410958:98411175:clu_10069:ENSG00000119943.12",0.0181166401891664,0.00408013331725957,8.98720135988906e-06
"chr10:97390539:97390739:clu_10013:ENSG00000052749.13",-0.00786057733793505,0.00313264160869807,0.0120988218832893
"chr10:97651141:97656285:clu_10040:ENSG00000155252.13",-0.0024033567305906,0.00410309746817017,0.558048870308364
"chr10:98389873:98390598:clu_10063:ENSG00000119943.12",0.0011020619886317,0.00399454888759827,0.782631421082512
"chr10:98209899:98230066:clu_10055:ENSG00000166024.13",0.00633209086735782,0.00371800061639302,0.0885511667840985
"chr10:98744056:99144238:clu_10090:ENSG00000172987.12",-0.0041900243575377,0.0051433796350429,0.415276005655479
"chr10:99406849:99420624:clu_10095:ENSG00000120053.10",0.00330198123595863,0.00565935062413661,0.559586469012134
"chr10:98425720:98427215:clu_10077:ENSG00000107521.18",-0.00205361023530407,0.00540134078606562,0.703794146474541
"chr10:99613924:99619727:clu_10098:ENSG00000155287.10",-0.0081026981112254,0.00588012936328573,0.168209596999037
"chr10:100236969:100238022:clu_10123:ENSG00000095485.16",-0.00121789671031143,0.00325968768728806,0.708684267860214
"chr10:100235764:100236850:clu_10123:ENSG00000095485.16",0.00252629327790378,0.00324596050587341,0.436399036191307
"chr10:100281053:100286097:clu_10128:ENSG00000196072.11",-0.00403398011269082,0.00427031576703344,0.344834443356446
"chr10:99842093:99843799:clu_10107:ENSG00000023839.10",0.00536702486034359,0.00460809789661352,0.244142800456171
"chr10:100261044:100261979:clu_10126:ENSG00000095485.16",7.88879841457861e-06,0.00369862697156777,0.998298193969214
"chr10:99388003:99388152:clu_10093:ENSG00000119946.10",0.000975535016152053,0.00553430018433302,0.860081272698956
"chr10:99613924:99620045:clu_10098:ENSG00000155287.10",0.00936239119433276,0.00544008979845686,0.0852509355950521
"chr10:101063103:101064261:clu_10177:ENSG00000107821.14",-0.00491869698808884,0.00437486735869288,0.260882519688247
"chr10:100536135:100536411:clu_10152:ENSG00000166135.13",-0.00422928193619489,0.00411411041469087,0.303952522631262
"chr10:100500159:100501654:clu_10143:ENSG00000075826.16",0.00472363869323402,0.00328903310415751,0.150951549774702
"chr10:101064421:101064501:clu_10178:ENSG00000107821.14",-0.00163717560414751,0.0042714503316231,0.701509715849467
"chr10:100969924:100972529:clu_10158:ENSG00000095539.15",0.00700887366463725,0.00360859290295044,0.0521040228945037
"chr10:100502484:100505361:clu_10143:ENSG00000075826.16",-0.00694743484446282,0.00363251601412036,0.0558033458245649
"chr10:100501710:100502254:clu_10143:ENSG00000075826.16",0.00148539082303531,0.0045454182771804,0.743827791043599
"chr10:101526199:101531237:clu_10182:ENSG00000166167.17",0.000333704081168661,0.00332166971880442,0.919976952792922
"chr10:99612599:99613696:clu_10098:ENSG00000155287.10",-0.00228908670319894,0.0064995883593168,0.724696159148394
"chr10:100499598:100500110:clu_10143:ENSG00000075826.16",0.00351023208934785,0.0045001611174694,0.435376956122304
"chr10:100498804:100499160:clu_10141:ENSG00000075826.16",-0.00129054001430416,0.00315842285642696,0.682831270423941
"chr10:100980997:100981168:clu_10164:ENSG00000095539.15",-0.00276260366055065,0.00471035031746119,0.557541957701061
"chr10:101064943:101067248:clu_10179:ENSG00000107821.14",-0.00257818762964006,0.0040634351703439,0.525764519047933
"chr10:100983817:100986749:clu_10166:ENSG00000055950.16",0.00138286631135998,0.00232377571665559,0.551780257951641
"chr10:100986975:100987090:clu_10166:ENSG00000055950.16",-0.00375238881873459,0.00289917892014308,0.195564014726048
"chr10:100980982:100981168:clu_10164:ENSG00000095539.15",0.00972601191202054,0.00427723071726179,0.0229717609108572
"chr10:100969904:100983755:clu_10160:ENSG00000055950.16",-0.00251782744659002,0.00406351217719068,0.535508963479641
"chr10:100352496:100354427:clu_10131:ENSG00000099194.5",-0.0196650897913292,0.00530462382392041,0.000209596447444338
"chr10:100984074:100986749:clu_10166:ENSG00000055950.16",0.00156315934337123,0.00213327746050744,0.463710840823318
"chr10:100983817:100987313:clu_10166:ENSG00000055950.16",0.00107030774842026,0.00361263366483129,0.767025422292079
"chr10:100489761:100490706:clu_10137:ENSG00000075826.16",-0.00381140799646121,0.00576065648286897,0.508210062380907
"chr10:100984074:100986687:clu_10166:ENSG00000055950.16",-0.00388355909431921,0.00375829833391782,0.301449906169483
"chr10:100991054:100993190:clu_10168:ENSG00000107815.7",0.0039638460866367,0.00381879322735879,0.29927752638552
"chr10:101002946:101005458:clu_10170:ENSG00000107816.17",0.0141941023495262,0.00634873102835002,0.0253689059225799
"chr10:100991010:100993190:clu_10168:ENSG00000107815.7",-0.0083831088433781,0.00413153211506518,0.0424526159795683
"chr10:101354228:101461981:clu_10180:ENSG00000166167.17",0.00677318367504173,0.00468165154240404,0.147966697425084
"chr10:101939938:101956597:clu_10199:ENSG00000120029.12",-0.010581199047135,0.00440675957152989,0.0163445649026241
"chr10:100945506:100947039:clu_10157:ENSG00000119906.11",0.00562152265433402,0.00330143941821118,0.0886150514683723
"chr10:100944128:100945330:clu_10157:ENSG00000119906.11",-0.00309637085308964,0.00333095276674916,0.352591108808105
"chr10:102469197:102469993:clu_10256:ENSG00000138111.14",0.00226301084135912,0.00540421982051395,0.675399689568847
"chr10:102369984:102370174:clu_10230:ENSG00000107862.4",-0.0121975357821928,0.00554097772349292,0.0277124753464177
"chr10:101628056:101667886:clu_10186:ENSG00000107829.13",0.0164065083701655,0.00656181890829675,0.0124088573662043
"chr10:102369775:102369861:clu_10230:ENSG00000107862.4",0.00788411365118662,0.00553851107910895,0.154589006275186
"chr10:102111536:102114406:clu_10211:ENSG00000198728.10",-0.00160824951120354,0.00565631792872085,0.77615903748047
"chr10:101064421:101064506:clu_10178:ENSG00000107821.14",-0.00311377276400861,0.0050495572171025,0.537470401507828
"chr10:102509303:102512100:clu_10262:ENSG00000107882.11",0.0254722248464042,0.00579503273076276,1.10504150027113e-05
"chr10:102471396:102472854:clu_10257:ENSG00000138111.14",-0.0220103346787143,0.00466877696547468,2.42461623389811e-06
"chr10:102033339:102040013:clu_10207:ENSG00000120029.12",0.00844149850374066,0.00410906681143248,0.0399409554412509
"chr10:102425198:102432526:clu_10251:ENSG00000107874.10",0.0323468473449415,0.007180606871731,6.64507540615311e-06
"chr10:103101326:103105358:clu_10291:ENSG00000076685.18",0.0226643492001817,0.00525898517473262,1.6351821872318e-05
"chr10:102474012:102475722:clu_10258:ENSG00000138111.14",-0.0132797289296847,0.00655608447956771,0.0428101060286998
"chr10:102424792:102425115:clu_10251:ENSG00000107874.10",-0.0058075145732102,0.00636388511275764,0.361466759463082
"chr10:102728529:102729723:clu_10275:ENSG00000156398.12",-0.0123355806765953,0.00525440338201338,0.018891486760955
"chr10:104045793:104046747:clu_10336:ENSG00000065618.18",-0.00372577906772349,0.004844779732063,0.441875732890433
"chr10:103418634:103419538:clu_10303:ENSG00000148843.13",-0.00488347958433327,0.00535987254133549,0.362232885367679
"chr10:103661114:103693028:clu_10322:ENSG00000107957.16",0.000316852255182295,0.00416706920097356,0.939389506171715
"chr10:104133784:104140842:clu_10342:ENSG00000197748.12",0.000843798683218784,0.00532617725235552,0.874122055623887
"chr10:104008356:104018160:clu_10331:ENSG00000065613.13",0.0260085926018045,0.00838298624099621,0.00191864332790126
"chr10:106597450:106607166:clu_10350:ENSG00000108018.15",-0.00442117915382933,0.00336457287834157,0.188833162853323
"chr10:106607297:106611911:clu_10350:ENSG00000108018.15",0.00264553777910678,0.00365259931917994,0.46888828324129
"chr10:110117422:110118587:clu_10363:ENSG00000148700.14",0.00613799430225044,0.00445480173971512,0.168253367376961
"chr10:110244857:110245743:clu_10366:ENSG00000119950.20",0.00745276810123081,0.00416694459348951,0.0736881152062244
"chr10:109870904:109871792:clu_10353:ENSG00000108039.17",0.0070494565608131,0.00505635917486068,0.163264346935245
"chr10:110130486:110133326:clu_10364:ENSG00000148700.14",0.00544370217368659,0.00741456096331582,0.462832482116185
"chr10:109870029:109870731:clu_10353:ENSG00000108039.17",-0.00636609272192134,0.00449289383771033,0.156504913583957
"chr10:110244873:110279180:clu_10366:ENSG00000119950.20",0.00761031232680613,0.00470183894891568,0.10553721054511
"chr10:110901612:110918121:clu_10374:ENSG00000214413.7",-0.00217305203724802,0.00375003724921483,0.56226885412919
"chr10:110918213:110919121:clu_10374:ENSG00000214413.7",-0.0028089936438609,0.00363491805064196,0.439652319321627
"chr10:110226283:110228189:clu_10365:ENSG00000119950.20",-0.00430486631991576,0.00452350486791446,0.341266337631124
"chr10:110876070:110876670:clu_10375:ENSG00000150593.17",-0.00866531984581391,0.00530061860896285,0.102096181484839
"chr10:110261145:110279180:clu_10366:ENSG00000119950.20",-0.00201443957249147,0.00546740352811776,0.712541165009725
"chr10:110130486:110132305:clu_10364:ENSG00000148700.14",0.0142448443219991,0.00610062770659141,0.0195444600869846
"chr10:110228321:110244828:clu_10366:ENSG00000119950.20",-0.00365180320849335,0.00351604686064709,0.298985917776
"chr10:110901612:110907680:clu_10374:ENSG00000214413.7",0.00287141550472248,0.00467964156812761,0.539481457783389
"chr10:110244857:110279180:clu_10366:ENSG00000119950.20",0.00531462035260821,0.00388862195947792,0.171716074252936
"chr10:110300736:110303468:clu_10368:ENSG00000119953.12",-0.00516696501434895,0.00440710903430384,0.24103009076
"chr10:110227398:110228189:clu_10365:ENSG00000119950.20",0.00306421918653087,0.00326658965920157,0.348219540215619
"chr10:113040126:113141184:clu_10398:ENSG00000148737.16",-2.00452652936146e-06,0.00365505585900058,0.999562419631595
"chr10:112951607:113040025:clu_10397:ENSG00000148737.16",-0.00875898333993383,0.00368384537356615,0.0174222213737996
"chr10:113159992:113165555:clu_10401:ENSG00000148737.16",0.000116729470389221,0.00352480192024303,0.9735816017046
"chr10:112527164:112538246:clu_10393:ENSG00000151532.13",-0.00182613248539179,0.00498492540798956,0.714118133809683
"chr10:114300362:114300445:clu_10429:ENSG00000169129.14",0.00873058246224642,0.00322074806086893,0.00671350133410353
"chr10:113775035:113775765:clu_10414:ENSG00000148735.14",-2.05530776283691e-05,0.00354453096534945,0.995373466452875
"chr10:113158069:113160619:clu_10401:ENSG00000148737.16",-0.0104674483567567,0.00486872598831951,0.0315602924793008
"chr10:114300359:114300445:clu_10429:ENSG00000169129.14",-0.00474688454875568,0.00441955400277688,0.28279392731484
"chr10:114129971:114131147:clu_10419:ENSG00000165813.18",0.00812011375495236,0.00340267970699352,0.0170147927691824
"chr10:114331897:114333221:clu_10432:ENSG00000169129.14",0.00901108519785301,0.00442471525941334,0.0416967142441436
"chr10:114333295:114340603:clu_10432:ENSG00000169129.14",-0.00864713293165157,0.00342048093976909,0.0114699344526485
"chr10:113595727:113597086:clu_10404:ENSG00000197893.13",0.00454821906246118,0.00294676108253566,0.1227182838303
"chr10:116681877:116683791:clu_10451:ENSG00000165868.13",0.00452487280663606,0.00295178210473149,0.125293314839003
"chr10:116681877:116683813:clu_10451:ENSG00000165868.13",-0.00244192821299355,0.00312377471430792,0.434377067100271
"chr10:118322411:118326154:clu_10466:ENSG00000165669.13",-0.00250918093525772,0.00303216663664599,0.407941942493916
"chr10:119172485:119173737:clu_10487:ENSG00000165672.6",0.00038849078545125,0.00497784686570144,0.937793099960857
"chr10:118335213:118335396:clu_10468:ENSG00000165669.13",-0.0081718211551926,0.00322495229026266,0.0112789484271153
"chr10:119442088:119443544:clu_10489:ENSG00000198873.11",-0.00132748785298987,0.00426491181568287,0.755604505899285
"chr10:119439768:119441999:clu_10489:ENSG00000198873.11",0.00200400712822221,0.00396360892280211,0.613136337766819
"chr10:119147860:119151244:clu_10481:ENSG00000183605.16",0.0042867977995486,0.00386409133008051,0.267260465820138
"chr10:119580846:119581922:clu_10498:ENSG00000151923.17",-0.011041784802074,0.00723865241065474,0.127161272915096
"chr10:119892945:119898244:clu_10512:ENSG00000107651.12",-0.00679502861512393,0.00361874567667515,0.0604180615185707
"chr10:119500259:119526032:clu_10492:ENSG00000148908.14",-0.00503316226332619,0.00422212803091508,0.23322543214684
"chr10:119527424:119536464:clu_10493:ENSG00000148908.14",0.00444718240095607,0.00391634507760969,0.256147430866563
"chr10:119912164:119914730:clu_10513:ENSG00000107651.12",0.00756968117083534,0.00360166564211212,0.0355780914539846
"chr10:120866764:120867122:clu_10525:ENSG00000120008.15",0.00530421553694857,0.00299724657008729,0.076777781547355
"chr10:122228008:122229346:clu_10552:ENSG00000138162.18",0.000570119794844394,0.00413069360435014,0.890224331082471
"chr10:122050550:122132609:clu_10547:ENSG00000138162.18",-0.00171062987109232,0.00326138637228509,0.599923843961139
"chr10:121961517:121965286:clu_10542:ENSG00000107672.14",-0.00690721493739662,0.00333435568558551,0.0383093749700872
"chr10:121962107:121963238:clu_10542:ENSG00000107672.14",0.00239101780046578,0.00340114957889704,0.482053981942
"chr10:123162828:123163820:clu_10579:ENSG00000154473.17",0.00183537613668146,0.00409073403953215,0.653672110908524
"chr10:124040042:124042301:clu_10586:ENSG00000182022.17",0.00102215063674822,0.00310857344354212,0.742294294213116
"chr10:123771039:123780167:clu_10583:ENSG00000121898.12",-0.00166991958729994,0.00390535999710962,0.668944668206483
"chr10:122998671:123007026:clu_10576:ENSG00000095574.11",-0.0023820784709491,0.00342182191144614,0.486339078584583
"chr10:123776748:123780167:clu_10583:ENSG00000121898.12",0.0108392384412033,0.00415729142841424,0.00912636934361333
"chr10:124940547:124942457:clu_10604:ENSG00000249456.1",0.00311228584816202,0.00403945009473815,0.441019568411214
"chr10:124940547:124942457:clu_10604:ENSG00000019995.6",0.00327085064725097,0.00410136085172391,0.425158527530124
"chr10:127061776:127106231:clu_10645:ENSG00000150760.12",-0.0048010180783392,0.00309931726507516,0.121368098037974
"chr10:127052815:127061668:clu_10645:ENSG00000150760.12",0.000670569761449593,0.0030364350906942,0.825216135776912
"chr10:125830651:125831420:clu_10629:ENSG00000107949.16",-0.00167648744112841,0.00320355039655957,0.600750402178473
"chr10:125827638:125830562:clu_10629:ENSG00000107949.16",0.00293730577444749,0.00320895613128549,0.360009916726086
"chr10:11749592:11755408:clu_8760:ENSG00000134463.14",0.00176949052247559,0.00302457663389777,0.558522553216108
"chr10:95611442:95613742:clu_9966:ENSG00000059573.8",-0.00720972293625802,0.0060411132620507,0.232696013619822
"chr10:95611395:95613742:clu_9966:ENSG00000059573.8",0.00869185477722995,0.00642906146813647,0.176387074911082
"chr10:100374012:100380983:clu_10132:ENSG00000235823.1",0.00304040887171308,0.00443580860547502,0.493076518251196
"chr10:100931078:100937402:clu_10156:ENSG00000119906.11",0.00148757365941633,0.00406464905523045,0.714381211491321
"chr10:101479457:101521639:clu_10181:ENSG00000166167.17",-0.0121765675788536,0.00446880152582905,0.00643414434631095
"chr10:103101102:103105706:clu_10291:ENSG00000076685.18",0.00567724274185752,0.00478351590521776,0.235292822248523
"chr10:103396730:103398416:clu_10299:ENSG00000148843.13",-0.0174188518796357,0.0043530131734152,6.29257150737139e-05
"chr10:103450573:103451083:clu_10313:ENSG00000138172.10",-0.00311955543301663,0.00521007321991199,0.549336525144299
"chr10:70537906:70538280:clu_9500:ENSG00000107719.8",0.00459084510722612,0.00256648538991691,0.0736523014083152
"chr10:69495689:69498233:clu_9472:ENSG00000099282.9",0.000511608421555288,0.00359151517573884,0.886725211842192
"chr10:70537906:70538303:clu_9500:ENSG00000107719.8",-0.00283203925310151,0.0027104511934926,0.296088153528148
"chr10:68721406:68722455:clu_9442:ENSG00000060339.13",0.00170996349294513,0.0041109264736677,0.677442385419684
"chr10:69485215:69494622:clu_9471:ENSG00000099282.9",-0.00351947461361469,0.00369873674669721,0.341333251896376
"chr10:69343989:69364783:clu_9468:ENSG00000156515.21",-0.00223649477856149,0.00358410604615821,0.532625275260829
"chr10:125160520:125160827:clu_10610:ENSG00000175029.16",0.0132960769246929,0.00394549083812941,0.000751838934422655
"chr10:132324373:132331436:clu_10702:ENSG00000165752.16",0.00833584359825536,0.0026243500526986,0.00149142989879869
"chr10:132330485:132331482:clu_10702:ENSG00000165752.16",-0.00535081005514568,0.00263861557334618,0.042571943334953
"chr10:240111:240893:clu_8620:ENSG00000015171.19",-0.0124153187796972,0.00735812679468585,0.0915469493858521
"chr10:112438389:112439506:clu_10389:ENSG00000023041.11",-0.0039414863349287,0.00340038469144457,0.246403387538408
"chr10:133380485:133381460:clu_10752:ENSG00000148832.15",-0.00174475441495336,0.00435192442307939,0.688482260056352
"chr10:133401590:133402149:clu_10757:ENSG00000148824.18",0.000134766481762788,0.00506504686099871,0.978773067227508
"chr10:133419592:133420026:clu_10759:ENSG00000148824.18",6.11914217511086e-05,0.00373834636724091,0.986940345881547
"chr10:133402245:133402641:clu_10758:ENSG00000148824.18",0.00120434375518435,0.00327773848794809,0.713297318392097
"chr10:133289969:133292499:clu_10734:ENSG00000130640.13",-0.00162300130631497,0.00311235733271302,0.602039325563211
"chr10:133309463:133309776:clu_10739:ENSG00000198546.14",-0.00116909183137854,0.00413768776588541,0.777524008263493
"chr10:133402245:133402692:clu_10758:ENSG00000148824.18",-0.00287871323255512,0.00291812237500572,0.32389025077814
"chr10:133419592:133420026:clu_10759:ENSG00000214279.13",-0.000533479443705471,0.00386212660141603,0.890136879166418
"chr10:133309977:133310164:clu_10739:ENSG00000198546.14",0.0026124163582515,0.00404534503889523,0.518419690429706
"chr10:80509471:80512144:clu_9764:ENSG00000108219.14",0.00956087471153392,0.00396619846968733,0.0159267815266841
"chr10:100506420:100507425:clu_10144:ENSG00000075826.16",-0.00243539435934285,0.0035179419266412,0.488762663587526
"chr10:102111536:102120086:clu_10211:ENSG00000198728.10",0.0115047994725958,0.00688443577874339,0.094695649809666
"chr10:102726797:102726987:clu_10273:ENSG00000156398.12",0.0110124700110062,0.00508796867761972,0.0304325997635531
"chr10:94313382:94316547:clu_9936:ENSG00000138193.15",0.00362837387712712,0.00316764202970525,0.252023016639375
"chr10:69630313:69631709:clu_9474:ENSG00000171224.8",0.000336099342258849,0.00326904673779061,0.918111669066533
"chr10:15133144:15133245:clu_8851:ENSG00000152465.17",0.00639341660758459,0.00533517790555544,0.23078033933043
"chr10:133288309:133288840:clu_10733:ENSG00000130640.13",-0.00350481580607583,0.00361729380427871,0.332592348778135
"chr10:79065819:79066448:clu_9732:ENSG00000224596.7",-0.00769869227677105,0.00338021212717617,0.0227518118802955
"chr10:87176095:87180075:clu_9814:ENSG00000122376.11",0.00270337568595927,0.00402709370217131,0.502031382594908
"chr10:99433940:99437631:clu_10097:ENSG00000224934.2",-7.13600265147124e-05,0.00346802040941094,0.983583416725364
"chr10:100381109:100381216:clu_10132:ENSG00000235823.1",-0.00929798927541329,0.00367328191111838,0.0113657298082952
"chr10:124760503:124762300:clu_10598:ENSG00000203791.14",-0.00751729134195562,0.00282812547037158,0.00785948556034755
"chr10:124943307:124966594:clu_10604:ENSG00000019995.6",-0.00518309676507054,0.00428493767287738,0.226429178806082
"chr10:124943307:124966594:clu_10604:ENSG00000249456.1",-0.00507841973053581,0.0042544475602351,0.232605855683739
"chr10:100529506:100529858:clu_10151:ENSG00000166136.15",0.001155457448445,0.0046367129854029,0.803207985750824
"chr10:101582891:101583508:clu_10184:ENSG00000166169.16",0.00626902911125162,0.0038675051964169,0.105028552949497
"chr10:100529506:100529767:clu_10151:ENSG00000166136.15",-0.00244169715358968,0.00441118135953265,0.579904278278422
"chr10:101889490:101939863:clu_10199:ENSG00000120029.12",0.000474343391436041,0.00474084108978394,0.920300905913994
"chr10:48308288:48401612:clu_9271:ENSG00000107643.15",-0.00983505529622983,0.00380163610888731,0.00967991352012554
"chr10:72097450:72128082:clu_9541:ENSG00000138303.17",0.00129531376695905,0.00351716997947848,0.712662257808638
"chr10:72210831:72213187:clu_9544:ENSG00000138303.17",-0.00404685592498613,0.00403453120948866,0.315834418009291
"chr10:30434378:30437176:clu_9059:ENSG00000107968.9",-0.000643348592352735,0.00355795061989516,0.856508872690552
"chr10:119123569:119129515:clu_10484:ENSG00000119979.16",0.00234450999157193,0.00367142144618049,0.523093770120281
"chr10:30434748:30438916:clu_9059:ENSG00000107968.9",-0.00621446528980256,0.00398958351988189,0.119310857798123
"chr10:97385993:97388252:clu_10011:ENSG00000052749.13",0.00939905493082406,0.00400409975718132,0.0189070869634621
"chr10:124498128:124613264:clu_10591:ENSG00000107902.13",-0.00360696258799724,0.0031272191660794,0.24874256791972
"chr10:70884048:70885152:clu_9515:ENSG00000166228.8",-0.000246243498525866,0.00286885666952682,0.931598917024952
"chr10:70882485:70885152:clu_9515:ENSG00000166228.8",-0.000163717348074603,0.00290991106812762,0.955133109204675
"chr10:133310288:133311716:clu_10740:ENSG00000198546.14",-0.00303513865119957,0.00427735651497337,0.477962883181818
"chr10:133310288:133311721:clu_10740:ENSG00000198546.14",0.0073193356488814,0.00480341996131901,0.127564697927594
"chr10:133381659:133383960:clu_10753:ENSG00000148832.15",0.00273573802896953,0.00330162974604176,0.407329481368037
"chr10:133238155:133239676:clu_10722:ENSG00000151650.7",0.0010960017480588,0.00356157624659367,0.758288240938504
"chr10:133460170:133464606:clu_10760:ENSG00000214279.13",-8.79620689580082e-05,0.00502791388040009,0.98604192544738
"chr10:132245955:132307572:clu_10702:ENSG00000165752.16",-0.000885255441125511,0.00260186175194417,0.733676376684598
"chr10:87000434:87001636:clu_9805:ENSG00000261011.1",-0.000666922860839749,0.00427908201128479,0.876146112922422
"chr10:86999591:87000319:clu_9805:ENSG00000240089.2",5.45458450511633e-05,0.00452076331478903,0.990373255875599
"chr10:87000434:87001636:clu_9805:ENSG00000240089.2",-0.00012432173128206,0.00433550210923421,0.977123572998437
"chr10:86999591:87000319:clu_9805:ENSG00000261011.1",0.00061048856841807,0.00446443466781645,0.891232456171285
"chr10:85613146:85613407:clu_9780:ENSG00000182771.18",0.00617245438643369,0.00388808700682367,0.112392680051846
"chr10:100200780:100202088:clu_10121:ENSG00000213341.10",0.00068920457452291,0.00367229146399008,0.851129876277534
"chr10:100979372:100983755:clu_10160:ENSG00000055950.16",-0.00645040470931524,0.00431538896587307,0.134981088151784
"chr10:100202149:100204506:clu_10121:ENSG00000213341.10",0.00210127021457836,0.00372594356752763,0.572783714754974
"chr10:11921307:11929865:clu_8763:ENSG00000151461.19",-0.000827944787106504,0.00341174033732894,0.808257016592246
"chr10:13614086:13616398:clu_8810:ENSG00000165630.13",-0.00479565408285026,0.00267905970548462,0.0734456783208691
"chr10:29473989:29480537:clu_9037:ENSG00000197321.14",-0.000586158922826439,0.00400691219931686,0.883694875644833
"chr10:101804019:101806045:clu_10193:ENSG00000198408.13",-0.00163301149279578,0.00425240246647315,0.700962944735522
"chr10:102138980:102139100:clu_10215:ENSG00000148840.10",-0.022396075215824,0.00496388559631248,6.42787970794867e-06
"chr10:100156234:100164004:clu_10116:ENSG00000107566.13",0.00698487526814598,0.00392763687322645,0.0753396095974136
"chr10:99747390:99750369:clu_10105:ENSG00000119929.12",0.00548095563318583,0.00426951360536602,0.1992321043037
"chr10:70539762:70541102:clu_9501:ENSG00000107719.8",-0.00355377244459167,0.00293284143637209,0.225620909828302
"chr10:72335931:72336524:clu_9547:ENSG00000148719.14",-0.00339338283068296,0.00442409676630544,0.443067994443714
"chr10:70539247:70539580:clu_9501:ENSG00000107719.8",0.00323913747728776,0.0028542990790386,0.256447544405221
"chr10:101579838:101580248:clu_10183:ENSG00000166169.16",0.00466365759518019,0.0042542583651574,0.272976905365262
"chr10:102686001:102689893:clu_10271:ENSG00000138175.8",0.0147618544245188,0.00487989494998071,0.00248604119937557
"chr10:102489138:102502600:clu_10260:ENSG00000138107.12",-0.00252548764233806,0.00694601737404768,0.716165788178219
"chr10:101624810:101626689:clu_10186:ENSG00000107829.13",0.00930465082738181,0.00928056784771512,0.316056314121415
"chr10:101587406:101587885:clu_10184:ENSG00000166169.16",-0.00575201909971194,0.00463488612725831,0.214595752984203
"chr10:94341745:94344415:clu_9941:ENSG00000173145.11",0.0010166186468922,0.00444602269197072,0.819134742794238
"chr10:73534770:73536269:clu_9610:ENSG00000166348.18",0.0113853076535581,0.00897441593748304,0.204569307411017
"chr10:73530835:73536269:clu_9610:ENSG00000166348.18",-0.0171896081930534,0.00806559016963974,0.0330703981846227
"chr10:121911151:121913790:clu_10538:ENSG00000107669.17",0.0123871631080427,0.00322449766927937,0.000122245289161937
"chr10:48420320:48424514:clu_9272:ENSG00000107643.15",-0.00322692553579925,0.00461359924640151,0.484278495026198
"chr10:92475994:92479277:clu_9896:ENSG00000119912.15",8.13779340940305e-05,0.00377240969633198,0.982789472260139
"chr10:93687449:93692646:clu_9926:ENSG00000148690.11",0.00844961860923288,0.00359048951881528,0.0186059474864999
"chr10:92475994:92478645:clu_9896:ENSG00000119912.15",0.0131647898135593,0.00542132174799686,0.0151682908374629
"chr10:93601046:93601171:clu_9923:ENSG00000138207.13",0.00164951259846043,0.00455022558434662,0.716969257238326
"chr10:97437750:97438670:clu_10016:ENSG00000171311.12",-0.00501327998716244,0.002854799210322,0.0790733029685088
"chr10:97476744:97477347:clu_10033:ENSG00000155229.20",0.00414040067245525,0.00384264902006657,0.281263184476072
"chr10:5932860:5936456:clu_8705:ENSG00000134452.19",0.000976218229120253,0.00296604149591025,0.742056157616933
"chr10:69872210:69887456:clu_9476:ENSG00000197467.13",0.00487052909453681,0.00276031876545815,0.0776510875921785
"chr10:12237266:12238457:clu_8785:ENSG00000151465.13",-0.00247397426861516,0.00256905694497496,0.335552908696097
"chr10:246973:247398:clu_8621:ENSG00000015171.19",0.00133082160886631,0.00487425277061202,0.78482946475624
"chr10:132365550:132365647:clu_10711:ENSG00000148814.17",0.00972180903160565,0.00358173095536878,0.00664206536523826
"chr10:310092:327006:clu_8623:ENSG00000151240.16",-0.000751758636730486,0.00358174342761668,0.833756467143546
"chr10:73821730:73824040:clu_9658:ENSG00000148660.20",-0.00327023426838171,0.00670800549112051,0.625895425288544
"chr10:32048551:32055848:clu_9076:ENSG00000170759.10",-0.0061400131915211,0.00446003273406815,0.168612915940656
"chr10:69319010:69343827:clu_9467:ENSG00000156515.21",0.000729532299854624,0.00326489002937486,0.823187051925745
"chr10:68394451:68396780:clu_9427:ENSG00000204130.12",0.011797285736879,0.0061309788576712,0.054328370216041
"chr10:70851210:70854708:clu_9510:ENSG00000166224.16",-0.00238257128546127,0.00258534338996522,0.356753643955679
"chr10:34974339:34974658:clu_9115:ENSG00000283000.1",-0.00309743806234263,0.00427218345022903,0.468436943890383
"chr10:34372536:34374874:clu_9110:ENSG00000148498.15",-0.00957250410430885,0.00466755215309914,0.0402804135283399
"chr10:34974282:34974658:clu_9115:ENSG00000283000.1",0.00452825968487432,0.0039346857400934,0.249791168932658
"chr10:98431291:98433940:clu_10078:ENSG00000107521.18",-0.000417647921353857,0.00372368831323365,0.910696748748165
"chr10:98429642:98430571:clu_10079:ENSG00000107521.18",0.00186607337300412,0.00374320425670874,0.618115470195039
"chr10:131934555:131940031:clu_10682:ENSG00000175470.18",-0.000686321389103828,0.00294088833039489,0.815472448721478
"chr10:92928422:92934144:clu_9902:ENSG00000138190.16",0.00871529646315489,0.00463909275037109,0.0602903886763702
"chr10:78945989:78961254:clu_9730:ENSG00000224596.7",-0.000333677064786936,0.00329632504909249,0.919370271353818
"chr10:45988847:46003203:clu_9229:ENSG00000265354.3",0.0657670154605333,0.00582883826447721,0
"chr10:46040091:46045648:clu_9232:ENSG00000263639.5",-0.0310967907084549,0.00722960351193638,1.69788694105444e-05
"chr10:133456554:133457279:clu_10762:ENSG00000214279.13",-0.00032079729117417,0.0050749596983725,0.949597855793916
"chr10:133310229:133311716:clu_10740:ENSG00000198546.14",0.00373904104734562,0.00481919615137758,0.437829260612455
"chr10:133467353:133469328:clu_10760:ENSG00000214279.13",-0.00709443823900246,0.00413927969655818,0.0865414677064028
"chr10:129840442:129840844:clu_10673:ENSG00000108001.13",-0.0032716312744529,0.00342512189599775,0.339483232358869
"chr10:98423887:98424335:clu_10076:ENSG00000107521.18",-0.0123081720542761,0.00316024281105314,9.83236281626443e-05
"chr10:98442957:98443124:clu_10081:ENSG00000107521.18",0.0139401025216123,0.00443576596334428,0.00167420409313324
"chr10:97619683:97633347:clu_10039:ENSG00000171160.17",0.000648283950260155,0.00332597041811018,0.845458920024122
"chr10:97461622:97461828:clu_10026:ENSG00000155229.20",0.00325488482838394,0.00362286553523426,0.368957268625181
"chr10:97451918:97452415:clu_10018:ENSG00000171307.18",0.000659927455866421,0.00500369631693858,0.89507288727725
"chr10:98434091:98435635:clu_10080:ENSG00000107521.18",-0.00923410163379897,0.00347398518984537,0.00785891770808844
"chr10:97437750:97441171:clu_10016:ENSG00000171311.12",-0.00232130655476139,0.00412961501430198,0.574039646956994
"chr10:98430670:98431131:clu_10078:ENSG00000107521.18",0.00965481740584462,0.00387457473472514,0.0127083538550886
"chr10:98435414:98435635:clu_10080:ENSG00000107521.18",0.00178500704095713,0.00405444810920395,0.659749573072686
"chr10:97476744:97476835:clu_10033:ENSG00000155229.20",-0.0103306816562736,0.00399727132540198,0.00975391309264617
"chr10:133556822:133557067:clu_10770:ENSG00000171772.15",-0.00288092441318213,0.00399124698886217,0.470410926975603
"chr10:133398515:133399170:clu_10756:ENSG00000148824.18",-0.00721581055654882,0.00451548597394611,0.110039824265237
"chr10:133467353:133491222:clu_10760:ENSG00000214279.13",0.000541227571826012,0.00411061299705564,0.895248556191449
"chr10:133557156:133557864:clu_10770:ENSG00000171772.15",0.00308708512039614,0.00361455813758232,0.393066289090807
"chr10:133362933:133364699:clu_10750:ENSG00000127884.4",-0.00586761505846991,0.00442260779156234,0.184597368155658
"chr10:27181066:27181480:clu_9005:ENSG00000120539.14",-0.000279867711310077,0.00406126582247292,0.945060105454287
"chr10:27171083:27173118:clu_9005:ENSG00000120539.14",0.00750052063340302,0.00351878577207706,0.0330426226841969
"chr10:88573061:88581567:clu_9835:ENSG00000184719.11",-0.00627083567827192,0.00396947821933411,0.114161102391174
"chr10:88880638:88901656:clu_9838:ENSG00000138134.11",0.00922546336838603,0.00418652678126086,0.0275519332487058
"chr10:87170672:87170840:clu_9813:ENSG00000122376.11",-0.0031425602489536,0.00488836082752888,0.520311148772448
"chr10:86681803:86691896:clu_9790:ENSG00000122367.19",-0.00110058073626177,0.00361496381171537,0.7607840255731
"chr10:87776427:87784470:clu_9825:ENSG00000138138.13",-0.00833824944228279,0.00402725431814529,0.0384097419091033
"chr10:127343746:127354669:clu_10651:ENSG00000150760.12",0.000130290462313604,0.00377611083805133,0.972475351125586
"chr10:127343746:127344199:clu_10651:ENSG00000150760.12",-0.000775750491672114,0.00383556951939657,0.839719950093048
"chr10:95755766:95823237:clu_9975:ENSG00000138185.18",0.00741615965053543,0.00451078509049252,0.100156560593953
"chr10:42638553:42644993:clu_9167:ENSG00000196693.14",-0.00198197700411672,0.00426234538006499,0.641933741150075
"chr10:42798625:42802137:clu_9171:ENSG00000165733.7",0.0145575612801283,0.00470652317375273,0.00198103693423179
"chr10:97446353:97451671:clu_10018:ENSG00000171307.18",-0.00357660723191853,0.00347023859053399,0.302704191905725
"chr10:124046724:124092324:clu_10587:ENSG00000182022.17",0.00350207974427071,0.00296577963503,0.237670507895578
"chr10:70162759:70170413:clu_9494:ENSG00000079332.14",0.00041066857743959,0.00318904960832982,0.897536006967536
"chr10:98620708:98641847:clu_10087:ENSG00000172987.12",0.00964771667625624,0.00806532379030555,0.231619664497213
"chr10:103588939:103611581:clu_10316:ENSG00000107957.16",0.00903092054220887,0.0053690698669972,0.0925636022180469
"chr10:102405536:102407223:clu_10245:ENSG00000059915.16",0.0169508965369153,0.00773231945801191,0.0283640807314651
"chr10:103661114:103668608:clu_10322:ENSG00000107957.16",-0.0127583310009728,0.00452229911280626,0.00478436799489446
"chr10:103611630:103612853:clu_10318:ENSG00000107957.16",0.00261910363532872,0.00468976521425045,0.576521962542983
"chr10:101624810:101627985:clu_10186:ENSG00000107829.13",0.010221600249153,0.00698875995593907,0.143583133953632
"chr10:110298790:110300547:clu_10368:ENSG00000119953.12",0.0134848881617436,0.00457127705109891,0.00317859245425167
"chr10:32686080:32711620:clu_9088:ENSG00000216937.13",0.000810685034553725,0.00512292131250948,0.874262461036914
"chr10:48454161:48455054:clu_9277:ENSG00000128805.14",0.000814276198318585,0.00423335518092068,0.847469844500894
"chr10:87925557:87927548:clu_9829:ENSG00000171862.10",-0.00203494883533214,0.00455705373788956,0.655200560153271
"chr10:87288495:87326630:clu_9817:ENSG00000223482.7",0.00827169967247039,0.0037479359172604,0.0273139642187286
"chr10:24466790:24473228:clu_8957:ENSG00000120549.17",0.00530532341487323,0.00416153455201587,0.202363097201187
"chr10:98403931:98407582:clu_10068:ENSG00000119943.12",0.0017340755523003,0.00498295672276472,0.727839186851853
"chr10:114445403:114447880:clu_10434:ENSG00000099204.18",0.0054374993978912,0.00506611905740631,0.283133541522106
"chr10:77985340:77985903:clu_9722:ENSG00000148606.12",-0.000563001264415007,0.00323197511416681,0.861710425413738
"chr10:75235178:75235835:clu_9686:ENSG00000165644.10",-0.000840696037341851,0.00507529666667254,0.868436560920443
"chr10:75220970:75222226:clu_9683:ENSG00000165637.13",-0.00418701693479174,0.00895210905537987,0.639989910985491
"chr10:75220970:75222252:clu_9683:ENSG00000165637.13",0.00137160913695725,0.00842613161819605,0.870691335191553
"chr10:21670704:21673350:clu_8930:ENSG00000078403.16",0.0135657537380446,0.0072124539143258,0.0599883685521732
"chr10:21756755:21759170:clu_8937:ENSG00000136770.10",0.000584041212416783,0.00406301386941466,0.885701197084826
"chr10:102398864:102399288:clu_10239:ENSG00000077150.18",0.0195926468370099,0.00876066034013086,0.0253232949014528
"chr10:45742073:45743390:clu_9212:ENSG00000172661.17",-0.0378679633519317,0.00377374050774088,0
"chr10:46398793:46450048:clu_9240:ENSG00000264230.7",-0.0136217465023301,0.00394706379519169,0.00055828850983064
"chr10:13108289:13108962:clu_8790:ENSG00000123240.16",0.000897596968441239,0.00271139022961131,0.740609160613536
"chr10:13108289:13109112:clu_8790:ENSG00000123240.16",0.00383133686943761,0.00274401659627923,0.162638819180583
"chr10:92008275:92008829:clu_9886:ENSG00000095564.13",-0.00349800812594302,0.00648715940233633,0.589734845543658
"chr10:6097188:6101271:clu_8715:ENSG00000134453.15",-0.00632333514820633,0.00316735811935494,0.0458896660319752
"chr10:104018289:104018784:clu_10332:ENSG00000065613.13",0.000583331766642988,0.00455303856320755,0.898054623029133
"chr10:124806921:124816576:clu_10602:ENSG00000165660.7",-0.00423760423364281,0.00293668851531545,0.149024048650921
"chr10:75123890:75150514:clu_9678:ENSG00000156671.12",0.00184924271155432,0.00519309008617879,0.721768080847083
"chr10:73825347:73837468:clu_9658:ENSG00000148660.20",0.000838796423825652,0.00589850945562478,0.886918231581396
"chr10:74589317:74600379:clu_9672:ENSG00000156110.13",-0.00607854054676675,0.00709507554903197,0.391595952679769
"chr10:73743230:73744217:clu_9621:ENSG00000242338.6",0.0058304920891689,0.00534091726000042,0.27498040341976
"chr10:74600493:74670183:clu_9672:ENSG00000156110.13",0.0077872223792611,0.00701825306902696,0.267185634983761
"chr10:73824084:73825279:clu_9658:ENSG00000148660.20",-0.00523614005395546,0.00654180840917687,0.423472298751621
"chr10:100167406:100174208:clu_10116:ENSG00000107566.13",-0.000148095560268083,0.00391741537992586,0.969843631654557
"chr10:100999952:101002497:clu_10169:ENSG00000107816.17",-0.00530584993735828,0.00509747796395083,0.297932422017815
"chr10:32935558:32953593:clu_9097:ENSG00000150093.18",-0.00174059839573766,0.00642533076591777,0.786470783060598
"chr10:67891554:67906790:clu_9406:ENSG00000096717.11",0.00402765757940531,0.00496068669694432,0.416840217017632
"chr10:120905416:120905876:clu_10530:ENSG00000120008.15",-0.00471064790570268,0.00378955656676785,0.213845557095485
"chr10:132117574:132133312:clu_10691:ENSG00000188385.11",0.00517158264678576,0.00268437747421928,0.0540359568852711
"chr10:102160343:102160452:clu_10221:ENSG00000166197.16",-0.00420244352323726,0.00459002178385894,0.359897355834353
"chr10:102108323:102109029:clu_10208:ENSG00000198728.10",0.00441601674005598,0.00557972586389083,0.428687432471417
"chr10:101587200:101588204:clu_10184:ENSG00000166169.16",0.00566058970779697,0.00485799300803439,0.2439333594403
"chr10:101583681:101584602:clu_10184:ENSG00000166169.16",0.0121066957054697,0.00406959293883539,0.00293069125173273
"chr10:102108323:102109035:clu_10208:ENSG00000198728.10",-0.00762747072181374,0.005403558750156,0.158078285000056
"chr10:101793998:101797980:clu_10191:ENSG00000198408.13",0.00648524403831493,0.0049244044979803,0.187852013024152
"chr10:68332216:68337199:clu_9420:ENSG00000096746.17",-0.0153065434849786,0.00541815399902561,0.00472735781083733
"chr10:91783160:91797813:clu_9873:ENSG00000228701.1",0.00705039038104795,0.00545135111643446,0.195897301538491
"chr10:133459326:133459487:clu_10764:ENSG00000214279.13",-0.015290095978942,0.00486608979030847,0.00167698914457726
"chr10:73210438:73228060:clu_9575:ENSG00000138286.14",0.00529289390986981,0.00740538709731447,0.474772425547707
"chr10:101828459:101828627:clu_10196:ENSG00000120049.18",-0.00917551325125723,0.00473935988091516,0.0528647932090167
"chr10:102689943:102699373:clu_10271:ENSG00000138175.8",-0.00638095091749082,0.00543749091728836,0.240591278988327
"chr10:42594696:42631929:clu_9165:ENSG00000196693.14",-0.0067357420306263,0.00458885018640468,0.142145073913724
"chr10:42632024:42632295:clu_9166:ENSG00000196693.14",0.0107276951572584,0.00480901583771703,0.0256979268418691
"chr10:42636972:42638474:clu_9166:ENSG00000196693.14",-4.96061455664213e-05,0.00530426127866532,0.992538187951733
"chr10:42793991:42796474:clu_9170:ENSG00000165733.7",-0.00857212279557121,0.00448395615781913,0.0559105684398753
"chr10:42523305:42523612:clu_9161:ENSG00000234420.7",-0.0067357027619098,0.00515980623355503,0.191750629733584
"chr10:42523324:42523612:clu_9161:ENSG00000234420.7",0.00549620400475298,0.00494192114373111,0.266069625095207
"chr10:102716711:102726612:clu_10269:ENSG00000156398.12",0.0100793368293464,0.00473327812270442,0.0332160393308952
"chr10:5921569:5923621:clu_8709:ENSG00000134452.19",-0.00378001951545959,0.00268973730203209,0.159917536653655
"chr10:98435772:98443124:clu_10081:ENSG00000107521.18",-0.0123314019814673,0.0044959664152348,0.00609233340239868
"chr10:97738649:97743094:clu_10046:ENSG00000155256.17",-0.00711910388174611,0.00349056258585227,0.0413972524862949
"chr10:24589302:24591642:clu_8963:ENSG00000107863.17",-0.00532357811529544,0.00395025927278132,0.177770067943948
"chr10:95606943:95610197:clu_9965:ENSG00000059573.8",-0.0137923758651548,0.00681999898082688,0.0431409494393853
"chr10:31319292:31461037:clu_9068:ENSG00000148516.21",-0.0028290841633647,0.00398410157180494,0.477646229376525
"chr10:100997234:101002497:clu_10169:ENSG00000107816.17",0.00684375004893979,0.00482461144256206,0.156042497407406
"chr10:49064736:49077219:clu_9283:ENSG00000165633.12",0.00505524981564627,0.00504352291955147,0.316186584476724
"chr10:101585478:101585862:clu_10184:ENSG00000166169.16",-0.00651184096005358,0.00486171319421098,0.180436319494363
"chr10:37829688:37831232:clu_9129:ENSG00000198105.13",0.0105227478849482,0.00711903307836748,0.13937706349122
"chr10:73208786:73210251:clu_9575:ENSG00000138286.14",-0.00928745479013581,0.00687511534080626,0.176733923460332
"chr10:33180365:33182698:clu_9098:ENSG00000099250.17",0.000145959081235763,0.00350509422413997,0.966784103033162
"chr10:37803692:37803833:clu_9129:ENSG00000198105.13",0.0297322422607889,0.0110774269010181,0.00727386905687444
"chr10:68754077:68754714:clu_9444:ENSG00000060339.13",-0.00736023256623063,0.00387487369448673,0.057501818202727
"chr10:68754077:68754679:clu_9444:ENSG00000060339.13",0.0105251472258458,0.00407912830035063,0.00987304648532916
"chr10:79432758:79445195:clu_9741:ENSG00000165424.6",0.0016177786609903,0.0043453099695615,0.709666113355953
"chr10:120890887:120900029:clu_10528:ENSG00000120008.15",0.000111148134677719,0.00347702421421225,0.974498803030144
"chr10:35010442:35013699:clu_9116:ENSG00000108094.14",0.0102574052849919,0.00499351891395932,0.0399617881407397
"chr10:97381483:97381715:clu_10011:ENSG00000052749.13",-0.00283457921416839,0.00418558492095433,0.498263743756907
"chr10:97441259:97443237:clu_10017:ENSG00000171311.12",0.00795920147855261,0.00431528578409394,0.0651218848656684
"chr10:97715070:97715321:clu_10044:ENSG00000155254.12",-0.00765729153257502,0.00433380523690284,0.077249187694136
"chr10:124497024:124498036:clu_10590:ENSG00000107902.13",-0.00242143559598503,0.0032058694823001,0.450061069397437
"chr10:59684327:59709479:clu_9351:ENSG00000165449.11",0.00280580878395734,0.0033735778733294,0.405577620069247
"chr10:70816126:70816811:clu_9509:ENSG00000166224.16",-0.00170080046816317,0.00281395940480717,0.545567483378993
"chr10:69941023:69944125:clu_9484:ENSG00000197467.13",-0.0041767088729958,0.00281137414691743,0.137372581646294
"chr10:69930552:69932560:clu_9483:ENSG00000197467.13",-0.00185321169693319,0.00294276962354662,0.528857601793611
"chr10:72128167:72133057:clu_9541:ENSG00000138303.17",0.0075795338748599,0.00388781187351446,0.0512282363628247
"chr10:73530835:73534600:clu_9610:ENSG00000166348.18",0.00650412315896559,0.00762469560254102,0.39364055370776
"chr10:30941651:31031833:clu_9066:ENSG00000183621.15",-0.00419590987931766,0.00362600697652793,0.247202530459233
"chr10:37853702:37856296:clu_9131:ENSG00000198105.13",0.00693522472474158,0.00796403966242642,0.383853834777246
"chr10:27114607:27116219:clu_8998:ENSG00000136758.18",0.0120278751833493,0.00422696918686917,0.0044340627641114
"chr10:129841032:129842116:clu_10673:ENSG00000108001.13",0.00430699371522018,0.00275568526898915,0.11806474639884
"chr10:132150035:132152958:clu_10694:ENSG00000188385.11",-0.00321289365881239,0.0023760215167748,0.176306314559117
"chr10:132150041:132152958:clu_10694:ENSG00000188385.11",0.00319480594396422,0.00236111102177324,0.176025495747001
"chr10:45459877:45461231:clu_9199:ENSG00000165406.15",0.00696708035130855,0.00618681019848323,0.26011543753074
"chr10:45751553:45752588:clu_9214:ENSG00000172661.17",0.0293044893455721,0.00465085502553274,2.95956370521822e-10
"chr10:45618260:45624583:clu_9203:ENSG00000172671.19",-0.0383201578072461,0.00422489558080348,0
"chr10:133380396:133381460:clu_10752:ENSG00000148832.15",-0.0106825468585439,0.00449472191630848,0.0174689073402058
"chr10:133399619:133401529:clu_10757:ENSG00000148824.18",0.00872396884159571,0.00421620220331159,0.0385317003248491
"chr10:132349057:132351607:clu_10707:ENSG00000148814.17",0.00200165651376476,0.00344904582229866,0.561678074158851
"chr10:132397351:132404626:clu_10712:ENSG00000171813.13",-0.00138393967168785,0.00355327397606728,0.696918912257677
"chr10:92081501:92111076:clu_9887:ENSG00000107864.14",0.00121454835926776,0.0042606990736466,0.775599346660335
"chr10:92456431:92461191:clu_9894:ENSG00000119912.15",-0.0101779413707148,0.00409926211954119,0.0130328066594789
"chr10:92181019:92192477:clu_9889:ENSG00000107864.14",0.00993220478062327,0.00477118499128813,0.0373693254131915
"chr10:93676691:93681480:clu_9925:ENSG00000148690.11",-0.00502263363515982,0.0034221771476683,0.14219333550006
"chr10:93460351:93482107:clu_9922:ENSG00000138119.16",-0.0010455923746319,0.00448605251693238,0.815702183547131
"chr10:93356848:93359833:clu_9914:ENSG00000138119.16",0.00746464811922101,0.00558314355128858,0.181223502636742
"chr10:94344515:94344853:clu_9941:ENSG00000173145.11",-0.000808980504404104,0.00418984407490848,0.846895304326565
"chr10:93381396:93387797:clu_9916:ENSG00000138119.16",0.0026971599866181,0.00410493954362171,0.511147285480407
"chr10:94259150:94262494:clu_9933:ENSG00000138193.15",-0.00163043543274719,0.0036174831031217,0.652198649160994
"chr10:94262732:94265647:clu_9933:ENSG00000138193.15",0.00166875317770691,0.00360416595397738,0.643359526231094
"chr10:96230834:96242735:clu_9993:ENSG00000095585.16",0.00493024973056634,0.00529978369621273,0.352229357883622
"chr10:95876660:95897528:clu_9980:ENSG00000226688.6",-0.0060296949455496,0.00499180682251518,0.227078679372525
"chr10:97468406:97468966:clu_10030:ENSG00000155229.20",0.00239401227648211,0.00342712509913379,0.484834387690886
"chr10:97476963:97477347:clu_10033:ENSG00000155229.20",0.00518593628135036,0.0035361256827412,0.142496111335371
"chr10:98156147:98162883:clu_10053:ENSG00000166024.13",0.00456263411669513,0.00450148636770397,0.310781342365658
"chr10:98445404:98446807:clu_10082:ENSG00000107521.18",0.000782779966925645,0.00421051280804497,0.852514682435215
"chr10:98163397:98208101:clu_10054:ENSG00000166024.13",-0.00908137353809703,0.00353137934089804,0.0101223283038595
"chr10:99143728:99144238:clu_10090:ENSG00000172987.12",0.00253891531772181,0.00475779170802302,0.593595376855549
"chr10:98407997:98408455:clu_10074:ENSG00000119943.12",0.0022360986753624,0.00421158453798743,0.595460361055164
"chr10:102729394:102729723:clu_10275:ENSG00000156398.12",-0.0161763668462497,0.00543700341888564,0.00292763478001801
"chr10:103735808:103767094:clu_10323:ENSG00000107957.16",0.0132848378535023,0.00574375196275124,0.0207270469552685
"chr10:110006151:110100625:clu_10361:ENSG00000148700.14",-0.00920632814036567,0.00476053379421848,0.0531271849912829
"chr10:112153666:112154629:clu_10379:ENSG00000119927.13",-0.00637569051449849,0.00381743515336838,0.0948896278608165
"chr10:117545816:117548065:clu_10461:ENSG00000170370.11",-0.001614638379434,0.00388499709090685,0.677696399183471
"chr10:84425048:84425731:clu_9777:ENSG00000107771.15",0.00605628649353362,0.00480878080541473,0.207877785534183
"chr10:84417861:84425731:clu_9777:ENSG00000107771.15",-0.00684990765899811,0.00457152339685043,0.134032934711384
"chr10:119527424:119542590:clu_10493:ENSG00000148908.14",-0.00612979421045675,0.00382740217434668,0.109254099335755
"chr10:121973599:121974004:clu_10543:ENSG00000107672.14",0.000159367432188222,0.00384720099903747,0.9669576773244
"chr10:121963328:121965286:clu_10542:ENSG00000107672.14",0.000567565994564413,0.00382385372061533,0.882005203250855
"chr10:87961118:87965287:clu_9832:ENSG00000171862.10",0.00480317025204494,0.00566425711551575,0.39644974789791
"chr10:42614358:42631929:clu_9165:ENSG00000196693.14",0.0030109424386609,0.00490609559637611,0.539403946611603
"chr10:45652033:45663542:clu_9205:ENSG00000172671.19",-0.0269142996008388,0.00679937328305788,7.54692962624537e-05
"chr10:45639963:45648294:clu_9204:ENSG00000172671.19",-0.000551419445226058,0.00485401913459461,0.909554418376036
"chr10:45624637:45625951:clu_9203:ENSG00000172671.19",-0.0117846751303648,0.00502493757843492,0.019014931565589
"chr10:125885676:125896218:clu_10637:ENSG00000089876.11",-0.00352385588379029,0.00387087666848377,0.36263750691785
"chr10:124038671:124042301:clu_10586:ENSG00000182022.17",-0.000764154260006321,0.00288171103901945,0.790875578996911
"chr10:5685175:5712823:clu_8692:ENSG00000108021.19",-0.00142508008532393,0.00260827707672641,0.584812750310891
"chr10:6145013:6213623:clu_8718:ENSG00000170525.19",0.00120295345237317,0.00277651637939737,0.6648259029975
"chr10:5714207:5717659:clu_8693:ENSG00000108021.19",0.00234085193907902,0.00266707017269638,0.380113780276146
"chr10:5786050:5796763:clu_8694:ENSG00000057608.16",0.0044774229389842,0.0027377489890287,0.101956939910962
"chr10:11823470:11851997:clu_8761:ENSG00000148426.12",-0.00297381795245608,0.00360746627041293,0.409740222911901
"chr10:13109015:13109112:clu_8790:ENSG00000123240.16",-0.00385899245019282,0.00317079849424739,0.223588535203357
"chr10:15128458:15130142:clu_8850:ENSG00000152465.17",0.0048103870572469,0.00334922768838969,0.150926223085448
"chr10:15608290:15613660:clu_8864:ENSG00000077943.7",-0.00471884083094676,0.00401627209156707,0.240022496798718
"chr10:130159834:130159995:clu_10677:ENSG00000108010.11",0.0066454260894842,0.00326649817981717,0.0419093638145173
"chr10:45962994:45963885:clu_9226:ENSG00000239883.8",-0.0883180175961921,0.0054671933289079,0
"chr10:46045781:46046235:clu_9232:ENSG00000263639.5",0.0165582738415219,0.00865995206782456,0.0558695961740681
"chr10:63217331:63264651:clu_9394:ENSG00000171988.18",0.00524275865076194,0.00485338424632901,0.280040929328515
"chr10:68396881:68401620:clu_9427:ENSG00000204130.12",-0.00600511325606936,0.00529530875491588,0.256776081253642
"chr10:69011015:69015541:clu_9458:ENSG00000198954.7",0.00101035584858586,0.00385844325092599,0.79343259647171
"chr10:67956976:67966683:clu_9411:ENSG00000148634.15",-0.000848242055205391,0.00767614337545637,0.912009935245312
"chr10:68480264:68483420:clu_9435:ENSG00000122912.14",0.00474505959028062,0.00470980830014718,0.313701928176058
"chr10:68480264:68483420:clu_9435:ENSG00000138346.14",0.0046738251692812,0.00463755879898037,0.313540814286214
"chr10:70541534:70547306:clu_9502:ENSG00000107719.8",0.00264067816016724,0.00286623012495471,0.356890116069838
"chr10:72334617:72335780:clu_9547:ENSG00000148719.14",0.0110237493529948,0.00469780781580221,0.0189469502432005
"chr10:72220379:72230366:clu_9546:ENSG00000166295.8",0.00512050026319901,0.00497838008926066,0.303692371552934
"chr10:73177973:73192556:clu_9571:ENSG00000138286.14",0.00578532369763841,0.00625257616705119,0.354825267798097
"chr10:73763983:73765451:clu_9626:ENSG00000176986.15",0.00774703725709818,0.00773758137600649,0.31671945797037
"chr10:75214070:75217946:clu_9681:ENSG00000165637.13",0.00540845177573498,0.005104260292198,0.289328613625399
"chr10:73744437:73746805:clu_9623:ENSG00000176986.15",0.00277036488433798,0.00812426070363003,0.733104324487121
"chr10:74112112:74114184:clu_9666:ENSG00000035403.17",0.022089664437408,0.00835143829236039,0.00816877328059618
"chr10:77012043:77019013:clu_9697:ENSG00000156113.22",0.00406050836881037,0.00415427500860009,0.328356871181533
"chr10:77012557:77019013:clu_9697:ENSG00000156113.22",-0.0046553779100596,0.00462190335216853,0.313818210137294
"chr10:78009991:78010471:clu_9726:ENSG00000148606.12",0.00874154981546432,0.00453469980598498,0.0538922051161972
"chr10:77835922:77837604:clu_9715:ENSG00000151208.16",0.00282593019998814,0.00353209382044866,0.423668946172911
"chr10:59814755:59832525:clu_9354:ENSG00000108091.10",-0.000600555605367133,0.0047129033087395,0.898601695958863
"chr10:29686651:29735755:clu_9050:ENSG00000197321.14",0.000723994594535483,0.00352123330258099,0.837096937674896
"chr10:31387266:31461037:clu_9068:ENSG00000148516.21",-0.00104737982406527,0.00372207195887277,0.778405930996594
"chr10:30845573:30848531:clu_9062:ENSG00000183621.15",-0.00628772609543084,0.00571903112102155,0.271576609255392
"chr10:31831800:31839637:clu_9072:ENSG00000165322.17",0.0111728556068033,0.00564719510520291,0.0478747216455666
"chr10:32463049:32472481:clu_9083:ENSG00000216937.13",0.00485780385684007,0.00525210205921488,0.355004588614242
"chr10:31839319:31839637:clu_9072:ENSG00000165322.17",-0.00963799034485805,0.00433398176492167,0.0261606346210821
"chr10:32471230:32472481:clu_9083:ENSG00000216937.13",-0.00317895896172511,0.00439437196147644,0.469424347707187
"chr10:24495196:24501379:clu_8958:ENSG00000120549.17",0.0099265020513303,0.00357943498156378,0.00555073767496062
"chr10:24209263:24219626:clu_8955:ENSG00000120549.17",-0.00117772752161687,0.00354450376243916,0.73968640123741
"chr10:24598009:24600646:clu_8964:ENSG00000107863.17",0.00226470722176071,0.00401217177129084,0.572441667375647
"chr10:27171083:27173121:clu_9005:ENSG00000120539.14",-0.00149574346152987,0.00365477264159833,0.68235063147623
"chr10:76877893:76887291:clu_9694:ENSG00000156113.22",0.000269806767863185,0.00304700908509862,0.929441081554814
"chr10:50092233:50093268:clu_9312:ENSG00000099290.15",-3.02939802767246e-05,0.00434491962901431,0.994436973436454
"chr10:48981478:48982509:clu_9282:ENSG00000128815.19",-0.00458897870469733,0.00482596069235851,0.341658015604031
"chr10:48454161:48455002:clu_9277:ENSG00000128805.14",-0.00241362906378108,0.00390277901322563,0.536286281080527
"chr10:47310721:47312601:clu_9254:ENSG00000266524.2",0.00476077385041736,0.00690504951231758,0.490532159185193
"chr10:48325965:48401612:clu_9271:ENSG00000107643.15",-0.00469042786335673,0.00444961873716814,0.291828416766014
"chr10:133399226:133399529:clu_10757:ENSG00000148824.18",0.00178323450746718,0.00470891202983119,0.704915460291174
"chr10:133402773:133419480:clu_10759:ENSG00000148824.18",-0.00620540409199287,0.00454410875880288,0.172066677183157
"chr10:133402773:133419480:clu_10759:ENSG00000214279.13",-0.00486868738724061,0.00459714395010632,0.289568877719425
"chr10:133355811:133356640:clu_10748:ENSG00000148803.11",-0.00029721347068984,0.00463990515513505,0.94892568720865
"chr10:133355844:133356640:clu_10748:ENSG00000148803.11",-0.00170829290225719,0.00515521812271062,0.740363810538357
"chr10:133467353:133497829:clu_10760:ENSG00000214279.13",-0.00886385792002502,0.00482325810892678,0.066101840384279
"chr10:133300547:133302792:clu_10738:ENSG00000130640.13",0.00343760202343422,0.00671114613533627,0.608495092140589
"chr10:133466381:133467198:clu_10760:ENSG00000214279.13",0.00339831526769105,0.00379195064170976,0.370150306751321
"chr10:133537892:133538780:clu_10766:ENSG00000130649.9",-0.00471577428779422,0.006118437969639,0.440856270196789
"chr10:133555707:133555780:clu_10768:ENSG00000171772.15",-0.0048119805277068,0.00641620856866684,0.453271216142021
"chr10:91240580:91248505:clu_9864:ENSG00000180628.14",0.00243894817452932,0.00479961231313912,0.611344474072873
"chr10:92349837:92351091:clu_9893:ENSG00000198060.9",-0.00329093118371161,0.00497154087535273,0.508000726445131
"chr10:92349787:92351091:clu_9893:ENSG00000198060.9",0.00341174923305904,0.00508245087020246,0.502041970997404
"chr10:92690347:92692368:clu_9899:ENSG00000152804.10",-0.0079645120579495,0.00425735304169754,0.0613774981613955
"chr10:95268862:95271633:clu_9952:ENSG00000107438.8",-0.0119175367832538,0.00653895976462436,0.0683726021067794
"chr10:98400257:98407582:clu_10068:ENSG00000119943.12",0.00373493029817291,0.00353430370766094,0.290618613785526
"chr10:100286332:100286605:clu_10129:ENSG00000196072.11",0.00112039551333205,0.00449764369139823,0.803277845267203
"chr10:100192693:100193298:clu_10119:ENSG00000213341.10",0.00331733134407519,0.00469734231795164,0.480054742849992
"chr10:100262063:100267571:clu_10126:ENSG00000095485.16",0.00579945646337042,0.00389702698805039,0.136704861749433
"chr10:101031534:101032314:clu_10173:ENSG00000107819.13",0.00231869844203143,0.00494968018254509,0.639459820289102
"chr10:100509102:100509316:clu_10147:ENSG00000075826.16",0.0142899563237691,0.00403402220175117,0.000396564818169409
"chr10:101002946:101003507:clu_10170:ENSG00000107816.17",-0.00211297590614669,0.00613199723957926,0.730408635753619
"chr10:100246935:100250248:clu_10124:ENSG00000095485.16",0.0059737151424795,0.00387961165932247,0.123616081472481
"chr10:101004166:101005458:clu_10170:ENSG00000107816.17",0.000203321247654615,0.00487495978924512,0.966732061084466
"chr10:101939938:101975212:clu_10199:ENSG00000120029.12",-0.00645852950293848,0.00463989576531672,0.163935803741813
"chr10:102143098:102144250:clu_10216:ENSG00000148840.10",0.0137758360321562,0.00539086660320298,0.0106064955839781
"chr10:102148938:102149178:clu_10218:ENSG00000148840.10",-0.00795039849400826,0.00823843561612554,0.334526079069333
"chr10:100490322:100490706:clu_10137:ENSG00000075826.16",0.00767397785433356,0.00452134751664493,0.0896443575921012
"chr10:102810054:102812595:clu_10278:ENSG00000203886.4",0.0471830257350003,0.00789040690380058,2.23416873890159e-09
"chr10:102827070:102834177:clu_10278:ENSG00000203886.4",-0.0183431523431092,0.00531297721088618,0.000555379301019898
"chr10:102827070:102834177:clu_10278:ENSG00000166272.16",-0.0169916073364357,0.00558340851152676,0.00234051829670734
"chr10:102705489:102714273:clu_10272:ENSG00000138175.8",-0.0283126775735767,0.0051277228197691,3.3613422378842e-08
"chr10:103451182:103452156:clu_10313:ENSG00000138172.10",0.00480270329750747,0.00430101504243035,0.264146505301248
"chr10:102351951:102353600:clu_10223:ENSG00000107862.4",-0.00769494731450185,0.00687870694092185,0.26328440888254
"chr10:104257483:104259576:clu_10345:ENSG00000148834.12",0.0135293899673289,0.00556008804418277,0.0149616924946084
"chr10:103399830:103400397:clu_10300:ENSG00000148843.13",0.0307155685106495,0.00625796465109564,9.18991445941764e-07
"chr10:104018908:104019734:clu_10332:ENSG00000065613.13",0.00145255547366562,0.00414437606633676,0.725972241803344
"chr10:110245818:110279180:clu_10366:ENSG00000119950.20",0.011232465647445,0.00383886205487706,0.00343363795943552
"chr10:112154687:112155864:clu_10379:ENSG00000119927.13",0.00187558984997036,0.00359596273962451,0.601961318802584
"chr10:114951149:114959726:clu_10438:ENSG00000165832.5",-0.00469979609852727,0.00608326353695693,0.439772117867132
"chr10:114323261:114331803:clu_10432:ENSG00000169129.14",0.00576221304782636,0.0043754522685928,0.187858358934242
"chr10:114959807:114970368:clu_10438:ENSG00000165832.5",0.0051970899760509,0.00495487257770095,0.294231193792825
"chr10:119168533:119169177:clu_10486:ENSG00000165672.6",0.0034272974180447,0.00454190745971082,0.450492453014516
"chr10:119169342:119172382:clu_10486:ENSG00000165672.6",-0.00189002504208741,0.00442918764718809,0.669582937882829
"chr10:119453276:119454969:clu_10491:ENSG00000198873.11",0.006278727025616,0.00392577606891031,0.109740758541626
"chr10:120890009:120890716:clu_10528:ENSG00000120008.15",-0.00845043486697759,0.00331256832045007,0.0107407526534111
"chr10:121480113:121483698:clu_10531:ENSG00000066468.22",0.00277196759731259,0.00471872924743821,0.556908621875703
"chr10:122229486:122237395:clu_10552:ENSG00000138162.18",0.011122254837756,0.00406002264508231,0.00615408851023669
"chr10:87151126:87151350:clu_9810:ENSG00000122376.11",-0.00300304608556756,0.00384602308912572,0.434909235413911
"chr10:86838979:86843406:clu_9795:ENSG00000107779.13",-0.0111368949583433,0.00376375773301869,0.00308656178483546
"chr10:87203936:87246115:clu_9816:ENSG00000223482.7",-0.00392048538321316,0.00430310431412914,0.36225161902337
"chr10:27231820:27235092:clu_9007:ENSG00000107897.18",-0.00138209167007878,0.00369590204174596,0.70843968377908
"chr10:42550615:42551573:clu_9160:ENSG00000234420.7",0.00822699466430672,0.00549666405904282,0.134464821290256
"chr10:45827390:45828029:clu_9220:ENSG00000188234.13",-0.0400564385949369,0.00406185429456156,0
"chr10:45900426:45910549:clu_9224:ENSG00000239883.8",-0.0446449218142877,0.00514017491807889,0
"chr10:44982663:44983991:clu_9188:ENSG00000107551.20",0.00867308831596595,0.00440402347512185,0.0489122699838527
"chr10:45834116:45841653:clu_9221:ENSG00000188234.13",0.00732953200374731,0.00485956373885464,0.131485553695026
"chr10:45773358:45777273:clu_9218:ENSG00000172661.17",-0.023886300159466,0.00406054701658078,4.04035749301812e-09
"chr10:45985441:45988737:clu_9228:ENSG00000265354.3",-0.0578298972848147,0.00604469227802902,0
"chr10:45982930:45985383:clu_9228:ENSG00000265354.3",0.0484507085656134,0.00626090419442276,1.01030295240889e-14
"chr10:45777425:45778953:clu_9218:ENSG00000172661.17",0.0313921001592306,0.00426661453625856,1.87183601951801e-13
"chr10:45827390:45827513:clu_9220:ENSG00000188234.13",-0.00946293752246375,0.00436334387080672,0.030102791967951
"chr10:45533289:45594235:clu_9202:ENSG00000165406.15",-0.0137442620224365,0.00564524775315541,0.014905765457924
"chr10:45854628:45854803:clu_9222:ENSG00000239883.8",0.00657063797437367,0.00472346077865944,0.164205909239323
"chr10:45854628:45854803:clu_9222:ENSG00000188234.13",0.00727951802044908,0.00428473901120335,0.089330334262624
"chr10:43158931:43160494:clu_9176:ENSG00000169826.7",0.00711339927915741,0.00389676350224524,0.0679311245341871
"chr10:43155810:43158715:clu_9176:ENSG00000169826.7",-0.00296280929161265,0.00383119255416875,0.439321985510183
"chr10:124760503:124762476:clu_10598:ENSG00000203791.14",-0.000901647128019416,0.00263344117081938,0.732062211819178
"chr10:124974398:124981709:clu_10606:ENSG00000019995.6",0.00196366203246504,0.00370923924172474,0.59652972253742
"chr10:124517271:124526150:clu_10591:ENSG00000107902.13",-0.00114707075293673,0.00403204494959584,0.776035982456062
"chr10:4847230:4847488:clu_8677:ENSG00000165568.17",-0.00987291526343854,0.00266705421963292,0.000214070924697607
"chr10:4963528:4965914:clu_8680:ENSG00000187134.13",-0.00358590373895467,0.00355044632727134,0.31250163929231
"chr10:6228218:6232895:clu_8721:ENSG00000215244.2",-0.000897217903420878,0.00244712478780445,0.71388632609268
"chr10:6228218:6232895:clu_8721:ENSG00000170525.19",-0.00281941517013198,0.00243485346569218,0.246888363612822
"chr10:15597299:15604208:clu_8862:ENSG00000077943.7",-0.0154527503128801,0.00632728243183387,0.0145963878290504
"chr10:5966339:5968776:clu_8712:ENSG00000134470.20",-0.00160573261472515,0.00283533921796012,0.571170679568066
"chr10:12035441:12042755:clu_8770:ENSG00000151461.19",0.00160742267673943,0.00349395392955313,0.645474339195845
"chr10:5943789:5945655:clu_8710:ENSG00000232807.2",0.00196878841186932,0.00265864829394836,0.458983120912407
"chr10:46039071:46039986:clu_9231:ENSG00000263639.5",0.0775846182264043,0.00666509628166549,0
"chr10:59264166:59268553:clu_9342:ENSG00000148541.12",-0.00438865819529545,0.00402603948554033,0.275683039503347
"chr10:61760181:61760863:clu_9381:ENSG00000183346.6",0.00478394349331888,0.00483917648660157,0.32286560039534
"chr10:45848912:45854803:clu_9222:ENSG00000239883.8",-0.0207119997605445,0.00529944789330728,9.2935684898876e-05
"chr10:45848912:45854803:clu_9222:ENSG00000188234.13",-0.0193806234951349,0.00506728640528538,0.000130955210501327
"chr10:45769618:45773256:clu_9217:ENSG00000172661.17",-0.0134892150911009,0.0051824613247099,0.0092450019426048
"chr10:67889123:67891402:clu_9406:ENSG00000096717.11",-0.00508101580486116,0.00538759243877107,0.345631903480812
"chr10:68493570:68496434:clu_9437:ENSG00000122912.14",-0.0193782823502347,0.00570048956356987,0.000675322186615923
"chr10:67988835:67990211:clu_9413:ENSG00000148634.15",-0.00458243518339988,0.00545673975803682,0.401034393544315
"chr10:68014186:68025546:clu_9415:ENSG00000148634.15",-0.00313771164521743,0.00550200351824226,0.568484219575413
"chr10:69191766:69195188:clu_9463:ENSG00000156502.13",0.00208044674839157,0.00341406182324361,0.542275356507551
"chr10:68722577:68736876:clu_9442:ENSG00000060339.13",0.0146832323948348,0.00360011798620691,4.53190169523721e-05
"chr10:68073686:68075144:clu_9416:ENSG00000148634.15",0.0136110441578756,0.00659142295333435,0.0389265064479779
"chr10:68420776:68422225:clu_9429:ENSG00000138346.14",0.00394538783160139,0.00448596397883632,0.379132345881889
"chr10:69199197:69200280:clu_9464:ENSG00000156502.13",0.00306208290831767,0.00358725291599744,0.393326068430014
"chr10:68721288:68722455:clu_9442:ENSG00000060339.13",-0.00706713998367009,0.00463510649857309,0.127334312950662
"chr10:72216138:72220054:clu_9546:ENSG00000166295.8",0.00260698062007831,0.00437622261465358,0.551365763244453
"chr10:72196989:72203427:clu_9543:ENSG00000138303.17",-0.00525199899654386,0.00625672252085399,0.40123537000966
"chr10:72072548:72072902:clu_9542:ENSG00000107742.12",0.00277290650268419,0.00527776220523991,0.599309072576675
"chr10:73177975:73192556:clu_9571:ENSG00000138286.14",-0.00438018713401608,0.00568857899292533,0.441301841685951
"chr10:73292014:73293263:clu_9587:ENSG00000156042.17",0.00322849553001568,0.00644374094100488,0.616351319642911
"chr10:73849333:73852254:clu_9661:ENSG00000148660.20",0.00464742280803281,0.00775419374268855,0.548944087107374
"chr10:73235318:73239312:clu_9579:ENSG00000138286.14",-0.00932575229675818,0.0080632696606965,0.247447248238262
"chr10:73273017:73274433:clu_9585:ENSG00000156042.17",-0.00581380906531747,0.00631182176199081,0.356999043999934
"chr10:73051249:73053351:clu_9559:ENSG00000122884.12",0.00657840495101734,0.00655559432876771,0.315629531341561
"chr10:73545672:73571421:clu_9613:ENSG00000166348.18",0.0094705871905666,0.0075404340363591,0.209125488590592
"chr10:73275598:73277240:clu_9586:ENSG00000156042.17",-0.00900519492328709,0.00588427104742107,0.125921679249948
"chr10:74138382:74138806:clu_9668:ENSG00000185009.12",0.0169181557224075,0.00638034045257536,0.00801097138185636
"chr10:74124524:74126148:clu_9667:ENSG00000185009.12",0.00694066006116901,0.00648870253102221,0.284775533970215
"chr10:76324485:76535798:clu_9693:ENSG00000148655.14",-0.00680694086279743,0.00514348049861844,0.185698593992007
"chr10:79313987:79315036:clu_9738:ENSG00000108175.16",-0.0139692035733614,0.00436782435897206,0.00138285293184104
"chr10:45972730:45975454:clu_9227:ENSG00000265354.3",-0.0520738467997974,0.00460184781372373,0
"chr10:58801046:58803077:clu_9338:ENSG00000122870.11",0.000356435283363791,0.00383446037019593,0.925938685540209
"chr10:58801046:58803080:clu_9338:ENSG00000122870.11",-0.00077654768453207,0.00443983996214444,0.861154728118469
"chr10:49942300:49943235:clu_9301:ENSG00000204152.10",0.00352868829641314,0.0042847591373414,0.410198624567019
"chr10:30909015:30941575:clu_9065:ENSG00000183621.15",-0.000999030490675101,0.00442819303461974,0.821507246234978
"chr10:32901635:32906465:clu_9092:ENSG00000150093.18",0.007131294721552,0.00487952466284312,0.143885613969645
"chr10:31831800:31843461:clu_9072:ENSG00000165322.17",-0.00231021801812466,0.00686275710029865,0.736394948731238
"chr10:33263873:33270675:clu_9105:ENSG00000099250.17",0.000293262945769342,0.00379891966896328,0.938467300578787
"chr10:34346449:34347965:clu_9109:ENSG00000148498.15",0.00903213765205539,0.00459060777385182,0.0491226641841573
"chr10:34450448:34470085:clu_9112:ENSG00000148498.15",0.00901001474797012,0.00442615272051978,0.0417873984358016
"chr10:34360259:34372498:clu_9110:ENSG00000148498.15",-0.0105344498706594,0.00497949068100592,0.0343815875616145
"chr10:35127193:35148368:clu_9121:ENSG00000095794.19",-0.00161348398226786,0.00627874818827945,0.797197744407619
"chr10:37831312:37833025:clu_9129:ENSG00000198105.13",0.00799164933072625,0.00651112533913132,0.21967839713811
"chr10:21904612:21918779:clu_8942:ENSG00000136770.10",-0.00131270911786938,0.00563850427696862,0.815907716543449
"chr10:22318306:22318959:clu_8945:ENSG00000148444.15",0.00188374207814078,0.00806159000814793,0.81524210980702
"chr10:21806099:21882282:clu_8940:ENSG00000136770.10",0.0159494909775157,0.00536091662897645,0.0029285246070484
"chr10:23110318:23119304:clu_8954:ENSG00000148450.12",0.00183047703172782,0.00507383639959736,0.718273001025177
"chr10:23110318:23119046:clu_8954:ENSG00000148450.12",0.00211280220925016,0.00599759649413184,0.724632172096201
"chr10:26735579:26742497:clu_8980:ENSG00000148459.15",-0.00436922122550242,0.00468417915334363,0.350943205922353
"chr10:26742577:26746333:clu_8981:ENSG00000148459.15",-0.0122948021110334,0.0059387236547769,0.0384264260319168
"chr10:49740837:49742828:clu_9295:ENSG00000197444.9",-0.00206931231517553,0.00462608985107185,0.654648740880893
"chr10:49738262:49739661:clu_9295:ENSG00000197444.9",-0.000907195233771529,0.00432101877666643,0.833707177604264
"chr10:49161622:49165205:clu_9287:ENSG00000204161.13",-0.000417486915547756,0.00433533392183766,0.923283362809823
"chr10:49922669:49932100:clu_9299:ENSG00000227345.8",-0.0041315333267294,0.00482625232693894,0.3919678288312
"chr10:133560153:133565457:clu_10771:ENSG00000171772.15",-0.00148642969955791,0.00423614804031036,0.725669507798464
"chr10:133465565:133466235:clu_10760:ENSG00000214279.13",-0.0125265031543749,0.00457407126904781,0.00617033793373367
"chr10:133556047:133556759:clu_10769:ENSG00000171772.15",-0.00817383116942266,0.00587817347980653,0.164365177458821
"chr10:133460170:133467198:clu_10760:ENSG00000214279.13",0.0113357455127316,0.00615743797813412,0.0656238864433012
"chr10:133467353:133467847:clu_10760:ENSG00000214279.13",0.0112941864854339,0.00491944869792365,0.021685968719381
"chr10:91484655:91485180:clu_9868:ENSG00000165338.16",0.0137108229864572,0.00608662019663919,0.0242833201266925
"chr10:93409739:93426071:clu_9920:ENSG00000138119.16",0.00134979581901935,0.00380517413129037,0.722794551817745
"chr10:95346452:95351216:clu_9954:ENSG00000095637.21",0.00734311124432073,0.00780090684698645,0.346543417650667
"chr10:95367699:95381685:clu_9957:ENSG00000095637.21",0.00454689624822185,0.00462217669779431,0.325256545826068
"chr10:97461007:97461496:clu_10026:ENSG00000155229.20",0.000958179402299531,0.00400526019627152,0.810927046629365
"chr10:98445413:98446807:clu_10082:ENSG00000107521.18",0.00602404950457269,0.00479446336507762,0.208949385919443
"chr10:98430780:98431131:clu_10078:ENSG00000107521.18",-0.00589462762607998,0.0053006973628962,0.266117697333595
"chr10:100253539:100260218:clu_10126:ENSG00000095485.16",0.00908222414611006,0.00496643747615904,0.0674415465137521
"chr10:100190968:100192459:clu_10119:ENSG00000213341.10",0.013329727708775,0.00577593362641206,0.0210099923614825
"chr10:100164095:100167348:clu_10116:ENSG00000107566.13",0.000221285480723289,0.0043169222564963,0.95911833308904
"chr10:101624810:101672915:clu_10186:ENSG00000107829.13",0.0179409360608324,0.00542366185299376,0.000939980573531063
"chr10:100286213:100286605:clu_10129:ENSG00000196072.11",-0.00470900630658679,0.00478753767934171,0.325313843817492
"chr10:100190968:100193315:clu_10119:ENSG00000213341.10",-0.00326171607166244,0.00471250698404473,0.488849215736823
"chr10:100981229:100983305:clu_10162:ENSG00000095539.15",0.00609377214884239,0.00552069074005008,0.269677255531552
"chr10:101580416:101582763:clu_10184:ENSG00000166169.16",0.0014284229683554,0.00700554011531347,0.838432388132697
"chr10:102152530:102157019:clu_10219:ENSG00000148840.10",-0.038035004346458,0.00934734310780867,4.72009290648501e-05
"chr10:102152530:102157019:clu_10219:ENSG00000166197.16",-0.0411471541441557,0.00944990717161517,1.33529978013636e-05
"chr10:101036561:101036723:clu_10175:ENSG00000107819.13",0.00240235463770118,0.00434230475652337,0.58009624926706
"chr10:101036561:101036667:clu_10175:ENSG00000107819.13",-0.00317545659912047,0.00462442315044745,0.492290166992192
"chr10:102450330:102451399:clu_10253:ENSG00000269609.5",-0.00285645632201726,0.00629062730528676,0.649770300936752
"chr10:102451018:102455337:clu_10253:ENSG00000269609.5",-0.0467821379641036,0.00833412717408227,1.98478961044302e-08
"chr10:102431461:102432526:clu_10251:ENSG00000107874.10",0.00011030913286173,0.00539743400714869,0.983694506077536
"chr10:102509303:102549970:clu_10262:ENSG00000107882.11",-0.0174196145970591,0.00529103971142492,0.000993765872916219
"chr10:102138765:102138879:clu_10215:ENSG00000148840.10",0.0189474377973785,0.00480115503848792,7.93240285663632e-05
"chr10:103345132:103348716:clu_10294:ENSG00000156374.14",-0.00399101024028575,0.00508312598654675,0.432366333785178
"chr10:103326632:103333925:clu_10294:ENSG00000156374.14",-0.00698176556869423,0.00532541331994039,0.18984832968383
"chr10:103100019:103100752:clu_10290:ENSG00000076685.18",-0.00150315806027372,0.00519901913468668,0.772486951521206
"chr10:102821303:102826954:clu_10278:ENSG00000203886.4",-0.0575000071351927,0.00731013822556271,3.66373598126302e-15
"chr10:102821303:102826954:clu_10278:ENSG00000166272.16",-0.0664028603352598,0.00772852548354665,0
"chr10:103345132:103347238:clu_10294:ENSG00000156374.14",0.0112767136091334,0.00479644311145599,0.0187201401486948
"chr10:102398523:102398739:clu_10239:ENSG00000077150.18",-0.0166240049862514,0.00893513926443388,0.0628119965532276
"chr10:102654748:102655080:clu_10266:ENSG00000171206.13",0.0131347044402092,0.00551572922983718,0.0172508201349029
"chr10:102157555:102158049:clu_10219:ENSG00000166197.16",0.0188360348043138,0.00551983128904514,0.000643865927740794
"chr10:102157555:102158049:clu_10219:ENSG00000148840.10",0.0174737252896681,0.00543872170545453,0.00131430944554289
"chr10:103905156:103910527:clu_10328:ENSG00000107960.10",-0.0250692070924698,0.00579322240572816,1.50925152841985e-05
"chr10:109867586:109868614:clu_10352:ENSG00000108039.17",0.0241507531182851,0.00587410221382899,3.9327611048634e-05
"chr10:110297745:110298648:clu_10367:ENSG00000119953.12",-0.00102435609429444,0.00616816491970378,0.868100721449701
"chr10:110297728:110298648:clu_10367:ENSG00000119953.12",0.00627405574590373,0.00546951299769764,0.251342002459625
"chr10:110298790:110303468:clu_10368:ENSG00000119953.12",-0.00395557273072882,0.00614060280133744,0.519467248205958
"chr10:110006147:110100625:clu_10361:ENSG00000148700.14",-0.0023505507140964,0.00560978729650719,0.675209639717444
"chr10:109907815:109923402:clu_10359:ENSG00000108039.17",-0.00843982895254856,0.00429501563208132,0.0494109167308143
"chr10:113755305:113766411:clu_10413:ENSG00000148735.14",-0.00943801868741869,0.0034940147202628,0.00690906033843997
"chr10:113775866:113777124:clu_10415:ENSG00000148735.14",-0.00579081273294358,0.00339446957827335,0.0880164372428907
"chr10:86945268:86945370:clu_9799:ENSG00000173269.13",-0.00286990788665484,0.00481971843660901,0.551541804540481
"chr10:86945476:86945561:clu_9799:ENSG00000173269.13",0.00756297612569093,0.0045271627139465,0.0948051616532586
"chr10:86718847:86726137:clu_9792:ENSG00000122367.19",0.0067123335816416,0.00397575909141367,0.0913507835328491
"chr10:86497319:86499718:clu_9786:ENSG00000062650.17",-0.00142392552603773,0.00465325180294608,0.759599659407116
"chr10:87308060:87326630:clu_9817:ENSG00000223482.7",-0.00436009607363709,0.00426749986355215,0.306923858211064
"chr10:46984564:46987340:clu_9253:ENSG00000204179.10",-0.00884367286960586,0.00552851981830467,0.10967720760022
"chr10:46795953:46798029:clu_9249:ENSG00000204177.10",0.0228786222558594,0.00521405085048894,1.14461620984718e-05
"chr10:46554695:46555375:clu_9242:ENSG00000204175.5",0.0100821390754593,0.00488278081077563,0.0389385692335569
"chr10:42632439:42636920:clu_9166:ENSG00000196693.14",-0.00714961652114125,0.00533545302081065,0.180238674385165
"chr10:45382681:45395855:clu_9193:ENSG00000012779.10",0.0899706590973375,0.00563469885335539,0
"chr10:45763489:45763649:clu_9216:ENSG00000172661.17",-0.0238865215876485,0.00489799507133028,1.07822974237948e-06
"chr10:45786674:45787035:clu_9219:ENSG00000172661.17",0.000737664843052308,0.0054369127591342,0.892076510123451
"chr10:45627105:45639816:clu_9203:ENSG00000172671.19",0.0215229752160631,0.00565613662493023,0.000141664948188125
"chr10:45663842:45672250:clu_9206:ENSG00000172671.19",0.00722329850196619,0.00566192716323518,0.20203797923462
"chr10:45395936:45412191:clu_9193:ENSG00000012779.10",-0.0671679901930687,0.005403803351809,0
"chr10:45750838:45752588:clu_9214:ENSG00000172661.17",0.0580129254947322,0.00695343847881729,1.11022302462516e-16
"chr10:45763489:45765679:clu_9216:ENSG00000172661.17",0.0092216284077304,0.004108533479717,0.0247998576607499
"chr10:44971848:44982521:clu_9188:ENSG00000107551.20",0.00699379372299664,0.00393372518582713,0.0754192899236127
"chr10:45445386:45445508:clu_9198:ENSG00000012779.10",-0.00316994729392412,0.0068834212584571,0.645143630586099
"chr10:42784570:42785482:clu_9169:ENSG00000165733.7",0.0157935373240004,0.00514542143333076,0.00214463972827106
"chr10:42521127:42523182:clu_9159:ENSG00000234420.7",0.00411085472634115,0.00561472724993769,0.464073521772474
"chr10:42521127:42523210:clu_9159:ENSG00000234420.7",-0.00443085045903649,0.00569964320454014,0.436928210878068
"chr10:123747017:123754663:clu_10581:ENSG00000121898.12",0.00676949433051115,0.00392791869502927,0.0848107286193542
"chr10:5685175:5709530:clu_8692:ENSG00000108021.19",0.00381540440872543,0.00282635640723162,0.177036042278545
"chr10:472549:484781:clu_8625:ENSG00000151240.16",-0.00538709696709291,0.00405251613374547,0.183741912467429
"chr10:1000868:1000948:clu_8635:ENSG00000107937.18",0.00200850150256321,0.00356324819789195,0.572977708011416
"chr10:11964125:11967341:clu_8766:ENSG00000151461.19",-0.000871397642853883,0.0029929570551482,0.770937061873996
"chr10:12113064:12117673:clu_8774:ENSG00000181192.11",-0.000905690403501255,0.00361377564999108,0.802106644252622
"chr10:46002518:46003203:clu_9229:ENSG00000265354.3",-0.05050690525381,0.00644179145852369,4.44089209850063e-15
"chr10:45459267:45461231:clu_9199:ENSG00000165406.15",-0.0045312807970418,0.00609964586940151,0.457556730228688
"chr10:45618260:45625951:clu_9203:ENSG00000172671.19",0.0295696172588564,0.00562110149430092,1.43690221610093e-07
"chr10:68025676:68032778:clu_9415:ENSG00000148634.15",-0.00604493520850898,0.00656434688716737,0.357116307222881
"chr10:68338669:68339140:clu_9422:ENSG00000096746.17",0.0111686680327755,0.00509427678085944,0.028350981923531
"chr10:68416855:68419034:clu_9429:ENSG00000138346.14",0.00356349973658682,0.00555591556459232,0.521270374462547
"chr10:72566794:72626010:clu_9553:ENSG00000107745.17",0.00990732787029194,0.00540626211849655,0.0668672559709792
"chr10:73053590:73068846:clu_9560:ENSG00000122884.12",0.013843246841277,0.00632085766983071,0.0285177141463397
"chr10:73797605:73797830:clu_9641:ENSG00000214655.10",0.0177180586411041,0.00714913551096522,0.0131991667282457
"chr10:73797605:73797781:clu_9641:ENSG00000214655.10",-0.0156535992742216,0.00641450448035359,0.0146732707709906
"chr10:73744437:73746630:clu_9623:ENSG00000176986.15",-0.0193053017296347,0.00936759187791968,0.0393163338367494
"chr10:73801195:73801289:clu_9647:ENSG00000214655.10",0.0141235917757899,0.00688670502105236,0.0402816586960844
"chr10:73269715:73275446:clu_9585:ENSG00000156042.17",0.000943839662109814,0.00654816398843623,0.885391449979181
"chr10:73801195:73801316:clu_9647:ENSG00000214655.10",-0.0122808616403718,0.00644259981510048,0.0566247076806683
"chr10:73504990:73505323:clu_9606:ENSG00000166348.18",0.00150589210817173,0.00874010674192156,0.86320422830808
"chr10:73439901:73444725:clu_9599:ENSG00000107758.15",-0.0107619616495842,0.00633285102773418,0.0892463807581978
"chr10:73747004:73751108:clu_9624:ENSG00000176986.15",0.00206662307602444,0.00585305763156015,0.724025201731881
"chr10:73114448:73120018:clu_9563:ENSG00000166321.13",-0.0057839886732131,0.00760236755896516,0.446768092453041
"chr10:73800194:73800296:clu_9645:ENSG00000214655.10",0.00423954891625602,0.0100727255452807,0.673832546850188
"chr10:73278337:73291226:clu_9586:ENSG00000156042.17",-0.0161707146869257,0.0113544630671044,0.15439652724339
"chr10:73575675:73576136:clu_9614:ENSG00000166348.18",0.00309285762060965,0.00636886350329738,0.627235486127367
"chr10:73163950:73167866:clu_9569:ENSG00000122882.10",-0.00523296919619015,0.00688457395727196,0.447194419273671
"chr10:73853246:73860830:clu_9661:ENSG00000148660.20",-0.0136102912332942,0.00721306519155987,0.0591745506898328
"chr10:73216578:73228060:clu_9575:ENSG00000138286.14",-0.00882041219093722,0.00784460056505054,0.260846436146741
"chr10:73504990:73505308:clu_9606:ENSG00000166348.18",0.00748122275813114,0.00707113420912378,0.290057843104773
"chr10:73470781:73470887:clu_9601:ENSG00000107758.15",0.0101840412847247,0.00669414542722955,0.128175658292535
"chr10:73751243:73759622:clu_9624:ENSG00000176986.15",0.00260537231916742,0.00641001806015058,0.684409640988844
"chr10:73467678:73470687:clu_9601:ENSG00000107758.15",-0.00448860261208969,0.0072714991700973,0.537045376128636
"chr10:73498867:73499595:clu_9605:ENSG00000221817.9",-0.00390110195068162,0.00585664193263353,0.505347974715964
"chr10:73291755:73291881:clu_9587:ENSG00000156042.17",-0.00394214869142711,0.00752446324150737,0.600340477780015
"chr10:73504272:73504805:clu_9608:ENSG00000221817.9",-0.00609313201821865,0.00526391384060667,0.247056368366436
"chr10:73808729:73810799:clu_9653:ENSG00000166507.17",0.00982628819933447,0.00963419826065286,0.307757703884683
"chr10:73839601:73842169:clu_9659:ENSG00000148660.20",-0.00411034387458903,0.00763975800812205,0.590563126209435
"chr10:73751243:73751717:clu_9624:ENSG00000176986.15",-0.00161399763338146,0.00686465603486066,0.814117890440832
"chr10:73444822:73446492:clu_9599:ENSG00000107758.15",-0.000621144969971389,0.00703346267996288,0.929628044645506
"chr10:73760849:73762098:clu_9625:ENSG00000176986.15",-0.00613892653168941,0.0107943374284538,0.569547999569841
"chr10:73743138:73744217:clu_9621:ENSG00000242338.6",-0.0145281603770175,0.00838174498948094,0.0830406273618938
"chr10:75217991:75219063:clu_9681:ENSG00000165637.13",-0.00329254991198308,0.00663632096441585,0.619795041151465
"chr10:74838752:74842600:clu_9674:ENSG00000156650.12",-0.00170521460995619,0.00586793158036223,0.771358082245338
"chr10:78037304:78037965:clu_9728:ENSG00000138326.18",0.0105975807648182,0.006842711489008,0.121444242080076
"chr10:46798168:46803846:clu_9248:ENSG00000204177.10",0.0673337366610434,0.00598611391048895,0
"chr10:49869555:49879673:clu_9297:ENSG00000227345.8",0.0119831465066522,0.00710009233632853,0.0914601579665794
"chr10:58361526:58363609:clu_9334:ENSG00000072401.14",0.0021601022277833,0.00408410043736742,0.596871168827874
"chr10:27944431:27944816:clu_9016:ENSG00000169126.15",-0.00882168550687713,0.00399138179737262,0.0270924415166335
"chr10:27961715:27968923:clu_9017:ENSG00000169126.15",-0.00339668412481342,0.00457249841503374,0.45757201309357
"chr10:30450519:30451638:clu_9060:ENSG00000107968.9",0.0010867383589511,0.00423589620312872,0.797522680173041
"chr10:29524715:29529705:clu_9045:ENSG00000197321.14",0.00261238576875608,0.00411147991100167,0.525175270251344
"chr10:32021287:32022140:clu_9074:ENSG00000170759.10",0.00277468215345622,0.00491477014261023,0.572373144969419
"chr10:32019959:32021022:clu_9074:ENSG00000170759.10",-0.00484781518850027,0.00496680260188523,0.329042928838473
"chr10:35196099:35206895:clu_9121:ENSG00000095794.19",0.0118610960095805,0.00510355093264782,0.0201208355048806
"chr10:34974088:34974194:clu_9114:ENSG00000283000.1",-0.00160999892558361,0.00453640339283858,0.722659659443885
"chr10:35337207:35483404:clu_9123:ENSG00000108100.17",0.00348159248575717,0.00408264285585123,0.393781818106794
"chr10:38362338:38363496:clu_9144:ENSG00000099251.14",0.00447035553333598,0.0070245178055772,0.524520156277501
"chr10:38362338:38363522:clu_9144:ENSG00000099251.14",-0.00164672269888153,0.00752419234398312,0.826761388037899
"chr10:20815717:20817598:clu_8917:ENSG00000078114.18",-0.00443884557920363,0.00533123385748398,0.405063981127057
"chr10:21174373:21174482:clu_8924:ENSG00000231920.1",-0.0032829767427113,0.00472198954837689,0.486896850170057
"chr10:21681376:21682225:clu_8931:ENSG00000078403.16",-0.0053497765258871,0.00652811065482987,0.412502089181819
"chr10:22318306:22318653:clu_8945:ENSG00000148444.15",-0.0108639445592847,0.00621521712973395,0.0804711316505612
"chr10:23119134:23119304:clu_8954:ENSG00000148450.12",0.00758360826353367,0.00532018111819167,0.154029547927165
"chr10:27136385:27142387:clu_9000:ENSG00000136758.18",0.00201144783136659,0.00482947325571327,0.677048375595962
"chr10:50082757:50084072:clu_9310:ENSG00000099290.15",0.0044538761420435,0.00478745778209393,0.352204515441765
"chr10:101810314:101812248:clu_10194:ENSG00000198408.13",-0.00815058473245401,0.00490209843178977,0.0963779903231322
"chr10:91951570:91953737:clu_9881:ENSG00000095564.13",0.00409217888593661,0.00584560006041126,0.483899651615311
"chr10:92333625:92340673:clu_9892:ENSG00000198060.9",-0.0188684379166467,0.00580089527249478,0.00114323419157791
"chr10:93389154:93392917:clu_9917:ENSG00000138119.16",-0.0051802598450184,0.00481590085995231,0.282080464530672
"chr10:96562138:96565304:clu_9998:ENSG00000077147.14",-0.00618470636521882,0.00615444892556852,0.314937129700878
"chr10:99886632:99888825:clu_10110:ENSG00000107554.16",0.00111788514291622,0.00459821113344751,0.807917820372504
"chr10:101066548:101067248:clu_10179:ENSG00000107821.14",-0.00247476482170935,0.00550453460604371,0.653008575099845
"chr10:102363396:102363710:clu_10227:ENSG00000107862.4",-0.0304740734839608,0.00615289583608421,7.31524800068328e-07
"chr10:102380686:102382056:clu_10234:ENSG00000107862.4",0.00193406325955432,0.00988368147959318,0.844858701708852
"chr10:102358729:102359267:clu_10225:ENSG00000107862.4",-0.00312305535192876,0.00671953396384213,0.642094302881116
"chr10:102471117:102471273:clu_10259:ENSG00000138111.14",-0.0038834757484533,0.00614604676226933,0.527474679643877
"chr10:102452187:102455337:clu_10253:ENSG00000269609.5",0.0335619116392633,0.00694049577351689,1.32701327959506e-06
"chr10:102509303:102512095:clu_10262:ENSG00000107882.11",0.00740435665158354,0.00515570041172909,0.150959800722777
"chr10:103396032:103396409:clu_10298:ENSG00000173915.14",-0.0381524739639436,0.00657330631811922,6.46922804214967e-09
"chr10:103450800:103451083:clu_10313:ENSG00000138172.10",-0.0106688759266872,0.00519227352791705,0.0399021919903189
"chr10:104048104:104049409:clu_10337:ENSG00000065618.18",0.00901865758978331,0.00552175281615764,0.102406727123584
"chr10:103601373:103601757:clu_10316:ENSG00000107957.16",0.0102126513394323,0.00493367155657766,0.0384532704012172
"chr10:86692571:86706531:clu_9791:ENSG00000122367.19",-0.00474837613196826,0.00691510540099614,0.492292464585369
"chr10:86497301:86499718:clu_9786:ENSG00000062650.17",0.00130881218451432,0.00534145598541005,0.806433894890803
"chr10:86472344:86473878:clu_9785:ENSG00000062650.17",0.00161892370921559,0.00455137601352535,0.722065366608467
"chr10:87334814:87336786:clu_9818:ENSG00000223482.7",0.00109964989596184,0.00420050551834026,0.793483430560405
"chr10:86838979:86875867:clu_9795:ENSG00000107779.13",0.00126805432303931,0.0045439877619769,0.780197242975312
"chr10:42793991:42795506:clu_9170:ENSG00000165733.7",0.00261850581616813,0.00563549448484977,0.642185512847984
"chr10:42817494:42820196:clu_9172:ENSG00000165733.7",-0.000700704328912165,0.00492576533514012,0.886880260428585
"chr10:42817494:42820236:clu_9172:ENSG00000165733.7",0.00142352978937125,0.00513481890065133,0.781602915411527
"chr10:45663842:45672272:clu_9206:ENSG00000172671.19",-0.00115697590317381,0.00540448666563465,0.830487067458358
"chr10:236915:237585:clu_8620:ENSG00000015171.19",-0.0100015176460794,0.0044948069726565,0.0260726943852299
"chr10:845055:863743:clu_8630:ENSG00000107929.14",0.00560683854961966,0.0047034210654521,0.233231181525372
"chr10:843068:844977:clu_8630:ENSG00000107929.14",-0.00477167615661025,0.00470732635769177,0.31074017798528
"chr10:45765810:45769449:clu_9217:ENSG00000172661.17",0.0628410810468875,0.00613730835007798,0
"chr10:46002484:46003203:clu_9229:ENSG00000265354.3",-0.00131775008189678,0.00627041513709535,0.833547821622475
"chr10:68044563:68072883:clu_9409:ENSG00000148634.15",0.00418188884727686,0.0065980534296942,0.526207140732606
"chr10:68882110:68884260:clu_9448:ENSG00000165730.14",0.00246654006103383,0.00434311798338174,0.570089838713447
"chr10:72102967:72128082:clu_9541:ENSG00000138303.17",0.00381885654355016,0.00508289203943529,0.452462688354673
"chr10:72423371:72475100:clu_9550:ENSG00000107745.17",0.00949841336160529,0.00708640416714486,0.180124634253813
"chr10:73125243:73125398:clu_9565:ENSG00000166321.13",-0.0029845204115876,0.00799254380578486,0.708841024847397
"chr10:73274594:73275446:clu_9585:ENSG00000156042.17",-0.00933209927558744,0.00731562281735677,0.202082895113353
"chr10:73030370:73046925:clu_9558:ENSG00000122884.12",-0.00865918022271755,0.00932102138444514,0.352891790880137
"chr10:73541738:73542803:clu_9612:ENSG00000166348.18",0.00990825319883794,0.00730997494706146,0.17527650857411
"chr10:73269715:73272928:clu_9585:ENSG00000156042.17",-0.00114184426724959,0.00729240340802247,0.875575893711053
"chr10:74109156:74111909:clu_9666:ENSG00000035403.17",0.00440899446070287,0.00965297992874171,0.6478510548525
"chr10:73122309:73124214:clu_9564:ENSG00000166321.13",-0.00653826124676674,0.00591411382042306,0.268927732965935
"chr10:73323027:73331177:clu_9590:ENSG00000156042.17",-0.00444242206589695,0.00745477400904699,0.551231078879244
"chr10:73047101:73051053:clu_9559:ENSG00000122884.12",0.000964134326111436,0.0066862190992068,0.885344721987447
"chr10:73828121:73837468:clu_9658:ENSG00000148660.20",-0.0118820532828857,0.00838957791093691,0.156691382500769
"chr10:73517747:73523583:clu_9609:ENSG00000166348.18",0.0206357133424925,0.0119108767216578,0.0831827934891157
"chr10:73139737:73141146:clu_9567:ENSG00000122882.10",-0.00726478322676114,0.00898170814010878,0.418606005286361
"chr10:73383690:73387689:clu_9595:ENSG00000138279.15",-0.0040946650350042,0.00761711084614552,0.590879860917219
"chr10:73873059:73874397:clu_9662:ENSG00000148660.20",0.0197051449820946,0.0080425629894044,0.0142813516621328
"chr10:74136803:74138107:clu_9633:ENSG00000185009.12",0.0130909753125269,0.00817504746015593,0.109303128481112
"chr10:73246586:73246688:clu_9580:ENSG00000213551.4",-0.0128557721058401,0.00833534803557898,0.122995905862492
"chr10:73234940:73235193:clu_9579:ENSG00000138286.14",0.00825443743964379,0.0073622954555386,0.262212463845948
"chr10:73256416:73269614:clu_9585:ENSG00000156042.17",-0.00282377334966241,0.00696443096033621,0.685142035017987
"chr10:73124320:73125118:clu_9564:ENSG00000166321.13",-0.00967690543135123,0.00632463371102113,0.126008281345485
"chr10:73797605:73797936:clu_9641:ENSG00000214655.10",0.00226262621129324,0.00770032458298832,0.768883856159844
"chr10:73680106:73682694:clu_9616:ENSG00000172650.13",-0.00592147909819741,0.00686242660661723,0.388201170146985
"chr10:73730873:73737248:clu_9622:ENSG00000250959.2",0.0010825517047776,0.0057566407031749,0.850835356088092
"chr10:73426377:73426607:clu_9598:ENSG00000166343.9",-0.00204424858226021,0.00661946411402163,0.757455503883988
"chr10:73253254:73253893:clu_9582:ENSG00000227540.1",-0.00106062356040249,0.00715877880639683,0.882218825600391
"chr10:73817554:73818209:clu_9656:ENSG00000148660.20",0.00539976640097111,0.0108169140460726,0.617640909997813
"chr10:73773041:73773190:clu_9631:ENSG00000196968.10",0.0148327793981383,0.00608391133243948,0.0147674070239237
"chr10:73746716:73746805:clu_9623:ENSG00000176986.15",-0.00680939364506312,0.00753313601556688,0.366034913277744
"chr10:75164740:75168541:clu_9679:ENSG00000156671.12",-0.00391781831960779,0.00486344713452085,0.420494243644214
"chr10:75168658:75176066:clu_9679:ENSG00000156671.12",0.0058192588260248,0.00505191296251161,0.249365399113012
"chr10:74976330:74977316:clu_9676:ENSG00000156650.12",-0.00044117856790379,0.00549489470547842,0.936007556227389
"chr10:74826785:74838683:clu_9674:ENSG00000156650.12",-0.00478894657448861,0.00613656362272963,0.435158121762599
"chr10:30451744:30458084:clu_9060:ENSG00000107968.9",-0.000557266223275017,0.00369536313672757,0.880132320216578
"chr10:38017015:38017291:clu_9138:ENSG00000189180.15",0.0151268686859048,0.00908766081861905,0.0960025047406525
"chr10:38017386:38054375:clu_9139:ENSG00000189180.15",0.00389576505950453,0.00835533147385966,0.641028703643674
"chr10:37801963:37803833:clu_9129:ENSG00000198105.13",0.0031034503274154,0.00801618328139683,0.698646551502093
"chr10:37953758:37957020:clu_9134:ENSG00000175395.15",-0.0139929273146341,0.00913025895969493,0.125377346133715
"chr10:38095629:38095744:clu_9141:ENSG00000075407.18",0.00694709439208527,0.00768284681995909,0.365871122525796
"chr10:38095633:38095744:clu_9141:ENSG00000075407.18",-0.0123573279950235,0.00799084338615392,0.121999302074326
"chr10:38017020:38017291:clu_9138:ENSG00000189180.15",-0.0155944737953594,0.00920519265938011,0.0902471716780751
"chr10:37776575:37803833:clu_9129:ENSG00000198105.13",0.00688024858216937,0.00882687182461486,0.435705117734133
"chr10:38025411:38054375:clu_9139:ENSG00000189180.15",0.00122993249564145,0.00688736175363651,0.858268932467886
"chr10:22609717:22714183:clu_8951:ENSG00000150867.13",0.0175561539963588,0.0074159780197651,0.0179163828044161
"chr10:24494604:24495147:clu_8958:ENSG00000120549.17",0.00183719166647647,0.00511889124903017,0.719666743236517
"chr10:49107995:49115431:clu_9285:ENSG00000165633.12",-0.00460710270980644,0.00559202359652549,0.41001320155337
"chr10:133394184:133395713:clu_10755:ENSG00000148824.18",-8.82040760178108e-05,0.00466221578049501,0.984905788207512
"chr10:37803943:37831232:clu_9129:ENSG00000198105.13",-0.0288897014642315,0.00867992741914714,0.000873669125092569
"chr10:99909146:99955214:clu_10113:ENSG00000107554.16",-0.00255162326285997,0.00552694382769061,0.644318103808781
"chr10:102425198:102431375:clu_10251:ENSG00000107874.10",-0.00350522363059414,0.00805870340000025,0.663590561222627
"chr10:73721504:73725961:clu_9620:ENSG00000242338.6",0.000958761289055629,0.00965878975658826,0.920929385841789
"chr10:73789539:73789717:clu_9634:ENSG00000214655.10",0.00467706648281422,0.00621005814722136,0.451363536449063
"chr10:38017386:38034326:clu_9139:ENSG00000189180.15",0.00704894706988882,0.00894224071346877,0.430535719054716
"chr10:73072180:73073731:clu_9561:ENSG00000122884.12",0.00455410678444611,0.00607689771158996,0.45360825448325
"chr10:73073827:73074808:clu_9561:ENSG00000122884.12",-0.00425959080356301,0.00623462984808943,0.494471180860815
"chr10:37971807:37976506:clu_9136:ENSG00000175395.15",-0.000328329433626358,0.0100037734985069,0.97381768370732
"chr10:73789190:73789367:clu_9634:ENSG00000214655.10",-0.00940722262507706,0.00737297067135459,0.201988504919879
"chr10:102157074:102157189:clu_10219:ENSG00000166197.16",-0.0082784554492782,0.00589966015820377,0.160554564089013
"chr10:102157074:102157189:clu_10219:ENSG00000148840.10",-0.0082784554492782,0.00589966015820377,0.160554564089013
"chr10:73519992:73523583:clu_9609:ENSG00000166348.18",0.00935018307569316,0.0111450070241265,0.401493368467917
"chr10:38115290:38117390:clu_9142:ENSG00000075407.18",0.0142853411767535,0.00876419081778528,0.103108487091424
"chr10:102359435:102361022:clu_10226:ENSG00000107862.4",-0.0395214288093721,0.00624948613770304,2.54962606582865e-10
"chr10:102380686:102381127:clu_10234:ENSG00000107862.4",0.0273692031016579,0.00725716604212975,0.000162376617185434
"chr10:102381255:102382056:clu_10234:ENSG00000107862.4",-0.0336563507683067,0.00751018347153894,7.41450497243612e-06
"chr10:46589673:46593989:clu_9245:ENSG00000204176.13",0.0254751024963596,0.00631813931091702,5.52905983596252e-05
"chr10:42795656:42796474:clu_9170:ENSG00000165733.7",0.0102272261659661,0.00634966852402501,0.107251476678112
"chr10:46033551:46038966:clu_9231:ENSG00000263639.5",-0.0397478661745902,0.0067947290972363,4.9213835229267e-09
"chr10:73275598:73291226:clu_9586:ENSG00000156042.17",0.000657610399165242,0.0122612895662062,0.95722752152428
"chr10:43644801:43645958:clu_9183:ENSG00000169740.13",0.00887958330012758,0.00502633404668297,0.0772931880081855
"chr10:102359435:102360184:clu_10226:ENSG00000107862.4",-0.0252593305988752,0.00932131185425168,0.00673142160316298
"chr10:73500838:73505323:clu_9606:ENSG00000166348.18",-0.00188786919708982,0.00747049128883635,0.80049218079548
"chr10:73814505:73815003:clu_9654:ENSG00000148660.20",0.0096974952309604,0.00727682139234231,0.182644919930224
"chr10:102394600:102395888:clu_10235:ENSG00000077150.18",-0.0146960875163721,0.00716413920465551,0.040233817790419
"chr10:45785631:45786612:clu_9219:ENSG00000172661.17",-0.00631333719013796,0.00650601017010966,0.331854430344536
"chr10:99743362:99744037:clu_10104:ENSG00000119929.12",-0.0108589475973587,0.00733994271251685,0.139024839391908
"chr10:46384833:46385380:clu_9238:ENSG00000264230.7",-0.00863874252635688,0.00557519486224705,0.121262515614022
"chr10:46589673:46590403:clu_9245:ENSG00000204176.13",-0.00665361996282531,0.00557117012262497,0.232362639039609
"chr10:45652033:45652984:clu_9205:ENSG00000172671.19",-0.0148922047633008,0.00533628535055423,0.00525870943538331
"chr10:38425883:38428107:clu_9151:ENSG00000276805.2",0.0108426455648245,0.0107132072187028,0.31149878659926
"chr10:37856532:37858005:clu_9131:ENSG00000198105.13",-0.000211252391723335,0.0109246273635793,0.984572057961694
"chr10:73160551:73163733:clu_9569:ENSG00000122882.10",0.00818344958417151,0.0072407615850293,0.258395401750345
"chr10:102358729:102359270:clu_10225:ENSG00000107862.4",0.000809919323087014,0.00680112895748296,0.905207212867132
"chr10:73311914:73312473:clu_9589:ENSG00000156042.17",-0.0159981838626464,0.0105225746119197,0.128418556609607
"chr10:45863114:45888165:clu_9223:ENSG00000239883.8",-0.127954515348886,0.00868151521661468,0
"chr10:22318862:22318959:clu_8945:ENSG00000148444.15",0.00762831407444869,0.00642321424530141,0.234984604546828
"chr10:73323097:73331177:clu_9590:ENSG00000156042.17",0.00270852865685806,0.00744919141490424,0.716156460250501
"chr10:73541738:73541904:clu_9612:ENSG00000166348.18",0.0106819226670792,0.00985821039718451,0.278561724767253
"chr10:73471613:73474919:clu_9603:ENSG00000107758.15",-0.0244223420770074,0.0119402234679207,0.0408170147794009
"chr10:73475030:73478499:clu_9603:ENSG00000107758.15",0.0473165767010702,0.0164072090967032,0.00392796658054906
"chr10:73818895:73819532:clu_9656:ENSG00000148660.20",-0.00905558221446578,0.00995942917567618,0.36321970095561
"chr10:102461450:102465982:clu_10254:ENSG00000138111.14",0.00822381043052976,0.0067874122154313,0.225655277280808
"chr10:38115290:38115379:clu_9142:ENSG00000075407.18",0.00881625372053894,0.00892826418219351,0.323419928655538
"chr10:73500838:73504850:clu_9606:ENSG00000166348.18",0.00214134527545143,0.00956758312377769,0.822903156118536
"chr10:38417204:38422768:clu_9149:ENSG00000276805.2",-0.0118479324482224,0.0138626063773102,0.392734715796751
"chr10:73253095:73253893:clu_9582:ENSG00000227540.1",-0.00620985147380837,0.0110470985492476,0.574030782147563
"chr10:73915399:73916389:clu_9664:ENSG00000122861.15",0.0221334142293689,0.0156189139558715,0.156456476400101
