"phenotype","causal_b","causal_se","causal_p"
"chr14:64220637:64221576:clu_19633:ENSG00000054654.16",0.0031537894452696,0.00522472147131059,0.546090830762832
"chr14:63283216:63290878:clu_19612:ENSG00000126785.12",-0.00420562753470769,0.00398280107556776,0.290992350726178
"chr14:64215354:64216248:clu_19630:ENSG00000054654.16",-0.00585943191891993,0.00458564059402298,0.201327617313299
"chr14:89412490:89416871:clu_20079:ENSG00000053254.15",-0.00628065122984617,0.00346166729004549,0.0696249613855771
"chr14:89980632:89984516:clu_20084:ENSG00000042088.13",0.00488705415943877,0.00324119108178623,0.131606808542419
"chr14:88872452:88875026:clu_20075:ENSG00000165533.18",0.00106025612605835,0.00483374693007436,0.826381647829708
"chr14:90292872:90298260:clu_20088:ENSG00000119720.17",0.00194995247148885,0.00294179737570222,0.50743052867824
"chr14:89797324:89931541:clu_20080:ENSG00000140025.15",-0.00887412777560943,0.00311031885281205,0.00432916197577693
"chr14:70329236:70359519:clu_19758:ENSG00000133983.14",0.00136442384980204,0.00540214112849228,0.800599790437897
"chr14:70978648:70988567:clu_19765:ENSG00000100731.15",0.00253195337024894,0.00424788262220247,0.551141363662642
"chr14:71650509:71658333:clu_19776:ENSG00000197555.9",0.016947811919292,0.00373291535675206,5.62273464022045e-06
"chr14:70329236:70359519:clu_19758:ENSG00000213463.4",0.000263743511666278,0.00528242183490193,0.960179348845493
"chr14:71576587:71587571:clu_19775:ENSG00000197555.9",0.00381159376258703,0.00379111703661374,0.314703683913543
"chr14:69703592:69704604:clu_19748:ENSG00000100647.7",-0.00381941594031127,0.00363251326696517,0.293050715214649
"chr14:71011549:71012985:clu_19765:ENSG00000100731.15",0.00476880024232051,0.00389652112159897,0.221004667481634
"chr14:70375771:70388470:clu_19759:ENSG00000213463.4",-0.00544700870233886,0.00380994447893043,0.15280833435954
"chr14:20693650:20699355:clu_18858:ENSG00000214274.9",-0.00202542372589337,0.002549647294684,0.426966275717259
"chr14:20318470:20325539:clu_18828:ENSG00000100814.17",0.00480499858565091,0.00303872102922493,0.113819310684239
"chr14:21088098:21088830:clu_18883:ENSG00000165801.9",-0.00093248846971183,0.00289309917020539,0.747214277312939
"chr14:20353003:20354085:clu_18834:ENSG00000129484.13",0.00480977376564817,0.00353869989766594,0.174085650534855
"chr14:20345126:20345394:clu_18832:ENSG00000129484.13",-0.00422198809374685,0.00179035697037422,0.0183646725420552
"chr14:21076456:21076563:clu_18878:ENSG00000165801.9",-0.00325148860571088,0.00335359796570337,0.332269701284055
"chr14:20313801:20316227:clu_18827:ENSG00000100814.17",0.00431616574576727,0.00401049241784277,0.28182959115268
"chr14:20345087:20345394:clu_18832:ENSG00000129484.13",0.0039748353964706,0.00175098296010055,0.0232039768773709
"chr14:19347934:19381177:clu_18816:ENSG00000274827.4",-0.00918865793133132,0.00761798695404731,0.227748375762567
"chr14:70373131:70375676:clu_19758:ENSG00000213463.4",-0.0137989161244005,0.00372277169973789,0.000210040153644342
"chr14:70342729:70353136:clu_19758:ENSG00000133983.14",-0.01158716158406,0.00191401944414462,1.41435796408018e-09
"chr14:70342729:70353136:clu_19758:ENSG00000213463.4",-0.0116571745379419,0.00191263134148464,1.09549636029271e-09
"chr14:69387083:69394825:clu_19742:ENSG00000100632.10",-0.011921281181758,0.0035017858898744,0.000663233518999329
"chr14:70373131:70375676:clu_19758:ENSG00000133983.14",-0.0138043914315347,0.00369214034965516,0.000184857515626247
"chr14:69394912:69398231:clu_19742:ENSG00000100632.10",0.00952973960918272,0.00370463924968911,0.0101001987353445
"chr14:70995925:71009634:clu_19765:ENSG00000100731.15",-0.00652056768732371,0.00475297725340917,0.170097309001996
"chr14:50822077:50830464:clu_19418:ENSG00000100503.23",0.000631215288588438,0.00293198421245114,0.829544308098046
"chr14:50806818:50821874:clu_19418:ENSG00000100503.23",-0.000414229442974562,0.00276558025937938,0.880937951747246
"chr14:52440724:52455324:clu_19444:ENSG00000087301.8",-0.00197325879788465,0.0033539801121536,0.556308476121693
"chr14:52721190:52723759:clu_19456:ENSG00000100519.11",-0.0193257217301645,0.00381926888590449,4.19129166928656e-07
"chr14:54702580:54737024:clu_19485:ENSG00000020577.13",0.00581586982456496,0.00360006960712809,0.106205022377162
"chr14:52756611:52757319:clu_19458:ENSG00000198252.11",0.00472191557072594,0.00317965107850793,0.137532684186226
"chr14:52750780:52756551:clu_19458:ENSG00000198252.11",-0.00689547591182045,0.00318145125785599,0.0302044042597622
"chr14:45218454:45223918:clu_19336:ENSG00000129534.13",-0.00522949754971391,0.00471664834721032,0.267545941538559
"chr14:69769251:69769511:clu_19750:ENSG00000100650.15",0.00822365263889353,0.0074580612204876,0.270177939379585
"chr14:71292902:71295263:clu_19771:ENSG00000259146.3",0.0103731309728223,0.00407502762903276,0.0109110001971808
"chr14:70988699:70995741:clu_19765:ENSG00000100731.15",-0.00231029239984564,0.0036562826470803,0.527472349263829
"chr14:71672622:71685362:clu_19777:ENSG00000197555.9",0.00672764330418048,0.00546904316955096,0.21864779564764
"chr14:94055184:94060098:clu_20192:ENSG00000089737.16",0.0100414576476597,0.0032221678460292,0.00183094230712955
"chr14:93937851:93939108:clu_20188:ENSG00000100628.11",-0.00277725673896114,0.00333884132625892,0.4055204026818
"chr14:93939672:93947349:clu_20188:ENSG00000100628.11",0.000833691854340052,0.00346168719205069,0.809683803482442
"chr14:92929815:92931250:clu_20173:ENSG00000100604.12",0.00178324146439476,0.00311892631643285,0.567492367105226
"chr14:93954483:93956766:clu_20191:ENSG00000100628.11",-0.00420141479536636,0.00258245586821418,0.103756911425086
"chr14:92931702:92932370:clu_20173:ENSG00000100604.12",0.00318165450741514,0.0025956446125134,0.22028651425345
"chr14:93956870:93964334:clu_20191:ENSG00000100628.11",-0.00102766732736815,0.00281608303719997,0.715165211751193
"chr14:94110797:94111625:clu_20195:ENSG00000165949.12",-0.000840223737372857,0.00306337065202393,0.783868842273671
"chr14:96855356:96856130:clu_20246:ENSG00000100749.7",-0.00296936684559697,0.00336539502626447,0.37760193558739
"chr14:22905221:22905336:clu_18939:ENSG00000100461.17",-0.0116206899436603,0.00254553633631904,4.99198317771565e-06
"chr14:21499802:21503173:clu_18908:ENSG00000165819.11",-0.00267360029478472,0.0035308630722142,0.448924828962909
"chr14:23016635:23033368:clu_18954:ENSG00000100804.18",0.00173851330303129,0.00344505449569869,0.613811505519857
"chr14:21487602:21488590:clu_18904:ENSG00000092203.13",0.00219338961256904,0.00293396374123439,0.45471003618578
"chr14:22902382:22904261:clu_18936:ENSG00000100461.17",0.00568375568634654,0.0025256983288095,0.0244254692955287
"chr14:22904190:22904261:clu_18936:ENSG00000100461.17",-0.000790675839742884,0.00269619410601889,0.769326272714903
"chr14:21477564:21487451:clu_18903:ENSG00000092203.13",-0.00146234398824296,0.00314201843223807,0.64163395722074
"chr14:21263336:21269298:clu_18890:ENSG00000092199.17",0.00251563306145762,0.00445827552899817,0.572576205693275
"chr14:22905246:22905336:clu_18939:ENSG00000100461.17",0.011177105833777,0.00237916648491682,2.62839460318798e-06
"chr14:23064221:23064355:clu_18963:ENSG00000100813.14",-0.000365415283752843,0.00328208393058054,0.91134962213812
"chr14:21489403:21492296:clu_18905:ENSG00000092203.13",0.00285358816666736,0.00303733086388679,0.347471419312373
"chr14:23090101:23090522:clu_18968:ENSG00000100813.14",0.00183305989807823,0.00342078037139247,0.592055204379918
"chr14:21487693:21488590:clu_18904:ENSG00000092203.13",-0.00209386692156949,0.00274137213659374,0.444984940227937
"chr14:96379788:96382247:clu_20235:ENSG00000100744.14",0.00300004132052666,0.00225006707367294,0.182429453293577
"chr14:95117754:95124196:clu_20211:ENSG00000100697.14",-0.00555157184195888,0.00303976457238255,0.0678026187160157
"chr14:96847344:96852831:clu_20245:ENSG00000100749.7",-0.00265050137475603,0.00312894881164516,0.396944936123188
"chr14:24430623:24430714:clu_19139:ENSG00000100441.9",0.00503164880277152,0.00410209472771898,0.219971189930445
"chr14:23563820:23564046:clu_19008:ENSG00000213983.11",0.000657456066496853,0.00357032493827066,0.85390001699052
"chr14:24440926:24442178:clu_19142:ENSG00000100445.17",-0.00525925075415517,0.00309049617295322,0.0888023103181642
"chr14:24001517:24004337:clu_19027:ENSG00000187630.15",0.00732462251979618,0.00284252337665571,0.00997187896992457
"chr14:24321976:24322066:clu_19119:ENSG00000129467.13",0.00480156160472334,0.00263595940823957,0.0685215798965322
"chr14:24429991:24430714:clu_19139:ENSG00000100441.9",0.000366431058509226,0.00343725550965239,0.915101789759465
"chr14:23301858:23302160:clu_18976:ENSG00000235194.8",-0.00477580449301636,0.00312349629364671,0.126266137630755
"chr14:24318778:24319098:clu_19118:ENSG00000129467.13",-0.00280574106137151,0.0033856039804787,0.407258965595541
"chr14:23299541:23300758:clu_18975:ENSG00000235194.8",0.00695045042098682,0.00334220723964884,0.0375623401219196
"chr14:23556343:23556743:clu_18999:ENSG00000259431.5",-0.00429904796497832,0.00332823573295857,0.196464610301461
"chr14:24115726:24116972:clu_19042:ENSG00000100897.17",-0.0012332401139746,0.00322505216626552,0.702169251474869
"chr14:23064485:23065966:clu_18964:ENSG00000100813.14",-0.00260466513390633,0.00294024415036617,0.3756892245168
"chr14:24241776:24242141:clu_19095:ENSG00000092330.15",-0.00374918931246068,0.00589237942094692,0.52459547172805
"chr14:24326342:24329061:clu_19123:ENSG00000129467.13",0.00742999966896762,0.00300347644063935,0.0133684555540966
"chr14:23347212:23347460:clu_18983:ENSG00000092096.16",0.00727136164625141,0.00341824067764192,0.0334015235744132
"chr14:24150888:24151182:clu_19057:ENSG00000092098.16",0.00347795848995302,0.00352158825568881,0.323343309489253
"chr14:23561635:23562288:clu_19005:ENSG00000213983.11",-1.01665943126923e-05,0.00396319798479184,0.997953228737856
"chr14:23995133:24004337:clu_19027:ENSG00000187630.15",-0.00458631291423818,0.00256442772158262,0.0737058146596933
"chr14:24323833:24324062:clu_19120:ENSG00000129467.13",0.00314690515279643,0.00327451140749252,0.336536860500625
"chr14:24195036:24195346:clu_19084:ENSG00000100926.14",0.00176500228845169,0.00362205195397367,0.626050370065872
"chr14:23563856:23564046:clu_19008:ENSG00000213983.11",-0.00383543127979826,0.00295562282777355,0.194399802425041
"chr14:24236041:24237071:clu_19093:ENSG00000100938.17",0.00157984809395394,0.00358257602264371,0.659226724448841
"chr14:24203127:24210348:clu_19085:ENSG00000254505.9",0.00270776842792475,0.00308566766900998,0.380198395428935
"chr14:23300864:23301398:clu_18976:ENSG00000235194.8",0.00500779137071984,0.00269439910814024,0.0630848474805674
"chr14:24211581:24211680:clu_19087:ENSG00000254505.9",0.00308574134138914,0.00394271615170884,0.433836463597917
"chr14:24271248:24271487:clu_19104:ENSG00000100949.14",-0.00106005147770751,0.00332893045045113,0.750154193102191
"chr14:24147890:24147976:clu_19053:ENSG00000092098.16",-0.00493233218268602,0.00333430931280853,0.139069093266133
"chr14:23348671:23349272:clu_18984:ENSG00000092096.16",-0.00640126194430355,0.00445517296401296,0.150770401087357
"chr14:24291219:24292184:clu_19106:ENSG00000157379.13",0.000946172110156042,0.00248009134740797,0.702827107796445
"chr14:24268198:24268369:clu_19101:ENSG00000100949.14",0.00881984100624504,0.00336965082146225,0.00885934359685503
"chr14:23960003:23965762:clu_19024:ENSG00000157326.18",0.00132532036403161,0.00282410896577971,0.638863812842439
"chr14:23066008:23067304:clu_18964:ENSG00000100813.14",0.00819551480021096,0.00258810574144341,0.00154228381233634
"chr14:23069617:23071125:clu_18965:ENSG00000100813.14",0.00547841808474804,0.00343405653313268,0.110640759436542
"chr14:24315020:24315637:clu_19115:ENSG00000213903.8",-0.000844234687592456,0.00359193804589508,0.814180805386715
"chr14:23955212:23959902:clu_19024:ENSG00000157326.18",-0.00280054831404701,0.00282269526688707,0.321122422789476
"chr14:24237562:24238246:clu_19094:ENSG00000100938.17",0.00324205273617605,0.002899865264139,0.263566496904072
"chr14:23965983:23966283:clu_19024:ENSG00000157326.18",0.00590337335731815,0.0026727681860701,0.0271947263236916
"chr14:24140965:24141348:clu_19051:ENSG00000100908.13",0.000666288910791951,0.00372043246566627,0.85786773870481
"chr14:24319888:24321716:clu_19119:ENSG00000129467.13",-0.008100454363204,0.00409848108771191,0.0481035181429358
"chr14:24268619:24268725:clu_19101:ENSG00000100949.14",-0.00351723962148528,0.00329348071066552,0.285547600760419
"chr14:24140965:24141107:clu_19051:ENSG00000100908.13",-0.00434099754739252,0.00337484110420806,0.198344643280292
"chr14:24442260:24442346:clu_19142:ENSG00000100445.17",0.00690345199137091,0.00366681416357649,0.0597432185435847
"chr14:24319436:24319742:clu_19119:ENSG00000129467.13",0.00479464723223259,0.00388692214386786,0.217376924691943
"chr14:22911403:22918999:clu_18941:ENSG00000100461.17",0.00458600515923106,0.00257368297018617,0.0747681088111705
"chr14:23960003:23967211:clu_19024:ENSG00000157326.18",-0.00438120413820929,0.0025757455795266,0.0889531278627633
"chr14:24238405:24238589:clu_19094:ENSG00000100938.17",-0.00646333618934566,0.00312229582259216,0.0384468310834087
"chr14:22906368:22908333:clu_18941:ENSG00000100461.17",-0.0020291244220082,0.00392869398711634,0.60551341855791
"chr14:23965832:23965932:clu_19024:ENSG00000157326.18",0.00704423365897585,0.00340602962271831,0.0386244438491269
"chr14:24319888:24322066:clu_19119:ENSG00000129467.13",0.00418724618347259,0.00422180759854286,0.321288463227061
"chr14:61019580:61030445:clu_19591:ENSG00000139974.15",0.0109783365353279,0.00419254554489474,0.00883076586463183
"chr14:60984803:61015904:clu_19591:ENSG00000139974.15",-0.00521821755171151,0.00425999567699549,0.22059973430354
"chr14:61767352:61768636:clu_19608:ENSG00000023608.4",0.00646079265752543,0.00373573927105564,0.0837277082290298
"chr14:61651017:61653623:clu_19603:ENSG00000232774.7",-0.00795875004996623,0.00373119455142618,0.0329222623057601
"chr14:60720445:60723212:clu_19583:ENSG00000100625.8",-0.0120766252571619,0.00557893651620225,0.0304120217291287
"chr14:24291219:24291556:clu_19106:ENSG00000157379.13",-0.00244523924561075,0.00249155195440591,0.32638955966835
"chr14:24632459:24632915:clu_19145:ENSG00000100453.12",0.00394960172209439,0.0031354912048276,0.207797925943074
"chr14:24233593:24235737:clu_19092:ENSG00000100938.17",-0.00469450239459213,0.0042404277772018,0.268258361879109
"chr14:24296881:24298957:clu_19108:ENSG00000157379.13",0.00461106966825998,0.0035661097500317,0.196002353657536
"chr14:24217223:24218133:clu_19089:ENSG00000129559.12",-0.00102841412149071,0.00314224879859263,0.743451560728942
"chr14:39039096:39040732:clu_19289:ENSG00000100934.14",0.00643870254977593,0.00730136969574978,0.377858692959233
"chr14:39279358:39279449:clu_19302:ENSG00000150527.16",-0.00621008574045372,0.00444686039357095,0.162560921835399
"chr14:39159550:39163246:clu_19294:ENSG00000182400.14",0.00215427499154484,0.00387686334950351,0.578433235163515
"chr14:39348977:39350098:clu_19307:ENSG00000150527.16",9.82650405096591e-05,0.00429055697939346,0.98172794222833
"chr14:24373370:24373695:clu_19132:ENSG00000100968.13",0.00761484841693114,0.00358339860351858,0.03358367005579
"chr14:24313955:24314054:clu_19115:ENSG00000213903.8",0.00673089797706643,0.00251250204914573,0.0073850733786085
"chr14:24318778:24318945:clu_19118:ENSG00000129467.13",0.00828509559663792,0.00355657202708756,0.019831684578295
"chr14:24375715:24375975:clu_19133:ENSG00000100968.13",0.00561807456576292,0.00321948027769743,0.0809804635849009
"chr14:54737287:54748815:clu_19485:ENSG00000020577.13",0.00590582098841293,0.0039975006541204,0.139574241717273
"chr14:55651927:55652850:clu_19503:ENSG00000126777.17",0.00247766868704397,0.00526481749875856,0.637920225127915
"chr14:54748924:54751451:clu_19485:ENSG00000020577.13",0.0044555113880515,0.00374792167448989,0.234520257741672
"chr14:55129300:55137370:clu_19491:ENSG00000131981.15",-0.00136985640285092,0.0029118939319153,0.638044366095413
"chr14:71709664:71723647:clu_19780:ENSG00000197555.9",-0.00255444769480398,0.00439363844204437,0.560972997804461
"chr14:73261294:73263645:clu_19811:ENSG00000100767.15",0.000429075539230409,0.00549760306983144,0.937790071355263
"chr14:71293492:71294037:clu_19771:ENSG00000259146.3",-0.0140299839191101,0.00348147098427196,5.58003136256202e-05
"chr14:72956500:72958612:clu_19792:ENSG00000119599.16",0.00822579078476595,0.00400790861139419,0.0401317942572639
"chr14:72975721:72977927:clu_19793:ENSG00000165861.13",-4.8703159652092e-05,0.00354051266031586,0.989024675980447
"chr14:73136579:73147795:clu_19801:ENSG00000080815.18",-0.0158081027542923,0.00420756821847902,0.000171918593402709
"chr14:72959028:72959111:clu_19792:ENSG00000119599.16",-0.00747835907240457,0.00414508317800617,0.0712075208175809
"chr14:52014456:52015054:clu_19440:ENSG00000087303.17",-0.000848344639269004,0.00337344625855482,0.801445228968513
"chr14:50766396:50766780:clu_19415:ENSG00000100503.23",0.00229581679639974,0.00300720058384397,0.445201115085928
"chr14:50763964:50766307:clu_19415:ENSG00000100503.23",0.00040978612184345,0.00288295460403696,0.886968614041035
"chr14:95140759:95141683:clu_20215:ENSG00000100697.14",0.000710209329686621,0.00252471864274377,0.778478495140837
"chr14:50425977:50428662:clu_19388:ENSG00000012983.11",-0.000788916472966203,0.00318419652275985,0.804320119450962
"chr14:50794525:50806737:clu_19417:ENSG00000100503.23",0.000622024219205349,0.00345992859023513,0.857325680916751
"chr14:21093674:21097328:clu_18886:ENSG00000165804.15",1.568282209668e-05,0.00273887531628741,0.995431331551094
"chr14:21070399:21073045:clu_18876:ENSG00000165801.9",-0.00497977385865602,0.00248955525124104,0.0454714991609289
"chr14:21391642:21391833:clu_18897:ENSG00000100888.12",0.00141629419488814,0.00273248411062533,0.604236800244865
"chr14:21372717:21373338:clu_18894:ENSG00000092201.9",-0.00206449858084007,0.00360029011791424,0.566356549750519
"chr14:39321056:39324269:clu_19306:ENSG00000150527.16",0.00665255122388943,0.0038749589367708,0.0860146964117249
"chr14:54480959:54481409:clu_19478:ENSG00000197045.12",-0.00975626302647445,0.00339989886242339,0.00411024512703861
"chr14:54480956:54481409:clu_19478:ENSG00000197045.12",0.00796225441399469,0.00311080998192201,0.0104809646329396
"chr14:54417951:54419992:clu_19476:ENSG00000100526.19",-0.00643965883217864,0.00429339892232443,0.133640924182228
"chr14:95221774:95223760:clu_20220:ENSG00000165959.11",0.0046005130091362,0.00316035855114345,0.145477401811898
"chr14:95194461:95194536:clu_20219:ENSG00000165959.11",-0.00543114141435373,0.00249222534647701,0.0293143130848347
"chr14:95108503:95111317:clu_20208:ENSG00000100697.14",-0.00362346055343845,0.00267891517644513,0.176188238837042
"chr14:95436966:95439033:clu_20222:ENSG00000176438.12",0.00566909599457606,0.002248826940314,0.011705094707305
"chr14:95436981:95439033:clu_20222:ENSG00000176438.12",-0.00841098876321046,0.00224579399337585,0.000180236984481885
"chr14:52457174:52462812:clu_19444:ENSG00000087301.8",0.0143924649238995,0.00432764549350359,0.000881957540891043
"chr14:52864853:52872799:clu_19463:ENSG00000073712.14",0.0207615432586358,0.00443336835957699,2.82681856544897e-06
"chr14:52778458:52780679:clu_19459:ENSG00000100522.8",0.000945485949306409,0.00381011502230873,0.804017151349465
"chr14:52708388:52708483:clu_19454:ENSG00000100519.11",0.00456040984092671,0.00368903851879758,0.216382173287003
"chr14:52455462:52457090:clu_19444:ENSG00000087301.8",0.00381224831000069,0.00346473251177695,0.271201039013583
"chr14:88087023:88090023:clu_20045:ENSG00000258867.5",-0.00205353872514186,0.00348568385980248,0.555770646152819
"chr14:56585912:56603815:clu_19509:ENSG00000070269.13",0.00169510970066675,0.00318203519768775,0.594232660772188
"chr14:74907530:74908850:clu_19910:ENSG00000198208.11",0.00195824874350701,0.00296428509001716,0.508859777418648
"chr14:75038412:75039911:clu_19922:ENSG00000119684.15",-0.00128959385325044,0.00333537576018369,0.699021815336353
"chr14:76032104:76058642:clu_19959:ENSG00000119650.12",-0.000713154955257078,0.00346632683599835,0.836995617792706
"chr14:74882624:74885586:clu_19903:ENSG00000119689.14",0.00379422231455525,0.0047602019083687,0.425409380481648
"chr14:74949553:74953904:clu_19916:ENSG00000119630.13",0.000874060535330646,0.00413812380101222,0.832714468779538
"chr14:75902224:75906555:clu_19958:ENSG00000119685.19",0.000404116813535632,0.00387992643637486,0.917045715420934
"chr14:75906677:75954424:clu_19958:ENSG00000119650.12",0.00719337224502305,0.00320292442641123,0.0247119286220737
"chr14:75985840:75988885:clu_19958:ENSG00000119685.19",-0.00344705353792612,0.00298483251659708,0.248149153626715
"chr14:75902224:75906555:clu_19958:ENSG00000119650.12",0.000249281718631764,0.00364584912757717,0.945487824408953
"chr14:75752955:75757831:clu_19952:ENSG00000119685.19",0.00246747076023392,0.00345450868869531,0.475056867611829
"chr14:74953946:74955168:clu_19916:ENSG00000119630.13",-0.00254837442782749,0.00404461960585635,0.528651867612808
"chr14:74911841:74918513:clu_19912:ENSG00000198208.11",0.00588114688446532,0.00376221853088688,0.118002630384198
"chr14:76022394:76082295:clu_19959:ENSG00000119650.12",0.00690837913266833,0.00288678040184908,0.0167062933539552
"chr14:75635013:75639352:clu_19942:ENSG00000119686.9",0.00179977803449106,0.00301267647181587,0.550239221523121
"chr14:74909190:74909543:clu_19911:ENSG00000198208.11",-1.21441224527474e-05,0.00431738135518677,0.997755677751189
"chr14:75959345:75960923:clu_19960:ENSG00000119699.7",-0.00924206170291064,0.00386503297418822,0.0167934629205106
"chr14:75906677:75954424:clu_19958:ENSG00000119685.19",0.00558207375434543,0.00321659332991384,0.0826701072290738
"chr14:74764362:74778447:clu_19898:ENSG00000119596.17",0.00525039465648038,0.00609362460022403,0.388896135038014
"chr14:75985840:75988885:clu_19958:ENSG00000119650.12",-0.00505547427042486,0.00288705345237148,0.0799313724721795
"chr14:75757869:75764615:clu_19952:ENSG00000119685.19",0.00207334110072429,0.00293244044073013,0.47954407629249
"chr14:75959345:75960269:clu_19960:ENSG00000119699.7",0.00770478542475254,0.00401762053362711,0.0551429190810426
"chr14:75752955:75764615:clu_19952:ENSG00000119685.19",-0.0051922529350848,0.00280930893016239,0.0645688769633522
"chr14:74911841:74919845:clu_19912:ENSG00000198208.11",-0.00460299228565971,0.00552172975010411,0.404498425510677
"chr14:23081836:23089982:clu_18968:ENSG00000100813.14",-0.00275708222140294,0.00354266144047415,0.436420654764375
"chr14:23285611:23285913:clu_18973:ENSG00000215271.7",0.00289529381997144,0.00336994050181791,0.390256219848429
"chr14:22928211:22929252:clu_18945:ENSG00000100462.15",-0.00106316645002643,0.00317774779842774,0.737952477246029
"chr14:23348546:23349272:clu_18984:ENSG00000092096.16",-0.00035813765982671,0.00452310527820851,0.936889771688998
"chr14:22905659:22906195:clu_18940:ENSG00000100461.17",0.0135022631927125,0.0020948253555383,1.15195852856687e-10
"chr14:23052083:23052473:clu_18956:ENSG00000139880.19",0.000840031520596946,0.00313710956670887,0.788874476785008
"chr14:23378501:23379031:clu_18991:ENSG00000166091.19",-0.000397376279624585,0.00318463589347983,0.900698364481698
"chr14:23078266:23078820:clu_18966:ENSG00000100813.14",-0.000312245702271857,0.0027700774632499,0.9102518088549
"chr14:22905453:22906195:clu_18940:ENSG00000100461.17",-0.0135221495518781,0.00191455914689752,1.63180580159406e-12
"chr14:23556343:23558695:clu_18999:ENSG00000259431.5",0.0019151161536778,0.00371792832610809,0.606481024073375
"chr14:23357660:23359317:clu_18989:ENSG00000100842.12",0.00292221107306294,0.00494119383456394,0.554253926319358
"chr14:22833489:22834172:clu_18928:ENSG00000172590.18",0.00344115912128908,0.00275862012278168,0.21224337648875
"chr14:23078266:23078934:clu_18966:ENSG00000100813.14",-0.00323080593252375,0.00287227829818798,0.260663863050364
"chr14:23081836:23090522:clu_18968:ENSG00000100813.14",-0.00710099229490769,0.00433697992281761,0.101565149234835
"chr14:23562053:23562288:clu_19005:ENSG00000213983.11",-0.00339475389232823,0.00307925164223379,0.270261439017486
"chr14:64926080:64943299:clu_19658:ENSG00000258289.8",0.000413623296347226,0.00381977553337265,0.913769848776979
"chr14:64727982:64728996:clu_19651:ENSG00000126822.16",0.00499705398121376,0.00613529218596625,0.415371779723836
"chr14:64952571:64971953:clu_19661:ENSG00000139998.14",-0.00686819837506895,0.004583843468292,0.134042537226734
"chr14:64926080:64943299:clu_19658:ENSG00000257365.7",-0.00181134706436207,0.00378060099616554,0.631855987889366
"chr14:64249679:64257226:clu_19636:ENSG00000140009.18",0.000838237762067223,0.00422646555252642,0.842786353878176
"chr14:64235150:64249546:clu_19636:ENSG00000140009.18",0.00158520470869702,0.00411637207080703,0.700165159438583
"chr14:65076663:65077344:clu_19662:ENSG00000125952.18",-0.00570483421550774,0.00371455671935117,0.124586250506683
"chr14:64924126:64926007:clu_19658:ENSG00000257365.7",0.00303929223890395,0.00314801938743071,0.33431359627044
"chr14:64924126:64926007:clu_19658:ENSG00000258289.8",0.00418868887311041,0.00312266499415286,0.17979622402525
"chr14:105173261:105173481:clu_20455:ENSG00000184916.8",-0.010017548359791,0.00354845946083873,0.00475662305029723
"chr14:105708664:105863198:clu_20498:ENSG00000242887.1",-0.00483679436394709,0.00536010983990532,0.366861139795876
"chr14:105173261:105176534:clu_20455:ENSG00000183828.14",0.00779020429526979,0.00257832622470019,0.00251592798695544
"chr14:105175987:105176534:clu_20455:ENSG00000184916.8",-0.00262758128053981,0.00275796438834853,0.340729485870148
"chr14:105173261:105176534:clu_20455:ENSG00000184916.8",0.0082418975394577,0.00256620057118959,0.00131946510840586
"chr14:105173261:105173416:clu_20455:ENSG00000184916.8",-0.0098914935253727,0.00296651470231479,0.000854891330684726
"chr14:105148405:105148745:clu_20449:ENSG00000184916.8",0.00677476617439042,0.00401791963017218,0.0917692604121243
"chr14:105175987:105176534:clu_20455:ENSG00000183828.14",-0.00198251057263252,0.0027947729821184,0.478098792615429
"chr14:105708664:105863198:clu_20498:ENSG00000211897.8",-0.00644518609691703,0.00481503255477805,0.180715570760478
"chr14:105708664:105863198:clu_20498:ENSG00000240041.1",-0.00483679436394709,0.00536010983990532,0.366861139795876
"chr14:104989707:104991491:clu_20440:ENSG00000140104.13",-0.0104786142411756,0.00419446433040638,0.0124825457191006
"chr14:105392845:105393222:clu_20478:ENSG00000179364.13",0.00343567494188253,0.00327029886976442,0.293456538856687
"chr14:105708664:105863198:clu_20498:ENSG00000242472.1",-0.00483679436394709,0.00536010983990532,0.366861139795876
"chr14:105493933:105497357:clu_20492:ENSG00000185347.17",-7.72670618358621e-05,0.00444129152435177,0.986119558792674
"chr14:105146724:105147326:clu_20448:ENSG00000184916.8",0.00312731585917082,0.00370300418935818,0.39837063205856
"chr14:105155989:105157706:clu_20454:ENSG00000184916.8",-0.00986719303964019,0.0035759561187924,0.00579224900733422
"chr14:105708664:105863198:clu_20498:ENSG00000211905.1",-0.00483679436394709,0.00536010983990532,0.366861139795876
"chr14:104753319:104756604:clu_20425:ENSG00000184990.12",-0.00335259347857115,0.0036720462508549,0.361240357113074
"chr14:105157763:105167757:clu_20455:ENSG00000183828.14",-0.00464362893367473,0.00454722944913288,0.307159877753554
"chr14:105173261:105173416:clu_20455:ENSG00000183828.14",-0.00930822278265243,0.00301077795400621,0.00199058273134123
"chr14:104989088:104991491:clu_20440:ENSG00000140104.13",0.00466534970252442,0.00389305594798441,0.230770182883322
"chr14:105151396:105151626:clu_20452:ENSG00000184916.8",-0.00211534022996155,0.00361438844916347,0.558376022709495
"chr14:105391766:105392623:clu_20477:ENSG00000179364.13",-0.00100590748443887,0.00387921089666801,0.795398191029046
"chr14:105173261:105173481:clu_20455:ENSG00000183828.14",-0.00913896429660119,0.00358127399543625,0.0107144889926224
"chr14:105496086:105497357:clu_20492:ENSG00000185347.17",0.00261242407875416,0.00529016662621792,0.621428768409978
"chr14:105708664:105863198:clu_20498:ENSG00000211900.2",-0.00483679436394709,0.00536010983990532,0.366861139795876
"chr14:105391766:105392619:clu_20477:ENSG00000179364.13",-0.0162711883273972,0.0043627172966363,0.000191784349178881
"chr14:105157763:105167757:clu_20455:ENSG00000184916.8",-0.00464362893367473,0.00454722944913288,0.307159877753554
"chr14:105708664:105863198:clu_20498:ENSG00000211904.2",-0.00483679436394709,0.00536010983990532,0.366861139795876
"chr14:74007812:74011091:clu_19856:ENSG00000187097.12",-0.00202690086075685,0.00493904001715575,0.681524598848408
"chr14:73065093:73071627:clu_19795:ENSG00000119707.13",0.00257450926453938,0.00420533620010099,0.540405057306999
"chr14:72954483:72955523:clu_19791:ENSG00000119599.16",-0.00788657515440276,0.00340102526717617,0.0204014532259928
"chr14:74015930:74019250:clu_19858:ENSG00000187097.12",0.00362205453230385,0.00432145642884237,0.401943108352741
"chr14:73282505:73287110:clu_19816:ENSG00000133961.19",0.000544681913386231,0.00567743497291941,0.923569792168469
"chr14:73921105:73922143:clu_19844:ENSG00000119725.18",-0.00243230425316373,0.00364186289470959,0.504214250560666
"chr14:73569883:73573388:clu_19826:ENSG00000119673.14",-0.00763540868319325,0.00409311227041179,0.0621213519354423
"chr14:74046130:74047930:clu_19861:ENSG00000119636.15",0.00559019996963747,0.00449051625822274,0.213172090216562
"chr14:73251566:73251664:clu_19807:ENSG00000100767.15",0.00157959304192212,0.00361568269873854,0.662203675731814
"chr14:73058705:73071627:clu_19795:ENSG00000119707.13",1.18328161413039e-05,0.00319311691353604,0.997043265261744
"chr14:73569396:73573388:clu_19826:ENSG00000119673.14",0.00796850583668235,0.00427922270617848,0.062583554472026
"chr14:73252141:73252649:clu_19808:ENSG00000100767.15",0.00639582646891631,0.00450621153595018,0.155801196969236
"chr14:73787518:73789027:clu_19835:ENSG00000259065.1",-0.00457564168922407,0.00453362449844096,0.312846169136484
"chr14:95116695:95117622:clu_20210:ENSG00000100697.14",0.0018591824470929,0.00311275517079417,0.550321304615721
"chr14:95133503:95157230:clu_20214:ENSG00000100697.14",-0.00274971179557747,0.00275687545371275,0.318569648991316
"chr14:95141748:95157230:clu_20214:ENSG00000100697.14",-0.00619728373735777,0.00290145174891969,0.0326855159637049
"chr14:93954483:93964334:clu_20191:ENSG00000100628.11",0.00505830600998569,0.00409919771151689,0.217212355230192
"chr14:58638547:58640736:clu_19551:ENSG00000165617.14",0.00707826269314641,0.00435453241873836,0.10405751856434
"chr14:57594124:57602398:clu_19524:ENSG00000151812.14",0.00937971690147519,0.00351832962083636,0.00767694193166091
"chr14:58291707:58293066:clu_19531:ENSG00000257621.7",0.00609441005347184,0.00379257037269926,0.108068860063065
"chr14:58257998:58263705:clu_19534:ENSG00000100567.12",-0.0048798101403591,0.00385686493636709,0.205789921038659
"chr14:58409168:58410843:clu_19542:ENSG00000100575.13",0.000495344371616193,0.00325584780205035,0.879076591785067
"chr14:58213698:58215205:clu_19528:ENSG00000131966.13",0.00059860958547393,0.00379913441053551,0.87479979816224
"chr14:58411971:58424008:clu_19542:ENSG00000100575.13",0.00242373504053981,0.0035642353100961,0.496494684945861
"chr14:74667377:74667465:clu_19889:ENSG00000119682.16",-0.00352064237755554,0.00288231553586626,0.22191068819375
"chr14:73923522:73927107:clu_19845:ENSG00000119725.18",0.0090972653994076,0.00423190599844413,0.0315801294012501
"chr14:73689515:73695902:clu_19832:ENSG00000119661.14",0.00701057639491938,0.00370505339497804,0.0584688549198619
"chr14:73892208:73893797:clu_19840:ENSG00000119725.18",0.000172519393158727,0.00386259806471435,0.964375064253401
"chr14:74692328:74712933:clu_19895:ENSG00000119682.16",0.00265252325386357,0.00321429255533362,0.409242329779194
"chr14:73958277:73958971:clu_19849:ENSG00000119723.16",0.00353266075558056,0.00424684678130048,0.405504083977869
"chr14:74071497:74071896:clu_19866:ENSG00000119711.12",-0.010039465392401,0.00552836404742678,0.069371585194813
"chr14:73886915:73888273:clu_19840:ENSG00000119725.18",0.00536683146917111,0.00512891929665862,0.295382662900218
"chr14:74667594:74669649:clu_19889:ENSG00000119682.16",0.000730934371821996,0.00304044082075983,0.810017017212342
"chr14:67353040:67359658:clu_19681:ENSG00000100554.11",0.0033387560138285,0.00470915032580424,0.478328636697658
"chr14:67350690:67352923:clu_19681:ENSG00000100554.11",-0.00231191979302004,0.00535371100473123,0.665861339335706
"chr14:67269783:67279018:clu_19678:ENSG00000072415.8",-0.0146806183038972,0.00644526192550363,0.0227421895085173
"chr14:67376590:67380659:clu_19683:ENSG00000134001.12",0.00116107896448018,0.00674176636208377,0.863263180256871
"chr14:93953507:93954317:clu_20190:ENSG00000100628.11",0.000201169859802598,0.00287680252787036,0.944250742062619
"chr14:94612443:94614434:clu_20200:ENSG00000196136.17",-0.00260220705265925,0.00289928657035741,0.36943426361394
"chr14:94379611:94380871:clu_20202:ENSG00000197249.13",-0.0094758886951018,0.00486660628316183,0.0515198013062644
"chr14:93222374:93226943:clu_20182:ENSG00000012963.14",0.0013309516480732,0.00296541282132741,0.653557844737748
"chr14:94612447:94614434:clu_20200:ENSG00000196136.17",0.00051833812802658,0.002838544569014,0.855106385990575
"chr14:93951244:93953352:clu_20190:ENSG00000100628.11",-0.004295562849908,0.00285058264590654,0.131834505326748
"chr14:94110797:94111659:clu_20195:ENSG00000165949.12",0.000377662409201423,0.002701679225992,0.888827473298063
"chr14:75622220:75624612:clu_19941:ENSG00000119686.9",-0.00327083279883321,0.00395410253513763,0.408123828928032
"chr14:75771854:75775484:clu_19954:ENSG00000119685.19",-0.00328914631472694,0.00359242841244425,0.359888582217258
"chr14:77925961:77931518:clu_20027:ENSG00000063761.15",-0.0111602645318358,0.00339192301706112,0.00100099472918291
"chr14:103571820:103587274:clu_20370:ENSG00000256053.7",-0.00953661551869,0.00260925140707341,0.000257258202359889
"chr14:103673431:103674207:clu_20373:ENSG00000126214.21",-0.0123831255556095,0.00438928451325389,0.00478417786742413
"chr14:103571820:103587274:clu_20370:ENSG00000258851.1",-0.00953661551869,0.00260925140707341,0.000257258202359889
"chr14:104701756:104703105:clu_20409:ENSG00000203485.12",0.00623282533166383,0.00309206243167026,0.0438261079247372
"chr14:104770420:104770745:clu_20427:ENSG00000142208.15",0.00311920458668313,0.00358021433149955,0.383626378586614
"chr14:104717646:104718795:clu_20416:ENSG00000203485.12",-0.000215625473031925,0.0027262638488726,0.936959501301698
"chr14:104884549:104885369:clu_20433:ENSG00000099814.15",-0.0020078992024811,0.00273015951591719,0.462064725180203
"chr14:103334260:103334389:clu_20357:ENSG00000100664.10",0.00406214366868149,0.0039988212641962,0.309707838563218
"chr14:104769626:104770745:clu_20427:ENSG00000142208.15",-0.00575918983700857,0.00359366953642514,0.109024528310091
"chr14:104771816:104772365:clu_20428:ENSG00000142208.15",-0.000917725074126808,0.00416118089998083,0.825447210540837
"chr14:103334597:103335653:clu_20357:ENSG00000100664.10",-0.00765946834990444,0.00371363915356371,0.0391579142509776
"chr14:104703220:104703295:clu_20409:ENSG00000203485.12",-0.00412793260606768,0.00319375943460323,0.196184204483287
"chr14:73136583:73147795:clu_19801:ENSG00000080815.18",0.00271869336482831,0.00338642158495188,0.422077690125529
"chr14:73260829:73261156:clu_19810:ENSG00000100767.15",0.00534508285888323,0.0046664445506936,0.252031318557906
"chr14:73264335:73264556:clu_19813:ENSG00000100767.15",0.00435117448015838,0.00392863843682209,0.26805499970551
"chr14:73251030:73251486:clu_19807:ENSG00000100767.15",-1.2681811792961e-05,0.00379614080258033,0.997334502712721
"chr14:20314649:20315485:clu_18827:ENSG00000100814.17",0.00235648159396305,0.00290304635859033,0.416948202602676
"chr14:20371632:20372733:clu_18838:ENSG00000129566.12",0.00234708176403975,0.00326622856394903,0.472393089753272
"chr14:21018239:21018457:clu_18866:ENSG00000165795.23",-0.00147753753700645,0.00306219990262755,0.629444748814698
"chr14:73265507:73268557:clu_19814:ENSG00000100767.15",0.00120297015246018,0.00453005568063899,0.790583439764678
"chr14:73277293:73279281:clu_19816:ENSG00000133961.19",-0.00683766963535243,0.00648320117347286,0.291574029023527
"chr14:73206472:73211769:clu_19804:ENSG00000080815.18",-0.0027009549454617,0.00469532030459559,0.565126272798293
"chr14:73111155:73111309:clu_19799:ENSG00000119707.13",0.00360008500868627,0.00353231819088145,0.308115241449812
"chr14:93016801:93076595:clu_20176:ENSG00000100605.16",0.00138909713703212,0.00341118586620074,0.683847699189648
"chr14:94079747:94081119:clu_20193:ENSG00000089737.16",-0.0108868318328927,0.0031506705127989,0.000549473779257736
"chr14:100540579:100543858:clu_20284:ENSG00000183092.16",0.00694712424998552,0.0028754042894117,0.0156898509682093
"chr14:100845533:100845876:clu_20289:ENSG00000214548.14",-0.000312101685363238,0.00349589939598514,0.928862164550361
"chr14:100845533:100860691:clu_20289:ENSG00000214548.14",-0.001266711925451,0.00325071400332338,0.696779172425066
"chr14:100298190:100298842:clu_20280:ENSG00000197119.12",0.00668634049354885,0.00311313298608483,0.0317308350125702
"chr14:100298885:100306199:clu_20280:ENSG00000197119.12",0.00456253845301096,0.00386644116220271,0.237986031846771
"chr14:101552754:101555224:clu_20298:ENSG00000258498.8",-0.00285462804599696,0.004092911615588,0.485517117355112
"chr14:100298885:100305660:clu_20280:ENSG00000197119.12",0.00134679868115655,0.00311731659792177,0.665713922548942
"chr14:99793543:99850853:clu_20264:ENSG00000066629.16",0.00688939620473546,0.00298138844248861,0.020843834237796
"chr14:76059373:76076597:clu_19959:ENSG00000119650.12",0.000190499334021889,0.00393929013359136,0.961430295662824
"chr14:77296273:77298689:clu_19992:ENSG00000009830.11",-0.00670532412283564,0.00327051469156817,0.0403414911375414
"chr14:76803912:76806416:clu_19979:ENSG00000013523.9",0.00550126832641805,0.00373200228756778,0.140460168571814
"chr14:77435393:77435844:clu_20005:ENSG00000151445.15",0.00886058502845128,0.00302399701446184,0.00338863260188482
"chr14:77299561:77301090:clu_19992:ENSG00000009830.11",-0.000609151087210446,0.00317866075357236,0.848026046108895
"chr14:77434303:77435259:clu_20005:ENSG00000151445.15",-0.00358938074513962,0.00368121545175009,0.329533893143212
"chr14:77304800:77306337:clu_19993:ENSG00000009830.11",-0.00492361694805105,0.00285903684691446,0.0850469964750492
"chr14:77482667:77484323:clu_20013:ENSG00000100593.17",-0.0027917717172683,0.00322697514873795,0.386964259013737
"chr14:54483767:54488925:clu_19479:ENSG00000197045.12",0.00208641633932691,0.00517673043369482,0.686920659407748
"chr14:52860465:52864401:clu_19461:ENSG00000073712.14",-0.00958328006796522,0.00391203300660387,0.0142978041992947
"chr14:24177758:24178091:clu_19070:ENSG00000100918.12",-0.00784788280864875,0.00365047467847531,0.0315690364254709
"chr14:24332683:24332791:clu_19127:ENSG00000129467.13",0.00634341414926757,0.00318650312330839,0.046512415644654
"chr14:24164134:24164614:clu_19064:ENSG00000213928.8",-0.00520679802494033,0.00375835647145955,0.165932551613106
"chr14:24177940:24178091:clu_19070:ENSG00000100918.12",0.00532278272702949,0.0039697173175893,0.179970200732769
"chr14:23644543:23644827:clu_19021:ENSG00000100867.14",-0.00348617699390044,0.00442328053242734,0.430613144270791
"chr14:24328873:24329061:clu_19123:ENSG00000129467.13",-0.00852879969043482,0.00272165584322819,0.0017262874192483
"chr14:23562066:23562288:clu_19005:ENSG00000213983.11",0.00336097784063993,0.00363145723126713,0.354696695908491
"chr14:24433032:24436072:clu_19140:ENSG00000100441.9",-0.00034385810870575,0.00335966805185412,0.918479794633399
"chr14:23562578:23563380:clu_19006:ENSG00000213983.11",0.00549895247235145,0.00324275658385143,0.0899304309935073
"chr14:24068702:24068786:clu_19031:ENSG00000186648.14",-0.00387639534798317,0.00295240548838502,0.189195852108881
"chr14:24292784:24296509:clu_19107:ENSG00000157379.13",0.00493831708734897,0.00355426858791136,0.16470975557559
"chr14:24412691:24412997:clu_19136:ENSG00000205978.5",0.00630852663868404,0.00392925696687652,0.108377960744815
"chr14:24148876:24149477:clu_19055:ENSG00000092098.16",-0.000776805548086385,0.00335128320368528,0.816698432529266
"chr14:23556343:23556753:clu_18999:ENSG00000259431.5",0.0117350581617791,0.00354827447738118,0.000942141701485655
"chr14:24300727:24301612:clu_19109:ENSG00000196943.12",0.000889003776272167,0.00353651758843355,0.801521643921072
"chr14:24177222:24177353:clu_19068:ENSG00000100918.12",0.00089524796854516,0.00328120451007836,0.784975242498678
"chr14:24151992:24155157:clu_19058:ENSG00000092098.16",-0.000341685521498283,0.00238867136202884,0.886255294230474
"chr14:77444341:77448494:clu_20007:ENSG00000151445.15",0.0017141419126409,0.00295224261519662,0.561494122547709
"chr14:77327552:77327912:clu_19996:ENSG00000100577.18",0.00142790419974663,0.00244135792272299,0.558627642292869
"chr14:77329201:77329755:clu_19997:ENSG00000100577.18",-0.000439581598012422,0.00353066262845992,0.900916238388902
"chr14:77907919:77924457:clu_20026:ENSG00000063761.15",0.00773002023751527,0.00256612508434481,0.00259249047029453
"chr14:77304800:77306246:clu_19993:ENSG00000009830.11",0.00355686028676678,0.00290735190142309,0.221177878101666
"chr14:77278869:77279823:clu_19987:ENSG00000009830.11",0.000844108434665367,0.00327319604893401,0.796495597640733
"chr14:77329807:77330310:clu_19997:ENSG00000100577.18",0.000343522745271021,0.00382230061315446,0.928387903860834
"chr14:77286822:77288762:clu_19990:ENSG00000009830.11",-0.00193016222542429,0.0027619202208692,0.484647072103396
"chr14:36308189:36311573:clu_19259:ENSG00000151332.18",0.00336790249434959,0.0048829589595815,0.490366674101041
"chr14:37369624:37422855:clu_19268:ENSG00000151338.18",0.00465995421790246,0.0035271662475637,0.186447712549057
"chr14:63376108:63382071:clu_19613:ENSG00000154001.13",0.00202003146534964,0.00460009612199364,0.660568719907642
"chr14:64730312:64730642:clu_19651:ENSG00000126822.16",-0.00344848198963283,0.00424982026711503,0.417111978127422
"chr14:64504946:64521487:clu_19648:ENSG00000126804.13",0.00849768903596502,0.00422985878615915,0.0445395724383812
"chr14:65077428:65077913:clu_19662:ENSG00000125952.18",0.00416339279623986,0.00364538605560418,0.253412753929415
"chr14:63625033:63641804:clu_19617:ENSG00000140006.11",-0.0110479811410477,0.00400857761510437,0.00584977704446132
"chr14:64427473:64430184:clu_19643:ENSG00000100714.15",-0.00424965175338095,0.00457763282254085,0.353225329485581
"chr14:63376108:63382056:clu_19613:ENSG00000154001.13",-0.00559464664713636,0.00439395233233894,0.202925561571026
"chr14:65032503:65032610:clu_19663:ENSG00000257365.7",0.00381560731046688,0.00462917407838527,0.409796224332496
"chr14:92732815:92748489:clu_20165:ENSG00000100600.14",0.00183010772712576,0.0022549326556803,0.417020075407221
"chr14:94110978:94111625:clu_20195:ENSG00000165949.12",-0.00298250430336087,0.00270353835748441,0.269946618691533
"chr14:94110797:94114851:clu_20195:ENSG00000165949.12",-0.00499033070708193,0.00213546274609635,0.019445168210753
"chr14:92993997:93016676:clu_20175:ENSG00000100605.16",-0.00536836371677273,0.00274046648260064,0.0501217668438246
"chr14:76178042:76180764:clu_19969:ENSG00000089916.17",-0.00378512231834064,0.00274508017737182,0.167933309917199
"chr14:75438121:75445090:clu_19938:ENSG00000140044.12",0.00481858876222338,0.00324305015081647,0.137326739590494
"chr14:75053659:75063470:clu_19923:ENSG00000119640.8",-0.00816415511859488,0.00458630307326826,0.0750568488579129
"chr14:75820161:75863667:clu_19957:ENSG00000119685.19",0.0017781154117087,0.00439024487712084,0.685466420994432
"chr14:74907124:74907435:clu_19910:ENSG00000198208.11",-0.000838841326404616,0.0037185148809844,0.821524177671363
"chr14:75053659:75069210:clu_19923:ENSG00000119640.8",-0.00317122935186999,0.00468622328064172,0.498587912696671
"chr14:75720703:75732338:clu_19949:ENSG00000119685.19",-0.00279516173577874,0.00311593784215428,0.36969057716832
"chr14:75063561:75069210:clu_19923:ENSG00000119640.8",0.00365366199234758,0.00468801062032313,0.435765916527168
"chr14:94581490:94581615:clu_20204:ENSG00000188488.13",0.000319314403546542,0.00267616724751418,0.90502357739641
"chr14:96262770:96263673:clu_20227:ENSG00000100739.10",-0.00480461593851192,0.00313033149369551,0.124818586379327
"chr14:96262770:96263673:clu_20227:ENSG00000168398.6",-0.00338014337928431,0.00305985378260438,0.269300524603206
"chr14:67579876:67580938:clu_19694:ENSG00000054690.13",0.00973269001623273,0.00470426724747364,0.0385548429613146
"chr14:67392427:67392662:clu_19685:ENSG00000100558.8",0.00207187703086801,0.00515432903297179,0.687707334351467
"chr14:67592715:67593743:clu_19696:ENSG00000100564.8",0.0118115601931772,0.00373120042773003,0.00154753172213329
"chr14:74040645:74047930:clu_19861:ENSG00000119636.15",0.000936732495543416,0.00512422527478709,0.85495125587416
"chr14:73921105:73923395:clu_19844:ENSG00000119725.18",-0.00620365612968591,0.00373010807069384,0.0962863357226391
"chr14:73654885:73658847:clu_19830:ENSG00000119661.14",-0.00075008688554881,0.00366192855180729,0.837701947359557
"chr14:73740255:73759763:clu_19834:ENSG00000156030.13",0.00693363830802298,0.00391748699431434,0.0767404801877622
"chr14:74885634:74889095:clu_19903:ENSG00000119689.14",0.00786863345982126,0.00382147348961564,0.0394887352925555
"chr14:74818314:74821057:clu_19900:ENSG00000119596.17",-0.00291165776608226,0.00434264080695218,0.502551270946708
"chr14:73740255:73787102:clu_19834:ENSG00000156030.13",-0.00592735720214081,0.00370247706827741,0.10939538027536
"chr14:74057258:74064688:clu_19862:ENSG00000119636.15",-0.0104751064950407,0.00367334157148187,0.00434921408671152
"chr14:74298069:74299548:clu_19875:ENSG00000119688.20",0.000166832939463269,0.00315634857402471,0.957846395079519
"chr14:102251995:102263546:clu_20316:ENSG00000080823.22",-0.00706361349590356,0.00286834554564205,0.0137930248697621
"chr14:102320053:102325985:clu_20317:ENSG00000022976.15",0.00635101650628132,0.00427841062291741,0.137693925003297
"chr14:102251995:102283478:clu_20316:ENSG00000080823.22",0.00876795753712358,0.00228574083668749,0.00012508654159249
"chr14:102348759:102355768:clu_20321:ENSG00000100865.14",0.0113787082268277,0.00425448147742066,0.00748356604675937
"chr14:105743070:105864215:clu_20498:ENSG00000211904.2",-0.000735366050063506,0.00571584382189099,0.89763145224823
"chr14:106639428:106639511:clu_20500:ENSG00000211970.3",0.00447869430346857,0.00621466614893189,0.471115460967285
"chr14:106639428:106639511:clu_20500:ENSG00000254395.1",0.00447869430346857,0.00621466614893189,0.471115460967285
"chr14:105770149:105770293:clu_20496:ENSG00000211897.8",-0.00245798200295514,0.00457506765429799,0.591090876182937
"chr14:105743070:105864215:clu_20498:ENSG00000242887.1",-0.000735366050063506,0.00571584382189099,0.89763145224823
"chr14:105708664:105863814:clu_20498:ENSG00000240041.1",-0.0109355904891058,0.00594438541518047,0.0658195926662215
"chr14:105708664:105863814:clu_20498:ENSG00000211897.8",-0.00638926718935011,0.00566680649095362,0.259535400536422
"chr14:105708664:105863814:clu_20498:ENSG00000211905.1",-0.0109355904891058,0.00594438541518047,0.0658195926662215
"chr14:105743070:105864215:clu_20498:ENSG00000242472.1",-0.000735366050063506,0.00571584382189099,0.89763145224823
"chr14:105743070:105864215:clu_20498:ENSG00000211905.1",-0.000735366050063506,0.00571584382189099,0.89763145224823
"chr14:105743070:105864215:clu_20498:ENSG00000211897.8",-0.00170265067087826,0.00523945847536045,0.74520610986482
"chr14:105743070:105864215:clu_20498:ENSG00000240041.1",-0.000735366050063506,0.00571584382189099,0.89763145224823
"chr14:106606422:106606506:clu_20500:ENSG00000254395.1",-0.00808047049880316,0.00566501973535215,0.153758701452058
"chr14:105743070:105864215:clu_20498:ENSG00000211900.2",-0.000735366050063506,0.00571584382189099,0.89763145224823
"chr14:105708664:105863814:clu_20498:ENSG00000242887.1",-0.0109355904891058,0.00594438541518047,0.0658195926662215
"chr14:106606422:106606506:clu_20500:ENSG00000211970.3",-0.00808047049880316,0.00566501973535215,0.153758701452058
"chr14:105708664:105863814:clu_20498:ENSG00000211900.2",-0.0109355904891058,0.00594438541518047,0.0658195926662215
"chr14:105708664:105863814:clu_20498:ENSG00000211904.2",-0.0109355904891058,0.00594438541518047,0.0658195926662215
"chr14:105708664:105863814:clu_20498:ENSG00000242472.1",-0.0109355904891058,0.00594438541518047,0.0658195926662215
"chr14:20684758:20699355:clu_18858:ENSG00000214274.9",0.00844803111136244,0.00393073831565605,0.031616768905769
"chr14:20354247:20354835:clu_18835:ENSG00000129484.13",-0.00768979065358555,0.00319056784191664,0.0159453661312491
"chr14:20343687:20344932:clu_18831:ENSG00000129484.13",0.00378116843154918,0.00313561551050778,0.227864697972406
"chr14:20372857:20373011:clu_18838:ENSG00000129566.12",-0.00125293199476643,0.00271674444280518,0.64466318670764
"chr14:20684758:20693547:clu_18858:ENSG00000214274.9",-0.0103866150461768,0.0044049380625193,0.0183762651792159
"chr14:20345464:20346863:clu_18831:ENSG00000129484.13",-0.00530506132675088,0.00301630921486351,0.0786127984644219
"chr14:20456860:20457078:clu_18854:ENSG00000100823.11",0.00512893705252862,0.00321336293777674,0.110460323096522
"chr14:20459440:20459628:clu_18855:ENSG00000165782.10",-0.00924631451057573,0.00245411772649998,0.000164775966382535
"chr14:21087463:21087956:clu_18882:ENSG00000165801.9",-0.00217619115560511,0.00286323006155535,0.447226128755363
"chr14:20456860:20456991:clu_18854:ENSG00000100823.11",-0.00317563197758938,0.00308076113157688,0.302637145123462
"chr14:21018400:21018763:clu_18866:ENSG00000165795.23",-0.00104141151927413,0.00359632872163617,0.772140410039389
"chr14:20381401:20381913:clu_18841:ENSG00000129566.12",-0.001822306087959,0.00292002553748105,0.532580321507084
"chr14:104715340:104718795:clu_20416:ENSG00000203485.12",0.00435531350212843,0.00361564566327404,0.228367719500131
"chr14:105454310:105454628:clu_20481:ENSG00000182979.17",0.00473133668705066,0.00362190772567426,0.191446931990748
"chr14:105468349:105469467:clu_20485:ENSG00000182979.17",-0.00161005983121475,0.00367955121044675,0.6616982966115
"chr14:105466742:105468338:clu_20485:ENSG00000182979.17",0.0026144020763459,0.00339498011758975,0.441253174991012
"chr14:104744909:104746236:clu_20423:ENSG00000185100.10",0.00553764236679639,0.00424080588538751,0.191620737156584
"chr14:105440850:105445418:clu_20480:ENSG00000182979.17",0.00734751419774492,0.00388463250845201,0.0585668388914694
"chr14:103757751:103778745:clu_20396:ENSG00000088808.16",0.00137912919029635,0.00349915605473466,0.693483625383275
"chr14:105454310:105458270:clu_20481:ENSG00000182979.17",-0.00458758076215832,0.00351594182793304,0.191962909694084
"chr14:105391766:105392761:clu_20477:ENSG00000179364.13",0.0121068827987697,0.0048604020921383,0.012741206572796
"chr14:104756760:104759434:clu_20426:ENSG00000184990.12",-0.002883933708948,0.00337091676771237,0.39225562251101
"chr14:104716017:104718795:clu_20416:ENSG00000203485.12",0.00381731732016125,0.00449673208912611,0.395931809313124
"chr14:105093720:105095540:clu_20445:ENSG00000257556.1",0.00367233092709495,0.003696839378325,0.320529465846109
"chr14:103100613:103102118:clu_20346:ENSG00000205436.7",0.0075555516453984,0.00341928719954984,0.0271269500498282
"chr14:102040673:102041574:clu_20306:ENSG00000197102.10",0.00671216004682815,0.00325170832013616,0.038999231664226
"chr14:102339223:102341323:clu_20320:ENSG00000022976.15",0.00843166895631458,0.00260152383395193,0.00119090272127875
"chr14:102508549:102508641:clu_20330:ENSG00000156381.8",0.00114522696927142,0.00239574449656976,0.63263205310802
"chr14:102339223:102342103:clu_20320:ENSG00000022976.15",-0.00874350289968891,0.00259983661500942,0.000770732578528111
"chr14:102039732:102040236:clu_20306:ENSG00000197102.10",-0.00803314712335307,0.00348888311293945,0.0213070922379089
"chr14:103102772:103103941:clu_20346:ENSG00000205436.7",0.00266593895984232,0.00432092263156914,0.53724545768566
"chr14:102140172:102193463:clu_20310:ENSG00000140153.17",0.00415242549788931,0.00333672257489577,0.213329460950445
"chr14:102981021:102983556:clu_20344:ENSG00000198752.10",0.00309710090133177,0.00350249559677814,0.37655831883861
"chr14:103784914:103797371:clu_20397:ENSG00000088808.16",-0.00581382025364569,0.00338451713226184,0.0858386694030877
"chr14:103123483:103126310:clu_20351:ENSG00000185215.8",-0.0219857627294456,0.0039510284680951,2.62804105144454e-08
"chr14:102232671:102233688:clu_20313:ENSG00000080823.22",-0.00116291344504993,0.00324523170358243,0.720084940606214
"chr14:102232708:102233688:clu_20313:ENSG00000080823.22",0.0124048398087703,0.00325798978921538,0.000140371130144867
"chr14:103467191:103468086:clu_20360:ENSG00000075413.17",0.00644366777036638,0.00383910502781306,0.093263250246528
"chr14:103532848:103534550:clu_20367:ENSG00000166166.12",-0.00159147036459814,0.00396174899338306,0.687898174515636
"chr14:103492034:103500156:clu_20362:ENSG00000075413.17",-0.00350860537988151,0.00507564225266636,0.489400070049579
"chr14:102414793:102424979:clu_20324:ENSG00000196663.15",0.00819540829338257,0.00316093977402828,0.00952223147348397
"chr14:103679518:103700655:clu_20375:ENSG00000126214.21",4.81946292133394e-05,0.00587696317115001,0.993456940524226
"chr14:103679545:103684986:clu_20375:ENSG00000126214.21",0.00450870781772082,0.00408582477717997,0.269810072845461
"chr14:102376940:102407338:clu_20323:ENSG00000196663.15",-0.00543181721524768,0.00542340632560946,0.316560569244384
"chr14:63422094:63539529:clu_19614:ENSG00000154001.13",-0.0028474917757435,0.00381385220857213,0.455294010928566
"chr14:37290368:37308056:clu_19268:ENSG00000151338.18",0.0137743559000796,0.00358541892697241,0.000122150128001097
"chr14:35572718:35595634:clu_19247:ENSG00000174373.16",0.015634096943504,0.00359781402172638,1.38994653773317e-05
"chr14:35595789:35605586:clu_19247:ENSG00000174373.16",-0.0154293131038211,0.00384222411118286,5.92634794798208e-05
"chr14:88578140:88607243:clu_20058:ENSG00000100722.18",0.00222134966538201,0.00347915570456003,0.523165322146497
"chr14:88603045:88607243:clu_20058:ENSG00000100722.18",-0.00248689961617419,0.00386066939011961,0.519469868694938
"chr14:88688473:88694307:clu_20068:ENSG00000165521.15",0.0106742715511599,0.00323821837788815,0.0009795309182693
"chr14:58411971:58427054:clu_19542:ENSG00000100575.13",0.00118161745855686,0.00430227025157708,0.783585338869703
"chr14:58285756:58291635:clu_19531:ENSG00000257621.7",-0.00308990804880683,0.00339910365348228,0.363331051863878
"chr14:39293381:39294000:clu_19304:ENSG00000150527.16",0.00310137392227552,0.00392406930842589,0.429325514982521
"chr14:39154294:39158285:clu_19293:ENSG00000182400.14",-0.00275264348496643,0.00482918397393378,0.568676487457277
"chr14:39294071:39294925:clu_19304:ENSG00000150527.16",-0.00155581704149726,0.00397196026099647,0.695279851474587
"chr14:22906368:22911328:clu_18941:ENSG00000100461.17",-0.00474994627604155,0.00293281004537848,0.105320638993449
"chr14:21373430:21383862:clu_18895:ENSG00000092201.9",0.00237326781368832,0.0030186619643979,0.43175114549928
"chr14:21383769:21383862:clu_18895:ENSG00000092201.9",-0.0041672281389699,0.00322839022261032,0.196770669965649
"chr14:23027829:23033368:clu_18954:ENSG00000100804.18",0.00776137215586845,0.00368940020315564,0.0354050752023598
"chr14:23051439:23052473:clu_18956:ENSG00000139880.19",0.00202392207132869,0.00357210391999868,0.570992064554225
"chr14:23066008:23069476:clu_18964:ENSG00000100813.14",0.00366644597923763,0.00536382518401741,0.494258981263919
"chr14:65101572:65102304:clu_19666:ENSG00000125952.18",-0.0123498089890961,0.00382435911618023,0.00124115649214573
"chr14:64490540:64499441:clu_19646:ENSG00000089775.11",-0.0133927277315554,0.0042125819448393,0.00147671605616517
"chr14:64490540:64495243:clu_19646:ENSG00000089775.11",-0.000790293337439247,0.00377872136054762,0.834336563115909
"chr14:64490540:64503661:clu_19646:ENSG00000089775.11",0.00186327102494236,0.00446012283907569,0.676120941997496
"chr14:65093815:65102304:clu_19666:ENSG00000125952.18",0.0165222629771748,0.00467993737701694,0.000414860768748193
"chr14:65093815:65101546:clu_19666:ENSG00000125952.18",-0.0128861804623333,0.00476679987340247,0.00686508347512094
"chr14:64750154:64753537:clu_19656:ENSG00000070182.19",-0.0023769786694824,0.00519427281497292,0.647228855356407
"chr14:64731543:64731714:clu_19652:ENSG00000126822.16",-0.0101600414780813,0.0044896687250489,0.0236367718925815
"chr14:96363568:96379688:clu_20235:ENSG00000100744.14",0.00101034499910588,0.00251744520966046,0.688171706967078
"chr14:74287886:74288207:clu_19870:ENSG00000119688.20",0.00116748513557253,0.00478859454890565,0.807381549866372
"chr14:73860657:73862656:clu_19838:ENSG00000140043.11",-0.0153671659995804,0.00477354595390336,0.00128533121464036
"chr14:74034171:74040565:clu_19860:ENSG00000119636.15",-0.018278071705154,0.0042751172707031,1.90747289025017e-05
"chr14:73924819:73931503:clu_19845:ENSG00000119725.18",0.0040231991303076,0.0035790150363549,0.260967247929211
"chr14:74553062:74555503:clu_19885:ENSG00000119681.11",0.0102031234079746,0.00480174813593151,0.0335968909127886
"chr14:73922206:73922493:clu_19844:ENSG00000119725.18",-0.000929926115538454,0.00518660627896045,0.857707050178299
"chr14:74029249:74034028:clu_19860:ENSG00000119636.15",0.0155785723840418,0.00405903632062882,0.000124041603811076
"chr14:74510213:74511245:clu_19881:ENSG00000119681.11",0.00328150857055323,0.00420843839728198,0.435541017493424
"chr14:73801788:73802885:clu_19836:ENSG00000259065.1",0.0140749730696725,0.00497700322359358,0.00468395727238324
"chr14:74097860:74101155:clu_19869:ENSG00000205659.10",0.0121860567839466,0.0041258594609134,0.00314110984911897
"chr14:73874214:73874584:clu_19839:ENSG00000140043.11",0.0106901496056021,0.00454326969750963,0.0186244419091994
"chr14:74684680:74685600:clu_19893:ENSG00000119682.16",-0.00665901236446596,0.00362428279613031,0.0661608332473823
"chr14:74683533:74684454:clu_19893:ENSG00000119682.16",0.00921343658130679,0.0041177928323867,0.0252556592995009
"chr14:74713200:74713485:clu_19896:ENSG00000119616.11",0.000958902609229566,0.00449583589596876,0.831103241410572
"chr14:49785320:49786718:clu_19358:ENSG00000165525.17",0.000710180164717592,0.00402421818180719,0.859919565338663
"chr14:49786750:49789146:clu_19358:ENSG00000165525.17",-0.0127821701774503,0.00438268571538591,0.00353965301764447
"chr14:49820456:49825867:clu_19362:ENSG00000165525.17",-0.00519842298206642,0.00473772262021725,0.272536102949504
"chr14:49602468:49607400:clu_19342:ENSG00000165501.16",-0.00261607829336295,0.00358212143317163,0.465197443291644
"chr14:64495952:64499441:clu_19646:ENSG00000089775.11",0.00764137889277835,0.00398938229909575,0.0554378047007824
"chr14:67579311:67579721:clu_19693:ENSG00000054690.13",0.00734747989033597,0.00485871839158145,0.130476399190806
"chr14:58508709:58512522:clu_19549:ENSG00000100578.14",-0.00504172293641182,0.00353876383210346,0.154240171468367
"chr14:37827366:37841445:clu_19281:ENSG00000139865.16",-0.0149401160154597,0.00313552845567281,1.89056004151755e-06
"chr14:37714796:37724898:clu_19276:ENSG00000139865.16",-0.00731742386783146,0.00417702291046593,0.079803463101077
"chr14:37227838:37247103:clu_19266:ENSG00000151338.18",0.0150977545390028,0.00335130337115408,6.63605532325029e-06
"chr14:37739155:37748939:clu_19278:ENSG00000139865.16",0.00669595191312152,0.00369556383673535,0.0700033306488199
"chr14:37285447:37308056:clu_19268:ENSG00000151338.18",-0.0155912035288469,0.00363983263762202,1.83980547580065e-05
"chr14:37198104:37247103:clu_19266:ENSG00000151338.18",-0.0178809760715585,0.0034869662939201,2.929198877899e-07
"chr14:37787637:37788203:clu_19280:ENSG00000139865.16",0.00221900820902522,0.00492004385399098,0.651979524688488
"chr14:37564362:37579827:clu_19270:ENSG00000258414.1",0.000395710561343772,0.00520759058796523,0.939429230675751
"chr14:37796947:37804680:clu_19281:ENSG00000139865.16",0.00568949739818795,0.00699117692822041,0.415753174218649
"chr14:37564362:37578704:clu_19270:ENSG00000258414.1",-0.0181236280297473,0.00624246383861804,0.00369274879773984
"chr14:37874563:37916498:clu_19283:ENSG00000139865.16",-0.00247872696607158,0.00464519214538273,0.593610496526934
"chr14:53953400:53954421:clu_19472:ENSG00000125378.15",0.000161264426512666,0.0045495268319478,0.971723772310947
"chr14:52878689:52881036:clu_19464:ENSG00000073712.14",0.00777365581839524,0.00359524108057183,0.0306022159331535
"chr14:74552393:74552892:clu_19887:ENSG00000119681.11",0.000175559794277204,0.0051792808023905,0.972959637597979
"chr14:74509363:74509734:clu_19880:ENSG00000119681.11",0.0115614061253641,0.00484924121868901,0.0171177820949451
"chr14:72959028:72960598:clu_19792:ENSG00000119599.16",-0.00257200742930899,0.00291629876079748,0.377807974999414
"chr14:74295974:74296333:clu_19874:ENSG00000119688.20",0.0111686855461262,0.003732076925248,0.00276594512471007
"chr14:74527366:74528483:clu_19883:ENSG00000119681.11",0.0047883499480769,0.00359186698989734,0.182496060332212
"chr14:74295979:74296333:clu_19874:ENSG00000119688.20",-0.0115447186862003,0.00375325831417084,0.00209854822287148
"chr14:72971114:72974080:clu_19790:ENSG00000165861.13",0.0190768127269883,0.00347962708653017,4.19522472316913e-08
"chr14:73958273:73958971:clu_19849:ENSG00000119723.16",-0.0012457251634547,0.00460083992294332,0.786575334517625
"chr14:74529122:74532426:clu_19883:ENSG00000119681.11",-0.00451043193368492,0.00372755838105995,0.226270009925719
"chr14:74507310:74507973:clu_19879:ENSG00000119681.11",-0.00593086153174358,0.00384335316083194,0.12279494719126
"chr14:69230598:69234774:clu_19737:ENSG00000081177.18",-0.0189112002355082,0.00409841379488298,3.94473588594124e-06
"chr14:69055611:69062384:clu_19731:ENSG00000139990.17",-0.0145573302235014,0.0033304546908282,1.23693631446375e-05
"chr14:69611828:69658513:clu_19746:ENSG00000100647.7",-0.00279935762696501,0.00415080079553473,0.500048227307567
"chr14:69062511:69075345:clu_19731:ENSG00000139990.17",0.00786098843333679,0.00337152753440907,0.0197227616120859
"chr14:69191591:69209424:clu_19736:ENSG00000081177.18",-0.00243046763201416,0.00434680302219731,0.576066775774582
"chr14:30628279:30630477:clu_19163:ENSG00000092108.20",0.00708678264237893,0.00391025308631678,0.0699307329895871
"chr14:31386575:31387120:clu_19196:ENSG00000129493.14",0.0100018912080671,0.00358537834951498,0.00527677525961423
"chr14:31438140:31453275:clu_19198:ENSG00000129493.14",-0.00263744247122071,0.00353107991539685,0.455110440333896
"chr14:31438140:31453275:clu_19198:ENSG00000129480.12",-0.00269638907708569,0.00351314708136565,0.442776055826676
"chr14:31438140:31453275:clu_19198:ENSG00000203546.7",-0.00263744247122071,0.00353107991539685,0.455110440333896
"chr14:105742385:105771112:clu_20495:ENSG00000211897.8",-0.00164241067939309,0.00279768311396791,0.557162731293717
"chr14:105742385:105742777:clu_20495:ENSG00000211897.8",0.00460780356747972,0.00295055967552367,0.118365506861629
"chr14:105742385:105771112:clu_20495:ENSG00000211896.7",-0.00164241067939309,0.00279768311396791,0.557162731293717
"chr14:105769986:105770105:clu_20496:ENSG00000211897.8",0.00769595360382671,0.00314588090650854,0.0144307289021571
"chr14:105742385:105742777:clu_20495:ENSG00000211896.7",0.00467493693827109,0.00296580862307959,0.114961900642374
"chr14:105643525:105741893:clu_20494:ENSG00000211896.7",-0.00742554924077822,0.00263178081379217,0.0047800788453729
"chr14:106810746:106845803:clu_20501:ENSG00000224650.2",-0.000843833130163815,0.0050033948395874,0.866070284505984
"chr14:21078272:21078373:clu_18879:ENSG00000165801.9",-0.000652708654097085,0.0026229488841093,0.803480403815366
"chr14:19357132:19368193:clu_18816:ENSG00000274827.4",-0.00268505155742537,0.00512113507075732,0.600064405400408
"chr14:21078488:21078884:clu_18879:ENSG00000165801.9",0.00108801331436415,0.0024651298388409,0.658951335779902
"chr14:92835664:92839366:clu_20171:ENSG00000066455.12",-0.00687233876310862,0.00305544199836399,0.0244989706761338
"chr14:92064414:92070935:clu_20144:ENSG00000066427.21",-0.00539119403033832,0.00323151241891229,0.0952523897149612
"chr14:92050536:92058319:clu_20144:ENSG00000066427.21",0.00402557198253485,0.00217544834675438,0.0642478186214888
"chr14:92704361:92709672:clu_20163:ENSG00000100600.14",-0.0051631475605559,0.00319531290636077,0.106126666893611
"chr14:50635384:50640750:clu_19409:ENSG00000151748.14",-0.00444338899813573,0.00317934003961332,0.162238571283927
"chr14:50640893:50644744:clu_19409:ENSG00000151748.14",0.00282329623022482,0.00317160417442999,0.373369643768168
"chr14:50115911:50116080:clu_19374:ENSG00000100483.13",-0.0140312918311831,0.00428412237879023,0.00105592932825538
"chr14:50420106:50425907:clu_19388:ENSG00000012983.11",0.0012991052317138,0.003850972626635,0.735857061596107
"chr14:29578360:29579965:clu_19153:ENSG00000184304.14",-0.000318068578529395,0.00464007877774875,0.945349332777532
"chr14:30950944:30955620:clu_19177:ENSG00000196792.11",0.00301166455499994,0.00488428845624857,0.53749693405803
"chr14:58291707:58297955:clu_19531:ENSG00000257621.7",-0.00251115842191275,0.00363141914234257,0.489245830239807
"chr14:58498960:58508555:clu_19549:ENSG00000100578.14",0.00286729647298389,0.00378241178283923,0.44841484329844
"chr14:59486804:59487674:clu_19561:ENSG00000050130.17",-0.00699749172346968,0.00356339037618679,0.0495628723534953
"chr14:58267393:58273979:clu_19531:ENSG00000257621.7",0.00236452247867315,0.00394490559789571,0.548915292325422
"chr14:58274135:58291635:clu_19531:ENSG00000257621.7",0.00363504263668156,0.00367815001682881,0.323015465972608
"chr14:58492275:58498783:clu_19549:ENSG00000100578.14",-0.00139779460707808,0.00342446475042438,0.683142262329984
"chr14:102940324:102940954:clu_20339:ENSG00000198752.10",0.0141921532716553,0.00393335427755059,0.000308381829656978
"chr14:103674266:103675552:clu_20373:ENSG00000126214.21",0.017575527893761,0.00366736715222251,1.6478950579657e-06
"chr14:103574170:103590181:clu_20370:ENSG00000256053.7",-0.0107560482533274,0.00378868482875614,0.00452562041505611
"chr14:103529261:103530150:clu_20366:ENSG00000166166.12",0.00182099795536995,0.00367501284498527,0.620241635769778
"chr14:103574170:103590181:clu_20370:ENSG00000258851.1",-0.0107560482533274,0.00378868482875614,0.00452562041505611
"chr14:102954275:102954602:clu_20342:ENSG00000198752.10",-0.00775990197676756,0.0041283273288014,0.0601527710940799
"chr14:103673431:103675552:clu_20373:ENSG00000126214.21",-0.00141674952151502,0.00385421560549212,0.713183150457214
"chr14:103133803:103135219:clu_20354:ENSG00000185215.8",0.00918144604822715,0.00432172291944788,0.0336294054687513
"chr14:103491107:103491777:clu_20362:ENSG00000075413.17",0.00116865696542074,0.0040966508076068,0.775436287038609
"chr14:103563124:103587274:clu_20370:ENSG00000258851.1",-0.011342424303539,0.00272251465118198,3.09776987500454e-05
"chr14:103563124:103587274:clu_20370:ENSG00000256053.7",-0.011342424303539,0.00272251465118198,3.09776987500454e-05
"chr14:21429335:21430801:clu_18900:ENSG00000100888.12",0.00134667583534769,0.00241946336261311,0.577800039817987
"chr14:21431858:21456032:clu_18901:ENSG00000100888.12",0.000852261253625324,0.00265591570913444,0.748292479253277
"chr14:23047374:23047461:clu_18955:ENSG00000139880.19",-0.00434974691161638,0.00307811247343423,0.15762000299022
"chr14:22999402:23010101:clu_18953:ENSG00000100802.14",0.00529884673838278,0.00270655112325849,0.0502551791409317
"chr14:22948033:22950314:clu_18946:ENSG00000092036.18",0.00603695059369862,0.00290819562732947,0.0379086947757397
"chr14:22952459:22952541:clu_18946:ENSG00000092036.18",-0.000782518364995885,0.0032155261673144,0.807729438569979
"chr14:21353832:21354416:clu_18893:ENSG00000092201.9",-0.00280185261238807,0.00239709312749473,0.242462338136523
"chr14:21081016:21081320:clu_18880:ENSG00000165801.9",0.00382626690800233,0.00253759301001226,0.131597230832647
"chr14:21081016:21081509:clu_18880:ENSG00000165801.9",-0.0016721594665377,0.00246319088152487,0.49722716291843
"chr14:21093674:21098811:clu_18886:ENSG00000165804.15",-0.00469554729628519,0.002753248759536,0.0881092303701116
"chr14:35091207:35096558:clu_19236:ENSG00000092020.10",-0.00912977415018372,0.00430575199890471,0.0339751132518911
"chr14:35019074:35028088:clu_19232:ENSG00000100883.11",0.00650559557736159,0.00281482512626745,0.0208223645617571
"chr14:34969307:34982430:clu_19227:ENSG00000258704.6",0.00123025883443951,0.00432198458444376,0.775911250732314
"chr14:34758846:34761757:clu_19219:ENSG00000198604.10",-0.00760292574828177,0.00314206394629972,0.0155323154706856
"chr14:34999649:35007283:clu_19229:ENSG00000100883.11",0.0095647774256462,0.0047568432417995,0.0443528722933515
"chr14:74882016:74889095:clu_19903:ENSG00000119689.14",-0.00320727375843707,0.00424830713654865,0.450276965713407
"chr14:75651889:75654882:clu_19944:ENSG00000133935.6",0.00335848838909413,0.00294440576243905,0.254022394261862
"chr14:75004900:75005897:clu_19918:ENSG00000119718.10",0.00257582706351338,0.00428573291492882,0.547824199529863
"chr14:64218512:64219208:clu_19632:ENSG00000054654.16",0.0100892234711471,0.00449137462203337,0.0246812550098483
"chr14:64504946:64511249:clu_19648:ENSG00000126804.13",0.00380875534989947,0.00502944991025181,0.448875756277408
"chr14:64568447:64574455:clu_19649:ENSG00000165807.7",-0.0117680021720201,0.00507383924944714,0.0203761399735868
"chr14:64218554:64219208:clu_19632:ENSG00000054654.16",-0.0135519977225273,0.004927192413204,0.0059513423504659
"chr14:64216387:64218398:clu_19631:ENSG00000054654.16",0.000696760848610425,0.00585850121693009,0.905329556355463
"chr14:59487828:59495018:clu_19562:ENSG00000050130.17",-0.00405848423939489,0.0048356384122799,0.4013087657194
"chr14:58346505:58347020:clu_19537:ENSG00000032219.18",-0.00289495115535015,0.00326727033630316,0.375592848260697
"chr14:58290861:58291635:clu_19531:ENSG00000257621.7",-0.00522394933109781,0.00314503552031825,0.096710551897124
"chr14:58209107:58215205:clu_19528:ENSG00000131966.13",-0.0044512532272993,0.00356144433304367,0.21135619097657
"chr14:58274135:58290699:clu_19531:ENSG00000257621.7",-0.00160049770480553,0.00310622723659552,0.606375157205046
"chr14:58295811:58297955:clu_19531:ENSG00000257621.7",0.00115956902417566,0.00291150328194186,0.690430004258882
"chr14:58247832:58257745:clu_19533:ENSG00000100567.12",-0.000695863421808743,0.00349493300986971,0.842179539164713
"chr14:58096981:58131512:clu_19527:ENSG00000139971.15",0.000333900561238334,0.00302800032457271,0.91219447201063
"chr14:50645014:50665179:clu_19410:ENSG00000151748.14",0.0128662974247338,0.00408991173282904,0.00165598187719251
"chr14:50623248:50628031:clu_19408:ENSG00000198513.11",0.00181835928128286,0.00402298053346113,0.651273982114915
"chr14:50113512:50114285:clu_19372:ENSG00000100483.13",-0.00363641288684219,0.00365366359225618,0.319600822594105
"chr14:50593896:50595576:clu_19406:ENSG00000198513.11",0.0130827386346391,0.00444297779499256,0.00323385078105864
"chr14:50420106:50423121:clu_19388:ENSG00000012983.11",-0.00296258817149024,0.00459329752372513,0.518939704328343
"chr14:50665619:50667382:clu_19411:ENSG00000151748.14",0.005491065703224,0.00382768176957871,0.151410542554454
"chr14:102322842:102325985:clu_20317:ENSG00000022976.15",0.00671663771289643,0.00321406342381515,0.0366389019115426
"chr14:102350048:102355772:clu_20321:ENSG00000100865.14",-0.00692447231025802,0.00341186391368263,0.0424045708964164
"chr14:101786183:101797211:clu_20300:ENSG00000078304.19",0.00333804254610297,0.00343436935496831,0.331074373098025
"chr14:102229657:102231707:clu_20313:ENSG00000080823.22",0.00157232468132649,0.00438122728640089,0.719686598137105
"chr14:102229657:102232535:clu_20313:ENSG00000080823.22",-0.00485166353688952,0.00509261206213138,0.340748858215205
"chr14:45118125:45120887:clu_19332:ENSG00000100442.10",-0.0075899976496155,0.00546864542160671,0.165163896479008
"chr14:45068643:45071712:clu_19325:ENSG00000198718.12",0.00173842932263222,0.00627157291486962,0.781632745394594
"chr14:94383241:94390457:clu_20203:ENSG00000197249.13",0.00649388599493489,0.0023407777920117,0.00553303617459178
"chr14:73253961:73254513:clu_19809:ENSG00000100767.15",0.00175060538403583,0.00371613910244933,0.637582343246013
"chr14:73877168:73879096:clu_19839:ENSG00000140043.11",0.00115091108448366,0.00391682980970689,0.768882155465995
"chr14:73789116:73802885:clu_19836:ENSG00000259065.1",-0.00114029265807582,0.0037815757934696,0.763003500246457
"chr14:73259545:73260709:clu_19810:ENSG00000100767.15",-0.014305311239721,0.00509036482422846,0.00494996015104399
"chr14:74040645:74046060:clu_19861:ENSG00000119636.15",-0.00447959604098356,0.00454335666228658,0.324149706100209
"chr14:73252775:73253754:clu_19809:ENSG00000100767.15",-0.000178241984617762,0.0035252979929427,0.959675477798429
"chr14:73987145:73987886:clu_19855:ENSG00000187097.12",0.00140732249576586,0.00452771567248542,0.755934457071161
"chr14:73898262:73904902:clu_19842:ENSG00000119725.18",-0.00289100075805356,0.0041758855754632,0.488743661511684
"chr14:73058705:73064972:clu_19795:ENSG00000119707.13",0.00387033247700579,0.00371895948384949,0.298013387336515
"chr14:73976015:73976324:clu_19852:ENSG00000187097.12",-0.00408614822142286,0.00411770049921033,0.321032963223497
"chr14:74050195:74055584:clu_19861:ENSG00000119636.15",-0.00700688963970578,0.00473017785847504,0.138522302652766
"chr14:74300268:74302875:clu_19875:ENSG00000119688.20",-0.00362226561312267,0.00353757794737962,0.305863875940963
"chr14:74504054:74504778:clu_19878:ENSG00000119681.11",-0.00621311063779245,0.00327937484187702,0.0581451292777948
"chr14:75084686:75086781:clu_19926:ENSG00000119638.12",-0.0082263017380053,0.00347655004269837,0.017970489785652
"chr14:73950180:73953435:clu_19847:ENSG00000119723.16",0.00191110158943626,0.00395123939651487,0.628619075839302
"chr14:73988172:73996650:clu_19856:ENSG00000187097.12",0.00879792365358164,0.00485587641902458,0.0700156167633328
"chr14:75902224:75954424:clu_19958:ENSG00000119685.19",0.000351776121657421,0.00304465573669679,0.908018002980759
"chr14:76151991:76154354:clu_19967:ENSG00000089916.17",0.000156198607594339,0.00300292759551162,0.958516388756903
"chr14:75735289:75737566:clu_19949:ENSG00000119685.19",-0.00131413254515754,0.0035325149818224,0.709885056837597
"chr14:75960386:75960923:clu_19960:ENSG00000119699.7",0.00366273252883258,0.00389074615763005,0.346502007570638
"chr14:75053659:75063954:clu_19923:ENSG00000119640.8",0.0143009647574945,0.00472452276071692,0.00247022607216396
"chr14:75432336:75437898:clu_19937:ENSG00000140044.12",0.00501893293419601,0.00369257363115393,0.174084349064595
"chr14:75428252:75437898:clu_19937:ENSG00000140044.12",-0.00237118917726538,0.00394112504917512,0.547405231450727
"chr14:75902224:75954424:clu_19958:ENSG00000119650.12",0.000427441598312287,0.00297551526557573,0.885774512216646
"chr14:74692328:74698764:clu_19895:ENSG00000119682.16",-0.0169232008848917,0.00374259991188242,6.13227467172184e-06
"chr14:95104126:95105071:clu_20207:ENSG00000100697.14",-0.00399193219188117,0.00336072413784652,0.234904702863712
"chr14:94111773:94114851:clu_20195:ENSG00000165949.12",0.00329185585056201,0.00300688536736071,0.273616252984589
"chr14:36299190:36300785:clu_19258:ENSG00000151332.18",-0.013977476552782,0.00369953458231925,0.000157983997614131
"chr14:36299187:36300785:clu_19258:ENSG00000151332.18",0.0157673409079209,0.00382007080597052,3.6672899259238e-05
"chr14:75114313:75116192:clu_19933:ENSG00000119638.12",0.00576726082436896,0.00374881167931556,0.123945045255011
"chr14:75941780:75954424:clu_19958:ENSG00000119685.19",0.00178426945697367,0.00305199288805306,0.558800309348943
"chr14:75114313:75117195:clu_19933:ENSG00000119638.12",-0.0109554210620228,0.00430112871889666,0.0108621135995217
"chr14:74799697:74802556:clu_19899:ENSG00000119596.17",-0.00197585131214829,0.00496320790483391,0.690556734991763
"chr14:74821137:74855217:clu_19901:ENSG00000119596.17",-0.00636795432778423,0.00363235365105285,0.0795812933270093
"chr14:74908932:74909101:clu_19911:ENSG00000198208.11",0.00351033130982922,0.00390935930062565,0.369222826921927
"chr14:75735289:75745095:clu_19949:ENSG00000119685.19",0.00152632357856587,0.00322678477696869,0.636201156038961
"chr14:75941780:75954424:clu_19958:ENSG00000119650.12",0.00456040585971296,0.00290029377173313,0.115859098240547
"chr14:90286492:90288217:clu_20087:ENSG00000119720.17",0.00568524334550763,0.00341717173973481,0.0961668542042947
"chr14:88602083:88602828:clu_20058:ENSG00000100722.18",0.000124629639677509,0.00387901848962894,0.974369042106353
"chr14:89993483:90019316:clu_20085:ENSG00000042088.13",0.00265078060748641,0.00393467530007431,0.500503700976433
"chr14:89350808:89411934:clu_20078:ENSG00000053254.15",-0.00431461316086299,0.00368134114396665,0.241188185341934
"chr14:21263829:21269298:clu_18890:ENSG00000092199.17",-0.000654379327030665,0.00460913781328614,0.887100269260275
"chr14:22905453:22905606:clu_18940:ENSG00000100461.17",0.01194320511032,0.00239834387102836,6.36592999536667e-07
"chr14:22575233:22588947:clu_18917:ENSG00000129562.10",-0.00582866902340313,0.00489287970479102,0.233553364683741
"chr14:21468752:21474867:clu_18902:ENSG00000129472.13",0.00138214639536916,0.00312843070184169,0.658632617386377
"chr14:22909595:22911328:clu_18941:ENSG00000100461.17",-0.00368697072377004,0.00303684666187001,0.224717688389353
"chr14:22999156:23000959:clu_18953:ENSG00000100802.14",-0.00385019273154819,0.00316480755371606,0.223769930916342
"chr14:23076548:23078151:clu_18965:ENSG00000100813.14",0.00123865346354642,0.00284350471976933,0.663121150266009
"chr14:21463767:21468357:clu_18902:ENSG00000129472.13",0.00370554239240361,0.00302339256058281,0.220340213361301
"chr14:21386176:21390947:clu_18896:ENSG00000100888.12",0.00392995522391558,0.00266908974282575,0.140914158457332
"chr14:37556367:37566943:clu_19272:ENSG00000259087.5",0.000851073494685136,0.00401905771246192,0.832294696724579
"chr14:36312024:36314512:clu_19260:ENSG00000151332.18",0.00843156184761269,0.00376127803393367,0.0249824035053766
"chr14:36305304:36308092:clu_19259:ENSG00000151332.18",0.0109735314720034,0.00344456948068041,0.00144380134052668
"chr14:37268793:37270420:clu_19267:ENSG00000151338.18",-0.00137547269495775,0.00343036194323663,0.688442111262321
"chr14:37564366:37578704:clu_19270:ENSG00000258414.1",-0.007540598736524,0.00585867483551401,0.198065481856522
"chr14:37267169:37268658:clu_19267:ENSG00000151338.18",0.0106293334994978,0.00334363467346829,0.00147796462235283
"chr14:37749843:37753099:clu_19279:ENSG00000139865.16",0.00138302996035933,0.0058314615078547,0.81252727226886
"chr14:37701526:37714655:clu_19276:ENSG00000139865.16",-0.00152829142587805,0.00357747128962096,0.669234538567853
"chr14:103571820:103574107:clu_20370:ENSG00000258851.1",0.00943515801320004,0.00376991554138791,0.012323238282925
"chr14:103571820:103574107:clu_20370:ENSG00000256053.7",0.00943515801320004,0.00376991554138791,0.012323238282925
"chr14:103475210:103480437:clu_20361:ENSG00000075413.17",-0.0017071281324696,0.00408440800093253,0.67597475826449
"chr14:103877595:103879404:clu_20399:ENSG00000258914.1",0.00246774754530592,0.00323743952204726,0.445909100871536
"chr14:103914633:103915066:clu_20402:ENSG00000156411.9",-0.00578606034988793,0.0025261697364634,0.0219953613306252
"chr14:103913984:103914479:clu_20402:ENSG00000156411.9",-0.00707802065980243,0.00258690937224681,0.00621737416679236
"chr14:104885267:104885369:clu_20433:ENSG00000099814.15",3.91526633079506e-05,0.00332756728659861,0.990612185393991
"chr14:103715979:103728908:clu_20384:ENSG00000100711.13",-0.0025760641362737,0.00375509293673776,0.49270128921931
"chr14:104868555:104876256:clu_20432:ENSG00000099814.15",0.00205342864933906,0.00326317598714058,0.529170323141632
"chr14:103475210:103480387:clu_20361:ENSG00000075413.17",0.00212543681675973,0.00380604926509536,0.576546356902734
"chr14:69236542:69237575:clu_19739:ENSG00000081177.18",0.0136047196320375,0.00426567826902794,0.00142595589082095
"chr14:70596702:70597618:clu_19762:ENSG00000133997.11",0.00499588820043175,0.00348809128960897,0.15206659076499
"chr14:73852120:73858816:clu_19837:ENSG00000140043.11",-0.00580035734827292,0.00443341614400504,0.190762474195463
"chr14:73959224:73959415:clu_19850:ENSG00000119723.16",0.0127760623937078,0.00469207989852311,0.00647117242192252
"chr14:74289519:74290027:clu_19872:ENSG00000119688.20",0.00904921012106341,0.00500802605380345,0.0707714006160436
"chr14:74019534:74029184:clu_19859:ENSG00000119636.15",-0.00365425204346125,0.00407915450609389,0.370340544674239
"chr14:73852004:73858816:clu_19837:ENSG00000140043.11",-0.00677593932599151,0.00307019321915227,0.0273135384471882
"chr14:73886915:73892027:clu_19840:ENSG00000119725.18",0.0029062605602904,0.00426958528886257,0.496068176607411
"chr14:74918605:74919845:clu_19912:ENSG00000198208.11",0.000839496401148848,0.00424375678209397,0.843186555020109
"chr14:74891167:74892834:clu_19906:ENSG00000119689.14",0.00497816970159547,0.00561133972286378,0.374991464339766
"chr14:74882016:74882591:clu_19903:ENSG00000119689.14",-0.0022769021715394,0.00446584674319607,0.610158089386553
"chr14:74714943:74715951:clu_19896:ENSG00000119616.11",0.00190127885741921,0.0036490742499489,0.602345548146085
"chr14:74821137:74824256:clu_19901:ENSG00000119596.17",0.000306464162980307,0.00457489415577468,0.946591055668424
"chr14:74891299:74892834:clu_19906:ENSG00000119689.14",-0.00350760216407822,0.00647346103387204,0.587926387719822
"chr14:73687385:73689375:clu_19832:ENSG00000119661.14",-0.00553191551345728,0.00343807896818913,0.107613387214304
"chr14:73922697:73923395:clu_19844:ENSG00000119725.18",0.00457891866767405,0.00436173670644761,0.293813504594208
"chr14:73921105:73922066:clu_19844:ENSG00000119725.18",-0.000574490183694198,0.00335948379344827,0.864219446108907
"chr14:74713259:74713485:clu_19896:ENSG00000119616.11",-0.0110815830676575,0.00343813802053291,0.00126795769516508
"chr14:73284374:73287110:clu_19816:ENSG00000133961.19",-0.000585959577331892,0.0036118325032469,0.87112212199189
"chr14:73986893:73987886:clu_19855:ENSG00000187097.12",0.0125239132927169,0.0037428947484886,0.000819715877345417
"chr14:74023144:74029184:clu_19859:ENSG00000119636.15",0.0110633170685619,0.0045186590007714,0.0143507032208299
"chr14:73787509:73789027:clu_19835:ENSG00000259065.1",0.0002114856099268,0.0041476251607822,0.959333834274112
"chr14:74019534:74022916:clu_19859:ENSG00000119636.15",-0.00342873954394796,0.00356945454859055,0.33676439019411
"chr14:73958245:73958971:clu_19849:ENSG00000119723.16",0.0044611747959442,0.00357928913543974,0.212622828453299
"chr14:73851943:73858816:clu_19837:ENSG00000140043.11",0.00509785803969393,0.00276442445859206,0.0651694694896189
"chr14:74298069:74300150:clu_19875:ENSG00000119688.20",0.0107557261917299,0.00304095460810128,0.000404765306610599
"chr14:74782325:74797580:clu_19899:ENSG00000119596.17",-0.00679420314359177,0.00428473635947326,0.112812850935687
"chr14:74670126:74670762:clu_19890:ENSG00000119682.16",-0.00978292408404819,0.00373518609306426,0.00881553052819695
"chr14:73645042:73654847:clu_19829:ENSG00000119661.14",-0.00239457638104937,0.00390261189279126,0.539490908605614
"chr14:73958277:73958829:clu_19849:ENSG00000119723.16",0.00193814324060712,0.00416416880317512,0.641621120951292
"chr14:74669774:74669947:clu_19890:ENSG00000119682.16",0.0119002281874228,0.00381577696022391,0.0018165653414205
"chr14:74288259:74288716:clu_19870:ENSG00000119688.20",0.00775685041464577,0.00560324737622777,0.166251589019479
"chr14:74713552:74714872:clu_19896:ENSG00000119616.11",0.00826144913575839,0.00403305891379029,0.0405176353280298
"chr14:74674111:74675699:clu_19891:ENSG00000119682.16",0.00449083109844937,0.0048318379133436,0.352668861081942
"chr14:74296449:74297930:clu_19875:ENSG00000119688.20",0.000824616933746311,0.00527917152462567,0.875873832676572
"chr14:73974985:73976324:clu_19852:ENSG00000187097.12",0.0151629188782436,0.00485547953737587,0.00179110934743143
"chr14:73961903:73962970:clu_19850:ENSG00000119723.16",-0.00392581621471872,0.00625789802896122,0.53043780610156
"chr14:73923522:73931503:clu_19845:ENSG00000119725.18",-0.00720709287720155,0.00344727510437409,0.0365582224042766
"chr14:73892107:73893797:clu_19840:ENSG00000119725.18",-0.00796412889998756,0.00413749834715551,0.0542461544910255
"chr14:73927228:73931503:clu_19845:ENSG00000119725.18",0.00473755501841262,0.00383496351606837,0.216697087197068
"chr14:71307363:71310558:clu_19772:ENSG00000259146.3",0.0169855647960691,0.00390172276340672,1.34072841349031e-05
"chr14:71076419:71088330:clu_19768:ENSG00000100731.15",0.00451317712766505,0.0050461752075109,0.371120841227915
"chr14:50109713:50112615:clu_19372:ENSG00000100483.13",-0.0036563222318648,0.00345814300563136,0.290371047729118
"chr14:75084686:75087018:clu_19926:ENSG00000119638.12",0.0125644942315294,0.004088090192426,0.002116072219423
"chr14:74782325:74802556:clu_19899:ENSG00000119596.17",-0.00196885895712144,0.00459558611456443,0.668342522387456
"chr14:74889952:74891056:clu_19905:ENSG00000119689.14",-0.00418693703206879,0.00414840816603311,0.312836712484469
"chr14:74555693:74585854:clu_19886:ENSG00000119681.11",0.00599460048630863,0.00420486565672389,0.153973945220075
"chr14:74889349:74889897:clu_19905:ENSG00000119689.14",0.00216728033507292,0.00447012914116112,0.627792556413213
"chr14:75120580:75121119:clu_19934:ENSG00000119638.12",-0.0108951226928154,0.0034072703007318,0.00138571393558984
"chr14:75053659:75056447:clu_19923:ENSG00000119640.8",0.00333402819089368,0.00432740121884599,0.441035480911764
"chr14:75053659:75061684:clu_19923:ENSG00000119640.8",-0.00927551749960019,0.00352403411808313,0.00848654526095716
"chr14:96332655:96333688:clu_20234:ENSG00000066739.11",0.00254100207055914,0.00293028475749004,0.385858772821929
"chr14:74953943:74955168:clu_19916:ENSG00000119630.13",0.011711642259919,0.00449803932647238,0.00922176243665906
"chr14:73410068:73458493:clu_19819:ENSG00000133961.19",0.0105491444166006,0.00387144564928511,0.00643289075410081
"chr14:75097270:75100992:clu_19930:ENSG00000119638.12",-0.00239473392724991,0.00513304689398042,0.640834288649331
"chr14:74065360:74066705:clu_19863:ENSG00000119711.12",7.88137154254554e-05,0.00351467199763119,0.982109574666572
"chr14:74910148:74911248:clu_19911:ENSG00000198208.11",-0.00212678535072445,0.0037876924985162,0.574457447727243
"chr14:74064920:74065181:clu_19863:ENSG00000119711.12",0.00337418226349577,0.00341491165093929,0.323116860016121
"chr14:74882016:74885586:clu_19903:ENSG00000119689.14",-0.0140866543674013,0.00444531537329684,0.00153029529605264
"chr14:99706253:99706647:clu_20261:ENSG00000036530.8",0.00166481510885603,0.0033181523218765,0.615857767343728
"chr14:100141089:100141180:clu_20274:ENSG00000196405.12",-0.0109799043006555,0.00301415267775288,0.000269706139613413
"chr14:102508549:102509529:clu_20330:ENSG00000156381.8",-0.00182808521386212,0.00259336049025196,0.480866373598901
"chr14:102233789:102235365:clu_20314:ENSG00000080823.22",0.011750438892311,0.00406926809508468,0.00388187019683595
"chr14:102941398:102943891:clu_20339:ENSG00000198752.10",-0.0314815232743464,0.00528739255725394,2.61549437663433e-09
"chr14:102233789:102250812:clu_20314:ENSG00000080823.22",-0.00959802982916064,0.00387341625110515,0.0132149411145969
"chr14:102231821:102232535:clu_20313:ENSG00000080823.22",-0.00737487062118451,0.00372992784886405,0.0480172925150939
"chr14:102508846:102509529:clu_20330:ENSG00000156381.8",-0.00221698194370703,0.00308997902513618,0.473081207984799
"chr14:91217171:91223676:clu_20106:ENSG00000133943.20",-0.00624006270761928,0.00389121155287217,0.108795683518161
"chr14:89190449:89280950:clu_20076:ENSG00000053254.15",-0.00266991976368198,0.0031408994306173,0.395297606476168
"chr14:91060704:91157639:clu_20100:ENSG00000133943.20",-0.00233669561467384,0.00392279095196854,0.551394557285102
"chr14:90397233:90400065:clu_20091:ENSG00000198668.10",0.00784392512829525,0.00367094961131702,0.0326178088853248
"chr14:56616027:56617183:clu_19510:ENSG00000070269.13",-0.00333750159157167,0.00366251976776577,0.362159284606737
"chr14:75124223:75126905:clu_19934:ENSG00000119638.12",-0.00344193753572489,0.00498364299576866,0.489787472785695
"chr14:73953569:73955451:clu_19848:ENSG00000119723.16",0.00138655033157147,0.00452930220925731,0.759506499732949
"chr14:73959522:73961173:clu_19850:ENSG00000119723.16",-0.00844109796168872,0.00459907404248712,0.0664478131158546
"chr14:75121174:75124046:clu_19934:ENSG00000119638.12",0.0170740823803442,0.00412949748507862,3.55475158667629e-05
"chr14:74292869:74293154:clu_19873:ENSG00000119688.20",0.0071135657920233,0.00524366840189702,0.174908024202866
"chr14:74493845:74494050:clu_19876:ENSG00000165898.13",0.00235564924377499,0.00509709577530118,0.64397003792101
"chr14:73953569:73955805:clu_19848:ENSG00000119723.16",-0.0118916801088085,0.00565418957737876,0.0354515574768309
"chr14:75038412:75041615:clu_19922:ENSG00000119684.15",0.0096180832921076,0.00282602241546998,0.000665528906064083
"chr14:73574407:73574908:clu_19827:ENSG00000119673.14",0.00121653429584952,0.00352188344509679,0.729777508937585
"chr14:73593904:73595049:clu_19828:ENSG00000177465.4",-0.0110857764093034,0.00459448314965262,0.0158285425597305
"chr14:73946605:73949973:clu_19851:ENSG00000156050.8",0.00174965326360261,0.00630712648209239,0.781466118784426
"chr14:73860657:73874023:clu_19838:ENSG00000140043.11",0.000567454415704364,0.00453977225556196,0.900526535183249
"chr14:73573590:73574908:clu_19827:ENSG00000119673.14",0.00122189916493885,0.00331252165521414,0.712222532259279
"chr14:74922485:74923180:clu_19913:ENSG00000198208.11",-0.00214373452183081,0.00360783513926479,0.552385974569987
"chr14:73888364:73892027:clu_19840:ENSG00000119725.18",-0.00184381831208268,0.00458387693579323,0.687507462478981
"chr14:73874676:73876998:clu_19839:ENSG00000140043.11",0.00525747008308539,0.00351574630249081,0.134808369614653
"chr14:73946605:73949973:clu_19851:ENSG00000187097.12",0.00052536725049213,0.00631360892826028,0.933683068896523
"chr14:77924606:77931518:clu_20027:ENSG00000063761.15",0.00846179971397957,0.00424376940140735,0.0461591745682166
"chr14:76803912:76804375:clu_19979:ENSG00000013523.9",-0.000663056042648786,0.00301589110759448,0.825984780026807
"chr14:77562489:77570384:clu_20015:ENSG00000100596.6",-0.00389351274382737,0.00328099362979124,0.235351073871902
"chr14:76806849:76807433:clu_19979:ENSG00000013523.9",0.000623941707832699,0.003198660207889,0.845343272572188
"chr14:77708208:77710838:clu_20019:ENSG00000119705.9",-0.000214352132712735,0.00241990771110616,0.929416784569882
"chr14:77557146:77562396:clu_20015:ENSG00000100596.6",0.0112028561344265,0.00400496322042915,0.00515407211362895
"chr14:77328037:77329123:clu_19996:ENSG00000100577.18",-0.00219719362379148,0.002760665867812,0.426094444119732
"chr14:77468508:77468590:clu_20012:ENSG00000100591.7",-0.000132399350611499,0.00361620020974899,0.970793707556998
"chr14:77301249:77302835:clu_19992:ENSG00000009830.11",0.000908331656783953,0.00293097022785512,0.756630780084481
"chr14:77299561:77302835:clu_19992:ENSG00000009830.11",0.00803988082748728,0.00303486598833537,0.00806893464179292
"chr14:77468508:77469077:clu_20012:ENSG00000100591.7",-0.00287445098766766,0.00349045002806239,0.410213068278883
"chr14:91216460:91224684:clu_20106:ENSG00000133943.20",0.00195456698283655,0.00421280566563035,0.642677481294357
"chr14:91244499:91250765:clu_20110:ENSG00000258875.5",-0.00462862926657811,0.00327441157186006,0.157486463135829
"chr14:35122635:35122952:clu_19240:ENSG00000100890.15",0.00146310818743017,0.00345790586069831,0.672207909418027
"chr14:35007387:35008627:clu_19230:ENSG00000100883.11",-0.00527784795180804,0.00437614914766189,0.227798804804399
"chr14:34983215:34996677:clu_19228:ENSG00000100883.11",-0.00430996610719473,0.00392312687984829,0.271940473558802
"chr14:35110642:35112864:clu_19239:ENSG00000151327.12",0.00497917232086411,0.00329506896256208,0.130763468614683
"chr14:53051927:53054438:clu_19466:ENSG00000100523.14",-0.00816518726154556,0.00352984444499835,0.0207124070315707
"chr14:52707304:52708309:clu_19454:ENSG00000100519.11",-0.00877799151542866,0.00341971220869519,0.0102618062697163
"chr14:52784664:52791428:clu_19460:ENSG00000100522.8",-0.0102387690169438,0.0035959772276116,0.00440939831323472
"chr14:53046949:53054438:clu_19466:ENSG00000100523.14",-0.00555198995910159,0.00393966429485128,0.158759903390119
"chr14:52671871:52678434:clu_19452:ENSG00000197930.12",-0.00770164921159544,0.00330705303964178,0.0198667132198441
"chr14:52683907:52695368:clu_19453:ENSG00000197930.12",-0.00781579783502085,0.00485135757637546,0.107168006844175
"chr14:52682408:52683788:clu_19453:ENSG00000197930.12",0.00682270103630282,0.00395689306121546,0.0846614364422154
"chr14:58247832:58252119:clu_19533:ENSG00000100567.12",0.00396666829504738,0.00423960129325207,0.349467350804035
"chr14:58410938:58424008:clu_19542:ENSG00000100575.13",0.00412513437241262,0.00396135758733916,0.29771610808768
"chr14:88843850:88846848:clu_20072:ENSG00000165533.18",-0.00337670743117495,0.00332626468450866,0.310027189624102
"chr14:88627819:88634469:clu_20065:ENSG00000165521.15",0.00673471552333339,0.00374403874393863,0.0720529171539634
"chr14:88843850:88846845:clu_20072:ENSG00000165533.18",-0.00102876864871606,0.00436316781063952,0.813599663659762
"chr14:61030523:61037059:clu_19587:ENSG00000139974.15",-0.0058858101257574,0.00447446279257565,0.18836786575603
"chr14:61052985:61078830:clu_19589:ENSG00000139974.15",0.0337526046742266,0.00488742790716545,4.98490138056695e-12
"chr14:61030523:61037625:clu_19587:ENSG00000139974.15",-0.0108784109432969,0.00453339186005184,0.0164121670150127
"chr14:66508591:66681107:clu_19673:ENSG00000171723.15",-0.00147406542659403,0.00474840371006966,0.756231027076698
"chr14:64511384:64521487:clu_19648:ENSG00000126804.13",-0.00299678417645794,0.00404770523859644,0.4590778175958
"chr14:68468250:68477648:clu_19719:ENSG00000182185.18",-0.0209247043287699,0.00430430203598346,1.16589874521456e-06
"chr14:69424202:69442069:clu_19744:ENSG00000029364.11",-0.00434387506587576,0.00319661925724557,0.174179353859509
"chr14:69442266:69454812:clu_19744:ENSG00000029364.11",-0.00124407085654499,0.00487651281341651,0.798634391500196
"chr14:67590172:67592315:clu_19696:ENSG00000100564.8",-0.0143124088521333,0.00528991285704164,0.00681803162611749
"chr14:91895072:91936947:clu_20130:ENSG00000140092.14",0.000138396202084117,0.00319213944514875,0.965418299915443
"chr14:92131133:92134011:clu_20151:ENSG00000165934.12",-0.000877180563154038,0.00303641984621449,0.772668269898344
"chr14:91891337:91894950:clu_20130:ENSG00000140092.14",0.00115734724051431,0.00325303371278544,0.722009263603416
"chr14:91215556:91224684:clu_20106:ENSG00000133943.20",-0.00496249610832856,0.00530412084035555,0.349482995708852
"chr14:91359711:91408659:clu_20115:ENSG00000015133.18",0.00215010818668218,0.00318324188121468,0.499392410366197
"chr14:91223795:91224684:clu_20106:ENSG00000133943.20",0.00776054033182078,0.00485788749315169,0.11015131469737
"chr14:92704361:92706483:clu_20163:ENSG00000100600.14",0.00128744356183724,0.00436444705164254,0.768005837534071
"chr14:91873675:91877487:clu_20129:ENSG00000140092.14",0.000496087085280082,0.00376330386801742,0.895124907779591
"chr14:91145313:91147781:clu_20100:ENSG00000133943.20",0.00949021841790424,0.00498872223952241,0.0571274383472203
"chr14:91466416:91470837:clu_20118:ENSG00000100796.17",0.000276156576950907,0.00325630138237884,0.932414968632099
"chr14:91995515:91999240:clu_20138:ENSG00000100815.12",-0.00376485349526007,0.00307408229666849,0.220685220355534
"chr14:91216460:91217066:clu_20106:ENSG00000133943.20",-0.0031214642860558,0.00349893115302238,0.372328949006336
"chr14:92134170:92134250:clu_20151:ENSG00000165934.12",-0.000171821098240612,0.00308999227025298,0.955655945488789
"chr14:91173439:91175934:clu_20102:ENSG00000133943.20",-0.000129735266525478,0.00376361716557673,0.97250164792622
"chr14:91993912:91995352:clu_20138:ENSG00000100815.12",0.00196151879614579,0.00308302516168612,0.524625317926209
"chr14:92941904:92946331:clu_20172:ENSG00000100605.16",-0.00282847162754176,0.00319703205653665,0.376308775301025
"chr14:92946493:92951946:clu_20174:ENSG00000100605.16",0.00152940476929143,0.00301821561536097,0.612347911862477
"chr14:92962849:92993880:clu_20175:ENSG00000100605.16",0.00531084670269011,0.00278075204581772,0.0561512599801256
"chr14:92155323:92156479:clu_20153:ENSG00000165934.12",-0.00371208097111678,0.00344596826832609,0.281380043818821
"chr14:92156631:92157659:clu_20153:ENSG00000165934.12",0.00369706606920169,0.00332022874004883,0.265494864390516
"chr14:92033253:92039547:clu_20142:ENSG00000100815.12",0.01113951759829,0.00390046261715544,0.00429085684464259
"chr14:99481479:99492626:clu_20254:ENSG00000090061.17",0.00229869118295519,0.00298819810016382,0.441740981602194
"chr14:100298885:100299015:clu_20280:ENSG00000197119.12",0.00152865914304961,0.00457631411193959,0.738351489296368
"chr14:99700101:99703723:clu_20261:ENSG00000036530.8",-0.000281225819378956,0.00341671296120123,0.934401092637897
"chr14:99481614:99492626:clu_20254:ENSG00000090061.17",-0.00783261468123835,0.00307876783417176,0.0109567718613579
"chr14:100361921:100365954:clu_20282:ENSG00000140105.17",0.00155326972768604,0.00326074127954213,0.633821637611093
"chr14:95193415:95193849:clu_20218:ENSG00000165959.11",-0.00164620879225412,0.00231032497483014,0.476127816057685
"chr14:95191732:95193849:clu_20218:ENSG00000165959.11",3.46318993161823e-05,0.00224354031830125,0.987684125742107
"chr14:88572225:88572578:clu_20056:ENSG00000100722.18",-0.00159102904840574,0.00404241085806733,0.693888047317367
"chr14:88084155:88086828:clu_20045:ENSG00000258867.5",0.00585133068656956,0.00385942752107343,0.12949062122983
"chr14:88609803:88610834:clu_20062:ENSG00000100722.18",-0.00381906114939991,0.00363831957454836,0.293866544038683
"chr14:88610940:88611745:clu_20062:ENSG00000100722.18",0.00131007648493749,0.00369479075727568,0.722908808461188
"chr14:52027344:52028722:clu_19439:ENSG00000087303.17",0.0126313290082004,0.00274421316215116,4.16655426260792e-06
"chr14:50754867:50759857:clu_19414:ENSG00000100503.23",0.00674669186960027,0.00493073052885731,0.17121988592063
"chr14:50754867:50756492:clu_19414:ENSG00000100503.23",-0.00122373457097187,0.00411355918057655,0.766093953781447
"chr14:52020178:52028722:clu_19439:ENSG00000087303.17",-0.0112060116425164,0.00320362692693143,0.000468912220864981
"chr14:64214470:64216248:clu_19630:ENSG00000054654.16",0.00125513403420942,0.00574259477636469,0.826988403083812
"chr14:55129300:55138045:clu_19491:ENSG00000131981.15",-0.000684805957058216,0.00537709447898066,0.898658534621221
"chr14:54515393:54522454:clu_19480:ENSG00000100532.11",-0.0149894412596116,0.00432790716397425,0.000533318052527099
"chr14:53953400:53956759:clu_19472:ENSG00000125378.15",-1.50139262642271e-05,0.00364988295079843,0.996717882096325
"chr14:55027471:55042952:clu_19489:ENSG00000180008.8",0.00703379747518775,0.00306982906324791,0.021947986400035
"chr14:55031991:55042952:clu_19489:ENSG00000180008.8",-0.00523441535766697,0.00459152885256904,0.25427972595533
"chr14:94057897:94060098:clu_20192:ENSG00000089737.16",0.00432251874147867,0.00265703763472834,0.103775590376802
"chr14:94055184:94057822:clu_20192:ENSG00000089737.16",-0.00534130413737614,0.00238064800682966,0.0248559238955718
"chr14:94102059:94102477:clu_20197:ENSG00000165948.10",-0.00511524106053728,0.00292744978024461,0.0805789137381137
"chr14:60092419:60114700:clu_19568:ENSG00000126773.12",0.010052600260313,0.00435327081043134,0.0209321376843653
"chr14:61046167:61050512:clu_19589:ENSG00000139974.15",-0.0392317733719018,0.00611629716382054,1.41470057890558e-10
"chr14:60116060:60118329:clu_19570:ENSG00000126773.12",0.0329516212781783,0.00567999157756671,6.57829801742338e-09
"chr14:60277091:60282684:clu_19575:ENSG00000100614.17",-0.01057336360521,0.0038418135614172,0.00591999172840441
"chr14:60108327:60114700:clu_19568:ENSG00000126773.12",-0.018092202301612,0.00502862467797786,0.000320867148723702
"chr14:61078927:61083555:clu_19593:ENSG00000139974.15",-0.010169875511053,0.00367539045410031,0.00565714441910192
"chr14:61453353:61457176:clu_19598:ENSG00000027075.14",-0.011773773409029,0.0047400531737475,0.0129955734104148
"chr14:61530595:61547743:clu_19600:ENSG00000027075.14",-0.00959012377049372,0.00456170576037306,0.0355260498462049
"chr14:60734951:60796217:clu_19584:ENSG00000020426.10",0.0138157633286867,0.00481847888644648,0.0041406129226752
"chr14:32094386:32117143:clu_19202:ENSG00000100852.12",-0.00422987381502004,0.00318622132042761,0.184326220239509
"chr14:67772210:67775016:clu_19711:ENSG00000072121.15",-0.00306630821272565,0.005404291043864,0.570453325129473
"chr14:69191591:69203917:clu_19736:ENSG00000081177.18",0.0111976651919881,0.00307333574033515,0.000268967074292914
"chr14:70342729:70359519:clu_19758:ENSG00000133983.14",0.0180741363322938,0.00298324180722272,1.37349276396748e-09
"chr14:70342729:70359519:clu_19758:ENSG00000213463.4",0.0184730777200933,0.00297911612211975,5.61559687639601e-10
"chr14:68882592:68884168:clu_19724:ENSG00000072110.13",0.000918630815089577,0.00352572924833681,0.79443910174106
"chr14:71052012:71055504:clu_19767:ENSG00000100731.15",0.00510286523313564,0.00455829572012193,0.262940625008109
"chr14:23066008:23067314:clu_18964:ENSG00000100813.14",0.00746292217048834,0.00456899174330102,0.102388068565594
"chr14:21234229:21262594:clu_18890:ENSG00000092199.17",0.00376965896237369,0.00341173126389526,0.269198211445522
"chr14:22948013:22950314:clu_18946:ENSG00000092036.18",-0.00134887769829154,0.0024323291150158,0.579194174505379
"chr14:22904171:22904261:clu_18936:ENSG00000100461.17",0.00255688781901568,0.00307728341752255,0.406035075654509
"chr14:22842035:22842410:clu_18932:ENSG00000157227.12",0.00366412508187767,0.00323632578188791,0.257555940766002
"chr14:22927614:22928497:clu_18945:ENSG00000100462.15",8.13643613174429e-05,0.00281955265352913,0.976978490325767
"chr14:24292330:24292652:clu_19107:ENSG00000157379.13",-0.00904364199509664,0.00417533129706019,0.0303134855993862
"chr14:24214151:24214262:clu_19088:ENSG00000213920.8",-0.00881440119391013,0.0038133855480224,0.0208087184740837
"chr14:24266517:24266776:clu_19099:ENSG00000100949.14",0.000214549013320162,0.00411626598930062,0.958431290249393
"chr14:24321821:24321900:clu_19119:ENSG00000129467.13",0.00788809771094037,0.00276655934341208,0.00435504197100989
"chr14:24321821:24322066:clu_19119:ENSG00000129467.13",-0.0030037519855062,0.00296918467629173,0.31170924669706
"chr14:24084745:24114722:clu_19023:ENSG00000129535.12",0.0132407214371941,0.0033030678289548,6.10763494575117e-05
"chr14:24374466:24375975:clu_19133:ENSG00000100968.13",0.00834803483049496,0.00365478138989217,0.0223632647728897
"chr14:24266889:24267660:clu_19100:ENSG00000100949.14",-0.00627665664342938,0.00351729973309794,0.0743408268742209
"chr14:23571920:23575685:clu_19018:ENSG00000092051.16",-0.0018722044273934,0.00369628401720514,0.612498745471429
"chr14:24163959:24164063:clu_19063:ENSG00000213928.8",-0.0069151213395979,0.00302383504009021,0.0222033406807821
"chr14:24241311:24241675:clu_19095:ENSG00000092330.15",-0.00049978647378806,0.00366999245348713,0.891677498969659
"chr14:23995133:24000863:clu_19027:ENSG00000187630.15",0.00337724614398116,0.00322524557792324,0.295040376415239
"chr14:24323454:24324062:clu_19120:ENSG00000129467.13",0.00550960806099348,0.00330648078379762,0.0956525249138991
"chr14:24291625:24292184:clu_19106:ENSG00000157379.13",0.00374073030534384,0.00285339435797968,0.189866016191759
"chr14:24330327:24331018:clu_19124:ENSG00000129467.13",0.00127994142915791,0.00340099655178007,0.706661875453725
"chr14:24163508:24163878:clu_19063:ENSG00000213928.8",0.00478685046021395,0.00288853650245714,0.0974813018105176
"chr14:24330694:24331018:clu_19124:ENSG00000129467.13",-0.00582216455013495,0.00266400583915838,0.028852761623965
"chr14:24211512:24211680:clu_19087:ENSG00000254505.9",-0.00203304514433376,0.00362689337783173,0.575106213646562
"chr14:23990359:23995032:clu_19027:ENSG00000187630.15",-0.0123200793393378,0.00277507222406376,9.01460461288917e-06
"chr14:24330066:24330168:clu_19124:ENSG00000129467.13",0.0102683061499299,0.00339195052624317,0.00246784001345202
"chr14:71685631:71698981:clu_19778:ENSG00000197555.9",-0.013267277486985,0.00368351588934142,0.000316024771589096
"chr14:70353252:70359519:clu_19758:ENSG00000133983.14",-0.0142654217987421,0.00233338328660233,9.7395269627043e-10
"chr14:70353252:70359519:clu_19758:ENSG00000213463.4",-0.0142654217987421,0.00233338328660233,9.7395269627043e-10
"chr14:69771105:69771197:clu_19751:ENSG00000100650.15",0.0132090088624139,0.00635394815590525,0.0376296385045108
"chr14:71089342:71101990:clu_19770:ENSG00000100731.15",-0.000150726769276191,0.00385936363385512,0.968846678320006
"chr14:70326449:70328166:clu_19757:ENSG00000133983.14",-0.00696842106768456,0.00292143279158971,0.0170663510981897
"chr14:69771105:69771194:clu_19751:ENSG00000100650.15",-0.0214182707432343,0.00634685684520461,0.000739159592256344
"chr14:70326449:70329174:clu_19757:ENSG00000133983.14",0.00160735222338366,0.00259102163103791,0.53502434622666
"chr14:69994480:70010754:clu_19752:ENSG00000198732.10",-0.00882925133666977,0.00361182777129914,0.0145037678328471
"chr14:69977965:69992417:clu_19752:ENSG00000198732.10",0.00825407112574513,0.00375899738366018,0.0281050297490241
"chr14:69075411:69089948:clu_19732:ENSG00000139990.17",-0.00830946401762968,0.00323103462707925,0.0101181342941636
"chr14:69122360:69152765:clu_19734:ENSG00000139990.17",0.000693837587512961,0.00269570883191391,0.79688084535498
"chr14:68878523:68879962:clu_19723:ENSG00000072110.13",0.00326066642373092,0.00676743986243613,0.629936072354095
"chr14:69091156:69091674:clu_19732:ENSG00000139990.17",-0.00491807030172893,0.00351241572906233,0.161454646346337
"chr14:68925672:68978952:clu_19730:ENSG00000072110.13",0.019239758979544,0.00531883286688706,0.000297704116744679
"chr14:39151839:39154211:clu_19293:ENSG00000182400.14",0.00258044478899315,0.00374905512454762,0.491268895160206
"chr14:39151839:39158285:clu_19293:ENSG00000182400.14",-0.0030848589012492,0.00372314861220701,0.407352383107555
"chr14:58252242:58257745:clu_19533:ENSG00000100567.12",0.00271939796439134,0.00390022366429968,0.485651644819167
"chr14:57581433:57589216:clu_19522:ENSG00000151812.14",-0.00143909119193666,0.00367114511747157,0.695057749705043
"chr14:58490240:58492144:clu_19549:ENSG00000100578.14",-0.00226178261513595,0.0032350031325286,0.484452465375992
"chr14:58274010:58291635:clu_19531:ENSG00000257621.7",0.00816551726057472,0.00515717246492133,0.113345765812897
"chr14:58361042:58364170:clu_19539:ENSG00000032219.18",0.000721031596700975,0.00351031648196138,0.837256818049459
"chr14:87976488:87982205:clu_20044:ENSG00000054983.16",-0.00355432476371468,0.00494292127738124,0.472095501977641
"chr14:87945733:87947728:clu_20043:ENSG00000054983.16",0.00515120892153373,0.00371668192993034,0.165756124461977
"chr14:68910042:68912156:clu_19729:ENSG00000072110.13",-0.00130296977660385,0.0045679973238574,0.775461246441831
"chr14:71011549:71013000:clu_19765:ENSG00000100731.15",-0.00548671490849198,0.00426815203456784,0.198617169340357
"chr14:35539690:35542027:clu_19246:ENSG00000174373.16",-0.004565252422937,0.0042937654639737,0.287678487656436
"chr14:95533061:95534514:clu_20224:ENSG00000247092.6",0.00387764776999184,0.00203850032332861,0.0571442143862809
"chr14:95533061:95533693:clu_20224:ENSG00000247092.6",-0.000890151151662021,0.00232593047975867,0.701936616992392
"chr14:94615084:94622341:clu_20201:ENSG00000196136.17",0.00239269990272466,0.00284575380717074,0.400461936074248
"chr14:69235031:69236046:clu_19737:ENSG00000081177.18",-0.0150577728369231,0.00324542147989289,3.48920105452954e-06
"chr14:69441972:69442069:clu_19744:ENSG00000029364.11",-0.0139935920634795,0.00442052763997887,0.00154767093045804
"chr14:68893747:68902477:clu_19726:ENSG00000072110.13",-0.00218867921969967,0.00401066740596017,0.585262226880604
"chr14:67690421:67691140:clu_19706:ENSG00000072042.12",0.00399764391022052,0.00619616498443042,0.518810316841967
"chr14:68125409:68130066:clu_19716:ENSG00000258837.1",0.00581619194427642,0.0042098453662125,0.167104071245258
"chr14:52881469:52893293:clu_19465:ENSG00000073712.14",0.00999676013199601,0.00397310522724366,0.0118658961180882
"chr14:52878689:52881067:clu_19464:ENSG00000073712.14",-0.00161185919138244,0.00461932810890022,0.727135843182126
"chr14:52001866:52004240:clu_19434:ENSG00000087302.8",0.0100275416617038,0.00275120400815881,0.000267617486179095
"chr14:52001866:52004194:clu_19434:ENSG00000087302.8",-0.00955883352168654,0.00270164810310553,0.000402942616826607
"chr14:101552754:101554035:clu_20298:ENSG00000258498.8",-0.00132024513639503,0.00331771355012038,0.690675701253825
"chr14:100913521:100928099:clu_20291:ENSG00000225746.9",-0.00649847773791062,0.00269837895973369,0.0160274656489716
"chr14:102445947:102449629:clu_20327:ENSG00000196663.15",0.00263816304965594,0.0032960585286874,0.423479467022029
"chr14:73898262:73903960:clu_19842:ENSG00000119725.18",0.0102238571831293,0.00358967888689812,0.00439775319239488
"chr14:73904110:73904902:clu_19842:ENSG00000119725.18",-0.0118447356975249,0.00366931680533749,0.00124637473669231
"chr14:74290182:74290291:clu_19872:ENSG00000119688.20",0.00584128731515227,0.00541327909146512,0.28055815031856
"chr14:75022892:75022995:clu_19919:ENSG00000119684.15",-0.00118936385266216,0.00354681592191334,0.737374024347999
"chr14:73893932:73896316:clu_19841:ENSG00000119725.18",0.000305593458558491,0.00396609062384495,0.93858253012682
"chr14:73893932:73896348:clu_19841:ENSG00000119725.18",0.00195570461071869,0.00416234449173136,0.63845754537038
"chr14:75087230:75088480:clu_19929:ENSG00000119638.12",-0.0146773729085066,0.00544945385748432,0.00707346048600188
"chr14:73877168:73880055:clu_19839:ENSG00000140043.11",0.0044878203686172,0.00492467792336887,0.362141457625605
"chr14:91309986:91313080:clu_20113:ENSG00000015133.18",-0.00336144128912681,0.00373580316632764,0.368231595594629
"chr14:91308492:91309859:clu_20113:ENSG00000015133.18",0.00298123098378141,0.0040333028466757,0.459813632445221
"chr14:91216460:91217034:clu_20106:ENSG00000133943.20",0.000309143541848237,0.00383494874436767,0.935750387087882
"chr14:91870385:91873497:clu_20129:ENSG00000140092.14",0.00302220315247468,0.00402437549143247,0.452668035323309
"chr14:95130192:95132515:clu_20213:ENSG00000100697.14",0.000484825776716857,0.00309060405873984,0.875346610510207
"chr14:23360833:23365008:clu_18990:ENSG00000100842.12",-0.0024060043567141,0.00251127027713293,0.338021108691535
"chr14:24099720:24099995:clu_19039:ENSG00000100889.11",0.0011041243658518,0.00273496347977304,0.686428066631889
"chr14:23360281:23365008:clu_18990:ENSG00000100842.12",0.00533312603305411,0.00304689935757478,0.0800587450482144
"chr14:23064488:23065966:clu_18964:ENSG00000100813.14",-0.00442763843033288,0.00476241009788574,0.352523632875807
"chr14:24065750:24066398:clu_19030:ENSG00000186648.14",-0.00227275309019083,0.0029147583983797,0.43554405521241
"chr14:22975104:22976456:clu_18948:ENSG00000129474.15",0.000335951928107248,0.00339674997740798,0.921214547090335
"chr14:23296260:23296756:clu_18974:ENSG00000235194.8",0.00130018473158572,0.00329282595614365,0.692950812148825
"chr14:22955176:22956746:clu_18947:ENSG00000129474.15",0.00293394717118794,0.00298490734645349,0.32564317890545
"chr14:24094434:24096892:clu_19036:ENSG00000100889.11",1.71040703328252e-05,0.00307262598730013,0.995558521205683
"chr14:24233598:24235737:clu_19092:ENSG00000100938.17",0.00172965238309934,0.00328271918654977,0.598265647890647
"chr14:22955176:22956746:clu_18947:ENSG00000092036.18",0.00278147695950381,0.00296026667936938,0.347420975697396
"chr14:23358965:23359317:clu_18989:ENSG00000100842.12",0.0094629078469854,0.00283112894084032,0.000830422174952772
"chr14:23066008:23067342:clu_18964:ENSG00000100813.14",0.00355182901948874,0.00282825159649291,0.209174301976624
"chr14:24100213:24102753:clu_19039:ENSG00000100889.11",-0.000425695806648863,0.00262700310731228,0.871269491554664
"chr14:24094845:24096892:clu_19036:ENSG00000100889.11",-0.00178193226225389,0.00396288499592296,0.652959003397463
"chr14:23095619:23097658:clu_18969:ENSG00000179933.5",0.0052999903452806,0.00347514507504604,0.127230813752408
"chr14:22875465:22876689:clu_18930:ENSG00000197324.8",-0.000310858902505136,0.00335011289441881,0.926069938596072
"chr14:37596008:37622050:clu_19271:ENSG00000139865.16",-0.0139013777231005,0.00584628353931505,0.0174155849578173
"chr14:37596008:37606663:clu_19271:ENSG00000139865.16",-0.00170332491170949,0.00377139824498435,0.651526322204449
"chr14:37219691:37227726:clu_19266:ENSG00000151338.18",0.00117802153020848,0.00489300443334314,0.809744018883636
"chr14:73277293:73282359:clu_19816:ENSG00000133961.19",-0.00137949118935354,0.00473420005295478,0.770754251262694
"chr14:72954262:72954386:clu_19791:ENSG00000119599.16",0.0159612187250505,0.00390749324355997,4.41201299756777e-05
"chr14:36314915:36316693:clu_19261:ENSG00000151332.18",0.000671798151125916,0.00393525705984531,0.864449717580638
"chr14:35106484:35110570:clu_19239:ENSG00000151327.12",0.000240694913527251,0.00374979298907814,0.948819852562943
"chr14:35690003:35721688:clu_19254:ENSG00000174373.16",0.00715502797445121,0.00435696488633926,0.100547600392403
"chr14:21075180:21075332:clu_18876:ENSG00000165801.9",0.00492799358851997,0.00286326103973851,0.0852304607301936
"chr14:21073242:21073932:clu_18876:ENSG00000165801.9",-0.00343495969511822,0.00294126815701269,0.242867319723184
"chr14:21075499:21075645:clu_18877:ENSG00000165801.9",-0.000255668009813236,0.00230225983816668,0.91157598988702
"chr14:21436965:21437194:clu_18901:ENSG00000100888.12",-0.00166174504868368,0.00289775621540386,0.566333796183572
"chr14:21075765:21076360:clu_18877:ENSG00000165801.9",0.0011876878108941,0.00264423567385478,0.653315444931425
"chr14:21018663:21018763:clu_18866:ENSG00000165795.23",0.00147309019278975,0.00316635015090992,0.64176469657103
"chr14:31599379:31673355:clu_19200:ENSG00000151413.16",-0.00173559408527818,0.00338274873948844,0.607900869259204
"chr14:31389005:31394052:clu_19197:ENSG00000129493.14",0.0044727190914616,0.00306708968122088,0.144759468371413
"chr14:77715879:77717502:clu_20021:ENSG00000119705.9",-0.00297344793848293,0.00291582218214183,0.307840815892057
"chr14:77679970:77704369:clu_20018:ENSG00000100601.9",-0.0143015506766281,0.00397628917725857,0.000322270032739547
"chr14:77427636:77428370:clu_20003:ENSG00000151445.15",0.00886039011597111,0.00275703707879106,0.00131019944659838
"chr14:77428474:77429006:clu_20003:ENSG00000151445.15",-0.00874646915046101,0.00269771426627514,0.00118620016423676
"chr14:77321183:77324870:clu_19995:ENSG00000100577.18",-0.00290298064009234,0.0038780491259341,0.454118066596364
"chr14:77324921:77326838:clu_19995:ENSG00000100577.18",0.0030042305769344,0.00382325318677814,0.431997199702268
"chr14:56616027:56618594:clu_19510:ENSG00000070269.13",-0.00912746274590801,0.00518130352222231,0.0781343436426767
"chr14:55661612:55670729:clu_19504:ENSG00000126777.17",0.0102319668153419,0.00290797085757165,0.000433841212227781
"chr14:37594613:37594901:clu_19273:ENSG00000129514.5",0.00940596357430396,0.00530310838789094,0.0761177727426271
"chr14:37604354:37606663:clu_19271:ENSG00000139865.16",0.00993765688482934,0.00390977126060218,0.0110299375122671
"chr14:37593554:37606663:clu_19271:ENSG00000139865.16",-0.00439570386194502,0.00546573912319343,0.421264949696354
"chr14:20389297:20389610:clu_18842:ENSG00000129566.12",0.000149696235756603,0.00341971634860462,0.965084185707621
"chr14:20455703:20455802:clu_18853:ENSG00000100823.11",-0.00629531010294238,0.004327801602052,0.145774277461957
"chr14:31427792:31428144:clu_19198:ENSG00000203546.7",0.00209703552390941,0.00387148013592046,0.588051042760188
"chr14:31318292:31321499:clu_19194:ENSG00000129493.14",0.00593433118029213,0.00461467321845807,0.198453542289255
"chr14:31428188:31453275:clu_19198:ENSG00000203546.7",0.0101528796056873,0.00366047802853028,0.00554315249869319
"chr14:31428188:31453275:clu_19198:ENSG00000129480.12",0.0103488761601047,0.0036598006389252,0.00468814030301723
"chr14:31403049:31420472:clu_19198:ENSG00000203546.7",-0.00305763178687869,0.00414740975903469,0.460977084427164
"chr14:31128006:31133238:clu_19185:ENSG00000092148.12",0.00138810802558835,0.00371725480379545,0.708833727073934
"chr14:31427792:31428144:clu_19198:ENSG00000129480.12",0.00209703552390941,0.00387148013592046,0.588051042760188
"chr14:31129448:31133238:clu_19185:ENSG00000092148.12",-1.46001033076012e-05,0.00406385226754278,0.997133465690087
"chr14:31428188:31453275:clu_19198:ENSG00000129493.14",0.0107980680679624,0.00366855337102014,0.00324614937323509
"chr14:31427792:31428144:clu_19198:ENSG00000129493.14",0.00209703552390941,0.00387148013592046,0.588051042760188
"chr14:31403049:31420472:clu_19198:ENSG00000129493.14",-0.00305763178687869,0.00414740975903469,0.460977084427164
"chr14:31403049:31420472:clu_19198:ENSG00000129480.12",-0.00305763178687869,0.00414740975903469,0.460977084427164
"chr14:31315949:31318224:clu_19193:ENSG00000129493.14",0.00202256815512283,0.0051277941140958,0.693261824593666
"chr14:53093444:53096117:clu_19468:ENSG00000100523.14",-0.00404384613187303,0.0043807777963414,0.355961024425338
"chr14:30878944:30879423:clu_19173:ENSG00000100473.15",0.00718550130252172,0.00417296678582109,0.0850846047397859
"chr14:30705885:30707990:clu_19170:ENSG00000092108.20",-0.00270592134175474,0.00419340573949696,0.518745675958428
"chr14:30707876:30707990:clu_19170:ENSG00000092108.20",0.00545135137938183,0.00494645060502068,0.270429785117321
"chr14:29632946:29634418:clu_19155:ENSG00000184304.14",-0.00175180325466736,0.00338815722345197,0.605130205147404
"chr14:30705885:30707817:clu_19170:ENSG00000092108.20",0.00497481406217601,0.0039146634673056,0.203794379490888
"chr14:29656499:29663699:clu_19157:ENSG00000184304.14",0.00148786077420277,0.00335632587600719,0.657548429698615
"chr14:30884656:30885394:clu_19175:ENSG00000100473.15",-0.00573888699933854,0.00410243909558951,0.161844072962755
"chr14:30884656:30884985:clu_19175:ENSG00000100473.15",0.000116114373533326,0.00424068389757905,0.978155813300318
"chr14:29634541:29636290:clu_19155:ENSG00000184304.14",0.00172906486890425,0.003344394971318,0.605153514502709
"chr14:65724323:65733231:clu_19670:ENSG00000033170.16",-0.00473170213740617,0.00440407456545279,0.282647061433141
"chr14:65722021:65724147:clu_19670:ENSG00000033170.16",0.0021332766875575,0.00406041533533278,0.599316370269274
"chr14:103123951:103124375:clu_20351:ENSG00000185215.8",-0.00575948412380298,0.00289302314879378,0.0465008402423016
"chr14:103124506:103126310:clu_20351:ENSG00000185215.8",-0.0190097095498064,0.00268390318246851,1.41209266502074e-12
"chr14:102428382:102431796:clu_20325:ENSG00000196663.15",-0.00184819661440594,0.00408121668241631,0.650653644358621
"chr14:102224794:102225095:clu_20313:ENSG00000080823.22",-0.00185102133841735,0.003783758610694,0.62469886986963
"chr14:102086378:102086986:clu_20308:ENSG00000080824.18",0.00437334191111899,0.00356383128586852,0.219767657535849
"chr14:103123951:103126310:clu_20351:ENSG00000185215.8",0.0173960802976561,0.00259001133841179,1.86008985991748e-11
"chr14:102086378:102101875:clu_20308:ENSG00000080824.18",-0.000918356354463922,0.00429643658219098,0.830743282181875
"chr14:51877657:51950650:clu_19433:ENSG00000186469.8",-0.00671669775545332,0.00291661600654785,0.0212840311246475
"chr14:94383241:94388560:clu_20203:ENSG00000197249.13",-0.00363656115054229,0.00258027337543586,0.158725645349097
"chr14:94581710:94587346:clu_20204:ENSG00000188488.13",0.00190333560809689,0.0029027753119705,0.512020309025844
"chr14:94100771:94101814:clu_20197:ENSG00000165948.10",-0.00534522278403619,0.00301638507402492,0.0763841879811344
"chr14:94101975:94102477:clu_20197:ENSG00000165948.10",0.0021293079978706,0.00281646173057516,0.449635799563014
"chr14:69769251:69770467:clu_19750:ENSG00000100650.15",-0.0133902789801772,0.00896535614840759,0.135291196191056
"chr14:69352170:69353332:clu_19741:ENSG00000100626.16",-0.00737958078229669,0.00294914226653239,0.0123396163701508
"chr14:68893747:68900862:clu_19726:ENSG00000072110.13",-0.00446735600375944,0.00498178489158123,0.3698587187846
"chr14:20448811:20448964:clu_18848:ENSG00000092094.10",-0.00551654869492825,0.00422834010142441,0.192008446404669
"chr14:20371632:20373011:clu_18838:ENSG00000129566.12",0.0022330249931093,0.00381098350349638,0.557912781816681
"chr14:20684696:20699355:clu_18858:ENSG00000214274.9",0.00246378034651875,0.00306650238396605,0.421714872580941
"chr14:21234229:21262601:clu_18890:ENSG00000092199.17",0.00200626206048428,0.00452323150191782,0.657370723408805
"chr14:21503577:21503664:clu_18912:ENSG00000165819.11",0.00157431533813289,0.00257695496786251,0.541252027431776
"chr14:21503573:21503664:clu_18912:ENSG00000165819.11",-0.000529800145651431,0.00266252242837102,0.842275030501259
"chr14:75120580:75124046:clu_19934:ENSG00000119638.12",0.00146814642347472,0.00514509936690123,0.775377153526342
"chr14:75882902:75902142:clu_19958:ENSG00000119685.19",-0.00107482011641582,0.00304945408752809,0.724490968532134
"chr14:75882902:75902142:clu_19958:ENSG00000119650.12",-0.00153804091578474,0.00298240537096737,0.606060566421088
"chr14:105769986:105770293:clu_20496:ENSG00000211897.8",-0.00152375942030204,0.00301680574616706,0.61349539048076
"chr14:105741795:105741893:clu_20494:ENSG00000211893.3",0.00832130491856831,0.00304869432753839,0.00634371538953493
"chr14:105221914:105226069:clu_20462:ENSG00000185024.16",-0.00367370877261016,0.00449769397217983,0.414043706160522
"chr14:105176994:105177692:clu_20456:ENSG00000183828.14",0.00450151037757813,0.00434750635503201,0.300471161572692
"chr14:105741795:105741893:clu_20494:ENSG00000211896.7",0.00789123825726649,0.00304216041038387,0.00948779019417267
"chr14:105228913:105241265:clu_20464:ENSG00000185024.16",-0.00278569053091602,0.00385619244756768,0.470052235862107
"chr14:105491522:105491622:clu_20490:ENSG00000185347.17",0.00736865424170268,0.00409042882874673,0.0716338591942421
"chr14:105241414:105252507:clu_20464:ENSG00000185024.16",-0.00251654988811069,0.00447597678586224,0.573956057945285
"chr14:64419925:64424804:clu_19641:ENSG00000100714.15",-0.00167777716829743,0.00436711420906683,0.700841777040799
"chr14:64415739:64417888:clu_19641:ENSG00000100714.15",-0.000678675983803481,0.00458898827379792,0.882427773120649
"chr14:96556413:96560649:clu_20244:ENSG00000090060.17",-0.00414923166706138,0.00396518054169109,0.295368624084236
"chr14:96562893:96564955:clu_20244:ENSG00000090060.17",-0.000841336938955384,0.00304123288444983,0.782053953113381
"chr14:45098821:45102529:clu_19327:ENSG00000185246.17",-0.00127650718202707,0.00605122842327242,0.832926217108487
"chr14:45096758:45096887:clu_19326:ENSG00000185246.17",0.00455049236990456,0.00602424063342784,0.450030819758898
"chr14:45096228:45096424:clu_19326:ENSG00000185246.17",-0.00942332404076025,0.00587533382702298,0.108740745425159
"chr14:44945928:44961846:clu_19319:ENSG00000179454.13",-0.0019535261428006,0.00596078719026569,0.743116153600994
"chr14:39150381:39151746:clu_19292:ENSG00000182400.14",0.000389957522345395,0.00510137698647686,0.939067758282212
"chr14:103797518:103847299:clu_20398:ENSG00000088808.16",0.0179463681206449,0.00324961905981081,3.34006760027705e-08
"chr14:103574170:103587274:clu_20370:ENSG00000256053.7",0.0105817735994984,0.00301167884822063,0.000442111794316968
"chr14:103711567:103712875:clu_20386:ENSG00000126215.13",0.00613126289464099,0.00353581376318887,0.0829099626872796
"chr14:103574170:103587274:clu_20370:ENSG00000258851.1",0.0109333116549617,0.00303201520668425,0.000311006534969405
"chr14:103334260:103335653:clu_20357:ENSG00000100664.10",0.00522471679597217,0.00394977846803264,0.185906121765559
"chr14:103700706:103703173:clu_20378:ENSG00000126215.13",-0.002034225090988,0.00327696880319846,0.534754746563706
"chr14:103466091:103466343:clu_20363:ENSG00000075413.17",-0.00465104828649903,0.00366617743036139,0.20457056640733
"chr14:103729182:103729793:clu_20389:ENSG00000100711.13",0.0176122604512696,0.00480314947440997,0.000245590356113712
"chr14:103699576:103703173:clu_20378:ENSG00000126215.13",0.000631426226688741,0.0030926741959386,0.838221933578137
"chr14:103692425:103700655:clu_20375:ENSG00000126214.21",-0.0189643553811173,0.00375931738626646,4.54406052896594e-07
"chr14:23636772:23638827:clu_19020:ENSG00000100867.14",0.00278909071371826,0.00328123296373544,0.395317852152463
"chr14:24302424:24303074:clu_19112:ENSG00000196943.12",0.00762299732736844,0.00347888624275716,0.0284360378468481
"chr14:24145772:24146208:clu_19052:ENSG00000100911.15",-0.000432656947555499,0.00302283226212806,0.88618778246542
"chr14:24163508:24164063:clu_19063:ENSG00000213928.8",0.00741103731174984,0.00489354055532807,0.129910978609215
"chr14:24441795:24442098:clu_19142:ENSG00000100445.17",-0.00322251835193118,0.00400892047767644,0.421491155332337
"chr14:24302424:24302982:clu_19112:ENSG00000196943.12",-0.00758201794127549,0.0036574221199644,0.0381676515999356
"chr14:24331356:24331788:clu_19125:ENSG00000129467.13",0.00460352418808132,0.00351227559141175,0.189960623466822
"chr14:24155032:24155157:clu_19058:ENSG00000092098.16",-0.00270250309747081,0.00231711075924626,0.243483262497486
"chr14:24182423:24182792:clu_19075:ENSG00000196497.16",0.00841840674373811,0.00255522061491297,0.000985650383154901
"chr14:24440926:24441674:clu_19142:ENSG00000100445.17",-0.00137410854931425,0.00270393734590947,0.611321495922545
"chr14:24187796:24188216:clu_19082:ENSG00000196497.16",-0.00114604339820687,0.00310399455240069,0.711966984026721
"chr14:24232977:24233219:clu_19091:ENSG00000100938.17",0.00123655889767115,0.00363803764458078,0.733933926942371
"chr14:24331129:24331208:clu_19125:ENSG00000129467.13",-0.000653494027305516,0.00350661710377744,0.852162265094863
"chr14:24195051:24195346:clu_19084:ENSG00000100926.14",0.00393962147528184,0.00334200682730704,0.238470217710796
"chr14:24165183:24165847:clu_19064:ENSG00000213928.8",-0.000358196489615654,0.00446860377469346,0.936111211425812
"chr14:24190591:24192171:clu_19083:ENSG00000100926.14",-0.00491358611640381,0.00347598236487296,0.157484668294087
"chr14:24145896:24146208:clu_19052:ENSG00000100911.15",0.000508454341190999,0.00309306665527434,0.869427923839003
"chr14:24974850:25049878:clu_19149:ENSG00000168952.15",0.00244797014708364,0.00379622977105117,0.519029282539175
"chr14:24187579:24187667:clu_19082:ENSG00000196497.16",0.0028964496384981,0.0033105167630952,0.381615412292393
"chr14:24441795:24442178:clu_19142:ENSG00000100445.17",-0.00316652410799532,0.00390049949041369,0.416891891537277
"chr14:105146788:105147326:clu_20448:ENSG00000184916.8",0.00192165022359191,0.0038809842091865,0.620497716874311
"chr14:104893849:104894285:clu_20437:ENSG00000099814.15",-0.00846763575588303,0.00343124862429639,0.0135946207856392
"chr14:35046130:35046505:clu_19233:ENSG00000151327.12",0.00359991503681437,0.00306935805573029,0.240853553497745
"chr14:35542029:35549110:clu_19246:ENSG00000174373.16",0.0143217333981601,0.00531105900214256,0.00700540660945215
"chr14:35046628:35053278:clu_19234:ENSG00000151327.12",0.000418048464897681,0.00418437837127014,0.920418201660541
"chr14:35046406:35046505:clu_19233:ENSG00000151327.12",-0.00218087813521632,0.00263704612570549,0.408228251473046
"chr14:91215556:91223679:clu_20106:ENSG00000133943.20",-0.00283549795062791,0.00402608277555126,0.481257123962221
"chr14:91379885:91408659:clu_20115:ENSG00000015133.18",-0.00190422361010312,0.00464711757869219,0.681978741773467
"chr14:90772942:90780738:clu_20095:ENSG00000165914.14",0.000201463855046397,0.00383027834924126,0.958052444678009
"chr14:90603303:90610742:clu_20092:ENSG00000165914.14",-0.00589227248575122,0.00504009826831425,0.242371848475133
"chr14:91285836:91289105:clu_20112:ENSG00000015133.18",-0.00288074186763458,0.00431669552650945,0.504549319326828
"chr14:90744922:90780738:clu_20095:ENSG00000165914.14",0.000866393343278422,0.00343335830852059,0.80077383631473
"chr14:91975286:91976108:clu_20137:ENSG00000100815.12",-0.00192144022924823,0.00300595223328972,0.522685136956143
"chr14:22925040:22926133:clu_18944:ENSG00000100462.15",0.000772574982734778,0.00319073544328068,0.808678896420164
"chr14:22950410:22951555:clu_18946:ENSG00000092036.18",-0.00471520775178516,0.00274733958424013,0.0861105560113051
"chr14:22927660:22928126:clu_18944:ENSG00000100462.15",-0.00119715994449861,0.00315024406405335,0.703929580506573
"chr14:22605866:22606422:clu_18919:ENSG00000100439.10",0.0065672118668765,0.00366759492717583,0.0733567893965775
"chr14:22947731:22947868:clu_18946:ENSG00000092036.18",-0.00508685382086236,0.00378833244820217,0.179346916970781
"chr14:22836925:22841491:clu_18929:ENSG00000157227.12",-5.83866787379949e-05,0.00317923328379336,0.985347658759724
"chr14:75040015:75041615:clu_19922:ENSG00000119684.15",-0.00886591494990186,0.00321174992803548,0.00577195997549085
"chr14:75105996:75106096:clu_19931:ENSG00000119638.12",0.00931185281792717,0.00594541620127852,0.117296214580108
"chr14:74293248:74295148:clu_19873:ENSG00000119688.20",-0.00241989727759145,0.00387141941671039,0.531926957111574
"chr14:75061762:75063470:clu_19923:ENSG00000119640.8",-0.0139679488662708,0.00494100514778573,0.00469944262494359
"chr14:74292869:74295148:clu_19873:ENSG00000119688.20",0.0110575021301524,0.0050842534508584,0.0296411595830454
"chr14:75522745:75525084:clu_19939:ENSG00000156127.6",-0.0102099502680419,0.00457126525131737,0.0255155676977525
"chr14:75004900:75005866:clu_19918:ENSG00000119718.10",0.000664989392146525,0.0045180741550807,0.882986585560817
"chr14:74509859:74510091:clu_19881:ENSG00000119681.11",0.00231965514313362,0.00378090194991993,0.539533230648943
"chr14:74290118:74290291:clu_19872:ENSG00000119688.20",-0.0175257569475148,0.00502984209643024,0.000493324138406193
"chr14:75985955:75988885:clu_19958:ENSG00000119685.19",-0.0100922735296684,0.00415672008341232,0.015184788983154
"chr14:70585783:70591266:clu_19760:ENSG00000133997.11",-0.018457918724715,0.00365750503953892,4.49771273558497e-07
"chr14:73263782:73263942:clu_19812:ENSG00000100767.15",-0.0037652146016684,0.00389291171494474,0.333445295896626
"chr14:73316422:73323130:clu_19817:ENSG00000133961.19",0.00946100659740787,0.00364865789160369,0.00951399891985372
"chr14:73653215:73654847:clu_19829:ENSG00000119661.14",0.00657071267975455,0.00408093533009141,0.107376096377318
"chr14:73263782:73264211:clu_19812:ENSG00000100767.15",0.0122627308374421,0.00416949564289869,0.00327092694057229
"chr14:73264044:73264211:clu_19812:ENSG00000100767.15",-0.00687191200980299,0.00392787420204233,0.0802004037393478
"chr14:104739378:104739655:clu_20419:ENSG00000185100.10",0.00149689093361365,0.00368732296212999,0.684774919606172
"chr14:103736202:103737694:clu_20392:ENSG00000088808.16",0.00214702598713492,0.00467096548817498,0.645764897171682
"chr14:104739378:104739750:clu_20419:ENSG00000185100.10",0.00439795159612242,0.00313181813415305,0.160235294847006
"chr14:103692425:103693553:clu_20375:ENSG00000126214.21",0.00302307397931275,0.0058686173323177,0.606465379160048
"chr14:53953400:53956550:clu_19472:ENSG00000125378.15",0.00500791984170707,0.00325450737124025,0.123861841909905
"chr14:55137391:55138045:clu_19491:ENSG00000131981.15",0.00213383848894922,0.00477321434953259,0.654843041037701
"chr14:54764540:54770104:clu_19486:ENSG00000020577.13",-0.0129559084561837,0.00517893825178781,0.0123614879239199
"chr14:91215793:91224684:clu_20106:ENSG00000133943.20",0.00258317682155217,0.00384394678088145,0.501576312389373
"chr14:91976189:91988284:clu_20137:ENSG00000100815.12",0.00312652886366047,0.00273221049554037,0.252490079537186
"chr14:91279306:91281162:clu_20111:ENSG00000015133.18",-0.00154990165501611,0.00459049406344626,0.735639873610064
"chr14:91114283:91157639:clu_20100:ENSG00000133943.20",0.00391885211079676,0.00357813532156923,0.273419440168248
"chr14:92117642:92118849:clu_20149:ENSG00000183648.9",-0.00147287180110179,0.0030665532664883,0.63101263586172
"chr14:92049814:92058319:clu_20144:ENSG00000066427.21",-0.004184426290745,0.00203073692178414,0.0393463989149661
"chr14:92118966:92121642:clu_20149:ENSG00000183648.9",-0.00547282098333566,0.00275652654774689,0.0470994546226697
"chr14:91939950:91940565:clu_20131:ENSG00000140092.14",0.00345983215811689,0.00406964713906395,0.395238739769922
"chr14:92706653:92709672:clu_20163:ENSG00000100600.14",-0.000622591370539953,0.00302480958674399,0.836925045777402
"chr14:92824644:92833122:clu_20170:ENSG00000066455.12",-0.0012933585676054,0.00338771390433747,0.702625178163802
"chr14:92704361:92704640:clu_20163:ENSG00000100600.14",0.00373154115257809,0.00353713354139767,0.291442746140455
"chr14:91147858:91157639:clu_20100:ENSG00000133943.20",-0.00346832717952271,0.00329544169814857,0.292587633416304
"chr14:91813825:91836183:clu_20128:ENSG00000165929.12",-0.00452003879954027,0.00265098970007297,0.0881872936599941
"chr14:91167378:91167469:clu_20101:ENSG00000133943.20",0.0079464505171161,0.00433434961916279,0.0667481159775529
"chr14:91281308:91281457:clu_20111:ENSG00000015133.18",-9.9019619202418e-05,0.00416352273494082,0.981025976512363
"chr14:91199905:91215405:clu_20105:ENSG00000133943.20",0.00279733618540721,0.00451146099719011,0.535224169460043
"chr14:90875360:90890487:clu_20097:ENSG00000100784.10",0.00495720857700964,0.00418230522451171,0.235906206461084
"chr14:91792558:91797785:clu_20127:ENSG00000165929.12",-0.000308678154358706,0.00273646727840852,0.91018777246607
"chr14:90695578:90744792:clu_20094:ENSG00000165914.14",0.00884655598732813,0.00389785353700423,0.0232320568304626
"chr14:91787627:91792367:clu_20127:ENSG00000165929.12",-0.000836142480988698,0.00304260363192661,0.783461059149935
"chr14:91157690:91160266:clu_20100:ENSG00000133943.20",0.00291524706478945,0.00354788957496362,0.411256291567441
"chr14:91813825:91836371:clu_20128:ENSG00000165929.12",0.00489968731796148,0.00264983748424787,0.0644503034749419
"chr14:100304063:100304635:clu_20280:ENSG00000197119.12",-0.00540594528911552,0.00295880366552745,0.0676890482801364
"chr14:101560025:101560252:clu_20298:ENSG00000258498.8",0.000245370953154641,0.00281787769114364,0.930610697262718
"chr14:70733342:70734386:clu_19763:ENSG00000006432.15",-0.0124602057151534,0.00338762827326538,0.000234931577822395
"chr14:88568153:88571084:clu_20055:ENSG00000100722.18",-0.000495250329367149,0.00369922065222475,0.893497750223534
"chr14:88496492:88497203:clu_20051:ENSG00000070778.12",-0.00267077938849252,0.00470174780341882,0.570008014467211
"chr14:88563693:88568039:clu_20055:ENSG00000100722.18",-0.001983204780169,0.00372112083797443,0.594061973337982
"chr14:88627046:88627646:clu_20065:ENSG00000165521.15",0.00250401007047466,0.00442435637344645,0.571420766992545
"chr14:88578140:88596734:clu_20058:ENSG00000100722.18",0.00221168215843273,0.00327854349432192,0.499934446101962
"chr14:90301372:90302720:clu_20089:ENSG00000119720.17",0.00136793306666604,0.00333895645974606,0.682034246699839
"chr14:88508020:88512457:clu_20053:ENSG00000070778.12",-0.000535579769705283,0.00376728205249139,0.88694881377262
"chr14:89281014:89350672:clu_20077:ENSG00000053254.15",0.00116569408009187,0.00382738184586372,0.760695981948548
"chr14:88508020:88517092:clu_20053:ENSG00000070778.12",-0.000137739512309929,0.00450418109646337,0.975604199452751
"chr14:89486671:89619028:clu_20079:ENSG00000053254.15",0.00590687538843704,0.00353424868498695,0.0946576571312666
"chr14:89180806:89190387:clu_20076:ENSG00000053254.15",0.010380481986763,0.00345645508662443,0.00267142558430522
"chr14:22501663:22547506:clu_18916:ENSG00000211876.1",-0.00226376625291682,0.0034131990932425,0.507177591270722
"chr14:22501663:22547506:clu_18916:ENSG00000211859.1",-0.00194410145084563,0.00337427181855711,0.564510844934267
"chr14:23317096:23319735:clu_18978:ENSG00000258643.5",0.00585181278310929,0.00387089141847023,0.130597954723831
"chr14:22501663:22547506:clu_18916:ENSG00000211847.1",-0.0025006387326525,0.00332909792270478,0.452564768339619
"chr14:22501663:22547506:clu_18916:ENSG00000211844.1",-0.0025006387326525,0.00332909792270478,0.452564768339619
"chr14:22501663:22547506:clu_18916:ENSG00000211840.1",-0.0025006387326525,0.00332909792270478,0.452564768339619
"chr14:22501663:22547506:clu_18916:ENSG00000211867.1",-0.00166053369804674,0.00339465252620108,0.624727285535549
"chr14:22501663:22547506:clu_18916:ENSG00000211855.1",-0.0025006387326525,0.00332909792270478,0.452564768339619
"chr14:22951689:22952328:clu_18946:ENSG00000092036.18",0.00451497625738252,0.00295045815812653,0.125951701084059
"chr14:22501663:22547506:clu_18916:ENSG00000211886.1",-0.00304050185807905,0.00340933517594113,0.372491218524833
"chr14:22501663:22547506:clu_18916:ENSG00000211877.1",-0.00226376625291682,0.0034131990932425,0.507177591270722
"chr14:22501663:22547506:clu_18916:ENSG00000211881.1",-0.00240519510766707,0.00341158446610041,0.480805117833148
"chr14:22501663:22547506:clu_18916:ENSG00000211880.1",-0.00240519510766707,0.00341158446610041,0.480805117833148
"chr14:22767409:22767958:clu_18921:ENSG00000155463.12",0.00301022485544028,0.00414985803777021,0.468218816300846
"chr14:22501663:22547506:clu_18916:ENSG00000211850.1",-0.0025006387326525,0.00332909792270478,0.452564768339619
"chr14:23143204:23154259:clu_18972:ENSG00000092068.19",-0.00222023851101058,0.0031258438510284,0.477527714979351
"chr14:22501663:22547506:clu_18916:ENSG00000211856.1",-0.0025006387326525,0.00332909792270478,0.452564768339619
"chr14:22501663:22547506:clu_18916:ENSG00000211845.1",-0.0025006387326525,0.00332909792270478,0.452564768339619
"chr14:23317096:23319735:clu_18978:ENSG00000129473.9",0.00586322918298135,0.00389072622827668,0.131816931983682
"chr14:22501663:22547506:clu_18916:ENSG00000211863.1",-0.00194410145084563,0.00337427181855711,0.564510844934267
"chr14:22501663:22547506:clu_18916:ENSG00000211869.1",-0.00226376625291682,0.0034131990932425,0.507177591270722
"chr14:22501663:22547506:clu_18916:ENSG00000211860.1",-0.00194410145084563,0.00337427181855711,0.564510844934267
"chr14:22501663:22547506:clu_18916:ENSG00000211861.1",-0.00194410145084563,0.00337427181855711,0.564510844934267
"chr14:22501663:22547506:clu_18916:ENSG00000211885.1",-0.00304050185807905,0.00340933517594113,0.372491218524833
"chr14:22833482:22834172:clu_18928:ENSG00000172590.18",0.00126602851357232,0.00332355599749187,0.703258243657123
"chr14:22501663:22547506:clu_18916:ENSG00000211862.1",-0.00194410145084563,0.00337427181855711,0.564510844934267
"chr14:22501663:22547506:clu_18916:ENSG00000211884.1",-0.00304050185807905,0.00340933517594113,0.372491218524833
"chr14:22766764:22767248:clu_18921:ENSG00000155463.12",-4.76928674328369e-05,0.00442351210818319,0.991397635087802
"chr14:22501663:22547506:clu_18916:ENSG00000211849.1",-0.0025006387326525,0.00332909792270478,0.452564768339619
"chr14:22501663:22547506:clu_18916:ENSG00000211871.1",-0.00226376625291682,0.0034131990932425,0.507177591270722
"chr14:22501663:22547506:clu_18916:ENSG00000211879.1",-0.00226376625291682,0.0034131990932425,0.507177591270722
"chr14:22501663:22547506:clu_18916:ENSG00000211866.1",-0.00194410145084563,0.00337427181855711,0.564510844934267
"chr14:22501663:22547506:clu_18916:ENSG00000211883.1",-0.00304050185807905,0.00340933517594113,0.372491218524833
"chr14:22501663:22547506:clu_18916:ENSG00000211858.1",-0.002185255122506,0.00334867477067352,0.514031523281096
"chr14:22501663:22547506:clu_18916:ENSG00000211838.1",-0.0025006387326525,0.00332909792270478,0.452564768339619
"chr14:22501663:22547506:clu_18916:ENSG00000277734.7",-0.00304050185807905,0.00340933517594113,0.372491218524833
"chr14:22501663:22547506:clu_18916:ENSG00000211868.1",-0.00226376625291682,0.0034131990932425,0.507177591270722
"chr14:76782776:76783693:clu_19977:ENSG00000258301.3",-0.0113378364596469,0.00434214205066636,0.00902472837409973
"chr14:76176690:76177988:clu_19968:ENSG00000089916.17",0.00263853309294434,0.00330452566398283,0.424603327837748
"chr14:77462242:77462642:clu_20011:ENSG00000100591.7",-0.00388235810270899,0.00332076515842605,0.242357089588427
"chr14:76195972:76199880:clu_19970:ENSG00000089916.17",-0.00332445828689251,0.00259716003615279,0.200532482923468
"chr14:77462759:77464598:clu_20011:ENSG00000100591.7",0.00447253043911998,0.00324330069513179,0.16789296855036
"chr14:71057724:71073545:clu_19767:ENSG00000100731.15",-0.0179808932193294,0.00382918901866021,2.65637430041377e-06
"chr14:70810291:70815111:clu_19764:ENSG00000259153.1",-0.00555649777874942,0.00314706444902365,0.0774608041540877
"chr14:70023447:70030242:clu_19754:ENSG00000198732.10",-0.00689966497680817,0.00421728934093121,0.101830674055095
"chr14:70023447:70030245:clu_19754:ENSG00000198732.10",0.0116926373952027,0.00415350230242617,0.00487579276190386
"chr14:52861034:52864401:clu_19461:ENSG00000073712.14",0.00576982863398531,0.0052951545860855,0.275870391653907
"chr14:51689935:51698142:clu_19429:ENSG00000139926.15",-0.0143237427412084,0.00379019473041103,0.000157359889914166
"chr14:60981691:60982508:clu_19586:ENSG00000139974.15",0.0191093987925861,0.00375616042820068,3.62848697643692e-07
"chr14:60646577:60648630:clu_19581:ENSG00000126778.8",0.0232131925744999,0.00449857392117086,2.46788289359756e-07
"chr14:49709229:49709709:clu_19351:ENSG00000197776.7",0.000249606895199138,0.00316699190691025,0.937179665379104
"chr14:49709826:49710263:clu_19351:ENSG00000197776.7",0.00254300697907062,0.00301770075020479,0.399397997745302
"chr14:49743805:49751586:clu_19353:ENSG00000197776.7",-0.000420474040872836,0.00383248246049157,0.912636805416721
"chr14:44903613:44904395:clu_19316:ENSG00000179476.7",-0.00645858257438655,0.0043643410125166,0.138912515531477
"chr14:45096228:45096887:clu_19326:ENSG00000185246.17",-0.00638019853914565,0.00411597796710912,0.121116286287293
"chr14:45027474:45028176:clu_19322:ENSG00000198718.12",-0.00372545185820752,0.00373688241399738,0.318793075268188
"chr14:45025872:45027299:clu_19322:ENSG00000198718.12",0.000973604905708985,0.00381871245851648,0.798756830028706
"chr14:59355333:59359397:clu_19555:ENSG00000100592.15",-0.00499726766708769,0.00422208015240312,0.236570164828679
"chr14:58424095:58427054:clu_19542:ENSG00000100575.13",-0.00403235089457565,0.00358192946094031,0.260272085772612
"chr14:60249677:60282684:clu_19575:ENSG00000100614.17",0.000849865443803075,0.00470452304585654,0.856643415810425
"chr14:58432457:58442706:clu_19546:ENSG00000100578.14",-0.0021657910885541,0.00275820219578723,0.432325534745857
"chr14:59473090:59475869:clu_19558:ENSG00000126790.11",-0.00414581007928612,0.00453591413824544,0.360718634681023
"chr14:59607492:59726919:clu_19564:ENSG00000139970.16",-0.00410106569506684,0.00639014632878623,0.521016282741485
"chr14:60283537:60285624:clu_19575:ENSG00000100614.17",0.0148949765257942,0.0054510282486516,0.00628542070427951
"chr14:92816421:92819708:clu_20169:ENSG00000066455.12",0.00856344252275486,0.00337179586545776,0.011093888322069
"chr14:92117642:92121196:clu_20149:ENSG00000183648.9",-0.00315374613543313,0.00283906216653386,0.266636873958717
"chr14:92049814:92050341:clu_20144:ENSG00000066427.21",0.0014531103441715,0.00217286119275883,0.503652200205648
"chr14:92811754:92816251:clu_20169:ENSG00000066455.12",-0.00798378017086562,0.00361026855434664,0.02700753105381
"chr14:91462877:91465250:clu_20117:ENSG00000100796.17",0.00632965803716683,0.0033776516979889,0.0609329243547451
"chr14:91465419:91470837:clu_20118:ENSG00000100796.17",-0.00829564968644076,0.0039732533476141,0.0368092628013331
"chr14:92659469:92684987:clu_20158:ENSG00000100599.15",-0.00443494880619757,0.00310705933966319,0.153470907440612
"chr14:68879069:68879962:clu_19723:ENSG00000072110.13",0.00886890613223771,0.00857806568788119,0.301180515881096
"chr14:68885599:68890139:clu_19725:ENSG00000072110.13",-0.0113818910589497,0.0037259518638184,0.00225240214591993
"chr14:69209803:69228816:clu_19736:ENSG00000081177.18",0.00629624475219734,0.00308676231200381,0.0413745436475068
"chr14:69075411:69091674:clu_19732:ENSG00000139990.17",0.0118183587156443,0.00288633981408335,4.22928394528954e-05
"chr14:88391455:88396156:clu_20047:ENSG00000042317.16",0.00145596990332577,0.00350531387074144,0.677877813247705
"chr14:59455760:59456438:clu_19554:ENSG00000181619.11",-0.0105996353301486,0.00239602586201069,9.69617889745589e-06
"chr14:59473090:59474439:clu_19558:ENSG00000126790.11",-0.000813743552943301,0.00395560857407551,0.837010472876564
"chr14:34575842:34581561:clu_19213:ENSG00000129515.18",0.00109261402562242,0.00313458530492506,0.727414159213694
"chr14:34581600:34586230:clu_19213:ENSG00000129515.18",0.0011450893988237,0.00300310190717689,0.702979012788487
"chr14:34603471:34605596:clu_19214:ENSG00000129515.18",-0.000432718925677678,0.00351898224734351,0.902133176754976
"chr14:34603471:34604135:clu_19214:ENSG00000129515.18",0.00270968589745276,0.00344057594946373,0.430949714420561
"chr14:34762223:34764707:clu_19219:ENSG00000198604.10",0.00893163161256164,0.00293109069809654,0.00230980810094927
"chr14:102777675:102830334:clu_20331:ENSG00000131323.14",0.0084580453922105,0.00305966983138591,0.00570336334469035
"chr14:96204959:96237074:clu_20226:ENSG00000168398.6",0.00237915739757058,0.00274828566515637,0.386661386900063
"chr14:67241533:67269701:clu_19677:ENSG00000072415.8",0.00708791761086773,0.00632910964444529,0.262759898715097
"chr14:67651481:67656416:clu_19703:ENSG00000100568.10",0.000117130658295525,0.00439345711419475,0.97873071898089
"chr14:67581001:67582069:clu_19695:ENSG00000054690.13",0.0028306269861664,0.00714616808182839,0.692028181188588
"chr14:67651481:67653437:clu_19703:ENSG00000100568.10",-0.0144375443761075,0.00378575600028813,0.000136929937511354
"chr14:59188768:59263441:clu_19553:ENSG00000100592.15",0.00218940043267822,0.0037777207393495,0.56221412358185
"chr14:22842717:22843257:clu_18933:ENSG00000157227.12",-0.00264002441690495,0.00280676741021915,0.346913719229333
"chr14:22988015:22989742:clu_18951:ENSG00000100802.14",0.0148655641466892,0.00279129089742646,1.00567726368794e-07
"chr14:22990127:22995948:clu_18951:ENSG00000100802.14",-0.0163167086340136,0.0028385226750026,9.01397945174409e-09
"chr14:22842717:22843022:clu_18933:ENSG00000157227.12",0.00193733424790068,0.0029865257883947,0.516537722852054
"chr14:105177027:105177692:clu_20456:ENSG00000183828.14",-0.00818897071008184,0.00374765243519883,0.0288819969571104
"chr14:105445511:105450058:clu_20480:ENSG00000182979.17",-0.00520540878897007,0.00520003686596727,0.316810828061598
"chr14:106538116:106538220:clu_20499:ENSG00000232216.1",0.00670213309938395,0.0060380302736737,0.267004771887978
"chr14:105643525:105741893:clu_20494:ENSG00000211893.3",-0.00513104814769763,0.00261296881811849,0.0495666121363976
"chr14:105151104:105151283:clu_20451:ENSG00000184916.8",0.000605588330591558,0.00368003095144257,0.869289795954704
"chr14:106470571:106470675:clu_20499:ENSG00000211964.3",-0.00820073175933016,0.00746423703978591,0.27191212317498
"chr14:106538116:106538220:clu_20499:ENSG00000211964.3",0.00670213309938395,0.0060380302736737,0.267004771887978
"chr14:106470571:106470675:clu_20499:ENSG00000232216.1",-0.00836991658499968,0.00701365932012598,0.232723049686951
"chr14:99878619:99891199:clu_20265:ENSG00000066629.16",0.00791375542359292,0.00368194497076714,0.0316073757059572
"chr14:45046703:45052436:clu_19324:ENSG00000198718.12",0.00106537942518836,0.00382283124844405,0.780483824669657
"chr14:103742823:103746373:clu_20393:ENSG00000088808.16",-0.00570081122169946,0.00397019924321107,0.151030645938088
"chr14:105145973:105146385:clu_20447:ENSG00000184916.8",-0.000393588965877023,0.00349803384744874,0.910413334558472
"chr14:104792722:104795011:clu_20430:ENSG00000142208.15",0.00491359348020673,0.00353395479356446,0.164408929166345
"chr14:103744716:103746373:clu_20393:ENSG00000088808.16",0.0067571613279745,0.00351743610704448,0.0547257377451327
"chr14:104742002:104743067:clu_20421:ENSG00000185100.10",0.00490379941648586,0.00381244035180992,0.198351432387098
"chr14:105492734:105493835:clu_20492:ENSG00000185347.17",-0.0105016793404995,0.00503392863653025,0.0369623554139173
"chr14:103742823:103744612:clu_20393:ENSG00000088808.16",-0.00140622580004813,0.00331478243072149,0.671399041098729
"chr14:55601880:55612019:clu_19498:ENSG00000126777.17",-0.00219998568405035,0.00351312046491208,0.53117076525114
"chr14:55561163:55578606:clu_19496:ENSG00000186615.10",-5.25682528322028e-05,0.00280729760931254,0.985060028515804
"chr14:55027471:55031863:clu_19489:ENSG00000180008.8",-0.00491478859264004,0.00337575428848353,0.145417978662223
"chr14:74536000:74549863:clu_19884:ENSG00000119681.11",-0.00212223008248625,0.00381878726814989,0.578392681562487
"chr14:74900372:74901066:clu_19908:ENSG00000119689.14",0.00104624816418136,0.0038785459334151,0.787350528672516
"chr14:74901233:74902196:clu_19908:ENSG00000119689.14",-0.000342796118149794,0.00375314984096155,0.927225947250135
"chr14:75717962:75719735:clu_19948:ENSG00000119685.19",-0.00887253598139842,0.00431546367366854,0.0397837967685419
"chr14:77283873:77284950:clu_19988:ENSG00000009830.11",0.00246390800947993,0.00377975906661422,0.514485642590986
"chr14:77718530:77720711:clu_20020:ENSG00000100603.13",-0.00888285763742114,0.00402310297382336,0.0272469369687106
"chr14:77902748:77907803:clu_20026:ENSG00000063761.15",-0.00627827187291043,0.00347290966505241,0.0706400645363001
"chr14:77462242:77464598:clu_20011:ENSG00000100591.7",-0.00080660411378865,0.00330389240716518,0.807124311227429
"chr14:33931215:33950396:clu_19207:ENSG00000129521.13",-0.00554116892969136,0.00331628131686046,0.0947417605215368
"chr14:34713561:34713674:clu_19218:ENSG00000165410.14",0.00440841799951729,0.00380675241950121,0.246842736464017
"chr14:34529470:34533444:clu_19211:ENSG00000129518.8",0.00710544649818629,0.00297380305239186,0.016878366329991
"chr14:31121505:31122914:clu_19183:ENSG00000092148.12",-0.00291977490031255,0.00491292264528532,0.552308079558525
"chr14:31121505:31122920:clu_19183:ENSG00000092148.12",0.000961893411331963,0.00487220584270545,0.843495260876004
"chr14:45071798:45073296:clu_19325:ENSG00000198718.12",0.00388938746086876,0.00461586133996306,0.399444592127476
"chr14:45006267:45008913:clu_19320:ENSG00000198718.12",-0.000585655790476586,0.00383684988062949,0.878682379629229
"chr14:45009145:45011975:clu_19320:ENSG00000198718.12",0.0109239059014924,0.00411002165582773,0.00786360694013655
"chr14:45112502:45114183:clu_19331:ENSG00000185246.17",-0.00898286187179948,0.00368671902200738,0.0148282679154511
"chr14:20448811:20448902:clu_18848:ENSG00000092094.10",0.00240117371452265,0.00412046225053494,0.560065801779019
"chr14:19357426:19368193:clu_18816:ENSG00000274827.4",-0.00434872790519416,0.00768502380789256,0.571481848525601
"chr14:76770051:76771190:clu_19975:ENSG00000071246.10",0.00297422744650704,0.00292815077238748,0.309755234873912
"chr14:76789388:76790611:clu_19978:ENSG00000013523.9",-0.0046765336844007,0.00249221338631963,0.0605924201570576
"chr14:77302943:77304692:clu_19992:ENSG00000009830.11",-0.00363226732014862,0.00310945485983959,0.242751760859359
"chr14:76786592:76790611:clu_19978:ENSG00000013523.9",0.00407346057576547,0.00263996301501815,0.12283099248871
"chr14:75707707:75717861:clu_19947:ENSG00000119685.19",-6.11861585814882e-05,0.00388684838025652,0.987440344907949
"chr14:77279586:77279684:clu_19987:ENSG00000009830.11",-0.000500358737680265,0.00351538843658836,0.886816317626005
"chr14:75669522:75681545:clu_19945:ENSG00000119685.19",-0.00403652800531897,0.00346286643422893,0.243751574535066
"chr14:76774715:76775892:clu_19975:ENSG00000071246.10",-0.00658247271825837,0.00323852615794951,0.0420978083037502
"chr14:76195972:76201691:clu_19970:ENSG00000089916.17",0.00392611093716159,0.00301974841416002,0.19355126161742
"chr14:77299561:77304692:clu_19992:ENSG00000009830.11",0.0072028085634422,0.00416247514548527,0.0835561928822128
"chr14:77330359:77331069:clu_19998:ENSG00000100577.18",0.00794366560227776,0.00604287675280361,0.188661074104861
"chr14:20447690:20447904:clu_18847:ENSG00000092094.10",4.25173897287124e-07,0.00249967452654723,0.999864286456871
"chr14:20802093:20802797:clu_18860:ENSG00000129538.13",-0.00331470804760786,0.00316032566293342,0.294247091569374
"chr14:20802093:20802249:clu_18860:ENSG00000129538.13",-0.00220073903288953,0.00278612226013434,0.429590141867133
"chr14:20459733:20460192:clu_18855:ENSG00000165782.10",0.00733480338267998,0.00247549059923045,0.00304686661923559
"chr14:55051803:55062618:clu_19490:ENSG00000168175.14",0.0110923754466311,0.00457428408442906,0.0153108155859552
"chr14:104710188:104710882:clu_20412:ENSG00000203485.12",-0.00807283533887693,0.0033357201813588,0.015515485673995
"chr14:105479219:105479570:clu_20488:ENSG00000182809.10",-0.0050549287919352,0.00502262736974685,0.314208201009737
"chr14:104714856:104715284:clu_20416:ENSG00000203485.12",-0.00879609022070298,0.00408001631840319,0.0310917991424252
"chr14:105148439:105148745:clu_20449:ENSG00000184916.8",-0.00744490941574075,0.00378669371128899,0.0492903876517891
"chr14:105838429:105840367:clu_20509:ENSG00000211898.7",-0.00316186379700507,0.00468216006108545,0.499485033649013
"chr14:37606742:37622050:clu_19271:ENSG00000139865.16",0.0230898097642764,0.00500410448595602,3.94661335467728e-06
"chr14:37795352:37796294:clu_19284:ENSG00000139865.16",-0.000729346598247863,0.00388520506075037,0.851092942124183
"chr14:35826658:35831410:clu_19255:ENSG00000100916.13",0.00723053268236526,0.00455817193462268,0.112676020734234
"chr14:21391063:21391463:clu_18897:ENSG00000100888.12",0.000225598531012874,0.00282218417983773,0.936286912948313
"chr14:21234229:21263311:clu_18890:ENSG00000092199.17",-0.00237095448969821,0.00394435271685323,0.547772695895035
"chr14:20990598:20992124:clu_18861:ENSG00000165792.17",0.00084787478109586,0.00300958676675973,0.778154651131785
"chr14:20990598:20992092:clu_18861:ENSG00000165792.17",-0.000121709203596956,0.00301810051562321,0.967832886935543
"chr14:21084050:21084757:clu_18881:ENSG00000165801.9",0.00350623400655125,0.00286313837156088,0.220721391880421
"chr14:73988172:74011091:clu_19856:ENSG00000187097.12",0.00504240000552293,0.00355374691640655,0.155929115405919
"chr14:73955509:73955805:clu_19848:ENSG00000119723.16",0.00962613983953152,0.00563840893258219,0.0877767092721966
"chr14:72959180:72960598:clu_19792:ENSG00000119599.16",-0.000760941501875255,0.0032936919337652,0.817291530106028
"chr14:73973978:73974924:clu_19853:ENSG00000187097.12",-0.0254687477143781,0.00560333040930381,5.4860318061678e-06
"chr14:72941824:72942994:clu_19788:ENSG00000119599.16",-0.0114185020133314,0.00438625207206064,0.00923451226359373
"chr14:60115461:60115719:clu_19569:ENSG00000126773.12",0.0367185824658165,0.00736204061153982,6.11482147028219e-07
"chr14:58351676:58353658:clu_19538:ENSG00000032219.18",-0.00408528487019439,0.00392214389564772,0.297599558847436
"chr14:58472279:58474607:clu_19548:ENSG00000100578.14",-0.00336371849997591,0.00346873777117093,0.332184050634625
"chr14:77735012:77735937:clu_20022:ENSG00000100603.13",0.00126900289434226,0.00323732162089184,0.695064417539545
"chr14:77736006:77736971:clu_20022:ENSG00000100603.13",-0.00307751576871823,0.00310060206548252,0.320927227704822
"chr14:71414014:71512743:clu_19773:ENSG00000197555.9",0.00633494340999531,0.00356829470495138,0.0758414366976425
"chr14:71702505:71705222:clu_19779:ENSG00000197555.9",-0.00485213418726002,0.00426338665000488,0.255081289939621
"chr14:69767380:69768138:clu_19749:ENSG00000100650.15",0.0154402713518568,0.00568237185582418,0.00658322405056144
"chr14:69767255:69768138:clu_19749:ENSG00000100650.15",-0.0180773357550702,0.00418862115165243,1.59011375100437e-05
"chr14:69122360:69152944:clu_19734:ENSG00000139990.17",0.0193337031337489,0.00452512290415448,1.9327141740022e-05
"chr14:69770042:69770467:clu_19750:ENSG00000100650.15",0.011219918652036,0.00724623865130482,0.121531243707738
"chr14:91592002:91608294:clu_20120:ENSG00000133962.7",0.000765268137032931,0.00350701100575761,0.827264768491296
"chr14:70375771:70416900:clu_19759:ENSG00000213463.4",0.0115175715899979,0.00441461952264864,0.00908175064369521
"chr14:50726066:50729523:clu_19412:ENSG00000100503.23",-0.003729918792627,0.00341989135462378,0.275425080593093
"chr14:50532158:50532448:clu_19402:ENSG00000012983.11",0.00622717170347914,0.00286668204936223,0.0298362425676577
"chr14:50727751:50729523:clu_19412:ENSG00000100503.23",-0.00141272641150311,0.00345251097065371,0.682401625153065
"chr14:50620726:50621843:clu_19407:ENSG00000198513.11",-0.00482462448384265,0.00293076818776281,0.0997230181369598
"chr14:49840866:49846140:clu_19366:ENSG00000165525.17",0.00302553144315325,0.00343826482478679,0.378881620664206
"chr14:50667500:50667874:clu_19411:ENSG00000151748.14",0.00536056827571299,0.00332058872279588,0.106453105748262
"chr14:50435065:50437476:clu_19390:ENSG00000012983.11",-0.000277238430441432,0.00349232924980958,0.936726428188374
"chr14:49838206:49840718:clu_19366:ENSG00000165525.17",-0.00409365335125409,0.0035371195636093,0.247133085131673
"chr14:50435061:50437476:clu_19390:ENSG00000012983.11",0.000484548661990383,0.00408858695157134,0.905661591154388
"chr14:50792881:50794436:clu_19417:ENSG00000100503.23",0.000287617321803205,0.0033892423162433,0.932371233650043
"chr14:50614511:50620599:clu_19407:ENSG00000198513.11",0.00662703260770408,0.00310580416322407,0.0328626449329946
"chr14:50665619:50667874:clu_19411:ENSG00000151748.14",-0.00389364410947041,0.00368380002756365,0.29052800561466
"chr14:50324116:50325609:clu_19385:ENSG00000125375.14",0.00330585042231379,0.0048501220897297,0.4954909752433
"chr14:74048074:74049702:clu_19861:ENSG00000119636.15",0.000530745981548809,0.00457229610171641,0.907590205321144
"chr14:73645042:73653170:clu_19829:ENSG00000119661.14",0.00302347241851895,0.00444020999537639,0.495915752082658
"chr14:74101238:74198922:clu_19869:ENSG00000205659.10",-0.00509025268932845,0.00412623267412802,0.21734006112923
"chr14:73297285:73316390:clu_19817:ENSG00000133961.19",-0.00628872466235975,0.00386507678742959,0.103723650691001
"chr14:73671597:73687259:clu_19831:ENSG00000119661.14",0.00891469724565286,0.00418714502126743,0.0332490147532695
"chr14:74516941:74521911:clu_19881:ENSG00000119681.11",-0.0137774564964095,0.00408844822832841,0.000752091629029228
"chr14:21101975:21102064:clu_18884:ENSG00000232070.8",-0.00512276011957637,0.00243253396585922,0.0352099381159497
"chr14:21400307:21400413:clu_18898:ENSG00000100888.12",-0.00146250603063234,0.00240618277785223,0.543312372395437
"chr14:21400331:21400413:clu_18898:ENSG00000100888.12",0.0015859647157495,0.00253640399938987,0.531786780652163
"chr14:20378853:20378981:clu_18840:ENSG00000129566.12",0.00308955890497935,0.00338775529939611,0.361780205199414
"chr14:21087463:21087968:clu_18882:ENSG00000165801.9",-0.00642008881165153,0.00261105572992593,0.0139398537684267
"chr14:20325653:20326716:clu_18829:ENSG00000100814.17",-0.00221662662451037,0.00326066340042507,0.496625737623565
"chr14:20378535:20378754:clu_18840:ENSG00000129566.12",0.000229039573302087,0.00321971506639833,0.943289041700624
"chr14:74723344:74732731:clu_19897:ENSG00000119616.11",-0.00630705201036379,0.00406745114993497,0.120993901848706
"chr14:75745581:75752893:clu_19951:ENSG00000119685.19",0.0114914285752385,0.00363461012201478,0.00156868589078374
"chr14:74501590:74502653:clu_19877:ENSG00000119681.11",0.0130640277858888,0.00449364705709696,0.0036465477288995
"chr14:101558834:101559800:clu_20298:ENSG00000258498.8",0.00508599781352589,0.00330939623246809,0.124333582877609
"chr14:101558834:101560252:clu_20298:ENSG00000258498.8",-0.00810449637089983,0.00495110971936826,0.101650316166812
"chr14:64504946:64516600:clu_19648:ENSG00000126804.13",-0.00111325834037399,0.00524940223459763,0.832049807021756
"chr14:55633341:55634530:clu_19499:ENSG00000126777.17",-0.0087480251573663,0.00364549103664285,0.0164092472258104
"chr14:54530226:54530903:clu_19481:ENSG00000100532.11",-0.00187498016269405,0.00500244561759437,0.707799766358594
"chr14:55661612:55663955:clu_19504:ENSG00000126777.17",-0.00500578084059372,0.00331563896996948,0.131107619893052
"chr14:55673012:55673172:clu_19505:ENSG00000126777.17",0.0126471294768195,0.0041395801585562,0.0022493146993503
"chr14:55650637:55651287:clu_19502:ENSG00000126777.17",0.00295091241908541,0.00615289211247917,0.631513538341792
"chr14:55673012:55675835:clu_19505:ENSG00000126777.17",-0.0121734869720582,0.00543958821184315,0.0252247891018711
"chr14:55673255:55675835:clu_19505:ENSG00000126777.17",0.00599001976839303,0.00464323928317193,0.197032630640712
"chr14:54702580:54748815:clu_19485:ENSG00000020577.13",-0.0132299191638533,0.00320331050165263,3.6264168735145e-05
"chr14:54776540:54784340:clu_19487:ENSG00000020577.13",0.00882502887503176,0.00423549790386689,0.0371977396855802
"chr14:55680741:55684099:clu_19506:ENSG00000126777.17",0.00326758955876473,0.00415526274963366,0.431648556253595
"chr14:88391455:88393393:clu_20047:ENSG00000042317.16",-0.00224894427577878,0.00360061932790322,0.532234085787374
"chr14:88393488:88396156:clu_20047:ENSG00000042317.16",0.00370398705364725,0.00345142374644045,0.283191906782176
"chr14:100305776:100306199:clu_20280:ENSG00000197119.12",0.00297886873319694,0.00300759800588074,0.321955306973869
"chr14:100369258:100376260:clu_20282:ENSG00000140105.17",-0.00871394076387002,0.00296364932098048,0.00327922223962029
"chr14:100369258:100375283:clu_20282:ENSG00000140105.17",-0.0015553222236149,0.00290010748926245,0.59175252272447
"chr14:100361921:100369087:clu_20282:ENSG00000140105.17",0.00142749001494826,0.0031226900697075,0.647574224202635
"chr14:100361921:100375283:clu_20282:ENSG00000140105.17",-0.00596034969676441,0.00307821281335135,0.0528307212188573
"chr14:100293377:100298842:clu_20280:ENSG00000197119.12",-0.00798049183891542,0.00483649508228288,0.0989313091582275
"chr14:100361921:100376260:clu_20282:ENSG00000140105.17",0.000415333152938149,0.00301651721582299,0.890488331930326
"chr14:75793100:75820007:clu_19956:ENSG00000119685.19",0.00123436452067093,0.003613539978126,0.732656256275819
"chr14:75091478:75095372:clu_19928:ENSG00000119638.12",-0.00939954050767187,0.00413111709635156,0.0228877975533789
"chr14:75107487:75109685:clu_19932:ENSG00000119638.12",0.00429767877423175,0.00432176453912496,0.320015093034594
"chr14:75105996:75106502:clu_19931:ENSG00000119638.12",-0.0112537364643454,0.00557544303286115,0.0435447249246409
"chr14:75639462:75640955:clu_19942:ENSG00000119686.9",0.00140849018818259,0.00345906627570314,0.683869933672558
"chr14:74525225:74526075:clu_19882:ENSG00000119681.11",-0.000252126796290683,0.00427266391504399,0.952944721286577
"chr14:74508095:74508604:clu_19879:ENSG00000119681.11",0.00683247446962474,0.00395061055499364,0.0837244665384065
"chr14:74522918:74525124:clu_19882:ENSG00000119681.11",-0.000982386421030092,0.00401051852147173,0.806493233138253
"chr14:70329236:70342658:clu_19758:ENSG00000133983.14",0.00721402408097167,0.00397572200206302,0.0695978227717705
"chr14:70329236:70342658:clu_19758:ENSG00000213463.4",0.00745949985436746,0.00395215091897499,0.0590993968957625
"chr14:35116737:35121902:clu_19242:ENSG00000092020.10",-0.00110665401209872,0.0042746516756743,0.795722020219227
"chr14:35655915:35659138:clu_19249:ENSG00000174373.16",0.0212766755957489,0.00606838647647489,0.000454638265854124
"chr14:35109960:35110570:clu_19239:ENSG00000151327.12",0.00695588246744209,0.00493937734508836,0.159056796491803
"chr14:35659196:35664642:clu_19250:ENSG00000174373.16",0.00269238860422383,0.00236778957769587,0.255500883983722
"chr14:55650637:55651890:clu_19502:ENSG00000126777.17",0.0134682837580801,0.00474192359331156,0.004507713966305
"chr14:60156152:60165177:clu_19573:ENSG00000100612.13",0.00258654360397901,0.00514523248208191,0.61517039424659
"chr14:60156152:60163045:clu_19573:ENSG00000100612.13",-0.00995552971972787,0.00524551697363784,0.0577076725795427
"chr14:60714203:60719760:clu_19582:ENSG00000100625.8",0.00621244251337917,0.00467404633458129,0.183803157027702
"chr14:77449752:77451187:clu_20008:ENSG00000151445.15",-0.00387414596597083,0.00316397404560423,0.220780378760789
"chr14:77306441:77311949:clu_19994:ENSG00000009830.11",0.00145882136826782,0.00298081301474159,0.62455581027259
"chr14:77312033:77320434:clu_19994:ENSG00000009830.11",-0.0065538466886285,0.00272838154051639,0.0163012288108827
"chr14:77720828:77730988:clu_20020:ENSG00000100603.13",-0.00467034096081372,0.00349559190361145,0.181527751532406
"chr14:77287271:77288762:clu_19990:ENSG00000009830.11",0.00249796141152646,0.00309058913863424,0.418948031529954
"chr14:23347731:23348161:clu_18983:ENSG00000092096.16",-0.00975171050092704,0.00507867184440735,0.0548414724875885
"chr14:23298458:23299401:clu_18974:ENSG00000235194.8",0.00214227631372521,0.00347752288739675,0.537871324901841
"chr14:22813440:22815320:clu_18926:ENSG00000155465.18",-0.00395733545740098,0.00251027880511209,0.114921542763574
"chr14:23299541:23300107:clu_18975:ENSG00000235194.8",-0.00930030526934273,0.00264922460975236,0.000447136376587554
"chr14:22604079:22605787:clu_18919:ENSG00000100439.10",0.00250102765004455,0.00361820684719189,0.489418490383479
"chr14:92577477:92641238:clu_20157:ENSG00000100599.15",0.00335747070932991,0.00370705665535573,0.365096162611007
"chr14:92837449:92839366:clu_20171:ENSG00000066455.12",0.00908991199377385,0.00283423770205763,0.0013404284611519
"chr14:92615479:92641238:clu_20157:ENSG00000100599.15",-0.00614196143151345,0.00299289396054256,0.040152032730716
"chr14:92134355:92135367:clu_20152:ENSG00000165934.12",-0.00279885148229788,0.00418408613094009,0.503541542903856
"chr14:90906299:90920206:clu_20098:ENSG00000100784.10",0.00560837913508054,0.00373098463585354,0.132790031986002
"chr14:92835664:92837386:clu_20171:ENSG00000066455.12",-0.00479798976819235,0.00292893592442692,0.10139372623943
"chr14:92577477:92615407:clu_20157:ENSG00000100599.15",-0.00165748881794998,0.00325320025267168,0.610405397951288
"chr14:93726006:93737241:clu_20186:ENSG00000175785.12",0.00558047973909713,0.00356027403011081,0.117014254573374
"chr14:94128618:94129262:clu_20198:ENSG00000119632.3",-0.00921950926086239,0.00296687914789482,0.00188691549863418
"chr14:20326793:20329174:clu_18830:ENSG00000100814.17",0.000158444086446814,0.00311036785585345,0.959372832450271
"chr14:20329373:20333254:clu_18830:ENSG00000100814.17",-0.000120075285977558,0.00278695460407599,0.965633963277477
"chr14:21018504:21018763:clu_18866:ENSG00000165795.23",0.00137821601547283,0.00310758876176398,0.657404026223314
"chr14:21020844:21021747:clu_18870:ENSG00000165795.23",-0.00175513510045948,0.00342136014362234,0.607955952233453
"chr14:21020844:21021817:clu_18870:ENSG00000165795.23",0.00201549562181672,0.00319565826387528,0.52823793619813
"chr14:21501824:21503173:clu_18908:ENSG00000165819.11",-0.00453074393614723,0.00316058900832886,0.151711421555227
"chr14:88846907:88852971:clu_20072:ENSG00000165533.18",-0.00335845265391843,0.00392343746154401,0.391999162920055
"chr14:90290607:90292697:clu_20088:ENSG00000119720.17",0.00479686068186756,0.00301553098855853,0.111672960171229
"chr14:88841514:88843806:clu_20071:ENSG00000165533.18",-0.00228715267979872,0.00408385140001279,0.575446719300232
"chr14:88841196:88841425:clu_20071:ENSG00000165533.18",0.00489606225568409,0.00400452733855152,0.221468816679353
"chr14:59474526:59474728:clu_19558:ENSG00000126790.11",-0.0142527299699515,0.00363789550738623,8.93421624399426e-05
"chr14:59456545:59458857:clu_19554:ENSG00000181619.11",0.0110382303541329,0.0035740399992117,0.00201206102019535
"chr14:92732815:92741062:clu_20165:ENSG00000100600.14",0.001558131045043,0.00274249171591887,0.569936987045531
"chr14:91783210:91785162:clu_20126:ENSG00000165929.12",0.00408096424799553,0.00375352669966092,0.276933125807147
"chr14:92704707:92706483:clu_20163:ENSG00000100600.14",0.00476335678425091,0.0032043334913731,0.137137427249101
"chr14:49814857:49825867:clu_19362:ENSG00000165525.17",-0.00497536585232825,0.00435238726217028,0.252982578949991
"chr14:49806133:49814754:clu_19361:ENSG00000165525.17",0.00321302116787902,0.00477943129032487,0.501418098035832
"chr14:49814857:49820343:clu_19362:ENSG00000165525.17",0.00567972749547158,0.00343038751650985,0.0977805269288148
"chr14:50312389:50314591:clu_19383:ENSG00000125375.14",0.00748186498378316,0.00334395913246554,0.0252584350853102
"chr14:49626048:49633287:clu_19344:ENSG00000165506.14",0.00652461500930345,0.00418321185599742,0.118827430667398
"chr14:49654838:49655005:clu_19346:ENSG00000100479.12",-0.00458322337177494,0.00437128304865776,0.29441535036681
"chr14:49654214:49654784:clu_19346:ENSG00000100479.12",0.00584085205503576,0.0036963976012514,0.114073176575888
"chr14:68883055:68884168:clu_19724:ENSG00000072110.13",0.00284986041215092,0.00393144049434183,0.468519748351508
"chr14:69658713:69703395:clu_19747:ENSG00000100647.7",-0.00450463300297112,0.00376350533526198,0.231335853149532
"chr14:57269388:57274244:clu_19518:ENSG00000053770.11",0.00502226687122049,0.00324664300810814,0.121884775872121
"chr14:56636598:56650072:clu_19513:ENSG00000070269.13",0.00134956783433909,0.00434807649357446,0.756269928707925
"chr14:56635276:56636508:clu_19512:ENSG00000070269.13",0.0023807555642198,0.00320476482152882,0.457554359185223
"chr14:39319291:39326864:clu_19306:ENSG00000150527.16",-0.0203849856268356,0.0066246742588174,0.00209003946243735
"chr14:39048729:39055143:clu_19291:ENSG00000100934.14",0.00266820056551189,0.00455394302341652,0.557936025132376
"chr14:39055296:39061765:clu_19291:ENSG00000100934.14",-0.00566315854070956,0.00490931626071547,0.248683306338876
"chr14:60092419:60107586:clu_19568:ENSG00000126773.12",0.00459881508499672,0.00616536884085866,0.455721312426028
"chr14:77291380:77296164:clu_19991:ENSG00000009830.11",0.00143237201272387,0.00333817546738805,0.667858971653531
"chr14:79663949:79697630:clu_20028:ENSG00000021645.18",-0.000280293804566794,0.00301250342633864,0.925869018376299
"chr14:77679970:77694738:clu_20018:ENSG00000100601.9",-0.00175516017192386,0.00328304534510655,0.592917186698965
"chr14:77441093:77442560:clu_20006:ENSG00000151445.15",-0.00629886667976753,0.00269107406740674,0.0192501240853297
"chr14:77899258:77907803:clu_20026:ENSG00000063761.15",0.00379677299936368,0.00246060569682751,0.122825016532039
"chr14:77327552:77329123:clu_19996:ENSG00000100577.18",-0.00493103194642452,0.00281393750884435,0.079711899683599
"chr14:77437881:77441066:clu_20006:ENSG00000151445.15",0.00448198488345648,0.00259721819618773,0.0844037930674596
"chr14:77278869:77279537:clu_19987:ENSG00000009830.11",-0.0022207847450271,0.00358181350652216,0.535246690293462
"chr14:76180849:76195878:clu_19969:ENSG00000089916.17",0.00346471018738673,0.00304110665791068,0.254581150799354
"chr14:77429767:77433842:clu_20004:ENSG00000151445.15",0.00381625366135993,0.00414875062339691,0.3576479506819
"chr14:76782776:76786085:clu_19977:ENSG00000258301.3",-0.00300693581373835,0.0031741333039324,0.343473198417117
"chr14:50461361:50462665:clu_19398:ENSG00000012983.11",0.00785740948218447,0.00351167239458294,0.0252528892369087
"chr14:50140059:50145170:clu_19377:ENSG00000100485.11",-7.66068600893859e-06,0.00416897957106772,0.998533852337795
"chr14:49828807:49829054:clu_19363:ENSG00000165525.17",0.0121395376049815,0.00397941044883976,0.00228394534307197
"chr14:49723952:49725686:clu_19350:ENSG00000197776.7",0.00139625163311582,0.00372890847171953,0.708077158638906
"chr14:49828787:49829054:clu_19363:ENSG00000165525.17",-0.0132548793224387,0.00427500555199426,0.00193159942074794
"chr14:96527539:96527953:clu_20238:ENSG00000090060.17",-0.0023678837582254,0.00314837998909838,0.451993374730602
"chr14:96560711:96562819:clu_20244:ENSG00000090060.17",-0.00207575621173106,0.00358275026846042,0.562336117331601
"chr14:94114880:94115790:clu_20196:ENSG00000165949.12",0.00449810957259146,0.0019341604404334,0.0200391803608908
"chr14:94114880:94115781:clu_20196:ENSG00000165949.12",-0.00412612240431664,0.00184515192078259,0.0253388975240845
"chr14:37219691:37247103:clu_19266:ENSG00000151338.18",-0.00872946211371731,0.00460118323478003,0.0577987575585363
"chr14:45097005:45102529:clu_19327:ENSG00000185246.17",-0.00600918119444301,0.00442702782919685,0.174658910078309
"chr14:45102696:45107451:clu_19328:ENSG00000185246.17",-0.00598285675269913,0.00436391669762287,0.170380173614529
"chr14:35690003:35715707:clu_19254:ENSG00000174373.16",-0.0123594484405394,0.00418964475388691,0.00317774809180094
"chr14:36311725:36311959:clu_19260:ENSG00000151332.18",-0.0117717390649257,0.00406654839899544,0.0037943145714
"chr14:35548538:35549110:clu_19246:ENSG00000174373.16",-0.0282197887331609,0.00617259953742281,4.83590443134396e-06
"chr14:35124231:35127479:clu_19241:ENSG00000100890.15",-0.00706059017784238,0.00411786750876257,0.0864143763744518
"chr14:35834923:35862590:clu_19256:ENSG00000100916.13",-0.00460350586154626,0.00434951616440549,0.289875429368545
"chr14:94096965:94097495:clu_20197:ENSG00000165948.10",0.00791774980661404,0.00263324617880461,0.00263978709033075
"chr14:64257364:64260449:clu_19636:ENSG00000140009.18",0.00172516826481714,0.00493487221282421,0.726648502392968
"chr14:64732901:64736853:clu_19653:ENSG00000126822.16",-0.00833376533727248,0.00297215508453158,0.00504812023225132
"chr14:64732901:64736285:clu_19653:ENSG00000126822.16",0.0125169245765382,0.00350858107458569,0.000360379242399844
"chr14:63283216:63284271:clu_19612:ENSG00000126785.12",0.00724421135891893,0.00460919991360924,0.116023572630608
"chr14:37874563:37936234:clu_19283:ENSG00000139865.16",-0.00833615709821472,0.00399542280055874,0.0369399819641975
"chr14:37787637:37790717:clu_19280:ENSG00000139865.16",-3.9848125688728e-06,0.00369791359872144,0.999140212520871
"chr14:72951877:72954161:clu_19791:ENSG00000119599.16",0.0008559656233076,0.0034796113393773,0.805686407387333
"chr14:72926543:72937971:clu_19786:ENSG00000119599.16",0.00627482943003641,0.00324859489214936,0.053414845417618
"chr14:73279424:73282359:clu_19816:ENSG00000133961.19",-0.00873741922869933,0.00698978514791173,0.211289733071644
"chr14:73268723:73272495:clu_19814:ENSG00000100767.15",-0.00181860916231867,0.00456046719529633,0.690057568412898
"chr14:23071186:23071427:clu_18965:ENSG00000100813.14",0.00820783778556696,0.00293646889259169,0.00518774559030377
"chr14:22950410:22952328:clu_18946:ENSG00000092036.18",-0.000730357859939711,0.00348970339414231,0.834222341696352
"chr14:22598329:22601667:clu_18918:ENSG00000100439.10",0.00328238347106919,0.00332192194370302,0.323104796344689
"chr14:23052609:23053496:clu_18957:ENSG00000139880.19",-0.00140686737313878,0.00360133515365679,0.696054772240575
"chr14:64107607:64113341:clu_19620:ENSG00000054654.16",0.00669770785012887,0.00444968567243073,0.132270298374669
"chr14:64102042:64107491:clu_19620:ENSG00000054654.16",-0.0102486559127241,0.00422461147611222,0.0152687749848328
"chr14:64950414:64950943:clu_19660:ENSG00000139998.14",0.00135925375157919,0.00383579914831253,0.72306911428074
"chr14:73950495:73953435:clu_19847:ENSG00000119723.16",0.00222365159390487,0.00369395722908811,0.547194078073918
"chr14:74296449:74299548:clu_19875:ENSG00000119688.20",0.0173601101999017,0.00629031354747734,0.00578338620856189
"chr14:73573590:73574286:clu_19827:ENSG00000119673.14",0.000124727016084043,0.00347071914780715,0.971332643245284
"chr14:73938112:73940926:clu_19846:ENSG00000156050.8",-0.00886411417511362,0.0045461582629918,0.0511995735629097
"chr14:73941053:73942369:clu_19846:ENSG00000156050.8",0.00852164535252434,0.00472435915329016,0.0712677676161708
"chr14:94081449:94096856:clu_20194:ENSG00000165948.10",0.00745713511813275,0.00280601800849286,0.00787107506448093
"chr14:94081449:94096887:clu_20194:ENSG00000165948.10",-0.0065417168658918,0.00277123609640289,0.0182465179368111
"chr14:75032179:75033419:clu_19921:ENSG00000119684.15",-0.00621332183662228,0.00414586386029469,0.133956756114073
"chr14:76076691:76082295:clu_19959:ENSG00000119650.12",0.00316280730941196,0.00330536906403547,0.338633056288192
"chr14:76022394:76058642:clu_19959:ENSG00000119650.12",-0.00498466379117783,0.00262952608838542,0.0580062070507842
"chr14:75624752:75633629:clu_19941:ENSG00000119686.9",0.00667653382826367,0.00398254344588284,0.0936501377761176
"chr14:75032179:75038340:clu_19921:ENSG00000119684.15",-0.000958673658527884,0.00351621330451142,0.785127060971199
"chr14:75063561:75063954:clu_19923:ENSG00000119640.8",-0.00227295504679554,0.00422318296434091,0.590432772756501
"chr14:99516286:99517088:clu_20255:ENSG00000205476.8",0.00319461110386643,0.00323432903402127,0.323289852719523
"chr14:99517183:99522133:clu_20255:ENSG00000205476.8",-0.00158768523918786,0.00314577846906775,0.613767139122917
"chr14:99700101:99706647:clu_20261:ENSG00000036530.8",-0.00324719830276978,0.00324375421168774,0.316796950582816
"chr14:50109713:50114285:clu_19372:ENSG00000100483.13",0.00726292077378462,0.00363864869999781,0.0459285992143601
"chr14:49832277:49834363:clu_19364:ENSG00000165525.17",0.00810964659312506,0.00473921237080907,0.0870478440420681
"chr14:49751145:49751586:clu_19353:ENSG00000197776.7",0.00416757417240898,0.00397888083796004,0.294904196048214
"chr14:35096633:35096709:clu_19237:ENSG00000092020.10",0.00412072526639652,0.00440290157445549,0.349318866823293
"chr14:35096764:35099252:clu_19237:ENSG00000092020.10",0.00345752542447757,0.0050627500304889,0.494648386730059
"chr14:24442452:24442818:clu_19143:ENSG00000100445.17",-0.00552528621611562,0.00342837479814462,0.107041554981876
"chr14:24292330:24292621:clu_19107:ENSG00000157379.13",-0.00431076233954922,0.00360921132468295,0.232330167215593
"chr14:24332988:24334494:clu_19126:ENSG00000129465.15",0.00528963085108419,0.00407529025184808,0.194295421036628
"chr14:24332988:24334494:clu_19126:ENSG00000129467.13",0.00528963085108419,0.00407529025184808,0.194295421036628
"chr14:52721190:52723805:clu_19456:ENSG00000100519.11",0.0443331490398296,0.00520509337165076,0
"chr14:52860465:52861014:clu_19461:ENSG00000073712.14",0.0154447546535444,0.00412889147782259,0.000183542004720483
"chr14:59360862:59363651:clu_19556:ENSG00000100592.15",0.00406989510627239,0.00449598371209204,0.365344050002154
"chr14:60289914:60291397:clu_19576:ENSG00000100614.17",0.00712467544807402,0.00651964673972318,0.274481251778076
"chr14:61530595:61547743:clu_19600:ENSG00000232774.7",-0.00837600909265941,0.00423752712445336,0.0480838461802645
"chr14:61738373:61740505:clu_19606:ENSG00000100644.16",0.00311594281093744,0.00414685019615892,0.452412024608117
"chr14:61322464:61391225:clu_19594:ENSG00000027075.14",0.0115332348125186,0.00456825418333436,0.0115814153502697
"chr14:61485656:61529075:clu_19599:ENSG00000027075.14",0.0137151629869125,0.00391067795817219,0.000453008282917722
"chr14:61737109:61738087:clu_19606:ENSG00000100644.16",-0.00366410014965126,0.00399018309102144,0.358472974548415
"chr14:50342222:50344986:clu_19386:ENSG00000100490.9",-0.00906041445499186,0.00488745759867506,0.0637664444187396
"chr14:49806133:49813988:clu_19361:ENSG00000165525.17",-0.0161296436263352,0.00454557949805595,0.000387543741940499
"chr14:50115911:50116069:clu_19374:ENSG00000100483.13",0.0187497068661776,0.00433639778223228,1.53365924618898e-05
"chr14:61015956:61019541:clu_19591:ENSG00000139974.15",0.000431199344935331,0.00422117340576365,0.918636395522608
"chr14:91189807:91196375:clu_20104:ENSG00000133943.20",0.000408479604791985,0.00355362856385245,0.908486983631382
"chr14:91189170:91196375:clu_20104:ENSG00000133943.20",-0.00192354725368921,0.0036927710550693,0.602439678187864
"chr14:90780906:90786174:clu_20096:ENSG00000165914.14",-0.00409536129597197,0.0041253003548838,0.320835421288629
"chr14:90780902:90786174:clu_20096:ENSG00000165914.14",0.00246254697392915,0.00395741432957472,0.533769866510702
"chr14:91283517:91285395:clu_20112:ENSG00000015133.18",-0.0063557503333482,0.0025013251828522,0.0110550702733081
"chr14:90593626:90603253:clu_20092:ENSG00000165914.14",0.0224653349250523,0.00541131869928247,3.30237823743529e-05
"chr14:90033214:90043070:clu_20086:ENSG00000042088.13",-0.00429103793558922,0.00274675528166576,0.118236007757438
"chr14:91203063:91204706:clu_20105:ENSG00000133943.20",0.0023726795941626,0.00377672852053726,0.529848868992011
"chr14:63288317:63290878:clu_19612:ENSG00000126785.12",-0.00383824030718096,0.00385337533513296,0.319215033365281
"chr14:63283216:63288188:clu_19612:ENSG00000126785.12",0.00737175886613274,0.00351190186645764,0.0358099521492569
"chr14:65027781:65032359:clu_19663:ENSG00000257365.7",0.0130539729481481,0.00483526161497143,0.00693926592681604
"chr14:35092211:35102681:clu_19235:ENSG00000151327.12",0.00033715478161481,0.00316042354025421,0.915042649329284
"chr14:35539690:35549110:clu_19246:ENSG00000174373.16",0.0168079611811935,0.00710840138464987,0.0180534255329728
"chr14:58543967:58547781:clu_19550:ENSG00000100578.14",-0.00861832424593387,0.00313497875892903,0.00597618186910309
"chr14:58274135:58286640:clu_19531:ENSG00000257621.7",-0.010171866417204,0.00350618595154786,0.00371831378483156
"chr14:58286827:58291635:clu_19531:ENSG00000257621.7",-0.00537648066670872,0.00443115642395607,0.22500146583827
"chr14:58540136:58547781:clu_19550:ENSG00000100578.14",0.00258978271493645,0.00283462198620616,0.360913702325746
"chr14:58244941:58247750:clu_19532:ENSG00000100567.12",-0.00237294554387223,0.003929391697004,0.54591251498416
"chr14:24440926:24442098:clu_19142:ENSG00000100445.17",0.00147264851951014,0.00372461084953887,0.69256011294914
"chr14:24139454:24139545:clu_19049:ENSG00000100908.13",0.00705809281347726,0.00371484576944775,0.0574371521890464
"chr14:24185312:24185459:clu_19079:ENSG00000196497.16",-0.000248128981507453,0.00344042132091445,0.942505069320367
"chr14:22911403:22913724:clu_18941:ENSG00000100461.17",0.00276867327076421,0.00327315700712371,0.397623914268292
"chr14:23989075:23990182:clu_19026:ENSG00000187630.15",0.00102348370754949,0.00286913708072004,0.721300093288022
"chr14:24269163:24269270:clu_19102:ENSG00000100949.14",-0.00251448304214364,0.00347417908417345,0.469211112917617
"chr14:45096228:45096596:clu_19326:ENSG00000185246.17",-0.000884757438634733,0.00482390535407483,0.854475523763905
"chr14:94097678:94100739:clu_20197:ENSG00000165948.10",0.0118147424347115,0.00260520962782751,5.75912534983569e-06
"chr14:37696835:37701332:clu_19275:ENSG00000139865.16",0.00108196845818209,0.0039376191530449,0.783487319724031
"chr14:39133719:39136440:clu_19298:ENSG00000092208.16",0.00358640561381361,0.00486727779447938,0.461219574564557
"chr14:56617297:56618594:clu_19510:ENSG00000070269.13",0.00675238452258449,0.00349106145735598,0.0530894770453921
"chr14:56621702:56625382:clu_19511:ENSG00000070269.13",-0.00426297651944944,0.00341041525838573,0.211304105385358
"chr14:55633341:55634526:clu_19499:ENSG00000126777.17",0.00544704792510475,0.0035297351581568,0.12278496282811
"chr14:55577379:55578606:clu_19496:ENSG00000186615.10",-0.00322535377238832,0.00304243439282478,0.289088780520524
"chr14:100539315:100540496:clu_20284:ENSG00000183092.16",-0.00670547662781199,0.00287087136864465,0.0195072027487874
"chr14:100137644:100141180:clu_20274:ENSG00000196405.12",-0.00799412924787828,0.00461950531094427,0.0835380711871186
"chr14:100895039:100897593:clu_20290:ENSG00000225746.9",0.00373091293037369,0.00332033114097196,0.261158615844103
"chr14:100468168:100483994:clu_20283:ENSG00000176473.13",-0.00326274242806472,0.00327203893218711,0.318687433681856
"chr14:100129684:100132719:clu_20271:ENSG00000196405.12",0.00290157196772246,0.00354429586516852,0.412980631173313
"chr14:49710381:49723874:clu_19350:ENSG00000197776.7",-0.00514332323857059,0.00375653938005186,0.170947620799392
"chr14:22837437:22841491:clu_18929:ENSG00000157227.12",0.000923522501131889,0.00253511128487405,0.715639460384649
"chr14:21510980:21511124:clu_18910:ENSG00000165819.11",0.00224310148101989,0.0030496241420709,0.462014493419833
"chr14:100097658:100102304:clu_20270:ENSG00000196405.12",-0.00725288642510252,0.00420083024265018,0.0842509523314947
"chr14:99522240:99536015:clu_20256:ENSG00000205476.8",-0.00539812057720852,0.00299700486271989,0.0716758091429931
"chr14:100295697:100298842:clu_20280:ENSG00000197119.12",-0.00362641282794172,0.00307599545487947,0.238422230714406
"chr14:99459185:99461192:clu_20253:ENSG00000183576.12",0.000636933733467882,0.00312833487815113,0.838664905934186
"chr14:99461340:99463486:clu_20253:ENSG00000183576.12",0.00112848452350976,0.0032809119900955,0.730880485966654
"chr14:100097658:100123539:clu_20270:ENSG00000196405.12",0.0138115470349169,0.00404894303192316,0.000646897855219652
"chr14:24082875:24084520:clu_19023:ENSG00000129535.12",0.00411017422751129,0.00402721525502298,0.307444185054801
"chr14:24322224:24322904:clu_19120:ENSG00000129467.13",0.000530120077007924,0.00344739215545529,0.877787752970125
"chr14:24336395:24336885:clu_19126:ENSG00000129465.15",-0.00267433368585951,0.00397815858209663,0.501421902177028
"chr14:24192356:24192648:clu_19083:ENSG00000100926.14",0.00392787892509554,0.00349671761395105,0.261308157581808
"chr14:24190653:24192171:clu_19083:ENSG00000100926.14",-0.000732148736643023,0.00372018315230568,0.843980539712556
"chr14:24137017:24137143:clu_19045:ENSG00000092010.14",0.000658529062434967,0.00343576294933874,0.848001532626893
"chr14:24336395:24336885:clu_19126:ENSG00000129467.13",-0.00267433368585951,0.00397815858209663,0.501421902177028
"chr14:24103255:24103510:clu_19040:ENSG00000100889.11",0.0113025990499349,0.00349222390590722,0.00121003238030026
"chr14:23561873:23561986:clu_19001:ENSG00000258727.1",-0.00784181173335688,0.00322388418052009,0.014998672073518
"chr14:24323454:24325377:clu_19120:ENSG00000129467.13",0.00432363887146854,0.00426410953470504,0.310601574390113
"chr14:70597777:70600616:clu_19762:ENSG00000133997.11",-0.00396079324242105,0.00357174542262343,0.267463087569432
"chr14:95129632:95130058:clu_20212:ENSG00000100697.14",0.00345596028863937,0.00279255375509005,0.215878262321211
"chr14:99406590:99412951:clu_20252:ENSG00000183576.12",-0.00272966847852372,0.00265887528555834,0.304596964286074
"chr14:51701159:51702512:clu_19430:ENSG00000139926.15",0.000851876178367699,0.00357319916705233,0.811565333553644
"chr14:51701135:51702512:clu_19430:ENSG00000139926.15",-0.00060779481504593,0.00344268988426957,0.859864628517854
"chr14:50443770:50443939:clu_19395:ENSG00000012983.11",0.0155301394104279,0.00391067016114955,7.15049051969174e-05
"chr14:50628462:50632229:clu_19408:ENSG00000198513.11",-0.0026038953894532,0.0032843099950663,0.427877603397422
"chr14:34713136:34713508:clu_19217:ENSG00000165410.14",-0.00179783069461685,0.00340301514974289,0.597287503600753
"chr14:95130192:95131509:clu_20213:ENSG00000100697.14",0.00672634251534874,0.0032085919095529,0.0360508541631985
"chr14:95131639:95132515:clu_20213:ENSG00000100697.14",-0.00598918275533034,0.00310797182067276,0.0539747759656053
"chr14:65044443:65053238:clu_19664:ENSG00000257365.7",-0.00395862269073737,0.00375839411018198,0.292214956984395
"chr14:65053349:65054575:clu_19664:ENSG00000257365.7",0.00512947972242129,0.00377800101484104,0.174551524333943
"chr14:77675794:77679880:clu_20017:ENSG00000100601.9",-0.00171773038787948,0.00346034776237934,0.61960942036888
"chr14:77675849:77679880:clu_20017:ENSG00000100601.9",0.00150471810059624,0.00322957608458449,0.641274092136924
"chr14:33927033:33929076:clu_19206:ENSG00000129521.13",0.000878629282540841,0.00266456594113469,0.741592085263935
"chr14:99406590:99458279:clu_20252:ENSG00000183576.12",-0.00132733938303667,0.00325349369573849,0.683293091359316
"chr14:99459185:99463486:clu_20253:ENSG00000183576.12",0.0019475177376321,0.00373739156298041,0.602304008224739
"chr14:100137802:100141180:clu_20274:ENSG00000196405.12",0.00385360994498387,0.004161992627019,0.354495332459877
"chr14:103561192:103562616:clu_20369:ENSG00000166170.9",0.00544005844461321,0.00471778985150381,0.248871519314121
"chr14:105382046:105382477:clu_20471:ENSG00000179364.13",-0.000445356737092744,0.00389040494168032,0.908860727064566
"chr14:105226760:105228820:clu_20463:ENSG00000185024.16",-0.0033913552944392,0.00426990341203381,0.427052017280672
"chr14:105464147:105464416:clu_20484:ENSG00000182979.17",-0.00218396768953445,0.00543028191676675,0.687549268744956
"chr14:105464147:105464463:clu_20484:ENSG00000182979.17",0.0028447364903868,0.00555679615137383,0.608694227982464
"chr14:77908378:77924457:clu_20026:ENSG00000063761.15",-0.00960922110155321,0.00374897103464094,0.0103723558710439
"chr14:77552222:77555300:clu_20014:ENSG00000100596.6",-0.018379027496863,0.00466430316017981,8.13598651793201e-05
"chr14:77859279:77887091:clu_20025:ENSG00000063761.15",0.00404762652382219,0.00324210106098524,0.211863434586953
"chr14:49599203:49602370:clu_19342:ENSG00000165501.16",-0.011758463491905,0.00361710817344131,0.00115084336318305
"chr14:57274889:57280195:clu_19518:ENSG00000053770.11",-0.00466412071228927,0.00307333086497912,0.129112493411922
"chr14:58444175:58448340:clu_19547:ENSG00000100578.14",-0.00249039108738496,0.00348729687748778,0.475145419461877
"chr14:58448493:58450579:clu_19547:ENSG00000100578.14",-0.00227317127654373,0.00351298398254815,0.517582084311024
"chr14:24265755:24266430:clu_19098:ENSG00000100949.14",0.00107800695392303,0.00338515877796367,0.750142912409612
"chr14:24265763:24266430:clu_19098:ENSG00000100949.14",0.000843849757917446,0.00323896665854566,0.79445455490016
"chr14:24148477:24148642:clu_19054:ENSG00000092098.16",-0.00805277996029379,0.00350005088236271,0.0214051538270973
"chr14:24214151:24214310:clu_19088:ENSG00000213920.8",0.00247643753580481,0.00383082788327408,0.517988162490138
"chr14:24214151:24214546:clu_19088:ENSG00000213920.8",0.00930200842673391,0.00307989182511625,0.00252575556953583
"chr14:24163959:24164043:clu_19063:ENSG00000213928.8",0.00655522470929415,0.00342751782336569,0.0558084710444259
"chr14:24180758:24181513:clu_19074:ENSG00000196497.16",-0.00216868066185186,0.00402583066926891,0.590099756931431
"chr14:24235820:24235967:clu_19092:ENSG00000100938.17",0.000179758251620232,0.0030581044043681,0.953126589853924
"chr14:24148413:24148642:clu_19054:ENSG00000092098.16",0.00818057278710337,0.0035626874202198,0.0216655725642889
"chr14:105708664:105864587:clu_20498:ENSG00000242472.1",-0.0028516980304102,0.00520886402917796,0.584055711968941
"chr14:105708664:105864587:clu_20498:ENSG00000240041.1",-0.0028516980304102,0.00520886402917796,0.584055711968941
"chr14:105708664:105864587:clu_20498:ENSG00000211900.2",-0.0028516980304102,0.00520886402917796,0.584055711968941
"chr14:105708664:105864587:clu_20498:ENSG00000211904.2",-0.0028516980304102,0.00520886402917796,0.584055711968941
"chr14:105708664:105864587:clu_20498:ENSG00000211897.8",-0.0054739792034479,0.00498672414179133,0.27233094501519
"chr14:105708664:105864587:clu_20498:ENSG00000211905.1",-0.0028516980304102,0.00520886402917796,0.584055711968941
"chr14:105708664:105864587:clu_20498:ENSG00000242887.1",-0.0028516980304102,0.00520886402917796,0.584055711968941
"chr14:73955928:73958971:clu_19849:ENSG00000119723.16",-0.0110497674235514,0.00426652008655969,0.00960098912660168
"chr14:73088474:73096915:clu_19796:ENSG00000119707.13",0.00617253662506949,0.00423955427177292,0.145409208163725
"chr14:71088430:71089192:clu_19769:ENSG00000100731.15",-0.00498628595092203,0.00488566634581154,0.307446426609279
"chr14:67692593:67692973:clu_19707:ENSG00000072042.12",-0.00648373316997386,0.00520434324618289,0.212826374145814
"chr14:67804264:67805217:clu_19714:ENSG00000072121.15",-0.00129569514708113,0.0047931790966088,0.786913602892006
"chr14:67653498:67656416:clu_19703:ENSG00000100568.10",0.0137469902861062,0.00421218147278399,0.00109995771842231
"chr14:55641760:55646973:clu_19500:ENSG00000126777.17",-0.00358002291345316,0.00349190304404944,0.30525208821815
"chr14:55647007:55648025:clu_19500:ENSG00000126777.17",0.00326606038143639,0.00352356414769833,0.353968322523344
"chr14:55679685:55684099:clu_19506:ENSG00000126777.17",-0.00598193042744246,0.00421142952642225,0.155490162365692
"chr14:23564840:23565456:clu_19002:ENSG00000258727.1",-0.00109965649283486,0.00328991849078451,0.738190633131363
"chr14:24182403:24182792:clu_19075:ENSG00000196497.16",-0.00429345433569428,0.00282126125289587,0.128053963455535
"chr14:24178222:24178606:clu_19071:ENSG00000100918.12",0.00558605905059676,0.00304074799196168,0.0661999439518479
"chr14:24270947:24271113:clu_19104:ENSG00000100949.14",-0.00857470887840137,0.00326874912194443,0.00870982517454821
"chr14:24102890:24103510:clu_19040:ENSG00000100889.11",-0.00327894022190664,0.00515340790781065,0.524602810538893
"chr14:24234241:24235737:clu_19092:ENSG00000100938.17",-0.00672489016989037,0.00392591099345802,0.0867216947932264
"chr14:23139547:23140471:clu_18971:ENSG00000092068.19",0.00582301178200366,0.00306915643752018,0.0577925982112346
"chr14:23306894:23307192:clu_18977:ENSG00000129473.9",0.00331106588546861,0.00342789776481539,0.334085545622491
"chr14:23639895:23643152:clu_19020:ENSG00000100867.14",0.000573086355582045,0.00355110113471856,0.871791976725817
"chr14:24236140:24237071:clu_19093:ENSG00000100938.17",0.00853203629062432,0.00318863899266108,0.00745597635213346
"chr14:24115749:24116972:clu_19042:ENSG00000100897.17",-0.00087933054653926,0.00384458286180987,0.819087043493454
"chr14:54482202:54483671:clu_19477:ENSG00000197045.12",0.00166981337637051,0.00440538311311046,0.704658672716221
"chr14:54481458:54483671:clu_19477:ENSG00000197045.12",-0.00166399364565648,0.00408521998240505,0.683772644190886
"chr14:54784447:54784537:clu_19487:ENSG00000020577.13",-0.00444300907231288,0.00412659030950048,0.28162413648009
"chr14:20313801:20315485:clu_18827:ENSG00000100814.17",-0.00606337082863052,0.00321824358021677,0.059556573037145
"chr14:21499802:21500495:clu_18908:ENSG00000165819.11",0.00162256553953573,0.00289122917533813,0.574659381408672
"chr14:21093674:21094420:clu_18886:ENSG00000165804.15",-0.00112522841874258,0.00289640394081941,0.697652315739397
"chr14:21501903:21503173:clu_18908:ENSG00000165819.11",-0.000915485101389713,0.00312185280780341,0.769330636351744
"chr14:21501129:21501708:clu_18909:ENSG00000165819.11",0.00336574235632846,0.00307822798207656,0.274217089980459
"chr14:21501129:21501728:clu_18909:ENSG00000165819.11",-0.00506328709517684,0.00321618308526203,0.115414512802057
"chr14:19018829:19024017:clu_18811:ENSG00000258314.3",-0.00236702390233345,0.00546412741346344,0.664874277266823
"chr14:19018829:19024017:clu_18811:ENSG00000225210.9",-0.00510899483259928,0.00506943012745484,0.313548293177083
"chr14:50466645:50468651:clu_19399:ENSG00000012983.11",-0.00608508992623036,0.00334478031284625,0.0688688143071113
"chr14:34605717:34608030:clu_19215:ENSG00000129515.18",0.00329960378028571,0.0030730118033107,0.282940966271177
"chr14:35001020:35007283:clu_19229:ENSG00000100883.11",-0.000440840094347193,0.00349662456974755,0.899671843166275
"chr14:77435919:77437808:clu_20005:ENSG00000151445.15",0.0066867988422527,0.00357455756921488,0.0613915636034623
"chr14:77298771:77299455:clu_19992:ENSG00000009830.11",0.00616603051723198,0.00330906071967541,0.0624091212446445
"chr14:77329201:77330310:clu_19997:ENSG00000100577.18",0.00423452164247202,0.00400935849978851,0.290895398983215
"chr14:76059373:76082295:clu_19959:ENSG00000119650.12",0.00590090055181741,0.00281089263049499,0.035790662370891
"chr14:32152528:32154621:clu_19203:ENSG00000100852.12",0.00138216791706301,0.00367695079613754,0.706990813318914
"chr14:31133675:31134872:clu_19186:ENSG00000092148.12",-0.00979346537628993,0.00454447748723873,0.0311598300817145
"chr14:31101324:31102916:clu_19181:ENSG00000092148.12",-0.00599655664739156,0.00349468897196213,0.0861793074579943
"chr14:39132068:39133661:clu_19298:ENSG00000092208.16",0.00049761057579774,0.00578526827375513,0.931455767565071
"chr14:67575472:67575823:clu_19692:ENSG00000054690.13",0.00315798174299907,0.00432464589438491,0.465250233619101
"chr14:68877240:68878458:clu_19723:ENSG00000072110.13",0.0139451888692843,0.00799124134636453,0.0809745724904748
"chr14:68877240:68878989:clu_19723:ENSG00000072110.13",-0.0146100785294944,0.0079648213547259,0.0666056237613192
"chr14:67387456:67388224:clu_19684:ENSG00000100558.8",0.00996040914371252,0.00554532985632581,0.0724659356697035
"chr14:88871723:88872330:clu_20074:ENSG00000165533.18",0.00245903955957491,0.00337502654644545,0.466247245499312
"chr14:55661612:55667241:clu_19504:ENSG00000126777.17",0.00260800146771191,0.00370758759828754,0.481792332372316
"chr14:34629954:34630111:clu_19216:ENSG00000129515.18",-0.0114175585079945,0.00370863481096068,0.00207946474499754
"chr14:35292552:35307994:clu_19243:ENSG00000100902.10",-0.00436226288018551,0.00423410391579408,0.302884093658199
"chr14:34713561:34714435:clu_19218:ENSG00000165410.14",-0.00391935602597956,0.00358299355015993,0.274008708204412
"chr14:34518932:34524697:clu_19210:ENSG00000129518.8",0.0036448971760995,0.00370768698138108,0.325575465538518
"chr14:35278718:35307994:clu_19243:ENSG00000100902.10",0.000645230250612222,0.00454296824301036,0.88705761835901
"chr14:35102729:35106367:clu_19239:ENSG00000151327.12",0.000840676343289957,0.00350001728784596,0.810181372975902
"chr14:34969307:34982424:clu_19227:ENSG00000258704.6",0.00476465356327854,0.00387270166737129,0.218578143719773
"chr14:93721546:93737241:clu_20186:ENSG00000175785.12",-0.00544070769818811,0.00335653537872748,0.10503272830376
"chr14:49674216:49674350:clu_19348:ENSG00000100479.12",0.000843679262957584,0.00383281752037432,0.825777806649802
"chr14:49786782:49789146:clu_19358:ENSG00000165525.17",0.0129755695364472,0.00480545360520611,0.00693028445904964
"chr14:50532158:50532400:clu_19402:ENSG00000012983.11",0.00853492440530292,0.00294120718835863,0.00370973237554806
"chr14:49833496:49834363:clu_19364:ENSG00000165525.17",0.00500015242367201,0.00385756937456746,0.194909178872466
"chr14:50423176:50425907:clu_19388:ENSG00000012983.11",0.00641621452615551,0.00360615443681028,0.0752004091659226
"chr14:71529370:71587571:clu_19775:ENSG00000197555.9",-0.00147170613928281,0.00345780945094466,0.670386180583728
"chr14:69975814:69977918:clu_19753:ENSG00000198732.10",-0.0162981095082223,0.0050238757203296,0.00117809670761593
"chr14:30913657:30929201:clu_19176:ENSG00000196792.11",0.00605341142043182,0.00387326736953675,0.118083293897447
"chr14:35674278:35674516:clu_19251:ENSG00000174373.16",0.000152320486104058,0.00323428507776103,0.962437061296484
"chr14:34536275:34539555:clu_19212:ENSG00000129518.8",-0.00452975938844015,0.00312405163884426,0.147068828250338
"chr14:35402534:35402771:clu_19245:ENSG00000100906.10",0.00870219583338838,0.00464458003329233,0.0609822910771256
"chr14:36311725:36314512:clu_19260:ENSG00000151332.18",0.00203466124474024,0.00477731806696619,0.670180489170167
"chr14:35402663:35402771:clu_19245:ENSG00000100906.10",-0.00899198173370849,0.00445732866743893,0.04365924108367
"chr14:34536275:34539256:clu_19212:ENSG00000129518.8",0.00405019644462287,0.00321569943065644,0.207847207121566
"chr14:29666208:29725536:clu_19159:ENSG00000184304.14",-0.00533971592523848,0.00383391541947915,0.163693018229533
"chr14:39045324:39048652:clu_19290:ENSG00000100934.14",-0.0104283727746901,0.00527039910520498,0.0478533399703981
"chr14:39125036:39128280:clu_19297:ENSG00000092208.16",-0.00838986668493853,0.00436999273435853,0.0548729131864383
"chr14:34826156:34862044:clu_19224:ENSG00000198604.10",0.000763757080510028,0.00347579412234234,0.826076769611627
"chr14:34862322:34874492:clu_19224:ENSG00000198604.10",0.00300518275191153,0.00329399196947198,0.361599011150073
"chr14:56618763:56625382:clu_19511:ENSG00000070269.13",-7.82614192164057e-05,0.00295722585455369,0.978886871338473
"chr14:102250990:102251756:clu_20315:ENSG00000080823.22",-0.00212578208020234,0.00375030953064445,0.570830749967392
"chr14:88087037:88090023:clu_20045:ENSG00000258867.5",0.00196467447678321,0.00447321054037766,0.660510080291349
"chr14:77924606:77925764:clu_20027:ENSG00000063761.15",0.00643468047402227,0.00330590120614055,0.0516040096206873
"chr14:103428440:103451918:clu_20359:ENSG00000075413.17",-0.0150551276586002,0.00377711993793986,6.72319220390571e-05
"chr14:103687211:103700655:clu_20375:ENSG00000126214.21",-0.00975684545125642,0.0076274387619873,0.200834677035632
"chr14:103711567:103715424:clu_20386:ENSG00000126215.13",-0.0115704828987399,0.00392659988934822,0.00321192310312379
"chr14:103679545:103687081:clu_20375:ENSG00000126214.21",0.0122109266672563,0.00533275224891955,0.0220330157489593
"chr14:103729846:103732620:clu_20389:ENSG00000100711.13",-0.00138360006312041,0.00459437872502171,0.76329963216288
"chr14:102938411:102939610:clu_20337:ENSG00000198752.10",0.00900137693707809,0.00330890327003624,0.0065212736293182
"chr14:103729182:103732620:clu_20389:ENSG00000100711.13",-0.00692051508135337,0.00490916548384466,0.158624403661272
"chr14:102940324:102943891:clu_20339:ENSG00000198752.10",-0.0150280117159135,0.0044701825592964,0.000774266547097335
"chr14:102929737:102929924:clu_20334:ENSG00000166126.10",0.0115944174073955,0.00400391576429806,0.0037823002673989
"chr14:31673574:31787780:clu_19201:ENSG00000151413.16",0.00408530002765322,0.00393703511216451,0.299428826257151
"chr14:29578360:29597491:clu_19153:ENSG00000184304.14",0.00554267215661276,0.0039351759527009,0.158984809427713
"chr14:31113484:31114286:clu_19182:ENSG00000092148.12",0.00403880093912917,0.00410032129912408,0.324625932650146
"chr14:31787873:31826629:clu_19201:ENSG00000151413.16",0.00191101702950118,0.00413752088800793,0.644171037567999
"chr14:91937201:91939850:clu_20131:ENSG00000140092.14",-0.000291348887622645,0.0030865792613007,0.924797642348953
"chr14:92081061:92082300:clu_20146:ENSG00000066427.21",0.00583559242525174,0.00321017223115167,0.0690879748795679
"chr14:55679685:55680686:clu_19506:ENSG00000126777.17",0.00641469468899797,0.0048510457923648,0.186057511374063
"chr14:24158199:24160239:clu_19060:ENSG00000092098.16",0.000550282050705662,0.0035176191702495,0.87568941227768
"chr14:24315016:24315637:clu_19115:ENSG00000213903.8",-0.00508511325448141,0.00334322376727099,0.128254590268722
"chr14:24082875:24114722:clu_19023:ENSG00000129535.12",-0.00274513397678268,0.00363928271649765,0.45066530438906
"chr14:24411450:24412997:clu_19136:ENSG00000205978.5",-0.00203687092993665,0.00357344296399107,0.568676096072473
"chr14:24374466:24375660:clu_19133:ENSG00000100968.13",-0.00422110755385261,0.00374284725156909,0.259412923076212
"chr14:24328422:24329061:clu_19123:ENSG00000129467.13",-0.00300622877304874,0.00366877354891929,0.412552680775805
"chr14:23565199:23565606:clu_19012:ENSG00000213983.11",0.00587215502030346,0.00346487966701427,0.0901201063651343
"chr14:23966417:23967211:clu_19024:ENSG00000157326.18",-0.00019719861852412,0.00354583115098331,0.95564913952882
"chr14:24302106:24302232:clu_19111:ENSG00000196943.12",-0.00459131752385042,0.00326560573433834,0.159735413119321
"chr14:24430119:24430714:clu_19139:ENSG00000100441.9",0.00241261769144243,0.00395791228163455,0.542147844365595
"chr14:21431858:21437194:clu_18901:ENSG00000100888.12",0.00189830814739024,0.00276943475907349,0.493060208683093
"chr14:54523245:54530049:clu_19480:ENSG00000100532.11",0.0105386049160464,0.00465959785579822,0.0237160449766376
"chr14:22877053:22879199:clu_18934:ENSG00000139890.9",-8.25923414411848e-05,0.00255962267664429,0.974258815201651
"chr14:69055611:69075345:clu_19731:ENSG00000139990.17",0.00500737857847625,0.00307301035274731,0.103213533230238
"chr14:30913657:30935163:clu_19176:ENSG00000196792.11",0.000649331050095902,0.00346330816101627,0.85127750413179
"chr14:88603060:88607243:clu_20058:ENSG00000100722.18",-0.00160921677496298,0.00402051681163096,0.688971489483554
"chr14:74893424:74898369:clu_19907:ENSG00000119689.14",-0.00973294734587716,0.00709765350425388,0.170284305184706
"chr14:73282505:73284081:clu_19816:ENSG00000133961.19",0.00359659360563471,0.00556428688920531,0.518039125502111
"chr14:74893424:74894312:clu_19907:ENSG00000119689.14",-0.00489749194231971,0.00403742665870743,0.225120975526814
"chr14:75121174:75126703:clu_19934:ENSG00000119638.12",-0.0126327049025582,0.00594915381524165,0.0337165237215655
"chr14:74066886:74067380:clu_19864:ENSG00000119711.12",-0.0028994985367886,0.00600242672565024,0.629057122893639
"chr14:75124223:75126703:clu_19934:ENSG00000119638.12",-7.90150191090492e-05,0.00374088694876853,0.983148334285185
"chr14:58347117:58347647:clu_19537:ENSG00000032219.18",0.00257959052200681,0.00322711857522412,0.42408869960104
"chr14:57280422:57282089:clu_19519:ENSG00000053770.11",-0.00654575703342066,0.00348623407125962,0.0604357509785853
"chr14:57282228:57282934:clu_19519:ENSG00000053770.11",0.00544293163726518,0.00344388967367729,0.114001443146033
"chr14:50466645:50468649:clu_19399:ENSG00000012983.11",0.00396588841876285,0.00392324937962069,0.312079469494696
"chr14:64924126:64943299:clu_19658:ENSG00000257365.7",-0.00323690131188147,0.00527430905103758,0.539406339475663
"chr14:65076663:65077913:clu_19662:ENSG00000125952.18",0.00645043258347805,0.00415491795838545,0.120547095105047
"chr14:64924126:64943299:clu_19658:ENSG00000258289.8",-0.00367863479512171,0.00513845148234754,0.474051009938723
"chr14:64950414:64951074:clu_19660:ENSG00000139998.14",-0.000567548734931128,0.00387790897592766,0.883641685534966
"chr14:64987097:65004249:clu_19658:ENSG00000258289.8",-0.000260312217353683,0.00422970785083722,0.950926147575267
"chr14:64914534:64923991:clu_19657:ENSG00000258289.8",-0.00271553303931469,0.00435793128378179,0.53320281838686
"chr14:65027781:65032610:clu_19663:ENSG00000257365.7",0.00674601433480934,0.00640145360712421,0.291962867489396
"chr14:65078036:65093708:clu_19662:ENSG00000125952.18",-0.00455740569950827,0.00393547158817819,0.246850597793324
"chr14:64987097:65004249:clu_19658:ENSG00000257365.7",0.00101664728045095,0.00406177562762559,0.802358242456634
"chr14:20351122:20352245:clu_18833:ENSG00000129484.13",-0.00411953459856412,0.00306830182642793,0.179398091749004
"chr14:20357149:20357396:clu_18836:ENSG00000129484.13",-0.00139168198933737,0.00281824445133634,0.621439193045002
"chr14:20357520:20357638:clu_18836:ENSG00000129484.13",0.000347081187868505,0.00289310714302315,0.904508247936619
"chr14:21415907:21426128:clu_18899:ENSG00000100888.12",-0.0042171764040252,0.00424140928862021,0.320083359454412
"chr14:50504857:50531942:clu_19401:ENSG00000012983.11",-0.00385064988821704,0.00390115317900873,0.323616036292755
"chr14:49814050:49814754:clu_19361:ENSG00000165525.17",-0.00591618655727671,0.00323661425783131,0.0675655185327972
"chr14:50112719:50114285:clu_19372:ENSG00000100483.13",0.000169233839271483,0.00384641527745745,0.964906151470172
"chr14:70592988:70593296:clu_19761:ENSG00000133997.11",-0.00554333381808902,0.00377469571015534,0.1419545663113
"chr14:23298822:23299401:clu_18974:ENSG00000235194.8",0.00783142082142633,0.00408572539714625,0.0552663816035324
"chr14:22766764:22767958:clu_18921:ENSG00000155463.12",-0.00365672135411468,0.00369691052768946,0.322600038399859
"chr14:94128675:94129262:clu_20198:ENSG00000119632.3",0.00721279086002405,0.00297577955648574,0.0153576919945633
"chr14:93787749:93788410:clu_20187:ENSG00000175785.12",-0.000513406439665908,0.00311371297258718,0.869034024786058
"chr14:93787749:93788565:clu_20187:ENSG00000175785.12",0.00183331395144424,0.00293031198336776,0.531552537433005
"chr14:54567310:54567496:clu_19483:ENSG00000020577.13",0.00243277517461723,0.00380144226937015,0.522197889831205
"chr14:39033328:39039031:clu_19288:ENSG00000100934.14",0.000325450905973384,0.00744123474467061,0.965114728920112
"chr14:64220637:64221534:clu_19633:ENSG00000054654.16",-0.00590482858528938,0.00548846629241012,0.281989283460465
"chr14:94096965:94100739:clu_20197:ENSG00000165948.10",-0.000656597140784005,0.0033128773906195,0.84289216719381
"chr14:92797981:92806736:clu_20166:ENSG00000066455.12",-0.00679637483372035,0.0035665187357374,0.056701513047271
"chr14:52011683:52014287:clu_19438:ENSG00000087303.17",-0.000543422061436779,0.00351219543974968,0.877038653974168
"chr14:88415266:88416711:clu_20048:ENSG00000042317.16",-0.000848384154922563,0.00328889386652048,0.79644221474781
"chr14:88396203:88416711:clu_20048:ENSG00000042317.16",-0.00142823448216886,0.00347419266471167,0.681000502100249
"chr14:71036157:71045133:clu_19766:ENSG00000100731.15",-0.00128621325226357,0.00385210372950226,0.738455839236066
"chr14:71047984:71050652:clu_19767:ENSG00000100731.15",-0.00581148658057836,0.00331934687440714,0.0799817125503702
"chr14:55667330:55670729:clu_19504:ENSG00000126777.17",-0.00960798784939668,0.00409116128608639,0.0188504912231298
"chr14:54481458:54482153:clu_19477:ENSG00000197045.12",0.00451549576244935,0.00466659883041385,0.333234034943065
"chr14:95193919:95194215:clu_20219:ENSG00000165959.11",0.00159034643947727,0.00287233464625159,0.579799725695509
"chr14:64388468:64400793:clu_19639:ENSG00000100714.15",0.0128844066667897,0.00476727316756214,0.00687832421690049
"chr14:65455718:65561337:clu_19668:ENSG00000033170.16",-0.00226295555120653,0.00488605683916158,0.643260032061774
"chr14:69119230:69122217:clu_19734:ENSG00000139990.17",0.00153178678064471,0.00308137204730706,0.619110127909259
"chr14:69442266:69453241:clu_19744:ENSG00000029364.11",0.00491790475183632,0.00364350502215132,0.177088803873432
"chr14:45107616:45108415:clu_19328:ENSG00000185246.17",0.00754116875101845,0.00407697442125631,0.0643571838047932
"chr14:45196547:45198644:clu_19335:ENSG00000187790.10",-0.00720369206714706,0.00453481836590762,0.112166689879538
"chr14:45032376:45043686:clu_19323:ENSG00000198718.12",0.00236921211705341,0.00359974224438323,0.510434296383741
"chr14:45028329:45032223:clu_19323:ENSG00000198718.12",-0.00343852159403219,0.00367463562595754,0.349404540242833
"chr14:73103478:73105859:clu_19798:ENSG00000119707.13",0.000437501946791448,0.00451474913592143,0.922801806097833
"chr14:73355766:73409937:clu_19819:ENSG00000133961.19",0.00121140461609162,0.00394682514697765,0.758895578838337
"chr14:73967014:73970010:clu_19851:ENSG00000156050.8",-5.85510406091318e-05,0.00487074369848822,0.990408888434964
"chr14:73983161:73986814:clu_19854:ENSG00000187097.12",-0.00143157629457042,0.00756395502579529,0.849886747362769
"chr14:73967014:73970010:clu_19851:ENSG00000187097.12",-0.00038087316988808,0.00483907067725554,0.937264948711693
"chr14:35013494:35013802:clu_19231:ENSG00000100883.11",-0.00486870819244602,0.00313290808204333,0.120171547379019
"chr14:35011659:35013346:clu_19231:ENSG00000100883.11",0.00441654796786622,0.00319510609382692,0.166884138669706
"chr14:35088010:35091070:clu_19236:ENSG00000092020.10",0.00234463101750746,0.00362150665510805,0.51736101666631
"chr14:80203288:80211251:clu_20030:ENSG00000211448.11",-0.000523379059033988,0.00388503156963709,0.892835782051959
"chr14:99914697:99917782:clu_20268:ENSG00000066629.16",0.00354746397488678,0.00284470542956332,0.212382506893482
"chr14:99493595:99495498:clu_20257:ENSG00000090061.17",0.00686152291043306,0.00435833051714113,0.115407337764459
"chr14:39302249:39303478:clu_19305:ENSG00000150527.16",0.00500045912735634,0.0043330758711239,0.248491694061578
"chr14:75579641:75622079:clu_19940:ENSG00000119686.9",-0.00764635649128478,0.00354249520452101,0.0308915963729737
"chr14:74667377:74669649:clu_19889:ENSG00000119682.16",0.00318523442692237,0.00487094319031829,0.513159742721924
"chr14:90578308:90593486:clu_20092:ENSG00000165914.14",-0.00468713052427999,0.00327239566288966,0.152051145712427
"chr14:20352347:20354085:clu_18834:ENSG00000129484.13",0.00290305382949911,0.00322861434607792,0.368565306054976
"chr14:20319103:20325539:clu_18828:ENSG00000100814.17",-0.00250990953548171,0.00305846001387071,0.411848578791082
"chr14:20452149:20452329:clu_18850:ENSG00000092094.10",-0.00433346620024013,0.00301216992940194,0.150248965946451
"chr14:20802319:20802797:clu_18860:ENSG00000129538.13",0.00896391598875682,0.00277641184344782,0.00124398899853373
"chr14:20374536:20375755:clu_18839:ENSG00000129566.12",-0.00488374096131643,0.00311798995767774,0.117275902642522
"chr14:20452149:20452276:clu_18850:ENSG00000092094.10",0.00379704959948593,0.00321934313714228,0.238219611860321
"chr14:35110629:35116610:clu_19242:ENSG00000092020.10",-0.0100185075992778,0.0042729245095907,0.0190450061015589
"chr14:34964040:34969170:clu_19226:ENSG00000258704.6",0.0031330581932376,0.00291929345660324,0.283170257312649
"chr14:35110629:35121902:clu_19242:ENSG00000092020.10",0.00687558345547988,0.00453372847304392,0.129382703568751
"chr14:45231298:45232733:clu_19337:ENSG00000129534.13",-0.00251916340390935,0.00466773213059261,0.589405658099287
"chr14:44903296:44904395:clu_19316:ENSG00000179476.7",0.00174800228159949,0.00405706638974668,0.66657471184205
"chr14:35683985:35684929:clu_19252:ENSG00000174373.16",-0.0024492515108247,0.00506807476525114,0.62890361537346
"chr14:35091207:35095048:clu_19236:ENSG00000092020.10",0.00551710101736372,0.00338599035627749,0.1032303475013
"chr14:35539690:35548508:clu_19246:ENSG00000174373.16",-0.0100372498871038,0.00605642203254385,0.0974607841252692
"chr14:35047084:35053278:clu_19234:ENSG00000151327.12",-0.0106741344722227,0.00428713036563963,0.0127811870085568
"chr14:34771659:34773572:clu_19220:ENSG00000198604.10",-0.00277009628536878,0.00395651895561373,0.48384317562808
"chr14:105743070:105864587:clu_20498:ENSG00000211905.1",0.00134639764037692,0.00546489709239617,0.805394277111074
"chr14:105743070:105864587:clu_20498:ENSG00000211900.2",0.00134639764037692,0.00546489709239617,0.805394277111074
"chr14:105743070:105864587:clu_20498:ENSG00000242472.1",0.00134639764037692,0.00546489709239617,0.805394277111074
"chr14:105743070:105864587:clu_20498:ENSG00000240041.1",0.00134639764037692,0.00546489709239617,0.805394277111074
"chr14:105743070:105864587:clu_20498:ENSG00000211904.2",0.00134639764037692,0.00546489709239617,0.805394277111074
"chr14:105743070:105864587:clu_20498:ENSG00000242887.1",0.00134639764037692,0.00546489709239617,0.805394277111074
"chr14:105743070:105864587:clu_20498:ENSG00000211897.8",-0.000325962280837741,0.00540609720482342,0.951920441062587
"chr14:105145061:105145731:clu_20447:ENSG00000184916.8",0.00336687176300629,0.00381934590019438,0.378030489613794
"chr14:105149089:105149170:clu_20450:ENSG00000184916.8",0.00553089688658984,0.00436743865234659,0.205372157769368
"chr14:105315037:105348493:clu_20466:ENSG00000179364.13",0.00906550030302547,0.00483145056802367,0.0606070074369532
"chr14:105143638:105144930:clu_20447:ENSG00000184916.8",-0.00203788448143893,0.0039500338115413,0.60591328422087
"chr14:105385717:105389961:clu_20475:ENSG00000179364.13",-0.00545100335974516,0.00422796016881992,0.197302498008435
"chr14:65411993:65455621:clu_19667:ENSG00000033170.16",0.00362034183494234,0.00421722715249474,0.39063575842778
"chr14:64924126:64926010:clu_19658:ENSG00000258289.8",0.00802298385022581,0.00375289916886226,0.0325321999941898
"chr14:64924126:64932138:clu_19658:ENSG00000258289.8",0.00289226398539384,0.00441014843847054,0.511939882764496
"chr14:64924126:64926010:clu_19658:ENSG00000257365.7",0.00840591188149296,0.00372551103860052,0.0240511551906983
"chr14:64924126:64932138:clu_19658:ENSG00000257365.7",0.00237044000622027,0.00437118427385049,0.587620242519374
"chr14:65413214:65455621:clu_19667:ENSG00000033170.16",0.00229676190526243,0.00356047085120662,0.518880190833116
"chr14:64098146:64098747:clu_19622:ENSG00000054654.16",-0.00203646376647312,0.00458948017697242,0.657241942271064
"chr14:99413934:99458279:clu_20252:ENSG00000183576.12",0.00143161617528486,0.00268139445434096,0.593405644923619
"chr14:100102379:100123539:clu_20270:ENSG00000196405.12",-0.0172477990824198,0.00358000495079939,1.4513934690763e-06
"chr14:95533061:95534593:clu_20224:ENSG00000247092.6",-0.000278042808214926,0.00330090900714312,0.932871821939889
"chr14:95091365:95093888:clu_20206:ENSG00000100697.14",-0.000122199150946885,0.00259540344132033,0.962447146753122
"chr14:22565137:22575059:clu_18917:ENSG00000129562.10",0.0113723176951608,0.00416459463630725,0.00631972507450596
"chr14:91189170:91189616:clu_20104:ENSG00000133943.20",-0.00294198305694912,0.0032684124345245,0.368053193538134
"chr14:67593952:67600024:clu_19700:ENSG00000100564.8",-0.0166265324622375,0.00487497300493312,0.00064822570303813
"chr14:67805305:67805454:clu_19714:ENSG00000072121.15",0.00229059625746854,0.00555298387843191,0.679974246575039
"chr14:64190237:64202801:clu_19627:ENSG00000054654.16",-0.00219710837304429,0.00417465865810716,0.598682192387221
"chr14:104713309:104713445:clu_20414:ENSG00000203485.12",-0.00119220649491784,0.00381622938269656,0.754733277692452
"chr14:105382913:105383378:clu_20472:ENSG00000179364.13",0.00841986353157815,0.00362743036774911,0.020277953429094
"chr14:105587874:105588089:clu_20497:ENSG00000211890.3",0.00789052416376543,0.00755155383520411,0.296074970379632
"chr14:105382913:105383359:clu_20472:ENSG00000179364.13",-0.00955650830882594,0.00354064455486075,0.00695299604964594
"chr14:105492734:105497357:clu_20492:ENSG00000185347.17",0.0185955705913301,0.00507700317003864,0.000249564793775026
"chr14:104770847:104771722:clu_20428:ENSG00000142208.15",-0.00327317323182446,0.0036446904498859,0.369150267764754
"chr14:91170186:91173289:clu_20101:ENSG00000133943.20",0.00580198845658577,0.00191227431820502,0.00241272451643593
"chr14:91704701:91708141:clu_20124:ENSG00000133962.7",0.00273444622441674,0.00253782288328128,0.281267143625556
"chr14:91170201:91173289:clu_20101:ENSG00000133943.20",-0.00746435264975681,0.00198018243000858,0.000163556714177782
"chr14:37725002:37735921:clu_19277:ENSG00000139865.16",-0.00357493327435696,0.00424477346748818,0.399677983569224
"chr14:37837542:37841445:clu_19281:ENSG00000139865.16",-0.00026357261291687,0.00628216217994175,0.9665340004409
"chr14:37477062:37499908:clu_19269:ENSG00000151338.18",-0.00110735163801423,0.00369578771335528,0.7644629557061
"chr14:37868565:37874460:clu_19281:ENSG00000139865.16",-0.0175909617615764,0.00869010571809437,0.0429442547475845
"chr14:75633696:75634910:clu_19941:ENSG00000119686.9",0.0026447482763587,0.003447704773128,0.443019657321511
"chr14:75042477:75046376:clu_19922:ENSG00000119684.15",-0.0016955686034825,0.00436555405091465,0.697722178082077
"chr14:55648115:55648802:clu_19501:ENSG00000126777.17",0.00555300352835481,0.00483704792789324,0.250962375730759
"chr14:57244359:57246711:clu_19515:ENSG00000070367.15",0.00161130364195119,0.00303226847340371,0.595151634761319
"chr14:57247712:57268622:clu_19517:ENSG00000070367.15",-0.00901745865273833,0.00443960979337082,0.0422410319704728
"chr14:57239659:57244165:clu_19515:ENSG00000070367.15",-0.00153194495760626,0.00316703449005074,0.628587503216675
"chr14:45097005:45099967:clu_19327:ENSG00000185246.17",0.00763418276936212,0.00393037917454511,0.0520944120791607
"chr14:69230598:69234700:clu_19737:ENSG00000081177.18",0.0150467640762096,0.00331974951372778,5.82897255885229e-06
"chr14:68882592:68882873:clu_19724:ENSG00000072110.13",0.00362256234001638,0.004094466497307,0.376293707772352
"chr14:69091887:69115668:clu_19733:ENSG00000139990.17",0.00269428452718879,0.00390316131685935,0.490016458076424
"chr14:49779806:49780213:clu_19354:ENSG00000165516.10",0.00508301040516624,0.00568308383481326,0.371102244721615
"chr14:45109780:45110094:clu_19329:ENSG00000185246.17",-0.0048728261822578,0.00483160961166301,0.313199801073838
"chr14:101762970:101786018:clu_20300:ENSG00000078304.19",-0.00369105567058034,0.00339123891237941,0.27641449643105
"chr14:102348759:102349919:clu_20321:ENSG00000100865.14",0.00444155893281367,0.0031862356071785,0.163322675507887
"chr14:73658956:73661987:clu_19830:ENSG00000119661.14",0.00135014935622828,0.00386026926692522,0.726522402441903
"chr14:75902224:75941690:clu_19958:ENSG00000119650.12",0.000471126002649917,0.00324847665327272,0.884687323276065
"chr14:75902224:75941690:clu_19958:ENSG00000119685.19",0.00264272395260337,0.00351748528943573,0.452465756607196
"chr14:35053451:35077150:clu_19234:ENSG00000151327.12",-0.001863949658408,0.00423435999387615,0.659794929688968
"chr14:35106484:35109895:clu_19239:ENSG00000151327.12",-0.0128713455295374,0.00434722628069881,0.00306823259236566
"chr14:53953400:53954626:clu_19472:ENSG00000125378.15",0.000292033717294177,0.00406429924286188,0.942718575927843
"chr14:63281135:63283121:clu_19611:ENSG00000126785.12",0.0102889067888093,0.00350964737796079,0.00337213188695851
"chr14:64202963:64208758:clu_19628:ENSG00000054654.16",0.00117915885598615,0.00449496179987235,0.793067802135769
"chr14:91462239:91462735:clu_20116:ENSG00000100796.17",0.0023828536694297,0.0030522639917804,0.434988371901707
"chr14:91114528:91145221:clu_20100:ENSG00000133943.20",0.00149778270589876,0.00361173289589372,0.67836212550723
"chr14:92711955:92712805:clu_20164:ENSG00000100600.14",-3.86959748279198e-05,0.00371103821174475,0.991680397874117
"chr14:92712871:92713823:clu_20164:ENSG00000100600.14",0.00261880033749971,0.00348907806063506,0.452910960814389
"chr14:93263993:93293858:clu_20184:ENSG00000011114.14",-0.00771927728037086,0.00342021692734972,0.0240108578100899
"chr14:21093674:21098312:clu_18886:ENSG00000165804.15",0.0100553697048632,0.00298970682003215,0.000770083364785457
"chr14:22876372:22876689:clu_18930:ENSG00000197324.8",-0.00300731553501245,0.00435869921163899,0.49022115629154
"chr14:50778804:50792712:clu_19416:ENSG00000100503.23",-0.0139559635703275,0.00312439853660083,7.9410145428227e-06
"chr14:49608121:49614256:clu_19342:ENSG00000165501.16",0.0166762380261261,0.00450135898684548,0.000211631163082204
"chr14:49802573:49802669:clu_19360:ENSG00000165525.17",0.00122101301908703,0.00415138928714375,0.768665030306404
"chr14:88512587:88517092:clu_20053:ENSG00000070778.12",-0.000459622106279617,0.00432362579374305,0.915340535984854
"chr14:52723874:52723965:clu_19456:ENSG00000100519.11",0.00710143727232282,0.00544926808055708,0.192509552385419
"chr14:92088817:92093252:clu_20148:ENSG00000066427.21",0.00239926894848849,0.00305340083436638,0.432002595354356
"chr14:92117642:92121642:clu_20149:ENSG00000183648.9",0.00378341149243858,0.00280125438080969,0.176819330217167
"chr14:89412490:89486569:clu_20079:ENSG00000053254.15",-0.00465573532747211,0.00372785648604623,0.21170014420746
"chr14:88573758:88574291:clu_20057:ENSG00000100722.18",0.00729054606356093,0.00402716000474767,0.0702424149128884
"chr14:89955970:89963108:clu_20082:ENSG00000042088.13",-0.000949562998339782,0.00341535802749298,0.780991351122915
"chr14:24000933:24001033:clu_19027:ENSG00000187630.15",0.00228388958210426,0.00306654054932482,0.456406401022474
"chr14:24238405:24238627:clu_19094:ENSG00000100938.17",0.00370076511713544,0.00355229870785398,0.297506982800658
"chr14:23347212:23348161:clu_18983:ENSG00000092096.16",-0.0037771560445588,0.00461871887776271,0.413475386219816
"chr14:24139816:24140889:clu_19050:ENSG00000100908.13",0.00218917792519298,0.00362955221032385,0.546406430684237
"chr14:23970332:23990182:clu_19026:ENSG00000187630.15",0.00128728952561987,0.0029599943133619,0.663637957704925
"chr14:24183355:24183456:clu_19077:ENSG00000196497.16",0.00369611374486185,0.003634473354584,0.309172494773036
"chr14:23562593:23563200:clu_19006:ENSG00000213983.11",0.00473703251660871,0.00327368199268066,0.147895668226879
"chr14:24319533:24319742:clu_19119:ENSG00000129467.13",-0.0060821018173431,0.00412652718116769,0.140507642990602
"chr14:100376495:100380910:clu_20283:ENSG00000176473.13",-0.00395604905308111,0.00284274928155141,0.164035122747196
"chr14:92806963:92809300:clu_20167:ENSG00000066455.12",-0.00160554613749447,0.0038161457082869,0.673956241386511
"chr14:92093318:92093746:clu_20148:ENSG00000066427.21",-0.00827360898948782,0.00313252089536017,0.0082613339914076
"chr14:92007852:92010986:clu_20139:ENSG00000100815.12",0.00504613544802483,0.00343952276237627,0.142347936578719
"chr14:77285632:77286744:clu_19989:ENSG00000009830.11",0.0049129378247604,0.00317466893558713,0.121732277776533
"chr14:77570508:77576767:clu_20016:ENSG00000100596.6",0.00134119954450353,0.00344859892916394,0.69734166584733
"chr14:23069617:23078151:clu_18965:ENSG00000100813.14",-0.0085100459980735,0.00325436689652556,0.00892373646364641
"chr14:24137017:24137206:clu_19045:ENSG00000092010.14",0.000207831306170233,0.00328503446718215,0.949554613080288
"chr14:23564221:23564333:clu_19009:ENSG00000213983.11",-0.00326386004246947,0.00351143401798408,0.352632662458231
"chr14:24211506:24211680:clu_19087:ENSG00000254505.9",0.0112460149168582,0.00436769576999571,0.0100293294439189
"chr14:24164955:24165057:clu_19064:ENSG00000213928.8",0.00201802261764394,0.00388167354111205,0.60314395186705
"chr14:105098573:105098719:clu_20446:ENSG00000257556.1",0.00112322701073571,0.00394975304090836,0.776119913519095
"chr14:104792722:104795484:clu_20430:ENSG00000142208.15",-0.00544684614706172,0.0041267401112195,0.186871492589244
"chr14:104735122:104738376:clu_20418:ENSG00000185100.10",-0.0050604204330126,0.00340827532122794,0.137611332589891
"chr14:104699598:104701357:clu_20408:ENSG00000203485.12",-0.00957010147761658,0.00416182575311547,0.0214767929012595
"chr14:103657776:103662116:clu_20371:ENSG00000126214.21",0.0037079727966063,0.00430341431000971,0.388888352441375
"chr14:103749934:103753000:clu_20395:ENSG00000088808.16",0.00794258264565969,0.00340713028065106,0.019744664241502
"chr14:103687211:103693553:clu_20375:ENSG00000126214.21",0.00825769150419753,0.00456018769370938,0.0701682974685761
"chr14:103662927:103669511:clu_20371:ENSG00000126214.21",-0.00236344018736625,0.00435988217498428,0.587757825124825
"chr14:104689739:104701357:clu_20408:ENSG00000203485.12",0.0125563773940014,0.00451812834723732,0.00545079993662889
"chr14:103679518:103684986:clu_20375:ENSG00000126214.21",-0.00256546477667689,0.00328590163894658,0.434950070948618
"chr14:71512845:71529312:clu_19774:ENSG00000197555.9",-0.00706747260600761,0.00392996629683473,0.0721208469881167
"chr14:89983276:89984516:clu_20084:ENSG00000042088.13",0.0025012319419299,0.00336550797313997,0.457363046620809
"chr14:59479351:59483680:clu_19560:ENSG00000126790.11",-0.0127740171592057,0.00502107818659323,0.0109566451945111
"chr14:59479351:59483809:clu_19560:ENSG00000126790.11",0.00740298232347178,0.00503439640412496,0.141431631896083
"chr14:61078927:61083550:clu_19593:ENSG00000139974.15",-0.000182726386437407,0.00404611728551901,0.963979042315017
"chr14:85530534:85621139:clu_20040:ENSG00000185070.10",-0.000654561507741958,0.00321900061316885,0.838866883775928
"chr14:34609742:34629907:clu_19215:ENSG00000129515.18",-0.00210799462561883,0.0026761144034052,0.430867983911733
"chr14:34604268:34605596:clu_19214:ENSG00000129515.18",-0.00333731200485141,0.00368929670838612,0.365681041164687
"chr14:37500138:37520958:clu_19269:ENSG00000151338.18",0.0184007487291846,0.00442947342630593,3.26482288960372e-05
"chr14:73111155:73111528:clu_19799:ENSG00000119707.13",-0.00490368118181001,0.0042230190366538,0.245569097588919
"chr14:73099750:73100301:clu_19797:ENSG00000119707.13",0.00659879530584109,0.00420528743397528,0.116609195390524
"chr14:96556413:96562819:clu_20244:ENSG00000090060.17",-0.000181779822534632,0.00425909498049226,0.965956314134721
"chr14:99737860:99850853:clu_20264:ENSG00000066629.16",-0.00439213298501145,0.00321214630268813,0.171515164374981
"chr14:96446607:96449802:clu_20236:ENSG00000140057.8",-0.00664982903041395,0.00273695534950006,0.0151136310508008
"chr14:95159035:95179504:clu_20217:ENSG00000235706.7",0.00485601623967857,0.00255315942752818,0.0571759163576078
"chr14:95159035:95179499:clu_20217:ENSG00000235706.7",-0.00398928926779332,0.0024176100059874,0.098923246307644
"chr14:96449879:96451421:clu_20236:ENSG00000140057.8",0.00248071088419791,0.00299284301826415,0.407171715452141
"chr14:55651375:55651890:clu_19502:ENSG00000126777.17",-0.0054357845182263,0.00540787651855556,0.314819513725853
"chr14:91462221:91462735:clu_20116:ENSG00000100796.17",-0.000351828524484434,0.0034990925375101,0.919908876273478
"chr14:90923196:90943078:clu_20099:ENSG00000100784.10",0.00160547948378502,0.00341826386386007,0.638585893153722
"chr14:91167378:91170003:clu_20101:ENSG00000133943.20",-0.000707526549571991,0.00299540669876085,0.813274503823671
"chr14:91114283:91145221:clu_20100:ENSG00000133943.20",-0.00550503327991807,0.00303317772259782,0.0695332469307587
"chr14:91465419:91466261:clu_20118:ENSG00000100796.17",0.0110741674069997,0.00384556741192431,0.00398025201048147
"chr14:92096137:92096674:clu_20148:ENSG00000066427.21",0.00143342544418194,0.00376536108664812,0.703435234840215
"chr14:96876120:96881177:clu_20248:ENSG00000100749.7",-0.00503692019537132,0.00430918094912459,0.242451536705687
"chr14:102263616:102283478:clu_20316:ENSG00000080823.22",0.00978199405786549,0.00391519370980804,0.0124730696738427
"chr14:102432128:102434235:clu_20325:ENSG00000196663.15",0.0056384344570773,0.00470113602368735,0.230381383708949
"chr14:44904529:44905367:clu_19317:ENSG00000179476.7",0.00239324958863579,0.00438152331095535,0.584918810034044
"chr14:39399787:39401176:clu_19308:ENSG00000165355.7",-0.0163978353498526,0.00497815633455154,0.000987874370217301
"chr14:103094840:103100204:clu_20345:ENSG00000259444.1",-0.00389883051706705,0.00289518061495244,0.178089027082357
"chr14:103529261:103529950:clu_20366:ENSG00000166166.12",0.00592132359525377,0.00290014567375646,0.0411780074382382
"chr14:103492034:103498502:clu_20362:ENSG00000075413.17",-0.00926558001557184,0.00906727892045953,0.306842448428989
"chr14:103679518:103685638:clu_20375:ENSG00000126214.21",0.00388398434446386,0.00429970732516706,0.366359450758559
"chr14:102933199:102938104:clu_20335:ENSG00000198752.10",0.000729496935129612,0.00582628902231218,0.900359028138223
"chr14:103520311:103520469:clu_20365:ENSG00000166165.12",0.00298031720508687,0.00519652201307985,0.566291632273217
"chr14:103520592:103521263:clu_20365:ENSG00000166165.12",-0.00171123549137209,0.00641120550393347,0.7895359793674
"chr14:96528006:96531475:clu_20238:ENSG00000090060.17",0.0100844626497718,0.00351128909746245,0.00407868130982103
"chr14:54397077:54399894:clu_19473:ENSG00000100526.19",-0.0131570540550914,0.00392908714029863,0.000812125452174128
"chr14:104986854:104988943:clu_20439:ENSG00000140104.13",-0.00887894986587229,0.00297549640841931,0.00284485340463125
"chr14:104714856:104718795:clu_20416:ENSG00000203485.12",0.000864103976764338,0.00454057541633607,0.849068449436882
"chr14:105479219:105479436:clu_20488:ENSG00000182809.10",-0.0010972325724134,0.00461087894012535,0.811907438844093
"chr14:104985878:104988943:clu_20439:ENSG00000140104.13",0.00700828016113095,0.00311988988773867,0.0246833315451561
"chr14:50204409:50231197:clu_19381:ENSG00000100485.11",0.00905590003234387,0.00343593288734707,0.00839774874382837
"chr14:23298547:23299401:clu_18974:ENSG00000235194.8",0.00393521483814123,0.00448278513314391,0.380024895116053
"chr14:23347212:23347514:clu_18983:ENSG00000092096.16",0.000284498314460473,0.00405412087976583,0.944054297427472
"chr14:23069617:23071427:clu_18965:ENSG00000100813.14",0.000675719954219746,0.00344931544741377,0.844688651011078
"chr14:56634952:56635122:clu_19512:ENSG00000070269.13",0.00371341531106575,0.00294570215319648,0.207445267734211
"chr14:103685036:103685638:clu_20375:ENSG00000126214.21",-0.000478541190733399,0.00495144726887047,0.923006944443261
"chr14:104756760:104759219:clu_20426:ENSG00000184990.12",-0.0057700968373272,0.0033086665782718,0.0811705623817426
"chr14:105491700:105492148:clu_20491:ENSG00000185347.17",0.00332850628716002,0.00459357036499977,0.468696764163038
"chr14:105491118:105491622:clu_20490:ENSG00000185347.17",-0.00173911083947603,0.00468219981445236,0.710317067705625
"chr14:105491700:105492107:clu_20491:ENSG00000185347.17",0.00232079061744564,0.00417650062522506,0.578430818155232
"chr14:105743070:105863814:clu_20498:ENSG00000242887.1",-0.00429228897586317,0.00548659339484164,0.434024690643211
"chr14:105743070:105863814:clu_20498:ENSG00000211904.2",-0.00429228897586317,0.00548659339484164,0.434024690643211
"chr14:105743070:105863814:clu_20498:ENSG00000240041.1",-0.00429228897586317,0.00548659339484164,0.434024690643211
"chr14:105743070:105863814:clu_20498:ENSG00000242472.1",-0.00429228897586317,0.00548659339484164,0.434024690643211
"chr14:105743070:105863814:clu_20498:ENSG00000211897.8",-0.00484517349597743,0.00512987377898821,0.344913434006107
"chr14:105743070:105863814:clu_20498:ENSG00000211900.2",-0.00429228897586317,0.00548659339484164,0.434024690643211
"chr14:105743070:105863814:clu_20498:ENSG00000211905.1",-0.00429228897586317,0.00548659339484164,0.434024690643211
"chr14:64208945:64209428:clu_19629:ENSG00000054654.16",-0.000516254204480998,0.00499551361626423,0.917690297904075
"chr14:20315618:20315781:clu_18827:ENSG00000100814.17",-0.00232070930873422,0.00306778121361865,0.449362596928993
"chr14:58318805:58323485:clu_19536:ENSG00000032219.18",0.0107706159730178,0.00466021266183285,0.0208226104312379
"chr14:88574522:88574693:clu_20057:ENSG00000100722.18",0.00271557609930123,0.00464788373227234,0.559044885675734
"chr14:93203782:93206830:clu_20180:ENSG00000170270.4",-0.00575604775190185,0.00280819852168204,0.0403908207003142
"chr14:105856217:105863198:clu_20498:ENSG00000211900.2",-0.0178446215602496,0.00739978684309833,0.0158868423246807
"chr14:105856217:105863198:clu_20498:ENSG00000242472.1",-0.0178446215602496,0.00739978684309833,0.0158868423246807
"chr14:105469992:105470065:clu_20486:ENSG00000182979.17",-0.00598145217375812,0.00418053374799626,0.152491349943993
"chr14:105708144:105708359:clu_20497:ENSG00000211895.4",-0.0054359326888519,0.00409070702311708,0.183897731806169
"chr14:105708144:105708359:clu_20497:ENSG00000211890.3",-0.00474472981668086,0.00407022494109009,0.243728943267837
"chr14:105469992:105470069:clu_20486:ENSG00000182979.17",0.00699433199787226,0.00413754098981422,0.0909407027560134
"chr14:105856217:105863198:clu_20498:ENSG00000211897.8",-0.013373739386427,0.00648327486103144,0.039131047580671
"chr14:105856217:105863198:clu_20498:ENSG00000211905.1",-0.0178446215602496,0.00739978684309833,0.0158868423246807
"chr14:105587874:105708359:clu_20497:ENSG00000211890.3",0.00548283076418639,0.00387161306593367,0.156728119570061
"chr14:105856217:105863198:clu_20498:ENSG00000211904.2",-0.0178446215602496,0.00739978684309833,0.0158868423246807
"chr14:105587874:105708359:clu_20497:ENSG00000211895.4",0.00454277431039903,0.00399520826730658,0.255515003886071
"chr14:105856217:105863198:clu_20498:ENSG00000240041.1",-0.0178446215602496,0.00739978684309833,0.0158868423246807
"chr14:105466578:105466707:clu_20485:ENSG00000182979.17",0.000114021650604774,0.00470628446121068,0.980671118361549
"chr14:105856217:105863198:clu_20498:ENSG00000242887.1",-0.0178446215602496,0.00739978684309833,0.0158868423246807
"chr14:39277065:39279337:clu_19302:ENSG00000150527.16",0.00579611828575199,0.00415637928469705,0.163163230096455
"chr14:60981382:60982508:clu_19586:ENSG00000139974.15",-0.000366153150104616,0.00425281920952432,0.931389649621885
"chr14:93218735:93219212:clu_20181:ENSG00000012963.14",0.0107836890461927,0.00391775706362121,0.00591392544477154
"chr14:93219361:93220249:clu_20181:ENSG00000012963.14",-0.0106831502421114,0.0040260811635622,0.00796650611979122
"chr14:93947520:93950999:clu_20189:ENSG00000100628.11",-0.0105909536505773,0.00466763310206674,0.0232670993781022
"chr14:93076619:93115069:clu_20176:ENSG00000100605.16",0.00547732889965732,0.00293959807198244,0.062421227179972
"chr14:21230366:21230958:clu_18889:ENSG00000092199.17",-0.0106896792265959,0.00529854727594532,0.0436461137669734
"chr14:20346913:20350526:clu_18833:ENSG00000129484.13",-0.00295009832720583,0.00292547778410893,0.313254840573617
"chr14:19344634:19368193:clu_18816:ENSG00000274827.4",0.0214090216155518,0.00949329064521251,0.0241224133375425
"chr14:20316560:20325539:clu_18828:ENSG00000100814.17",-0.00430119287121063,0.00262538356953979,0.101356985872746
"chr14:20316560:20317794:clu_18828:ENSG00000100814.17",0.00879101822605624,0.00416576172738159,0.0348322910779486
"chr14:21087105:21087320:clu_18882:ENSG00000165801.9",0.0031253064866587,0.00255688395274183,0.221590173285746
"chr14:20449266:20451995:clu_18849:ENSG00000092094.10",-0.00121863059667002,0.00291395168108097,0.675796880658832
"chr14:21230366:21230997:clu_18889:ENSG00000092199.17",0.00769650552124315,0.00533876038742866,0.149407394714159
"chr14:19348698:19356871:clu_18816:ENSG00000274827.4",0.016155372934517,0.00851658241509759,0.0578369874673638
"chr14:34774490:34775919:clu_19221:ENSG00000198604.10",-0.00099556592119746,0.00387558200771188,0.797270132485975
"chr14:34435304:34457418:clu_19209:ENSG00000129521.13",-0.00460996753288014,0.0035100785275258,0.189064471462906
"chr14:34435304:34457418:clu_19209:ENSG00000165389.6",-0.00460996753288014,0.0035100785275258,0.189064471462906
"chr14:52658150:52661293:clu_19451:ENSG00000197930.12",-7.80155989999044e-05,0.00406170248899831,0.984675486496385
"chr14:77737075:77738778:clu_20023:ENSG00000100603.13",-0.00833321682034156,0.00495453750203519,0.092581179197572
"chr14:79805190:79861039:clu_20029:ENSG00000021645.18",-0.00904665823304835,0.00365431895685496,0.0133009833501948
"chr14:76769472:76769963:clu_19974:ENSG00000071246.10",-0.00292332668930056,0.00377808758053775,0.439073726184056
"chr14:77899258:77924457:clu_20026:ENSG00000063761.15",-0.00184103302635266,0.00386179090907966,0.633554130663109
"chr14:76763130:76769963:clu_19974:ENSG00000071246.10",0.00676452086092033,0.00330896525014651,0.0409238237681633
"chr14:77443152:77444249:clu_20007:ENSG00000151445.15",-0.00147436521848389,0.00331365956361899,0.656366270178635
"chr14:100545066:100546501:clu_20285:ENSG00000183092.16",0.00226682990318669,0.00421025797894665,0.590296498796121
"chr14:100276648:100277418:clu_20278:ENSG00000100811.12",0.00299599088778813,0.00295706624945785,0.310982185104498
"chr14:105380154:105380957:clu_20470:ENSG00000179364.13",0.0031182036812445,0.0041699383392233,0.454591827376504
"chr14:105380154:105380954:clu_20470:ENSG00000179364.13",-0.00615534300414085,0.00405576295584849,0.129095543460606
"chr14:104792722:104794119:clu_20430:ENSG00000142208.15",0.00396379425574269,0.00340366253681433,0.244194166995353
"chr14:49832277:49833423:clu_19364:ENSG00000165525.17",-0.00864438887788371,0.00376206748947951,0.0215745339877474
"chr14:49743805:49745846:clu_19353:ENSG00000197776.7",0.000184647724577302,0.00406055238897635,0.963729858599632
"chr14:50937837:50944161:clu_19421:ENSG00000100504.16",0.00320553857887499,0.0027441836085454,0.242757949236723
"chr14:50935185:50937736:clu_19421:ENSG00000100504.16",-0.00765663143213049,0.00301454877546339,0.0110886376859778
"chr14:67584124:67585568:clu_19697:ENSG00000054690.13",0.00907438741475435,0.00676629832121311,0.17988296237394
"chr14:67663190:67674375:clu_19705:ENSG00000100568.10",-0.0145238634666392,0.00655290698492813,0.0266641152611148
"chr14:67583883:67583995:clu_19697:ENSG00000054690.13",-0.0173249191466711,0.00691076814271082,0.0121779484431436
"chr14:67835196:67865003:clu_19715:ENSG00000182185.18",0.0205348786691801,0.0038777871489996,1.18681676153365e-07
"chr14:23324052:23324138:clu_18980:ENSG00000100836.10",0.00153319998127643,0.00413079599956022,0.710515886992716
"chr14:22842035:22842579:clu_18932:ENSG00000157227.12",-0.00183638891343236,0.00336147563792187,0.584856715915501
"chr14:23323483:23323965:clu_18980:ENSG00000100836.10",0.00054840886234983,0.00441938705336989,0.901242739687942
"chr14:23049943:23052473:clu_18956:ENSG00000139880.19",-0.00429224107143858,0.00331991383002415,0.196053516111255
"chr14:20313801:20315781:clu_18827:ENSG00000100814.17",-0.000992150696401023,0.00323340209569482,0.75896195927257
"chr14:21372044:21373338:clu_18894:ENSG00000092201.9",0.000782354122319446,0.00324869603078159,0.809693877828481
"chr14:95193919:95194536:clu_20219:ENSG00000165959.11",9.45777311475471e-05,0.00328172558982454,0.97700853874221
"chr14:95535384:95543947:clu_20225:ENSG00000182512.4",-0.00324413133181155,0.00278290214296722,0.243720892182036
"chr14:35095184:35096558:clu_19236:ENSG00000092020.10",-0.00520299451054229,0.00400593248189071,0.194004913742891
"chr14:39159550:39170015:clu_19294:ENSG00000182400.14",0.00280254959385553,0.00376269907046172,0.45637796002962
"chr14:91204867:91215405:clu_20105:ENSG00000133943.20",0.00837142720387914,0.00413650498139153,0.0429915200137544
"chr14:91608404:91610480:clu_20121:ENSG00000133962.7",-0.00153143532719632,0.00300461230344141,0.610265282576441
"chr14:21018239:21018763:clu_18866:ENSG00000165795.23",0.000385473520082989,0.00491334410356215,0.937466592757444
"chr14:75986308:75988885:clu_19958:ENSG00000119685.19",-0.0102209240721437,0.00486941439715669,0.0358164797899582
"chr14:75986308:75988885:clu_19958:ENSG00000119650.12",-0.00892983435015207,0.00452003956015286,0.0481989903870464
"chr14:35126782:35127479:clu_19241:ENSG00000100890.15",0.00633897015010254,0.00332924299992093,0.0569066057289029
"chr14:33925922:33926960:clu_19206:ENSG00000129521.13",0.000225759211586745,0.00271089349505689,0.933630075571093
"chr14:37308519:37369517:clu_19268:ENSG00000151338.18",-0.0016129513574189,0.00308490859785865,0.601077085701512
"chr14:96525391:96527430:clu_20238:ENSG00000090060.17",-0.0050946651335481,0.00312852660451233,0.1034284204392
"chr14:75100439:75100992:clu_19930:ENSG00000119638.12",0.00153464933226094,0.00523642844410886,0.769467297089867
"chr14:67662535:67674375:clu_19705:ENSG00000100568.10",-0.00158095641421679,0.00434769270215394,0.716133476843573
"chr14:67685204:67690212:clu_19706:ENSG00000072042.12",-0.0171509362401634,0.00385543606800603,8.64690329338558e-06
"chr14:67678423:67685015:clu_19706:ENSG00000072042.12",0.00839477281678278,0.00602863103753029,0.163775855550768
"chr14:67755250:67755948:clu_19710:ENSG00000072121.15",-0.00694014651496684,0.00440681568339224,0.11528725619899
"chr14:67756145:67761366:clu_19710:ENSG00000072121.15",0.00618685178313784,0.00459774261651602,0.178422476141406
"chr14:102263616:102265823:clu_20316:ENSG00000080823.22",0.00409020995872808,0.00336733414826708,0.224490824458394
"chr14:34605717:34609638:clu_19215:ENSG00000129515.18",-0.00828912447481668,0.00332360912085097,0.0126307905479549
"chr14:34999649:35000936:clu_19229:ENSG00000100883.11",0.00523193962777825,0.00330739727404082,0.113674618344852
"chr14:53091932:53093316:clu_19468:ENSG00000100523.14",-0.00525617050836094,0.00330707840322731,0.111976930785405
"chr14:20999872:21000121:clu_18865:ENSG00000165794.9",-0.00262518576360217,0.00237590845516859,0.269194803788523
"chr14:21508235:21511124:clu_18910:ENSG00000165819.11",0.00466181241715442,0.00343397503093351,0.174604704185374
"chr14:21503881:21511124:clu_18910:ENSG00000165819.11",-0.0011393456353441,0.00287952309256943,0.69234727687656
"chr14:21353832:21354411:clu_18893:ENSG00000092201.9",0.000927581466204381,0.00241706238210836,0.701153391529353
"chr14:22955176:22956916:clu_18947:ENSG00000129474.15",0.00198435948661573,0.00281742716893961,0.481235904339487
"chr14:22770625:22770805:clu_18924:ENSG00000155463.12",0.00356801649052023,0.00362227009309536,0.324613161774333
"chr14:23068671:23069476:clu_18964:ENSG00000100813.14",0.00494365259904088,0.00374235206070394,0.186500871791959
"chr14:22770625:22770809:clu_18924:ENSG00000155463.12",-0.00336471711812738,0.0036340563256534,0.354505907994357
"chr14:22955176:22956916:clu_18947:ENSG00000092036.18",0.00153899769382716,0.00281952230596063,0.585178451235468
"chr14:34713136:34713254:clu_19217:ENSG00000165410.14",-0.00395323520531998,0.00388405749133078,0.308767934472574
"chr14:35108236:35109819:clu_19238:ENSG00000092020.10",0.00454966136518463,0.00432123743369771,0.292404808827846
"chr14:35109931:35110525:clu_19238:ENSG00000092020.10",0.00186161212217125,0.0040341942217552,0.644469883178302
"chr14:34516586:34524697:clu_19210:ENSG00000129518.8",-0.000857894046633996,0.00347109165440449,0.804789074983103
"chr14:76783851:76786085:clu_19977:ENSG00000258301.3",0.00272888578209383,0.00364388002431454,0.453920121782303
"chr14:35686666:35688459:clu_19253:ENSG00000174373.16",-0.00860732661470166,0.00512850641779444,0.0932826779004949
"chr14:20449301:20451974:clu_18849:ENSG00000092094.10",-0.000366392223629337,0.0023129922722883,0.874136760200134
"chr14:20408463:20413371:clu_18844:ENSG00000129566.12",5.91700872065109e-05,0.00203597994899179,0.976814971045927
"chr14:20447994:20448106:clu_18847:ENSG00000092094.10",0.0008026004244011,0.00243742155922996,0.741942120673934
"chr14:20408463:20413405:clu_18844:ENSG00000129566.12",-0.00119248432151868,0.00197846670619413,0.546687283663885
"chr14:20475252:20476384:clu_18857:ENSG00000198805.11",0.0026632385965606,0.00366752844786552,0.467736321605154
"chr14:29638904:29656476:clu_19157:ENSG00000184304.14",-0.000127420301993646,0.00316278070176406,0.96786397609294
"chr14:29638904:29663699:clu_19157:ENSG00000184304.14",-0.00138661778175056,0.00324874369857064,0.669512905251751
"chr14:89975815:89980540:clu_20083:ENSG00000042088.13",0.00585469860442675,0.00294834969766222,0.0470605930449499
"chr14:90399087:90400065:clu_20091:ENSG00000198668.10",-0.00939714983225745,0.00354867853164341,0.0080952715622713
"chr14:90541589:90578106:clu_20092:ENSG00000165914.14",-0.00527709022186814,0.0039189181035149,0.17811936422662
"chr14:73297285:73323130:clu_19817:ENSG00000133961.19",-0.00223894744677433,0.00356296261373605,0.52974529349464
"chr14:74091306:74095948:clu_19868:ENSG00000205659.10",0.0154847898696038,0.0062279819931115,0.0129069884601143
"chr14:74299675:74300150:clu_19875:ENSG00000119688.20",0.00583937323970554,0.00485259110976576,0.228840291905452
"chr14:74911380:74911794:clu_19912:ENSG00000198208.11",-0.00484782456454133,0.00391412330800691,0.215513411806446
"chr14:74289519:74290291:clu_19872:ENSG00000119688.20",0.0125153867709701,0.00711526521508398,0.0785862158651695
"chr14:74299675:74302875:clu_19875:ENSG00000119688.20",-0.0111307813171091,0.00406153204587157,0.00613387618404704
"chr14:67393241:67395402:clu_19685:ENSG00000100558.8",-0.00220743384791308,0.00404070624018794,0.584860411694257
"chr14:67541993:67555825:clu_19688:ENSG00000054690.13",0.0363367510915826,0.00755297528139851,1.50238017049276e-06
"chr14:67390746:67392326:clu_19685:ENSG00000100558.8",0.0115816739286295,0.0053502497692017,0.0304108353376301
"chr14:75985840:75986126:clu_19958:ENSG00000119650.12",0.00638860754883219,0.00334342176071108,0.0560303935227685
"chr14:75431901:75437898:clu_19937:ENSG00000140044.12",0.00199295423061137,0.0034220238204321,0.560303665904638
"chr14:76083289:76083458:clu_19965:ENSG00000119650.12",0.00302624855412958,0.00315788939865382,0.337904616666961
"chr14:75985840:75986126:clu_19958:ENSG00000119685.19",0.00526120448943172,0.00360189471572181,0.144104125084957
"chr14:24211592:24211680:clu_19087:ENSG00000254505.9",-0.000351954938616021,0.00339449071216602,0.917419992592845
"chr14:24139614:24140889:clu_19050:ENSG00000100908.13",0.00667205341861473,0.0046216331870971,0.148835463367036
"chr14:24195036:24195309:clu_19084:ENSG00000100926.14",0.001576322392966,0.00366530581725463,0.667147833832967
"chr14:24632118:24632324:clu_19145:ENSG00000100453.12",-0.00583708139335868,0.00308084181370094,0.0581403156758739
"chr14:24240875:24241675:clu_19095:ENSG00000092330.15",-0.00044893195633851,0.00362371117079843,0.90140447290531
"chr14:24081568:24082468:clu_19023:ENSG00000129535.12",-2.79197847082475e-05,0.00322746808019114,0.993097844265154
"chr14:24441795:24442346:clu_19142:ENSG00000100445.17",-0.000903576598577878,0.00435889462789701,0.835779561771986
"chr14:24177383:24177465:clu_19068:ENSG00000100918.12",7.06573200769461e-05,0.00320083336541321,0.982388396995143
"chr14:24332988:24336885:clu_19126:ENSG00000129467.13",-0.0043114448511891,0.00342112400463201,0.207582002821096
"chr14:23557039:23558695:clu_18999:ENSG00000259431.5",-0.013453989839045,0.0032601168792374,3.67777628801358e-05
"chr14:24332988:24336885:clu_19126:ENSG00000129465.15",-0.00522757633629149,0.00344996512429563,0.129707881186828
"chr14:31374968:31380467:clu_19195:ENSG00000129493.14",0.00114871108157437,0.00410498340791755,0.779605396959965
"chr14:31129307:31133238:clu_19185:ENSG00000092148.12",-0.00402994802761328,0.00433467019654699,0.352525819657724
"chr14:31380578:31383521:clu_19195:ENSG00000129493.14",-0.00581901527658921,0.00380036077227657,0.125726286124711
"chr14:31308020:31308934:clu_19191:ENSG00000129493.14",-0.00187483168793177,0.00399144114961902,0.638560098202652
"chr14:31309182:31312968:clu_19191:ENSG00000129493.14",0.00382050354385728,0.00462527782195786,0.408801140630371
"chr14:74511364:74516822:clu_19881:ENSG00000119681.11",0.00236248800273853,0.00330425857206731,0.474619679537789
"chr14:22768171:22769791:clu_18922:ENSG00000155463.12",-0.00100102861250961,0.00347755890486844,0.773458638196914
"chr14:22955176:22956924:clu_18947:ENSG00000129474.15",0.00140253093420777,0.00323933886165,0.665037823332796
"chr14:24218431:24232250:clu_19090:ENSG00000129559.12",0.0028841434223959,0.00526967391459916,0.584166010476016
"chr14:22768171:22769777:clu_18922:ENSG00000155463.12",-0.000108007265665405,0.00344262094649169,0.974971628952802
"chr14:22973568:22974047:clu_18947:ENSG00000092036.18",-7.99172650487672e-05,0.00300531340423443,0.978785161775675
"chr14:23068701:23069476:clu_18964:ENSG00000100813.14",0.00775154400386985,0.00344302420781675,0.024361697325372
"chr14:22955176:22956924:clu_18947:ENSG00000092036.18",0.000892932536533497,0.00320833941531276,0.780769712659109
"chr14:24241776:24241890:clu_19095:ENSG00000092330.15",-0.00317013953709571,0.00327194780655016,0.332602816398654
"chr14:24117044:24117266:clu_19042:ENSG00000100897.17",0.00779459765206164,0.00330876644908046,0.0184857884749854
"chr14:24325887:24326105:clu_19122:ENSG00000129467.13",-0.00111803778622921,0.00300095460384331,0.709475417582143
"chr14:22973568:22974047:clu_18947:ENSG00000129474.15",-0.000205003783617643,0.00298902273438028,0.945319517103584
"chr14:24218431:24231652:clu_19090:ENSG00000129559.12",0.00626801119190004,0.00490926312785093,0.201682646397112
"chr14:24318568:24319098:clu_19118:ENSG00000129467.13",0.000360970680100869,0.00354200892859966,0.918827092758197
"chr14:21468708:21474867:clu_18902:ENSG00000129472.13",-0.000401831586245201,0.00295042044503344,0.891667375939044
"chr14:92513976:92555751:clu_20156:ENSG00000100599.15",-0.00646198704577786,0.00293157060604023,0.0275050280449761
"chr14:92071053:92080965:clu_20145:ENSG00000066427.21",0.00405579139867776,0.00325951166708591,0.213391312077151
"chr14:92079468:92080965:clu_20145:ENSG00000066427.21",-0.000460233784919282,0.00293521630053034,0.875404656111109
"chr14:91204825:91215405:clu_20105:ENSG00000133943.20",-0.0120333017329188,0.00456090268835231,0.00833081708018857
"chr14:91216460:91223679:clu_20106:ENSG00000133943.20",-0.00522534320328727,0.00352112492754995,0.137809386906349
"chr14:91217171:91223679:clu_20106:ENSG00000133943.20",0.000766611380227885,0.00394621951516875,0.845968578754741
"chr14:90316811:90318005:clu_20090:ENSG00000119720.17",-0.00210403093272726,0.00296967900654456,0.478632020130066
"chr14:105770719:105771112:clu_20495:ENSG00000211897.8",-0.0118758341929087,0.0052979769673873,0.0249885910449839
"chr14:105093720:105095327:clu_20445:ENSG00000257556.1",0.013205518294798,0.0040540999451871,0.00112467857342091
"chr14:105770719:105771112:clu_20495:ENSG00000211896.7",-0.0129273631973167,0.0053897469117944,0.0164619158826427
"chr14:104989088:104989632:clu_20440:ENSG00000140104.13",0.00488351680077467,0.00369599444992903,0.186401414042488
"chr14:96552622:96555847:clu_20242:ENSG00000090060.17",-0.00450425795803263,0.00296812128607691,0.129129112061364
"chr14:96552622:96555850:clu_20242:ENSG00000090060.17",0.00370987880019884,0.00297487325540645,0.212371387003006
"chr14:102939727:102939830:clu_20338:ENSG00000198752.10",-0.0136904567060719,0.0045960869634864,0.00289455040098108
"chr14:103726842:103727559:clu_20387:ENSG00000100711.13",0.00250626564935908,0.00362126758076255,0.488876897518617
"chr14:103500200:103502882:clu_20362:ENSG00000075413.17",-0.01606649599043,0.00515789374037206,0.00183986385396973
"chr14:103913984:103915066:clu_20402:ENSG00000156411.9",0.00336703635971635,0.00348821009790116,0.33441364226079
"chr14:103726842:103727746:clu_20387:ENSG00000100711.13",0.00114289628050558,0.0035384907136796,0.746702994113952
"chr14:52864622:52864747:clu_19462:ENSG00000073712.14",0.0113089672018132,0.00493643846663604,0.0219682567602524
"chr14:21084050:21084753:clu_18881:ENSG00000165801.9",0.00220392145161067,0.00269906336930583,0.414185372401045
"chr14:24183169:24183250:clu_19076:ENSG00000196497.16",-8.69286344217402e-05,0.00393064451666241,0.982355727796006
"chr14:22913845:22918999:clu_18941:ENSG00000100461.17",-0.00522111427021994,0.00361496048560346,0.148652518128117
"chr14:24157638:24157832:clu_19059:ENSG00000092098.16",0.000650287691764618,0.00382558320941046,0.865022769939112
"chr14:24148876:24149406:clu_19055:ENSG00000092098.16",0.000471602252562999,0.0030130645254446,0.875623837744487
"chr14:23298281:23298492:clu_18974:ENSG00000235194.8",0.0152934457940354,0.00329514132659524,3.4637340061705e-06
"chr14:23360281:23360555:clu_18990:ENSG00000100842.12",-0.00198846937430277,0.00275213423967801,0.469975426818805
"chr14:24372603:24373171:clu_19131:ENSG00000100968.13",0.0158250763607111,0.00430767599700029,0.000239070555798748
"chr14:24157638:24157898:clu_19059:ENSG00000092098.16",-0.00375826783162831,0.0036643147552564,0.30506129972236
"chr14:23026375:23033368:clu_18954:ENSG00000100804.18",0.000385574438443492,0.00331836845025007,0.907498807438291
"chr14:23470977:23475171:clu_18996:ENSG00000129460.15",0.00570067447978791,0.00214550705316326,0.00788326591751409
"chr14:24140566:24140889:clu_19050:ENSG00000100908.13",-0.00384720651560515,0.00360996242674629,0.28655056484111
"chr14:22928211:22928497:clu_18945:ENSG00000100462.15",-0.00208271271681305,0.00300162874771323,0.487769468692703
"chr14:60968397:60968559:clu_19585:ENSG00000020426.10",0.00671290069392343,0.00469913356774471,0.153136463807503
"chr14:67858057:67865003:clu_19715:ENSG00000182185.18",-0.0377015361655538,0.0042222225121883,0
"chr14:45189362:45196172:clu_19335:ENSG00000187790.10",0.00589837555883938,0.00456298077817863,0.196129221980309
"chr14:45109780:45109894:clu_19329:ENSG00000185246.17",0.00118780160552416,0.00503823709676036,0.813620937515421
"chr14:58215284:58223622:clu_19529:ENSG00000131966.13",0.00678731844201189,0.0040797037063227,0.0961765431641507
"chr14:58512627:58520922:clu_19550:ENSG00000100578.14",0.00427944663508576,0.00327429472380655,0.191218579126278
"chr14:55580354:55601757:clu_19498:ENSG00000126777.17",-0.0089502235032186,0.00290106683793406,0.0020345019151945
"chr14:56618763:56621531:clu_19511:ENSG00000070269.13",0.00427826009047883,0.00367150224324854,0.243913171482427
"chr14:56585912:56605570:clu_19509:ENSG00000070269.13",-0.00273333905949379,0.00383212217390636,0.475678491581863
"chr14:57246858:57247618:clu_19516:ENSG00000070367.15",-0.00849269259401347,0.00404456148245003,0.0357481269120009
"chr14:58274135:58285591:clu_19531:ENSG00000257621.7",0.00411988427903746,0.00477302652937696,0.388049652571304
"chr14:58274010:58285591:clu_19531:ENSG00000257621.7",0.0115781756867782,0.00561421819190445,0.0391796319851482
"chr14:96555947:96556175:clu_20243:ENSG00000090060.17",0.00345933851271941,0.00292640049391631,0.237160535258198
"chr14:96544258:96552480:clu_20241:ENSG00000090060.17",0.00773751380106936,0.00332193626952509,0.0198475190611583
"chr14:100343387:100346746:clu_20281:ENSG00000140105.17",-0.00197170336498487,0.00308552259984427,0.522811457461779
"chr14:99891227:99894629:clu_20266:ENSG00000066629.16",-0.00196610701235407,0.00444934801075773,0.658571308807578
"chr14:100369258:100375511:clu_20282:ENSG00000140105.17",-0.00396820768030073,0.00315495393916154,0.208474803239404
"chr14:50588078:50590941:clu_19405:ENSG00000198513.11",-0.000848833100858482,0.00373065884917657,0.820012416849806
"chr14:95133503:95140659:clu_20214:ENSG00000100697.14",0.00732774494656221,0.00259397385349714,0.00472937690901865
"chr14:71730301:71733666:clu_19781:ENSG00000197555.9",-0.0105250291509803,0.00440478599359157,0.0168734822109133
"chr14:71724835:71730055:clu_19781:ENSG00000197555.9",0.0074283250677327,0.00464885933917268,0.110069412670519
"chr14:77454102:77457495:clu_20009:ENSG00000151445.15",0.00131582402766469,0.00344929305603791,0.702849751763753
"chr14:77899258:77900559:clu_20026:ENSG00000063761.15",-0.00464457955728778,0.00333088044073888,0.163196859827406
"chr14:77454102:77457095:clu_20009:ENSG00000151445.15",-0.0011245840827075,0.00312151074175173,0.718645852611563
"chr14:93210708:93212032:clu_20179:ENSG00000012963.14",-0.00358526723304551,0.00318801210906238,0.26075474188488
"chr14:67585654:67585951:clu_19698:ENSG00000054690.13",0.00348456761370327,0.00769442509662224,0.650642979567613
"chr14:30700258:30702296:clu_19169:ENSG00000092108.20",-0.0092746856729498,0.00420601057297413,0.0274468819597898
"chr14:30702375:30705823:clu_19169:ENSG00000092108.20",0.0104083693876133,0.00416213496932351,0.0123938164317798
"chr14:64738137:64738742:clu_19654:ENSG00000126822.16",0.00639205967951133,0.00560474561882473,0.254089396910513
"chr14:64490540:64502901:clu_19646:ENSG00000089775.11",0.00769756864819552,0.00552041301580276,0.163202056203864
"chr14:64511800:64516600:clu_19648:ENSG00000126804.13",-0.00420373015141056,0.00582404214711977,0.470424150711856
"chr14:64487196:64490361:clu_19642:ENSG00000089775.11",-0.00506048187118934,0.00485457572929917,0.297219380685615
"chr14:64511384:64516600:clu_19648:ENSG00000126804.13",0.00259617077853529,0.00354863607681504,0.464414705349578
"chr14:59459004:59460972:clu_19557:ENSG00000126790.11",0.0143322530847219,0.00458884070409009,0.00178845039967279
"chr14:59484593:59486731:clu_19561:ENSG00000050130.17",0.00412281930880764,0.00368253452713627,0.262901198731799
"chr14:59473090:59474728:clu_19558:ENSG00000126790.11",0.0137956451435757,0.00368622320352399,0.000182207425555525
"chr14:61037141:61037625:clu_19587:ENSG00000139974.15",0.0255124190990145,0.00525207436428638,1.1882368241567e-06
"chr14:39114475:39114829:clu_19295:ENSG00000092208.16",-0.000609908714607294,0.00497109442908857,0.902351764215059
"chr14:91610677:91617597:clu_20121:ENSG00000133962.7",0.000865245015302652,0.00320777553632743,0.78736516800908
"chr14:91114994:91145221:clu_20100:ENSG00000133943.20",-0.00400637919507888,0.00360867150370989,0.266909021548265
"chr14:88875109:88877294:clu_20075:ENSG00000165533.18",0.00230540918086191,0.00370366615627153,0.533634974941048
"chr14:59474526:59475869:clu_19558:ENSG00000126790.11",0.0087114362387239,0.00517593074775972,0.0923621966103171
"chr14:103778821:103784795:clu_20397:ENSG00000088808.16",-0.00212277017109558,0.00349494375080611,0.543596625121312
"chr14:22603762:22603925:clu_18919:ENSG00000100439.10",-0.0074619534463096,0.00304028415806633,0.0141135399812725
"chr14:22769934:22770193:clu_18923:ENSG00000155463.12",0.00650787697474288,0.0033880757418374,0.0547546524923254
"chr14:75690322:75699188:clu_19946:ENSG00000119685.19",0.00401899595049113,0.00287813462834946,0.162597342368147
"chr14:23143204:23155166:clu_18972:ENSG00000092068.19",-0.000250181779276364,0.00352452798246513,0.943411238086122
"chr14:39122543:39124992:clu_19297:ENSG00000092208.16",0.00920237095220837,0.0048494669289748,0.0577481825683107
"chr14:34758846:34764707:clu_19219:ENSG00000198604.10",-0.00375805692739,0.00373678129230651,0.314562996019092
"chr14:88609403:88609712:clu_20061:ENSG00000100722.18",-0.00370044553094776,0.00325011397127409,0.254887263436074
"chr14:88609403:88609715:clu_20061:ENSG00000100722.18",0.00538260534563588,0.00320182462201126,0.0927424022380141
"chr14:96309594:96311117:clu_20229:ENSG00000066739.11",-0.0031355814249448,0.0032030538970377,0.327612119073056
"chr14:102265912:102283478:clu_20316:ENSG00000080823.22",-0.020561544384726,0.00387815021599604,1.14606894197067e-07
"chr14:104739378:104739767:clu_20419:ENSG00000185100.10",-0.00991249981698615,0.00317100521042446,0.00177213423070222
"chr14:105150911:105150991:clu_20451:ENSG00000184916.8",0.00166032580368002,0.00392451218479216,0.672247455309077
"chr14:31114059:31114286:clu_19182:ENSG00000092148.12",-0.00262707394937286,0.00384282126714891,0.494207842040832
"chr14:100138897:100139334:clu_20274:ENSG00000196405.12",0.0054319276680419,0.00415022052321101,0.190592388085931
"chr14:100295993:100298027:clu_20280:ENSG00000197119.12",0.00324676097343548,0.00304756671137677,0.286712263657299
"chr14:101912473:101925141:clu_20302:ENSG00000078304.19",0.000687188062155394,0.00384941016438498,0.858316378363085
"chr14:39114395:39114829:clu_19295:ENSG00000092208.16",-0.00532068572094125,0.00564727196628078,0.346106019180514
"chr14:103530309:103532582:clu_20366:ENSG00000166166.12",-0.00283982250895149,0.00287309462256051,0.322947282412216
"chr14:103677523:103679384:clu_20374:ENSG00000126214.21",-0.0048624433582169,0.00389123083899392,0.211449337854064
"chr14:102830472:102870185:clu_20331:ENSG00000131323.14",-0.00380071726266347,0.00400415334690792,0.342522088401141
"chr14:103098918:103100204:clu_20345:ENSG00000259444.1",0.0108708287990059,0.00363590197836305,0.00279107622709285
"chr14:103448967:103451918:clu_20359:ENSG00000075413.17",0.00397516808428547,0.00405745800160495,0.32722491911226
"chr14:103467191:103468033:clu_20360:ENSG00000075413.17",0.0150234429450401,0.00366225893888336,4.09180232060491e-05
"chr14:103677523:103679408:clu_20374:ENSG00000126214.21",0.00647033708624044,0.00309564410376733,0.0366050072789365
"chr14:103467191:103468081:clu_20360:ENSG00000075413.17",-0.0177776167186075,0.00377740973698841,2.52255425825521e-06
"chr14:23055353:23055533:clu_18958:ENSG00000139880.19",0.00962018171016731,0.0032398702620347,0.00298468563106069
"chr14:23639004:23639179:clu_19020:ENSG00000100867.14",-0.00759041237893377,0.00382099468573252,0.046977645999543
"chr14:23277187:23285913:clu_18973:ENSG00000215271.7",0.000719206871191191,0.00326094868624357,0.825441728846841
"chr14:24073104:24073499:clu_19033:ENSG00000100884.9",-0.00625526911276537,0.00315510193231749,0.0474134021499039
"chr14:23143204:23165285:clu_18972:ENSG00000092068.19",0.00161914823269967,0.0032268418114223,0.615825869807371
"chr14:23379123:23379299:clu_18991:ENSG00000166091.19",-0.00751424342560052,0.0032009443640062,0.0188994526550104
"chr14:96535999:96536976:clu_20240:ENSG00000090060.17",0.00107772744294473,0.00408556634052182,0.791942514282517
"chr14:49795944:49796233:clu_19359:ENSG00000165525.17",-0.0048209347308698,0.00469681301188095,0.304690452819003
"chr14:49693290:49709159:clu_19349:ENSG00000197776.7",-0.00290687287686126,0.00447888513826248,0.516327347503288
"chr14:49803294:49806021:clu_19361:ENSG00000165525.17",0.0105750413771872,0.00366785660727931,0.00393699257099045
"chr14:49674427:49679725:clu_19348:ENSG00000100479.12",0.0030450313128262,0.00392034390204561,0.437320703433546
"chr14:39319291:39320928:clu_19306:ENSG00000150527.16",-0.00416164088130378,0.00350266135369311,0.2347795147891
"chr14:91215556:91223676:clu_20106:ENSG00000133943.20",0.00777835555933856,0.0037395056293214,0.0375210236407638
"chr14:76022394:76031955:clu_19959:ENSG00000119650.12",0.00728634857357228,0.00343931173783344,0.0341286456707348
"chr14:75764772:75766062:clu_19953:ENSG00000119685.19",-0.00250308949492482,0.00366900776945613,0.495096573528608
"chr14:24296588:24296738:clu_19108:ENSG00000157379.13",-0.00652386606139294,0.00316959914597104,0.039564972169001
"chr14:24098678:24099049:clu_19038:ENSG00000100889.11",-0.00323650158160878,0.00275595866994915,0.240248832167555
"chr14:24136301:24136985:clu_19044:ENSG00000092010.14",0.00370863677259425,0.00355016068979669,0.29618978759635
"chr14:24136301:24136898:clu_19044:ENSG00000092010.14",-0.00438687268287528,0.00367960174102626,0.233177348209554
"chr14:74288765:74289483:clu_19871:ENSG00000119688.20",-0.00533572915309262,0.00472443791267329,0.258733686913003
"chr14:75431901:75432118:clu_19937:ENSG00000140044.12",0.00807862228876605,0.00379202739175178,0.0331367084240982
"chr14:75793100:75803142:clu_19956:ENSG00000119685.19",-0.00338810333991282,0.00413698970264484,0.412798994927555
"chr14:75030715:75032068:clu_19920:ENSG00000119684.15",-0.00790104672503746,0.00348933822360689,0.0235532356283379
"chr14:75071911:75077532:clu_19925:ENSG00000119703.13",-0.00325229593651189,0.00330200488244789,0.324650680439391
"chr14:74289285:74289483:clu_19871:ENSG00000119688.20",0.00590656458219086,0.00462805025403033,0.201865979487992
"chr14:74676752:74683296:clu_19892:ENSG00000119682.16",-0.00470175083781228,0.00393148141748508,0.231726431403006
"chr14:74664074:74664836:clu_19888:ENSG00000119682.16",-0.00818901531201795,0.00442509385038736,0.0642291814052757
"chr14:102022880:102026574:clu_20305:ENSG00000197102.10",-0.00344456605465131,0.00335527901197245,0.304603712593289
"chr14:102139987:102194938:clu_20310:ENSG00000140153.17",0.00134853728715975,0.0033110506925621,0.683799564311463
"chr14:92025420:92033192:clu_20141:ENSG00000100815.12",0.00229730262164205,0.00381340187552755,0.546888830349252
"chr14:92030776:92033192:clu_20141:ENSG00000100815.12",-0.00365184216681018,0.00373543314968683,0.328261240768772
"chr14:91937201:91940565:clu_20131:ENSG00000140092.14",0.0025859688496543,0.00302517330800373,0.392652597530094
"chr14:24428405:24428755:clu_19138:ENSG00000139899.10",-0.00177520698642029,0.00335123893369406,0.596308417632402
"chr14:24324199:24324307:clu_19121:ENSG00000129467.13",0.00126177185184453,0.00289171585219581,0.662589924621048
"chr14:24376101:24376294:clu_19133:ENSG00000100968.13",-0.00189955925219525,0.00403071892807887,0.637447521183575
"chr14:23357660:23358876:clu_18989:ENSG00000100842.12",-0.00878392435421948,0.00274062419668995,0.00135024166422071
"chr14:24338040:24338249:clu_19128:ENSG00000129465.15",-0.00599207131661877,0.00336408429575008,0.0748815133609843
"chr14:24338040:24338211:clu_19128:ENSG00000129465.15",0.00747167654853132,0.00350709775848021,0.0331349469200052
"chr14:24164955:24165847:clu_19064:ENSG00000213928.8",0.00983389069878318,0.0043880331723437,0.0250215234263808
"chr14:23562083:23564727:clu_19001:ENSG00000258727.1",-0.00517855701198029,0.00357862176855329,0.147874125738198
"chr14:24137017:24137090:clu_19045:ENSG00000092010.14",0.00039641748158774,0.00334288432758532,0.905603783906951
"chr14:22836925:22837181:clu_18929:ENSG00000157227.12",0.00219770528873105,0.00363131762859496,0.545040286947226
"chr14:23561873:23564727:clu_19001:ENSG00000258727.1",0.00321015775504667,0.00335512602098616,0.338672248068167
"chr14:24324199:24324302:clu_19121:ENSG00000129467.13",-0.00160799930659135,0.00306551633442976,0.599899973838182
"chr14:23348306:23348506:clu_18984:ENSG00000092096.16",-0.000612606188637659,0.00407977442718359,0.880640846902639
"chr14:51720390:51721949:clu_19431:ENSG00000139926.15",0.00260551796111689,0.00378222704814856,0.490895892341535
"chr14:96237181:96240403:clu_20227:ENSG00000100739.10",-0.00473265976444598,0.00315904066155794,0.134098970046034
"chr14:96237181:96240403:clu_20227:ENSG00000168398.6",-0.0041044323989259,0.00312989171105874,0.189734266732843
"chr14:77451333:77453299:clu_20008:ENSG00000151445.15",0.00184074522471173,0.00293521920930318,0.530578221223842
"chr14:26470490:26472320:clu_19150:ENSG00000139910.19",0.00384072255533907,0.00353211671962836,0.276872723830798
"chr14:103685036:103687081:clu_20375:ENSG00000126214.21",-0.00174134891782833,0.00482153091959108,0.71797909639556
"chr14:103520311:103521263:clu_20365:ENSG00000166165.12",0.00342280955172438,0.00511833308852673,0.503664402918403
"chr14:102940488:102940954:clu_20339:ENSG00000198752.10",-0.00521427425808844,0.00489114410154939,0.286394562861931
"chr14:19376011:19381177:clu_18816:ENSG00000274827.4",-0.0082267278527284,0.00455604139113359,0.0709691949055892
"chr14:21082917:21083835:clu_18881:ENSG00000165801.9",-0.00181766699015388,0.00272704637854012,0.505070340621302
"chr14:20369554:20369674:clu_18837:ENSG00000129566.12",-0.00115178004915455,0.00302027760306145,0.702944248424955
"chr14:20449321:20451974:clu_18849:ENSG00000092094.10",-0.00268844475593996,0.00279363187588789,0.335875057376117
"chr14:20369576:20369674:clu_18837:ENSG00000129566.12",-0.000156872012230408,0.0026368203797943,0.952559544286838
"chr14:52007967:52010876:clu_19437:ENSG00000087303.17",-0.0186863280071735,0.004127351982111,5.97032600524461e-06
"chr14:50792881:50806737:clu_19417:ENSG00000100503.23",0.000381737576719394,0.00360144960288208,0.915585894941499
"chr14:77822518:77859076:clu_20025:ENSG00000063761.15",0.000609230932761047,0.0040015972851017,0.878992174460603
"chr14:49602468:49603552:clu_19342:ENSG00000165501.16",0.000446331816804556,0.00499735712094644,0.928832707997812
"chr14:20449266:20451974:clu_18849:ENSG00000092094.10",0.00075708993872868,0.00325853403425081,0.816273436481098
"chr14:21018504:21018627:clu_18866:ENSG00000165795.23",-0.00215953822251751,0.00300872625492921,0.472906333169687
"chr14:96204959:96237069:clu_20226:ENSG00000168398.6",0.00201333863381501,0.00270950926612432,0.457442969453921
"chr14:58231153:58232066:clu_19530:ENSG00000131966.13",0.00379212019336346,0.00307121038730428,0.216930450236269
"chr14:58230480:58232066:clu_19530:ENSG00000131966.13",-0.00313547514385622,0.00299518676538457,0.295174328598316
"chr14:60291454:60292453:clu_19577:ENSG00000100614.17",-0.00457159761231388,0.00541455160224201,0.398492325344606
"chr14:61048297:61050512:clu_19589:ENSG00000139974.15",-0.0202341120430469,0.00559216420843593,0.000296547752847265
"chr14:60981687:60982508:clu_19586:ENSG00000139974.15",-0.0180261120334806,0.00419133413191429,1.70178537727272e-05
"chr14:59498908:59501191:clu_19563:ENSG00000050130.17",-0.00426097223831045,0.00475028247714651,0.369722415456154
"chr14:101786183:101856686:clu_20300:ENSG00000078304.19",0.00308182642327057,0.00299975297583153,0.304250946945189
"chr14:101810036:101836169:clu_20300:ENSG00000078304.19",-0.00884738853086679,0.00437089654388925,0.0429538192431625
"chr14:102335838:102338816:clu_20319:ENSG00000022976.15",9.09766434425744e-05,0.00389872193823369,0.981383060094729
"chr14:102334646:102335689:clu_20319:ENSG00000022976.15",0.000757816561073506,0.00442531792261472,0.86403059330715
"chr14:58293138:58297955:clu_19531:ENSG00000257621.7",-0.00214749800955513,0.00335434761075515,0.522033926374202
"chr14:58257998:58260948:clu_19534:ENSG00000100567.12",-0.013528953169732,0.00348480647481483,0.00010348667065907
"chr14:58261020:58263705:clu_19534:ENSG00000100567.12",0.0165044721713623,0.00361902532654389,5.10381968543694e-06
"chr14:81204104:81216413:clu_20036:ENSG00000165417.11",-0.00846827128990801,0.00448476907153176,0.0589952061048836
"chr14:19018829:19031761:clu_18811:ENSG00000258314.3",0.0221588157816517,0.00998106685242273,0.0264130051744609
"chr14:19018829:19031761:clu_18811:ENSG00000225210.9",0.00588306620710881,0.00866750072576196,0.497296272901832
"chr14:20455703:20455914:clu_18853:ENSG00000100823.11",0.00461449684919346,0.00349474664664403,0.186698316610158
"chr14:20455773:20455914:clu_18853:ENSG00000100823.11",-0.00368115919384705,0.00402618663860646,0.360557045143406
"chr14:73959553:73970010:clu_19851:ENSG00000156050.8",-0.00724720864337509,0.0049442198786531,0.142704371474337
"chr14:73870756:73874023:clu_19838:ENSG00000140043.11",0.00181513614468885,0.0042002911540507,0.665635801334258
"chr14:53950888:53951853:clu_19470:ENSG00000125378.15",0.00787220603222155,0.00349364660838296,0.0242407424253049
"chr14:35088010:35095048:clu_19236:ENSG00000092020.10",0.00563552499505489,0.00369721218762901,0.127442941236476
"chr14:34524807:34533444:clu_19211:ENSG00000129518.8",0.00112680332446209,0.00321529207523955,0.726000023879213
"chr14:58410938:58411907:clu_19542:ENSG00000100575.13",0.00250080563332355,0.00349371522405485,0.474114096596785
"chr14:59501267:59503854:clu_19563:ENSG00000050130.17",0.00113217855835538,0.00462267203228359,0.806519426683085
"chr14:58219729:58223622:clu_19529:ENSG00000131966.13",0.00121597596322628,0.00425466122161539,0.775032426800184
"chr14:58285756:58286640:clu_19531:ENSG00000257621.7",-0.00237965308979912,0.00316824279974871,0.4525951495589
"chr14:69118278:69119194:clu_19735:ENSG00000139990.17",0.00486847955194672,0.00363613912690618,0.180598495159858
"chr14:67659922:67662477:clu_19705:ENSG00000100568.10",0.00482747885227402,0.00401403431592666,0.229111743717717
"chr14:69424202:69441832:clu_19744:ENSG00000029364.11",0.0133189383659717,0.00385126881372812,0.000543545710888993
"chr14:69118275:69119194:clu_19735:ENSG00000139990.17",-0.00441472416848551,0.00362692156728442,0.223524434679258
"chr14:67620088:67620894:clu_19701:ENSG00000081181.7",-0.0214166064176545,0.00769170312540449,0.00536305472180476
"chr14:52462970:52470037:clu_19444:ENSG00000087301.8",0.000483602372564469,0.00411896904894335,0.90653627264793
"chr14:52470680:52472886:clu_19445:ENSG00000087301.8",-0.000264508380733999,0.00543073442034685,0.961153736579654
"chr14:32094386:32117140:clu_19202:ENSG00000100852.12",0.00358635848133548,0.00328458524458834,0.274887784293027
"chr14:77478715:77482322:clu_20013:ENSG00000100593.17",0.00581030623163213,0.00263390031791358,0.027386069802534
"chr14:45046703:45046901:clu_19324:ENSG00000198718.12",-0.00143119325577257,0.00394845809439876,0.717001661116832
"chr14:45110817:45112318:clu_19330:ENSG00000185246.17",0.01145229991441,0.00549562654452887,0.0371698643468383
"chr14:45247377:45253035:clu_19340:ENSG00000129534.13",-0.00242315235588989,0.00536922880404509,0.651770741546742
"chr14:90541589:90593486:clu_20092:ENSG00000165914.14",0.000502835603842943,0.00363517452549211,0.889983549239371
"chr14:90610839:90617929:clu_20092:ENSG00000165914.14",0.00395348857064846,0.00358593653429313,0.270245141065274
"chr14:22978445:22981261:clu_18949:ENSG00000129474.15",0.0117130755644054,0.00319822555850281,0.000249895556740376
"chr14:22902382:22903995:clu_18936:ENSG00000100461.17",-0.0123284846115493,0.00311284933910522,7.47884847328573e-05
"chr14:21022905:21023241:clu_18871:ENSG00000165795.23",0.00323940521210188,0.00346561581971276,0.34992892925902
"chr14:22906368:22909483:clu_18941:ENSG00000100461.17",0.0109253575110972,0.00430330172409245,0.011122341083602
"chr14:102195120:102222830:clu_20310:ENSG00000140153.17",0.00447470056442935,0.00344114358824486,0.193480092733947
"chr14:102250987:102251756:clu_20315:ENSG00000080823.22",-0.00461424966568945,0.00359902773614826,0.199813786293297
"chr14:102959710:102963061:clu_20343:ENSG00000198752.10",-0.00725258214505434,0.00373966711997867,0.0524568239152435
"chr14:102140172:102222830:clu_20310:ENSG00000140153.17",-0.00335363374547574,0.00327355385752963,0.305616791270778
"chr14:102438205:102440436:clu_20326:ENSG00000196663.15",-0.00796232467379958,0.00455771665754853,0.080637578907181
"chr14:102012470:102015105:clu_20303:ENSG00000197102.10",0.0238078364993021,0.00383613797776331,5.42813571868805e-10
"chr14:102334646:102338816:clu_20319:ENSG00000022976.15",0.00306014948149937,0.0042172025599904,0.468062602192047
"chr14:102331846:102334554:clu_20318:ENSG00000022976.15",-0.00818196991931954,0.00376555932890554,0.0297921219144576
"chr14:102326887:102331622:clu_20318:ENSG00000022976.15",0.00915882069677621,0.00419269191098825,0.0289275368445652
"chr14:55580354:55612019:clu_19498:ENSG00000126777.17",-0.00152559756765287,0.00337625716615603,0.651369414421696
"chr14:56618763:56619358:clu_19511:ENSG00000070269.13",-0.00523915213526098,0.00323413333854737,0.105241833354951
"chr14:55668803:55670729:clu_19504:ENSG00000126777.17",-0.00222620477760053,0.00441513187727398,0.614105676345068
"chr14:58409168:58411907:clu_19542:ENSG00000100575.13",0.00174668628532512,0.00401512112961274,0.663542795879787
"chr14:58291707:58293766:clu_19531:ENSG00000257621.7",-3.51816032747741e-06,0.00521713646219032,0.999461948979998
"chr14:58540136:58543883:clu_19550:ENSG00000100578.14",-0.00782897149515697,0.00306677892556383,0.0106851009556652
"chr14:74067569:74068860:clu_19865:ENSG00000119711.12",0.00830365653544872,0.00358842549085674,0.0206671114689931
"chr14:74068981:74071195:clu_19865:ENSG00000119711.12",-0.00515130430418671,0.00358563507117592,0.15081733565293
"chr14:24182842:24182976:clu_19075:ENSG00000196497.16",-0.00243575070201183,0.00332664309458435,0.464049691215561
"chr14:24159960:24160239:clu_19060:ENSG00000092098.16",-0.00146431142465706,0.00333374710384679,0.660488438279657
"chr14:24186791:24186878:clu_19080:ENSG00000196497.16",0.00402619068960684,0.00407159882426707,0.322737715529479
"chr14:24098387:24098475:clu_19037:ENSG00000100889.11",0.000968693328283558,0.00409296205047117,0.812910535697671
"chr14:24158199:24159864:clu_19060:ENSG00000092098.16",0.000955115629032904,0.00329069341574501,0.771626878335472
"chr14:23562107:23562288:clu_19005:ENSG00000213983.11",0.00503011129332903,0.00346725058545375,0.146849687399718
"chr14:50116179:50116287:clu_19375:ENSG00000100483.13",-0.00442892440055796,0.00340059267634853,0.192780436254398
"chr14:50145596:50150008:clu_19377:ENSG00000100485.11",0.0010381842663322,0.0047370402732168,0.826523025739909
"chr14:67569698:67569921:clu_19689:ENSG00000054690.13",-0.0119149896227186,0.00335703196503107,0.000386310914538224
"chr14:50456594:50462665:clu_19398:ENSG00000012983.11",-0.00579885647090149,0.00531104735746263,0.274899914059034
"chr14:24240875:24241020:clu_19095:ENSG00000092330.15",0.00245913418681536,0.0034245300744308,0.472699385702806
"chr14:24184109:24184298:clu_19078:ENSG00000196497.16",-0.000290632528189773,0.00390575749078489,0.940683110335896
"chr14:24162324:24163071:clu_19062:ENSG00000213928.8",-0.00489472728684835,0.0031564056098434,0.120966826142745
"chr14:24162324:24162966:clu_19062:ENSG00000213928.8",0.00553878048513724,0.00313291111712219,0.077071916507533
"chr14:23377377:23378349:clu_18991:ENSG00000166091.19",0.00148358963354232,0.0036493461775543,0.684349005198619
"chr14:24231867:24232250:clu_19090:ENSG00000129559.12",0.00120881931478361,0.00393837215295081,0.758893803049017
"chr14:24324391:24325377:clu_19120:ENSG00000129467.13",-0.00533440031747403,0.00317478056841185,0.0929101999025664
"chr14:61052135:61078830:clu_19589:ENSG00000139974.15",0.0092265835956983,0.00439853727859648,0.0359362380970075
"chr14:92711748:92711837:clu_20159:ENSG00000100600.14",0.00333854090423895,0.00292399761127446,0.253548476296298
"chr14:93185485:93186260:clu_20177:ENSG00000153485.5",-0.00481397796719126,0.00282417212497707,0.0882760456693755
"chr14:92810377:92811551:clu_20168:ENSG00000066455.12",-0.00454983472156454,0.00276915750318729,0.100374793660171
"chr14:93185032:93186260:clu_20177:ENSG00000153485.5",0.00758112043740719,0.00283252215801772,0.00744053730119554
"chr14:92809519:92810254:clu_20168:ENSG00000066455.12",0.00508976527590026,0.00271398781090608,0.060740119370655
"chr14:35019074:35022910:clu_19232:ENSG00000100883.11",-0.00270205524616853,0.00307323942236876,0.379281705799408
"chr14:35865761:35867906:clu_19257:ENSG00000100916.13",0.00086127182274072,0.00474310791304348,0.855909319512258
"chr14:102140172:102194938:clu_20310:ENSG00000140153.17",-0.00177494002522209,0.00332958583265834,0.593977286304835
"chr14:50917105:50920541:clu_19420:ENSG00000100504.16",0.00280202905460394,0.00345860669010526,0.417847516078281
"chr14:39128348:39131958:clu_19297:ENSG00000092208.16",-0.00477993466747294,0.0039920747627188,0.231167826037849
"chr14:50158646:50159431:clu_19379:ENSG00000100485.11",0.00857741692429346,0.0047192610616123,0.0691354036624207
"chr14:69236152:69236407:clu_19738:ENSG00000081177.18",-0.00789084287878135,0.0036421828956516,0.0302718757872372
"chr14:69204000:69209424:clu_19736:ENSG00000081177.18",-0.0103173561942337,0.00345781297699078,0.00284710597914106
"chr14:54568112:54702062:clu_19484:ENSG00000020577.13",-0.00370242860635508,0.00402902279044153,0.358127163562592
"chr14:30653588:30658083:clu_19165:ENSG00000092108.20",0.00921815081912358,0.00375806891670606,0.0141711449400472
"chr14:30653588:30670256:clu_19165:ENSG00000092108.20",-0.00834345772100275,0.00359764149563557,0.0203870936054007
"chr14:100381746:100468021:clu_20283:ENSG00000176473.13",-0.0027356276071793,0.00289939466963089,0.345416621611566
"chr14:99726256:99726557:clu_20263:ENSG00000036530.8",-0.00190260415265292,0.0033266280683366,0.567368225424656
"chr14:96313157:96313329:clu_20230:ENSG00000066739.11",-0.00300884793267167,0.00377281499020385,0.425156397748952
"chr14:30602131:30607888:clu_19162:ENSG00000092140.14",-0.00698363928072671,0.00347741029834106,0.0446127602284094
"chr14:23557304:23558695:clu_18999:ENSG00000259431.5",0.013509754593613,0.00357258901819529,0.000155884605581247
"chr14:90680535:90689540:clu_20093:ENSG00000165914.14",0.0125306300995309,0.00478324800990526,0.0088009562265815
"chr14:93016801:93115069:clu_20176:ENSG00000100605.16",-0.00168037241466787,0.00289615843778018,0.561774797146939
"chr14:88485842:88496413:clu_20050:ENSG00000070778.12",0.00989263846662908,0.00493468860793674,0.0449936498530442
"chr14:31448454:31453275:clu_19198:ENSG00000203546.7",-0.00899645347640893,0.00488922191215691,0.0657596750480841
"chr14:31113484:31113877:clu_19182:ENSG00000092148.12",-0.00260173575633451,0.00433711241405285,0.548587939355941
"chr14:31294104:31295909:clu_19190:ENSG00000129493.14",-0.00599747330796493,0.00532568111864813,0.260105409181932
"chr14:31448454:31453275:clu_19198:ENSG00000129480.12",-0.00864684994797095,0.00503038702939684,0.0856283217024577
"chr14:31448454:31453275:clu_19198:ENSG00000129493.14",-0.00880155601008306,0.00482271886530583,0.0679980855564734
"chr14:31302519:31304905:clu_19190:ENSG00000129493.14",0.00633204681132961,0.0042770329481062,0.138746125040918
"chr14:90303125:90303935:clu_20089:ENSG00000119720.17",-0.000805745628875955,0.00314233791826715,0.797629656840265
"chr14:23967266:23968757:clu_19025:ENSG00000157326.18",-0.00152033201306929,0.0029611352792922,0.607651432346001
"chr14:23095950:23097658:clu_18969:ENSG00000179933.5",0.000970939941256605,0.00416642489824493,0.81573103796072
"chr14:24175649:24176822:clu_19067:ENSG00000100918.12",0.00651874916207296,0.00297723807167176,0.0285584115572602
"chr14:24441795:24442109:clu_19142:ENSG00000100445.17",0.00188499920305715,0.00312163818454119,0.545943802762939
"chr14:24140590:24140889:clu_19050:ENSG00000100908.13",0.00241969230768692,0.00323211472135294,0.454073853824375
"chr14:24217223:24218059:clu_19089:ENSG00000129559.12",0.00286721634475246,0.00308432709577688,0.352573881999614
"chr14:24175624:24176822:clu_19067:ENSG00000100918.12",0.000123913962934852,0.00302891511136373,0.967367370037475
"chr14:24311804:24315637:clu_19115:ENSG00000213903.8",-6.96551981289717e-05,0.00353833334783556,0.984293956429799
"chr14:30877728:30878811:clu_19173:ENSG00000100473.15",-0.00128917987256224,0.00446833615331527,0.77295291541943
"chr14:30673347:30673924:clu_19168:ENSG00000092108.20",-0.000453817372393673,0.00404074300593996,0.91057731380567
"chr14:30913657:30918966:clu_19176:ENSG00000196792.11",-0.008277014124496,0.00418291752456035,0.0478423811701501
"chr14:30929311:30935163:clu_19176:ENSG00000196792.11",-0.00725551977362403,0.00398731318928295,0.0688121185130434
"chr14:101909690:101912401:clu_20302:ENSG00000078304.19",0.00729964509152356,0.00453939650496569,0.107820921920957
"chr14:73974985:73975936:clu_19852:ENSG00000187097.12",0.0113524919855977,0.00367732867899435,0.00202080647891867
"chr14:58293544:58297955:clu_19531:ENSG00000257621.7",0.00648328588840175,0.00493192886873636,0.188659902108596
"chr14:102944487:102945174:clu_20340:ENSG00000198752.10",-0.0121898053582646,0.00487479939610387,0.0123991598813509
"chr14:103736202:103738679:clu_20392:ENSG00000088808.16",-0.00287390735891191,0.00522736495522485,0.582469404840515
"chr14:39321056:39326864:clu_19306:ENSG00000150527.16",0.0128033783414719,0.0058348730301745,0.0282148781897013
"chr14:37594616:37594901:clu_19273:ENSG00000129514.5",0.00652737713600845,0.00604599632955434,0.280311536287169
"chr14:73266831:73268557:clu_19814:ENSG00000100767.15",0.00952702590286233,0.00455052126882916,0.0362945583403782
"chr14:73265507:73266501:clu_19814:ENSG00000100767.15",-0.0180029240206324,0.00550212428061804,0.00106791403894557
"chr14:73284365:73287110:clu_19816:ENSG00000133961.19",0.00259299815117597,0.00446378038821047,0.561309645626188
"chr14:91942961:91947213:clu_20133:ENSG00000140092.14",-0.00348725667623746,0.00335277514084766,0.298288559308925
"chr14:92093831:92096093:clu_20148:ENSG00000066427.21",-0.00299931229775384,0.00291907767690135,0.304191537055977
"chr14:91942961:91946711:clu_20133:ENSG00000140092.14",0.00383092154770753,0.00337427962313299,0.256236994648845
"chr14:33987162:34018601:clu_19207:ENSG00000129521.13",0.00132897611005588,0.00395525859612093,0.736869108291095
"chr14:35308088:35308914:clu_19243:ENSG00000100902.10",0.00334098310617414,0.00481158572669383,0.487455111615555
"chr14:34786001:34786126:clu_19222:ENSG00000198604.10",-0.00333312877793646,0.00399831907306921,0.404488098173978
"chr14:105368515:105369841:clu_20469:ENSG00000179364.13",0.00151098399081993,0.0036396164558359,0.67803265803909
"chr14:105368539:105369841:clu_20469:ENSG00000179364.13",-0.000958254389778831,0.00357556173892638,0.788698491259926
"chr14:93209957:93210648:clu_20178:ENSG00000012963.14",0.00257726626229593,0.00334701256877064,0.441288092063044
"chr14:21019976:21020558:clu_18869:ENSG00000165795.23",-0.00242419345864164,0.00286258837062565,0.39707669061143
"chr14:21019976:21020496:clu_18869:ENSG00000165795.23",0.00250365456127944,0.00274733275550879,0.3621353667063
"chr14:34435304:34462096:clu_19209:ENSG00000129521.13",0.00953074420098946,0.00361975264138714,0.00846387879584443
"chr14:34435304:34462096:clu_19209:ENSG00000165389.6",0.00953074420098946,0.00361975264138714,0.00846387879584443
"chr14:37500138:37546905:clu_19269:ENSG00000151338.18",-0.00164208170797461,0.00394093890040414,0.676917815014224
"chr14:67592718:67593743:clu_19696:ENSG00000100564.8",-0.00657582270766486,0.00584054184494427,0.260210991807551
"chr14:67570012:67571752:clu_19690:ENSG00000054690.13",0.00483540192088587,0.00576604949137886,0.401694509925891
"chr14:67590172:67592635:clu_19696:ENSG00000100564.8",-0.0106271768941946,0.00453710911133961,0.0191663642461585
"chr14:64449622:64453754:clu_19644:ENSG00000100714.15",-0.00765170599882364,0.0040243364557174,0.0572550820735698
"chr14:64516751:64521487:clu_19648:ENSG00000126804.13",-0.0106037128850813,0.00407591312766689,0.0092802136080985
"chr14:64453861:64454723:clu_19644:ENSG00000100714.15",0.00408155422618332,0.00365974156694994,0.264740092637461
"chr14:64738224:64738742:clu_19654:ENSG00000126822.16",0.0191616445498754,0.00618941181681071,0.00196233147392399
"chr14:64737375:64737862:clu_19654:ENSG00000126822.16",-0.0143573917701905,0.00413169918998856,0.000510974546455212
"chr14:69455866:69458363:clu_19745:ENSG00000029364.11",-0.00597699197631898,0.00333250234022302,0.0728858666881119
"chr14:69424202:69453241:clu_19744:ENSG00000029364.11",0.00783547424386316,0.00342019385069831,0.0219666246025269
"chr14:69458729:69461697:clu_19745:ENSG00000029364.11",0.00459829920545078,0.00413434041110039,0.266043247025723
"chr14:61744813:61745691:clu_19607:ENSG00000100644.16",0.0012399670249233,0.00433037436178483,0.774616375080289
"chr14:35102729:35109895:clu_19239:ENSG00000151327.12",-0.00541358728294384,0.00455707350878407,0.234852088197366
"chr14:34795765:34800224:clu_19223:ENSG00000198604.10",0.00622850116326981,0.00430317039097992,0.147778919347134
"chr14:20301965:20305887:clu_18826:ENSG00000136319.11",0.00118503751096998,0.00370193593647698,0.748882734161681
"chr14:21022497:21022864:clu_18871:ENSG00000165795.23",0.00534516628798585,0.00328490581751369,0.10369672566891
"chr14:21022497:21023241:clu_18871:ENSG00000165795.23",-0.00174829947350373,0.00361751949185912,0.628892100573464
"chr14:21073178:21073932:clu_18876:ENSG00000165801.9",0.00209029736794617,0.00328345624224246,0.524375677534931
"chr14:24440926:24441678:clu_19142:ENSG00000100445.17",-0.000853429726220312,0.00411740855613385,0.835796260359355
"chr14:24139789:24140889:clu_19050:ENSG00000100908.13",-0.00749209638254092,0.00424524562890054,0.0775939433613744
"chr14:23475308:23475558:clu_18997:ENSG00000129460.15",0.00550527486888385,0.00302639183491518,0.0688979148716904
"chr14:23475778:23476029:clu_18997:ENSG00000129460.15",-0.00524868463116023,0.00310994527786143,0.0914669800204121
"chr14:94110797:94110926:clu_20195:ENSG00000165949.12",-0.00178731935622404,0.00302698996821902,0.554881662041908
"chr14:23026375:23027745:clu_18954:ENSG00000100804.18",0.00727778429563032,0.00502694659907886,0.147685736608031
"chr14:23308199:23308816:clu_18978:ENSG00000258643.5",0.00197358775304229,0.00439768897124796,0.653591533002969
"chr14:23955212:23967211:clu_19024:ENSG00000157326.18",-0.00334431920380659,0.00290103544685433,0.248991700302404
"chr14:23308199:23308816:clu_18978:ENSG00000129473.9",0.00283966828436581,0.00426316983681665,0.50535155383041
"chr14:105491126:105491622:clu_20490:ENSG00000185347.17",0.000407453250131994,0.0049323494811589,0.934162961975202
"chr14:74288259:74288660:clu_19870:ENSG00000119688.20",0.00171429873274161,0.00408594722203972,0.674807144101554
"chr14:73959553:73970010:clu_19851:ENSG00000187097.12",-0.00724720864337509,0.0049442198786531,0.142704371474337
"chr14:103579491:103587274:clu_20370:ENSG00000258851.1",-0.00608940722798714,0.00348256017121218,0.0803699959417923
"chr14:102933843:102938104:clu_20335:ENSG00000198752.10",0.00665031486324495,0.0046051683259023,0.148711380422766
"chr14:103492034:103502882:clu_20362:ENSG00000075413.17",0.0399534313341075,0.0101578601807464,8.38040416387686e-05
"chr14:103579491:103587274:clu_20370:ENSG00000256053.7",-0.00608940722798714,0.00348256017121218,0.0803699959417923
"chr14:22952683:22955100:clu_18946:ENSG00000092036.18",0.00834348551502513,0.00349477210918354,0.0169671388377044
"chr14:22830254:22834172:clu_18928:ENSG00000172590.18",0.00136316245579712,0.00364918853351192,0.70873749185959
"chr14:58244941:58245112:clu_19532:ENSG00000100567.12",0.00398344556668746,0.00421419967022291,0.344534488731748
"chr14:50758630:50759857:clu_19414:ENSG00000100503.23",-0.00439878223537645,0.00419331346186537,0.294178512020536
"chr14:49729009:49729490:clu_19352:ENSG00000197776.7",-0.00213992981154043,0.00336713720265562,0.525080269567076
"chr14:90730196:90744792:clu_20094:ENSG00000165914.14",0.000238019535378777,0.00345831378616624,0.945128667481182
"chr14:90695578:90730075:clu_20094:ENSG00000165914.14",-0.00347234608734056,0.00317102604901625,0.273506611373644
"chr14:88596808:88601924:clu_20058:ENSG00000100722.18",-0.00781550444954211,0.00374249793149319,0.0367696729721828
"chr14:105177735:105181129:clu_20457:ENSG00000183828.14",-0.000846530774333176,0.00426605918330801,0.84270559401037
"chr14:103480490:103502882:clu_20362:ENSG00000075413.17",0.00200372851703969,0.00545855339190039,0.713558971083146
"chr14:104701756:104703295:clu_20409:ENSG00000203485.12",-0.0018554207527781,0.00357925095529691,0.604191481681308
"chr14:77099961:77105657:clu_19985:ENSG00000198894.7",0.00838311529908372,0.00328031849331464,0.0106011085475602
"chr14:77098361:77105657:clu_19985:ENSG00000198894.7",-0.0077394711492375,0.00288786220429605,0.00736221265419312
"chr14:72943096:72945884:clu_19789:ENSG00000119599.16",0.000370973081558803,0.00368163196139792,0.919738426477551
"chr14:91216460:91223676:clu_20106:ENSG00000133943.20",0.00230900426359554,0.00342629817515209,0.500370823896991
"chr14:103764479:103778745:clu_20396:ENSG00000088808.16",0.00722456945628963,0.00337998941370833,0.0325611418901749
"chr14:103563379:103571623:clu_20370:ENSG00000258851.1",0.00698400439038916,0.00427007907327427,0.101930046866674
"chr14:104713606:104714203:clu_20415:ENSG00000203485.12",0.00494633975741001,0.00409711449691809,0.227326644855249
"chr14:103677523:103679309:clu_20374:ENSG00000126214.21",-0.00452804086110412,0.00402652455971378,0.260778437720905
"chr14:103563379:103571623:clu_20370:ENSG00000256053.7",0.00698400439038916,0.00427007907327427,0.101930046866674
"chr14:26595553:26597301:clu_19152:ENSG00000139910.19",-0.00198134211887096,0.00468248965531628,0.672194140910458
"chr14:91340024:91342380:clu_20114:ENSG00000015133.18",-0.00634427298602544,0.00361737522089226,0.0794590816960506
"chr14:91870385:91877487:clu_20129:ENSG00000140092.14",-0.00428745232615783,0.00365701636495286,0.241040193176749
"chr14:102350048:102355768:clu_20321:ENSG00000100865.14",-0.000826947353170959,0.00345589167451511,0.8108836280232
"chr14:102209862:102222830:clu_20310:ENSG00000140153.17",-0.00146234230581933,0.00340438712771828,0.66752561918632
"chr14:103693634:103700655:clu_20375:ENSG00000126214.21",-0.00277362360498906,0.00516176358773245,0.591032571597487
"chr14:103480490:103491777:clu_20362:ENSG00000075413.17",-0.000561246236363497,0.0064082092622048,0.930208604890997
"chr14:102986580:102999565:clu_20344:ENSG00000198752.10",-0.000494036202003414,0.00339881057748291,0.884430106450043
"chr14:39122543:39128280:clu_19297:ENSG00000092208.16",0.008736201410202,0.00599468096062672,0.14502655190674
"chr14:37623003:37680151:clu_19271:ENSG00000139865.16",-0.00375418894711613,0.004553534411697,0.409680484329477
"chr14:35688540:35689836:clu_19253:ENSG00000174373.16",-0.00708445880052162,0.00374432303482429,0.0584838779694661
"chr14:91719478:91723049:clu_20125:ENSG00000133962.7",-0.00252791445016777,0.0029493491460222,0.391384506629573
"chr14:55051803:55061680:clu_19490:ENSG00000168175.14",0.000116840186353399,0.00460418856705658,0.979754309709841
"chr14:32077435:32090502:clu_19202:ENSG00000100852.12",-0.00112970373781235,0.00326497338174238,0.729337432674077
"chr14:49603618:49607400:clu_19342:ENSG00000165501.16",-0.00638418286268356,0.0047564708118755,0.179527903115346
"chr14:49803294:49806040:clu_19361:ENSG00000165525.17",0.00596187147277571,0.00409245121221627,0.145172368662886
"chr14:50482416:50485578:clu_19400:ENSG00000012983.11",-0.00944678591780757,0.00325013290441781,0.00365398195701205
"chr14:50482416:50482652:clu_19400:ENSG00000012983.11",0.0106671594899078,0.00331585740887276,0.00129532307268676
"chr14:63269168:63280971:clu_19611:ENSG00000126785.12",-0.00584321631322566,0.00320903471674027,0.0686275079579377
"chr14:21211563:21211810:clu_18888:ENSG00000092199.17",-0.00213793078807084,0.00245361506016409,0.383569016228104
"chr14:20802331:20802797:clu_18860:ENSG00000129538.13",0.000267259903653641,0.00268581716707845,0.920735051930219
"chr14:21211566:21211810:clu_18888:ENSG00000092199.17",0.0019674114393632,0.00245918326221993,0.423695523489515
"chr14:50130762:50134123:clu_19376:ENSG00000100485.11",-0.00296972758708005,0.00395842331234527,0.453116244374765
"chr14:49725769:49728926:clu_19352:ENSG00000197776.7",0.00271415397407511,0.00333764197935906,0.41610623051818
"chr14:50359149:50395701:clu_19387:ENSG00000100490.9",-0.0079545275926634,0.004150654456093,0.0553076621527527
"chr14:60987157:61015904:clu_19591:ENSG00000139974.15",0.0209205506544601,0.00375084929061673,2.43929237919716e-08
"chr14:61051931:61052041:clu_19592:ENSG00000139974.15",0.0297514109880846,0.00538043299426775,3.21040455331101e-08
"chr14:21469216:21474867:clu_18902:ENSG00000129472.13",0.00420238880297643,0.00323278496189318,0.193625529389569
"chr14:20381401:20381553:clu_18841:ENSG00000129566.12",0.000844158437000433,0.00293963026590507,0.773986111302999
"chr14:71529370:71576535:clu_19775:ENSG00000197555.9",-0.00988780360789996,0.00381048657803514,0.00946204674263196
"chr14:31128006:31128612:clu_19185:ENSG00000092148.12",0.00185606934063932,0.00355618793845089,0.601721385889649
"chr14:30879485:30880452:clu_19173:ENSG00000100473.15",0.00405368139840782,0.00382456491289538,0.289187115944409
"chr14:52020178:52027201:clu_19439:ENSG00000087303.17",-0.00721494134849689,0.00353338059428551,0.0411577591392649
"chr14:64737375:64738742:clu_19654:ENSG00000126822.16",0.000105194786749153,0.00569419391097583,0.985260684214333
"chr14:64488057:64490361:clu_19642:ENSG00000089775.11",-0.0110453525054531,0.00449180627960539,0.0139324543158883
"chr14:105152057:105152161:clu_20453:ENSG00000184916.8",0.00124027283116611,0.00524639991949776,0.813118763034528
"chr14:105286376:105300446:clu_20464:ENSG00000185024.16",0.00652921896950086,0.00485563197983631,0.178732071985847
"chr14:30912182:30913524:clu_19176:ENSG00000196792.11",0.00298428287665152,0.00413571187637431,0.470547400472138
"chr14:20299448:20300607:clu_18825:ENSG00000136319.11",-0.00544517667451106,0.00379862912765217,0.151726890971175
"chr14:45109993:45110094:clu_19329:ENSG00000185246.17",0.00358026964250485,0.00396998051915691,0.367144221717304
"chr14:24269163:24269491:clu_19102:ENSG00000100949.14",0.00885001787898377,0.00349787406345757,0.0114025681764103
"chr14:24232788:24233219:clu_19091:ENSG00000100938.17",-0.00464166150623801,0.00379180685222738,0.220903490495522
"chr14:24102890:24103160:clu_19040:ENSG00000100889.11",-0.00640334114404975,0.00322914850948033,0.0473695171688227
"chr14:24186979:24187085:clu_19081:ENSG00000196497.16",0.0028385311152032,0.00392956394873632,0.470077661803991
"chr14:24325887:24326079:clu_19122:ENSG00000129467.13",0.00213917677579202,0.00292555401540251,0.464654561996427
"chr14:24150448:24150601:clu_19056:ENSG00000092098.16",0.00193981533254529,0.00353920215766074,0.583627386383714
"chr14:24187150:24187400:clu_19081:ENSG00000196497.16",-0.00281798865023198,0.00386421199868064,0.465846844011176
"chr14:102452627:102465141:clu_20328:ENSG00000196663.15",-0.00159017576358292,0.00392048941794123,0.685031794791146
"chr14:30912182:30935163:clu_19176:ENSG00000196792.11",0.0093960236759605,0.00379505904195992,0.0132916785357989
"chr14:30670395:30673257:clu_19166:ENSG00000092108.20",0.00701483999451868,0.00348163504490977,0.0439243534358487
"chr14:30670395:30673235:clu_19166:ENSG00000092108.20",-0.00622870936630401,0.00363212453734659,0.0863646230293513
"chr14:91693479:91704552:clu_20124:ENSG00000133962.7",-0.00499445005504397,0.0031566560820242,0.113604729958083
"chr14:96856250:96856528:clu_20246:ENSG00000100749.7",0.00308788740924335,0.00351725082687209,0.379983653176319
"chr14:58209107:58211292:clu_19528:ENSG00000131966.13",-0.00213827056116267,0.00372881214334524,0.566343087205846
"chr14:105643525:105643623:clu_20494:ENSG00000211896.7",-0.00986923952694082,0.00405109849002108,0.0148429476821771
"chr14:21075499:21076360:clu_18877:ENSG00000165801.9",-0.00113715291026348,0.00316802473740248,0.719634753811946
"chr14:21234229:21269298:clu_18890:ENSG00000092199.17",-0.00224518470125888,0.0045989581767974,0.625412293433416
"chr14:21101184:21101308:clu_18884:ENSG00000232070.8",0.00134364548056301,0.00214501087445629,0.531049348030466
"chr14:24373370:24373661:clu_19132:ENSG00000100968.13",-0.00289813136310129,0.00361691265822728,0.422974113109482
"chr14:24323088:24323344:clu_19120:ENSG00000129467.13",0.000458319936216837,0.00355310868393517,0.897364571207138
"chr14:24322224:24322624:clu_19120:ENSG00000129467.13",-0.00383013176655399,0.00353625996593865,0.278762959973552
"chr14:73355766:73366897:clu_19819:ENSG00000133961.19",-0.00740231656521138,0.00400694367627922,0.064693207804728
"chr14:24269694:24269953:clu_19103:ENSG00000100949.14",0.00749004107367862,0.00347713722619327,0.0312336885826844
"chr14:24211609:24211680:clu_19087:ENSG00000254505.9",-0.0016311110594461,0.00400553410087622,0.683850545686324
"chr14:24076557:24076879:clu_19035:ENSG00000100884.9",0.00265572689746542,0.00473763397231341,0.575097699330761
"chr14:85561289:85562643:clu_20041:ENSG00000185070.10",-0.00275284752758569,0.00335276464818729,0.411607576334868
"chr14:23051439:23051970:clu_18956:ENSG00000139880.19",-0.00353953038678801,0.00298444784604676,0.235625575692683
"chr14:102443827:102445806:clu_20327:ENSG00000196663.15",-0.00335964838418243,0.00317722800155064,0.290322252105895
"chr14:102226408:102232535:clu_20313:ENSG00000080823.22",0.00252254748245646,0.00397807349637987,0.526007183787123
"chr14:102140172:102208603:clu_20310:ENSG00000140153.17",-0.00363109237339656,0.00384876590874449,0.345454209063194
"chr14:102251804:102251917:clu_20315:ENSG00000080823.22",0.0051256854627608,0.00347940340719566,0.140710412978956
"chr14:73148094:73170797:clu_19802:ENSG00000080815.18",0.000495780664416381,0.00492558021944592,0.919824916911974
"chr14:73148106:73170797:clu_19802:ENSG00000080815.18",0.00135438695984753,0.00553802718039166,0.806796155633444
"chr14:30700258:30705823:clu_19169:ENSG00000092108.20",-0.00186984898958926,0.00547725748500296,0.732814392102447
"chr14:104887978:104889515:clu_20434:ENSG00000099814.15",-0.00123454069095457,0.00413267666320128,0.76514861463529
"chr14:105098890:105099044:clu_20446:ENSG00000257556.1",-0.00295646774291654,0.00345089528741668,0.391596967138923
"chr14:104887978:104889620:clu_20434:ENSG00000099814.15",0.000355190899081183,0.00416189016081084,0.931988190057282
"chr14:105474905:105478266:clu_20487:ENSG00000182809.10",-0.00759833907323645,0.00536659866212747,0.156817224532946
"chr14:105145061:105146385:clu_20447:ENSG00000184916.8",0.00751113263903295,0.0047197581559891,0.111514366054665
"chr14:37682964:37696717:clu_19275:ENSG00000139865.16",-0.00111850757468172,0.0044157573923408,0.800037056292504
"chr14:92058515:92070935:clu_20144:ENSG00000066427.21",-0.00322425442474299,0.00312251315536266,0.301799023693255
"chr14:92704707:92709672:clu_20163:ENSG00000100600.14",-0.00388361438214826,0.00420880099159762,0.35614452902182
"chr14:60478389:60483691:clu_19580:ENSG00000179008.8",-0.00379805916497164,0.00545890357769807,0.486582308744442
"chr14:59359504:59360802:clu_19556:ENSG00000100592.15",-0.00187403164441693,0.00418842261457178,0.65456363427505
"chr14:39402511:39431564:clu_19308:ENSG00000165355.7",-0.00255470863937254,0.00518154247036606,0.621984196183663
"chr14:105382058:105382477:clu_20471:ENSG00000179364.13",-0.00139508269336603,0.00405364470411835,0.730729610903592
"chr14:105643525:105643623:clu_20494:ENSG00000211893.3",-0.0105569182876226,0.0040888340626375,0.00982610023528308
"chr14:89180806:89190384:clu_20076:ENSG00000053254.15",0.000581780058709421,0.00302182884590595,0.847330349371999
"chr14:104706176:104706910:clu_20410:ENSG00000203485.12",-0.00341083395874986,0.00311434292001583,0.27342823913348
"chr14:104743191:104744812:clu_20422:ENSG00000185100.10",0.000333390598872521,0.0038740783086918,0.931421302394465
"chr14:104993064:104994598:clu_20441:ENSG00000140104.13",-0.00276228452705249,0.00362909963253755,0.446568245387621
"chr14:105438739:105445418:clu_20480:ENSG00000182979.17",-0.00175933169016201,0.00423619539514411,0.677915434228733
"chr14:95194596:95196498:clu_20219:ENSG00000165959.11",0.00743944963457012,0.00295289750402378,0.0117564111442906
"chr14:94619468:94622341:clu_20201:ENSG00000196136.17",-0.00108213055914806,0.00313379271577873,0.729861186529373
"chr14:30605812:30607888:clu_19162:ENSG00000092140.14",0.00185555027390342,0.00388160938338171,0.632624353051295
"chr14:31025787:31066126:clu_19179:ENSG00000100478.14",-0.00485374249209132,0.00633905739637143,0.443861751816801
"chr14:30602131:30605505:clu_19162:ENSG00000092140.14",0.000504321229745213,0.00415785820959407,0.903458557779333
"chr14:30597526:30598483:clu_19161:ENSG00000092140.14",-0.0013259867222359,0.00430836753442893,0.758257271978562
"chr14:68925672:68978217:clu_19730:ENSG00000072110.13",-0.019608762014042,0.00639597351778221,0.00217090016542598
"chr14:67754212:67755051:clu_19709:ENSG00000072121.15",0.0107370907857118,0.00414013496744157,0.00950278483893074
"chr14:91639250:91669814:clu_20122:ENSG00000133962.7",-0.00231880864427755,0.00243327531447763,0.340611462217017
"chr14:50729723:50735516:clu_19413:ENSG00000100503.23",-0.00581858946639478,0.00390757271897303,0.136472969035412
"chr14:61043212:61045346:clu_19588:ENSG00000139974.15",-0.0083879655839651,0.00461678998884945,0.0692417201962032
"chr14:52457174:52470037:clu_19444:ENSG00000087301.8",-0.0165314455166572,0.00320733043021509,2.54621493667173e-07
"chr14:73192864:73198031:clu_19803:ENSG00000080815.18",-0.000514733196166852,0.00340251238490702,0.879754585141176
"chr14:73198129:73206386:clu_19803:ENSG00000080815.18",0.00116800473556688,0.00344637266072677,0.734678716304692
"chr14:67343438:67345768:clu_19680:ENSG00000100554.11",0.00467597565617541,0.0051969507999334,0.368251344425922
"chr14:67340518:67343372:clu_19680:ENSG00000100554.11",-0.0124351568244365,0.00596312422649528,0.0370382154790209
"chr14:54432220:54436369:clu_19475:ENSG00000100528.11",0.000743009325770012,0.00450334939141045,0.868951554212944
"chr14:18931848:18934041:clu_18809:ENSG00000257891.1",0.00264915329779221,0.0101782464445579,0.794650882033386
"chr14:26480143:26595410:clu_19151:ENSG00000139910.19",-0.00104782976749705,0.00456753432174995,0.818551673577865
"chr14:26480143:26549680:clu_19151:ENSG00000139910.19",0.00443516189225212,0.00336683310633136,0.18773483680887
"chr14:69453309:69454812:clu_19744:ENSG00000029364.11",-0.00594647001217843,0.00367090058288086,0.105255038219141
"chr14:68909396:68909955:clu_19728:ENSG00000072110.13",0.00317924237042622,0.00393365168318289,0.418965935239061
"chr14:24370594:24372441:clu_19130:ENSG00000100968.13",0.00620441932593067,0.00304826101355244,0.0418110087997791
"chr14:24370594:24371718:clu_19130:ENSG00000100968.13",-0.0018602990486544,0.00324192136569112,0.566085494447968
"chr14:24300857:24301612:clu_19109:ENSG00000196943.12",0.0047094494206308,0.00396318569876656,0.234715649655038
"chr14:64224547:64224996:clu_19634:ENSG00000054654.16",-0.00154768635563693,0.00442192476289387,0.726336544160602
"chr14:64224547:64224999:clu_19634:ENSG00000054654.16",0.0017802255831128,0.00456327510708643,0.696447701203908
"chr14:58470723:58472199:clu_19548:ENSG00000100578.14",0.00239960678432917,0.00360502466874014,0.505648652207269
"chr14:58298700:58299798:clu_19535:ENSG00000032219.18",-0.00102681886035431,0.00324967857244001,0.752021092991594
"chr14:39276955:39279337:clu_19302:ENSG00000150527.16",-0.00946533642194184,0.00563531095936666,0.0930259042388988
"chr14:60125823:60133970:clu_19572:ENSG00000126773.12",0.0155558665343714,0.00477758240918189,0.00112988902788713
"chr14:77723277:77730988:clu_20020:ENSG00000100603.13",-0.000851765791168067,0.00409646276638814,0.835285856836513
"chr14:59484593:59487674:clu_19561:ENSG00000050130.17",0.00046889852027707,0.00554749661173835,0.93263954718875
"chr14:100133159:100135905:clu_20272:ENSG00000196405.12",0.00347831970993484,0.00316311218864038,0.271484180402525
"chr14:100138897:100141180:clu_20274:ENSG00000196405.12",-0.0125588829717503,0.00441821223069317,0.00447575856182048
"chr14:23347996:23348161:clu_18983:ENSG00000092096.16",0.00259886932322579,0.00412703418548384,0.528878848335105
"chr14:23561635:23561962:clu_19005:ENSG00000213983.11",0.00349680085583206,0.00307425309954912,0.255351347805101
"chr14:24375715:24376294:clu_19133:ENSG00000100968.13",-0.00497912062658421,0.00520832511792948,0.339075938656685
"chr14:67592436:67592635:clu_19696:ENSG00000100564.8",0.0115994384531463,0.00403671456476593,0.00405970450683457
"chr14:49779675:49779748:clu_19354:ENSG00000165516.10",0.00286973391350201,0.00559380266102862,0.607937171467959
"chr14:88024669:88025407:clu_20045:ENSG00000258867.5",0.000860834860584867,0.00431773181732264,0.841971755634531
"chr14:99668303:99672317:clu_20260:ENSG00000182218.9",0.00662831635469602,0.00276581746761409,0.0165519253054823
"chr14:24399444:24405611:clu_19135:ENSG00000205978.5",0.00146713771621764,0.00429099399492517,0.732417929353204
"chr14:22830254:22830964:clu_18928:ENSG00000172590.18",0.00632288365260694,0.00384744508253531,0.10030060835175
"chr14:36666601:36676198:clu_19264:ENSG00000198807.12",-0.00402412443338384,0.00372880469163381,0.28049876970683
"chr14:36663523:36666462:clu_19264:ENSG00000198807.12",0.0040983761410826,0.00352122721061656,0.244462261662793
"chr14:104049680:104051981:clu_20403:ENSG00000156414.18",-0.00520793079627043,0.00352515748460039,0.13957884818229
"chr14:104793304:104795484:clu_20430:ENSG00000142208.15",0.00219789457095558,0.00339035748563885,0.51680508414584
"chr14:104710188:104710937:clu_20412:ENSG00000203485.12",0.00826268155751238,0.00316787799143946,0.00910011078317474
"chr14:104889758:104892976:clu_20435:ENSG00000099814.15",0.0012672060173746,0.00324758311302996,0.696388869566506
"chr14:104755824:104756604:clu_20425:ENSG00000184990.12",0.00086169772582916,0.00391262188642978,0.825687852122599
"chr14:102952603:102954198:clu_20342:ENSG00000198752.10",0.00211228541537902,0.00411847746639479,0.608035146808902
"chr14:104753319:104755630:clu_20425:ENSG00000184990.12",-0.000516667279238893,0.00352631954610134,0.883512930805013
"chr14:104770847:104772365:clu_20428:ENSG00000142208.15",-0.000556585424533273,0.00366669081698626,0.87934860607463
"chr14:104893135:104893523:clu_20435:ENSG00000099814.15",-0.000890347343418181,0.00319621629280783,0.780580272235646
"chr14:35077216:35078927:clu_19234:ENSG00000151327.12",-0.00107190086187279,0.00355096822492368,0.762757588673307
"chr14:102946684:102947721:clu_20341:ENSG00000198752.10",-0.00603452937704425,0.00395692510136395,0.127245319029117
"chr14:102938174:102938306:clu_20336:ENSG00000198752.10",0.00125859566380459,0.00656804549317584,0.848036680278683
"chr14:102944487:102945662:clu_20340:ENSG00000198752.10",0.0154366246141126,0.00513591001874525,0.00265034775799589
"chr14:103104838:103104992:clu_20347:ENSG00000205436.7",0.00528306241724113,0.00462671213860787,0.253511777758933
"chr14:103104389:103104738:clu_20347:ENSG00000205436.7",-0.00368974654673163,0.00529323578034047,0.485760089316116
"chr14:101912473:101917831:clu_20302:ENSG00000078304.19",-0.00820331218341646,0.00384392291071064,0.0328346746760866
"chr14:93207441:93209824:clu_20178:ENSG00000012963.14",0.00296886317601248,0.00323120894843118,0.358195595332127
"chr14:55271537:55350381:clu_19492:ENSG00000178974.9",0.00941354799596244,0.00410725251887898,0.0219095039222723
"chr14:96547918:96552480:clu_20241:ENSG00000090060.17",-0.00093884166704284,0.00339487982688936,0.782128455370932
"chr14:96544258:96547797:clu_20241:ENSG00000090060.17",-0.00014037166923316,0.00339569483595263,0.967026336945428
"chr14:93721546:93725836:clu_20186:ENSG00000175785.12",-0.0154135431125428,0.00393696258648916,9.03723695374614e-05
"chr14:39267522:39276934:clu_19301:ENSG00000150527.16",0.00764652015552226,0.00427802055453016,0.0738733820143097
"chr14:76782776:76783110:clu_19977:ENSG00000258301.3",0.0038828653706679,0.0040330711595068,0.335669748234147
"chr14:55061701:55062618:clu_19490:ENSG00000168175.14",-0.00592061696956092,0.00386338313927489,0.125400226750695
"chr14:35046628:35050033:clu_19234:ENSG00000151327.12",0.0107885313253838,0.00572139587153561,0.0593425779215455
"chr14:34792921:34794749:clu_19223:ENSG00000198604.10",-0.0073654172622113,0.00502142437520966,0.142430903850665
"chr14:71702505:71704721:clu_19779:ENSG00000197555.9",-0.00106911771279554,0.00525074000528629,0.838656113807958
"chr14:100065511:100084687:clu_20269:ENSG00000196405.12",-0.00396650923488301,0.00392570235123913,0.312306179080227
"chr14:34608140:34609638:clu_19215:ENSG00000129515.18",0.000698107148865659,0.0034256052478319,0.83851691067095
"chr14:24330295:24331018:clu_19124:ENSG00000129467.13",0.00130229343831712,0.00414067026475123,0.753131662473456
"chr14:24173041:24173126:clu_19066:ENSG00000100918.12",-0.000409330380228601,0.00446772495401687,0.927000419420603
"chr14:63422094:63453689:clu_19614:ENSG00000154001.13",0.00119045238257138,0.00550557215095149,0.828810945260421
"chr14:92015861:92017682:clu_20140:ENSG00000100815.12",-0.000916133177978427,0.00352190054414615,0.794767617370566
"chr14:77710880:77715772:clu_20021:ENSG00000119705.9",0.00857562276808075,0.00333284043569182,0.0100801601969983
"chr14:99536088:99603167:clu_20259:ENSG00000205476.8",-0.0034401229008595,0.00392284813224571,0.380516395381742
"chr14:67569216:67569921:clu_19689:ENSG00000054690.13",0.00875979086921387,0.0032580189651787,0.0071733801200986
"chr14:104746385:104746951:clu_20424:ENSG00000185100.10",-0.000281350474319,0.00556710263644665,0.95969363392249
"chr14:65084299:65093708:clu_19662:ENSG00000125952.18",0.0016949783742041,0.00512412000384368,0.740807431687736
"chr14:65629606:65669243:clu_19669:ENSG00000033170.16",-0.0086891518493182,0.00670091051161772,0.194730258921758
"chr14:24209935:24210348:clu_19085:ENSG00000254505.9",-0.00233432410243199,0.00283530073472202,0.41033320125844
"chr14:24268420:24268514:clu_19101:ENSG00000100949.14",-0.00219471726800378,0.00369778076466971,0.552831315459534
"chr14:24150448:24150598:clu_19056:ENSG00000092098.16",-0.00162894121921449,0.00395407329973984,0.680364815238015
"chr14:59459004:59460972:clu_19557:ENSG00000181619.11",0.0143322530847219,0.00458884070409009,0.00178845039967279
"chr14:20315618:20316227:clu_18827:ENSG00000100814.17",-0.00618387011477831,0.00335250811843241,0.0651029711521658
"chr14:37198104:37219553:clu_19266:ENSG00000151338.18",-0.00232142412942253,0.00406910758434963,0.56833891330018
"chr14:57572019:57581214:clu_19522:ENSG00000151812.14",0.00101129496170725,0.00366967523574372,0.782869446029919
"chr14:59476214:59479182:clu_19559:ENSG00000126790.11",-0.00471532907980692,0.00570623537493033,0.408607418679188
"chr14:23563302:23563380:clu_19006:ENSG00000213983.11",-0.00562815039705815,0.00393705712165187,0.152851292673722
"chr14:23941158:23953574:clu_19022:ENSG00000215256.3",-0.00175952519958262,0.00339340511763622,0.604100282930089
"chr14:22952459:22955100:clu_18946:ENSG00000092036.18",-0.00572633368830419,0.00397026145791785,0.149215942876959
"chr14:24270458:24270837:clu_19104:ENSG00000100949.14",0.00578711718253801,0.00336395382919401,0.0853721226211621
"chr14:23062523:23062929:clu_18960:ENSG00000100813.14",0.00937728761291761,0.00274164911545573,0.0006255000321852
"chr14:22928615:22929252:clu_18945:ENSG00000100462.15",-0.000108419211731599,0.00339011383909081,0.974487207409268
"chr14:22921053:22922176:clu_18943:ENSG00000100462.15",-0.000459493360655289,0.00280524847397724,0.86989037073496
"chr14:23062504:23062929:clu_18960:ENSG00000100813.14",-0.00997552371008094,0.00278316266764067,0.000338060780672
"chr14:22921056:22922176:clu_18943:ENSG00000100462.15",0.00178564487031035,0.0026400856471174,0.498812938341631
"chr14:23941158:23953774:clu_19022:ENSG00000215256.3",0.0106872601225541,0.00264408809188288,5.300954122478e-05
"chr14:56636598:56647243:clu_19513:ENSG00000070269.13",-0.00251335518685622,0.00390529195362291,0.519849917006863
"chr14:89180806:89280950:clu_20076:ENSG00000053254.15",0.000743009082182468,0.00351903702502079,0.832778115889509
"chr14:88575940:88577985:clu_20058:ENSG00000100722.18",-0.00298144725584417,0.00419307859940775,0.477059353111658
"chr14:92011072:92011755:clu_20139:ENSG00000100815.12",-0.002465038763997,0.00325668095694583,0.449099298426721
"chr14:88861332:88870059:clu_20073:ENSG00000165533.18",-0.00305733114956572,0.00497311739031885,0.538705591873181
"chr14:20451452:20451974:clu_18849:ENSG00000092094.10",0.00335336283097878,0.0037080601887938,0.365812901244525
"chr14:23564159:23564333:clu_19009:ENSG00000213983.11",0.00437542621098046,0.00350246004215237,0.211575945762283
"chr14:24117732:24118055:clu_19043:ENSG00000100897.17",-0.00119540229453361,0.00356415209783146,0.73732639815978
"chr14:24117393:24117668:clu_19043:ENSG00000100897.17",0.00435977838049391,0.00379729792818979,0.250916345799764
"chr14:54522593:54530049:clu_19480:ENSG00000100532.11",0.000335576212318494,0.00382412329317428,0.930073426265017
"chr14:58288813:58291635:clu_19531:ENSG00000257621.7",-0.0018105961016334,0.00287948592842959,0.529485605201723
"chr14:105587874:105588089:clu_20497:ENSG00000211895.4",0.00861083452995808,0.0076176739194587,0.258317891408127
"chr14:39265421:39276934:clu_19301:ENSG00000150527.16",-0.00926716632646038,0.0045873863402092,0.0433687844843439
"chr14:103679545:103700655:clu_20375:ENSG00000126214.21",0.0031087983482969,0.00697293471344436,0.655714365556161
"chr14:75030652:75032068:clu_19920:ENSG00000119684.15",-0.00219503069584316,0.00431861085648517,0.611262324480536
"chr14:50314626:50321483:clu_19383:ENSG00000125375.14",0.00763190154229331,0.00361278838827703,0.0346462879847983
"chr14:75023018:75030543:clu_19920:ENSG00000119684.15",-0.00022798454391966,0.00354849157730124,0.948772520649502
"chr14:103131762:103132750:clu_20353:ENSG00000185215.8",0.012660553804827,0.00559502119363907,0.0236464794664371
"chr14:102195120:102208603:clu_20310:ENSG00000140153.17",-0.0007312052970831,0.00306247583812021,0.811289519589313
"chr14:101831804:101836169:clu_20300:ENSG00000078304.19",0.00250310321698182,0.0037957615748564,0.509608831406823
"chr14:20460845:20461184:clu_18856:ENSG00000165782.10",0.00502256725236912,0.00303713618818824,0.0981847921867168
"chr14:20460845:20461163:clu_18856:ENSG00000165782.10",-0.00613382854412484,0.00315085084087135,0.0515681527993711
"chr14:20381686:20381913:clu_18841:ENSG00000129566.12",0.00243786483434123,0.00302478356635343,0.420263955400909
"chr14:89956800:89963108:clu_20082:ENSG00000042088.13",0.00107443919582958,0.00297456220730445,0.717943075072868
"chr14:50150230:50153070:clu_19378:ENSG00000100485.11",-0.00423037667327239,0.00316401594753041,0.181213625323765
"chr14:74946275:74946379:clu_19914:ENSG00000119630.13",0.00456954108357507,0.0035796306747884,0.201764761233281
"chr14:73976412:73977024:clu_19852:ENSG00000187097.12",-0.00294883139069673,0.00451596018573609,0.513769213868014
"chr14:91145313:91157639:clu_20100:ENSG00000133943.20",-0.00325142668627133,0.00294049695417525,0.268838838204944
"chr14:71295456:71310558:clu_19772:ENSG00000259146.3",0.00480328431302525,0.00430125940718179,0.26411586271358
"chr14:74889147:74889277:clu_19904:ENSG00000119689.14",-0.000680985055908353,0.00388276698725634,0.860775918536963
"chr14:73961550:73970010:clu_19851:ENSG00000156050.8",0.00468342117444527,0.00535336456990633,0.381652459656981
"chr14:73961550:73970010:clu_19851:ENSG00000187097.12",0.00569924665013674,0.00538186730653475,0.28961254315281
"chr14:74889147:74889275:clu_19904:ENSG00000119689.14",0.000448293875573893,0.00376065649291928,0.905111930419329
"chr14:73922206:73923395:clu_19844:ENSG00000119725.18",0.00425241195892154,0.00466717554694798,0.362225944002082
"chr14:81492548:81495081:clu_20038:ENSG00000071537.13",0.00195657632081835,0.00435440701515745,0.653191860938526
"chr14:81490465:81492480:clu_20038:ENSG00000071537.13",-0.00321411890828209,0.00433358302595292,0.458283051237752
"chr14:106807659:106845803:clu_20501:ENSG00000224650.2",0.0125395424500506,0.0089059149267227,0.159130596756952
"chr14:106810746:106810850:clu_20501:ENSG00000224650.2",-0.00870933605113275,0.00686815238730713,0.20477097535163
"chr14:49796328:49799475:clu_19359:ENSG00000165525.17",-0.00527604382459779,0.00462116049253948,0.253572902099919
"chr14:77720828:77723181:clu_20020:ENSG00000100603.13",0.00292872653879441,0.00343046443657868,0.393248769967419
"chr14:53093444:53103683:clu_19468:ENSG00000100523.14",0.013086208494293,0.00416556573759177,0.00168073271526381
"chr14:52721190:52723965:clu_19456:ENSG00000100519.11",-0.00759560745736578,0.00703342712215272,0.280173447484182
"chr14:103915189:103921470:clu_20402:ENSG00000156411.9",0.00976866499389038,0.00446204666041637,0.028576568660208
"chr14:103522476:103522766:clu_20368:ENSG00000166165.12",-0.00930597148029103,0.00379600281139862,0.0142254836064754
"chr14:103522505:103522766:clu_20368:ENSG00000166165.12",0.00548832009841537,0.00367582317271883,0.135414678100781
"chr14:22908380:22909483:clu_18941:ENSG00000100461.17",-0.0060124134828858,0.00384600174095674,0.117984556969122
"chr14:88634489:88638809:clu_20066:ENSG00000165521.15",0.00233383026495577,0.00306940686491204,0.447044086838774
"chr14:59460592:59460972:clu_19557:ENSG00000126790.11",-0.00513348174358712,0.00553375837474321,0.353580639574547
"chr14:59460592:59460972:clu_19557:ENSG00000181619.11",-0.00513348174358712,0.00553375837474321,0.353580639574547
"chr14:88505371:88507923:clu_20053:ENSG00000070778.12",-0.00402286389105352,0.00303784643484517,0.185420494660279
"chr14:67581038:67582069:clu_19695:ENSG00000054690.13",-0.00716740212873916,0.00834298349164161,0.390288983369988
"chr14:67593947:67600024:clu_19700:ENSG00000100564.8",0.0144623884021303,0.00485199107524138,0.00287579034252894
"chr14:24161338:24162144:clu_19062:ENSG00000213928.8",-0.00125875150252756,0.0032566727710646,0.69911560802988
"chr14:24190653:24192648:clu_19083:ENSG00000100926.14",-0.00222272280185578,0.00433561422269109,0.608184847672216
"chr14:24103255:24103842:clu_19040:ENSG00000100889.11",-0.00258300527978287,0.00297191389203565,0.384771289224562
"chr14:64188708:64190071:clu_19626:ENSG00000054654.16",0.0137888786933943,0.00580723629471161,0.0175760470447905
"chr14:39279537:39291019:clu_19303:ENSG00000150527.16",0.00454092449693061,0.00457809636425704,0.321255823993551
"chr14:39291096:39293271:clu_19303:ENSG00000150527.16",-0.00493597657859465,0.00523127771261286,0.345399214106186
"chr14:30919106:30929201:clu_19176:ENSG00000196792.11",0.00368493823397438,0.00466274043748878,0.429355784172268
"chr14:63686656:63698569:clu_19619:ENSG00000126821.7",-0.0136260183695477,0.00414435061853595,0.00100954299274025
"chr14:64704704:64727593:clu_19650:ENSG00000126822.16",-0.00182230474566886,0.00445807327695291,0.682712057847969
"chr14:23557228:23558695:clu_18999:ENSG00000259431.5",-0.0105345815250215,0.00314851899142615,0.000820204937643343
"chr14:22875245:22875355:clu_18930:ENSG00000197324.8",0.00821942844940524,0.00475366249224103,0.0837960690503824
"chr14:23347731:23347891:clu_18983:ENSG00000092096.16",-0.0130628930185475,0.00551525893072946,0.0178603607652115
"chr14:24001084:24001384:clu_19027:ENSG00000187630.15",0.00574730342878289,0.00321914073317069,0.0742040336226261
"chr14:24115749:24116917:clu_19042:ENSG00000100897.17",-0.00634250810457133,0.00326920639659143,0.0523704826717213
"chr14:22905012:22905094:clu_18938:ENSG00000100461.17",-0.0082522023425886,0.003207311150456,0.0100840214542689
"chr14:22876818:22876976:clu_18931:ENSG00000197324.8",-0.00185441737578062,0.00289020662557087,0.521119269627223
"chr14:22876818:22876940:clu_18931:ENSG00000197324.8",0.00224525168807505,0.00280189918153514,0.422939426108408
"chr14:67360456:67364767:clu_19682:ENSG00000134001.12",0.00799410591271296,0.00522213897164194,0.125816198658647
"chr14:20452448:20454565:clu_18851:ENSG00000092094.10",0.00403409955545891,0.00316440551385267,0.202367129164563
"chr14:20452448:20454569:clu_18851:ENSG00000092094.10",-0.00408884431226721,0.00312781218681677,0.191126535113301
"chr14:57589510:57593939:clu_19523:ENSG00000151812.14",0.00116887282832574,0.00372473181796452,0.753662343797654
"chr14:57566564:57569788:clu_19521:ENSG00000151812.14",0.0056256988825167,0.00317117194988599,0.0760610720829187
"chr14:58351323:58353658:clu_19538:ENSG00000032219.18",0.00285945929835774,0.00352496583721641,0.417249683584941
"chr14:57569980:57571894:clu_19521:ENSG00000151812.14",-0.00682654770567451,0.00323505413515243,0.0348428233886986
"chr14:75803253:75820007:clu_19956:ENSG00000119685.19",0.00220309680392791,0.00370380509592376,0.551963895253008
"chr14:75030702:75032068:clu_19920:ENSG00000119684.15",0.00929099640370954,0.00366898876192054,0.0113315570130652
"chr14:105210588:105211122:clu_20458:ENSG00000185024.16",-0.00388777630432236,0.00494116871220436,0.431391279899904
"chr14:105219232:105220069:clu_20461:ENSG00000185024.16",-0.013677220255937,0.00605245803265217,0.0238349427239442
"chr14:104792722:104793127:clu_20430:ENSG00000142208.15",0.00613452106727948,0.00393375680403689,0.118888465831339
"chr14:103105072:103106785:clu_20348:ENSG00000205436.7",0.00534903676011403,0.00421356671230438,0.204270080869431
"chr14:104776770:104780088:clu_20429:ENSG00000142208.15",0.00134440336406048,0.0036492838359077,0.712573526745379
"chr14:68900946:68902477:clu_19726:ENSG00000072110.13",-0.00242700809489902,0.00386165747521043,0.529683845429838
"chr14:45096492:45096596:clu_19326:ENSG00000185246.17",0.00525328845989771,0.00474630157177047,0.268372948002076
"chr14:103587364:103590181:clu_20370:ENSG00000258851.1",-0.00483099002454001,0.00349597919017381,0.1670115100723
"chr14:103587364:103590181:clu_20370:ENSG00000256053.7",-0.00483099002454001,0.00349597919017381,0.1670115100723
"chr14:88396203:88415205:clu_20048:ENSG00000042317.16",-0.000622680471901194,0.00541830368915897,0.908507214072645
"chr14:88468265:88468916:clu_20049:ENSG00000070778.12",-0.00863468406715444,0.00417563062031535,0.0386517360573303
"chr14:58512627:58547781:clu_19550:ENSG00000100578.14",-0.00125132498068925,0.00485020912648825,0.796411517569005
"chr14:105391249:105391631:clu_20476:ENSG00000179364.13",-0.00457223056737271,0.00442939467026736,0.301956294850545
"chr14:105391249:105391500:clu_20476:ENSG00000179364.13",0.00732505223837113,0.00473652536400466,0.121983056977022
"chr14:102952603:102954602:clu_20342:ENSG00000198752.10",0.0156097899561023,0.00490553655860783,0.00146223462574058
"chr14:56634952:56636508:clu_19512:ENSG00000070269.13",-0.00577671029300933,0.00324947759681503,0.0754473764381315
"chr14:37682964:37696695:clu_19275:ENSG00000139865.16",0.00945021314625053,0.00643201481419624,0.141766030883956
"chr14:90397154:90400065:clu_20091:ENSG00000198668.10",-0.00421298987805297,0.00429333969875959,0.326452214012217
"chr14:91114994:91157639:clu_20100:ENSG00000133943.20",-0.00173360342943619,0.00365270103876495,0.635065955190895
"chr14:45235944:45237648:clu_19338:ENSG00000129534.13",-0.0131865541658096,0.00671895739025505,0.0496939100958005
"chr14:69399465:69424094:clu_19743:ENSG00000029364.11",-0.00148503328247409,0.00437487186836618,0.734273679773707
"chr14:23093544:23094975:clu_18967:ENSG00000100813.14",-0.00854054604180282,0.00319125077580966,0.0074453791244744
"chr14:23090633:23093479:clu_18967:ENSG00000100813.14",0.00877803649198778,0.00315935904540887,0.00546234229840292
"chr14:61744813:61746934:clu_19607:ENSG00000100644.16",-0.00472868703716743,0.0055257925381859,0.392137071082509
"chr14:55386096:55390911:clu_19495:ENSG00000126775.8",0.00759925462565875,0.0041563965158282,0.0675003942427874
"chr14:55382191:55385859:clu_19495:ENSG00000126775.8",-0.00796922070642958,0.00396447996332176,0.0444147468011029
"chr14:34713136:34713397:clu_19217:ENSG00000165410.14",0.00462595598122891,0.00387771175695538,0.232884941635286
"chr14:51860790:51877617:clu_19433:ENSG00000186469.8",-0.000897946321235732,0.00298797107862954,0.763780223510056
"chr14:100298885:100304635:clu_20280:ENSG00000197119.12",-0.00187812124373422,0.00265884385658202,0.479959543268229
"chr14:20354247:20354809:clu_18835:ENSG00000129484.13",0.00720055215576968,0.00333152279532546,0.0306691158499025
"chr14:24236140:24237042:clu_19093:ENSG00000100938.17",-0.00476899993786116,0.00323622216088755,0.140580750356147
"chr14:24270998:24271113:clu_19104:ENSG00000100949.14",-0.00307743018239431,0.00330217495394888,0.351367337625668
"chr14:24271169:24271487:clu_19104:ENSG00000100949.14",0.00704700524042764,0.00373945862198446,0.0594975386138346
"chr14:24183161:24183250:clu_19076:ENSG00000196497.16",-0.00213900375260332,0.00441706173382994,0.628201771605559
"chr14:91972861:91974627:clu_20135:ENSG00000100815.12",0.00369276847217921,0.00380809793627332,0.332188731009781
"chr14:91473370:91475850:clu_20119:ENSG00000100796.17",0.00183093067228958,0.00363897927162291,0.614863016898554
"chr14:91473370:91475811:clu_20119:ENSG00000100796.17",-0.00277964853252951,0.00366606266161117,0.448324759397208
"chr14:74011150:74015824:clu_19857:ENSG00000187097.12",0.00279267781068659,0.00398141354020584,0.483035502733343
"chr14:75107755:75109685:clu_19932:ENSG00000119638.12",-0.00499179947683652,0.0046508991253898,0.283137553077465
"chr14:73923522:73924702:clu_19845:ENSG00000119725.18",-0.00358646097638501,0.00578007502578505,0.53493725983533
"chr14:75086921:75087018:clu_19926:ENSG00000119638.12",-0.0115555518492381,0.00512679749839357,0.0241992323181619
"chr14:39158402:39159483:clu_19293:ENSG00000182400.14",-0.00899585356470744,0.00470325798826352,0.0557883209108603
"chr14:49628155:49633287:clu_19344:ENSG00000165506.14",-0.00575788388468421,0.00456254353407545,0.206952418640834
"chr14:88843850:88852971:clu_20072:ENSG00000165533.18",-0.000865437022824009,0.00429457913714816,0.840293187632098
"chr14:88517261:88550238:clu_20054:ENSG00000070778.12",-0.00475627288914104,0.00287335955176002,0.0978636008687386
"chr14:45022973:45025783:clu_19321:ENSG00000198718.12",0.00735829653375574,0.00542874164876713,0.17527958563465
"chr14:54537829:54538063:clu_19482:ENSG00000100532.11",-0.00470843450904,0.00394148006356585,0.232249059220847
"chr14:31123047:31127785:clu_19184:ENSG00000092148.12",0.00958948812786958,0.00726865671456737,0.187071167701456
"chr14:105352467:105355052:clu_20467:ENSG00000179364.13",-0.000411198621594139,0.00493786177822419,0.933633171087958
"chr14:24442452:24442754:clu_19143:ENSG00000100445.17",0.00456116496341775,0.00342511664095908,0.18296482320836
"chr14:24231737:24232250:clu_19090:ENSG00000129559.12",-0.0126207189809891,0.00418269639181227,0.00254983133172371
"chr14:100293377:100294917:clu_20280:ENSG00000197119.12",-0.00522859660455346,0.00289896113340962,0.0712923961595489
"chr14:24177541:24177814:clu_19069:ENSG00000100918.12",-0.00030089093890298,0.00454027258467592,0.947161626688229
"chr14:24177541:24177709:clu_19069:ENSG00000100918.12",0.00173853543807465,0.00393186118667877,0.658369068297892
"chr14:30885041:30885394:clu_19175:ENSG00000100473.15",0.00296337809362932,0.00389108442288728,0.446309791780085
"chr14:71699127:71702381:clu_19778:ENSG00000197555.9",0.00745940056508088,0.00375080351105722,0.046729096118724
"chr14:96316683:96317145:clu_20232:ENSG00000066739.11",0.00569457370546893,0.00366658917616317,0.120399633356287
"chr14:58291707:58293314:clu_19531:ENSG00000257621.7",0.0016226688202824,0.0043559518680002,0.709507496026684
"chr14:58267393:58273479:clu_19531:ENSG00000257621.7",-0.00317963289581523,0.00399459574649101,0.426041539648068
"chr14:102889634:102891325:clu_20332:ENSG00000131323.14",-0.00214146583224042,0.00423072608088322,0.612737444067111
"chr14:102876525:102886189:clu_20332:ENSG00000131323.14",0.00832878951252681,0.00418571088555939,0.0466113393293385
"chr14:103487707:103491777:clu_20362:ENSG00000075413.17",-0.00969971168032882,0.00468494902700889,0.0384150373651484
"chr14:37823957:37826195:clu_19281:ENSG00000139865.16",0.00310262075879735,0.0071438626544717,0.664066415624975
"chr14:102497120:102497570:clu_20329:ENSG00000196663.15",-0.0106892292614797,0.00413523362483002,0.0097402881298756
"chr14:102497120:102497469:clu_20329:ENSG00000196663.15",0.00314048373579701,0.00416860518208741,0.451230249642131
"chr14:92676606:92684987:clu_20158:ENSG00000100599.15",0.000232627549237463,0.00351072212291485,0.947169218187604
"chr14:93212127:93214929:clu_20179:ENSG00000012963.14",0.00513503141084838,0.00323501029492741,0.112437747798621
"chr14:92659469:92676475:clu_20158:ENSG00000100599.15",0.00156068589878815,0.00312487074778243,0.617469343811925
"chr14:35046954:35053278:clu_19234:ENSG00000151327.12",-0.00285184624089401,0.00407259762331829,0.483769695509683
"chr14:73237592:73239773:clu_19805:ENSG00000100767.15",0.00687334190651141,0.00566505677297351,0.225019965043224
"chr14:93296157:93332820:clu_20184:ENSG00000011114.14",0.00429380372832876,0.00317485972869188,0.176234959467959
"chr14:99410215:99412951:clu_20252:ENSG00000183576.12",-0.00664159918606903,0.00281227183310167,0.0181938551301716
"chr14:103533518:103534550:clu_20367:ENSG00000166166.12",-0.00301875561407123,0.00407566341196146,0.458888494925961
"chr14:63698658:63727261:clu_19619:ENSG00000126821.7",0.0129492048416638,0.00470175857756272,0.00588502814120817
"chr14:101762970:101765154:clu_20300:ENSG00000078304.19",-0.00200703387304618,0.00272387024153961,0.461224718141006
"chr14:77458269:77459616:clu_20010:ENSG00000100591.7",0.00412938645023419,0.00336348760963715,0.219555954214422
"chr14:77457982:77459616:clu_20010:ENSG00000100591.7",-0.00490144847167839,0.00371585067716549,0.187147392088136
"chr14:23383320:23384442:clu_18992:ENSG00000197616.11",-0.00636872390592734,0.00332092995095443,0.0551423176481728
"chr14:23131557:23137921:clu_18970:ENSG00000092068.19",-0.00413988072705017,0.00502147846844648,0.409692646638248
"chr14:23140624:23143079:clu_18971:ENSG00000092068.19",-0.00538744432238011,0.00291178320580006,0.0642816100338626
"chr14:96556413:96564955:clu_20244:ENSG00000090060.17",-0.00223585626838072,0.00375914851534049,0.551992331742548
"chr14:100132779:100133047:clu_20272:ENSG00000196405.12",-3.49085731727524e-05,0.00296776129791766,0.990615023747709
"chr14:100139369:100141180:clu_20274:ENSG00000196405.12",0.00227513435730089,0.00431370939007107,0.597902319814644
"chr14:58215284:58219694:clu_19529:ENSG00000131966.13",-0.00652066729872897,0.00405383375572222,0.107721629625846
"chr14:58512627:58540071:clu_19550:ENSG00000100578.14",0.00184573497980033,0.00367781364375991,0.615768409381251
"chr14:74050195:74055194:clu_19861:ENSG00000119636.15",-0.000417167387966011,0.00493691733600573,0.932659245362876
"chr14:77755120:77761114:clu_20024:ENSG00000100603.13",-0.00322269261439499,0.00537442936647908,0.548749930204179
"chr14:100274758:100276490:clu_20278:ENSG00000100811.12",-0.00679772492979201,0.00291162403061429,0.0195598827999384
"chr14:100346846:100353687:clu_20281:ENSG00000140105.17",0.00288839667356077,0.00305710169876451,0.344753143440562
"chr14:24433032:24436068:clu_19140:ENSG00000100441.9",-0.00324550323093103,0.00397696622265773,0.414457166556845
"chr14:103107783:103108396:clu_20349:ENSG00000205436.7",0.00104664752555237,0.00406458217244243,0.796789469991791
"chr14:103107543:103107631:clu_20349:ENSG00000205436.7",0.0124165128123732,0.00412138320723862,0.00258930275274361
"chr14:37817651:37823747:clu_19281:ENSG00000139865.16",-0.0191224734073011,0.00581610409377148,0.00100955886990572
"chr14:37422949:37499908:clu_19269:ENSG00000151338.18",-0.0116565988103652,0.00482644632944272,0.0157286685368939
"chr14:30622399:30628209:clu_19163:ENSG00000092108.20",-0.000423938251038143,0.00448530015846624,0.924698277675929
"chr14:50174552:50180572:clu_19380:ENSG00000100485.11",-0.0185694011098439,0.00469761531596838,7.71961381939024e-05
"chr14:50161609:50174454:clu_19380:ENSG00000100485.11",0.0197221627847411,0.00477367028682665,3.60487799154763e-05
"chr14:75004900:75005900:clu_19918:ENSG00000119718.10",-0.00934591834447288,0.00486319421537929,0.0546352846662614
"chr14:63205047:63269110:clu_19610:ENSG00000126785.12",0.0102822698837046,0.00468961114012115,0.0283388484103899
"chr14:64168971:64170228:clu_19625:ENSG00000054654.16",-0.00990190190917943,0.00548880659172737,0.0712285988978348
"chr14:73114333:73119713:clu_19800:ENSG00000119707.13",0.00454542455241066,0.00340061342495397,0.18133742679932
"chr14:73112250:73114286:clu_19800:ENSG00000119707.13",-0.00146131030532499,0.00326466660489499,0.654431835661907
"chr14:64729093:64730243:clu_19651:ENSG00000126822.16",-0.00353749219906037,0.00404130651505436,0.381392306930063
"chr14:77074598:77076105:clu_19984:ENSG00000258819.1",0.00131533569953358,0.00330048861923658,0.690241341993332
"chr14:77710896:77715772:clu_20021:ENSG00000119705.9",-0.00278492245534714,0.00491961934919769,0.571336036111212
"chr14:77715879:77717496:clu_20021:ENSG00000119705.9",0.00339486035281549,0.00448421590250346,0.449008591487182
"chr14:105466578:105469467:clu_20485:ENSG00000182979.17",0.00133955652165916,0.00736302191209911,0.855637453440098
"chr14:105445511:105445667:clu_20480:ENSG00000182979.17",-0.00492842152066623,0.00447198671966971,0.270433270610751
"chr14:74685660:74692041:clu_19894:ENSG00000119682.16",0.00584399255469885,0.00426426908322057,0.170544645023192
"chr14:73088161:73088370:clu_19796:ENSG00000119707.13",0.0181342089483737,0.00331257290837154,4.39101364158034e-08
"chr14:73100362:73103192:clu_19797:ENSG00000119707.13",-0.0136670388149249,0.00452650712986454,0.00253330720427447
"chr14:85561289:85562699:clu_20041:ENSG00000185070.10",0.00447070000677911,0.00397176343238436,0.260326009487143
"chr14:21493257:21495229:clu_18906:ENSG00000092203.13",-0.00148699901367415,0.00277990555701707,0.592712159678191
"chr14:103728983:103729155:clu_20388:ENSG00000100711.13",0.0011502816228153,0.00467777670939899,0.805756941392396
"chr14:103728983:103729091:clu_20388:ENSG00000100711.13",-0.00339483623648516,0.00443079734550633,0.443562771802876
"chr14:102954688:102959631:clu_20343:ENSG00000198752.10",0.0085355194441762,0.00352622186743023,0.0154955599367295
"chr14:64990109:65004249:clu_19658:ENSG00000257365.7",-0.0112087589596201,0.00474191886382509,0.0180905192339766
"chr14:64458307:64459759:clu_19645:ENSG00000100714.15",0.00766243240502502,0.00560194506661269,0.171369548956838
"chr14:64990109:65004249:clu_19658:ENSG00000258289.8",-0.012029534134659,0.0048796419578388,0.0136917934684992
"chr14:71034036:71036065:clu_19766:ENSG00000100731.15",0.00173045495522919,0.00413864872611261,0.675858826461629
"chr14:77105844:77109812:clu_19986:ENSG00000198894.7",0.000862470972706899,0.0034728627233789,0.803866842817747
"chr14:64926080:64932138:clu_19658:ENSG00000257365.7",-0.0110662116641512,0.00368487863303841,0.00267208227799143
"chr14:64926080:64932138:clu_19658:ENSG00000258289.8",-0.0114286049072644,0.0037777111147348,0.00248409345833389
"chr14:71624236:71650335:clu_19776:ENSG00000197555.9",-0.0165861305852301,0.00343487644149386,1.37398597999105e-06
"chr14:81506241:81526733:clu_20039:ENSG00000071537.13",-0.006240292821662,0.00590144643472347,0.290321081558786
"chr14:89971271:89975781:clu_20083:ENSG00000042088.13",-0.00364480992990892,0.00349632262470292,0.297194028289515
"chr14:67692593:67692934:clu_19707:ENSG00000072042.12",0.00247298735209143,0.0045010642478007,0.582715326202013
"chr14:22604079:22606422:clu_18919:ENSG00000100439.10",0.00249232088055109,0.00325794342458398,0.444272611894684
"chr14:94615084:94619195:clu_20201:ENSG00000196136.17",-0.000635571981873031,0.00335719064009896,0.849844670640033
"chr14:59484593:59486713:clu_19561:ENSG00000050130.17",0.0162784902759313,0.0044335773629926,0.000241001066502156
"chr14:91608404:91617597:clu_20121:ENSG00000133962.7",0.00169771856822116,0.00296696936537097,0.567182218664857
"chr14:100295993:100298842:clu_20280:ENSG00000197119.12",0.00217530364522209,0.00341370375936994,0.523977099950248
"chr14:24232847:24233219:clu_19091:ENSG00000100938.17",0.00639278456243408,0.0029113193793162,0.0281035692630416
"chr14:24266889:24267687:clu_19100:ENSG00000100949.14",0.00875618807819254,0.00346589838108811,0.0115243641814365
"chr14:34969307:34971942:clu_19227:ENSG00000258704.6",0.000456238496458151,0.00345783711876794,0.895029126708626
"chr14:92093318:92096093:clu_20148:ENSG00000066427.21",-0.00644838501457177,0.00363033818638442,0.0756918651095202
"chr14:92011795:92014215:clu_20139:ENSG00000100815.12",-0.00412352258586807,0.00329959270796729,0.211406767465773
"chr14:91669972:91672867:clu_20123:ENSG00000133962.7",-0.00537886841650161,0.00335281852750025,0.108651775245814
"chr14:103754244:103757650:clu_20396:ENSG00000088808.16",-0.0108504871100895,0.00384346647335452,0.00475618534060096
"chr14:67794239:67797672:clu_19713:ENSG00000072121.15",0.00923510130492054,0.00384729990797748,0.0163766693012304
"chr14:37754794:37787468:clu_19279:ENSG00000139865.16",0.000913498220146865,0.00587931514032411,0.876525741493877
"chr14:72978044:72978137:clu_19794:ENSG00000165861.13",0.00839548684328659,0.00420107634926227,0.0456718710930345
"chr14:72939902:72940252:clu_19787:ENSG00000119599.16",-0.00389607340691021,0.00456417807363366,0.393315607322536
"chr14:72978234:72978861:clu_19794:ENSG00000165861.13",-0.00878699964822967,0.00442417873900686,0.0470187521919396
"chr14:72939902:72940220:clu_19787:ENSG00000119599.16",0.00273445189935622,0.00395702086274746,0.489541642563698
"chr14:41888010:41891250:clu_19309:ENSG00000165379.13",-0.00433901601829056,0.00578626532645358,0.453325796864478
"chr14:105095768:105098473:clu_20446:ENSG00000257556.1",0.00324067214581242,0.00387275311853649,0.402711916627548
"chr14:105449409:105450058:clu_20480:ENSG00000182979.17",-0.00446207438007586,0.00487546987143882,0.360081869673634
"chr14:23298917:23299401:clu_18974:ENSG00000235194.8",-0.0152959096283737,0.00316865147584837,1.38423232487472e-06
"chr14:24269401:24269491:clu_19102:ENSG00000100949.14",-0.00919210995420951,0.00335169294873173,0.00609683517112558
"chr14:24300857:24301570:clu_19109:ENSG00000196943.12",0.00121074056553243,0.00413420595726616,0.769629717385076
"chr14:23954033:23954125:clu_19022:ENSG00000215256.3",-0.00343076844478091,0.00324980565703665,0.291112523723942
"chr14:105856217:105864215:clu_20498:ENSG00000240041.1",-0.00280107081961429,0.00709496063074147,0.692992537735318
"chr14:105856217:105864215:clu_20498:ENSG00000242887.1",-0.00280107081961429,0.00709496063074147,0.692992537735318
"chr14:105856217:105864215:clu_20498:ENSG00000211904.2",-0.00280107081961429,0.00709496063074147,0.692992537735318
"chr14:105856217:105864215:clu_20498:ENSG00000211905.1",-0.00280107081961429,0.00709496063074147,0.692992537735318
"chr14:105856217:105864215:clu_20498:ENSG00000211897.8",-0.00379712677917902,0.00707065396702632,0.591249482532205
"chr14:105856217:105864215:clu_20498:ENSG00000211900.2",-0.00280107081961429,0.00709496063074147,0.692992537735318
"chr14:105856217:105864215:clu_20498:ENSG00000242472.1",-0.00280107081961429,0.00709496063074147,0.692992537735318
"chr14:101917947:101925141:clu_20302:ENSG00000078304.19",-0.0103931120289499,0.00342247998594854,0.00239167830366516
"chr14:105743070:105863198:clu_20498:ENSG00000211897.8",-0.00303161069360035,0.00494089664843194,0.539496203619566
"chr14:105743070:105863198:clu_20498:ENSG00000211905.1",-0.0006420161294431,0.0052320614939776,0.902338279072447
"chr14:105743070:105863198:clu_20498:ENSG00000240041.1",-0.0006420161294431,0.0052320614939776,0.902338279072447
"chr14:105743070:105863198:clu_20498:ENSG00000211904.2",-0.0006420161294431,0.0052320614939776,0.902338279072447
"chr14:105743070:105863198:clu_20498:ENSG00000242472.1",-0.0006420161294431,0.0052320614939776,0.902338279072447
"chr14:105743070:105863198:clu_20498:ENSG00000242887.1",-0.0006420161294431,0.0052320614939776,0.902338279072447
"chr14:105743070:105863198:clu_20498:ENSG00000211900.2",-0.0006420161294431,0.0052320614939776,0.902338279072447
"chr14:34524807:34529358:clu_19211:ENSG00000129518.8",0.00215418262547906,0.0032719945778374,0.510300495051058
"chr14:88596808:88607243:clu_20058:ENSG00000100722.18",0.00368008278901754,0.00459091595994152,0.422783803447609
"chr14:88872452:88877294:clu_20075:ENSG00000165533.18",-0.00595667472344442,0.00469003296873105,0.204059351114833
"chr14:52708816:52711101:clu_19455:ENSG00000100519.11",-0.0096705678894455,0.00456820759022972,0.0342659341436072
"chr14:52708816:52709575:clu_19455:ENSG00000100519.11",0.0049021282511473,0.00511990342980029,0.338332612573075
"chr14:35124231:35126735:clu_19241:ENSG00000100890.15",0.00013582205399357,0.00428413893664392,0.974708530646216
"chr14:88573007:88574693:clu_20057:ENSG00000100722.18",0.00439030577793693,0.00530799463330831,0.408173613082095
"chr14:58641747:58645369:clu_19552:ENSG00000165617.14",-0.00265586570420175,0.0030362491563031,0.381726661949234
"chr14:58641747:58645258:clu_19552:ENSG00000165617.14",0.00692976065503472,0.00309937142635288,0.0253609419769291
"chr14:20350622:20351047:clu_18833:ENSG00000129484.13",0.00553074849213034,0.0028074207984985,0.048833083431963
"chr14:102221658:102222830:clu_20310:ENSG00000140153.17",-0.00892904694585218,0.00408717612967125,0.0289145617004748
"chr14:90593626:90610742:clu_20092:ENSG00000165914.14",-0.00300506380597433,0.00538847701334699,0.577060642637682
"chr14:34713561:34714538:clu_19218:ENSG00000165410.14",-0.00268794126828309,0.00453413853570498,0.553299663876408
"chr14:65006284:65093708:clu_19662:ENSG00000125952.18",-0.00985955266550311,0.0058310302854888,0.0908603732706362
"chr14:64939838:64942505:clu_19659:ENSG00000176153.11",0.00591143966008494,0.0053070292554708,0.265326958613565
"chr14:24139476:24140247:clu_19048:ENSG00000259321.1",0.00215137326512159,0.00487554597368105,0.659026287722875
"chr14:23955212:23965762:clu_19024:ENSG00000157326.18",0.00746372084940263,0.00323982371550454,0.0212370806816367
"chr14:105708664:105864215:clu_20498:ENSG00000242887.1",0.00539382881726054,0.00506813047359451,0.287209120876384
"chr14:105708664:105864215:clu_20498:ENSG00000211900.2",0.00539382881726054,0.00506813047359451,0.287209120876384
"chr14:105708664:105864215:clu_20498:ENSG00000211904.2",0.00539382881726054,0.00506813047359451,0.287209120876384
"chr14:105708664:105864215:clu_20498:ENSG00000211905.1",0.00539382881726054,0.00506813047359451,0.287209120876384
"chr14:105708664:105864215:clu_20498:ENSG00000211897.8",0.00739968732243931,0.0049504393651311,0.134978746248285
"chr14:105708664:105864215:clu_20498:ENSG00000242472.1",0.00539382881726054,0.00506813047359451,0.287209120876384
"chr14:105445511:105449359:clu_20480:ENSG00000182979.17",0.00921470207014052,0.00576635368871274,0.110040318866937
"chr14:105708664:105864215:clu_20498:ENSG00000240041.1",0.00539382881726054,0.00506813047359451,0.287209120876384
"chr14:101786183:101836169:clu_20300:ENSG00000078304.19",-0.00156044574846604,0.00400771138324941,0.697009258652055
"chr14:44934558:44945030:clu_19318:ENSG00000179454.13",-0.00362547322012019,0.006892583554649,0.598890800630525
"chr14:73884127:73892027:clu_19840:ENSG00000119725.18",-0.00282549814123377,0.0055890293013808,0.613177064908486
"chr14:74946408:74948507:clu_19915:ENSG00000119630.13",-0.00148404526135587,0.00409698857431452,0.717181423106412
"chr14:76195972:76229808:clu_19970:ENSG00000089916.17",0.00260340957727383,0.00357610266163697,0.466612415510479
"chr14:50312389:50321483:clu_19383:ENSG00000125375.14",-0.0120986581441353,0.00418422022898514,0.00383411864193439
"chr14:75095431:75097100:clu_19928:ENSG00000119638.12",0.00796484916211195,0.00415075736961337,0.0549981846948605
"chr14:74894409:74898369:clu_19907:ENSG00000119689.14",0.0107753024297557,0.00459491025673716,0.0190244378455225
"chr14:100137644:100137740:clu_20274:ENSG00000196405.12",0.00285922569390484,0.00313854647713309,0.362293719521151
"chr14:37827366:37837322:clu_19281:ENSG00000139865.16",-0.019322748797883,0.00701091539142435,0.00584960059652273
"chr14:37788439:37790717:clu_19280:ENSG00000139865.16",0.0214842667175726,0.00505608181574217,2.14542156887765e-05
"chr14:21431858:21436901:clu_18901:ENSG00000100888.12",0.00352870439960681,0.00268749686149339,0.189180312587926
"chr14:77822518:77827854:clu_20025:ENSG00000063761.15",-0.000512787872254726,0.00323656231449816,0.874113276013307
"chr14:29636494:29638489:clu_19156:ENSG00000184304.14",-0.00100264272737584,0.00392665386955269,0.798458358665589
"chr14:39118599:39122430:clu_19296:ENSG00000092208.16",0.00542398581252188,0.00389762058815653,0.164039127792239
"chr14:39132068:39136440:clu_19298:ENSG00000092208.16",-0.01359064284154,0.00540368423507536,0.0119008831288656
"chr14:52646461:52652239:clu_19450:ENSG00000197930.12",-0.000605049172934735,0.00401636267189743,0.880254933042468
"chr14:52652308:52653069:clu_19450:ENSG00000197930.12",-0.00164057249236003,0.00404465933197479,0.685025869534876
"chr14:23308199:23319735:clu_18978:ENSG00000129473.9",-0.00870943500710186,0.00435126513816462,0.0453291862970888
"chr14:23033674:23034684:clu_18954:ENSG00000100804.18",-0.00259211524279249,0.0035620330275303,0.466793157871923
"chr14:23308199:23319735:clu_18978:ENSG00000258643.5",-0.00819466289894313,0.00451558786231175,0.069562343323966
"chr14:35023080:35028088:clu_19232:ENSG00000100883.11",-0.000859874372973405,0.00315795217276388,0.785400121809827
"chr14:103498528:103502882:clu_20362:ENSG00000075413.17",0.0142467772922909,0.00552506902662931,0.00992101940587831
"chr14:105241414:105247071:clu_20464:ENSG00000185024.16",-0.0126852608986628,0.00475360223939811,0.00761777385161821
"chr14:91283517:91289105:clu_20112:ENSG00000015133.18",0.00196288535259047,0.00248166498614078,0.428970246008092
"chr14:77694900:77704369:clu_20018:ENSG00000100601.9",0.00906876098489355,0.00460645028828246,0.0489864961514497
"chr14:74942733:74946379:clu_19914:ENSG00000119630.13",-0.00441998534488224,0.00398780669734301,0.267699886640906
"chr14:75088641:75091270:clu_19927:ENSG00000119638.12",-0.00164134250879637,0.00313412922253503,0.600487429831437
"chr14:75088588:75091270:clu_19927:ENSG00000119638.12",0.00202526143030575,0.00331590164487672,0.541350222869865
"chr14:105383513:105384353:clu_20473:ENSG00000179364.13",0.011457064396895,0.00539433805856264,0.0336780444576565
"chr14:105466742:105469467:clu_20485:ENSG00000182979.17",0.00674667170600301,0.00549488049056754,0.219518130649828
"chr14:105212164:105217544:clu_20459:ENSG00000185024.16",-0.0031237574645412,0.00406556362973267,0.44228195778488
"chr14:93220411:93222313:clu_20182:ENSG00000012963.14",-0.00134339933795872,0.00325037010194873,0.679382012421794
"chr14:50429256:50434394:clu_19389:ENSG00000012983.11",0.00130467249534526,0.00411828972002465,0.751395675231156
"chr14:50429260:50434394:clu_19389:ENSG00000012983.11",-0.00221959530398239,0.00407735125916099,0.58618560350946
"chr14:67388302:67390663:clu_19685:ENSG00000100558.8",-0.0219260423072834,0.00747942743144983,0.00337314731251914
"chr14:50760359:50761790:clu_19414:ENSG00000100503.23",-0.00151512948143687,0.00390885480203465,0.698301207746167
"chr14:24160407:24160520:clu_19061:ENSG00000092098.16",-0.00402885801969564,0.00339362838604425,0.235155434303894
"chr14:37592711:37594076:clu_19273:ENSG00000129514.5",-0.00778518470328197,0.0054497462156119,0.15313626594696
"chr14:22831037:22833418:clu_18928:ENSG00000172590.18",-0.00360961611806624,0.0032875521039651,0.272219909289672
"chr14:37749843:37751053:clu_19279:ENSG00000139865.16",0.00130069571159717,0.00479208738837385,0.786063631884106
"chr14:23349426:23351752:clu_18985:ENSG00000092096.16",0.00420677280944701,0.00343061192995343,0.220106263294419
"chr14:95112247:95113092:clu_20209:ENSG00000100697.14",-0.0174025514319323,0.0039293913406808,9.47517930272035e-06
"chr14:22904326:22904875:clu_18937:ENSG00000100461.17",-0.00778287511068356,0.00354336788068467,0.0280588476004444
"chr14:64731169:64731361:clu_19652:ENSG00000126822.16",-0.00675605448641225,0.00538155159311591,0.209329907025842
"chr14:105384463:105384879:clu_20474:ENSG00000179364.13",-0.004607105881053,0.00425630001586557,0.279065776505944
"chr14:105384463:105384884:clu_20474:ENSG00000179364.13",0.00634318341922068,0.00444117794463831,0.153215312666373
"chr14:96317855:96318234:clu_20233:ENSG00000066739.11",0.00025508433494525,0.00330237624263623,0.938430502904736
"chr14:75438121:75461430:clu_19938:ENSG00000140044.12",-0.00733427090793986,0.00520008792451631,0.158417808841568
"chr14:73266628:73266723:clu_19814:ENSG00000100767.15",0.0160631695567392,0.00411212791143186,9.37235110567425e-05
"chr14:101810036:101856686:clu_20300:ENSG00000078304.19",-0.00414712753494948,0.00425422423614831,0.329646678122469
"chr14:103746553:103749794:clu_20394:ENSG00000088808.16",0.0134020449873833,0.00503335652105904,0.00775290024973385
"chr14:61046167:61048151:clu_19589:ENSG00000139974.15",0.0255888478797716,0.00595311602409863,1.72038881152137e-05
"chr14:105493933:105495880:clu_20492:ENSG00000185347.17",0.00349632816695062,0.00552991319507007,0.527218739194984
"chr14:51725870:51727745:clu_19432:ENSG00000139926.15",-0.000163877874182521,0.0039226521271643,0.966676219100478
"chr14:24193269:24194675:clu_19084:ENSG00000100926.14",-0.000282459245769006,0.00362921207281964,0.937963792945976
"chr14:20406400:20407873:clu_18843:ENSG00000129566.12",0.0067778733521514,0.00314917202539751,0.0313759732959613
"chr14:55650418:55650569:clu_19502:ENSG00000126777.17",-0.0107316561769477,0.00403873303849861,0.00787964598725677
"chr14:81484397:81485672:clu_20037:ENSG00000071537.13",-0.00311902848121231,0.00341945477800204,0.361693946519692
"chr14:104756760:104759428:clu_20426:ENSG00000184990.12",0.00502878943451625,0.00327663811788934,0.124847567483537
"chr14:34996787:34999558:clu_19229:ENSG00000100883.11",-0.00834914228546177,0.00363634088040093,0.0216742520611376
"chr14:88578140:88601924:clu_20058:ENSG00000100722.18",0.00631808006929723,0.00436622247005949,0.147886907107135
"chr14:102195120:102197755:clu_20310:ENSG00000140153.17",0.00325678765611957,0.0036566384928017,0.373116587405808
"chr14:23564388:23564562:clu_19010:ENSG00000213983.11",-0.00926914599751714,0.00318041650681628,0.00356322661541097
"chr14:23348306:23349272:clu_18984:ENSG00000092096.16",-0.00153248294434956,0.00355453249197883,0.666370299170035
"chr14:23564388:23564506:clu_19010:ENSG00000213983.11",0.00284877425425338,0.00346458974831333,0.410932108782868
"chr14:45012075:45022910:clu_19321:ENSG00000198718.12",0.0129283579245634,0.00556243256892579,0.0201133120431337
"chr14:45218432:45223918:clu_19336:ENSG00000129534.13",0.00267147956339674,0.00566079152390142,0.636978995915288
"chr14:50118853:50120275:clu_19373:ENSG00000100485.11",-0.00267236646754364,0.0042332008403631,0.52785260614789
"chr14:50120384:50129961:clu_19373:ENSG00000100485.11",0.00540677522689421,0.00419668724304015,0.197626375920984
"chr14:58428463:58429363:clu_19545:ENSG00000100578.14",0.00267362453174489,0.00326523329254351,0.412891528781722
"chr14:60125251:60125637:clu_19571:ENSG00000126773.12",-0.00299235918309908,0.00551527557446964,0.587433876340184
"chr14:60124310:60125637:clu_19571:ENSG00000126773.12",0.00828597396409752,0.0056339958764563,0.141369566013569
"chr14:30581116:30586718:clu_19160:ENSG00000092140.14",-0.000593191381448017,0.00385284088441185,0.87763963787551
"chr14:45012075:45025783:clu_19321:ENSG00000198718.12",-0.00236921241374127,0.00526956577251506,0.652996747304671
"chr14:23965983:23967211:clu_19024:ENSG00000157326.18",0.00931512453898037,0.00374707992299941,0.0129199218619969
"chr14:24292701:24296509:clu_19107:ENSG00000157379.13",0.00198398383614178,0.0047841157361611,0.678359842791329
"chr14:66824566:66879939:clu_19675:ENSG00000171723.15",-0.00310344135507067,0.00514267718088755,0.546197365927826
"chr14:58247832:58252124:clu_19533:ENSG00000100567.12",-0.00338603504300227,0.00434728775098764,0.436047755732433
"chr14:49834449:49838139:clu_19365:ENSG00000165525.17",0.00295785393604651,0.00519846418073903,0.56936556310435
"chr14:45047024:45052436:clu_19324:ENSG00000198718.12",0.00960838710087238,0.00464766022177672,0.0387002390624313
"chr14:50456594:50461059:clu_19398:ENSG00000012983.11",-0.0106259452093543,0.00510554739718849,0.0374105867407917
"chr14:24413417:24414596:clu_19137:ENSG00000205978.5",-0.00421463865304109,0.0044213695068796,0.340467065006161
"chr14:58293926:58297955:clu_19531:ENSG00000257621.7",0.0154560015862974,0.00421419502549032,0.000244833284391066
"chr14:23306947:23307192:clu_18977:ENSG00000129473.9",-0.00854349635621781,0.00377215501716844,0.0235197531118891
"chr14:60268435:60282684:clu_19575:ENSG00000100614.17",-0.0102336588461544,0.00762769187124272,0.179710950036427
"chr14:72943096:72945888:clu_19789:ENSG00000119599.16",-0.00566778371521015,0.00375268830338627,0.130960192556006
"chr14:91940616:91942907:clu_20132:ENSG00000140092.14",-0.000263071934922116,0.00307917300085826,0.931914848680218
"chr14:24139854:24140247:clu_19048:ENSG00000259321.1",-0.00731460223014399,0.00316005779367415,0.0206290706067465
"chr14:24233598:24234107:clu_19092:ENSG00000100938.17",0.0103427301526595,0.00469967937791899,0.0277550720200387
"chr14:24812732:24819037:clu_19147:ENSG00000168952.15",0.00825560640276643,0.00367477977221288,0.024668280067265
"chr14:23630235:23638827:clu_19020:ENSG00000100867.14",0.0066715072460937,0.00332642560179989,0.0448980412272816
"chr14:24322708:24322904:clu_19120:ENSG00000129467.13",-0.00415429688332522,0.0032428852857552,0.200176246513731
"chr14:24099236:24099558:clu_19038:ENSG00000100889.11",0.00392718704056683,0.00307911734750255,0.20215841832645
"chr14:91787627:91797785:clu_20127:ENSG00000165929.12",0.00229017995341062,0.00429954895780281,0.594271825544891
"chr14:91723189:91725080:clu_20125:ENSG00000133962.7",-0.00458568136635744,0.00329235464396543,0.163672026648464
"chr14:24180572:24180689:clu_19073:ENSG00000196497.16",0.00543315683773708,0.0030717418053936,0.0769348693585229
"chr14:24266664:24266776:clu_19099:ENSG00000100949.14",0.0030122259237162,0.00444728396643036,0.498204149660882
"chr14:24180572:24180683:clu_19073:ENSG00000196497.16",-0.0043565365153157,0.00302514553552974,0.149836824731537
"chr14:24115726:24116917:clu_19042:ENSG00000100897.17",-0.00474599042881318,0.00354487811233762,0.180625905745945
"chr14:88841196:88843806:clu_20071:ENSG00000165533.18",0.00324854416814005,0.00458267566525622,0.478402056334071
"chr14:34575842:34586230:clu_19213:ENSG00000129515.18",-0.000804554733595444,0.00340056990002738,0.812971707231662
"chr14:103563124:103571623:clu_20370:ENSG00000258851.1",-0.0119463654908707,0.00446499774950734,0.00746047117807302
"chr14:103563124:103571623:clu_20370:ENSG00000256053.7",-0.0119463654908707,0.00446499774950734,0.00746047117807302
"chr14:103130124:103130315:clu_20352:ENSG00000185215.8",0.010593125576411,0.00359595600197506,0.00322074743696921
"chr14:75651889:75654886:clu_19944:ENSG00000133935.6",-0.00961952269895432,0.0033435713566385,0.004014497567426
"chr14:20449266:20451257:clu_18849:ENSG00000092094.10",0.00113040814758426,0.00292339102158078,0.698995325876699
"chr14:34529475:34533444:clu_19211:ENSG00000129518.8",-0.00366493464239847,0.00305755044499834,0.230663838348141
"chr14:22928615:22929167:clu_18945:ENSG00000100462.15",0.00305574827683794,0.00321212425141899,0.341443500193698
"chr14:54510063:54522454:clu_19480:ENSG00000100532.11",-0.00666166059753491,0.00473004264635966,0.159020884774614
"chr14:105474905:105478450:clu_20487:ENSG00000182809.10",-0.0127679945436369,0.0045868720563998,0.00537601009853628
"chr14:73264335:73264588:clu_19813:ENSG00000100767.15",-0.00301856761421977,0.00377535464169546,0.423974205431766
"chr14:24974850:25010525:clu_19149:ENSG00000168952.15",-0.00915635975246306,0.00330139218969868,0.00554594985092838
"chr14:57283230:57286223:clu_19520:ENSG00000053770.11",-0.00118125828468165,0.00496574920726769,0.811973252184642
"chr14:24318568:24318654:clu_19118:ENSG00000129467.13",0.000656263931755084,0.00339415826941554,0.846684079229776
"chr14:100132779:100135905:clu_20272:ENSG00000196405.12",-0.00329616991253203,0.00312059753917999,0.290848339425423
"chr14:37796947:37802094:clu_19281:ENSG00000139865.16",0.0139450103200801,0.00494548043205616,0.00480613231832183
"chr14:100149710:100166605:clu_20273:ENSG00000168350.7",-0.00478465834862262,0.00304407590179989,0.115998477480118
"chr14:100305327:100305660:clu_20280:ENSG00000197119.12",-0.00141366206156834,0.00373020997648336,0.704705286820958
"chr14:100149710:100159506:clu_20273:ENSG00000168350.7",0.00372394700090821,0.00293259847865036,0.204139667267827
"chr14:103757751:103763863:clu_20396:ENSG00000088808.16",0.0106805709060178,0.00370261870764038,0.00391912282081752
"chr14:23563638:23563716:clu_19007:ENSG00000213983.11",-0.00179998559532771,0.00285681676693686,0.528650835116783
"chr14:99914304:99914566:clu_20268:ENSG00000066629.16",-0.00172348518273733,0.00351738185540516,0.624140321785039
"chr14:102344389:102348279:clu_20321:ENSG00000100865.14",0.00253937404553125,0.00367668835122693,0.489773681132151
"chr14:103428440:103448919:clu_20359:ENSG00000075413.17",0.000656018053073771,0.0035408168307069,0.853014848619496
"chr14:104712992:104713202:clu_20413:ENSG00000203485.12",0.00669049291434064,0.00489863178184023,0.172005487637722
"chr14:104712992:104713207:clu_20413:ENSG00000203485.12",-0.0103691285672701,0.00435896628191759,0.0173688853920735
"chr14:105220127:105221648:clu_20460:ENSG00000185024.16",-0.00588605269536473,0.00377967609774415,0.119401591726991
"chr14:105220130:105221648:clu_20460:ENSG00000185024.16",0.00644165156958391,0.00381801430960544,0.0915700455229764
"chr14:24071641:24072933:clu_19033:ENSG00000100884.9",0.00563112878568516,0.00378311294398057,0.136621508463134
"chr14:68885575:68890139:clu_19725:ENSG00000072110.13",0.0113832966428796,0.00363227493089126,0.00172481791705903
"chr14:45237721:45242034:clu_19339:ENSG00000129534.13",-0.000922807563788917,0.00522403993703506,0.859786188009452
"chr14:45242518:45242761:clu_19339:ENSG00000129534.13",-0.0103504157447382,0.00643324305972928,0.107639195831461
"chr14:44900959:44903207:clu_19316:ENSG00000179476.7",0.00233460946181022,0.00381903782728564,0.540995507615134
"chr14:21087105:21087968:clu_18882:ENSG00000165801.9",0.00282477120710565,0.00284630533390427,0.320985685565318
"chr14:19325781:19331482:clu_18814:ENSG00000244306.10",0.0132795337139743,0.00499984465619308,0.00790761325079525
"chr14:103669598:103669689:clu_20372:ENSG00000126214.21",-0.00616106090325497,0.00514178956403439,0.230826399756008
"chr14:70978648:71009634:clu_19765:ENSG00000100731.15",0.0165990523549561,0.00525641512157226,0.00158928825861349
"chr14:24162280:24162966:clu_19062:ENSG00000213928.8",-0.0075309301918887,0.0038187249978559,0.0485975158042156
"chr14:52315391:52327221:clu_19442:ENSG00000125384.6",0.00092545570444964,0.00538253703905113,0.863487286715361
"chr14:54430404:54436369:clu_19475:ENSG00000100528.11",-0.0211558266885443,0.00825721894510529,0.0104041138230202
"chr14:49795944:49799475:clu_19359:ENSG00000165525.17",0.00189677487003434,0.00476286668730518,0.69045160583872
"chr14:35833105:35834844:clu_19256:ENSG00000100916.13",0.0180359352022999,0.00374839460855287,1.49694865003713e-06
"chr14:36300823:36311573:clu_19259:ENSG00000151332.18",0.00197790117187282,0.00390163203952749,0.612195511016127
"chr14:37927974:37936234:clu_19283:ENSG00000139865.16",-0.0053909350766291,0.0057415985937754,0.347768839662333
"chr14:23064257:23064355:clu_18963:ENSG00000100813.14",0.00010740657520713,0.0032569112379395,0.973692093259062
"chr14:75985955:75988885:clu_19958:ENSG00000119650.12",-0.0032473773482424,0.00370973256975122,0.381374267308804
"chr14:100897732:100898957:clu_20290:ENSG00000225746.9",0.0033410621190037,0.00290514988230478,0.250124058393648
"chr14:24182403:24182976:clu_19075:ENSG00000196497.16",-0.000828787730093994,0.00383109858397282,0.828729270075242
"chr14:75033490:75038340:clu_19921:ENSG00000119684.15",0.00368253666234144,0.00397433199411683,0.354144626865101
"chr14:51651996:51689691:clu_19428:ENSG00000139926.15",0.0032966591258909,0.00307664253233692,0.283939316997027
"chr14:87941558:87945553:clu_20043:ENSG00000054983.16",-0.00252014173646912,0.00414898026491778,0.543577313155406
"chr14:64400877:64411090:clu_19640:ENSG00000100714.15",0.00284119399121925,0.0037388066852576,0.447302403522202
"chr14:64411149:64412472:clu_19640:ENSG00000100714.15",-0.000378073595479269,0.00365257082503852,0.917559084693099
"chr14:67586097:67587074:clu_19699:ENSG00000054690.13",-0.000241710282408626,0.0065016031661758,0.970343855014699
"chr14:23563609:23563716:clu_19007:ENSG00000213983.11",0.00192939315009663,0.00290007227448192,0.505864128686576
"chr14:69977965:69992384:clu_19752:ENSG00000198732.10",0.00386762338661892,0.00439815466161572,0.379198459428576
"chr14:32117287:32146263:clu_19202:ENSG00000100852.12",0.00142806453592143,0.00412346354969052,0.729097385058935
"chr14:103687211:103692359:clu_20375:ENSG00000126214.21",-0.00808781105550155,0.00642312867690968,0.20796892824572
"chr14:63539692:63542779:clu_19615:ENSG00000154001.13",0.00217425270497497,0.00422159236342027,0.606531064939168
"chr14:24094254:24096892:clu_19036:ENSG00000100889.11",0.00359443600813482,0.00345603649646364,0.298318654306724
"chr14:74821137:74829213:clu_19901:ENSG00000119596.17",-0.00452904595026639,0.00642559405013359,0.480906883616118
"chr14:91181389:91188910:clu_20103:ENSG00000133943.20",0.00226733144926786,0.00405445606194362,0.576011832645018
"chr14:61052135:61078810:clu_19589:ENSG00000139974.15",0.00680040850987966,0.00581119161124785,0.241909963430092
"chr14:103729367:103732620:clu_20389:ENSG00000100711.13",-0.00809319255167327,0.00467133206604009,0.0831803977822698
"chr14:64502815:64502901:clu_19646:ENSG00000089775.11",0.00164068980793155,0.00428574480401754,0.701849600973878
"chr14:41891962:41898917:clu_19309:ENSG00000165379.13",-0.0101605006307076,0.00674698461656934,0.13208460825309
"chr14:57209782:57209953:clu_19514:ENSG00000070367.15",0.00394760683687727,0.0042426857492764,0.352138155212939
"chr14:91974743:91975172:clu_20136:ENSG00000100815.12",-0.0017381908022872,0.00352103694436355,0.621547180788956
"chr14:93288707:93293858:clu_20184:ENSG00000011114.14",-0.000211008750251213,0.00360549858676487,0.953331124302161
"chr14:91217171:91224684:clu_20106:ENSG00000133943.20",0.000195967376244096,0.00278507645499361,0.943904442273014
"chr14:74829343:74835265:clu_19902:ENSG00000119596.17",-0.00388530854890334,0.00498657303549434,0.435888977334235
"chr14:73879305:73880055:clu_19839:ENSG00000140043.11",-0.0158281883837688,0.00423910924255469,0.000188576537263452
"chr14:104724462:104735020:clu_20417:ENSG00000185100.10",0.00294808697574464,0.00440763618230146,0.503585448494834
"chr14:104708732:104709281:clu_20411:ENSG00000203485.12",0.0012217846138007,0.0038712991223626,0.752305625734535
"chr14:104708587:104708671:clu_20411:ENSG00000203485.12",-0.00332243172706664,0.0037024850684249,0.369531211283166
"chr14:30643405:30643880:clu_19164:ENSG00000092108.20",-0.00144422114130861,0.00499086567776223,0.772296051419731
"chr14:102940324:102944075:clu_20339:ENSG00000198752.10",0.0162275280461452,0.00401136348802983,5.22361834045526e-05
"chr14:103727914:103728908:clu_20384:ENSG00000100711.13",0.01128384632538,0.00367582036451682,0.0021423865146204
"chr14:103715979:103726792:clu_20384:ENSG00000100711.13",-0.00350853825890707,0.00322851614173709,0.27715438360841
"chr14:30676855:30694773:clu_19167:ENSG00000092108.20",0.00291837239443203,0.0045920007784007,0.525080231609405
"chr14:30675065:30694773:clu_19167:ENSG00000092108.20",0.00224899727803022,0.00463717027075863,0.627680981039555
"chr14:91173403:91175934:clu_20102:ENSG00000133943.20",0.00170019965266692,0.0035855897534996,0.635374596099031
"chr14:24149583:24150061:clu_19056:ENSG00000092098.16",-0.00105604005784711,0.00369495599606731,0.775026823423272
"chr14:24241994:24242141:clu_19095:ENSG00000092330.15",-0.00165131367159138,0.00404968973397932,0.683447673457423
"chr14:92096838:92106529:clu_20148:ENSG00000066427.21",0.00103528225441425,0.00347242646678567,0.765593450066626
"chr14:91279306:91281457:clu_20111:ENSG00000015133.18",0.0021679785574039,0.00437409598120842,0.620148163900882
"chr14:23557034:23558695:clu_18999:ENSG00000259431.5",-0.00624453562984764,0.00331845367058574,0.0598685169602262
"chr14:96534563:96535879:clu_20239:ENSG00000090060.17",-0.00386057104492718,0.0034228386853558,0.259368164436838
"chr14:104715340:104717563:clu_20416:ENSG00000203485.12",-0.0169029276156246,0.00347788513793889,1.17316580761084e-06
"chr14:26549781:26595410:clu_19151:ENSG00000139910.19",0.00104548668518066,0.0045538582262626,0.818416116384974
"chr14:24173411:24175543:clu_19067:ENSG00000100918.12",-0.00330502989601655,0.00329961495099608,0.316516971000004
"chr14:64495559:64499441:clu_19646:ENSG00000089775.11",-0.00467590841298488,0.00505778886683799,0.355227841238878
"chr14:77887249:77899100:clu_20025:ENSG00000063761.15",-0.00427521096083459,0.00328375109364936,0.192940638753737
"chr14:45100133:45102529:clu_19327:ENSG00000185246.17",0.0104630863611435,0.00484280505484003,0.0307306936996221
"chr14:23306941:23307192:clu_18977:ENSG00000129473.9",0.00149727806273766,0.00393363759464737,0.703474499624559
"chr14:73366981:73409937:clu_19819:ENSG00000133961.19",-0.00864618311662955,0.00447400901365287,0.0532933932198537
"chr14:73099750:73103192:clu_19797:ENSG00000119707.13",-0.00261105153438767,0.00473187521015531,0.581084982782301
"chr14:67620966:67642186:clu_19702:ENSG00000081181.7",-0.00801566524141842,0.00659938017665285,0.224515330681202
"chr14:67748639:67751052:clu_19708:ENSG00000072121.15",-0.0129677368988385,0.00437373285310118,0.00302768651247498
"chr14:71047984:71048990:clu_19767:ENSG00000100731.15",0.00917022883060319,0.00430977385381387,0.0333557475495084
"chr14:36300823:36308092:clu_19259:ENSG00000151332.18",0.00557004136537305,0.00489553588059158,0.25521248190229
"chr14:94581490:94587346:clu_20204:ENSG00000188488.13",-0.00289556775021101,0.00263244828936911,0.271352872482947
"chr14:73111382:73111528:clu_19799:ENSG00000119707.13",0.00447894403637777,0.00428559330135947,0.295969154349699
"chr14:96313435:96315154:clu_20231:ENSG00000066739.11",-0.00614587002093835,0.00341654465343325,0.07204154692614
"chr14:35625432:35627090:clu_19248:ENSG00000174373.16",0.00384260497094752,0.00430954755632983,0.372580947893528
"chr14:67662535:67663029:clu_19705:ENSG00000100568.10",-0.00790639018110644,0.00491330156378612,0.107576829447537
"chr14:74824307:74827372:clu_19901:ENSG00000119596.17",0.00240721003695477,0.0035976883419881,0.503432263117841
"chr14:105477601:105478266:clu_20487:ENSG00000182809.10",0.000537406441079963,0.00626662364624267,0.931659640642496
"chr14:19331948:19333702:clu_18815:ENSG00000244306.10",-0.0130142486829844,0.00488531488730204,0.00772283786526085
"chr14:77306441:77320434:clu_19994:ENSG00000009830.11",0.00705072954101184,0.00358922391735613,0.0494818478559408
"chr14:19368021:19368193:clu_18816:ENSG00000274827.4",-0.00770031365188002,0.00720256045895395,0.285021092029006
"chr14:24292330:24296509:clu_19107:ENSG00000157379.13",0.0166887795263103,0.00529440181649054,0.00162069758522077
"chr14:24150888:24151131:clu_19057:ENSG00000092098.16",-0.00512201793564095,0.00321427669103864,0.111043324260494
"chr14:24150888:24151299:clu_19057:ENSG00000092098.16",0.00520873301155517,0.00326117239974677,0.110221921627426
"chr14:76809643:76812764:clu_19980:ENSG00000013523.9",-0.00155924298175122,0.00286485808271206,0.586258888699803
"chr14:54776540:54784537:clu_19487:ENSG00000020577.13",-0.00100000461554384,0.00517189207579367,0.846681950978976
"chr14:54399976:54401524:clu_19473:ENSG00000100526.19",0.0074056439007569,0.00386098944764846,0.0551022714106971
"chr14:30559272:30581076:clu_19160:ENSG00000092140.14",0.00415581915657842,0.00440931450439203,0.345932041409268
"chr14:49626048:49628012:clu_19344:ENSG00000165506.14",-0.00689761220386002,0.00353071811791063,0.0507484974414645
"chr14:50920623:50920956:clu_19420:ENSG00000100504.16",-0.000850461619191323,0.00351079817351069,0.808592906915516
"chr14:35686666:35689836:clu_19253:ENSG00000174373.16",0.00972879695161385,0.00634614756527147,0.125269925077646
"chr14:75071396:75077532:clu_19925:ENSG00000119703.13",-0.000913091494372832,0.00410396873104318,0.823932553508942
"chr14:74287886:74288716:clu_19870:ENSG00000119688.20",-0.00816923780001389,0.00751090352585558,0.276749438145017
"chr14:100293377:100295626:clu_20280:ENSG00000197119.12",-0.0043814389189749,0.00360759521249554,0.224555312406969
"chr14:35053451:35078927:clu_19234:ENSG00000151327.12",0.00573067518806844,0.00402804554335146,0.15482495546475
"chr14:36300823:36305089:clu_19259:ENSG00000151332.18",0.00677952069916785,0.00449970907714512,0.13189845517791
"chr14:105460457:105460765:clu_20483:ENSG00000182979.17",0.0139267844648779,0.00419251586777963,0.00089432259664346
"chr14:105460457:105460714:clu_20483:ENSG00000182979.17",-0.0161252126807111,0.00455809699066758,0.000403617320935745
"chr14:103737397:103737694:clu_20392:ENSG00000088808.16",0.00669638576580788,0.00387312847805151,0.0838208039155991
"chr14:30875103:30877572:clu_19172:ENSG00000100473.15",0.00374059106091645,0.00524377351791385,0.475635667315704
"chr14:20405585:20406233:clu_18843:ENSG00000129566.12",-0.00896793177282411,0.00303998453004728,0.00317781572783249
"chr14:61695839:61720382:clu_19604:ENSG00000100644.16",0.00294859322182548,0.0035245955436971,0.402830752350961
"chr14:61695839:61720379:clu_19604:ENSG00000100644.16",-0.00445619409021864,0.00336583104772226,0.185519446206963
"chr14:99972057:100084687:clu_20269:ENSG00000196405.12",-0.00195473206797766,0.00312109310988626,0.531119982145804
"chr14:104884566:104885369:clu_20433:ENSG00000099814.15",0.00288011293789322,0.00369969910203022,0.436290683163021
"chr14:105368147:105368459:clu_20468:ENSG00000179364.13",-0.0144469172077488,0.00683730494091217,0.0346046253362222
"chr14:24210768:24211415:clu_19086:ENSG00000254505.9",-2.34693852571446e-05,0.0036606828985178,0.99488463426499
"chr14:24164134:24164587:clu_19064:ENSG00000213928.8",0.00522320324523598,0.00338893535741818,0.123255477098685
"chr14:64214470:64215286:clu_19630:ENSG00000054654.16",0.0146403453623213,0.00561135549771607,0.00907921639038767
"chr14:100262466:100274698:clu_20278:ENSG00000100811.12",-0.00486137565459496,0.00345863704088634,0.159850201111265
"chr14:56603992:56605570:clu_19509:ENSG00000070269.13",0.00253216328219823,0.00303125387990458,0.403519678914089
"chr14:23577624:23578180:clu_19019:ENSG00000092051.16",0.00106623930616697,0.0028980859212858,0.712939181840746
"chr14:73541695:73543050:clu_19825:ENSG00000184227.7",0.00958551987454181,0.00565691264074815,0.0901742921652229
"chr14:104713309:104713449:clu_20414:ENSG00000203485.12",0.00183934140380308,0.00390312193812307,0.63746309661933
"chr14:104893666:104893761:clu_20436:ENSG00000099814.15",-0.00960724480343742,0.00480349409417351,0.0454944955301083
"chr14:101901889:101906402:clu_20301:ENSG00000078304.19",0.000272043539117709,0.00350076586315319,0.938058961115125
"chr14:55664041:55667241:clu_19504:ENSG00000126777.17",-0.000467322781772187,0.00415090178519024,0.910360818412796
"chr14:20315850:20316227:clu_18827:ENSG00000100814.17",0.00221333500992834,0.0038405650796877,0.564409369094893
"chr14:103679518:103687081:clu_20375:ENSG00000126214.21",0.00801854701577808,0.00437489809990232,0.066824369968608
"chr14:75438121:75461426:clu_19938:ENSG00000140044.12",-0.00291213032595679,0.00422963162099937,0.491133660820417
"chr14:68910040:68912156:clu_19729:ENSG00000072110.13",0.00198132319904736,0.00557914109066839,0.722491823671911
"chr14:73955928:73958147:clu_19849:ENSG00000119723.16",-0.0138235775991388,0.00489257644529724,0.00472188504277959
"chr14:73088161:73096915:clu_19796:ENSG00000119707.13",-0.0225030671170908,0.00418158200247894,7.38791322563159e-08
"chr14:60646577:60648394:clu_19581:ENSG00000126778.8",0.00349497177207654,0.00567263932978049,0.537821695140039
"chr14:69091887:69116366:clu_19733:ENSG00000139990.17",0.00653938855822615,0.00455529425565505,0.151128187711131
"chr14:31072973:31080573:clu_19180:ENSG00000100478.14",-0.00695233837541261,0.00348682682780222,0.0461644145998165
"chr14:31069929:31072905:clu_19180:ENSG00000100478.14",0.00726958053046909,0.00358440213094524,0.0425484894938505
"chr14:63453885:63539529:clu_19614:ENSG00000154001.13",-0.00342727160259205,0.00461668646737835,0.457865543233562
"chr14:23352448:23352646:clu_18987:ENSG00000092096.16",-0.00473402497988711,0.003560785631815,0.183686724819959
"chr14:105095442:105095540:clu_20445:ENSG00000257556.1",-0.00699372203982774,0.0038604973008113,0.0700462173616582
"chr14:61745817:61746934:clu_19607:ENSG00000100644.16",0.0103870642078073,0.00558227994487329,0.0627836199370722
"chr14:24139476:24139730:clu_19048:ENSG00000259321.1",-0.000783144996578962,0.00368771551434146,0.831821592714777
"chr14:102891417:102897261:clu_20333:ENSG00000131323.14",-0.00126528850671927,0.00425377045500295,0.766122170723692
"chr14:68291980:68411424:clu_19718:ENSG00000182185.18",0.0172923579430695,0.007855262574635,0.0277096737946
"chr14:69767251:69768138:clu_19749:ENSG00000100650.15",0.00349207531497792,0.00397887261315804,0.380131262437836
"chr14:19066347:19068077:clu_18811:ENSG00000258314.3",-0.00244633502043108,0.010823115866838,0.821179083341378
"chr14:19066347:19068077:clu_18811:ENSG00000225210.9",-0.00244633502043108,0.010823115866838,0.821179083341378
"chr14:94129291:94129558:clu_20198:ENSG00000119632.3",-0.00312670454205518,0.00303469152964274,0.302859633336234
"chr14:61043212:61043450:clu_19588:ENSG00000139974.15",-2.43792140331003e-05,0.00583366766600525,0.996665606788725
"chr14:61043503:61045346:clu_19588:ENSG00000139974.15",0.00521236692330037,0.00578353219636464,0.367459223234273
"chr14:50438008:50438092:clu_19391:ENSG00000012983.11",-0.00880086295112384,0.00476279350446509,0.0646260210577768
"chr14:50438008:50440013:clu_19391:ENSG00000012983.11",0.0121184276451866,0.00496594330266397,0.0146747731764429
"chr14:59498908:59503854:clu_19563:ENSG00000050130.17",0.00949933438817417,0.00529207927324963,0.0726521316230719
"chr14:57589513:57593939:clu_19523:ENSG00000151812.14",-0.000534499167830953,0.0034897659562776,0.878270606254425
"chr14:104739816:104740601:clu_20420:ENSG00000185100.10",-0.000958607111491135,0.00333016468891944,0.773457147037498
"chr14:35292552:35308914:clu_19243:ENSG00000100902.10",-0.00088728258948033,0.00467481016363879,0.84946524900182
"chr14:52746479:52750683:clu_19457:ENSG00000198252.11",0.00695977140782063,0.00433572978515649,0.108446856715657
"chr14:53952229:53953276:clu_19471:ENSG00000125378.15",0.00294114547494072,0.00425256733717143,0.489178235779896
"chr14:74921561:74921978:clu_19913:ENSG00000198208.11",-0.00704583026399902,0.0035610923371176,0.0478657122303496
"chr14:30644018:30649528:clu_19164:ENSG00000092108.20",-0.00510440874207087,0.00462950339199673,0.270208577319049
"chr14:24330018:24330168:clu_19124:ENSG00000129467.13",0.000808602431928887,0.00385548410273867,0.833880079587129
"chr14:71294156:71295263:clu_19771:ENSG00000259146.3",-0.0123354168920404,0.00525498535291054,0.0189062577863195
"chr14:71055562:71057509:clu_19767:ENSG00000100731.15",0.014858134315454,0.00396855398910437,0.00018113760995675
"chr14:23477560:23478007:clu_18998:ENSG00000129460.15",-0.0079123514223684,0.00332358655780755,0.0172813459439832
"chr14:24210768:24211411:clu_19086:ENSG00000254505.9",-0.00520264813330976,0.00429775273575274,0.226067599384545
"chr14:96317855:96322112:clu_20233:ENSG00000066739.11",0.00203201090019358,0.00330469390307472,0.538629832244325
"chr14:88574346:88574430:clu_20057:ENSG00000100722.18",-0.00757913485444482,0.00455054473679783,0.0958041690583846
"chr14:88500871:88501281:clu_20052:ENSG00000070778.12",0.00861089426142791,0.00375245334049925,0.0217481897072757
"chr14:102355897:102359419:clu_20322:ENSG00000100865.14",-0.00985753268656938,0.00496331787367697,0.0470247475415582
"chr14:103669598:103670182:clu_20372:ENSG00000126214.21",0.00150856766158437,0.00421003596218711,0.720098951442618
"chr14:74824307:74829213:clu_19901:ENSG00000119596.17",-0.00109663922598705,0.00502741371452489,0.827326355532226
"chr14:23068464:23069476:clu_18964:ENSG00000100813.14",-0.00453534014204707,0.00350533258767222,0.195720631113554
"chr14:37592711:37594901:clu_19273:ENSG00000129514.5",-0.00871913348812463,0.00455709205372666,0.0557082746767487
"chr14:23349426:23351948:clu_18985:ENSG00000092096.16",-0.00621008634780329,0.00457082556635643,0.174262087573235
"chr14:49602468:49614256:clu_19342:ENSG00000165501.16",-0.00238962126667272,0.0049173087511146,0.626994674935979
"chr14:65076663:65077328:clu_19662:ENSG00000125952.18",0.00207946333218147,0.00449073115409401,0.643323696516497
"chr14:34786001:34792775:clu_19222:ENSG00000198604.10",0.00609167167980061,0.00538347748988989,0.257823848839408
"chr14:63539689:63542779:clu_19615:ENSG00000154001.13",0.00408257513269617,0.00508816984005132,0.422341200575656
"chr14:90019418:90033106:clu_20086:ENSG00000042088.13",0.00280765973564659,0.00272195355169493,0.302312495797455
"chr14:54430404:54432108:clu_19475:ENSG00000100528.11",0.00309129840455682,0.00416361976218122,0.457811983996462
"chr14:105384987:105385685:clu_20475:ENSG00000179364.13",-0.00478740653284451,0.00500529443064412,0.338835583724702
"chr14:68468250:68497124:clu_19719:ENSG00000182185.18",0.0252271529273624,0.00485879219818661,2.0797712108056e-07
"chr14:26448963:26472320:clu_19150:ENSG00000139910.19",-0.000117449752821191,0.00382911101511773,0.975530442486768
"chr14:93251652:93253647:clu_20183:ENSG00000011114.14",0.00358997784383946,0.00455300420480842,0.430412770743908
"chr14:31144941:31148721:clu_19187:ENSG00000092148.12",0.00373028971858406,0.00555605118522087,0.501970679329545
"chr14:105150911:105151283:clu_20451:ENSG00000184916.8",-0.00844334713475953,0.00406019335309371,0.0375674592227833
"chr14:67753766:67754071:clu_19709:ENSG00000072121.15",-0.00426584395833726,0.00395780866744433,0.281109736822949
"chr14:24069247:24069379:clu_19032:ENSG00000186648.14",-0.00319390823793124,0.00331811739776831,0.335765178271634
"chr14:70388606:70416900:clu_19759:ENSG00000213463.4",-0.00136745692250385,0.00333924007614701,0.682164392809141
"chr14:23563282:23563380:clu_19006:ENSG00000213983.11",-0.00208861581274547,0.00426599585350214,0.624419590702524
"chr14:103498528:103500156:clu_20362:ENSG00000075413.17",-0.0110949045854334,0.00792264775665299,0.161392487103677
"chr14:105478360:105478450:clu_20487:ENSG00000182809.10",0.00481392274101408,0.00521314625217378,0.355788450137425
"chr14:23296666:23296756:clu_18974:ENSG00000235194.8",0.00716398784888386,0.00422542862375324,0.0899907655961143
"chr14:24210483:24210654:clu_19086:ENSG00000254505.9",-0.00250878691343803,0.00413414070222533,0.54395309096914
"chr14:23352451:23352646:clu_18987:ENSG00000092096.16",0.00480089099253592,0.0038216298942246,0.209028337180435
"chr14:99898302:99900929:clu_20267:ENSG00000066629.16",0.00169268737919472,0.00302658261001536,0.575975093817054
"chr14:99897294:99898233:clu_20267:ENSG00000066629.16",-0.00158134937580829,0.00277053824783649,0.568153295350867
"chr14:71735391:71738241:clu_19782:ENSG00000197555.9",0.00801079442821904,0.00444936931416651,0.0717921846036348
"chr14:71735391:71738244:clu_19782:ENSG00000197555.9",-0.00610927885401857,0.00448164416189067,0.172826409945621
"chr14:32077053:32090502:clu_19202:ENSG00000100852.12",0.000884672128445744,0.00365311753543892,0.808649149297604
"chr14:105469160:105469467:clu_20485:ENSG00000182979.17",-0.00523057784947615,0.00694871626917314,0.451606067371404
"chr14:52661304:52663801:clu_19451:ENSG00000197930.12",-0.00140779926101419,0.00452634206115004,0.755782670788992
"chr14:101906529:101909589:clu_20301:ENSG00000078304.19",-0.0004089608557209,0.00344860989764711,0.905602437937332
"chr14:19093006:19130636:clu_18812:ENSG00000225210.9",0.000601753850941685,0.00900667280131503,0.946731367686428
"chr14:64487196:64487288:clu_19642:ENSG00000089775.11",-0.00153727779908304,0.0051408868039389,0.764917390314203
"chr14:50445194:50446079:clu_19396:ENSG00000012983.11",4.73416553576547e-05,0.00377857882596965,0.990003599391123
"chr14:99722066:99725391:clu_20262:ENSG00000036530.8",-0.00145950827117518,0.00311113599272705,0.638981071799298
"chr14:19344634:19381177:clu_18816:ENSG00000274827.4",0.0103115026448502,0.00826792677183548,0.212335506862106
"chr14:19341440:19368193:clu_18816:ENSG00000274827.4",0.00192597621887616,0.00785172722718568,0.806229325669608
"chr14:91199905:91204706:clu_20105:ENSG00000133943.20",0.0131299882194757,0.00538071644876946,0.0146794048819736
"chr14:30643405:30649528:clu_19164:ENSG00000092108.20",0.00232393975341058,0.00423122327220839,0.582843565373554
"chr14:81479740:81484225:clu_20037:ENSG00000071537.13",0.00435350782776742,0.00364531565478484,0.232370577249894
"chr14:67659922:67674375:clu_19705:ENSG00000100568.10",0.003165716818309,0.00674315281709156,0.638732784031264
"chr14:76773211:76775892:clu_19975:ENSG00000071246.10",0.000395756787400432,0.00358601481255977,0.912122947474233
"chr14:66681185:66776464:clu_19674:ENSG00000171723.15",0.0054951033408094,0.00497848909243872,0.26969323228051
"chr14:105384987:105389961:clu_20475:ENSG00000179364.13",0.00848437201775759,0.00599352255887815,0.156895511505592
"chr14:105390003:105391207:clu_20475:ENSG00000179364.13",0.00251329686778627,0.00651599518581736,0.699710050436033
"chr14:60979886:60980963:clu_19590:ENSG00000126814.6",0.00537461943722254,0.00488762884149687,0.271490142849998
"chr14:66776521:66824474:clu_19674:ENSG00000171723.15",-0.00168479666126929,0.00522280461718509,0.747009811312563
"chr14:34786221:34792775:clu_19222:ENSG00000198604.10",-0.00126921314167616,0.00398373416990252,0.750030722473731
"chr14:37732507:37735921:clu_19277:ENSG00000139865.16",-0.0120235429420989,0.00499506621485154,0.0160804797402764
"chr14:88497290:88500783:clu_20052:ENSG00000070778.12",-0.00756601029637549,0.00371993299102373,0.041960632939917
"chr14:50444036:50445041:clu_19396:ENSG00000012983.11",0.00119987522919474,0.00378116012464372,0.750993278902185
"chr14:103737860:103738679:clu_20392:ENSG00000088808.16",0.00194079983133743,0.00467729002793217,0.678185027435631
"chr14:49600697:49602370:clu_19342:ENSG00000165501.16",0.00369834043885204,0.00415437342253559,0.373343357060308
"chr14:50628462:50629995:clu_19408:ENSG00000198513.11",-0.00242346855504697,0.00481111278071105,0.61445598626796
"chr14:75737607:75745095:clu_19949:ENSG00000119685.19",-0.00209842101600695,0.00315744865205234,0.506310291696004
"chr14:24290995:24291139:clu_19105:ENSG00000157379.13",0.00851195751519188,0.004706022817636,0.0704918744467412
"chr14:74942733:74946213:clu_19914:ENSG00000119630.13",0.00123041561243573,0.00401400996070485,0.759200925681743
"chr14:52068163:52068767:clu_19441:ENSG00000087303.17",-0.00317287650666085,0.00498605181904589,0.524548004611875
"chr14:72951877:72954164:clu_19791:ENSG00000119599.16",-0.0110494690127433,0.00403241370947442,0.00614088061473095
"chr14:53046949:53051844:clu_19466:ENSG00000100523.14",-0.00147693783327807,0.00462465475921373,0.749452213017612
"chr14:29663859:29666077:clu_19158:ENSG00000184304.14",0.00357560328549923,0.0042710813621903,0.402499373086595
"chr14:24399444:24407869:clu_19135:ENSG00000205978.5",-0.00659600466525429,0.00397673854210024,0.0971869849763987
"chr14:67580805:67580938:clu_19694:ENSG00000054690.13",0.000493407535032525,0.00540216982882395,0.927226356198194
"chr14:91114528:91157639:clu_20100:ENSG00000133943.20",0.00121965451075262,0.00410096339271309,0.766155932082806
"chr14:89954001:89954586:clu_20081:ENSG00000140025.15",-0.00853105467471478,0.00406043191433928,0.0356390806216382
"chr14:100084855:100097481:clu_20269:ENSG00000196405.12",-0.00224161622441765,0.00330234170483313,0.497267150763251
"chr14:31205957:31207016:clu_19189:ENSG00000092148.12",0.000967654709744055,0.00402192446184083,0.809869065522884
"chr14:31205957:31207391:clu_19189:ENSG00000092148.12",0.00251998726149297,0.00414739009422535,0.543447515870655
"chr14:75783530:75792913:clu_19955:ENSG00000119685.19",-0.0070843589443272,0.00372699999479274,0.0573254945549488
"chr14:75783530:75792916:clu_19955:ENSG00000119685.19",0.00304798926856838,0.00370413383611128,0.41058673653303
"chr14:35122910:35126735:clu_19241:ENSG00000100890.15",-0.0110986737431816,0.00449698513831463,0.0135860662133729
"chr14:66965325:67023633:clu_19676:ENSG00000171723.15",-0.00802435448482097,0.00707200399590419,0.256515762398918
"chr14:75661387:75663055:clu_19943:ENSG00000119685.19",-0.000568733200385134,0.00318164929002428,0.858130702424891
"chr14:77109981:77113425:clu_19986:ENSG00000198894.7",-0.0014116853760753,0.00372138413131644,0.704432303176445
"chr14:75641898:75646401:clu_19940:ENSG00000119686.9",0.0069536812208192,0.00351572765541968,0.0479424445031358
"chr14:22830254:22833418:clu_18928:ENSG00000172590.18",0.00237090057487991,0.00371757826090714,0.523633798270692
"chr14:103735195:103736003:clu_20391:ENSG00000088808.16",-0.0047676821244611,0.00440370293881025,0.27896248037328
"chr14:105272894:105286296:clu_20464:ENSG00000185024.16",0.00483113479974065,0.00533277335489576,0.364971372261641
"chr14:31296063:31302295:clu_19190:ENSG00000129493.14",0.00756964372287069,0.00454395356454313,0.0957389681459508
"chr14:31305177:31306732:clu_19190:ENSG00000129493.14",-0.00823505429088388,0.00343490069838944,0.0165089569319146
"chr14:88385837:88391381:clu_20046:ENSG00000042317.16",0.00135007152392394,0.0041849311626503,0.746995889580178
"chr14:35122910:35127479:clu_19241:ENSG00000100890.15",-0.00144403162110244,0.0050165714990881,0.773459804718868
"chr14:23346936:23347101:clu_18983:ENSG00000092096.16",0.0124214834727194,0.00424452217885735,0.00342828245100735
"chr14:54566310:54567496:clu_19483:ENSG00000020577.13",-0.0059083412498652,0.0036589280328824,0.106359681420688
"chr14:52470680:52482230:clu_19445:ENSG00000087301.8",-0.0154301922561767,0.00404971711843559,0.000138859950885584
"chr14:69115848:69116366:clu_19733:ENSG00000139990.17",0.000281230049612375,0.0040510501946143,0.944654102212748
"chr14:75654976:75657370:clu_19944:ENSG00000133935.6",0.00466466623274807,0.00366382615252997,0.202958431456032
"chr14:73904110:73904931:clu_19842:ENSG00000119725.18",-0.00545289084713259,0.00658247150481022,0.407446461836818
"chr14:37680261:37682758:clu_19274:ENSG00000139865.16",0.00891405625142488,0.00379246884470841,0.0187500909174715
"chr14:58365622:58366024:clu_19541:ENSG00000032219.18",-0.000608135965846202,0.00406415904741168,0.88105346146225
"chr14:23562593:23563380:clu_19006:ENSG00000213983.11",-0.00271839241959401,0.00388088116439645,0.483641621542525
"chr14:92083258:92088730:clu_20147:ENSG00000066427.21",-0.00481892575927048,0.00329590962144712,0.143715778817808
"chr14:104865513:104868424:clu_20432:ENSG00000099814.15",4.29963900190423e-05,0.00360687240355336,0.990488894686092
"chr14:24211829:24213409:clu_19086:ENSG00000254505.9",0.00616909222581925,0.00453932084162013,0.174135754640023
"chr14:32094386:32146263:clu_19202:ENSG00000100852.12",-0.0010961658039372,0.0046913550713481,0.815251628207715
"chr14:24857157:24974665:clu_19148:ENSG00000168952.15",0.00230479903699602,0.00369074706828906,0.532312168315814
"chr14:73874214:73876998:clu_19839:ENSG00000140043.11",-0.00668527126755234,0.00402088380338039,0.096385066075815
"chr14:59479351:59483490:clu_19560:ENSG00000126790.11",-0.00202795889397226,0.0053998603392585,0.707245775281932
"chr14:100299173:100304635:clu_20280:ENSG00000197119.12",0.00176973463894191,0.00293485914223031,0.546505385218663
"chr14:104714856:104715281:clu_20416:ENSG00000203485.12",-0.00834211150959515,0.00441729958528788,0.0589576056790284
"chr14:103574170:103579371:clu_20370:ENSG00000256053.7",0.00121942189703474,0.00354469106800864,0.730836066401847
"chr14:103574170:103579371:clu_20370:ENSG00000258851.1",0.00128190433290141,0.00361750125581926,0.723067742903337
"chr14:55061173:55061680:clu_19490:ENSG00000168175.14",-0.00546975456145108,0.00444294481043289,0.218281660626102
"chr14:19368258:19375742:clu_18816:ENSG00000274827.4",-0.0170370970414949,0.00774154310010396,0.0277546780081253
"chr14:50322719:50323945:clu_19385:ENSG00000125375.14",0.000177789283650594,0.00433877686772063,0.967314374393581
"chr14:19031826:19055390:clu_18811:ENSG00000225210.9",0.0146022940999364,0.0126208613872755,0.247273736967209
"chr14:19031826:19055390:clu_18811:ENSG00000258314.3",0.00829724837131828,0.01469136499926,0.572229929536002
"chr14:64731806:64732095:clu_19652:ENSG00000126822.16",0.00333940570990949,0.00501272043463878,0.505292024672351
"chr14:37751225:37753099:clu_19279:ENSG00000139865.16",-0.00247597408167287,0.00528303568460013,0.639309086194716
"chr14:75661637:75663055:clu_19943:ENSG00000119685.19",0.00460132768927019,0.00320656349292219,0.151295177909799
"chr14:19064693:19065968:clu_18811:ENSG00000258314.3",0.00441683317828508,0.00857062636695264,0.606311654269362
"chr14:19064693:19065968:clu_18811:ENSG00000225210.9",0.00678906956812886,0.00814476952910024,0.40453482382403
"chr14:23351855:23351948:clu_18985:ENSG00000092096.16",0.00110817917677719,0.00345699424411007,0.748542735863198
"chr14:29624258:29626484:clu_19154:ENSG00000184304.14",-0.000369558368312603,0.00442771350056108,0.933481938918577
"chr14:19368258:19381177:clu_18816:ENSG00000274827.4",0.0114394644773352,0.00694044142441871,0.0993048708192118
"chr14:39136155:39136440:clu_19298:ENSG00000092208.16",0.00135429163897105,0.00448345031241826,0.762602815445594
"chr14:30622462:30628209:clu_19163:ENSG00000092108.20",0.0111972231462688,0.0037294351678043,0.00267867748249795
"chr14:105393335:105394554:clu_20479:ENSG00000179364.13",-0.00763847687532014,0.00729460214963953,0.295034559216867
"chr14:105393335:105394228:clu_20479:ENSG00000179364.13",0.00636950027297465,0.00809708506888662,0.431491965955636
"chr14:102017504:102018451:clu_20304:ENSG00000197102.10",0.00353727643451164,0.00471429430781694,0.453055980366264
"chr14:64081580:64087671:clu_19621:ENSG00000054654.16",-0.0104352811189729,0.00542284138941473,0.0543145088167266
"chr14:61052135:61052349:clu_19589:ENSG00000139974.15",-0.0220343662764776,0.00489604214332913,6.78114868546409e-06
"chr14:37753235:37787468:clu_19279:ENSG00000139865.16",0.0110687421212342,0.00438803375783407,0.0116529464441179
"chr14:65054689:65061181:clu_19665:ENSG00000257365.7",0.0028356533879653,0.00408757359035554,0.487854470080649
"chr14:60879835:60968229:clu_19585:ENSG00000020426.10",0.0168599791337371,0.00607101900054487,0.00548420696009622
"chr14:67642363:67645643:clu_19704:ENSG00000081181.7",-0.00177941212525611,0.0047077082880846,0.705446627603024
"chr14:67645802:67646644:clu_19704:ENSG00000081181.7",0.00257865025394694,0.0049239491157607,0.600490309316475
"chr14:30622399:30630477:clu_19163:ENSG00000092108.20",-0.00776243063691427,0.00532404805719934,0.144842170239496
"chr14:37682964:37701332:clu_19275:ENSG00000139865.16",0.0196698056649345,0.00377046844654759,1.8203389140492e-07
"chr14:60879835:60968559:clu_19585:ENSG00000020426.10",-0.0145612480621326,0.00811009959709142,0.0725826262386876
"chr14:67397826:67412018:clu_19686:ENSG00000100558.8",0.00273778341761976,0.0065240635789024,0.674745620665955
"chr14:39318011:39319209:clu_19306:ENSG00000150527.16",0.000587615294579543,0.00489341300319543,0.90441746681295
"chr14:50630009:50632229:clu_19408:ENSG00000198513.11",-0.00161747374009402,0.00453160377908854,0.721142821948393
"chr14:31157303:31168298:clu_19188:ENSG00000092148.12",-7.4981458943563e-05,0.00437210828669168,0.986316986694453
"chr14:54427841:54430261:clu_19475:ENSG00000100528.11",0.00237160281529345,0.00548427362302863,0.665423833676918
"chr14:67573386:67573801:clu_19691:ENSG00000054690.13",-0.00194159974952199,0.00857668935267452,0.820905082675852
"chr14:67269783:67279250:clu_19678:ENSG00000072415.8",0.00839016548687375,0.00639636298749307,0.189618413394279
"chr14:52707529:52708309:clu_19454:ENSG00000100519.11",0.0216179904094443,0.00455915906587042,2.11972262254001e-06
"chr14:101558711:101559800:clu_20298:ENSG00000258498.8",0.00521001156853217,0.00419467237987352,0.214216466578188
"chr14:74714943:74715821:clu_19896:ENSG00000119616.11",-0.00464030336613404,0.0055836349416397,0.405943001629981
"chr14:73261294:73262350:clu_19811:ENSG00000100767.15",-0.00656512999587786,0.00451381570950417,0.14582092714985
"chr14:19024286:19031761:clu_18811:ENSG00000258314.3",0.01424031233546,0.0112990804833607,0.207558568468782
"chr14:19024286:19031761:clu_18811:ENSG00000225210.9",0.0132713930211928,0.0107683648763419,0.217783746886611
"chr14:23063074:23063436:clu_18961:ENSG00000100813.14",0.00108494113235896,0.00373034076468613,0.771171882181503
"chr14:23063037:23063436:clu_18961:ENSG00000100813.14",-0.000725609140091778,0.0036634752363461,0.842993585218186
"chr14:73262827:73263645:clu_19811:ENSG00000100767.15",0.00527752037111495,0.00438408920809755,0.22867096534674
"chr14:58366230:58366883:clu_19541:ENSG00000032219.18",0.00112355262265703,0.00380724362570947,0.767910461543212
"chr14:45130800:45132259:clu_19333:ENSG00000100442.10",-0.00563148840883146,0.00755746691270369,0.456177691087833
"chr14:45130800:45134349:clu_19333:ENSG00000100442.10",0.00414382111774512,0.00738468305069882,0.574703941232256
"chr14:39158402:39159450:clu_19293:ENSG00000182400.14",-0.00976021152345366,0.00533138199083755,0.0671439181569593
"chr14:105219298:105220069:clu_20461:ENSG00000185024.16",0.0136182722561687,0.00728657905475488,0.0616293827883032
"chr14:59485116:59486713:clu_19561:ENSG00000050130.17",-0.00249526064284179,0.00574449753333367,0.664016840746532
"chr14:60984803:60987052:clu_19591:ENSG00000139974.15",-0.0155985797116006,0.00567459729169894,0.00598059390076733
"chr14:64449638:64490361:clu_19642:ENSG00000089775.11",0.000488071824086168,0.00689598373772978,0.943575839351556
"chr14:53952176:53953276:clu_19471:ENSG00000125378.15",-0.00150495425783951,0.00354958416173017,0.671580077680906
"chr14:96532649:96534491:clu_20239:ENSG00000090060.17",0.00487198024540979,0.0037727080000564,0.196573725578135
"chr14:60247463:60248640:clu_19574:ENSG00000254718.6",-0.0296462660339404,0.00679515605698054,1.28377290441462e-05
"chr14:45044870:45046545:clu_19324:ENSG00000198718.12",0.000839397191355453,0.00512053401093371,0.869788087036744
"chr14:29626240:29626484:clu_19154:ENSG00000184304.14",0.00253810439518278,0.00430563774670288,0.555536668079224
"chr14:19068568:19092916:clu_18811:ENSG00000225210.9",0.0133076001228453,0.0153364819442648,0.385553775067128
"chr14:67586949:67587074:clu_19699:ENSG00000054690.13",-0.0156368915808036,0.0106471429044244,0.141928633823386
"chr14:64486294:64487114:clu_19642:ENSG00000089775.11",-0.00611770631794986,0.00584865215625446,0.295559756515163
"chr14:19068568:19092916:clu_18811:ENSG00000258314.3",0.0202672984809404,0.0173739178894875,0.243397853284872
