"phenotype","causal_b","causal_se","causal_p"
"chr15:25089866:25091590:clu_16994:ENSG00000224078.13",-0.00237998430193077,0.00346282526720544,0.491896519710538
"chr15:25411971:25438489:clu_17006:ENSG00000114062.18",-0.0061013629892715,0.00276139737758237,0.0271384864387008
"chr15:25053967:25056483:clu_16987:ENSG00000224078.13",-0.00337457236557869,0.00259361679412753,0.193221911309526
"chr15:24959465:24962114:clu_16981:ENSG00000128739.21",-0.00222783656731647,0.00367051312961873,0.543880727386234
"chr15:25103970:25105700:clu_16997:ENSG00000224078.13",0.00971947116680737,0.0034838060924908,0.00527242977690212
"chr15:72346710:72348048:clu_18089:ENSG00000213614.9",-0.00279707758735888,0.00407601734034628,0.492569288010476
"chr15:72351234:72355559:clu_18090:ENSG00000213614.9",0.00863887447044563,0.00479692053587397,0.0717153475810601
"chr15:73178427:73236347:clu_18108:ENSG00000067141.16",0.00616298376580642,0.00449137614384447,0.170006907602191
"chr15:72347758:72348048:clu_18089:ENSG00000213614.9",-0.00486287361279111,0.00389541196890736,0.211899520496581
"chr15:71938927:71951777:clu_18067:ENSG00000066933.15",0.00289474105670262,0.0039567334608261,0.464413541864272
"chr15:72775097:72783459:clu_18106:ENSG00000159322.17",-0.000361244518190385,0.00504025451676674,0.942863034898353
"chr15:100580945:100602121:clu_18761:ENSG00000140471.16",0.00214947373992204,0.00238842880002448,0.368145246289643
"chr15:99813086:99876953:clu_18748:ENSG00000259363.5",0.00271429510507413,0.0026721073714545,0.309730262059562
"chr15:100380827:100399769:clu_18754:ENSG00000259430.1",-0.00368489466305925,0.00300278809818731,0.219763308675897
"chr15:101285801:101286214:clu_18786:ENSG00000131876.16",0.00257228480763669,0.00326485829961624,0.430772589557317
"chr15:100399925:100408567:clu_18754:ENSG00000259430.1",-0.00214559607730324,0.00277502403042106,0.439415221614968
"chr15:100426083:100437778:clu_18754:ENSG00000259430.1",-0.00194396352590541,0.00258190867686638,0.451499654343454
"chr15:101285801:101286908:clu_18786:ENSG00000131876.16",-0.00238123725390467,0.00398886834743146,0.550526988974047
"chr15:60428687:60431934:clu_17789:ENSG00000128915.11",-0.00820191522760476,0.00310909733052058,0.00833873697439069
"chr15:89793126:89797575:clu_18572:ENSG00000166825.13",0.00191310572263943,0.00417787659794294,0.647014651668337
"chr15:89322015:89322742:clu_18535:ENSG00000140521.12",-0.00324080020664998,0.00355432413420481,0.361878830479624
"chr15:89901803:89903216:clu_18581:ENSG00000242498.7",-0.00370711662343565,0.00382927403811683,0.332994895828708
"chr15:88464873:88465587:clu_18505:ENSG00000259494.1",-0.00181109881120283,0.0042313550637442,0.668637554471191
"chr15:89319408:89320766:clu_18534:ENSG00000140521.12",-0.00183702594575784,0.00355143540928194,0.604972615906953
"chr15:89318749:89318931:clu_18533:ENSG00000140521.12",-0.00109627222421755,0.00315426307920282,0.728176235354024
"chr15:89889140:89893881:clu_18581:ENSG00000157823.16",0.00715065963088201,0.00352952779548306,0.0427695372053997
"chr15:89901803:89903216:clu_18581:ENSG00000157823.16",-0.00769471875579283,0.00392393219097806,0.0498823606402267
"chr15:89319099:89319228:clu_18533:ENSG00000140521.12",0.00101454969598172,0.00312228373728312,0.745227738560162
"chr15:89633292:89633686:clu_18554:ENSG00000166813.14",-0.00184551678684783,0.00293279773147673,0.529173388778211
"chr15:88639594:88652110:clu_18515:ENSG00000172183.14",0.00119935654028821,0.00265333283318138,0.651255379980321
"chr15:89322902:89323404:clu_18535:ENSG00000140521.12",0.00243499242319412,0.00344614552312249,0.479824830142689
"chr15:89889140:89893881:clu_18581:ENSG00000242498.7",0.0047506097239847,0.00348312219218687,0.172600905558116
"chr15:101048657:101049644:clu_18777:ENSG00000154237.12",-0.00112327126406563,0.00293767249508258,0.702188597481624
"chr15:101307325:101313376:clu_18788:ENSG00000140479.16",0.00118482667886768,0.00335197088859001,0.723734879240262
"chr15:101046152:101048494:clu_18777:ENSG00000154237.12",0.00257755601993289,0.00287311195408836,0.369649349280809
"chr15:101661816:101671486:clu_18796:ENSG00000185418.15",-0.00301204743707511,0.00280241359983004,0.282462155217832
"chr15:101671586:101671671:clu_18796:ENSG00000185418.15",0.00700369970060021,0.00319590307380552,0.0284183866981264
"chr15:100576702:100580263:clu_18760:ENSG00000140471.16",0.00643074151642889,0.00293640461984625,0.028523856497685
"chr15:89327349:89328456:clu_18540:ENSG00000140521.12",0.00240353765670269,0.00284150938123245,0.397627210519068
"chr15:89321260:89321736:clu_18534:ENSG00000140521.12",-0.000207370215790206,0.00315979507974949,0.947674201917805
"chr15:61863528:61868659:clu_17803:ENSG00000129003.15",0.00279507904755059,0.00419178722743987,0.504900605335235
"chr15:91014433:91022154:clu_18653:ENSG00000184056.14",0.00500692317946711,0.00308822379710358,0.104954291172037
"chr15:90945063:90946684:clu_18638:ENSG00000140553.17",0.012949796482415,0.00309238797847131,2.81874610214006e-05
"chr15:91014433:91017805:clu_18653:ENSG00000184056.14",0.0147846432971278,0.00308114018916008,1.59912161001863e-06
"chr15:57990872:57992705:clu_17743:ENSG00000128918.14",0.0069744235301993,0.00351239347472785,0.0470709532048104
"chr15:56666535:56666800:clu_17709:ENSG00000137871.19",-0.00596730015996168,0.00411920062337043,0.147433981732724
"chr15:67546585:67550034:clu_17973:ENSG00000137764.19",0.0023379298439917,0.00390062985841079,0.548924583866167
"chr15:67515066:67519000:clu_17971:ENSG00000259673.5",-0.00408840672128556,0.0045653063836043,0.37049940109217
"chr15:67543470:67550034:clu_17973:ENSG00000137764.19",0.00808383642962392,0.00383003943852404,0.0348032221157268
"chr15:68192302:68193516:clu_17986:ENSG00000033800.13",-0.00914608941302731,0.00371772730880666,0.0138887017199073
"chr15:67459975:67519000:clu_17971:ENSG00000259673.5",0.00379981445606769,0.00488327402821075,0.436493291476005
"chr15:68193645:68197633:clu_17986:ENSG00000033800.13",0.00520506015202292,0.0035345028446341,0.140847378700242
"chr15:101973352:101973592:clu_18804:ENSG00000185596.16",0.00622830390641574,0.00331688445109322,0.0604143775805066
"chr15:101961641:101972901:clu_18803:ENSG00000185596.16",0.00520695996797666,0.00417881536430928,0.212750688141101
"chr15:101061288:101062574:clu_18780:ENSG00000154237.12",0.00239825263665335,0.00288609704191029,0.405992030015635
"chr15:101973047:101973220:clu_18804:ENSG00000185596.16",-0.000601402939528656,0.00252416760586939,0.811681051668456
"chr15:101973727:101973905:clu_18804:ENSG00000185596.16",-0.00413298892289612,0.00291005810901562,0.155537022698911
"chr15:100898185:100900575:clu_18772:ENSG00000184254.16",0.00119145112987963,0.00299250010338782,0.690522769206012
"chr15:101708910:101711880:clu_18799:ENSG00000185418.15",-0.00343531235173501,0.00319525240731015,0.282316441352888
"chr15:101287010:101287656:clu_18787:ENSG00000131876.16",0.000770992437972093,0.00307849821384686,0.802243747373072
"chr15:100899210:100900575:clu_18772:ENSG00000184254.16",0.000342184863008725,0.00290522031478104,0.906239791091868
"chr15:101972694:101972901:clu_18803:ENSG00000185596.16",0.00633054453876169,0.00318588605725276,0.0469158250958273
"chr15:100880006:100880404:clu_18769:ENSG00000184254.16",0.000135155191133818,0.0034565189212113,0.968809438178277
"chr15:101646899:101650004:clu_18793:ENSG00000184277.12",-0.00338476628849219,0.00382291560838413,0.375947023764382
"chr15:101966223:101972596:clu_18803:ENSG00000185596.16",-0.0190412759487835,0.00334603731566861,1.26523743704254e-08
"chr15:94356301:94358547:clu_18688:ENSG00000140563.14",0.004870884241708,0.00263944039083109,0.0649760168739433
"chr15:92630345:92699040:clu_18665:ENSG00000185442.12",0.0044085227183265,0.0029053337102887,0.129168386186401
"chr15:93073031:93088919:clu_18682:ENSG00000182175.13",-0.00344386914080286,0.00242341573023477,0.155293321860535
"chr15:92956649:92967325:clu_18673:ENSG00000173575.20",0.00561251410131109,0.00273467976656236,0.0401358701768293
"chr15:92883186:92885515:clu_18666:ENSG00000272888.5",-0.00304799312448843,0.00317620733938931,0.337239994557887
"chr15:92955512:92956459:clu_18673:ENSG00000173575.20",-0.00366495948163649,0.00270867715069672,0.176041560616489
"chr15:92883186:92883585:clu_18666:ENSG00000272888.5",0.00373504711204964,0.00288243705189006,0.195046169871739
"chr15:92997403:92998499:clu_18679:ENSG00000173575.20",-0.000613534521104885,0.00282672081732946,0.828170821753646
"chr15:92998261:92998499:clu_18679:ENSG00000173575.20",0.00289354629757595,0.00270795630688175,0.285279217035167
"chr15:94356301:94358482:clu_18688:ENSG00000140563.14",-0.00494293483027883,0.00265142711523483,0.0622859784683055
"chr15:41528027:41528235:clu_17289:ENSG00000103932.11",-0.00295506461400519,0.00382958572811053,0.440327199405164
"chr15:40340015:40340808:clu_17216:ENSG00000188549.12",-0.00420996202826165,0.00441408962976517,0.340207446302893
"chr15:41270618:41278767:clu_17273:ENSG00000187446.11",0.00685635703111034,0.00419165722643851,0.101899227131215
"chr15:41836551:41840158:clu_17314:ENSG00000243789.10",-0.00888439715355657,0.00612565498646392,0.146958510882813
"chr15:40773837:40774356:clu_17239:ENSG00000104129.9",-0.00182401104780662,0.00532646393886088,0.732017426078389
"chr15:41851150:41851283:clu_17323:ENSG00000137877.9",-0.00758088814704639,0.0060648796185521,0.211312279161131
"chr15:41270618:41272180:clu_17273:ENSG00000187446.11",-0.00143426033270113,0.00471485798786394,0.76097543875235
"chr15:40810757:40813338:clu_17249:ENSG00000166140.17",0.00767393389127285,0.0028548112561184,0.00718662240168633
"chr15:40810216:40810388:clu_17248:ENSG00000166140.17",0.0015075659682314,0.0049264484381203,0.759593402771168
"chr15:41845320:41845943:clu_17320:ENSG00000243708.10",0.003813833917419,0.0050469734190265,0.449848558832447
"chr15:41286100:41308567:clu_17274:ENSG00000247556.6",-0.00863730715385023,0.00374913072136823,0.0212329773977851
"chr15:41388522:41394265:clu_17280:ENSG00000137806.8",-0.00879263832764727,0.00489258188396746,0.0723139250157149
"chr15:41836551:41840158:clu_17314:ENSG00000243708.10",-0.00932675888871585,0.00619636868237765,0.132273297818286
"chr15:41388522:41394859:clu_17280:ENSG00000137806.8",0.0170617975219746,0.00467796446968182,0.000265041806265631
"chr15:41365589:41371527:clu_17277:ENSG00000137804.12",0.00484795264886374,0.00373674440819948,0.194502754038605
"chr15:40814070:40814213:clu_17251:ENSG00000166140.17",0.0142788147344638,0.00448772320870978,0.00146387961056271
"chr15:40751569:40751986:clu_17237:ENSG00000137824.15",0.00694349387923906,0.00463993443361362,0.134532836502186
"chr15:41397140:41402144:clu_17281:ENSG00000137806.8",0.00384140280659317,0.00351367143119508,0.274273866405538
"chr15:40274276:40275927:clu_17201:ENSG00000137843.11",-0.0181950770118162,0.00403608381712729,6.54101699859577e-06
"chr15:40273676:40274142:clu_17201:ENSG00000137843.11",0.0199794020879033,0.00414285271592391,1.41685128041136e-06
"chr15:41528336:41529470:clu_17289:ENSG00000103932.11",0.00396419113746808,0.00403846401593177,0.326292693346842
"chr15:40814070:40814148:clu_17251:ENSG00000166140.17",-0.0164224179553514,0.00419920543670114,9.19759268268594e-05
"chr15:52376558:52379625:clu_17676:ENSG00000197535.14",0.00962900458014771,0.00446640749637885,0.0310936313489893
"chr15:52557222:52564190:clu_17679:ENSG00000128989.10",-0.00617041352011045,0.0052373974621939,0.238738813313592
"chr15:51476716:51478271:clu_17649:ENSG00000104093.13",-0.00034645048900646,0.00332637837984484,0.91704836064569
"chr15:51457466:51458506:clu_17648:ENSG00000104093.13",0.0104026263710388,0.00419013477571746,0.0130410174663895
"chr15:51476719:51478271:clu_17649:ENSG00000104093.13",-0.00331173246059901,0.00342400091521701,0.333438402096978
"chr15:52568902:52569116:clu_17679:ENSG00000128989.10",0.00302278362162568,0.00441586697599395,0.493641953019035
"chr15:78438856:78439795:clu_18301:ENSG00000136381.12",0.00215977505365954,0.00261333353653759,0.408552005085458
"chr15:78927781:78929412:clu_18315:ENSG00000103811.15",-0.00211375653967718,0.00315126262361572,0.502370274475811
"chr15:74446227:74448478:clu_18148:ENSG00000138629.15",0.00158069095996972,0.00471947014969314,0.737678079246633
"chr15:74897219:74897512:clu_18187:ENSG00000178802.17",0.00195444389498423,0.00384709138498602,0.611431200018905
"chr15:74034530:74035172:clu_18132:ENSG00000140464.19",0.00103698117619994,0.00365369067042384,0.776550279558149
"chr15:74784523:74798233:clu_18167:ENSG00000103653.16",-0.00629736592617477,0.00610798148976888,0.302537978325526
"chr15:73916447:73919838:clu_18121:ENSG00000261801.5",-0.00652515722255382,0.00339445393013324,0.05456807807192
"chr15:74782720:74798233:clu_18167:ENSG00000103653.16",0.00773254262083677,0.00564297046859058,0.17059436860298
"chr15:74896325:74897011:clu_18187:ENSG00000178802.17",-0.0172477130328198,0.00466498190609539,0.000217927688006991
"chr15:74608426:74619197:clu_18158:ENSG00000179335.18",0.00544264520647645,0.00498432565400055,0.274854125646404
"chr15:74573204:74589820:clu_18153:ENSG00000179361.17",-0.00551180409400981,0.00480274934939489,0.251119202129988
"chr15:74466130:74479060:clu_18150:ENSG00000247240.7",-0.00649206128882864,0.00578057104515732,0.261402229421535
"chr15:73289238:73298348:clu_18111:ENSG00000067141.16",-0.00151006697843841,0.00469308633771607,0.747631368453866
"chr15:74615898:74619197:clu_18158:ENSG00000179335.18",-0.00678171088162641,0.0042557363622242,0.111037798363953
"chr15:73569806:73570150:clu_18113:ENSG00000156642.16",-0.00461335482548898,0.00390208631049616,0.237095002636566
"chr15:74572933:74573132:clu_18153:ENSG00000179361.17",0.000632402635710723,0.00487525147926189,0.896790390647779
"chr15:74458896:74461108:clu_18149:ENSG00000138629.15",-0.0039871827807596,0.00475514254355054,0.401750448523321
"chr15:73919383:73919838:clu_18121:ENSG00000261801.5",-0.00302398467573192,0.00328554174584262,0.357368212085517
"chr15:52343197:52346361:clu_17673:ENSG00000197535.14",-0.0030606966582276,0.00341188627028062,0.36968221601008
"chr15:51916133:51921496:clu_17653:ENSG00000138594.13",-0.00406377200516036,0.00392058424051242,0.299958659021422
"chr15:52557222:52569116:clu_17679:ENSG00000128989.10",-0.00494893469859924,0.00391235693192091,0.205889362232498
"chr15:52408140:52410333:clu_17678:ENSG00000197535.14",-0.00452623982965909,0.00409491360076881,0.269015673370367
"chr15:52593736:52601086:clu_17681:ENSG00000047346.12",0.00416027009998348,0.00521810961299858,0.425291140683411
"chr15:52337884:52340196:clu_17672:ENSG00000197535.14",-0.00965901758968753,0.00385678399752418,0.012265138545672
"chr15:52407399:52408059:clu_17678:ENSG00000197535.14",-0.00221718578810413,0.00440528383472696,0.614752339740899
"chr15:41349241:41351033:clu_17275:ENSG00000137804.12",-0.00131919963518933,0.00601975306765603,0.82653698779673
"chr15:40416362:40418130:clu_17222:ENSG00000128928.8",0.00512244885959531,0.00547870081921294,0.349801130607481
"chr15:40339689:40339905:clu_17215:ENSG00000188549.12",0.000855692075871187,0.00440335362054411,0.845919565261378
"chr15:41375828:41377196:clu_17278:ENSG00000137804.12",0.00413008157267221,0.00415845036342316,0.320623199112636
"chr15:41371684:41375712:clu_17278:ENSG00000137804.12",-0.00492015209549904,0.00420567118174255,0.242047206565583
"chr15:40838686:40840380:clu_17253:ENSG00000261183.5",-0.0171273072445245,0.00802795035806814,0.0328870476506317
"chr15:40896079:40898907:clu_17259:ENSG00000104142.10",0.000258440102312531,0.00426136301045073,0.95164011382407
"chr15:41349241:41350988:clu_17275:ENSG00000137804.12",0.00659583114258182,0.00414337560111581,0.111407635337595
"chr15:41005687:41020900:clu_17266:ENSG00000128908.15",-0.00745329861363304,0.0043562105111036,0.0870886379734387
"chr15:41262883:41264165:clu_17272:ENSG00000187446.11",-0.0149308243769184,0.00395878778698241,0.00016222706395963
"chr15:40046069:40056453:clu_17197:ENSG00000248508.6",-0.0160208553934228,0.00448353166469042,0.000352555057261283
"chr15:41016215:41020900:clu_17266:ENSG00000128908.15",0.0101882109936031,0.00412396252915083,0.0134927834740066
"chr15:40415482:40435417:clu_17222:ENSG00000128928.8",0.00704794432567303,0.00574026662511649,0.21951911453458
"chr15:40418215:40419180:clu_17222:ENSG00000128928.8",0.0194597203670087,0.00455920531835612,1.97033326202467e-05
"chr15:40416362:40435417:clu_17222:ENSG00000128928.8",-0.0163557098545428,0.00546055772604847,0.00274224214708696
"chr15:40709116:40718805:clu_17232:ENSG00000051180.16",-0.0110053254654239,0.00386426608990378,0.00439986580513618
"chr15:40416362:40419180:clu_17222:ENSG00000128928.8",0.0111037437214706,0.00390006672372021,0.00441243428838689
"chr15:40108386:40108773:clu_17200:ENSG00000104081.13",-0.00353037067700377,0.00392839616468182,0.368823185639437
"chr15:40718899:40728711:clu_17232:ENSG00000051180.16",0.00777434925811046,0.00400527893629567,0.0522551629879271
"chr15:30961073:30974314:clu_17081:ENSG00000166912.16",-0.00166943841770466,0.00406749782936352,0.681487787256823
"chr15:32679915:32684557:clu_17096:ENSG00000166922.8",-0.00384706076377507,0.00334948072803658,0.250739777090491
"chr15:67550082:67563283:clu_17974:ENSG00000137764.19",0.0145027952337148,0.00359197430732353,5.40110940606686e-05
"chr15:67563350:67580754:clu_17974:ENSG00000137764.19",0.00557217495932614,0.00364902707068019,0.12675347317463
"chr15:67543470:67546179:clu_17973:ENSG00000137764.19",-0.00370022818473843,0.00421111016816677,0.379573530391991
"chr15:58913696:58916935:clu_17767:ENSG00000137776.16",0.0067717370412917,0.00320400229346457,0.0345559084148498
"chr15:58244879:58246135:clu_17746:ENSG00000128918.14",-0.0119113962984222,0.00328411620487442,0.000286764789677818
"chr15:58912610:58913499:clu_17767:ENSG00000137776.16",-0.00265753342928599,0.00360117220257582,0.460536665620596
"chr15:80153135:80158060:clu_18326:ENSG00000103876.11",0.000344150622991852,0.0030969699942014,0.9115172673001
"chr15:79845442:79846712:clu_18323:ENSG00000136371.10",-0.00462817181115172,0.00265815804103018,0.0816625672205198
"chr15:80168316:80172162:clu_18330:ENSG00000103876.11",-0.00316837409363981,0.00354954224872769,0.372063468175832
"chr15:79845442:79846712:clu_18323:ENSG00000180953.11",-0.00462817181115172,0.00265815804103018,0.0816625672205198
"chr15:52584944:52587151:clu_17680:ENSG00000047346.12",-0.00332924338939598,0.005031227100394,0.508153259182457
"chr15:51938260:51947292:clu_17656:ENSG00000166477.12",0.00702283587024261,0.00322175075013178,0.0292708263801085
"chr15:51921616:51931031:clu_17653:ENSG00000138594.13",-0.00950820722434125,0.00480420815889217,0.047800089286456
"chr15:28144235:28144673:clu_17021:ENSG00000128731.15",0.00688052848845014,0.00670595656024941,0.304876327334571
"chr15:28751674:28754469:clu_17045:ENSG00000248334.6",0.00267090064038267,0.00440560124487394,0.54434801891296
"chr15:58899883:58901260:clu_17769:ENSG00000137776.16",-0.00552828694258906,0.0036427688786607,0.129113820168282
"chr15:58912610:58916935:clu_17767:ENSG00000137776.16",-0.00273604474441901,0.00392252008552778,0.485476066365995
"chr15:52256720:52260902:clu_17667:ENSG00000128833.12",0.00752074734255105,0.00554971119230825,0.175366544280184
"chr15:68321503:68325131:clu_17993:ENSG00000137809.16",-0.0219799143175663,0.00630173146794505,0.000486799746671762
"chr15:68211318:68211675:clu_17988:ENSG00000128973.12",0.015732021516027,0.00566725083983004,0.00550401779773979
"chr15:67187509:67190413:clu_17961:ENSG00000166949.15",0.00632239775503964,0.00388237855538739,0.103421950117119
"chr15:67580823:67585890:clu_17974:ENSG00000137764.19",-0.000292194052150641,0.00344071422725998,0.932323004406445
"chr15:30904024:30904512:clu_17068:ENSG00000198690.9",-0.00733156579550122,0.00461948480127203,0.112490906385224
"chr15:30904024:30904512:clu_17068:ENSG00000261628.1",-0.00733156579550122,0.00461948480127203,0.112490906385224
"chr15:30910815:30913858:clu_17070:ENSG00000198690.9",-0.00872173737820171,0.00422496879940156,0.0389862694442394
"chr15:30908258:30910614:clu_17070:ENSG00000198690.9",-0.00702905830018529,0.00449481990846661,0.117861464573858
"chr15:30925939:30928553:clu_17075:ENSG00000198690.9",0.00333594578602519,0.00488944750862791,0.495065338339873
"chr15:29719138:29719777:clu_17056:ENSG00000104067.16",-0.00360388094152586,0.00411615231338854,0.381276859829473
"chr15:81322540:81323802:clu_18353:ENSG00000172345.13",0.00288188433431785,0.00352510662423016,0.413624977735789
"chr15:82355324:82400660:clu_18366:ENSG00000259429.5",-0.00254512761185354,0.00472322081089503,0.589987426578462
"chr15:82263188:82263359:clu_18363:ENSG00000188659.9",-0.00807779826390685,0.00437169512737079,0.0646385637247766
"chr15:82473813:82475478:clu_18372:ENSG00000255769.7",-0.010154249555922,0.00272238583671387,0.000191549463274487
"chr15:83018853:83020675:clu_18406:ENSG00000064726.9",0.00760328594999453,0.00416792306154376,0.0681160149200586
"chr15:81322948:81323802:clu_18353:ENSG00000172345.13",-0.0070103985445212,0.00302077220278495,0.0203013870993722
"chr15:83020762:83030136:clu_18406:ENSG00000064726.9",-0.00274576925618475,0.00480610490335039,0.567790445994518
"chr15:71823132:71823211:clu_18062:ENSG00000260037.5",-0.00131957839541782,0.00459097818397747,0.773784171133443
"chr15:70895936:70900922:clu_18040:ENSG00000137821.11",-0.00958763282961287,0.00309781533856674,0.00196835527396699
"chr15:70901024:70904552:clu_18040:ENSG00000137821.11",0.00646506654341153,0.0028020123249027,0.0210384294604288
"chr15:72219110:72231116:clu_18073:ENSG00000067225.17",-0.00419129139080247,0.00538529948134507,0.436401718617948
"chr15:72259661:72260478:clu_18078:ENSG00000137817.16",0.00984547005018534,0.00390601689021669,0.0117158022980712
"chr15:70895936:70904552:clu_18040:ENSG00000137821.11",-0.00526275911297894,0.00341636985727527,0.123449834188625
"chr15:72288930:72289138:clu_18082:ENSG00000140488.15",0.00309195399605997,0.00527290650359218,0.55761673084536
"chr15:72242699:72250020:clu_18074:ENSG00000137817.16",-0.00117823722010897,0.00660316440858991,0.858381176539975
"chr15:70892942:70893584:clu_18039:ENSG00000137821.11",0.00322501972525257,0.00331313766674369,0.330352811407721
"chr15:70690511:70691299:clu_18036:ENSG00000137831.14",-0.00676889655290567,0.00298201490350958,0.0232132253100625
"chr15:72249314:72250020:clu_18074:ENSG00000137817.16",0.00178028855665436,0.00541352754077213,0.742262083452961
"chr15:72475014:72496791:clu_18092:ENSG00000166233.14",-0.00786101128933382,0.00629249164363761,0.211566902998709
"chr15:72259661:72260538:clu_18078:ENSG00000137817.16",-0.00991345115158645,0.00392982317745121,0.0116484148107537
"chr15:70691363:70695017:clu_18036:ENSG00000137831.14",0.00546899022947115,0.00277775643280122,0.0489701335286992
"chr15:60440710:60442416:clu_17791:ENSG00000128915.11",0.00254627474513776,0.00331087441154257,0.441855241610412
"chr15:61918257:61919289:clu_17806:ENSG00000129003.15",-0.00165761264380632,0.00326151866427372,0.611289686486034
"chr15:70066215:70074533:clu_18030:ENSG00000140332.15",0.00424815806542283,0.00473322116412819,0.369441798432252
"chr15:70852332:70853889:clu_18038:ENSG00000166173.10",-0.0057746381796906,0.00318224133993494,0.0695784898820728
"chr15:70066218:70074533:clu_18030:ENSG00000140332.15",0.00476699759960868,0.00398575455366458,0.231693117283552
"chr15:63623890:63624158:clu_17838:ENSG00000103657.13",0.00488484992316148,0.00404308391897797,0.226970728688722
"chr15:63570579:63574046:clu_17835:ENSG00000140455.16",0.00287492004839081,0.00472822590022272,0.543165212841995
"chr15:63630635:63632709:clu_17841:ENSG00000103657.13",0.000912614493265131,0.00454634389516681,0.840905076609817
"chr15:64136410:64136846:clu_17864:ENSG00000028528.14",0.00820641712052906,0.00393615295292289,0.0370799511402938
"chr15:58888555:58889430:clu_17763:ENSG00000137776.16",-0.00648055278256382,0.00495470218149724,0.190886841443009
"chr15:58901287:58912563:clu_17767:ENSG00000137776.16",-0.00759843954188758,0.00362960424413586,0.0363079087028354
"chr15:60478069:60479003:clu_17796:ENSG00000128915.11",-0.00575339070707644,0.00298744284256757,0.054122106588253
"chr15:58599724:58610297:clu_17750:ENSG00000137845.14",0.000397161473288044,0.0047888348496745,0.933903314405517
"chr15:60397338:60397943:clu_17788:ENSG00000182718.16",-0.00387697196682801,0.00310634433648419,0.212001086572628
"chr15:59652326:59657406:clu_17780:ENSG00000140307.10",-0.00656581526317217,0.00378657813349698,0.0829232948698312
"chr15:64689169:64690466:clu_17879:ENSG00000180304.14",-0.0127732110954665,0.00485392972990492,0.00850039703629035
"chr15:65059418:65065217:clu_17903:ENSG00000103710.10",-0.00189821010491497,0.00536862794875027,0.723657764826612
"chr15:64387964:64393946:clu_17872:ENSG00000103671.9",-0.000524782231913867,0.00521760173142635,0.919884505328532
"chr15:64749493:64750343:clu_17883:ENSG00000166831.8",-0.000864802569957435,0.00682722875261235,0.899201880451611
"chr15:64689169:64690374:clu_17879:ENSG00000180304.14",0.00887524294680009,0.00480163103239494,0.0645472640957158
"chr15:64681387:64681692:clu_17878:ENSG00000180357.9",-0.00275507131698629,0.00353020918457188,0.435139454907913
"chr15:64855037:64859894:clu_17887:ENSG00000241839.9",-0.00117543328171561,0.00455347378987468,0.796298936858813
"chr15:64855037:64859894:clu_17887:ENSG00000166839.16",-0.00271519427296615,0.00462120050055135,0.556833229763481
"chr15:65157910:65158575:clu_17909:ENSG00000166855.9",0.00521965618532672,0.00349713172175026,0.135554103476145
"chr15:64151850:64152243:clu_17866:ENSG00000157734.13",-0.00441862799526689,0.00466668401195665,0.343717595792734
"chr15:90969120:90969447:clu_18646:ENSG00000198901.13",0.00779869203751734,0.00344230035187989,0.0234791545785796
"chr15:90906497:90906740:clu_18624:ENSG00000196547.14",5.05489664868124e-05,0.00366074549936968,0.988982856560939
"chr15:90945063:90946765:clu_18638:ENSG00000140553.17",-0.00397927792484872,0.00306950050640376,0.194840239744902
"chr15:90955883:90956612:clu_18640:ENSG00000166965.12",0.00137041981926376,0.00345403796866343,0.69154536511295
"chr15:101712001:101714840:clu_18800:ENSG00000185418.15",0.0129125370547536,0.00370960035989204,0.000499838076386649
"chr15:100408658:100437778:clu_18754:ENSG00000259430.1",-0.00135302092144118,0.00357523363263068,0.7051017833367
"chr15:101714963:101721126:clu_18800:ENSG00000185418.15",-0.00682388288415005,0.00366337309641856,0.0624999586861685
"chr15:101675737:101684075:clu_18797:ENSG00000185418.15",-0.0132878483008418,0.00315769425910997,2.57543109219993e-05
"chr15:101654730:101655867:clu_18794:ENSG00000185418.15",-0.00234919364886291,0.00389785288693026,0.546715499874009
"chr15:101022597:101024800:clu_18775:ENSG00000154237.12",-0.00393201951571422,0.00286348627231434,0.169703186360222
"chr15:42345832:42348103:clu_17366:ENSG00000214013.9",-8.61677704195784e-05,0.00311290184528091,0.977916696984813
"chr15:42694342:42694460:clu_17391:ENSG00000159433.11",0.011604669267629,0.00498926178665062,0.0200223323586195
"chr15:42669337:42673871:clu_17389:ENSG00000159433.11",-0.013135115478576,0.00395096515592244,0.000885666358028669
"chr15:42669337:42674440:clu_17389:ENSG00000159433.11",0.00289129151192098,0.00446353337492144,0.51714118565151
"chr15:42278590:42287691:clu_17361:ENSG00000214013.9",0.0017269112434542,0.00451925161393975,0.702369925844595
"chr15:42409995:42410432:clu_17375:ENSG00000092529.23",0.0143195220804398,0.00494473141703405,0.00378054737114331
"chr15:42411979:42412086:clu_17378:ENSG00000092529.23",0.00209753049432758,0.00595066602790816,0.724473308340802
"chr15:42411345:42412086:clu_17378:ENSG00000092529.23",0.0181600065591396,0.00602544434550768,0.00257924110276364
"chr15:42147762:42149713:clu_17339:ENSG00000168907.13",-0.00016027676202566,0.00423113400179774,0.969783094338098
"chr15:41846835:41847649:clu_17322:ENSG00000243708.10",0.00066606492994979,0.0046537134235721,0.886191088352161
"chr15:41858980:41860586:clu_17325:ENSG00000137877.9",0.0106807386256633,0.00391342742425163,0.00634777322941249
"chr15:41821068:41821584:clu_17307:ENSG00000137802.13",-0.00131713543036181,0.00585871584032309,0.822122103764079
"chr15:42150777:42152688:clu_17341:ENSG00000168907.13",-0.0004678492211329,0.00628421747838656,0.940653688573384
"chr15:42164486:42164996:clu_17345:ENSG00000166887.15",-0.00199599199422119,0.00592401594289967,0.736167976676064
"chr15:42727769:42727955:clu_17397:ENSG00000140326.12",0.00817385134422566,0.00447035154553714,0.0674807999984879
"chr15:42164889:42164996:clu_17345:ENSG00000166887.15",0.00890183022793595,0.00647139960540514,0.1689563761734
"chr15:41860758:41861419:clu_17325:ENSG00000137877.9",-0.0108477479070814,0.00443194838115736,0.0143801212334576
"chr15:82750848:82754629:clu_18393:ENSG00000250988.7",-0.00544045609917981,0.00352875760953262,0.123134766127946
"chr15:82404751:82408288:clu_18367:ENSG00000259429.5",0.00702177514781034,0.00381206722376401,0.0654771712392755
"chr15:82477926:82513716:clu_18379:ENSG00000255769.7",0.00739788795073198,0.00519542149947439,0.154468329327516
"chr15:82688831:82689158:clu_18390:ENSG00000103723.12",-0.00613269026621563,0.00423940272180424,0.148010950227272
"chr15:82681580:82688736:clu_18390:ENSG00000103723.12",0.00488099171796463,0.0049552228905082,0.324614438734067
"chr15:82810335:82813103:clu_18395:ENSG00000156232.7",0.00740103203673553,0.00507065910973803,0.144405571036072
"chr15:82750848:82752439:clu_18393:ENSG00000250988.7",0.00540357970087557,0.00307579452689232,0.078950581522841
"chr15:82752554:82754629:clu_18393:ENSG00000250988.7",-0.00666720238024078,0.00416867716672969,0.109741334390776
"chr15:23019380:23021959:clu_16961:ENSG00000275835.4",-7.57442808925236e-05,0.00378560862889864,0.984036606519951
"chr15:24974957:24975358:clu_16983:ENSG00000128739.21",0.000695890677532608,0.00362782692706842,0.84788300626931
"chr15:22943354:22944558:clu_16956:ENSG00000273749.4",-0.000873100468088465,0.0053471988700082,0.870296531925198
"chr15:22881936:22882868:clu_16951:ENSG00000273749.4",0.00014440888435745,0.00427492732780533,0.9730522414485
"chr15:100372992:100399769:clu_18754:ENSG00000259430.1",-0.000549317785665607,0.00292283497293591,0.850923637432451
"chr15:100573300:100573651:clu_18758:ENSG00000140471.16",-0.00629472991558701,0.00328059656898085,0.0550126902441256
"chr15:101326479:101331852:clu_18789:ENSG00000140479.16",-0.00211498334536575,0.0027913984541526,0.448643311827503
"chr15:101293172:101295097:clu_18787:ENSG00000131876.16",-0.00116845602863815,0.00312324817536714,0.708318273979816
"chr15:95277376:95288302:clu_18695:ENSG00000248441.6",-0.0011537895383543,0.00248033439005668,0.641806143564775
"chr15:37095614:37096289:clu_17170:ENSG00000134138.19",0.00506579035248548,0.00365439506503358,0.165680168485814
"chr15:37096407:37097967:clu_17170:ENSG00000134138.19",-0.00251410187739662,0.0037731493097562,0.505210475098357
"chr15:36892459:36895151:clu_17166:ENSG00000134138.19",-0.00288141351632877,0.00419800499243215,0.492475487884264
"chr15:90891676:90892058:clu_18619:ENSG00000182511.11",-0.00731656962969089,0.00319113119672018,0.0218605324315355
"chr15:90880273:90880691:clu_18614:ENSG00000140564.11",-0.000367329395169582,0.00404785403499677,0.927693862567507
"chr15:90354764:90358851:clu_18598:ENSG00000196391.10",-0.00173766699410818,0.00253752980108161,0.49347844580067
"chr15:65697383:65700544:clu_17935:ENSG00000174485.15",-0.00184200448974062,0.00381963724059868,0.629631256933867
"chr15:66494552:66497490:clu_17948:ENSG00000174446.12",0.00399404686421867,0.00347251252853395,0.250065899270922
"chr15:66315215:66318449:clu_17941:ENSG00000166938.12",-0.0018597197465325,0.00318658921908663,0.559483910714454
"chr15:66318618:66320571:clu_17941:ENSG00000166938.12",0.00363506215088418,0.00313557365288736,0.246335011399823
"chr15:65595825:65598321:clu_17929:ENSG00000138614.14",0.0144494693852483,0.00516384665557782,0.00513884769380901
"chr15:64152326:64152638:clu_17866:ENSG00000157734.13",0.00739975346359448,0.004375718761842,0.0908187759244978
"chr15:64394115:64395398:clu_17873:ENSG00000103671.9",-0.00790841215243694,0.00583835808150546,0.175557466615296
"chr15:63930455:63939232:clu_17855:ENSG00000035664.11",-0.00496639710188551,0.00384965796209525,0.197020145438241
"chr15:30479193:30484502:clu_17061:ENSG00000215302.8",-0.00210256356665685,0.00348641634746793,0.546460127058254
"chr15:29720016:29720358:clu_17056:ENSG00000104067.16",7.78451038461888e-05,0.00376656917953662,0.983510993134569
"chr15:92943068:92945821:clu_18670:ENSG00000173575.20",0.00448742845796464,0.00338951152571365,0.185530951919541
"chr15:92949076:92953357:clu_18672:ENSG00000173575.20",0.00947468334802841,0.00324417595654766,0.0034944687359415
"chr15:82854800:82859029:clu_18401:ENSG00000103942.12",-0.0095527627020911,0.00561884635541399,0.0891066947519448
"chr15:82987384:82989010:clu_18404:ENSG00000169612.3",-0.00931399731920459,0.00290646329451347,0.00135259182248226
"chr15:82404751:82414601:clu_18367:ENSG00000259429.5",-0.0144313791969191,0.00268015205640082,7.2631169523163e-08
"chr15:83005692:83008548:clu_18405:ENSG00000169609.13",0.00691674221299645,0.00386716048021896,0.0736818009873628
"chr15:82859168:82864167:clu_18402:ENSG00000103942.12",-0.013987063399708,0.00372894323567685,0.000176168889046258
"chr15:82986369:82987336:clu_18404:ENSG00000169612.3",0.00679211027344115,0.0031254379043722,0.0297674674408338
"chr15:83139275:83151215:clu_18411:ENSG00000166503.8",0.020147893977098,0.00455686733087975,9.80474338085902e-06
"chr15:82730935:82738514:clu_18391:ENSG00000259315.1",-0.000969005801212302,0.00293186250287563,0.741015687806391
"chr15:82859135:82864167:clu_18402:ENSG00000103942.12",0.0107985285636085,0.00367713191010074,0.00331755300345771
"chr15:97631223:97652052:clu_18709:ENSG00000259582.3",0.00475601130098654,0.00274441225999,0.0830992403124676
"chr15:97631223:97652052:clu_18709:ENSG00000251209.7",0.00600617427056387,0.00265034207730547,0.0234398552118283
"chr15:98948708:98957061:clu_18719:ENSG00000140443.13",-0.00751512638909432,0.00353932785452043,0.0337270276697648
"chr15:38886929:38974155:clu_17179:ENSG00000259345.5",-0.00480882392967074,0.00395126456402238,0.223591221036812
"chr15:38865722:38867970:clu_17176:ENSG00000259345.5",-0.000329147292227305,0.00328468351380206,0.920180227741877
"chr15:38464177:38465269:clu_17173:ENSG00000171262.11",0.00281989868833734,0.00448064499452159,0.529119248664998
"chr15:50583159:50586392:clu_17624:ENSG00000092439.13",6.05992190124153e-05,0.00414101249574359,0.988324243018801
"chr15:50707874:50719940:clu_17630:ENSG00000138600.9",-0.00888921576916448,0.00448096656177737,0.0472812685855827
"chr15:50258517:50263235:clu_17606:ENSG00000140287.10",0.0114093832945945,0.00354424425585958,0.00128580142342838
"chr15:50720100:50722124:clu_17630:ENSG00000138600.9",0.0067176274813395,0.00461489315383259,0.145491899946921
"chr15:50586488:50589592:clu_17624:ENSG00000092439.13",0.0053150119162222,0.00426546226974482,0.212743229027867
"chr15:50254664:50257425:clu_17606:ENSG00000140287.10",-0.0166692407363342,0.00360193623146606,3.69471488337325e-06
"chr15:27328888:27480650:clu_17018:ENSG00000182256.12",0.0013187030487101,0.00299232186116008,0.659433389489888
"chr15:28179030:28179142:clu_17024:ENSG00000128731.15",0.00385528183885889,0.00401309369001353,0.336715221858582
"chr15:80172248:80173014:clu_18330:ENSG00000103876.11",0.000814539589256469,0.00279004568902794,0.770328758485518
"chr15:78546698:78548790:clu_18305:ENSG00000041357.15",0.00166898284289175,0.00388936802989004,0.667840157724199
"chr15:78931506:78932372:clu_18316:ENSG00000103811.15",-0.000494361141836442,0.00311059213442752,0.873725358333997
"chr15:78545764:78546575:clu_18305:ENSG00000041357.15",-0.00118687297813916,0.00395252144952895,0.763961689136306
"chr15:78939171:78944891:clu_18320:ENSG00000103811.15",-0.0053800702193304,0.00271628764659688,0.0476282615334112
"chr15:79845442:79889093:clu_18323:ENSG00000136371.10",-0.00202894181214624,0.00238589538137357,0.3951082383521
"chr15:78931506:78931901:clu_18316:ENSG00000103811.15",0.00396343155350032,0.00412076430888962,0.336140270458225
"chr15:79845442:79889093:clu_18323:ENSG00000180953.11",-0.00249004954119868,0.00237253562242796,0.293933823046845
"chr15:39967879:39972908:clu_17190:ENSG00000128829.11",-0.00307020700072785,0.00383839235729322,0.423787312580702
"chr15:40406350:40407636:clu_17219:ENSG00000128928.8",0.01574955175007,0.00419185587574874,0.000171839765093829
"chr15:39419652:39420544:clu_17180:ENSG00000259345.5",-0.00659254674458983,0.00271088578666674,0.0150207162393688
"chr15:40459896:40461912:clu_17226:ENSG00000140320.11",0.00115452845854756,0.00396935288349761,0.771157917018316
"chr15:40022605:40029406:clu_17193:ENSG00000128829.11",-0.00884227882192555,0.00329268742053376,0.00724367279457439
"chr15:40459896:40461915:clu_17226:ENSG00000140320.11",0.00471546319715056,0.00366178223955453,0.197832705861372
"chr15:55321390:55327531:clu_17688:ENSG00000069943.9",0.00314950660900197,0.0035315261070878,0.372486232717793
"chr15:49424583:49483151:clu_17588:ENSG00000140285.9",-0.0166022037795365,0.00447783172105846,0.000209196856810534
"chr15:50424514:50432338:clu_17613:ENSG00000138592.13",-0.00201713443843031,0.00502382492782935,0.688041967777643
"chr15:49590007:49611215:clu_17594:ENSG00000166262.15",0.00248283511370801,0.00415714383389405,0.550343538931687
"chr15:49625431:49632159:clu_17597:ENSG00000104047.14",-0.0126092698907984,0.00393765026913156,0.0013636709978514
"chr15:49017628:49019418:clu_17578:ENSG00000138593.8",0.00320500419741688,0.00421567313644135,0.447099677263559
"chr15:50424654:50439009:clu_17613:ENSG00000138592.13",0.00193836107239336,0.00471059330480756,0.680713422819823
"chr15:49621122:49625113:clu_17596:ENSG00000104047.14",0.00160587954143933,0.00627333172596818,0.797962331215649
"chr15:49615243:49620700:clu_17595:ENSG00000166262.15",0.00304871021766946,0.0039942524268533,0.445299826833946
"chr15:49631058:49632159:clu_17597:ENSG00000104047.14",0.00995729655718806,0.00398037716751898,0.0123634834225951
"chr15:49625431:49631001:clu_17597:ENSG00000104047.14",0.00645535025145508,0.00441850622132287,0.144020866036137
"chr15:57406064:57406973:clu_17727:ENSG00000128849.10",-0.00215890486970065,0.00395659432190506,0.585308428194595
"chr15:57376567:57437985:clu_17727:ENSG00000128849.10",0.00718104180476297,0.00316778306779406,0.0233964438611878
"chr15:57712188:57714536:clu_17741:ENSG00000255529.7",0.0023896560877005,0.00338511604004581,0.480231464023886
"chr15:96127413:96131822:clu_18701:ENSG00000247809.7",0.00502317620903975,0.00288796804239202,0.0819738873164232
"chr15:30929397:30930543:clu_17076:ENSG00000198690.9",-0.0111527999959813,0.00384273606306914,0.00370425263031526
"chr15:30976955:30990777:clu_17082:ENSG00000166912.16",-0.00422950993202587,0.0036795645140784,0.250366608482015
"chr15:30903887:30904512:clu_17068:ENSG00000198690.9",0.00561545761741401,0.00418878237522357,0.180052221226511
"chr15:30903887:30904512:clu_17068:ENSG00000261628.1",0.00553252724666041,0.00418094895153742,0.185745371766009
"chr15:63044152:63056985:clu_17815:ENSG00000140416.19",-0.0102276080605815,0.00608706687733919,0.09291462961028
"chr15:24587735:24623968:clu_16975:ENSG00000259905.5",-0.00327989000880803,0.00332312216075784,0.323647294971333
"chr15:25103970:25106164:clu_16997:ENSG00000224078.13",0.00240110797207919,0.00343333235607709,0.484332055074756
"chr15:25093974:25097321:clu_16995:ENSG00000224078.13",0.00425921240249628,0.00352425028619637,0.226837987589581
"chr15:97965666:97965895:clu_18711:ENSG00000140450.8",-0.00875114829876257,0.00243547085311074,0.000326634247100444
"chr15:97961168:97965600:clu_18711:ENSG00000140450.8",0.0109301505048429,0.00249924188775195,1.22333910816952e-05
"chr15:96126115:96127162:clu_18701:ENSG00000247809.7",-0.00092410633855666,0.00267042805059551,0.72930381280426
"chr15:97653223:97665540:clu_18710:ENSG00000251209.7",0.000742222415821753,0.00233884654299988,0.750981459322392
"chr15:55317867:55318864:clu_17687:ENSG00000225973.3",0.00476942546678376,0.00271697778795812,0.079188228446607
"chr15:55317867:55318931:clu_17687:ENSG00000225973.3",-0.00330476821987477,0.00218385194852088,0.130209859474559
"chr15:55432602:55434905:clu_17695:ENSG00000256061.7",-0.00595865256615211,0.00379139555458256,0.116037512768746
"chr15:55317867:55318864:clu_17687:ENSG00000260916.7",0.00413109561079784,0.00279225137320444,0.139010585533682
"chr15:55317867:55318931:clu_17687:ENSG00000260916.7",-0.00341780711672415,0.00220112535164711,0.120481815923222
"chr15:55205705:55223889:clu_17685:ENSG00000069974.15",-0.010331642828009,0.0038905311814454,0.00791705812303711
"chr15:55356409:55359539:clu_17692:ENSG00000260916.7",0.00229371793093302,0.00403057763866062,0.569302387742734
"chr15:25061413:25061950:clu_16988:ENSG00000224078.13",-0.00287951519517766,0.00361094093325776,0.425194497932681
"chr15:25354683:25355892:clu_17007:ENSG00000114062.18",0.000325035699316777,0.0029638028299472,0.912672312843394
"chr15:25099278:25100779:clu_16996:ENSG00000224078.13",-0.000614788070819803,0.00406345226648068,0.8797414486511
"chr15:24575003:24587567:clu_16975:ENSG00000259905.5",0.00456161502882849,0.00312336677867981,0.144158172495501
"chr15:25354426:25354528:clu_17007:ENSG00000114062.18",0.000555597767442678,0.00329397163204869,0.866055364102606
"chr15:24958868:24962114:clu_16981:ENSG00000128739.21",0.00707921836452715,0.00390727162543537,0.0700161701917397
"chr15:25095828:25096828:clu_16995:ENSG00000224078.13",0.00204799426579844,0.00357387047842667,0.566613153656551
"chr15:25082705:25083396:clu_16992:ENSG00000224078.13",-0.000372313667188008,0.00296338142288543,0.900018387600614
"chr15:90911238:90911385:clu_18627:ENSG00000196547.14",-0.0100176428409296,0.00296271646913626,0.000721606026774957
"chr15:90884544:90885037:clu_18615:ENSG00000182511.11",-0.00980894076901184,0.00238531995284148,3.91886585002776e-05
"chr15:90999793:90999900:clu_18648:ENSG00000184056.14",0.00658336567577503,0.00393571743940533,0.0943818095612178
"chr15:90884639:90885037:clu_18615:ENSG00000182511.11",0.00662096125859099,0.00245576673124673,0.00701592968398246
"chr15:90878304:90878764:clu_18613:ENSG00000140564.11",0.00382049913958501,0.00370384317229828,0.302308318117895
"chr15:90903734:90904190:clu_18622:ENSG00000196547.14",0.00434236503191717,0.00319125072588688,0.173605525852978
"chr15:90959998:90960328:clu_18642:ENSG00000166965.12",0.00963392095883244,0.00284063210631099,0.000695185599603243
"chr15:89871546:89878265:clu_18580:ENSG00000157823.16",0.00457267759311478,0.00318058114175985,0.15052311238244
"chr15:89645162:89645336:clu_18555:ENSG00000166813.14",0.00654803875889553,0.00359491333667394,0.068534937500249
"chr15:89645165:89645336:clu_18555:ENSG00000166813.14",-0.00570262690671924,0.00371167613901296,0.12443979915923
"chr15:90088747:90090479:clu_18584:ENSG00000182054.9",0.0101525741932238,0.00335446307293518,0.00247331667443129
"chr15:90091644:90102276:clu_18584:ENSG00000182054.9",-0.00350630502874982,0.00306653435098321,0.252868539662131
"chr15:32575668:32575917:clu_17090:ENSG00000261064.1",-0.00597267986161511,0.00287881377577891,0.0380141888672988
"chr15:32537006:32575917:clu_17090:ENSG00000261064.1",-0.0031118577919446,0.00305239774193234,0.307975245669467
"chr15:81297078:81299380:clu_18347:ENSG00000172349.17",-0.00396315941742497,0.00444351808968468,0.372448267811852
"chr15:82419247:82419368:clu_18369:ENSG00000259429.5",-0.00140151707245807,0.00438966091798903,0.749516592353221
"chr15:25405502:25438489:clu_17006:ENSG00000114062.18",-0.00345536729510646,0.00283387022025642,0.222726421098494
"chr15:25087599:25089912:clu_16994:ENSG00000224078.13",0.00755087784891895,0.00345351029138844,0.0287837513959084
"chr15:24856716:24886516:clu_16979:ENSG00000128739.21",-0.00135588852698529,0.00332785074306188,0.683687276304631
"chr15:25117515:25118268:clu_17000:ENSG00000224078.13",0.00194916719857571,0.00351043686607335,0.578724232805928
"chr15:25088741:25089614:clu_16994:ENSG00000224078.13",-0.00415216380871351,0.00392149725707949,0.289681289143652
"chr15:25064855:25070120:clu_16989:ENSG00000224078.13",-0.000439319498583248,0.00296061021434904,0.882036444540789
"chr15:39581228:39581829:clu_17181:ENSG00000137801.10",-0.00724730148838582,0.00448663398203844,0.106243735911844
"chr15:68197628:68205245:clu_17987:ENSG00000128973.12",-0.00661828855461162,0.00405405756917858,0.102572143838416
"chr15:68197628:68205121:clu_17987:ENSG00000129007.14",-0.00332450501110854,0.00342350832667026,0.331507781297921
"chr15:68197628:68205245:clu_17987:ENSG00000129007.14",-0.00693597894331821,0.00404876278736486,0.0866921717950487
"chr15:68199681:68205245:clu_17987:ENSG00000128973.12",-0.00263390864617815,0.00308883212905388,0.393814648648962
"chr15:68199681:68205121:clu_17987:ENSG00000128973.12",-0.00151002735329903,0.00355935504708764,0.671389446177488
"chr15:68199681:68205121:clu_17987:ENSG00000129007.14",-0.00124437281313523,0.00349508378085272,0.721814212844768
"chr15:68197628:68199541:clu_17987:ENSG00000129007.14",0.00721790096036939,0.00321889762202409,0.0249386426857828
"chr15:68197628:68199541:clu_17987:ENSG00000128973.12",0.0064377832420534,0.00316337895234083,0.0418411066038764
"chr15:68199681:68205245:clu_17987:ENSG00000129007.14",-0.00292678273885445,0.00314533161558142,0.352103762532644
"chr15:68197628:68205121:clu_17987:ENSG00000128973.12",-0.00330335668413087,0.00341097301235242,0.332819697616857
"chr15:99139744:99156148:clu_18729:ENSG00000103852.12",-0.00514034903116669,0.00340688929131223,0.131347314525639
"chr15:99126792:99129367:clu_18726:ENSG00000182253.14",0.00536413385344286,0.00416958081004769,0.198271283723051
"chr15:33836987:33837631:clu_17109:ENSG00000198838.13",0.00163456596996164,0.00301542188979058,0.587771146604683
"chr15:30614540:30625051:clu_17064:ENSG00000247728.2",-0.00989591075450287,0.0037021336856371,0.00751697487891423
"chr15:30968010:30974314:clu_17081:ENSG00000166912.16",0.00846848867327071,0.0047238780008562,0.0730211577909419
"chr15:90885258:90886961:clu_18616:ENSG00000182511.11",0.00760568892466275,0.00287141517937302,0.00807877424219094
"chr15:90482749:90483361:clu_18601:ENSG00000140575.12",-0.000319577841696448,0.00383022876664952,0.93350509811165
"chr15:90877211:90877527:clu_18612:ENSG00000140564.11",-0.00594020935696369,0.00361052445405682,0.0999186088945213
"chr15:90890484:90890982:clu_18619:ENSG00000182511.11",-0.0108058144472704,0.00330365357337265,0.0010721797855725
"chr15:90912279:90912517:clu_18628:ENSG00000196547.14",0.012380049825787,0.00372946734363484,0.000901716188606128
"chr15:90889636:90889840:clu_18617:ENSG00000182511.11",-0.00477226371006425,0.00302091782113118,0.114166497700802
"chr15:90889443:90889517:clu_18617:ENSG00000182511.11",0.00673331675687134,0.00294393787482144,0.0221853004962664
"chr15:90877615:90878132:clu_18612:ENSG00000140564.11",0.00408201147728147,0.00302783661696538,0.177606580216129
"chr15:90892111:90892707:clu_18620:ENSG00000182511.11",0.00444362630404214,0.00390443621933664,0.255080070936266
"chr15:90234596:90236063:clu_18591:ENSG00000183208.12",0.0115394245964022,0.00369403795057787,0.00178533595211572
"chr15:89871546:89888521:clu_18580:ENSG00000157823.16",0.00711426807645102,0.00327176457270948,0.0296718243245809
"chr15:90877211:90877462:clu_18612:ENSG00000140564.11",0.000968865123592641,0.00294427061897605,0.742104321705676
"chr15:89877424:89888521:clu_18580:ENSG00000157823.16",-0.00794779989777293,0.00324287590476923,0.0142519637487823
"chr15:90877211:90878132:clu_18612:ENSG00000140564.11",0.00714237831581628,0.00550375649696831,0.194380855689804
"chr15:90912991:90913614:clu_18629:ENSG00000196547.14",0.0026411942929047,0.00302020443327468,0.381841421339892
"chr15:90912991:90913273:clu_18629:ENSG00000196547.14",0.00518655500320224,0.00322369636436632,0.107641606810323
"chr15:89803507:89803647:clu_18575:ENSG00000166825.13",-0.00555885114418816,0.00427618175093877,0.193615807973853
"chr15:90910292:90910501:clu_18626:ENSG00000196547.14",-0.00638429692983677,0.00310536966829715,0.0397931673455465
"chr15:89630493:89631495:clu_18552:ENSG00000166813.14",-0.00155455632805231,0.00367455589035048,0.672251741001036
"chr15:90909504:90910090:clu_18626:ENSG00000196547.14",0.00941974850420647,0.00291802485544434,0.00124604584363475
"chr15:89889136:89893881:clu_18581:ENSG00000242498.7",-0.00602887372815081,0.00360715556275827,0.0946495953778476
"chr15:89889136:89893881:clu_18581:ENSG00000157823.16",-0.00767060617965298,0.00359883295056506,0.0330549762937761
"chr15:73942962:73946417:clu_18124:ENSG00000129038.15",-0.00533940156709347,0.00400106913828438,0.182042109460556
"chr15:74185055:74185311:clu_18140:ENSG00000137868.18",0.0100443074781143,0.00393464775365969,0.0106865618343015
"chr15:72518134:72544820:clu_18092:ENSG00000166233.14",0.00635848805448104,0.00479877838548144,0.185163777151229
"chr15:72288410:72288538:clu_18082:ENSG00000140488.15",-0.00637960720934109,0.0044747078367797,0.153953908070546
"chr15:72304794:72315845:clu_18085:ENSG00000140488.15",0.00651224121375513,0.00398859298625488,0.102528654894932
"chr15:72346710:72347686:clu_18089:ENSG00000213614.9",-0.00604323570236935,0.00572866003840385,0.291465295344995
"chr15:73946554:73947067:clu_18124:ENSG00000129038.15",-0.000324378307847485,0.00415224216141724,0.937731611476866
"chr15:74037955:74042989:clu_18132:ENSG00000140464.19",-0.00556979380912086,0.0049986111840613,0.265164117329015
"chr15:59669362:59671183:clu_17783:ENSG00000140299.11",0.0046582761517669,0.00312708057384124,0.136314556919298
"chr15:59642262:59650669:clu_17780:ENSG00000140307.10",0.00243400340077063,0.00333028889407282,0.46485945019396
"chr15:59678087:59678748:clu_17784:ENSG00000140299.11",-0.00402111639526457,0.00472904593069615,0.395157301033135
"chr15:94442960:94458137:clu_18690:ENSG00000140563.14",0.00514630812023499,0.00249107105839319,0.0388377552746454
"chr15:94370180:94384022:clu_18689:ENSG00000140563.14",0.000235990732626771,0.00334733766280422,0.943794885611165
"chr15:83924033:83942596:clu_18417:ENSG00000156218.12",-3.97808148029369e-05,0.00334122829295373,0.990500574851365
"chr15:83924033:83931117:clu_18417:ENSG00000156218.12",0.00404162916739916,0.00376253907887289,0.282743808094665
"chr15:98913282:98915964:clu_18717:ENSG00000140443.13",0.00153486100457762,0.00299684028010831,0.608539201816476
"chr15:94470442:94476696:clu_18691:ENSG00000140563.14",0.00324647077081596,0.00332045663599223,0.328213734807249
"chr15:25097030:25097321:clu_16995:ENSG00000224078.13",0.000707859614441582,0.0033658461386075,0.833428394414735
"chr15:25405502:25409088:clu_17006:ENSG00000114062.18",-0.00370329887318959,0.00294857015787351,0.209128911525863
"chr15:50439177:50449400:clu_17614:ENSG00000138592.13",0.0136073958571315,0.00523880114675209,0.00939254839298287
"chr15:50355545:50356100:clu_17612:ENSG00000244879.6",0.00189977398074524,0.00387292221604197,0.623760834244502
"chr15:49615243:49620631:clu_17595:ENSG00000166262.15",0.00147070777412609,0.00546168616581703,0.78771634571449
"chr15:49606218:49611215:clu_17594:ENSG00000166262.15",-0.00559383019250762,0.00426747331058498,0.189923269630419
"chr15:78120661:78123705:clu_18285:ENSG00000136425.12",0.00128043635938007,0.00376295708022223,0.733650214814827
"chr15:78932458:78934978:clu_18317:ENSG00000103811.15",-0.0126586951288251,0.00414328026395922,0.00224884193204355
"chr15:78937423:78937686:clu_18319:ENSG00000103811.15",0.00730802158894112,0.0026466825795947,0.00575892879279083
"chr15:78935750:78937318:clu_18318:ENSG00000103811.15",-0.0130438511181869,0.00367128741197562,0.000380956384237074
"chr15:78937496:78939140:clu_18319:ENSG00000103811.15",0.00357481829756375,0.00313590963849114,0.254302069852187
"chr15:78937823:78939140:clu_18319:ENSG00000103811.15",0.00143454366232279,0.00281018528030452,0.609715152866578
"chr15:78264895:78265481:clu_18294:ENSG00000140403.12",-0.00118082858495083,0.00386813021904031,0.760159641987787
"chr15:78438356:78439795:clu_18301:ENSG00000136381.12",-0.00198329107311733,0.00277700600126285,0.475113894800267
"chr15:51450346:51451645:clu_17645:ENSG00000104093.13",-0.00178581313063897,0.00643372964339995,0.781342130671491
"chr15:51453641:51455151:clu_17645:ENSG00000104093.13",-0.0103572661866014,0.00415931703735114,0.0127694127374103
"chr15:51934354:51946990:clu_17653:ENSG00000138594.13",0.000428225004668272,0.00371962671870405,0.908345409786648
"chr15:90876557:90876896:clu_18611:ENSG00000140564.11",0.00519777315235488,0.00383290809290254,0.175070134423851
"chr15:90942605:90942912:clu_18637:ENSG00000140553.17",0.00220547801577026,0.00323795875001573,0.495787834427901
"chr15:90185081:90201458:clu_18587:ENSG00000185033.14",0.00658074322152666,0.00366778263245623,0.0727809205715094
"chr15:90358957:90360043:clu_18599:ENSG00000196391.10",0.00755805798331589,0.00305212421921607,0.013274189347563
"chr15:93045705:93072916:clu_18682:ENSG00000182175.13",-0.000553024608291849,0.00246527443397546,0.822503818416423
"chr15:90890278:90890401:clu_18618:ENSG00000182511.11",-0.00486545570608354,0.0037077079996428,0.189434351514187
"chr15:90943082:90944892:clu_18638:ENSG00000140553.17",0.0138496988188004,0.00369627426359845,0.000179008561294602
"chr15:90949720:90950154:clu_18639:ENSG00000140553.17",0.00334008628088357,0.00372582497110834,0.370002373488705
"chr15:91006729:91006950:clu_18651:ENSG00000184056.14",0.00688590022651592,0.00320214847189931,0.0315235845861453
"chr15:90885258:90885412:clu_18616:ENSG00000182511.11",0.00193067971772095,0.0032920382407289,0.557560113754536
"chr15:90891191:90891500:clu_18619:ENSG00000182511.11",-0.00168082311648036,0.00327476183742654,0.607765433170103
"chr15:90905723:90905922:clu_18623:ENSG00000196547.14",0.00879979412673766,0.00389119544529904,0.0237306077153601
"chr15:92147159:92150950:clu_18656:ENSG00000176463.13",-0.00964759316099525,0.00303049018502057,0.00145501526521374
"chr15:90466091:90466269:clu_18600:ENSG00000140575.12",0.0021642482219337,0.00294327671587116,0.462145046964368
"chr15:90913374:90913614:clu_18629:ENSG00000196547.14",0.0101765632320339,0.00305380281514246,0.000860932406728687
"chr15:90889443:90889840:clu_18617:ENSG00000182511.11",-0.00217003716385285,0.00345944992765604,0.53047695891483
"chr15:90906913:90907309:clu_18625:ENSG00000196547.14",0.00519054097183687,0.00346494230733412,0.13412894680836
"chr15:90890278:90890366:clu_18618:ENSG00000182511.11",0.000357985888014363,0.0037762895139116,0.924475024199418
"chr15:90906913:90907189:clu_18625:ENSG00000196547.14",-0.00192982597142311,0.00364531060555994,0.59652827656213
"chr15:90912246:90912517:clu_18628:ENSG00000196547.14",0.00196619921824985,0.00350238576503078,0.574532697206555
"chr15:89324227:89325490:clu_18537:ENSG00000140521.12",-0.00619069985958031,0.00387715122179225,0.110329575666493
"chr15:87979463:88032857:clu_18498:ENSG00000140538.16",0.000631232748640597,0.00326033055052717,0.846481231280173
"chr15:89305698:89306007:clu_18531:ENSG00000140525.17",-0.00137471440258113,0.00279269944488884,0.622540571511496
"chr15:89322015:89323404:clu_18535:ENSG00000140521.12",-0.000272920141742217,0.00402819734905665,0.945982715450752
"chr15:89306194:89307476:clu_18531:ENSG00000140525.17",-0.00361107630836497,0.00295933885289424,0.222377407867568
"chr15:89632996:89633141:clu_18553:ENSG00000166813.14",-0.00248861115572757,0.00319837632391538,0.43651844170262
"chr15:89806806:89814772:clu_18578:ENSG00000166825.13",-0.000739355267143004,0.00319506145876211,0.8169996777931
"chr15:88639594:88652170:clu_18515:ENSG00000172183.14",0.00204165572635711,0.00308226656904005,0.507722729829169
"chr15:24955062:24962114:clu_16981:ENSG00000128739.21",-0.0120887894893046,0.00380020171103884,0.0014672126392381
"chr15:25083527:25085190:clu_16993:ENSG00000224078.13",-0.000229511860554878,0.00274129303959021,0.933275920691351
"chr15:25078995:25081091:clu_16991:ENSG00000224078.13",0.00227627903279445,0.00297609856714655,0.444358860470507
"chr15:24920124:24962114:clu_16981:ENSG00000128739.21",0.0115585315027619,0.00388568708640334,0.00293329797287334
"chr15:25078995:25079826:clu_16991:ENSG00000224078.13",0.00156452219850102,0.00383209868165478,0.68307713402597
"chr15:78270677:78273095:clu_18294:ENSG00000140403.12",-0.00357102549454291,0.00312706654220202,0.25346525158965
"chr15:78274424:78275611:clu_18295:ENSG00000140403.12",0.00413959222736024,0.00437148116487993,0.343662143436493
"chr15:76504974:76574158:clu_18254:ENSG00000140386.12",0.00667840124482849,0.00530064980936181,0.207697778153888
"chr15:76935722:76943758:clu_18262:ENSG00000117906.13",0.000545064495748294,0.00539213371294388,0.919482888243625
"chr15:78274424:78275498:clu_18295:ENSG00000140403.12",-0.00645070616111589,0.00413332230455105,0.118604258086734
"chr15:77477630:77478295:clu_18275:ENSG00000140382.14",-0.00426991226433175,0.00420916895245276,0.310377048327664
"chr15:77998355:77998503:clu_18279:ENSG00000167202.11",-0.0173142447089476,0.00429221410897532,5.48650817269181e-05
"chr15:76935722:76941637:clu_18262:ENSG00000117906.13",0.00267378318543535,0.00515282187489831,0.603832654788607
"chr15:77471814:77477555:clu_18275:ENSG00000140382.14",0.000887328463537364,0.00490844558209875,0.856543513088253
"chr15:82415675:82418636:clu_18368:ENSG00000259429.5",0.0031912046725754,0.00542003951080073,0.556009630241212
"chr15:80897339:80903097:clu_18337:ENSG00000259649.4",0.000856308263700081,0.00259312779085477,0.741232102872009
"chr15:81313403:81318409:clu_18352:ENSG00000172345.13",-0.00353385101727519,0.00295537180190212,0.231798731551694
"chr15:82420075:82431830:clu_18370:ENSG00000259429.5",0.00649549335771215,0.00738804049946254,0.379298116536676
"chr15:82420075:82431830:clu_18370:ENSG00000197978.9",0.00665979422651628,0.00772555718895076,0.388661595808577
"chr15:82355374:82400660:clu_18366:ENSG00000259429.5",0.0181691158666838,0.00472234485377684,0.00011934020294857
"chr15:99228732:99234988:clu_18733:ENSG00000103852.12",-0.00506415027248921,0.00277471874934949,0.0679853375548222
"chr15:88879269:88881357:clu_18517:ENSG00000140511.11",-0.00983008333152116,0.00345567801080984,0.00444647347001337
"chr15:25407262:25409088:clu_17006:ENSG00000114062.18",0.00121369214478174,0.00327221312231086,0.710705573804548
"chr15:25375763:25405461:clu_17006:ENSG00000114062.18",0.00579578580263114,0.00330298648162085,0.0793088006485251
"chr15:25356896:25360383:clu_17008:ENSG00000114062.18",-0.00319367750493701,0.00260178486132309,0.219636658175567
"chr15:101656020:101656922:clu_18794:ENSG00000185418.15",0.000381784716573194,0.00378983520719537,0.919757544979047
"chr15:72019095:72020918:clu_18068:ENSG00000066933.15",0.0144133810008811,0.00365807375267233,8.14286624661875e-05
"chr15:92985673:92991476:clu_18676:ENSG00000173575.20",-0.00446719368820475,0.00342224385239045,0.191776910509073
"chr15:93052507:93072916:clu_18682:ENSG00000182175.13",0.00105355700977953,0.00222006196758907,0.635099208813313
"chr15:88468024:88475110:clu_18508:ENSG00000181991.15",-0.00166722313626609,0.0042304363732713,0.693505786707628
"chr15:88468024:88472355:clu_18508:ENSG00000181991.15",-0.00370153269307326,0.00344184920079279,0.282173830361442
"chr15:27989666:27990576:clu_17020:ENSG00000104044.15",-0.00108892979801923,0.00384232552786805,0.776867287328455
"chr15:27990647:28014776:clu_17020:ENSG00000104044.15",-0.00247203793108201,0.00412498403101616,0.54898335380184
"chr15:94440298:94442919:clu_18690:ENSG00000140563.14",0.00177788987285787,0.00292710252018781,0.54359278671734
"chr15:99228732:99245389:clu_18733:ENSG00000103852.12",0.00245344779230546,0.00337333930839027,0.467038909513993
"chr15:99361511:99363106:clu_18737:ENSG00000168904.14",-0.00794671095289107,0.00325269494442247,0.014561057535351
"chr15:99138127:99139317:clu_18728:ENSG00000103852.12",-0.00283650342788088,0.00284501247349151,0.318760075448808
"chr15:101022597:101024803:clu_18775:ENSG00000154237.12",-0.00073687575142404,0.00228179900451765,0.746743476677232
"chr15:100850332:100859800:clu_18763:ENSG00000232386.9",0.0026569589947067,0.00340450938292383,0.435141663093391
"chr15:100855348:100859800:clu_18763:ENSG00000232386.9",-0.0051295979771222,0.00280683862944452,0.0676192540988594
"chr15:99228732:99249417:clu_18733:ENSG00000103852.12",-0.00409930951909122,0.00279436098350705,0.142377811917038
"chr15:99138127:99139137:clu_18728:ENSG00000103852.12",0.00226811540732004,0.0030565398314162,0.458055054951015
"chr15:56666986:56668823:clu_17710:ENSG00000137871.19",-0.0028554388143554,0.00376178469389809,0.447813720023754
"chr15:56707150:56707263:clu_17713:ENSG00000137871.19",0.005913354110246,0.00371719004000038,0.111651674217363
"chr15:57282598:57286157:clu_17724:ENSG00000140262.17",-0.00606496275795484,0.00355401628994953,0.0879132488088906
"chr15:57282598:57296955:clu_17724:ENSG00000140262.17",0.0027318592890164,0.0036930157617993,0.459459775292311
"chr15:57252492:57253262:clu_17722:ENSG00000140262.17",0.00585605762907029,0.00428830227787438,0.172068058958017
"chr15:57251423:57253262:clu_17722:ENSG00000140262.17",-0.00836635776102277,0.00398811613897977,0.0359208726471376
"chr15:56704267:56707082:clu_17713:ENSG00000137871.19",0.00276043829154919,0.0043756383851569,0.528128621831614
"chr15:63061788:63062215:clu_17816:ENSG00000140416.19",0.00151255433054825,0.00603136446441865,0.801983083522824
"chr15:63043831:63056985:clu_17815:ENSG00000140416.19",0.0181745150812525,0.00842547724630126,0.0309986307330675
"chr15:63062645:63064064:clu_17817:ENSG00000140416.19",-0.000904873298594456,0.00423048702219334,0.830630178737489
"chr15:63060939:63061198:clu_17816:ENSG00000140416.19",0.00906333375489782,0.00665627794728756,0.173317243536485
"chr15:63062645:63065896:clu_17817:ENSG00000140416.19",-0.00214441756694942,0.0045171022350742,0.634977282240591
"chr15:63064142:63065896:clu_17817:ENSG00000140416.19",-0.000885846336314717,0.00459029349827569,0.846972669813865
"chr15:63062645:63071090:clu_17817:ENSG00000140416.19",0.00497441776151754,0.00422946122319425,0.239540897256416
"chr15:63061273:63061713:clu_17816:ENSG00000140416.19",-0.00441078920623947,0.00542949831360663,0.416576432608548
"chr15:63532707:63533803:clu_17828:ENSG00000140455.16",0.00516286296078359,0.00368598182718957,0.16131125225768
"chr15:63675093:63677845:clu_17849:ENSG00000103657.13",0.00385795182869857,0.0033990517497198,0.256371855474971
"chr15:63971561:63983625:clu_17855:ENSG00000035664.11",0.00270416819975724,0.00800995973759361,0.735664097156309
"chr15:63599196:63600697:clu_17837:ENSG00000197361.7",0.0123388978230935,0.00519669891597429,0.0175788169216108
"chr15:62781241:62783771:clu_17810:ENSG00000171914.16",-0.00150194197498885,0.00292301714243655,0.607368919417884
"chr15:40032801:40034326:clu_17194:ENSG00000128829.11",-0.00909108672025912,0.0035038968406762,0.00947108121844498
"chr15:40810757:40812699:clu_17249:ENSG00000166140.17",-0.00505052450876922,0.00297024839411313,0.0890611455984107
"chr15:40407812:40407939:clu_17219:ENSG00000128928.8",-0.00754607971206564,0.00497749186731675,0.129509088890426
"chr15:41005687:41016088:clu_17266:ENSG00000128908.15",-0.0125663247973019,0.00408760882951553,0.00211033659381543
"chr15:99633173:99645561:clu_18741:ENSG00000068305.17",0.00645113176861319,0.00292904565827623,0.0276322084432159
"chr15:99729731:99731718:clu_18746:ENSG00000183060.15",-0.00410624784060075,0.00255440333698279,0.107940913004188
"chr15:96118976:96121831:clu_18699:ENSG00000247809.7",-0.0028703316296038,0.0027729410121911,0.300612043400667
"chr15:95256776:95288302:clu_18695:ENSG00000248441.6",-0.00294592803573846,0.00260355759767812,0.257844281088634
"chr15:95288468:95289422:clu_18696:ENSG00000248441.6",0.00540020157366888,0.00292491234912928,0.0648518379565091
"chr15:77252526:77283883:clu_18271:ENSG00000173517.10",-0.00385160541937076,0.00423826821532435,0.363472241307334
"chr15:78155275:78156908:clu_18286:ENSG00000166411.13",-0.000260274539373815,0.00374712084802715,0.944623571937084
"chr15:76841931:76857809:clu_18252:ENSG00000140386.12",0.00353648690952568,0.00463605860913381,0.445569634867133
"chr15:77421004:77458404:clu_18273:ENSG00000140382.14",-0.00567794842539172,0.00377298432453437,0.132350857255425
"chr15:76804633:76841734:clu_18252:ENSG00000140386.12",-0.00303145468915761,0.00464281470111336,0.513798395972304
"chr15:77018531:77025284:clu_18265:ENSG00000140368.12",0.00366347586871984,0.00403733116494857,0.364195103918615
"chr15:68358585:68361590:clu_17999:ENSG00000137809.16",0.00942510340374437,0.00426733147535323,0.027197987599291
"chr15:67658614:67664597:clu_17979:ENSG00000137764.19",-0.00463982774837211,0.00328949959133615,0.158393121285484
"chr15:68335845:68339500:clu_17996:ENSG00000137809.16",-0.000327280842282592,0.00409287762680405,0.936266281448458
"chr15:67664645:67692479:clu_17979:ENSG00000137764.19",0.00763822710353318,0.00309758570543579,0.0136682970163448
"chr15:48748610:48752349:clu_17575:ENSG00000103995.13",0.00325731150329081,0.0041122921886544,0.428307352153959
"chr15:49156016:49161764:clu_17581:ENSG00000156958.14",-0.00220608262191882,0.00451873477304226,0.625402494159271
"chr15:48167401:48168631:clu_17564:ENSG00000104177.17",0.00351757647734562,0.00396943209203781,0.375527984650241
"chr15:48143071:48149032:clu_17559:ENSG00000104177.17",-0.00264456850850279,0.0054666477035714,0.628553217648918
"chr15:48166128:48167349:clu_17564:ENSG00000104177.17",0.00258363058484406,0.00424653154699783,0.542915842082936
"chr15:99256125:99276576:clu_18734:ENSG00000168904.14",0.00559445833087899,0.00303163493590082,0.0649851644836891
"chr15:99334129:99352369:clu_18735:ENSG00000168904.14",-0.00487367439032817,0.00290957769143653,0.0939253471374024
"chr15:99245510:99249417:clu_18733:ENSG00000103852.12",0.00192224409174432,0.00290957949099667,0.508830093635859
"chr15:56412436:56427605:clu_17705:ENSG00000151575.14",0.0165369002683804,0.00438937250638999,0.000164899664591101
"chr15:55317867:55318907:clu_17687:ENSG00000260916.7",0.001713458195883,0.00273182554887958,0.530514417130481
"chr15:55317867:55318907:clu_17687:ENSG00000225973.3",0.000497073665821822,0.00266658085080026,0.852124330385475
"chr15:56391418:56394165:clu_17704:ENSG00000151575.14",-0.00149722908651243,0.00326476082211409,0.646519286480878
"chr15:35220582:35373521:clu_17153:ENSG00000134146.11",0.0010325314085459,0.0028354589067749,0.715746252363097
"chr15:36896686:36950324:clu_17168:ENSG00000134138.19",-0.000792953507617441,0.00292357434607955,0.786216130121825
"chr15:70980184:70984094:clu_18043:ENSG00000137821.11",-0.0062210100805352,0.00287068105362809,0.03022836736211
"chr15:71771208:71777232:clu_18058:ENSG00000187720.14",0.00761110117451726,0.00359990081672653,0.0344936625758145
"chr15:70984257:71008379:clu_18043:ENSG00000137821.11",0.00525245180216439,0.00279687009358151,0.0603846004267959
"chr15:43420735:43421025:clu_17447:ENSG00000067369.13",0.0118921085452615,0.0050102662477898,0.0176180923339041
"chr15:44672239:44672388:clu_17498:ENSG00000229474.6",0.00705142430426872,0.00490741967602731,0.150749133320482
"chr15:43640496:43663654:clu_17460:ENSG00000166762.16",0.00948491521998394,0.0049309826801343,0.0544129601910592
"chr15:43428168:43432194:clu_17448:ENSG00000067369.13",-0.0125447815270488,0.00663720054530581,0.05874843973403
"chr15:44672156:44672388:clu_17498:ENSG00000229474.6",-0.00637377289215088,0.004207283679637,0.129788168008093
"chr15:44499813:44514598:clu_17481:ENSG00000137770.13",0.0025625105055524,0.0049656624899329,0.605822247995152
"chr15:43135649:43138574:clu_17419:ENSG00000137842.6",-0.00160892321095218,0.0058523438516242,0.783378116150658
"chr15:43421174:43421855:clu_17447:ENSG00000067369.13",-0.0152094142316342,0.00525213627694472,0.00378129565789009
"chr15:43640496:43663654:clu_17460:ENSG00000249839.1",0.00961727598783564,0.00494007970646745,0.0515604452154008
"chr15:44828571:44831602:clu_17505:ENSG00000259479.6",0.0113964985865646,0.00412853058926598,0.00577262306665316
"chr15:43036279:43036528:clu_17414:ENSG00000159459.11",-0.00353943276248837,0.0064264423389373,0.581797633947918
"chr15:42984942:42988819:clu_17410:ENSG00000159459.11",-0.00582727961301994,0.00523859212624024,0.265976891847018
"chr15:43432677:43438324:clu_17448:ENSG00000067369.13",0.0101854137867237,0.00738934264390899,0.168082166707455
"chr15:80153135:80153359:clu_18326:ENSG00000103876.11",0.00115114407618766,0.00317194420996678,0.7166688656088
"chr15:90614488:90617883:clu_18603:ENSG00000140577.15",-0.00530964687403754,0.00336369631970842,0.114447223552582
"chr15:90946914:90947796:clu_18638:ENSG00000140553.17",-0.00073795762597345,0.00312487495663759,0.81331170632345
"chr15:90223740:90223838:clu_18588:ENSG00000185033.14",-0.00554155987904995,0.00311673270830867,0.0754033741093008
"chr15:90231507:90232219:clu_18590:ENSG00000185043.10",-0.00354805476470194,0.00252566235073353,0.160080253350587
"chr15:90891191:90891554:clu_18619:ENSG00000182511.11",0.0018720053028038,0.00318653524511813,0.556885682074714
"chr15:90221765:90223559:clu_18588:ENSG00000185033.14",0.00438001636694435,0.00299727223804027,0.143923754253395
"chr15:90909504:90910501:clu_18626:ENSG00000196547.14",-0.0110954362595337,0.00429796310568157,0.00983557797012946
"chr15:90913406:90913614:clu_18629:ENSG00000196547.14",-0.0128933937396489,0.003506406181481,0.000235903856806607
"chr15:90957480:90957604:clu_18641:ENSG00000166965.12",-0.00461924676677955,0.00336453779418512,0.169776706484402
"chr15:89793126:89799260:clu_18572:ENSG00000166825.13",-0.0103241347559079,0.00486289784026711,0.0337503601132314
"chr15:90884544:90885042:clu_18615:ENSG00000182511.11",0.000324568115570726,0.00299090128200287,0.91358440767398
"chr15:90232327:90233669:clu_18590:ENSG00000185043.10",0.00439343867513114,0.00256078554992655,0.0862241941712087
"chr15:52264296:52269753:clu_17668:ENSG00000128833.12",0.0100829989060178,0.00522924818512092,0.05383114453677
"chr15:52564246:52568848:clu_17679:ENSG00000128989.10",-0.0029262953167141,0.00584789921322266,0.616792664800344
"chr15:70687820:70690454:clu_18035:ENSG00000137831.14",-0.00560385501023883,0.00318680029547245,0.0786695832589744
"chr15:92943068:92944415:clu_18670:ENSG00000173575.20",0.00277107772828218,0.00281833770310041,0.325493633362334
"chr15:56446943:56456394:clu_17707:ENSG00000138587.5",-0.00621133981795003,0.00532681292642922,0.243593501490243
"chr15:56654503:56658424:clu_17708:ENSG00000137871.19",-0.00226972688250361,0.00380726434107621,0.551070419626121
"chr15:98924684:98929561:clu_18718:ENSG00000140443.13",-0.0038678634123843,0.00257559687964168,0.13316561795763
"chr15:84538616:84542145:clu_18438:ENSG00000189136.8",-0.000512970508255684,0.00266618209324585,0.847429752123301
"chr15:84653699:84654227:clu_18457:ENSG00000177082.12",0.000273454591821456,0.00460374909125327,0.952634915139707
"chr15:84778312:84782657:clu_18461:ENSG00000166716.9",0.00721362947832578,0.00536278094258523,0.178583741401659
"chr15:29701689:29704162:clu_17054:ENSG00000104067.16",0.00861537476761954,0.00724591726544929,0.23444079984454
"chr15:30485267:30489268:clu_17062:ENSG00000215302.8",0.00800823135185278,0.00357069949719822,0.0249121262726761
"chr15:29701689:29703325:clu_17054:ENSG00000104067.16",0.00118459506702976,0.00510518625208905,0.816508825054177
"chr15:65500779:65507243:clu_17923:ENSG00000074603.18",-0.000802578203714263,0.00438027466409423,0.854621053218824
"chr15:64931585:64934136:clu_17892:ENSG00000166839.16",-0.00222432546184978,0.00522409440727276,0.670266690712666
"chr15:65498032:65500606:clu_17923:ENSG00000074603.18",0.000632817572377568,0.00431492045356411,0.883401976959208
"chr15:65454415:65456225:clu_17920:ENSG00000074603.18",-0.00825507291293478,0.00398813059107287,0.0384607375893399
"chr15:65474288:65478880:clu_17921:ENSG00000074603.18",-0.00854325925446901,0.00425987609784361,0.0449076717597044
"chr15:65625970:65639595:clu_17931:ENSG00000074621.13",0.00103399666251268,0.00399915095318838,0.795979343134602
"chr15:64690549:64703029:clu_17880:ENSG00000180304.14",0.000782239157903393,0.00600357105198717,0.89633252609432
"chr15:64691588:64703029:clu_17880:ENSG00000180304.14",-0.00346493123171469,0.00456881505561364,0.448219169318183
"chr15:65456371:65463761:clu_17920:ENSG00000074603.18",0.01006407774692,0.00335853367169781,0.00273036476831789
"chr15:64965460:64969255:clu_17889:ENSG00000090487.10",-0.00332912466367948,0.00488882431403354,0.495892806859807
"chr15:65467223:65474209:clu_17921:ENSG00000074603.18",0.0063979370304129,0.00443572889364471,0.149199627595757
"chr15:64969066:64969255:clu_17889:ENSG00000090487.10",0.00365887463318594,0.00497250899537394,0.461839873010902
"chr15:65021616:65026831:clu_17900:ENSG00000103707.9",0.00385194000903577,0.00544991227364354,0.479697387538265
"chr15:65607442:65610796:clu_17930:ENSG00000138614.14",0.00142504467482692,0.00353494074486399,0.686851757059026
"chr15:65452102:65454263:clu_17920:ENSG00000074603.18",0.0063315870618616,0.00481827515714943,0.188820118821257
"chr15:65248228:65259464:clu_17912:ENSG00000138617.14",0.00398777561812427,0.00395814235342909,0.313700965287712
"chr15:64983593:64989665:clu_17891:ENSG00000090487.10",0.00083060275964246,0.00418481060999938,0.842669241445884
"chr15:65266768:65270935:clu_17914:ENSG00000138617.14",-0.00426812225679192,0.00341441638081742,0.211288658317166
"chr15:65605236:65607302:clu_17930:ENSG00000138614.14",0.0132349531276552,0.00381936504908542,0.00052979119869101
"chr15:64259241:64300319:clu_17869:ENSG00000169118.17",0.0112445687521309,0.00400133511134161,0.00495100758133082
"chr15:70057658:70058150:clu_18028:ENSG00000140332.15",-0.00179403197864366,0.00295542859665039,0.543831416827934
"chr15:88652310:88655415:clu_18515:ENSG00000172183.14",0.00278387453695751,0.0029678924977989,0.348245903743957
"chr15:90088747:90102276:clu_18584:ENSG00000182054.9",-0.00614442015130163,0.00341074875950652,0.0716261267522229
"chr15:90912664:90912877:clu_18628:ENSG00000196547.14",-0.00728443417017828,0.00355323213988687,0.0403559650362072
"chr15:89801607:89803239:clu_18574:ENSG00000166825.13",-0.00292237537947509,0.00358980249693979,0.415600883781555
"chr15:25405502:25407067:clu_17006:ENSG00000114062.18",0.0058388094553392,0.00327000068701826,0.0741691889717084
"chr15:25409207:25411908:clu_17006:ENSG00000114062.18",-0.00458237811528941,0.00304617116392167,0.132502209934371
"chr15:99151386:99156148:clu_18729:ENSG00000103852.12",-0.0112901034213007,0.0036020313230828,0.00172222812339951
"chr15:99352471:99361336:clu_18736:ENSG00000168904.14",-0.00314698581377048,0.00301491259019947,0.296574853830173
"chr15:30922354:30925127:clu_17074:ENSG00000198690.9",0.00735286102947478,0.00415093492874761,0.0764984162865219
"chr15:55350912:55354798:clu_17690:ENSG00000069943.9",-3.45622991483863e-05,0.00343891784224681,0.991981122580669
"chr15:55234956:55248952:clu_17686:ENSG00000069974.15",0.00322299308772279,0.00370114107102623,0.383857545419047
"chr15:84021593:84025238:clu_18420:ENSG00000156218.12",-0.00652074367742054,0.005630990228764,0.246859906092207
"chr15:84527667:84538532:clu_18437:ENSG00000189136.8",0.00678121767854796,0.00341996813807519,0.0473863481052593
"chr15:84526876:84538532:clu_18437:ENSG00000189136.8",-0.00451852219159666,0.00305950369852729,0.139707599337683
"chr15:83588771:83618082:clu_18415:ENSG00000140600.16",-0.00468537477642659,0.0041314519515213,0.256763251264129
"chr15:84539788:84542145:clu_18438:ENSG00000189136.8",-0.00103255371859069,0.00351331702563237,0.768836526906962
"chr15:84538616:84539704:clu_18438:ENSG00000189136.8",0.0029190763087554,0.00449589012612549,0.516159600139507
"chr15:84203020:84204177:clu_18426:ENSG00000225151.10",-0.00597225080751658,0.00499896843588704,0.232205574635376
"chr15:84653699:84654234:clu_18457:ENSG00000177082.12",-0.00436728846978925,0.00498046654862216,0.380549970313675
"chr15:45592276:45605428:clu_17552:ENSG00000104164.10",-0.010625996676878,0.00407306963354442,0.00908490778675763
"chr15:45676317:45682478:clu_17554:ENSG00000137767.13",-0.00326315912096986,0.00448529111513515,0.466904719911944
"chr15:45130098:45131918:clu_17523:ENSG00000137857.17",0.00454469731751597,0.00529173657908163,0.390434815058939
"chr15:45676310:45682478:clu_17554:ENSG00000137767.13",0.00133741350446132,0.00431529720393097,0.756618868839563
"chr15:100572065:100573651:clu_18758:ENSG00000140471.16",0.00140845036812391,0.0028321780724622,0.618975467187879
"chr15:100887712:100892069:clu_18770:ENSG00000184254.16",0.0053791915397832,0.00316822546249652,0.0895348881346805
"chr15:101287010:101295097:clu_18787:ENSG00000131876.16",0.00574762224492246,0.0038194286998301,0.132365677640434
"chr15:101287702:101295097:clu_18787:ENSG00000131876.16",0.00634745289171832,0.00353079444712994,0.0722181079999782
"chr15:89633266:89633686:clu_18554:ENSG00000166813.14",0.000551727905230375,0.00291570179414482,0.849915336566242
"chr15:88887345:88895459:clu_18518:ENSG00000140511.11",-0.00134676508260981,0.0025434717739494,0.596459522882601
"chr15:88459863:88464703:clu_18504:ENSG00000259494.1",0.00809364308108223,0.00470241243646318,0.0852202936725648
"chr15:88893112:88895459:clu_18518:ENSG00000140511.11",-0.00156762146733063,0.00263448691637247,0.551817653923262
"chr15:88472725:88475172:clu_18508:ENSG00000181991.15",0.00154789809121545,0.00279343106780277,0.579496216875559
"chr15:88880610:88881357:clu_18517:ENSG00000140511.11",0.00161939674122809,0.00293747962933411,0.581436386639019
"chr15:25095828:25097321:clu_16995:ENSG00000224078.13",0.000627698848998962,0.00345607835668558,0.855879612828751
"chr15:25055230:25056483:clu_16987:ENSG00000224078.13",0.00514297543536414,0.00318680475904044,0.106563331102039
"chr15:25067531:25070120:clu_16989:ENSG00000224078.13",-0.000410843156638415,0.00292660691727204,0.888358118363406
"chr15:24967152:24967932:clu_16982:ENSG00000128739.21",0.00343662900022477,0.00407068576388433,0.398536232901811
"chr15:25076990:25078862:clu_16990:ENSG00000224078.13",0.0052696625588459,0.0034405755215092,0.125615640092255
"chr15:36579961:36644278:clu_17157:ENSG00000186073.11",0.00184782940548057,0.00349365669396162,0.596867995117587
"chr15:58890461:58892897:clu_17764:ENSG00000137776.16",-0.000847400583923996,0.00325850764578377,0.794819128741184
"chr15:59664120:59668892:clu_17782:ENSG00000140299.11",-0.00116664136672926,0.00452319473417871,0.796465410510565
"chr15:58717727:58749480:clu_17755:ENSG00000137845.14",-0.00506133961082414,0.00392065381523203,0.196723530707188
"chr15:58889554:58890281:clu_17764:ENSG00000137776.16",-0.00307648647059753,0.00329757802729638,0.350844054535455
"chr15:32526978:32528532:clu_17088:ENSG00000223509.8",0.0111974900547256,0.003159558176672,0.000394097734218946
"chr15:32643818:32679766:clu_17095:ENSG00000166922.8",0.00127044135874748,0.00301858980305497,0.67384820608726
"chr15:99139576:99139696:clu_18729:ENSG00000103852.12",-0.00243020216159866,0.00305120192743676,0.425756742181777
"chr15:99361511:99386030:clu_18737:ENSG00000168904.14",-0.00409996732345075,0.00351774713651566,0.243812861058598
"chr15:84646348:84647890:clu_18454:ENSG00000177082.12",-0.00581187498772851,0.00362351670883268,0.108729006650802
"chr15:84204691:84204787:clu_18427:ENSG00000225151.10",-0.00529947536135794,0.00352741405008711,0.133001995646858
"chr15:84174157:84181982:clu_18423:ENSG00000259511.2",-0.0075827600224477,0.00229824164937742,0.000969005249196964
"chr15:84823368:84827484:clu_18465:ENSG00000136383.6",-0.00024005628128652,0.00382308679957055,0.949932758128533
"chr15:84205319:84229902:clu_18428:ENSG00000225151.10",-0.00280796599335818,0.00366032200899473,0.443000463455367
"chr15:83115741:83151215:clu_18411:ENSG00000166503.8",-0.023427704288926,0.00412920716825599,1.39781044516951e-08
"chr15:60503667:60505508:clu_17798:ENSG00000069667.15",0.00462797659691408,0.00317395974063681,0.144810732590275
"chr15:60442545:60447970:clu_17792:ENSG00000128915.11",-0.00161224725683527,0.0030578502612616,0.598020965917458
"chr15:69671907:69677546:clu_18025:ENSG00000259641.5",-0.00255909136156701,0.00264511213052654,0.333304460013131
"chr15:70684446:70687540:clu_18034:ENSG00000137831.14",0.00250795858026791,0.00296933700462235,0.398323573059542
"chr15:71765199:71771064:clu_18057:ENSG00000187720.14",-0.00566132188189684,0.00330400847878969,0.0866259702821922
"chr15:71660734:71728549:clu_18055:ENSG00000187720.14",-0.0100805273931579,0.00409035514470227,0.0137218872085666
"chr15:69563302:69563590:clu_18022:ENSG00000245750.7",0.0150922955616108,0.00301346437685337,5.49165007690533e-07
"chr15:70963932:70980101:clu_18042:ENSG00000137821.11",0.00104232196959276,0.003068381740499,0.734084255448701
"chr15:70973432:70980101:clu_18042:ENSG00000137821.11",-0.00152568747210942,0.00252632805242361,0.545900138103182
"chr15:55238491:55270165:clu_17686:ENSG00000069974.15",0.00147865514498009,0.00356182258849512,0.678039395077855
"chr15:30937259:30941566:clu_17078:ENSG00000198690.9",0.000849778539568728,0.0046292240586888,0.854352175980756
"chr15:29705745:29708559:clu_17055:ENSG00000104067.16",0.00230560448911755,0.00415732362624736,0.579176055508623
"chr15:30975003:30976819:clu_17082:ENSG00000166912.16",0.00242722958209596,0.00359841110457764,0.499975595767579
"chr15:84573251:84577948:clu_18443:ENSG00000259728.5",-0.00840117309643318,0.00535673673902747,0.116802302010226
"chr15:85684873:85693277:clu_18486:ENSG00000170776.21",-0.0158410430293121,0.00327767417239746,1.34481765723393e-06
"chr15:84670069:84670725:clu_18460:ENSG00000140612.13",0.00945726639718055,0.00662245275588754,0.153274306309473
"chr15:100380827:100408567:clu_18754:ENSG00000259430.1",-0.00805622336982411,0.00316879372236773,0.0110105810248876
"chr15:58643978:58646055:clu_17752:ENSG00000137845.14",0.00521371299292587,0.00349095444388533,0.135308412447454
"chr15:60455162:60455326:clu_17794:ENSG00000128915.11",0.001707769226408,0.00314258723654628,0.586835298417976
"chr15:58611107:58611808:clu_17751:ENSG00000137845.14",-0.000230966322275107,0.00315388724260164,0.941621287529873
"chr15:60453784:60455003:clu_17794:ENSG00000128915.11",0.0025069650437544,0.0031866160394866,0.431447544098676
"chr15:58610517:58610999:clu_17751:ENSG00000137845.14",0.00213181998896473,0.00335500108410622,0.525157403769489
"chr15:59671314:59672637:clu_17783:ENSG00000140299.11",-0.00514537813045529,0.0030517409099479,0.0917867770727232
"chr15:58640960:58643886:clu_17752:ENSG00000137845.14",-0.00676648167370807,0.00333939971624272,0.0427384668052849
"chr15:90482281:90483361:clu_18601:ENSG00000140575.12",0.0040999636029956,0.00301069045291381,0.173260451240567
"chr15:90358957:90362545:clu_18599:ENSG00000196391.10",-0.0033429377643454,0.00288125576434228,0.245952577973328
"chr15:89805217:89805321:clu_18577:ENSG00000166825.13",-0.00387110657205565,0.00291889205087971,0.184765298555308
"chr15:89804617:89805078:clu_18577:ENSG00000166825.13",-0.00151582468402433,0.00306498574125032,0.620909514301808
"chr15:91007964:91008904:clu_18652:ENSG00000184056.14",0.016513708701011,0.00308604846350537,8.74282753970945e-08
"chr15:89683948:89690577:clu_18562:ENSG00000166821.8",-0.00333932164426703,0.00370339467514005,0.367220461860465
"chr15:99139399:99156148:clu_18729:ENSG00000103852.12",-0.0025427817113583,0.00262690505667008,0.333056230070018
"chr15:99880827:99882968:clu_18749:ENSG00000259363.5",0.00769340898303965,0.00304128323048002,0.0114173484670622
"chr15:52613857:52678006:clu_17682:ENSG00000047346.12",-0.00444196528186389,0.00311734300485456,0.154180245323902
"chr15:52658797:52678006:clu_17682:ENSG00000047346.12",0.00428932342851397,0.00308698777174173,0.164685296961554
"chr15:91014433:91016963:clu_18653:ENSG00000184056.14",-0.0021937120546948,0.00265920288049958,0.409399414614884
"chr15:90880115:90880691:clu_18614:ENSG00000140564.11",-0.000710751973799496,0.00440441710334487,0.871799993353084
"chr15:90885585:90886961:clu_18616:ENSG00000182511.11",-0.00438480858234634,0.00342618320899607,0.200617608096678
"chr15:73289238:73293390:clu_18111:ENSG00000067141.16",0.000587562539589485,0.00453594068450314,0.896934425905551
"chr15:74034530:74042373:clu_18132:ENSG00000140464.19",0.0078777277380708,0.00525565647822629,0.133898379570049
"chr15:73984130:73984659:clu_18126:ENSG00000067221.13",0.00321398264479089,0.00454488415205208,0.479463994914393
"chr15:74608110:74608277:clu_18157:ENSG00000179335.18",-0.0022922176700169,0.004294246100106,0.593488115074732
"chr15:73989257:73990351:clu_18128:ENSG00000067221.13",0.00469141691097106,0.00469801983894068,0.317991151236071
"chr15:73984130:73985318:clu_18126:ENSG00000067221.13",0.00073572569556288,0.00468489175310337,0.875211591948125
"chr15:84632298:84637347:clu_18451:ENSG00000176700.19",-0.00140472459774166,0.00502315123175017,0.779745988099648
"chr15:84638477:84639524:clu_18453:ENSG00000176700.19",-0.000747192728708359,0.0038637972461457,0.846659022938903
"chr15:85113447:85113873:clu_18472:ENSG00000073417.14",0.00423132655589183,0.00429366942595291,0.324388212329685
"chr15:83943082:83961573:clu_18418:ENSG00000156218.12",-0.0109746961576337,0.00529526565754747,0.038214295934176
"chr15:83943082:83970484:clu_18418:ENSG00000156218.12",0.0129520968395038,0.00535174979516448,0.0155136311211457
"chr15:85115487:85115984:clu_18472:ENSG00000073417.14",-0.0122369830760621,0.00469726306152484,0.00918392836325954
"chr15:90629532:90638446:clu_18605:ENSG00000140577.15",-0.00418518727467375,0.00483622670064923,0.386828732910956
"chr15:92974950:92978234:clu_18674:ENSG00000173575.20",0.00336298655157365,0.00269001534217275,0.211236085882973
"chr15:85749125:85750242:clu_18492:ENSG00000259762.1",-0.00236539211186624,0.00310252003926223,0.44581537651918
"chr15:85749125:85750242:clu_18492:ENSG00000259416.2",-0.00236539211186624,0.00310252003926223,0.44581537651918
"chr15:85749125:85750242:clu_18492:ENSG00000259407.1",-0.00243261734437405,0.00310509246197183,0.433375636174749
"chr15:78939171:78944778:clu_18320:ENSG00000103811.15",0.0047146361528502,0.00277858860614084,0.0897394471738282
"chr15:78157631:78161581:clu_18287:ENSG00000166411.13",-0.00169687388188154,0.00456475965459787,0.710091312971937
"chr15:78929493:78931451:clu_18315:ENSG00000103811.15",0.00275637624858334,0.00323014026837263,0.3934762158727
"chr15:92946340:92948952:clu_18671:ENSG00000173575.20",0.0015671490186783,0.00302707977242866,0.604660723904973
"chr15:92946216:92948952:clu_18671:ENSG00000173575.20",-0.000619073329865137,0.00308746956647398,0.84108052037517
"chr15:90236181:90238492:clu_18591:ENSG00000183208.12",0.000285020939305639,0.00339997200752573,0.933191294701389
"chr15:90880232:90880691:clu_18614:ENSG00000140564.11",-0.00373471119412517,0.00455127264837889,0.411882052629577
"chr15:90949443:90950154:clu_18639:ENSG00000140553.17",0.0035736671546564,0.00302764459223877,0.237862764870543
"chr15:91017885:91022154:clu_18653:ENSG00000184056.14",0.000247035750584091,0.00271296187529782,0.927446836592634
"chr15:28705227:28705483:clu_17040:ENSG00000188626.6",-0.000909994231965072,0.00348774975171401,0.794160709206115
"chr15:28612173:28618219:clu_17031:ENSG00000206149.10",-0.00297877024681749,0.00323512981234529,0.357177014745485
"chr15:28655420:28655495:clu_17036:ENSG00000206149.10",0.00374298751749554,0.00477530207946273,0.433144478053081
"chr15:49625431:49626744:clu_17597:ENSG00000104047.14",-0.00777539011739778,0.00631855892546398,0.218486037443004
"chr15:49170375:49201162:clu_17581:ENSG00000156958.14",-0.0124960372508154,0.00496393988739991,0.0118237033745959
"chr15:49319116:49319604:clu_17584:ENSG00000156958.14",0.0103981028770119,0.00507152734596759,0.0403361191819084
"chr15:49632302:49633520:clu_17597:ENSG00000104047.14",-0.00712968707734786,0.00485332435171358,0.141824205023577
"chr15:89889140:89903216:clu_18581:ENSG00000157823.16",0.00352395807145314,0.00381966450022468,0.356224484828543
"chr15:90913755:90916123:clu_18630:ENSG00000196547.14",-0.0130961731623677,0.00359703774070342,0.000271769271307565
"chr15:89681540:89686431:clu_18562:ENSG00000166821.8",0.00902818379905159,0.00393160764646782,0.0216582521954034
"chr15:90890484:90891554:clu_18619:ENSG00000182511.11",0.0171381412724993,0.00474787846250404,0.000306619946049969
"chr15:90103452:90128424:clu_18585:ENSG00000259685.2",-0.00802031744122265,0.00350521023220648,0.0221309357124116
"chr15:90940473:90942912:clu_18637:ENSG00000140553.17",0.0048629759667714,0.00626071283506517,0.437309366004799
"chr15:89889140:89903216:clu_18581:ENSG00000242498.7",0.00320207713610692,0.00391465648045094,0.413373504522394
"chr15:24955036:24962114:clu_16981:ENSG00000128739.21",0.00367726772960074,0.00380510153162741,0.333841749254418
"chr15:25093974:25095719:clu_16995:ENSG00000224078.13",0.00107796367124416,0.00372152444086951,0.772079053196661
"chr15:42142714:42143978:clu_17337:ENSG00000168907.13",-0.00821891406619145,0.00503172879383007,0.102381210625128
"chr15:41843223:41843676:clu_17318:ENSG00000243708.10",0.00486520779037404,0.00241859482165716,0.0442637574840257
"chr15:41262883:41270557:clu_17272:ENSG00000187446.11",0.0192417482151718,0.00422421396823151,5.23588251810647e-06
"chr15:42403777:42409303:clu_17373:ENSG00000092529.23",0.00088654817672351,0.00614698397505061,0.885322875594281
"chr15:41388522:41394105:clu_17280:ENSG00000137806.8",0.00454210266016217,0.0045044649769573,0.313283761222873
"chr15:41842591:41843126:clu_17318:ENSG00000243708.10",-0.00731389826273487,0.00306333498629694,0.016960601106173
"chr15:41846047:41846140:clu_17321:ENSG00000243708.10",-0.00777500872518578,0.00463861651817073,0.0937091676578014
"chr15:41824569:41825209:clu_17310:ENSG00000137802.13",-0.00196305770942699,0.00566256747393414,0.728837201530217
"chr15:41358258:41365405:clu_17276:ENSG00000137804.12",-0.00139675137296909,0.00424059107292883,0.741871069646878
"chr15:42736780:42737013:clu_17406:ENSG00000140326.12",-0.0164452959917622,0.00443104014490587,0.000206128299593433
"chr15:99241559:99249417:clu_18733:ENSG00000103852.12",-0.00254178722085054,0.00290935205527651,0.382302934146631
"chr15:99148709:99150018:clu_18729:ENSG00000103852.12",0.00102905413854418,0.00307583000408898,0.737955930897894
"chr15:41243739:41256910:clu_17270:ENSG00000187446.11",-0.0015469872364016,0.00358449714928728,0.6660487338018
"chr15:42354453:42359782:clu_17367:ENSG00000092529.23",0.014518616378056,0.00429242395615756,0.000718602124305079
"chr15:41836551:41836781:clu_17314:ENSG00000243708.10",0.00195943738428075,0.00539119854527484,0.716267887954773
"chr15:42165816:42166128:clu_17347:ENSG00000166887.15",-0.00273302944768331,0.00368623778364238,0.458442269746475
"chr15:42390096:42392639:clu_17369:ENSG00000092529.23",0.000322734283583646,0.00500114150280265,0.948546529159562
"chr15:42387886:42388928:clu_17369:ENSG00000092529.23",-0.00386474992417163,0.00414158499251675,0.350738800792647
"chr15:42410666:42410795:clu_17376:ENSG00000092529.23",0.00815382217765445,0.00337718814640285,0.0157619287118278
"chr15:42165816:42166159:clu_17347:ENSG00000166887.15",0.00236282852789045,0.0036519062152623,0.517623931845206
"chr15:42878684:42920438:clu_17408:ENSG00000128881.16",-0.0101914728799118,0.00502608290395682,0.0425891572262738
"chr15:42149848:42150104:clu_17340:ENSG00000168907.13",0.0101795221134435,0.00440974810368436,0.0209761480960641
"chr15:41834893:41834970:clu_17311:ENSG00000243789.10",0.00635497370704348,0.00599796154165925,0.28936200167164
"chr15:42165113:42165718:clu_17346:ENSG00000166887.15",-0.016368550293318,0.00426397563607796,0.000123637012829803
"chr15:41834893:41834978:clu_17311:ENSG00000243789.10",-0.00384779224950168,0.00406106272164862,0.343392168159337
"chr15:42409844:42409931:clu_17374:ENSG00000092529.23",0.00252742849975312,0.00473428751574087,0.593441063115742
"chr15:41231449:41243667:clu_17270:ENSG00000187446.11",0.000627052532441019,0.00367508747550656,0.864520622103237
"chr15:42410666:42410884:clu_17376:ENSG00000092529.23",-0.00651591111560939,0.00320231308363669,0.041875890764103
"chr15:42343154:42345758:clu_17365:ENSG00000214013.9",0.00666511760579767,0.00443488625448621,0.132869075243992
"chr15:41836551:41836781:clu_17314:ENSG00000243789.10",0.00195943738428075,0.00539119854527484,0.716267887954773
"chr15:42396877:42399492:clu_17370:ENSG00000092529.23",-0.00347825220407832,0.00332442164496923,0.29543506351695
"chr15:42410926:42411287:clu_17377:ENSG00000092529.23",0.00499018836674841,0.00264963791288,0.0596533194131204
"chr15:41743172:41748637:clu_17299:ENSG00000174197.16",0.00810049752396089,0.00431077961524096,0.060227307599622
"chr15:41846835:41847337:clu_17322:ENSG00000243708.10",-0.00743058891782266,0.004727897666303,0.116032305813131
"chr15:42442414:42444202:clu_17380:ENSG00000103994.16",0.0106732539107341,0.00403141025881529,0.00810836934856674
"chr15:42231915:42233213:clu_17354:ENSG00000103978.15",-0.00512274420167577,0.00558371060239477,0.358909798787507
"chr15:42444262:42444827:clu_17380:ENSG00000103994.16",-0.0116546078222906,0.00389209606328211,0.00274958462081032
"chr15:41438431:41452901:clu_17282:ENSG00000137815.14",0.0124722926374569,0.00498329196818735,0.0123207501382419
"chr15:41453048:41457672:clu_17282:ENSG00000137815.14",-0.00790191616158762,0.004701089406028,0.0927883330673926
"chr15:41817035:41817388:clu_17303:ENSG00000137802.13",-0.00315128296438279,0.00409128966503959,0.441156378813133
"chr15:42068941:42069909:clu_17334:ENSG00000159337.6",0.0142335004614167,0.00404097867012527,0.000427835171745827
"chr15:42411000:42411287:clu_17377:ENSG00000092529.23",-0.00432227013269225,0.00250495269701402,0.0844392544692877
"chr15:42681612:42691587:clu_17390:ENSG00000159433.11",-0.00210279693201684,0.00522415917543096,0.687305825803717
"chr15:52147535:52149884:clu_17660:ENSG00000069966.18",-0.00197645307618684,0.00332437844160206,0.552155599249814
"chr15:50488546:50489801:clu_17618:ENSG00000138592.13",-0.00540018222305451,0.00428280810286197,0.207345762791686
"chr15:47718873:47759745:clu_17555:ENSG00000137872.16",0.000932413182098254,0.0045005465251962,0.835871029512967
"chr15:48152284:48153792:clu_17561:ENSG00000104177.17",-0.00460976763095984,0.00483812407893086,0.340691099182155
"chr15:48166128:48168631:clu_17564:ENSG00000104177.17",-0.00630455125529778,0.00368331181108859,0.0869606577259674
"chr15:47717692:47759745:clu_17555:ENSG00000137872.16",-0.00109946198705215,0.00485690323226337,0.820912889914966
"chr15:48151942:48152234:clu_17561:ENSG00000104177.17",0.00474439622917832,0.00519005414193744,0.36064732206108
"chr15:48143071:48149163:clu_17559:ENSG00000104177.17",0.0084529181459566,0.00538804878065398,0.116688179964989
"chr15:65158751:65162604:clu_17910:ENSG00000166855.9",-0.00461794749510808,0.00412363471245127,0.262767852551124
"chr15:64414211:64418541:clu_17875:ENSG00000103671.9",0.0112733870304611,0.00414147833679155,0.00648747265087912
"chr15:64126220:64127174:clu_17860:ENSG00000028528.14",-0.000809716841000353,0.0028228399858503,0.774231193521142
"chr15:65651759:65652642:clu_17932:ENSG00000074621.13",-0.00183506527207605,0.00363975270434349,0.614139767276362
"chr15:64075537:64081102:clu_17857:ENSG00000166797.10",0.00778633585432827,0.00403045126318023,0.0533746966048941
"chr15:64691591:64731374:clu_17880:ENSG00000180304.14",-0.0106458925550913,0.00740483900034905,0.150520898052864
"chr15:64112684:64118117:clu_17860:ENSG00000028528.14",-0.00422752750150999,0.00384800565344737,0.271930274745564
"chr15:64981025:64983507:clu_17891:ENSG00000090487.10",0.000629160642509921,0.00444381738060246,0.887410880623853
"chr15:64409828:64418541:clu_17875:ENSG00000103671.9",-0.00331062012662361,0.00348391315271947,0.341980622759676
"chr15:64819223:64819847:clu_17885:ENSG00000140451.12",0.000409770016465714,0.0040500485167793,0.919410295848462
"chr15:64819986:64820982:clu_17885:ENSG00000140451.12",0.0061583899034252,0.00453762000224104,0.17472242859373
"chr15:42983993:42984887:clu_17410:ENSG00000159459.11",-0.0107819184366805,0.00683107509309865,0.114482164313918
"chr15:42734346:42735100:clu_17402:ENSG00000140326.12",0.00858890526903383,0.00440011102125188,0.0509412117175576
"chr15:41847523:41847649:clu_17322:ENSG00000243708.10",0.00711850122666702,0.00491058770500421,0.14716365894606
"chr15:47767093:47768581:clu_17557:ENSG00000137872.16",-0.0170678448103464,0.00408654868557751,2.95909645662285e-05
"chr15:22839790:22843102:clu_16949:ENSG00000140157.14",0.00613595612474453,0.00372241970884934,0.0992750521890238
"chr15:22717727:22723969:clu_16942:ENSG00000283273.1",-0.00292332312877944,0.00469725797494865,0.533713901696916
"chr15:23010133:23011133:clu_16960:ENSG00000275835.4",-0.000997821971216632,0.00388811257941597,0.797461308228483
"chr15:23008881:23009945:clu_16960:ENSG00000275835.4",-0.0018447559993932,0.00411674456061327,0.654073531886147
"chr15:74838685:74839010:clu_18177:ENSG00000140474.12",0.00283940316240401,0.00493602652209106,0.565128546408457
"chr15:74837435:74837751:clu_18175:ENSG00000140474.12",-0.0156324785869325,0.00191758810341322,3.33066907387547e-16
"chr15:74902786:74904664:clu_18188:ENSG00000178761.14",0.00305156382952525,0.00427805288597922,0.475655986220966
"chr15:73984868:73985318:clu_18126:ENSG00000067221.13",0.00192436193019151,0.004089514798103,0.637955004627429
"chr15:74822709:74825473:clu_18172:ENSG00000140506.16",-0.0197782142268985,0.00265563518704116,9.50350909079134e-14
"chr15:74822709:74825476:clu_18172:ENSG00000140506.16",-0.0252365335572949,0.00478032142493182,1.2971051588373e-07
"chr15:74182460:74183856:clu_18138:ENSG00000137868.18",-0.00685360872597763,0.00412586397492608,0.0966867417913512
"chr15:74042535:74042989:clu_18132:ENSG00000140464.19",-0.0114026025297787,0.00582045059261184,0.0501059498057175
"chr15:74822709:74823559:clu_18172:ENSG00000140506.16",0.0187104627344586,0.00302035933650767,5.83663561926073e-10
"chr15:74837435:74837757:clu_18175:ENSG00000140474.12",0.0155459243031373,0.00187599140122584,1.11022302462516e-16
"chr15:74813029:74816157:clu_18169:ENSG00000140506.16",-0.0139156949743943,0.00373942015588371,0.000198159768115769
"chr15:74995673:75011792:clu_18191:ENSG00000198794.11",-0.0145856598605797,0.00390298789702224,0.000186192110251504
"chr15:74842420:74842539:clu_18180:ENSG00000140474.12",0.0150522719905108,0.00422429711617678,0.000366276564989998
"chr15:74824478:74825476:clu_18172:ENSG00000140506.16",0.022181907370184,0.00422424809543167,1.51201688836089e-07
"chr15:74842417:74843004:clu_18180:ENSG00000140474.12",0.000651292780823158,0.00410097262150973,0.873815242625356
"chr15:74890089:74891379:clu_18184:ENSG00000178802.17",-4.07784273516834e-05,0.00391974299957409,0.991699483688208
"chr15:74024927:74033156:clu_18131:ENSG00000140464.19",0.0155162402896864,0.00482840590876881,0.00131112866228134
"chr15:74821900:74822075:clu_18171:ENSG00000140506.16",0.00626625645806247,0.00540183696454041,0.246039341179307
"chr15:74904712:74904982:clu_18188:ENSG00000178761.14",0.00330177031224572,0.00498375635961964,0.50764675668055
"chr15:73912303:73916343:clu_18121:ENSG00000261801.5",0.00531812234103043,0.00372950773114652,0.153880391877598
"chr15:75358344:75358507:clu_18209:ENSG00000140400.16",-0.0140804053532352,0.00305787537062454,4.13186406666988e-06
"chr15:75348723:75348884:clu_18202:ENSG00000140398.13",0.00681521122860272,0.00439433321501411,0.120923477129871
"chr15:75359208:75359328:clu_18213:ENSG00000140400.16",0.00724111715139908,0.00689781056098309,0.293823700711155
"chr15:75904103:75904491:clu_18238:ENSG00000167196.13",-0.00424562110175449,0.00404127619154171,0.293458675444846
"chr15:75338133:75338355:clu_18197:ENSG00000140365.15",0.0149008555473054,0.00425942314288176,0.000468186487033506
"chr15:74823682:74824351:clu_18172:ENSG00000140506.16",0.0159963090537124,0.00402900914674167,7.178712331668e-05
"chr15:75349339:75352111:clu_18203:ENSG00000140398.13",0.00452442473030537,0.00368776647861868,0.219869960313548
"chr15:74821900:74822642:clu_18171:ENSG00000140506.16",0.00132768688015339,0.00361835069558331,0.713670107645536
"chr15:75469999:75470680:clu_18223:ENSG00000169410.9",0.016803576526345,0.0043580607575504,0.000115377109779047
"chr15:75360211:75361046:clu_18201:ENSG00000140400.16",0.0140332427464563,0.00761310171332639,0.0652849842774653
"chr15:75338420:75338555:clu_18197:ENSG00000140365.15",-0.0119182616322338,0.00582833393316896,0.0408663832379308
"chr15:75360211:75360565:clu_18201:ENSG00000140400.16",-0.00779916222815184,0.00356937614382081,0.0288872987235093
"chr15:75598681:75601138:clu_18227:ENSG00000169371.13",0.00373757095948695,0.00366096235852225,0.307289590023141
"chr15:75338133:75338646:clu_18197:ENSG00000140365.15",-0.0139409330902004,0.00503162449711677,0.00559423857550378
"chr15:75347999:75348884:clu_18202:ENSG00000140398.13",9.52378214092294e-05,0.00401369218557243,0.98106938605469
"chr15:75338420:75338646:clu_18197:ENSG00000140365.15",-0.0204991625164013,0.00503708707776922,4.70845761608718e-05
"chr15:75360211:75360307:clu_18201:ENSG00000140400.16",-0.00244213862735453,0.00596836049551418,0.682406970559616
"chr15:75600890:75601138:clu_18227:ENSG00000169371.13",-0.00111843138915413,0.00381831687142822,0.769589304629133
"chr15:75028453:75044386:clu_18193:ENSG00000138621.11",-0.0135065127429454,0.00424540833463428,0.00146544773059309
"chr15:75621056:75622342:clu_18228:ENSG00000169371.13",0.0103204180266739,0.00359838722500773,0.00412987205243809
"chr15:74191243:74191424:clu_18141:ENSG00000137868.18",-0.00121021041089723,0.00411316394093617,0.768583238319998
"chr15:75365698:75366522:clu_18212:ENSG00000140400.16",-0.0110608260629505,0.00821968578922487,0.178415187648562
"chr15:75904629:75913203:clu_18238:ENSG00000167196.13",0.00722216982461641,0.00472125627774012,0.126087641689296
"chr15:74191108:74191424:clu_18141:ENSG00000137868.18",-0.00437170338108805,0.00433939090118507,0.313720343041988
"chr15:75358344:75358462:clu_18209:ENSG00000140400.16",0.00309504101744485,0.00205523535817922,0.132085090017492
"chr15:75353866:75354250:clu_18204:ENSG00000140398.13",0.0108077029873569,0.00744731699243027,0.146718324578019
"chr15:56666986:56667997:clu_17710:ENSG00000137871.19",-0.0016140647272718,0.00436371406406315,0.711469484498342
"chr15:58014281:58065534:clu_17744:ENSG00000128918.14",-0.0117059617238757,0.00456337502201726,0.010311686206774
"chr15:78017957:78024156:clu_18281:ENSG00000167202.11",0.0105308871172888,0.00296714209044763,0.000386449768633779
"chr15:77479321:77482970:clu_18276:ENSG00000140382.14",0.00648978386458252,0.00419218688527829,0.121606298917654
"chr15:78518773:78527380:clu_18303:ENSG00000188266.13",-0.005065139407249,0.00400725195006476,0.206232450489303
"chr15:78016739:78017847:clu_18281:ENSG00000167202.11",-0.00602467260161725,0.00271442970832239,0.0264528307671855
"chr15:76775117:76795280:clu_18261:ENSG00000140386.12",0.00407877831549794,0.00504236618845863,0.418571721387191
"chr15:89328535:89328685:clu_18540:ENSG00000140521.12",-0.00146162790619805,0.00282065571895994,0.60432761088542
"chr15:89791093:89792160:clu_18571:ENSG00000166825.13",-0.00609677954282851,0.00394011789578066,0.121776539563322
"chr15:88904162:88905757:clu_18520:ENSG00000140545.14",-0.00148385615896087,0.00509021764463674,0.770660273371172
"chr15:88469145:88472627:clu_18508:ENSG00000181991.15",-0.00221837826890145,0.00403232463876647,0.582217367381868
"chr15:90074290:90079660:clu_18583:ENSG00000140548.9",0.00828219453290094,0.00405676615901855,0.0411936543574845
"chr15:89324187:89325450:clu_18537:ENSG00000140521.12",-0.00323498091647923,0.00325470566854283,0.320252263876975
"chr15:89319350:89320766:clu_18534:ENSG00000140521.12",0.00966353660378678,0.00324870818412069,0.00293391646131957
"chr15:88032079:88032857:clu_18498:ENSG00000140538.16",-0.00176202912834858,0.00339401309145727,0.603650548512989
"chr15:89293997:89294915:clu_18529:ENSG00000140525.17",-0.00154214948862221,0.00341912355183697,0.651963249176462
"chr15:50289668:50300789:clu_17608:ENSG00000104064.16",0.000464488766508754,0.00407635531731716,0.909279747823298
"chr15:51958826:51959899:clu_17655:ENSG00000166477.12",0.0111973557187687,0.00350168691152405,0.00138526737898492
"chr15:50424654:50432338:clu_17613:ENSG00000138592.13",-0.00421574201850862,0.00377776813524279,0.264450147477856
"chr15:50289665:50300789:clu_17608:ENSG00000104064.16",-0.000949123752652435,0.00427764886440019,0.824407478051057
"chr15:50462322:50465047:clu_17616:ENSG00000138592.13",-0.00815486639530259,0.00576974545791352,0.157542822978054
"chr15:41750615:41754437:clu_17298:ENSG00000174197.16",-0.0119422785737594,0.00395233368714749,0.00251462093847232
"chr15:41058781:41059867:clu_17268:ENSG00000128908.15",0.00405636889521622,0.00356940361799132,0.255777637500817
"chr15:65512564:65517486:clu_17925:ENSG00000074603.18",0.00614962205620058,0.00375673652588174,0.101639126249773
"chr15:78278301:78288289:clu_18297:ENSG00000140395.8",-0.00455710288819708,0.00454852972772995,0.316399224881968
"chr15:77464387:77467095:clu_18274:ENSG00000140382.14",0.00848405174667741,0.00397237630646302,0.0326987895766234
"chr15:78939171:78944538:clu_18320:ENSG00000103811.15",0.00121262011432905,0.00392223240599635,0.757195408983793
"chr15:78264393:78264757:clu_18293:ENSG00000140403.12",0.00189177303019281,0.00362125205656381,0.601385905375356
"chr15:78885083:78886141:clu_18311:ENSG00000185787.14",0.00155541449933417,0.00354657131110944,0.660974217694543
"chr15:78266293:78270497:clu_18294:ENSG00000140403.12",-0.00360874527185748,0.00401001902372962,0.368156329000473
"chr15:82750714:82754629:clu_18393:ENSG00000250988.7",-0.00789302525384394,0.00455434120893947,0.0830819348073782
"chr15:81322948:81324001:clu_18353:ENSG00000172345.13",-0.00364751844900966,0.00355986795860768,0.30554165649062
"chr15:42268032:42273255:clu_17359:ENSG00000103978.15",-0.000189275278261732,0.00598034128482759,0.974751505606501
"chr15:41394358:41394859:clu_17280:ENSG00000137806.8",-0.0129732928802387,0.00430123235790824,0.00255980885014806
"chr15:41828188:41834894:clu_17311:ENSG00000243789.10",0.00664999013137248,0.00402135319220832,0.0981946319753231
"chr15:41822422:41822593:clu_17308:ENSG00000137802.13",-0.00946646186806227,0.00437326661530394,0.0304167720308969
"chr15:41828188:41834740:clu_17311:ENSG00000243789.10",-0.00512172513031211,0.00363530974681651,0.158869846175787
"chr15:42327442:42329306:clu_17364:ENSG00000214013.9",0.0122178649719388,0.00484922312686608,0.0117504616981849
"chr15:41387593:41388448:clu_17279:ENSG00000137806.8",-0.00381150624067805,0.00493612925135435,0.440016708585692
"chr15:41844607:41845203:clu_17319:ENSG00000243708.10",0.0103885107699787,0.00533217176963337,0.0513826541346624
"chr15:41815405:41815624:clu_17302:ENSG00000137802.13",0.00449021839803251,0.00345902766768068,0.194247552704616
"chr15:42327442:42327848:clu_17364:ENSG00000214013.9",0.00434333811551857,0.00453210252315241,0.337886558921964
"chr15:42733186:42733938:clu_17401:ENSG00000140326.12",0.00578467555450139,0.00432706114808337,0.181268295292935
"chr15:42160899:42161682:clu_17343:ENSG00000166887.15",-0.00389359558322081,0.00409848313024672,0.342107713897725
"chr15:41387580:41388448:clu_17279:ENSG00000137806.8",0.00879212972899578,0.00484092407558753,0.0693383226355552
"chr15:42192098:42199896:clu_17352:ENSG00000166887.15",-0.0027125267493602,0.00530405294861909,0.609066497835189
"chr15:57439601:57440377:clu_17728:ENSG00000128849.10",-0.0092469208079854,0.00458250348503943,0.0436042452220453
"chr15:57461892:57516780:clu_17731:ENSG00000128849.10",-0.00427681591313012,0.00454906191233662,0.347138893422341
"chr15:56707143:56707263:clu_17713:ENSG00000137871.19",-0.0122482747700245,0.00396138489719261,0.00198868198018642
"chr15:56666535:56666679:clu_17709:ENSG00000137871.19",0.00211278823089734,0.00325969666634973,0.516884795478193
"chr15:57072714:57091789:clu_17719:ENSG00000140262.17",-0.0033540619879798,0.00455679878342706,0.461696230795642
"chr15:56389400:56391243:clu_17704:ENSG00000151575.14",-0.00834793883001986,0.00388494445766727,0.0316508661523672
"chr15:57197825:57231152:clu_17720:ENSG00000140262.17",0.0145818719829683,0.00379338661421263,0.000121032797511966
"chr15:57599703:57604269:clu_17737:ENSG00000263155.5",0.00412469689932004,0.00423920757948663,0.330559407468974
"chr15:56668241:56668823:clu_17710:ENSG00000137871.19",0.00512552745395548,0.00513423259725532,0.318131731090785
"chr15:82988828:83008548:clu_18405:ENSG00000169609.13",0.00365489688593984,0.00350036702211111,0.296417494484473
"chr15:82214855:82219652:clu_18360:ENSG00000140598.13",-0.0067735828089468,0.00401541521267816,0.0916235933178615
"chr15:82432631:82432817:clu_18371:ENSG00000197978.9",-0.00274719925513789,0.00323413700285037,0.395637549200817
"chr15:40037355:40038282:clu_17195:ENSG00000140319.10",0.00165560759207254,0.00254618789122822,0.515543706128727
"chr15:40391554:40391949:clu_17218:ENSG00000128944.13",0.013439897962091,0.00442372977779062,0.00238045554995359
"chr15:40064601:40065221:clu_17197:ENSG00000248508.6",0.00507314577523977,0.00390539305580136,0.193940397032204
"chr15:40416182:40416290:clu_17224:ENSG00000128928.8",-0.000709529677811033,0.00444839085058199,0.87327295053623
"chr15:40007065:40008027:clu_17191:ENSG00000128829.11",-4.3981340743482e-05,0.0046227136203064,0.99240889524806
"chr15:40046069:40064461:clu_17197:ENSG00000248508.6",0.00915764864867128,0.00529682032443431,0.083827805504547
"chr15:40037018:40037309:clu_17195:ENSG00000140319.10",0.0038545317233608,0.00270203802581681,0.153716116241061
"chr15:40416362:40435422:clu_17222:ENSG00000128928.8",0.00824514178167078,0.00393309171106635,0.0360510422647704
"chr15:40008195:40009614:clu_17191:ENSG00000128829.11",0.00403082072255409,0.00406825674839277,0.321784217360039
"chr15:40854086:40854639:clu_17258:ENSG00000166145.14",-0.0175659074074342,0.00745725081840494,0.0184954396816026
"chr15:40037018:40038282:clu_17195:ENSG00000140319.10",-0.00209574587726635,0.00246313279412342,0.394855087214486
"chr15:40413087:40415401:clu_17221:ENSG00000128928.8",-0.0035918673111852,0.00825988570396907,0.663666386801139
"chr15:40046069:40065221:clu_17197:ENSG00000248508.6",0.0011090688375881,0.00398435071146023,0.780738916663792
"chr15:40554127:40557216:clu_17227:ENSG00000128891.15",-0.000919826050786569,0.00298488085639427,0.757959270787427
"chr15:43330859:43331900:clu_17430:ENSG00000168803.14",0.0211805293385699,0.00529697905695687,6.37167917869608e-05
"chr15:43632363:43632717:clu_17459:ENSG00000166762.16",-0.00926343782533429,0.00293538665067804,0.0016006892115229
"chr15:43745170:43746048:clu_17462:ENSG00000205771.6",-0.0210245350056477,0.00583285734867905,0.000312754306123653
"chr15:42729885:42730128:clu_17399:ENSG00000140326.12",-0.0201489082873589,0.00800987452706579,0.0118860776131962
"chr15:43558932:43564867:clu_17454:ENSG00000168781.21",0.0107147844916352,0.00539536907092609,0.0470419370048636
"chr15:43663716:43664418:clu_17460:ENSG00000166762.16",0.00123584077480587,0.00689112584093419,0.857672305255731
"chr15:43663716:43664418:clu_17460:ENSG00000249839.1",0.00123584077480587,0.00689112584093419,0.857672305255731
"chr15:43333434:43334945:clu_17430:ENSG00000168803.14",-0.00176367079309305,0.00606399316403918,0.771171292341471
"chr15:43640496:43664418:clu_17460:ENSG00000166762.16",0.00923973283663782,0.00606586280700497,0.127699992477403
"chr15:43632363:43635360:clu_17459:ENSG00000166762.16",0.0138729941238543,0.00395102783833025,0.000446026988341286
"chr15:43640496:43664418:clu_17460:ENSG00000249839.1",0.00923973283663782,0.00606586280700497,0.127699992477403
"chr15:43446590:43447366:clu_17450:ENSG00000067369.13",0.00781446714405024,0.0126055395511853,0.535308312786885
"chr15:99566104:99632978:clu_18740:ENSG00000068305.17",0.00380318335708961,0.00289033281439015,0.188231487488578
"chr15:99645764:99671323:clu_18741:ENSG00000068305.17",-0.00411281734048922,0.00349540746012736,0.239341383582828
"chr15:52019376:52045830:clu_17657:ENSG00000069956.11",-0.0135986155928495,0.00556543084102268,0.0145492977829176
"chr15:52587219:52593578:clu_17680:ENSG00000047346.12",-0.00104091499765518,0.00328791427808662,0.751556059535271
"chr15:52239879:52242048:clu_17666:ENSG00000128833.12",0.0136627395024261,0.0037114456554559,0.00023209815358749
"chr15:51782828:51798197:clu_17651:ENSG00000128872.9",0.00416455571255171,0.00462780224512251,0.368173875855416
"chr15:76295737:76311350:clu_18247:ENSG00000140374.15",-0.0050534765174089,0.00370736111424425,0.172853327217663
"chr15:76733384:76753808:clu_18256:ENSG00000140386.12",-0.00438387155827284,0.00483038584149666,0.364110015385767
"chr15:76292700:76311350:clu_18247:ENSG00000140374.15",-0.00551988960268396,0.00894826608670446,0.53732248830363
"chr15:76310064:76311350:clu_18247:ENSG00000140374.15",-0.000753080159244626,0.00274769138068148,0.784025127379927
"chr15:76295737:76309932:clu_18247:ENSG00000140374.15",-0.00323367946652072,0.00298078749714698,0.277992234945411
"chr15:76292700:76295591:clu_18247:ENSG00000140374.15",0.00665305077354489,0.005728691480462,0.245497115576032
"chr15:76292513:76295591:clu_18247:ENSG00000140374.15",-0.00183873465656812,0.00776930255498434,0.812915424608983
"chr15:84204516:84204600:clu_18427:ENSG00000225151.10",-0.000923590987455489,0.00475573673006974,0.846014851699124
"chr15:83008675:83010237:clu_18405:ENSG00000169609.13",-0.00229461748709608,0.00381443576798482,0.547466100387739
"chr15:55450367:55466930:clu_17696:ENSG00000256061.7",-0.00109818166891918,0.00428065472249517,0.797529838786679
"chr15:55234956:55270165:clu_17686:ENSG00000069974.15",-0.00838555134607239,0.00361773331302893,0.0204546467691957
"chr15:78105332:78105739:clu_18284:ENSG00000136425.12",-0.00290228975076662,0.00341757581881984,0.395756279555062
"chr15:77365225:77420006:clu_18272:ENSG00000173517.10",-0.00248928386930354,0.00432117595340158,0.564570364804299
"chr15:78285724:78286041:clu_18298:ENSG00000140395.8",-0.00654171013685893,0.00573402215467974,0.253928650336285
"chr15:78285339:78286041:clu_18298:ENSG00000140395.8",0.00110954007915112,0.00573068210426681,0.84647816333063
"chr15:78155275:78157548:clu_18286:ENSG00000166411.13",-0.0102423191142118,0.00378003156146199,0.00673673176110068
"chr15:70664814:70666724:clu_18032:ENSG00000137831.14",0.000924769105966379,0.00349771116748048,0.791477378622836
"chr15:63636142:63636988:clu_17842:ENSG00000103657.13",-0.00589188434196255,0.00337540834020091,0.0808922520791544
"chr15:63556748:63558106:clu_17830:ENSG00000140455.16",-0.0151280670529089,0.00348045941423599,1.38281742995128e-05
"chr15:63048707:63056985:clu_17815:ENSG00000140416.19",0.00915822788119109,0.00682248769385348,0.179479615934375
"chr15:64118244:64118788:clu_17861:ENSG00000028528.14",-0.00232717319791864,0.00543670296189821,0.668615723192337
"chr15:64152742:64153245:clu_17867:ENSG00000157734.13",0.00235909898352642,0.00389282903458808,0.544507147282692
"chr15:63597745:63600697:clu_17837:ENSG00000197361.7",0.000588052101590167,0.00305668937756648,0.847442968995035
"chr15:64153339:64153652:clu_17867:ENSG00000157734.13",-0.00225151094213147,0.00432396456649058,0.602572134042671
"chr15:64400821:64409613:clu_17874:ENSG00000103671.9",0.0115787199788723,0.0047383760651953,0.0145413329711536
"chr15:63597745:63599154:clu_17837:ENSG00000197361.7",0.00608970062955132,0.00402941757861715,0.1307093894463
"chr15:64088851:64093645:clu_17858:ENSG00000166797.10",0.00971621073574339,0.00296863950718122,0.00106431041820465
"chr15:64118244:64118792:clu_17861:ENSG00000028528.14",1.44949849113204e-06,0.00604892555274111,0.999808803655157
"chr15:63129650:63141280:clu_17819:ENSG00000103642.11",-0.00391026139264775,0.00412508711407444,0.343169094406984
"chr15:85761011:85768017:clu_18495:ENSG00000183655.12",0.00936701015349822,0.00322143131753876,0.00364077813116537
"chr15:85083644:85089338:clu_18471:ENSG00000073417.14",-0.00314794925081048,0.00475095987510365,0.50759172729163
"chr15:84542284:84546221:clu_18439:ENSG00000189136.8",-0.0132687762607519,0.00381346808664299,0.000502441793434616
"chr15:84638477:84639508:clu_18453:ENSG00000176700.19",0.00534130629264645,0.00520703840533561,0.304992539450771
"chr15:84764815:84778183:clu_18461:ENSG00000166716.9",0.00251418656402916,0.00460152813956156,0.584804214510554
"chr15:84637420:84638354:clu_18452:ENSG00000176700.19",0.00843688254749631,0.00431271271765454,0.0504319355813138
"chr15:84637420:84638396:clu_18452:ENSG00000176700.19",-0.00727560068509667,0.0041168815921917,0.0771846741966608
"chr15:84640500:84641155:clu_18453:ENSG00000176700.19",-0.00850011299594103,0.00435619838405198,0.0510251057082107
"chr15:84858555:84859243:clu_18467:ENSG00000136383.6",-0.0180208391483039,0.00570399108078493,0.00158127662766061
"chr15:85091181:85097948:clu_18471:ENSG00000073417.14",0.014023708788526,0.00430638273937834,0.00112797384913832
"chr15:96121971:96125985:clu_18700:ENSG00000247809.7",-0.0061744019187061,0.0029673275749479,0.0374526265792727
"chr15:22912275:22914726:clu_16952:ENSG00000273749.4",-0.0030343372329552,0.00495548277282614,0.540326590856507
"chr15:96290783:96326956:clu_18705:ENSG00000247809.7",-0.000606198893381113,0.00318686465784844,0.84913833816442
"chr15:96290783:96327199:clu_18705:ENSG00000247809.7",0.00540805825785216,0.00289221409077397,0.061502165866387
"chr15:68311080:68311290:clu_17991:ENSG00000137809.16",0.00645430772551901,0.00483752386315031,0.182132671864487
"chr15:81290540:81292556:clu_18344:ENSG00000172349.17",-0.00635743501029256,0.00334113920730616,0.0570699554095673
"chr15:80952296:80978766:clu_18338:ENSG00000117899.10",-0.00406180196416048,0.00404636964781831,0.315468339056732
"chr15:80059963:80098416:clu_18325:ENSG00000086666.18",0.00792657035775714,0.0030175367423099,0.00861831776260313
"chr15:50492913:50494070:clu_17619:ENSG00000138592.13",0.00816503556595522,0.00655103375147187,0.212627266176705
"chr15:50309798:50354985:clu_17611:ENSG00000104064.16",0.00686861712512809,0.00396832504233986,0.083476645563525
"chr15:28649067:28650507:clu_17034:ENSG00000206149.10",0.00160043286376193,0.0053998528570733,0.766936436378922
"chr15:89319350:89321736:clu_18534:ENSG00000140521.12",0.00527070295448721,0.00364590166689907,0.148274994013448
"chr15:70057658:70058159:clu_18028:ENSG00000140332.15",0.000642091480570066,0.00312548933448465,0.837230632857812
"chr15:70059460:70060530:clu_18029:ENSG00000140332.15",-0.000776024698286369,0.00360122314181325,0.829385930479248
"chr15:59664120:59668103:clu_17782:ENSG00000140299.11",0.0048647841643139,0.00405834924396811,0.230640695513906
"chr15:58246302:58331179:clu_17746:ENSG00000128918.14",0.00793499893890325,0.00413616768103869,0.0550549548752585
"chr15:58988068:59030804:clu_17770:ENSG00000157450.15",0.00454075432300519,0.00307439933943914,0.139687277635523
"chr15:58682314:58717577:clu_17754:ENSG00000137845.14",-0.00578621281839354,0.00346786726661799,0.0952121488936251
"chr15:57965827:57992705:clu_17743:ENSG00000128918.14",-0.00488914723198305,0.00304913318720181,0.108834281610432
"chr15:58901287:58916935:clu_17767:ENSG00000137776.16",0.00571960248874939,0.0041583904710912,0.168996125807214
"chr15:55467161:55491123:clu_17696:ENSG00000256061.7",-0.00642534175595445,0.00297715747965149,0.0309112286572311
"chr15:89801607:89802407:clu_18574:ENSG00000166825.13",0.00542644611340496,0.00388392333609942,0.162366717430715
"chr15:88467782:88467911:clu_18507:ENSG00000181991.15",-0.00138900643040585,0.00300209185442372,0.643594097287754
"chr15:88467782:88467908:clu_18507:ENSG00000181991.15",0.00268721236991535,0.00300863455649784,0.371767877484736
"chr15:88907376:88909792:clu_18521:ENSG00000140545.14",-0.00612342172875695,0.00337196960106772,0.0693737871459605
"chr15:88909923:88913247:clu_18521:ENSG00000140545.14",0.00126888467790177,0.00324751320166327,0.696000498910315
"chr15:89332374:89333096:clu_18542:ENSG00000140521.12",0.00122167104528513,0.00315907969162778,0.698965442421342
"chr15:88513140:88516782:clu_18509:ENSG00000140543.14",-2.49410498666725e-05,0.00323340065261878,0.993845525680523
"chr15:88127226:88128711:clu_18500:ENSG00000140538.16",-0.00280926319637818,0.00324504884465262,0.386650573594993
"chr15:89683948:89686431:clu_18562:ENSG00000166821.8",-0.000348460588639505,0.00316674564283517,0.912379681118517
"chr15:88127226:88135101:clu_18500:ENSG00000140538.16",0.00597642045445067,0.00349988708816914,0.0877098847751803
"chr15:88511586:88512351:clu_18509:ENSG00000140543.14",0.00402722219067234,0.00317943446462954,0.205281419096778
"chr15:57707141:57708714:clu_17740:ENSG00000255529.7",0.00804694998210459,0.00380687147075183,0.0345326881494601
"chr15:58257555:58258142:clu_17746:ENSG00000128918.14",-0.00548112458133556,0.0039283783622081,0.16293626878337
"chr15:57706955:57708714:clu_17740:ENSG00000255529.7",-0.00404863581969169,0.00312180469176417,0.194669199451606
"chr15:22671607:22672690:clu_16938:ENSG00000276141.4",-0.00433247281662742,0.00512530905831859,0.397938016993907
"chr15:23022161:23023947:clu_16962:ENSG00000275835.4",0.00907660773608688,0.00406797921931442,0.0256657274623557
"chr15:22672859:22674421:clu_16939:ENSG00000276141.4",0.00549910446208004,0.00463303261963323,0.23525361038239
"chr15:22734150:22740080:clu_16944:ENSG00000275325.4",0.0133192794085559,0.00471007150892147,0.00468647514153098
"chr15:22543138:22545767:clu_16924:ENSG00000276550.4",0.00861207368980584,0.00573879212210656,0.133439109210274
"chr15:57546239:57547352:clu_17734:ENSG00000128849.10",-0.00338343075767441,0.00384484319129846,0.37886371270329
"chr15:57546239:57547355:clu_17734:ENSG00000128849.10",0.0045865031090523,0.00389562242622398,0.239056652472721
"chr15:57453818:57461680:clu_17730:ENSG00000128849.10",-0.0032360460942144,0.00415017903600591,0.435545987263387
"chr15:52141272:52147459:clu_17660:ENSG00000069966.18",-0.00474211496564827,0.00330991788143033,0.151943968106863
"chr15:51777018:51781044:clu_17651:ENSG00000128872.9",-0.00605710304179436,0.00426303396339197,0.155362333388677
"chr15:52141272:52143870:clu_17660:ENSG00000069966.18",-0.00204097096376364,0.00507655766053074,0.687655788574761
"chr15:52678122:52678828:clu_17683:ENSG00000047346.12",0.00642086362493507,0.00426669618684125,0.132355059634895
"chr15:58810388:58821717:clu_17757:ENSG00000128923.10",0.00619338026057729,0.00431394706028313,0.151097857105204
"chr15:58246302:58279174:clu_17746:ENSG00000128918.14",-0.00931173661628325,0.00306109241215931,0.00235039059660247
"chr15:56394834:56412302:clu_17704:ENSG00000151575.14",-0.0019819592688284,0.0046214606447163,0.668025165363643
"chr15:69261329:69268220:clu_18013:ENSG00000138604.9",0.000159666666476371,0.00262161099082185,0.951435642347667
"chr15:84532290:84538532:clu_18437:ENSG00000189136.8",-0.0150680873562189,0.00432342232296714,0.000491728565101712
"chr15:83127477:83136481:clu_18412:ENSG00000136404.15",0.00274500508056661,0.0039922571439404,0.491715899972664
"chr15:83020762:83028616:clu_18406:ENSG00000064726.9",-0.0101748532577062,0.00337603048410218,0.00257954356486745
"chr15:83119681:83121921:clu_18409:ENSG00000136404.15",-0.00778178581955409,0.00534071201391376,0.145097339387662
"chr15:83010363:83011497:clu_18405:ENSG00000169609.13",-0.00566937756638003,0.00376549118185764,0.132166201963029
"chr15:40011346:40016502:clu_17192:ENSG00000128829.11",0.00375463433832924,0.00430989285324659,0.383663240100606
"chr15:74620225:74622494:clu_18160:ENSG00000179335.18",0.00707832567703434,0.0042457233498902,0.0954813984387685
"chr15:74840316:74840498:clu_18181:ENSG00000140474.12",0.00258102881185332,0.00417553301238535,0.536488607795511
"chr15:73278199:73282964:clu_18110:ENSG00000067141.16",0.0050202953386564,0.00520355191606564,0.334653809931512
"chr15:57451601:57452141:clu_17729:ENSG00000128849.10",0.00454856671000102,0.00395007021729786,0.249520260944494
"chr15:57592109:57604269:clu_17737:ENSG00000263155.5",-0.000899292228533601,0.00400647522886208,0.822399621507773
"chr15:65065273:65067733:clu_17903:ENSG00000103710.10",-0.00226078771140815,0.0054364452997622,0.677514124200765
"chr15:64943582:64947404:clu_17894:ENSG00000166839.16",0.00222556877618424,0.00415643743832659,0.592337999906036
"chr15:65020272:65026831:clu_17900:ENSG00000103707.9",-0.00197389360140096,0.00489326751455902,0.686661579814366
"chr15:64394115:64397606:clu_17873:ENSG00000103671.9",0.00368100596470225,0.00501239229139902,0.462716526735613
"chr15:65155856:65156778:clu_17908:ENSG00000166855.9",-0.00191921367086594,0.00454372772923186,0.672742220396546
"chr15:64424155:64425540:clu_17876:ENSG00000103671.9",-0.00336507497909794,0.00474430016290373,0.478145799088272
"chr15:45507155:45511138:clu_17544:ENSG00000104154.6",-0.00160945994580842,0.00613972243571194,0.793214374765186
"chr15:47768748:47770497:clu_17557:ENSG00000137872.16",0.00238598804819229,0.00385954314447689,0.536440354840538
"chr15:45511284:45522028:clu_17544:ENSG00000104154.6",0.00112875021875043,0.00547444313284095,0.836646095989573
"chr15:45417399:45418557:clu_17549:ENSG00000171763.18",0.00250369867109813,0.00525501329567731,0.633760924832752
"chr15:79907684:79914588:clu_18323:ENSG00000136371.10",0.0033588932500988,0.00200121377756592,0.0932635741329941
"chr15:81182896:81225299:clu_18340:ENSG00000172349.17",0.00275420307503957,0.00273381242611484,0.313714401662088
"chr15:80173144:80175016:clu_18331:ENSG00000103876.11",0.0025621122561863,0.00292099766364945,0.380412763851449
"chr15:79907706:79923452:clu_18323:ENSG00000180953.11",-0.00545795254783246,0.00282917035437075,0.0537096745342864
"chr15:79907706:79923452:clu_18323:ENSG00000136371.10",-0.00545795254783246,0.00282917035437075,0.0537096745342864
"chr15:79907684:79914588:clu_18323:ENSG00000180953.11",0.00381428494335456,0.00198466864990885,0.0546214957314001
"chr15:58898852:58899469:clu_17769:ENSG00000137776.16",0.00194542278933909,0.00354635375625647,0.583300673460983
"chr15:58898852:58901260:clu_17769:ENSG00000137776.16",0.00319317097982268,0.00458588613657437,0.486238452396579
"chr15:63659936:63660973:clu_17845:ENSG00000103657.13",0.00961275366652813,0.00448687220994697,0.0321598986940708
"chr15:63591335:63594695:clu_17829:ENSG00000259248.5",0.00263459754330971,0.00321496619583413,0.41251313235396
"chr15:63589100:63594695:clu_17829:ENSG00000259248.5",0.00340374064598016,0.0033161910901875,0.304702778104635
"chr15:63638536:63638711:clu_17843:ENSG00000103657.13",-0.00347391669734149,0.00443103639108969,0.433042207001566
"chr15:63686535:63689589:clu_17850:ENSG00000103657.13",0.00817150654937095,0.00354305831289707,0.0210914929745408
"chr15:72760527:72771783:clu_18106:ENSG00000159322.17",0.00446912216731355,0.00529850531051999,0.398966492489426
"chr15:72752895:72755556:clu_18105:ENSG00000159322.17",-0.00314576430614693,0.00433609308198861,0.468155418365205
"chr15:71951896:71959901:clu_18067:ENSG00000066933.15",-0.00620723238875504,0.00397640405020324,0.118519854501512
"chr15:72356617:72375720:clu_18091:ENSG00000213614.9",-0.00940947464226732,0.00435630859800437,0.0307753695289119
"chr15:57421250:57437985:clu_17727:ENSG00000128849.10",0.00192496423944392,0.00448222261831326,0.667583803921646
"chr15:57231257:57232291:clu_17721:ENSG00000140262.17",-0.000316894019969614,0.00369428240347298,0.93164163362671
"chr15:89330276:89333096:clu_18542:ENSG00000140521.12",0.00452222251408289,0.00363129760267064,0.213004535966234
"chr15:87940753:88032857:clu_18498:ENSG00000140538.16",0.00577132248940039,0.00360766809094863,0.109656794817106
"chr15:88531715:88536312:clu_18512:ENSG00000140543.14",0.010927102856623,0.0031598192908064,0.000543915223234048
"chr15:89116521:89151677:clu_18525:ENSG00000140526.17",-0.000253715244589088,0.00516859419023719,0.960849275504875
"chr15:89088563:89113725:clu_18524:ENSG00000140526.17",-0.000496287190380594,0.00337042363652332,0.882936497249838
"chr15:88033045:88126271:clu_18499:ENSG00000140538.16",0.00193901530616269,0.00352831042872234,0.582621778765727
"chr15:101966223:101971823:clu_18803:ENSG00000185596.16",-0.0070364861592491,0.00381180479779125,0.0648962241395551
"chr15:90905723:90905845:clu_18623:ENSG00000196547.14",-0.00447213090887567,0.00317127074240393,0.158480178982882
"chr15:91005454:91005694:clu_18650:ENSG00000184056.14",0.000124820449774716,0.00280497055494909,0.964506062243391
"chr15:91006445:91006652:clu_18651:ENSG00000184056.14",-0.00868557369082676,0.00324150981266793,0.0073735726259806
"chr15:44535474:44536801:clu_17483:ENSG00000179523.4",-0.0046349276781186,0.0065680897908943,0.480391131779563
"chr15:44535474:44535760:clu_17483:ENSG00000179523.4",0.0105854872367966,0.00499763067167589,0.0341665027837745
"chr15:44380976:44402887:clu_17476:ENSG00000166734.18",0.00699248253467897,0.00500316682241444,0.162229820297852
"chr15:44535474:44536043:clu_17483:ENSG00000179523.4",-0.00289550974717444,0.00476835983139627,0.54369569641506
"chr15:45129615:45129823:clu_17517:ENSG00000140254.12",-0.00142180178572201,0.00627360731173302,0.820709707246304
"chr15:44503850:44514598:clu_17481:ENSG00000137770.13",0.00589117443191043,0.00544589729749322,0.279357505755324
"chr15:45405505:45407062:clu_17546:ENSG00000171763.18",0.00256028332301244,0.00409585877108196,0.53191151589134
"chr15:45173716:45175219:clu_17531:ENSG00000259539.1",0.00135895392783272,0.00509185284567757,0.789555471016879
"chr15:45173716:45175219:clu_17531:ENSG00000138606.19",0.00124229948727479,0.00507300655351544,0.806546044598063
"chr15:73985513:73988599:clu_18127:ENSG00000067221.13",0.0114357686280845,0.0046002734459436,0.0129228307794321
"chr15:74848701:74850514:clu_18183:ENSG00000140497.16",0.000884148998453987,0.00695083708873259,0.898781818355052
"chr15:74893320:74896152:clu_18185:ENSG00000178802.17",0.00500013805711488,0.00422596118299932,0.236731694556149
"chr15:63532707:63537025:clu_17828:ENSG00000140455.16",-0.000331555990283718,0.00335436954723843,0.921262916841172
"chr15:63542192:63553715:clu_17828:ENSG00000140455.16",0.00477774592925981,0.00400189084700792,0.23252799294667
"chr15:64136410:64136861:clu_17864:ENSG00000028528.14",0.00413831435407812,0.00367533984871344,0.260179145581195
"chr15:63529166:63532647:clu_17828:ENSG00000140455.16",0.00042937527951101,0.00380502896798039,0.910154111080091
"chr15:63558188:63559857:clu_17830:ENSG00000140455.16",0.0119797576040768,0.00332989717506584,0.000321122724975975
"chr15:63971561:63983533:clu_17855:ENSG00000035664.11",-0.00416777344727393,0.00557988127386929,0.455106602744703
"chr15:63277736:63279161:clu_17823:ENSG00000138613.13",-0.00243461305826651,0.0037254329143971,0.513426611530267
"chr15:84680832:84687625:clu_18460:ENSG00000140612.13",-0.00467007083937905,0.00510805287207473,0.360582051383418
"chr15:84817595:84823330:clu_18465:ENSG00000136383.6",0.00225464450028037,0.00465173681073566,0.627897147862256
"chr15:79845442:79850282:clu_18323:ENSG00000180953.11",0.00177414115764045,0.00351218854170538,0.613461660790502
"chr15:80177583:80180124:clu_18332:ENSG00000103876.11",0.000291593020922645,0.0030714242849159,0.924364553637361
"chr15:80156729:80158060:clu_18326:ENSG00000103876.11",-0.00416737804402459,0.00365723036710975,0.254498766968758
"chr15:79845442:79850282:clu_18323:ENSG00000136371.10",0.00172567938245551,0.00347911209231912,0.619886342972625
"chr15:80072647:80098416:clu_18325:ENSG00000086666.18",-0.00501228024320448,0.00334412048271865,0.133916797724261
"chr15:59205485:59208681:clu_17775:ENSG00000157483.8",0.00603596072644744,0.00449988603454188,0.179804059855138
"chr15:59174240:59178393:clu_17774:ENSG00000157483.8",0.000845822225702541,0.0037536002672069,0.821717697682653
"chr15:89750227:89750509:clu_18567:ENSG00000166823.5",-0.000847815060677503,0.00569671419048043,0.881691505522432
"chr15:89327349:89328685:clu_18540:ENSG00000140521.12",0.00928196450445646,0.0035184921892775,0.00833838542186127
"chr15:89804407:89804491:clu_18576:ENSG00000166825.13",-0.00767819261555412,0.00332239161408096,0.0208304344663461
"chr15:89871546:89877306:clu_18580:ENSG00000157823.16",-0.00483552737902248,0.00313668918648747,0.123170257416356
"chr15:90352411:90354642:clu_18597:ENSG00000196391.10",0.00173868317684634,0.00260176646891233,0.503961088148941
"chr15:89628786:89628976:clu_18550:ENSG00000166813.14",0.00367051028732348,0.00383985443301012,0.339123622886155
"chr15:58851965:58854485:clu_17758:ENSG00000128923.10",-0.00609643989417965,0.00401015709268189,0.128448244592892
"chr15:57661533:57684402:clu_17739:ENSG00000263155.5",0.00916763907278626,0.00350987887648531,0.00900265988946736
"chr15:57661533:57674968:clu_17739:ENSG00000263155.5",0.000177487736008669,0.00381249347829305,0.96286850372576
"chr15:47766677:47767037:clu_17557:ENSG00000137872.16",0.00172812016296437,0.00460343645742979,0.707364601335997
"chr15:92997403:92998149:clu_18679:ENSG00000173575.20",0.000449070530438266,0.0027636916847577,0.87092049578368
"chr15:92927330:92937518:clu_18669:ENSG00000173575.20",-0.00341300201623197,0.00291606220217895,0.241834129892405
"chr15:99131813:99144417:clu_18727:ENSG00000261616.1",-0.00745002875380975,0.00405919823261727,0.0664546029928016
"chr15:99221864:99228533:clu_18732:ENSG00000103852.12",-0.00523506198564982,0.0030014818590269,0.0811313458670417
"chr15:99131813:99132750:clu_18727:ENSG00000261616.1",0.00794976419841626,0.00308676866325532,0.0100114825048956
"chr15:99675458:99690241:clu_18743:ENSG00000068305.17",-0.00167812209325039,0.00292817297206447,0.566580186626401
"chr15:48151171:48151473:clu_17560:ENSG00000104177.17",0.00295079721782446,0.00405127839972723,0.466392021410999
"chr15:57639545:57646137:clu_17739:ENSG00000263155.5",0.0177772937913868,0.0044946308933422,7.64614238123462e-05
"chr15:59091154:59092513:clu_17773:ENSG00000157450.15",0.00179074190688421,0.00330607060629575,0.588057814026921
"chr15:59091154:59092537:clu_17773:ENSG00000157450.15",0.000479804588225872,0.00329143859284017,0.884100180866961
"chr15:28320464:28321362:clu_17030:ENSG00000128731.15",0.00120656943223369,0.00333666569202181,0.717643994466037
"chr15:96326352:96334076:clu_18706:ENSG00000185551.14",-0.00636126395645446,0.00392821869292423,0.105366339153697
"chr15:36894812:36895151:clu_17166:ENSG00000134138.19",0.00302406225507782,0.00313190601499685,0.334261348771408
"chr15:66508892:66513988:clu_17951:ENSG00000174442.11",0.00356670435373143,0.00326555493464569,0.274736421354059
"chr15:65487818:65490189:clu_17922:ENSG00000074603.18",0.0101869453911726,0.00514968169023458,0.0479095414499043
"chr15:65259542:65260885:clu_17913:ENSG00000138617.14",-0.0143186441020706,0.00425476695455437,0.000764554691355279
"chr15:65645703:65650382:clu_17931:ENSG00000074621.13",0.00260653687698204,0.00380010242895662,0.492768433329915
"chr15:66294174:66294988:clu_17938:ENSG00000166938.12",-0.00248672770224407,0.00316682147701768,0.432310496652271
"chr15:67165088:67165253:clu_17958:ENSG00000166949.15",0.0130610644613747,0.00297643669021728,1.14316486655719e-05
"chr15:66294448:66294988:clu_17938:ENSG00000166938.12",0.00708366606047683,0.00318883881533507,0.0263243157338415
"chr15:65697383:65701051:clu_17935:ENSG00000174485.15",-0.00852269581985069,0.00368318590575736,0.020670646790084
"chr15:67170604:67181241:clu_17959:ENSG00000166949.15",-0.00635413523872912,0.00501231114705486,0.204903080795349
"chr15:65638181:65639595:clu_17931:ENSG00000074621.13",0.0150581365565804,0.00391862861879349,0.000121685348307365
"chr15:66352207:66352815:clu_17944:ENSG00000075131.9",0.0114768674618352,0.00372663139285344,0.00207216520853049
"chr15:66444707:66481755:clu_17947:ENSG00000169032.9",0.00253942105389699,0.00343384160962499,0.459586614226494
"chr15:65259545:65260885:clu_17913:ENSG00000138617.14",0.0154308709046073,0.00418712959360447,0.00022842436369841
"chr15:65717996:65722848:clu_17937:ENSG00000174485.15",-0.000678410966159073,0.0042285013999016,0.872536307514891
"chr15:65722948:65729072:clu_17937:ENSG00000174485.15",-0.00781457972295701,0.00358198294667084,0.0291364742583957
"chr15:67165384:67166779:clu_17958:ENSG00000166949.15",-0.0106378620617291,0.00295711883309155,0.000321446267515846
"chr15:92883543:92885515:clu_18666:ENSG00000272888.5",0.00287072680424901,0.00270428783864522,0.288441693993382
"chr15:92900824:92901167:clu_18668:ENSG00000173575.20",-0.0055942109671832,0.00252346355949155,0.0266314263008229
"chr15:70682795:70684265:clu_18034:ENSG00000137831.14",-0.000480693042068804,0.00285478897797806,0.866283328769985
"chr15:72250954:72251207:clu_18075:ENSG00000137817.16",0.00204301884380132,0.00509988167561352,0.688713744024152
"chr15:72010447:72020918:clu_18068:ENSG00000066933.15",-0.0075659961699676,0.00430621628983644,0.0789188324569323
"chr15:72203188:72206728:clu_18072:ENSG00000067225.17",0.00794396604947714,0.0127055615439435,0.531816612839943
"chr15:72200655:72203022:clu_18072:ENSG00000067225.17",0.018613185256442,0.0128272615291804,0.146761869771292
"chr15:72496858:72518067:clu_18092:ENSG00000166233.14",-0.000463498115452193,0.00535523617138243,0.931028850974641
"chr15:72288451:72288538:clu_18082:ENSG00000140488.15",-0.00808886117691424,0.00374713119581279,0.0308749184318962
"chr15:72724655:72731305:clu_18102:ENSG00000140463.13",0.00654538325630076,0.0084406304398129,0.438067054718882
"chr15:72724655:72727940:clu_18102:ENSG00000140463.13",0.00320078622758787,0.0055390301312799,0.563358365400889
"chr15:99720452:99720784:clu_18745:ENSG00000183060.15",0.00463870200060358,0.00210559146028863,0.0275919365114546
"chr15:99732007:99733345:clu_18746:ENSG00000183060.15",0.00559733968125358,0.00222839872426439,0.0120109846689345
"chr15:99879951:99880677:clu_18749:ENSG00000259363.5",-0.00699163445499392,0.00318023136725656,0.0279158270997735
"chr15:89628786:89628878:clu_18550:ENSG00000166813.14",0.000262674710256533,0.00412234152827969,0.949193351693649
"chr15:90540137:90593636:clu_18602:ENSG00000140577.15",0.000485508306618612,0.00278683378371107,0.861696480871406
"chr15:90530203:90540039:clu_18602:ENSG00000140577.15",-0.000613938356264023,0.00293019253184158,0.834041147480383
"chr15:52360081:52364554:clu_17675:ENSG00000197535.14",-0.00263893457034675,0.00450310537748727,0.557858380339855
"chr15:100880006:100885267:clu_18769:ENSG00000184254.16",0.000958522548100969,0.00341297320335081,0.778827918622518
"chr15:101972461:101972593:clu_18803:ENSG00000185596.16",-0.00774475994184401,0.00489396454032605,0.113532626508068
"chr15:101972049:101972408:clu_18803:ENSG00000185596.16",-0.00156955823675235,0.00390649504727573,0.687844688224799
"chr15:82418792:82419980:clu_18369:ENSG00000259429.5",-0.0145626948291525,0.0056786068237738,0.0103329422596052
"chr15:45405505:45407029:clu_17546:ENSG00000171763.18",0.00240529328455235,0.00432938034565695,0.578501773389491
"chr15:45515892:45520877:clu_17541:ENSG00000179362.14",-0.00267151608265144,0.00507076852230275,0.598300266120468
"chr15:45154000:45155447:clu_17537:ENSG00000137857.17",-0.00334298343725543,0.00480949798589448,0.487005483459074
"chr15:92788088:92788196:clu_18664:ENSG00000185442.12",-0.00469984207018475,0.00227375016474056,0.0387341340793091
"chr15:34863041:34867524:clu_17145:ENSG00000021776.10",-0.0129695831627304,0.00433167912889641,0.00275234327206553
"chr15:34145491:34146761:clu_17115:ENSG00000134152.10",0.00624781038552354,0.00312181253295495,0.0453556897418562
"chr15:34551276:34553745:clu_17140:ENSG00000215252.11",0.000464126149032851,0.00302368211522953,0.878006351913482
"chr15:85722116:85722230:clu_18489:ENSG00000170776.21",0.0174563518552256,0.00455220066797773,0.000125714501699625
"chr15:85736134:85740222:clu_18491:ENSG00000170776.21",-0.00253288628057006,0.0038347426845041,0.50892653810467
"chr15:78045068:78054034:clu_18283:ENSG00000167202.11",-0.0039357548716419,0.0035040384352645,0.261350272205165
"chr15:78542219:78542483:clu_18304:ENSG00000041357.15",-0.00232828978135981,0.00504761839844337,0.64460848095213
"chr15:78542645:78544190:clu_18304:ENSG00000041357.15",0.000146551343681466,0.00428386201025759,0.972709613379731
"chr15:78925440:78927713:clu_18314:ENSG00000103811.15",0.00167723513001846,0.0037037798240427,0.65066094944026
"chr15:90103452:90133397:clu_18585:ENSG00000259685.2",0.0039236086443142,0.00359666523940947,0.275316087588954
"chr15:34364306:34365008:clu_17129:ENSG00000176454.13",0.000699812896118606,0.00336479168797028,0.835243766559057
"chr15:34142371:34145398:clu_17114:ENSG00000134152.10",0.00282568321850819,0.00300022836934242,0.346283415227994
"chr15:34143024:34145398:clu_17114:ENSG00000134152.10",-0.00062142001506476,0.00287359887929506,0.828791726298596
"chr15:66379940:66386607:clu_17945:ENSG00000075131.9",0.00751129614723189,0.00291363679451544,0.00993798717753203
"chr15:65452102:65456225:clu_17920:ENSG00000074603.18",0.00391830920014867,0.00361842462887694,0.278862973763149
"chr15:22554546:22556012:clu_16927:ENSG00000276550.4",-0.00126800844267588,0.00719346925297669,0.860080123962603
"chr15:22561059:22561184:clu_16930:ENSG00000276550.4",-0.0084207286673404,0.00482475964368613,0.0809299336897498
"chr15:22554572:22556012:clu_16927:ENSG00000276550.4",0.000646029246997187,0.00610875548936623,0.915777025709106
"chr15:82665575:82666747:clu_18386:ENSG00000103723.12",-0.00526913544087956,0.00499879098019821,0.291845390418163
"chr15:65584888:65591598:clu_17927:ENSG00000138614.14",-0.0155122381731064,0.00386293078313304,5.92782634952771e-05
"chr15:65591731:65593428:clu_17927:ENSG00000138614.14",0.0162017644554738,0.00377162409473017,1.74143197050336e-05
"chr15:66349437:66352129:clu_17944:ENSG00000075131.9",0.00426626385942123,0.00444429807713883,0.337084918985268
"chr15:82473481:82475478:clu_18372:ENSG00000255769.7",0.00982609264701616,0.00264547047944017,0.00020376035720282
"chr15:83004972:83008548:clu_18405:ENSG00000169609.13",-0.00509622152097689,0.00422612784051983,0.22786207689282
"chr15:82813259:82816692:clu_18396:ENSG00000156232.7",-0.00593366321702756,0.00463466984174946,0.200447580772227
"chr15:82813276:82816692:clu_18396:ENSG00000156232.7",0.011217003709155,0.00454269119265047,0.0135399631271463
"chr15:55365309:55371793:clu_17692:ENSG00000260916.7",0.00492581508466612,0.00425637700631246,0.247158451923508
"chr15:55354978:55355286:clu_17691:ENSG00000069943.9",0.00293047876235461,0.00414893317423569,0.479988516787193
"chr15:84036987:84037700:clu_18422:ENSG00000156218.12",0.00678863155905565,0.00362131095787521,0.0608431336929987
"chr15:25002888:25019027:clu_16984:ENSG00000224078.13",0.0107776334967733,0.00349322804792289,0.0020335143432767
"chr15:25687828:25691715:clu_17011:ENSG00000206190.11",0.00261971636223338,0.00323985579753076,0.418750776657295
"chr15:45536209:45555473:clu_17541:ENSG00000179362.14",0.00234490051708239,0.00544783815948045,0.666884540099365
"chr15:45547167:45555490:clu_17541:ENSG00000179362.14",0.00187477267630763,0.00692689051739164,0.786659152514302
"chr15:66704303:66711668:clu_17954:ENSG00000137834.14",0.00525902123663115,0.00332447999620702,0.113670592598951
"chr15:66494552:66495330:clu_17948:ENSG00000174446.12",0.0043534982509524,0.00351680173595629,0.215747935179323
"chr15:67772752:67806646:clu_17982:ENSG00000137764.19",-0.00580673924779971,0.00347381359991829,0.0946081988828631
"chr15:67772752:67806646:clu_17982:ENSG00000188779.10",-0.00528761497694956,0.00376581639174608,0.160286529278552
"chr15:67209544:67231814:clu_17964:ENSG00000103591.12",0.00598564078874694,0.00516696044776899,0.246682382152026
"chr15:34145252:34145398:clu_17114:ENSG00000134152.10",-0.00372970609149562,0.00300861750244254,0.215095850317235
"chr15:33842035:33844862:clu_17110:ENSG00000198838.13",-0.00266575887307072,0.003490057488079,0.444977391984269
"chr15:101654730:101656922:clu_18794:ENSG00000185418.15",-0.00391948092385111,0.00410318276435799,0.339461687163278
"chr15:101012145:101014316:clu_18774:ENSG00000154237.12",-0.00633671110017433,0.00299065412393041,0.0341041743099094
"chr15:101014428:101015326:clu_18774:ENSG00000154237.12",0.00575441978225548,0.00281700695479192,0.0410779369305702
"chr15:57219590:57231152:clu_17720:ENSG00000140262.17",-0.0108435589622782,0.00368534647023426,0.00325737320001196
"chr15:52340394:52343117:clu_17673:ENSG00000197535.14",0.00166055271672185,0.00331262072301486,0.616173611333152
"chr15:52340394:52346361:clu_17673:ENSG00000197535.14",-0.000866071585258842,0.00299827680095528,0.772691233500356
"chr15:89471855:89472722:clu_18546:ENSG00000140519.12",-0.00890157319202553,0.0040392730747702,0.0275414925025669
"chr15:99245510:99249171:clu_18733:ENSG00000103852.12",0.00560652323166665,0.00273157119309356,0.0401220419719264
"chr15:40030456:40034326:clu_17194:ENSG00000128829.11",0.00395990562993692,0.0047362013348174,0.403102485425605
"chr15:40022605:40025977:clu_17193:ENSG00000128829.11",0.0150481444597274,0.00308471564382172,1.07008285454846e-06
"chr15:50362081:50370332:clu_17612:ENSG00000244879.6",0.00554566626189681,0.00351202605118631,0.114324489282361
"chr15:50725323:50726321:clu_17631:ENSG00000138600.9",-0.00934693061164492,0.00485187350142673,0.0540472089961638
"chr15:50482065:50489801:clu_17618:ENSG00000138592.13",0.00568808331688757,0.00323140123552091,0.078364940376861
"chr15:50725323:50726073:clu_17631:ENSG00000138600.9",0.00454943682493102,0.00550401829148341,0.408482843537066
"chr15:50575919:50578639:clu_17622:ENSG00000092439.13",-0.00989732322335949,0.00567041017265433,0.080909458574935
"chr15:92929091:92937518:clu_18669:ENSG00000173575.20",0.0017820337840789,0.0023601927665741,0.450226548630775
"chr15:40776627:40779084:clu_17243:ENSG00000104129.9",0.0085035243896351,0.00423902636213962,0.0448553039882463
"chr15:41531202:41533346:clu_17290:ENSG00000103932.11",-0.0167405191581337,0.00633130508438972,0.00819116876984738
"chr15:40854086:40854397:clu_17258:ENSG00000166145.14",-0.0151104773864556,0.00428765923993164,0.00042479764674852
"chr15:42662891:42663281:clu_17388:ENSG00000159433.11",-0.0236846575071221,0.0065411847250605,0.000293635201476961
"chr15:40816253:40817232:clu_17252:ENSG00000166143.9",0.00564974901295716,0.00429468954240627,0.188335276395171
"chr15:40836282:40838169:clu_17253:ENSG00000261183.5",0.0159197678097076,0.00453569607606016,0.000448301953865138
"chr15:40844186:40844490:clu_17254:ENSG00000166145.14",-0.0183135915983811,0.00409013513587328,7.55212309100362e-06
"chr15:40764216:40765827:clu_17238:ENSG00000137880.5",-0.00990904071353007,0.00384059747673027,0.00987780269798255
"chr15:41835644:41836148:clu_17313:ENSG00000243789.10",0.00675699444762962,0.0036201537505626,0.0619723138868179
"chr15:40776627:40779223:clu_17243:ENSG00000104129.9",-0.0103233004062501,0.00433698431774047,0.0172988014243697
"chr15:101287702:101291962:clu_18787:ENSG00000131876.16",0.00143108009380611,0.00333924021918829,0.668240124134486
"chr15:100850332:100855231:clu_18763:ENSG00000232386.9",-0.00646517112637797,0.0030635329306197,0.0348269722195182
"chr15:101287702:101289814:clu_18787:ENSG00000131876.16",0.00576785899739343,0.00252061071173893,0.0221213147038948
"chr15:101289922:101291962:clu_18787:ENSG00000131876.16",0.00410952938875254,0.00282223242221039,0.145357460205979
"chr15:101188219:101235082:clu_18778:ENSG00000259755.1",-0.00218692176014905,0.00300794883128357,0.467196841371961
"chr15:101188219:101235082:clu_18778:ENSG00000131873.5",-0.00084811600916085,0.00312264679414927,0.785928333694339
"chr15:45172318:45175219:clu_17531:ENSG00000259539.1",-0.000225502811157973,0.00362109730054669,0.950344061961229
"chr15:45172318:45175219:clu_17531:ENSG00000138606.19",6.24080144828567e-05,0.00360086962185897,0.98617225733689
"chr15:45043421:45061067:clu_17506:ENSG00000140263.13",0.00266274906964125,0.00447056693639595,0.551430608666058
"chr15:44610985:44613430:clu_17496:ENSG00000104133.14",-0.00534266011639756,0.00469030010295672,0.254666847505612
"chr15:45148447:45150632:clu_17534:ENSG00000137857.17",0.0104983001231374,0.00657340566418934,0.110246336213585
"chr15:45061226:45065271:clu_17506:ENSG00000140263.13",-0.00456685208306693,0.00500894746442003,0.361906198854511
"chr15:45515892:45518586:clu_17541:ENSG00000179362.14",-0.00253779738048568,0.00748476627195971,0.734563269891436
"chr15:45147658:45147904:clu_17533:ENSG00000137857.17",0.0147151092085028,0.00433078454627527,0.000679318118978478
"chr15:44536358:44536801:clu_17483:ENSG00000179523.4",0.00340784298214059,0.00628983757794116,0.587955307495332
"chr15:44828571:44831529:clu_17505:ENSG00000259479.6",-0.00262397056594819,0.00369875369882523,0.478063759909271
"chr15:44710929:44711020:clu_17500:ENSG00000229474.6",-0.00106602934360803,0.00468465383847554,0.819990059415195
"chr15:45139168:45140895:clu_17526:ENSG00000137857.17",0.0101797016793239,0.00638550448391943,0.110893685970118
"chr15:45515892:45518588:clu_17541:ENSG00000179362.14",0.000808988694681226,0.00506923827020513,0.873205772670879
"chr15:45095091:45095437:clu_17510:ENSG00000140279.12",-0.0091081831878448,0.00559127629962532,0.10331324249421
"chr15:45121221:45122185:clu_17521:ENSG00000140254.12",-0.00634761418751897,0.00416012128575478,0.127053624910392
"chr15:77025604:77027800:clu_18267:ENSG00000140368.12",0.00137096546923923,0.00504819450830547,0.785948512704521
"chr15:77025604:77027852:clu_18267:ENSG00000140368.12",0.00460955629062747,0.00445207663551595,0.300495132866761
"chr15:57632559:57633613:clu_17738:ENSG00000263155.5",-0.00159437395489339,0.00297482589934308,0.591989386442478
"chr15:57639545:57661450:clu_17739:ENSG00000263155.5",0.000213870488947608,0.00323129142716001,0.947228699389609
"chr15:58894582:58897115:clu_17766:ENSG00000137776.16",0.00209401726071015,0.00338859009105609,0.536600903232823
"chr15:58894193:58894433:clu_17766:ENSG00000137776.16",-0.00579868529361324,0.00348012862266278,0.0956681518630663
"chr15:61863528:61864641:clu_17803:ENSG00000129003.15",-0.00445020197850644,0.00383929878412031,0.246407914545503
"chr15:63528692:63529014:clu_17828:ENSG00000140455.16",0.00420787935083714,0.00385343031018026,0.274840692033002
"chr15:63326357:63327149:clu_17826:ENSG00000074410.13",0.000102397917994193,0.0037870672331019,0.978428752766233
"chr15:34406870:34407576:clu_17135:ENSG00000175265.17",0.00663528009102459,0.00287997532343454,0.0212262118334491
"chr15:34553956:34582750:clu_17141:ENSG00000215252.11",0.00302852871414955,0.00242292242719156,0.21131829133722
"chr15:34406870:34407524:clu_17135:ENSG00000175265.17",-0.00595158212458001,0.00299164083484606,0.0466566328783132
"chr15:33875995:34003032:clu_17112:ENSG00000169857.7",-0.00548139905110702,0.00348269084895965,0.115511106123675
"chr15:34553956:34583516:clu_17141:ENSG00000215252.11",-0.00434602459987848,0.00222194685921715,0.0504706393176589
"chr15:90871605:90875582:clu_18610:ENSG00000140564.11",0.00764796799073223,0.00448160044986437,0.0879101772010462
"chr15:85585823:85639374:clu_18484:ENSG00000170776.21",-0.0145717518067803,0.00456841546849979,0.00142433823102484
"chr15:85750339:85755822:clu_18492:ENSG00000259416.2",-0.00685018555336971,0.00440294066915269,0.119750771169461
"chr15:85750339:85755822:clu_18492:ENSG00000259407.1",-0.00685018555336971,0.00440294066915269,0.119750771169461
"chr15:85750339:85755822:clu_18492:ENSG00000259762.1",-0.00685018555336971,0.00440294066915269,0.119750771169461
"chr15:40779997:40780093:clu_17244:ENSG00000104129.9",0.00131310859674848,0.00498849600833532,0.792375349798946
"chr15:41475819:41476446:clu_17283:ENSG00000137815.14",-0.00499322277628023,0.00450753035569999,0.267969221742607
"chr15:41824061:41824484:clu_17309:ENSG00000137802.13",-0.00825048270756036,0.00533100554709719,0.121708756536174
"chr15:40433914:40435417:clu_17222:ENSG00000128928.8",0.0150348047626576,0.00425100946381058,0.000405065942896798
"chr15:41005504:41005593:clu_17265:ENSG00000128908.15",-0.0174251023535214,0.00611480093904756,0.00437660155973851
"chr15:40335826:40336574:clu_17213:ENSG00000188549.12",-0.00993194226328581,0.00371619600378663,0.00752637147772284
"chr15:40997601:41005278:clu_17265:ENSG00000128908.15",0.0065366662909549,0.00649475485192112,0.314197651388824
"chr15:40335700:40335784:clu_17213:ENSG00000188549.12",0.0109249745859958,0.0035833482957523,0.00229744088275186
"chr15:40812902:40813338:clu_17249:ENSG00000166140.17",-0.00369860162154379,0.00363573175158763,0.309014437001496
"chr15:41475819:41476181:clu_17283:ENSG00000137815.14",0.011530779406752,0.00517755474297476,0.0259425627254782
"chr15:58646204:58665097:clu_17753:ENSG00000137845.14",0.00774758094563558,0.0043234273107361,0.0731329954731469
"chr15:58821819:58831774:clu_17757:ENSG00000128923.10",-0.000893025192756322,0.00376272959240936,0.812397372343802
"chr15:58887620:58888385:clu_17762:ENSG00000137776.16",-0.000966372673673138,0.00371752449441177,0.794901889559435
"chr15:58887540:58888385:clu_17762:ENSG00000137776.16",-0.00137198551750834,0.00350892392597062,0.695798023184952
"chr15:92886254:92888185:clu_18667:ENSG00000272888.5",-0.00112527191876362,0.00486467982611767,0.817070333106682
"chr15:92886254:92892004:clu_18667:ENSG00000272888.5",0.00611804751973288,0.00528630997126942,0.247134285466323
"chr15:52256720:52260862:clu_17667:ENSG00000128833.12",-0.00965933787580649,0.00394032330923383,0.014229877884933
"chr15:49319805:49327952:clu_17585:ENSG00000156958.14",0.00381427642416968,0.00472645802594836,0.419663460489406
"chr15:49019552:49027365:clu_17578:ENSG00000138593.8",-0.00728430709964133,0.00410042697875327,0.0756546154650541
"chr15:48159804:48165933:clu_17563:ENSG00000104177.17",-0.00586855075733307,0.00395498617879989,0.13785244165047
"chr15:76434310:76471212:clu_18251:ENSG00000140386.12",0.0050340309909046,0.00506097175615601,0.31989350080996
"chr15:77471814:77478295:clu_18275:ENSG00000140382.14",0.00638506738009159,0.00594334257276526,0.282678109100401
"chr15:75879188:75883366:clu_18235:ENSG00000140367.11",0.0123136793243365,0.00608383479005542,0.0429701904884287
"chr15:76941690:76943758:clu_18262:ENSG00000117906.13",0.0117782459219564,0.00639865891547203,0.0656601615845145
"chr15:75936310:75943572:clu_18239:ENSG00000169752.16",0.00445146878840093,0.005031692745256,0.376325937737468
"chr15:76795440:76800248:clu_18261:ENSG00000140386.12",-0.00296407038605219,0.0054062182787836,0.583506130975081
"chr15:76341301:76341719:clu_18249:ENSG00000159556.9",-0.0129202712840992,0.00611038757510632,0.0344745849392748
"chr15:75873568:75876187:clu_18235:ENSG00000140367.11",-0.00512976483633307,0.00473736571422029,0.278883594578165
"chr15:68332478:68335697:clu_17995:ENSG00000137809.16",-0.0124530799880314,0.00517085844524772,0.0160261424238148
"chr15:67727945:67748231:clu_17980:ENSG00000137764.19",0.00259381216085048,0.00411391497467746,0.528369288322454
"chr15:69038989:69042663:clu_18009:ENSG00000255346.9",-0.00152255978468023,0.00367354842077829,0.678533088389581
"chr15:40405971:40407636:clu_17219:ENSG00000128928.8",-0.00163845675930635,0.00351248443554428,0.640881531814203
"chr15:40774436:40774968:clu_17240:ENSG00000104129.9",-0.00626197810392142,0.00448856518664015,0.162986975122483
"chr15:40252691:40253178:clu_17203:ENSG00000137843.11",-0.0167969988580885,0.00409785557067689,4.14987649561827e-05
"chr15:40407725:40407939:clu_17219:ENSG00000128928.8",0.00223182415908658,0.00339606310642377,0.511065296219413
"chr15:40389929:40391493:clu_17218:ENSG00000128944.13",-0.0163784990816443,0.00511961285227722,0.00137825064437336
"chr15:99720966:99729329:clu_18746:ENSG00000183060.15",0.00120837791474141,0.00231075184562108,0.601018012005639
"chr15:64127806:64129873:clu_17862:ENSG00000028528.14",0.00554871709397757,0.00516503385336611,0.282695078543002
"chr15:64096172:64112573:clu_17859:ENSG00000028528.14",-0.0104600553051558,0.00701496611883238,0.13593377075796
"chr15:64107383:64112573:clu_17859:ENSG00000028528.14",0.0103516343718502,0.00771205319110591,0.179509444678896
"chr15:64127806:64129916:clu_17862:ENSG00000028528.14",-0.00761637865101192,0.00472192341485315,0.106748364288106
"chr15:64075537:64088687:clu_17857:ENSG00000166797.10",0.00325047564236824,0.00518986693571029,0.531110354553457
"chr15:101055223:101056860:clu_18779:ENSG00000154237.12",-0.0116930469778049,0.00266729052109874,1.16590953760376e-05
"chr15:100575128:100580263:clu_18760:ENSG00000140471.16",-0.00305672752084778,0.00264883547706222,0.248504598624732
"chr15:78123739:78131165:clu_18285:ENSG00000136425.12",-0.00187011164031561,0.004227356363038,0.658211898857008
"chr15:78926684:78926782:clu_18314:ENSG00000103811.15",-0.00166445943814183,0.00345254884141456,0.629737864010247
"chr15:78286133:78288289:clu_18297:ENSG00000140395.8",0.00266563018177834,0.00372172152404784,0.473845762874455
"chr15:78283521:78285261:clu_18297:ENSG00000140395.8",0.00281113745370086,0.00373159718346594,0.451249486656369
"chr15:78163780:78164992:clu_18289:ENSG00000166411.13",0.000721505796046535,0.00344299221630093,0.83401283669845
"chr15:78165076:78166150:clu_18289:ENSG00000166411.13",-0.000837502026117529,0.00336055953282959,0.803194435164427
"chr15:78788298:78789689:clu_18310:ENSG00000136378.14",-0.00435159553039021,0.00326269908882577,0.182288754422057
"chr15:79314655:79321978:clu_18322:ENSG00000166557.12",0.00343761140570636,0.00321824000321905,0.285446079432812
"chr15:78003490:78008997:clu_18280:ENSG00000167202.11",-0.00013058279657967,0.00363226091403728,0.971321565133312
"chr15:78788374:78789689:clu_18310:ENSG00000136378.14",-0.00223680909928501,0.00287678355294214,0.436841307350864
"chr15:83028728:83030136:clu_18406:ENSG00000064726.9",-0.00736022583438928,0.004815205802344,0.126378975655851
"chr15:84542284:84546186:clu_18439:ENSG00000189136.8",0.00549254173285648,0.00427938066049417,0.199320505892917
"chr15:64751638:64775233:clu_17884:ENSG00000166831.8",-0.000605056335472652,0.00490978226307941,0.901921120748201
"chr15:68315727:68317265:clu_17992:ENSG00000137809.16",-0.0040799428895801,0.00415632047158381,0.326285242318354
"chr15:67184864:67187365:clu_17960:ENSG00000166949.15",0.00496660451889047,0.00351255548033502,0.15737435191715
"chr15:68313868:68315651:clu_17992:ENSG00000137809.16",-0.00407860938228232,0.00486141797925175,0.401483196368315
"chr15:99877148:99880677:clu_18749:ENSG00000259363.5",-0.000929088298377229,0.00291042278415718,0.749553664000124
"chr15:99732007:99733285:clu_18746:ENSG00000183060.15",-0.000362472450577239,0.00288646361436405,0.900067041855103
"chr15:99598511:99632978:clu_18740:ENSG00000068305.17",-0.00108237968235118,0.00357058722354091,0.761784906667349
"chr15:99139399:99146015:clu_18729:ENSG00000103852.12",0.00554033671130507,0.00318544349167765,0.0819878109835556
"chr15:99566104:99598430:clu_18740:ENSG00000068305.17",-0.00398597807084991,0.00361655645858889,0.270397622533065
"chr15:60386086:60397258:clu_17788:ENSG00000182718.16",0.000565762653902756,0.00332018822498278,0.864694960983973
"chr15:85662453:85664563:clu_18485:ENSG00000170776.21",0.00179453862713484,0.00325980970327809,0.581973661261796
"chr15:85658590:85662388:clu_18485:ENSG00000170776.21",0.00150024736265673,0.00328040454415009,0.647429498647268
"chr15:85120583:85120797:clu_18473:ENSG00000073417.14",0.00498399841385571,0.00357114734046051,0.162826107997008
"chr15:84657348:84657996:clu_18459:ENSG00000197696.9",-0.00325492594511896,0.0043172215359231,0.450885258816439
"chr15:84670782:84680713:clu_18460:ENSG00000140612.13",-0.000216740549305682,0.00433937177028062,0.960164265792567
"chr15:85117839:85120797:clu_18473:ENSG00000073417.14",0.00692594722227769,0.0046071686200451,0.132762224032021
"chr15:84982348:85064370:clu_18469:ENSG00000073417.14",0.0113859075468284,0.00345617883382444,0.000986450303228081
"chr15:85708086:85710579:clu_18487:ENSG00000170776.21",0.00684665146733578,0.00360003397688536,0.0571934247165006
"chr15:85727463:85730513:clu_18490:ENSG00000170776.21",0.0016141521216068,0.00378425682682038,0.669711478554537
"chr15:52346461:52351254:clu_17674:ENSG00000197535.14",0.00142794200723126,0.00419185136330296,0.733369267765493
"chr15:52346461:52348818:clu_17674:ENSG00000197535.14",-0.00754987144009424,0.00409765974374752,0.0654044231337018
"chr15:52601165:52605133:clu_17681:ENSG00000047346.12",0.000248154529154861,0.00321372147966587,0.938450770037464
"chr15:52593736:52600127:clu_17681:ENSG00000047346.12",-0.000684006469720044,0.00410613703049291,0.867699350390292
"chr15:63189748:63244756:clu_17821:ENSG00000166128.12",0.00959199536249579,0.00389898959794051,0.0138889269970903
"chr15:25093974:25095627:clu_16995:ENSG00000224078.13",0.00211365939370076,0.0034304188584423,0.537794213880216
"chr15:25727266:25736056:clu_17015:ENSG00000206190.11",0.00549480069367436,0.00262880009489468,0.0365970116488677
"chr15:97966042:97968014:clu_18712:ENSG00000140450.8",-0.00324461060774893,0.00265081129860544,0.22094972597359
"chr15:97968116:97969123:clu_18712:ENSG00000140450.8",0.0030558653256493,0.00263340543576169,0.245876458571917
"chr15:77284030:77284958:clu_18271:ENSG00000173517.10",-0.00102676723886807,0.00594216723404899,0.862813830453711
"chr15:76771954:76774855:clu_18260:ENSG00000140386.12",0.0034288112294054,0.00516872841624225,0.507089667886287
"chr15:67748601:67769602:clu_17981:ENSG00000137764.19",-0.00709873087861202,0.00456171736438223,0.119671677176968
"chr15:67703408:67727916:clu_17980:ENSG00000137764.19",0.00297547382520054,0.00326049080217014,0.361461035669412
"chr15:99200096:99218588:clu_18731:ENSG00000103852.12",0.00210856377294999,0.00283187170545802,0.456523796215403
"chr15:78288917:78289619:clu_18299:ENSG00000140395.8",0.0128235924799095,0.00404359077976401,0.00151738555474257
"chr15:78274424:78275601:clu_18295:ENSG00000140403.12",0.00221252352687706,0.00396686480978619,0.577014304130773
"chr15:78542219:78544190:clu_18304:ENSG00000041357.15",0.005083400207041,0.00333124601323035,0.127015935782698
"chr15:101062690:101065352:clu_18781:ENSG00000154237.12",0.00103637697002168,0.00395672375590931,0.793376907301702
"chr15:56142900:56144401:clu_17702:ENSG00000181827.14",-0.00736613692669122,0.00684528564981622,0.28188743270068
"chr15:57263274:57273030:clu_17725:ENSG00000140262.17",0.00024413354680228,0.00342680912013406,0.94320496669113
"chr15:57263274:57273033:clu_17725:ENSG00000140262.17",-0.00142861657310374,0.00354865176120993,0.687257153203273
"chr15:57232430:57232712:clu_17721:ENSG00000140262.17",0.00685942588709257,0.00374567924011946,0.0670572315488142
"chr15:56642997:56654198:clu_17708:ENSG00000137871.19",0.00437405797689488,0.00367298397024806,0.233703388032742
"chr15:101686062:101691882:clu_18798:ENSG00000185418.15",0.000142473780744412,0.00343217878908968,0.966888382686068
"chr15:101178980:101187993:clu_18778:ENSG00000259755.1",0.00397182726043737,0.00282730324689892,0.160077428424773
"chr15:101178980:101187993:clu_18778:ENSG00000131873.5",0.00493654558778078,0.00305258317952903,0.105841615073456
"chr15:34553956:34574825:clu_17141:ENSG00000215252.11",-0.00144057699177437,0.0038520665076607,0.708422834950379
"chr15:33835072:33836906:clu_17109:ENSG00000198838.13",-0.00110147654267882,0.00286833458567897,0.700969129198627
"chr15:67236820:67254559:clu_17965:ENSG00000103591.12",-0.013198995229288,0.00463519006434467,0.00440553882085193
"chr15:66306952:66308709:clu_17939:ENSG00000166938.12",0.00389830050575237,0.00291819615555734,0.181595150466447
"chr15:66436892:66444656:clu_17946:ENSG00000169032.9",-0.0125183648235057,0.00416204410609238,0.0026319440548227
"chr15:66352955:66356639:clu_17945:ENSG00000075131.9",0.00286040056685604,0.00280922199609388,0.308574339307293
"chr15:66295141:66306824:clu_17939:ENSG00000166938.12",-0.00556206838456982,0.00294260169278909,0.0587329129725336
"chr15:67187130:67187365:clu_17960:ENSG00000166949.15",-0.00651336775615563,0.00372852212878143,0.0806541065575757
"chr15:67066360:67164895:clu_17957:ENSG00000166949.15",0.00772088283295944,0.00360075700545036,0.0320137587354704
"chr15:66490717:66494415:clu_17948:ENSG00000174446.12",-0.00564909305439299,0.00321171050433482,0.0785936780638824
"chr15:67231332:67231814:clu_17964:ENSG00000103591.12",0.00738981400382157,0.00489333237883284,0.130997432163023
"chr15:41572564:41573002:clu_17293:ENSG00000092445.11",0.00802280086901895,0.00651170673165625,0.217927390505662
"chr15:42146241:42146596:clu_17338:ENSG00000168907.13",-0.00801705312098682,0.00696661905165573,0.24982232660384
"chr15:40807671:40809119:clu_17245:ENSG00000166140.17",0.0111204866547452,0.0047922598899134,0.020313308452849
"chr15:40807868:40809119:clu_17245:ENSG00000166140.17",-0.000583333896239342,0.0039771714553072,0.88339207053221
"chr15:42329449:42330576:clu_17364:ENSG00000214013.9",-0.011211909481844,0.00523303898140055,0.0321513722123501
"chr15:40812902:40813349:clu_17249:ENSG00000166140.17",0.00446148487857706,0.00427994992663881,0.297219220209053
"chr15:41842591:41843676:clu_17318:ENSG00000243708.10",-0.00468941657990379,0.00454339711197653,0.302007085727792
"chr15:42354453:42384483:clu_17367:ENSG00000092529.23",-0.00885046829514281,0.00490459437598816,0.0711488798519176
"chr15:42173852:42178218:clu_17349:ENSG00000166887.15",0.00991989852070993,0.0039131271747034,0.0112437389764829
"chr15:41297929:41298041:clu_17274:ENSG00000247556.6",-0.00511485248285752,0.00458658274914246,0.264774496745252
"chr15:40532302:40557216:clu_17227:ENSG00000128891.15",-0.00620823795142546,0.00347912292726193,0.0743544440378784
"chr15:42278590:42283611:clu_17361:ENSG00000214013.9",-0.00787050441153736,0.00515437399379977,0.126771850857099
"chr15:30904011:30904512:clu_17068:ENSG00000261628.1",0.00271452875269887,0.00462893823380177,0.557589418643881
"chr15:30904011:30904512:clu_17068:ENSG00000198690.9",0.00314861182141613,0.00469604657333181,0.502550967649781
"chr15:82571532:82571902:clu_18381:ENSG00000214575.9",-0.00556504821709497,0.00375247220925038,0.13806506988964
"chr15:63624327:63625985:clu_17839:ENSG00000103657.13",-0.00296933785124308,0.00449478761980118,0.508857287835528
"chr15:64680862:64681309:clu_17878:ENSG00000180357.9",0.00241560689840523,0.00353637534591285,0.494559932621272
"chr15:83050178:83056389:clu_18407:ENSG00000064726.9",-0.00096688469334164,0.004560023937829,0.832079725992166
"chr15:35373608:35381822:clu_17154:ENSG00000134146.11",8.56012133820635e-05,0.00286323192108052,0.97614943000338
"chr15:80059809:80098416:clu_18325:ENSG00000086666.18",-0.000619588867336561,0.00318030697128702,0.845533504359114
"chr15:79846856:79889093:clu_18323:ENSG00000136371.10",-0.00684456066489378,0.00321168118439044,0.0330771377396293
"chr15:80970659:80978766:clu_18338:ENSG00000117899.10",0.00323447280568172,0.00344565916670173,0.347879942564399
"chr15:79846856:79889093:clu_18323:ENSG00000180953.11",-0.00669905186507834,0.00319128785812255,0.0358020243624718
"chr15:68194112:68197440:clu_17987:ENSG00000128973.12",0.00459094478543879,0.00429724842463567,0.285364820497118
"chr15:68211863:68214290:clu_17987:ENSG00000128973.12",0.0127111280441018,0.00557047642938284,0.0224967515120692
"chr15:52154076:52179768:clu_17661:ENSG00000069966.18",-0.00529473231788045,0.00573278890616312,0.355701111315841
"chr15:49866484:49876278:clu_17599:ENSG00000104043.14",0.00179865758939704,0.00395969898014893,0.649655382558159
"chr15:50355765:50356100:clu_17612:ENSG00000244879.6",-0.00377107244304038,0.00399688402437127,0.345423633523972
"chr15:32524600:32526813:clu_17088:ENSG00000223509.8",-0.0042386054867365,0.0031049424284649,0.172216705455526
"chr15:58916999:58933404:clu_17768:ENSG00000137776.16",-0.00697862560238448,0.00472255288400614,0.139481902286313
"chr15:58851965:58854482:clu_17758:ENSG00000128923.10",0.00139982298664959,0.00353452682772345,0.692073645286528
"chr15:58932443:58933404:clu_17768:ENSG00000137776.16",0.000734897102874496,0.00332774867537849,0.825217698899254
"chr15:67586913:67592926:clu_17975:ENSG00000137764.19",-0.00113075916016819,0.00363572848084654,0.755790668128476
"chr15:66351600:66352129:clu_17944:ENSG00000075131.9",-0.00482706381996706,0.00318629198224442,0.129785799507826
"chr15:40026089:40029406:clu_17193:ENSG00000128829.11",-0.0117436633777958,0.00318881876562526,0.00023071974899036
"chr15:40740193:40744047:clu_17234:ENSG00000137824.15",-0.0300125753359263,0.00474725106366146,2.58039589695613e-10
"chr15:40416362:40433854:clu_17222:ENSG00000128928.8",0.0158713195280227,0.00445706204626745,0.000369532996770339
"chr15:40898998:40899144:clu_17260:ENSG00000104142.10",-0.011738995645474,0.00422743701518726,0.00548870187540729
"chr15:40901014:40902616:clu_17260:ENSG00000104142.10",0.00877441298387745,0.00399063640791071,0.0278956824695067
"chr15:40853251:40853489:clu_17256:ENSG00000166145.14",-0.00362606920109701,0.00390375716871848,0.352958283581295
"chr15:94402019:94440176:clu_18690:ENSG00000140563.14",-0.000364827923662465,0.0024297261031581,0.880644795626675
"chr15:92900824:92924321:clu_18668:ENSG00000173575.20",0.00241707932704876,0.00254865274002327,0.34293842515488
"chr15:94476499:94476696:clu_18691:ENSG00000140563.14",-0.000242820453303946,0.00324275488716595,0.94030946148576
"chr15:25708300:25713674:clu_17013:ENSG00000206190.11",0.0033213348117174,0.00365563484773241,0.363586587042019
"chr15:24982437:24998970:clu_16984:ENSG00000224078.13",-0.0021179860346665,0.00305056487672183,0.487498439950389
"chr15:82477123:82477261:clu_18378:ENSG00000255769.7",0.00253481092642393,0.00719310112512882,0.724542253942222
"chr15:83126847:83127358:clu_18410:ENSG00000136404.15",0.00251390396482347,0.00417907008370145,0.547476212320937
"chr15:101055223:101056856:clu_18779:ENSG00000154237.12",0.00865449959453442,0.00244615281084113,0.000403163223492098
"chr15:38868184:38868329:clu_17177:ENSG00000259345.5",0.0050722395496734,0.00366128013082024,0.165938366488891
"chr15:55334007:55339267:clu_17689:ENSG00000069943.9",-0.00330807011564282,0.00346648218007171,0.339930907167898
"chr15:55389433:55407847:clu_17694:ENSG00000260916.7",0.000119798294890859,0.00453656826741785,0.978932511062453
"chr15:55389433:55408221:clu_17694:ENSG00000260916.7",-0.000708775591483034,0.00374700609143405,0.849969107217116
"chr15:24962209:24967029:clu_16982:ENSG00000128739.21",-0.00171670460312648,0.0033665329591246,0.610098744739644
"chr15:61884269:61890165:clu_17804:ENSG00000129003.15",-0.00149911183329095,0.00331595465675724,0.651203736275107
"chr15:61882736:61884128:clu_17804:ENSG00000129003.15",0.00389224755529231,0.00322746205026134,0.227826053702321
"chr15:56921098:57063750:clu_17719:ENSG00000140262.17",0.0034629920576298,0.00342959450988728,0.312620809570892
"chr15:55430779:55434905:clu_17695:ENSG00000256061.7",-0.000671597931237558,0.004036859607728,0.867868588815818
"chr15:57063823:57091789:clu_17719:ENSG00000140262.17",-0.000882919561626857,0.00329879367281107,0.788969338678656
"chr15:56917212:56917540:clu_17717:ENSG00000137871.19",0.00793664974458228,0.00367862325890244,0.0309663026277752
"chr15:78931506:78931869:clu_18316:ENSG00000103811.15",0.00193562204860865,0.00356562215358332,0.587228437317179
"chr15:78937423:78939140:clu_18319:ENSG00000103811.15",-0.00337105140933351,0.00248179907928791,0.1743654788265
"chr15:78274997:78278208:clu_18296:ENSG00000140395.8",-0.00921187140373969,0.00336102875671131,0.00612918116424521
"chr15:78466489:78470532:clu_18302:ENSG00000136381.12",0.00169358842554844,0.00389409611315303,0.663626435058049
"chr15:78278090:78278208:clu_18296:ENSG00000140395.8",0.0101779867751747,0.00381357466963639,0.00761038265807612
"chr15:78470601:78471741:clu_18302:ENSG00000136381.12",-0.00391791431412577,0.00378815467878181,0.301017412598406
"chr15:88899811:88900657:clu_18519:ENSG00000140545.14",-0.00369929445422247,0.00377776651708426,0.327467375466345
"chr15:89686546:89690577:clu_18562:ENSG00000166821.8",-0.00544570194239447,0.00301811614329087,0.0711783207085397
"chr15:89837722:89871475:clu_18579:ENSG00000157823.16",0.00276430222378436,0.00318776328438026,0.385854106417748
"chr15:90090644:90091553:clu_18584:ENSG00000182054.9",-0.00124968644993163,0.00335261338927098,0.70933456169366
"chr15:90625993:90629234:clu_18604:ENSG00000140577.15",-0.00239846416714996,0.00405474945830561,0.554172262168131
"chr15:90266398:90275447:clu_18596:ENSG00000182768.8",0.00573806726224519,0.00384844542815726,0.135959098394255
"chr15:43584892:43590172:clu_17456:ENSG00000168781.21",-0.00621607281002496,0.0051218478710583,0.224885720714085
"chr15:43773226:43773304:clu_17466:ENSG00000128886.11",0.00388560895530698,0.00502077398907325,0.438986164375069
"chr15:43335826:43336626:clu_17431:ENSG00000168803.14",-0.0132421369867057,0.00534890499013442,0.0132985502543209
"chr15:43558932:43568463:clu_17454:ENSG00000168781.21",-0.00261679678579653,0.0077739310511599,0.736409573140117
"chr15:44675691:44676475:clu_17499:ENSG00000229474.6",0.00124032215066865,0.00392925157115296,0.752257770230138
"chr15:43133982:43134257:clu_17418:ENSG00000137842.6",-0.000102988031970869,0.00602526103357649,0.986362655641123
"chr15:43857163:43858671:clu_17473:ENSG00000092470.11",-0.00236504998870811,0.00518433491443503,0.648252212347206
"chr15:43160794:43169593:clu_17422:ENSG00000137842.6",0.00566628071858581,0.00518711212867501,0.274667535512735
"chr15:42990120:42998168:clu_17411:ENSG00000159459.11",0.00460843725316204,0.00716525371022116,0.520117326431938
"chr15:43413334:43415594:clu_17445:ENSG00000067369.13",0.0215624278806066,0.00748072505545482,0.00394660730777507
"chr15:69423329:69425282:clu_18016:ENSG00000137807.13",-0.000887643028734178,0.00300791429544517,0.76791557991077
"chr15:70664814:70669153:clu_18032:ENSG00000137831.14",-0.00565771470353105,0.00332095923391742,0.0884486050117262
"chr15:69453020:69453647:clu_18019:ENSG00000137818.11",-0.0037667826333085,0.0046605781756948,0.418962694060934
"chr15:69453721:69455170:clu_18019:ENSG00000137818.11",0.00270913711629727,0.00467636269320154,0.562369423872041
"chr15:70066218:70074503:clu_18030:ENSG00000140332.15",-0.00821918493101517,0.00406059400165927,0.0429564028225689
"chr15:34163690:34209951:clu_17117:ENSG00000134152.10",0.00359420048574682,0.00291935448959739,0.218262002233621
"chr15:34362655:34362782:clu_17127:ENSG00000176454.13",-0.00397207072947014,0.00303688227541157,0.190892440500292
"chr15:34163690:34177821:clu_17117:ENSG00000134152.10",0.00200020762213533,0.00384674009977027,0.603081192120307
"chr15:34545426:34546935:clu_17139:ENSG00000215252.11",-0.000662383468377615,0.0031678402788682,0.834373115509645
"chr15:56384031:56388472:clu_17704:ENSG00000151575.14",-0.00173084080128762,0.00511185667862261,0.734916074690187
"chr15:73592137:73633125:clu_18114:ENSG00000156642.16",0.00737310724659883,0.00504559926105817,0.143934595255854
"chr15:72716850:72722794:clu_18101:ENSG00000140463.13",0.00980258507494646,0.0042583377035607,0.0213366067031537
"chr15:72735966:72736762:clu_18104:ENSG00000140463.13",-0.0017104949274433,0.00440988892357282,0.698106985492799
"chr15:72304794:72319613:clu_18085:ENSG00000140488.15",0.00370789497345128,0.0042014924389842,0.377496458263137
"chr15:72356617:72362376:clu_18091:ENSG00000213614.9",0.0107314015649635,0.0043215403514152,0.0130195054522356
"chr15:84652802:84652921:clu_18456:ENSG00000177082.12",0.0165485959523764,0.00597853645229629,0.0056401251524778
"chr15:85740272:85741046:clu_18491:ENSG00000170776.21",-0.00238500556528512,0.00371937769629284,0.521368195171486
"chr15:40414982:40415401:clu_17221:ENSG00000128928.8",-0.0115129384534298,0.00496108392128057,0.02030575163658
"chr15:40106091:40108259:clu_17200:ENSG00000104081.13",0.00796114701297307,0.00348876303498884,0.0224928982037802
"chr15:41740203:41742546:clu_17299:ENSG00000174197.16",-0.00260195223897593,0.00452135358166007,0.564966162764439
"chr15:40838266:40838543:clu_17253:ENSG00000261183.5",-0.0116727040476526,0.00878462467689812,0.183925428550376
"chr15:40091888:40104180:clu_17199:ENSG00000104081.13",0.00524594429494803,0.00366192650786954,0.151982459644529
"chr15:41822677:41822939:clu_17308:ENSG00000137802.13",0.0103360110033934,0.00425077774603298,0.0150340569974386
"chr15:40809970:40810071:clu_17247:ENSG00000166140.17",0.00335610340230931,0.00529219262070953,0.525975603991036
"chr15:41081073:41085369:clu_17269:ENSG00000128908.15",-0.00212566333444636,0.00408618174361188,0.602918797322362
"chr15:42169892:42173723:clu_17349:ENSG00000166887.15",-0.0150163312782162,0.00472420604778627,0.00147991409170101
"chr15:41264235:41270557:clu_17272:ENSG00000187446.11",-0.0151650040022106,0.00474330925342117,0.0013879954655881
"chr15:41524254:41524991:clu_17287:ENSG00000103932.11",-0.00267846384859139,0.00423156860155061,0.526752019322967
"chr15:41397140:41402447:clu_17281:ENSG00000137806.8",0.00400966370827691,0.00370312881595915,0.27890729709629
"chr15:41525148:41526898:clu_17287:ENSG00000103932.11",0.0132240180201044,0.00438097857571187,0.00254022859130498
"chr15:40840491:40844179:clu_17253:ENSG00000261183.5",-0.0251549469663511,0.00772726134720378,0.00113252355355864
"chr15:41573815:41577886:clu_17294:ENSG00000092445.11",0.000920046617128092,0.00498655509992228,0.853616948224687
"chr15:41870560:41871375:clu_17328:ENSG00000137877.9",-0.00503747811263247,0.00498723454245176,0.312459629415623
"chr15:40413087:40414823:clu_17221:ENSG00000128928.8",0.00224458081251241,0.00441766617918144,0.611388830415843
"chr15:40775596:40776196:clu_17241:ENSG00000104129.9",-0.00252287076660397,0.00352645452153526,0.47435399439713
"chr15:40838705:40844179:clu_17253:ENSG00000261183.5",-0.00879761416397004,0.00690368274453203,0.202544224231885
"chr15:41870353:41870446:clu_17328:ENSG00000137877.9",0.00167880479575505,0.00497348894634538,0.735701780996553
"chr15:23309457:23309607:clu_16967:ENSG00000274471.1",-0.0153806759558527,0.0042035875678664,0.000253260324312721
"chr15:23309280:23309607:clu_16967:ENSG00000274471.1",0.0119330245209616,0.00562134047187215,0.0337699740743407
"chr15:22547089:22547881:clu_16926:ENSG00000276550.4",-0.00428797340692655,0.00565734246062833,0.44848190127169
"chr15:22757994:22758819:clu_16945:ENSG00000274253.4",0.00355853327334906,0.00509921466531891,0.485265324922865
"chr15:92162998:92163296:clu_18658:ENSG00000176463.13",-0.00460462354378999,0.00327435207290283,0.159643923742127
"chr15:92570696:92571186:clu_18659:ENSG00000258647.5",0.00207909258362635,0.00216648726152644,0.337226031440649
"chr15:28590260:28612059:clu_17031:ENSG00000206149.10",-0.00220318109049803,0.0046659247848339,0.636794531901105
"chr15:96333857:96334076:clu_18706:ENSG00000185551.14",0.00134440672819411,0.00302551503290106,0.656784987865137
"chr15:88859417:88871382:clu_18516:ENSG00000157766.15",0.000870002700387534,0.00358376635076599,0.808189685266964
"chr15:81259880:81265659:clu_18341:ENSG00000172349.17",-0.00663266220818666,0.00299752934733053,0.0269176674771884
"chr15:44613536:44615363:clu_17496:ENSG00000104133.14",-0.00438275436494014,0.00518784894091617,0.398216101437287
"chr15:43398179:43399112:clu_17440:ENSG00000137822.12",0.00225806112345109,0.00714536240386464,0.75198905950563
"chr15:44606091:44608444:clu_17495:ENSG00000104133.14",0.00753968479351749,0.00617689842098625,0.222227535957447
"chr15:88464876:88465587:clu_18505:ENSG00000259494.1",-0.00486789419584743,0.00455892756809011,0.28562347139644
"chr15:29701689:29704222:clu_17054:ENSG00000104067.16",0.00936302534234811,0.00462342070161486,0.0428540753729648
"chr15:24574813:24574907:clu_16974:ENSG00000259905.5",0.00175155789718707,0.00360731323529802,0.627280954906381
"chr15:34275389:34336410:clu_17123:ENSG00000140199.11",-0.00639430825910139,0.002786780192447,0.0217609487524579
"chr15:34528077:34528189:clu_17132:ENSG00000215252.11",-0.00360941351978558,0.0038274699783925,0.345666292444501
"chr15:40563027:40564976:clu_17228:ENSG00000128891.15",-0.00597299330760581,0.00376820256388829,0.112942685779195
"chr15:40853881:40854060:clu_17258:ENSG00000166145.14",0.00620705193224098,0.0061926845741169,0.316189040361284
"chr15:40296634:40296746:clu_17211:ENSG00000137841.11",-0.000195478353167292,0.00484750329938991,0.967833565229245
"chr15:42276410:42278482:clu_17361:ENSG00000214013.9",-0.00372126048316534,0.0046716554110008,0.425705789223777
"chr15:42273611:42274168:clu_17360:ENSG00000214013.9",-0.00468705948313983,0.00493718957631365,0.34244895860739
"chr15:45511284:45521964:clu_17544:ENSG00000104154.6",0.00859741676037509,0.00382649705703152,0.0246520904023353
"chr15:44380976:44413336:clu_17476:ENSG00000166734.18",0.00264134716292345,0.00602866205354015,0.661290911214059
"chr15:45132024:45133864:clu_17523:ENSG00000137857.17",-0.00280360260163756,0.00536468601094809,0.601250345049297
"chr15:44554667:44557489:clu_17485:ENSG00000104131.12",0.00548499882256669,0.00639151156541156,0.390799001257098
"chr15:44289356:44322965:clu_17474:ENSG00000166734.18",-0.00959994722642074,0.00639011370742424,0.133016441007345
"chr15:44557650:44560249:clu_17485:ENSG00000104131.12",-0.00315868398937107,0.00698165248163285,0.650961822464131
"chr15:43649879:43664418:clu_17460:ENSG00000249839.1",-0.00649020870716927,0.00615894937540559,0.291981344707946
"chr15:44584558:44585636:clu_17490:ENSG00000104133.14",0.00487043813229883,0.00461775923092018,0.291553885812722
"chr15:43649879:43664418:clu_17460:ENSG00000166762.16",-0.00649020870716927,0.00615894937540559,0.291981344707946
"chr15:44584414:44585636:clu_17490:ENSG00000104133.14",-0.000923418904464416,0.00505055282328747,0.854927317810527
"chr15:43631538:43632199:clu_17458:ENSG00000166762.16",-0.0170086561895785,0.00667841338946299,0.0108712317097251
"chr15:44499813:44503424:clu_17481:ENSG00000137770.13",-0.00874338696121547,0.00673174329467815,0.194002438966443
"chr15:30952038:30953562:clu_17079:ENSG00000166912.16",0.00180861257808925,0.0041946738068802,0.666345619649388
"chr15:30608324:30613691:clu_17064:ENSG00000247728.2",0.000576744716785103,0.00382512010475866,0.880150685048613
"chr15:34382529:34382797:clu_17133:ENSG00000175265.17",-1.72296486784081e-05,0.00286862719213318,0.995207746739776
"chr15:34910313:34915038:clu_17148:ENSG00000021776.10",-0.00150147218679233,0.00327517667558985,0.64663631758393
"chr15:35372203:35373521:clu_17153:ENSG00000134146.11",0.00408107711632515,0.0026691550698453,0.126270108196355
"chr15:34435471:34437398:clu_17136:ENSG00000175265.17",0.00308098755825974,0.00266312502437298,0.2473104235994
"chr15:45178306:45198772:clu_17532:ENSG00000138606.19",-0.000883995859483985,0.005183653747907,0.864589188822787
"chr15:101651773:101652271:clu_18793:ENSG00000184277.12",6.95915176221242e-05,0.00349944108271815,0.984133941234368
"chr15:100862342:100867358:clu_18764:ENSG00000259604.5",0.0041506330002714,0.00439584373979967,0.345058466155109
"chr15:100860035:100860156:clu_18764:ENSG00000259604.5",0.00294956063549525,0.00263022824251316,0.262113966714149
"chr15:101737369:101744441:clu_18801:ENSG00000259658.4",-0.00734512789767442,0.00364590478143565,0.0439440429040331
"chr15:84840932:84856392:clu_18466:ENSG00000136383.6",-0.0012597830326209,0.00484404348658829,0.794810949915513
"chr15:84827605:84838980:clu_18466:ENSG00000136383.6",0.00411470541041283,0.0052909800385688,0.436755896398537
"chr15:52348826:52351254:clu_17674:ENSG00000197535.14",0.00106624614611495,0.0038683073669101,0.782827382985677
"chr15:50580908:50583089:clu_17623:ENSG00000092439.13",0.0136324791252703,0.00473600874461896,0.00399603927380643
"chr15:49423440:49424032:clu_17587:ENSG00000140285.9",0.0137604697124382,0.00390987475791691,0.000432500499207289
"chr15:50278784:50286068:clu_17607:ENSG00000104064.16",-0.00963470732248536,0.00561666956520893,0.0862760794313057
"chr15:49225349:49235851:clu_17582:ENSG00000156958.14",-0.00532866950598822,0.00464354348360574,0.251156944232545
"chr15:90936460:90939731:clu_18636:ENSG00000140553.17",-0.00424122792035182,0.0031929197389897,0.184071508064746
"chr15:85769820:85794766:clu_18495:ENSG00000183655.12",-0.0101420600067312,0.00349304866258659,0.00369019259977188
"chr15:84604333:84616309:clu_18447:ENSG00000176371.13",-0.00677602693606136,0.00411954371039113,0.100000975262317
"chr15:85655787:85658537:clu_18485:ENSG00000170776.21",0.0138611698146769,0.00435529268034226,0.00145957329234847
"chr15:85199622:85201817:clu_18476:ENSG00000259295.6",0.00184264625422088,0.00248247494858242,0.457928748594368
"chr15:91017024:91017805:clu_18653:ENSG00000184056.14",-0.00305775080944652,0.00302482265028989,0.312071004952153
"chr15:50477499:50481481:clu_17618:ENSG00000138592.13",-0.00297840785841992,0.00379877565021836,0.433014199730501
"chr15:34428704:34435383:clu_17136:ENSG00000175265.17",0.00140116488894177,0.00364325894723958,0.700540404760407
"chr15:34342111:34343020:clu_17124:ENSG00000182117.5",-0.00302015746593817,0.00291036003743301,0.299397447055692
"chr15:34342108:34343020:clu_17124:ENSG00000182117.5",0.000959923857010201,0.00268419070996471,0.720626712114169
"chr15:34360209:34361169:clu_17126:ENSG00000176454.13",-0.00414629913832831,0.00329920160193232,0.208841154552039
"chr15:82892841:82952010:clu_18403:ENSG00000103942.12",-0.0114016498672385,0.00556294087900402,0.0404061799219173
"chr15:82252775:82259088:clu_18362:ENSG00000140598.13",0.00156015466540806,0.00458662255872707,0.733741106610127
"chr15:82418792:82419208:clu_18369:ENSG00000259429.5",0.0138237342100847,0.00477384543469768,0.0037828610207824
"chr15:82400716:82404612:clu_18366:ENSG00000259429.5",-0.0136777843944718,0.00343798784707306,6.93726425454733e-05
"chr15:82892841:82952531:clu_18403:ENSG00000103942.12",0.0101183147981419,0.00536449526389817,0.0592729345996712
"chr15:82241403:82252691:clu_18362:ENSG00000140598.13",-0.00556207816798341,0.00397304565994658,0.161527319654055
"chr15:45587525:45592135:clu_17552:ENSG00000104164.10",0.00334904881071875,0.00431747251871759,0.437928140019749
"chr15:45145080:45147433:clu_17533:ENSG00000137857.17",0.00628026813921299,0.00618341237285318,0.309789509574063
"chr15:45119365:45120103:clu_17520:ENSG00000140254.12",0.00456483604821234,0.00512444112184196,0.373038161301802
"chr15:92630345:92655316:clu_18665:ENSG00000185442.12",-0.00383747328625987,0.00271599367676018,0.157680168024016
"chr15:55356409:55359788:clu_17692:ENSG00000260916.7",0.00235775046280775,0.00483479829235114,0.625788823927252
"chr15:100887712:100895933:clu_18770:ENSG00000184254.16",-0.00479125391732256,0.00320575073121151,0.13502384547066
"chr15:100867439:100873823:clu_18767:ENSG00000259604.5",0.00221036832236468,0.00279914475696884,0.429727260461538
"chr15:101966223:101972593:clu_18803:ENSG00000185596.16",-0.00437252433681652,0.00366886512942685,0.233342789193866
"chr15:101657036:101661712:clu_18795:ENSG00000185418.15",0.000886613932441824,0.00547277605474054,0.871302370043935
"chr15:67519102:67521494:clu_17972:ENSG00000259673.5",-0.0187487514635928,0.00319451652871365,4.38320579831952e-09
"chr15:68194112:68197440:clu_17987:ENSG00000129007.14",0.00469835103247589,0.00419576514081697,0.262805782515889
"chr15:67748257:67748569:clu_17980:ENSG00000137764.19",-0.00804995883000591,0.00336930588995357,0.0168849276315944
"chr15:67703408:67748231:clu_17980:ENSG00000137764.19",-0.00523832252171623,0.00395310437970355,0.185132624888738
"chr15:30908258:30913858:clu_17070:ENSG00000198690.9",0.00219339066976721,0.0067303114135837,0.744502019003916
"chr15:23027306:23030885:clu_16964:ENSG00000275835.4",-0.00729003942621329,0.00374264820118671,0.0514354044239826
"chr15:22758921:22764224:clu_16945:ENSG00000274253.4",0.00164651288929609,0.0042977466584636,0.701637658989882
"chr15:22557060:22559789:clu_16929:ENSG00000276550.4",0.00967791789025594,0.00716638484106565,0.17686839471089
"chr15:23027309:23030885:clu_16964:ENSG00000275835.4",0.00655100592351734,0.00379286956721022,0.0841335681704469
"chr15:22546820:22546938:clu_16925:ENSG00000276550.4",0.0131471887409488,0.00616444650658548,0.0329456998395929
"chr15:36709288:36709856:clu_17161:ENSG00000186073.11",0.00116916693382744,0.0029878236240282,0.695567694612016
"chr15:37036959:37083771:clu_17168:ENSG00000134138.19",0.00314575827634335,0.00320008387016567,0.325595775959305
"chr15:38324809:38339737:clu_17172:ENSG00000166068.12",-0.0020629114468169,0.00337877842414906,0.54149786965898
"chr15:99621080:99632978:clu_18740:ENSG00000068305.17",0.0028588524846558,0.00331469286281095,0.388424067395146
"chr15:99228732:99241365:clu_18733:ENSG00000103852.12",-0.000718919895482205,0.00306096035782369,0.814311628870148
"chr15:90957725:90959900:clu_18641:ENSG00000166965.12",0.00244603142188242,0.00299103095791337,0.413477831840682
"chr15:89652954:89655399:clu_18559:ENSG00000166813.14",0.00462889009168545,0.00470411417494075,0.325111149798228
"chr15:89317536:89317939:clu_18532:ENSG00000140521.12",0.00328084849970381,0.00414436456747531,0.428570091107299
"chr15:89327063:89327167:clu_18539:ENSG00000140521.12",-0.00487160763134912,0.00322969783705585,0.131457614933813
"chr15:89327079:89327167:clu_18539:ENSG00000140521.12",0.00291235527181106,0.00326428413218819,0.372292150005858
"chr15:89471855:89472711:clu_18546:ENSG00000140519.12",0.011091974411928,0.00316123460035487,0.000450221895567982
"chr15:90902975:90904190:clu_18622:ENSG00000196547.14",0.00449099835125676,0.00379323135810899,0.236432638336737
"chr15:72353178:72353691:clu_18090:ENSG00000213614.9",0.0141328071476828,0.00538148889392413,0.00863468480596152
"chr15:72289770:72289939:clu_18084:ENSG00000140488.15",0.00368195171461115,0.00408268803587507,0.367139221444967
"chr15:72346325:72348048:clu_18089:ENSG00000213614.9",0.00670794734771744,0.00497482100570569,0.177536309582286
"chr15:72686251:72709700:clu_18099:ENSG00000140463.13",-0.011279872955337,0.00629155900563664,0.0729956056177137
"chr15:72289770:72290127:clu_18084:ENSG00000140488.15",-0.00347927855846479,0.00483616245702911,0.471876247002065
"chr15:99671657:99674393:clu_18742:ENSG00000068305.17",-0.00444001414098187,0.00317080561113733,0.161429632919565
"chr15:87981360:88032857:clu_18498:ENSG00000140538.16",0.00309822875749876,0.00376307302363394,0.41032370510842
"chr15:88621382:88626146:clu_18513:ENSG00000181026.14",0.00469289741037174,0.00337695419359909,0.164625017535564
"chr15:87979463:87981226:clu_18498:ENSG00000140538.16",0.00229070727622471,0.00325399496475785,0.48145290321937
"chr15:88468024:88472647:clu_18508:ENSG00000181991.15",-0.00521079030270678,0.00296511398302765,0.0788554560452526
"chr15:89317536:89318541:clu_18532:ENSG00000140521.12",-0.0178611732198533,0.00452376532816879,7.87088174301065e-05
"chr15:55234956:55238403:clu_17686:ENSG00000069974.15",0.00312938043708224,0.00362063547555723,0.387413221058546
"chr15:78880579:78884967:clu_18311:ENSG00000185787.14",0.0161140530767213,0.0043157311061715,0.000188616408889675
"chr15:79961174:79970700:clu_18324:ENSG00000140379.7",0.00340648074060779,0.00315061752248688,0.279603489265655
"chr15:45603187:45605428:clu_17552:ENSG00000104164.10",-0.00823036602567095,0.00472633157077657,0.0816159999655325
"chr15:34362321:34362573:clu_17127:ENSG00000176454.13",0.00212892183853508,0.00299754339622652,0.477566361828998
"chr15:81303650:81305908:clu_18348:ENSG00000172349.17",-0.000199285974471686,0.0031560678515342,0.949652032521482
"chr15:77252526:77284958:clu_18271:ENSG00000173517.10",-0.00489943024382244,0.00442345584906328,0.268033573415588
"chr15:40240681:40253178:clu_17203:ENSG00000137843.11",0.0138117152455627,0.00358532954814447,0.000117020175921634
"chr15:40030456:40032169:clu_17194:ENSG00000128829.11",-0.000360533095198455,0.00346712253897271,0.917180254809579
"chr15:30959121:30960881:clu_17080:ENSG00000166912.16",0.005822191381343,0.0046425769506369,0.209810699593335
"chr15:41901181:41909699:clu_17333:ENSG00000103966.10",0.00551942030353777,0.0050122052193762,0.270811365297769
"chr15:99146137:99148586:clu_18729:ENSG00000103852.12",0.00921553148835116,0.0028427483080371,0.00118790538101998
"chr15:79314005:79314541:clu_18322:ENSG00000166557.12",0.000338078648586974,0.00399004394374172,0.932475601787012
"chr15:79314005:79321978:clu_18322:ENSG00000166557.12",-0.00665655105772763,0.00363976829526686,0.0674236956896805
"chr15:78932041:78932372:clu_18316:ENSG00000103811.15",0.00218566449939289,0.00318021150902502,0.491912493934028
"chr15:78111276:78123705:clu_18285:ENSG00000136425.12",0.00157337167954991,0.0034215333121518,0.645628174129054
"chr15:52261127:52264190:clu_17667:ENSG00000128833.12",-0.000522561839128481,0.00415368882466261,0.899884946607829
"chr15:56653599:56654385:clu_17708:ENSG00000137871.19",-0.0053391913353105,0.00515066010233914,0.299920767841569
"chr15:56654234:56654385:clu_17708:ENSG00000137871.19",-0.00564467472714924,0.00384766839579088,0.142365790594846
"chr15:66523748:66527290:clu_17952:ENSG00000174442.11",-0.00999363671968252,0.00324773869591947,0.00209020851590791
"chr15:65234823:65248117:clu_17912:ENSG00000138617.14",-0.00189171027809339,0.0039827390231155,0.634803215715743
"chr15:65266768:65270992:clu_17914:ENSG00000138617.14",0.00733562617987899,0.00578824198590268,0.20503648646487
"chr15:64691591:64703029:clu_17880:ENSG00000180304.14",0.00460523209414656,0.00799141803802238,0.564431206968704
"chr15:65059418:65067733:clu_17903:ENSG00000103710.10",-0.00259590174355171,0.00705785002511577,0.713019780004432
"chr15:40845029:40853124:clu_17255:ENSG00000166145.14",-0.00236859172123244,0.00790345546917723,0.764413129816781
"chr15:40011346:40017108:clu_17192:ENSG00000128829.11",-0.00131241744289344,0.00411915884922203,0.750020015535134
"chr15:39949268:39953904:clu_17189:ENSG00000128829.11",-0.00720698643003379,0.00437345480759235,0.0993745894310702
"chr15:38868526:38881717:clu_17177:ENSG00000259345.5",0.00552181503460631,0.00283429471414707,0.0513892613792941
"chr15:40046069:40064296:clu_17197:ENSG00000248508.6",-0.00251842330959466,0.0041419102700103,0.54316475747427
"chr15:85076787:85083556:clu_18470:ENSG00000073417.14",0.0102746166276629,0.00400509443647569,0.0103060827135676
"chr15:78009114:78012823:clu_18280:ENSG00000167202.11",-0.00324694443661179,0.00380765130692258,0.393802358384576
"chr15:34359302:34360111:clu_17125:ENSG00000176454.13",0.000487244285970913,0.00394726783746979,0.901759978905876
"chr15:66527383:66527857:clu_17952:ENSG00000174442.11",0.0102883478434631,0.00363209930635282,0.00461686031327579
"chr15:65607442:65610686:clu_17930:ENSG00000138614.14",0.00516262775644251,0.00393920781624059,0.190001349506492
"chr15:40046069:40059133:clu_17197:ENSG00000248508.6",-0.00600739081663369,0.00445801537115886,0.17780372432794
"chr15:58894193:58897115:clu_17766:ENSG00000137776.16",0.00628902899134277,0.0037795732010096,0.0961219901260809
"chr15:63622891:63623725:clu_17838:ENSG00000103657.13",-0.00878405923871002,0.00399889213819707,0.0280473680203481
"chr15:67421498:67430321:clu_17970:ENSG00000259673.5",0.0156367629397343,0.00334765425104229,2.99793646008073e-06
"chr15:89799559:89801111:clu_18573:ENSG00000166825.13",-0.00225856936744732,0.00390889292743507,0.563397249287075
"chr15:90641199:90641935:clu_18607:ENSG00000140577.15",-0.00586719718915246,0.00327135118498014,0.0728916023118557
"chr15:90641199:90641932:clu_18607:ENSG00000140577.15",0.00512319957090901,0.00326940844308534,0.117112079212633
"chr15:88901735:88905757:clu_18520:ENSG00000140545.14",0.0073392560911438,0.00495552459601244,0.138599896859505
"chr15:89333913:89334685:clu_18543:ENSG00000140521.12",-0.00321544055005725,0.00317234360172264,0.310780718752106
"chr15:62783890:62792641:clu_17810:ENSG00000171914.16",-0.000333989699208767,0.00310475824546125,0.914334021959677
"chr15:34236815:34237419:clu_17121:ENSG00000140199.11",0.00213135143952167,0.00282309571119756,0.450267222894913
"chr15:34915179:34918258:clu_17148:ENSG00000021776.10",-0.000586251989182213,0.00319408458853733,0.854371952810962
"chr15:34261020:34275345:clu_17123:ENSG00000140199.11",-0.00158106960874629,0.00348622212137395,0.650174726677233
"chr15:34148750:34152790:clu_17116:ENSG00000134152.10",0.00325496103474219,0.00263156912760283,0.216127994099806
"chr15:34227846:34229753:clu_17119:ENSG00000128463.12",-0.00207447811146163,0.00323834411573913,0.521783628887649
"chr15:65119954:65129032:clu_17907:ENSG00000090470.14",-0.00524824863744108,0.0047638066822353,0.270595511558239
"chr15:63504830:63532647:clu_17828:ENSG00000140455.16",0.00110137952666296,0.0049217145049373,0.822928768959722
"chr15:65119463:65119718:clu_17907:ENSG00000090470.14",0.00274192601454008,0.00456680020487346,0.548236890717727
"chr15:55339318:55340612:clu_17689:ENSG00000069943.9",0.00452824159117718,0.00329059159370122,0.168785172442595
"chr15:101642644:101645087:clu_18792:ENSG00000184277.12",-0.00219100753720161,0.00413289465329037,0.596015745470755
"chr15:101430063:101431320:clu_18791:ENSG00000140479.16",0.0107851773024977,0.00286540066103871,0.000167261436011423
"chr15:101975165:101975924:clu_18807:ENSG00000185596.16",0.0119533172908577,0.00585389569896567,0.0411572544516936
"chr15:44608605:44610840:clu_17496:ENSG00000104133.14",-0.00188089830985375,0.00385863241911308,0.625938010373054
"chr15:45521025:45555490:clu_17541:ENSG00000179362.14",-0.00140249316977011,0.00650697364417824,0.82934871699875
"chr15:45415809:45417269:clu_17548:ENSG00000171763.18",0.00518568083825524,0.00426091629754426,0.223591205612083
"chr15:45529877:45536085:clu_17541:ENSG00000179362.14",-0.00333460238301099,0.00593314721462908,0.574096078544095
"chr15:45515892:45536085:clu_17541:ENSG00000179362.14",0.00194550849981814,0.00636623583928775,0.759910796094975
"chr15:44570658:44572469:clu_17488:ENSG00000104133.14",-0.000551876033592683,0.00547574905178808,0.919720748055466
"chr15:45536209:45555490:clu_17541:ENSG00000179362.14",0.00374170867444407,0.00573063492462698,0.513800820900724
"chr15:45536209:45547080:clu_17541:ENSG00000179362.14",0.00031092971684094,0.00635047822290755,0.96094988012214
"chr15:90201735:90217439:clu_18587:ENSG00000185033.14",-0.00898348473335771,0.00364243362618868,0.0136501175257103
"chr15:66308844:66311724:clu_17940:ENSG00000166938.12",0.00349404768388667,0.00367698017724836,0.341985615276987
"chr15:66311900:66314039:clu_17940:ENSG00000166938.12",-0.00384258269457117,0.00357715639600087,0.282732890306704
"chr15:74195468:74195652:clu_18142:ENSG00000137868.18",0.00637886405997154,0.00384589095563121,0.0971927873408358
"chr15:74823682:74824354:clu_18172:ENSG00000140506.16",0.0102351452560469,0.00550910633143708,0.0631889761832348
"chr15:74032715:74033156:clu_18131:ENSG00000140464.19",0.0089564027779659,0.00406708791850726,0.0276535839997835
"chr15:73751697:73752110:clu_18119:ENSG00000205363.5",0.00243145195548144,0.00419697223656628,0.562363307120797
"chr15:74619348:74619967:clu_18159:ENSG00000179335.18",0.00153038494289752,0.00425162724076937,0.71888246391251
"chr15:74675142:74687091:clu_18165:ENSG00000179151.11",-0.00624297207960549,0.00407278808302214,0.125312886385489
"chr15:74619348:74620009:clu_18159:ENSG00000179335.18",0.00155077111843465,0.00408863380982135,0.704473759491782
"chr15:74182222:74182343:clu_18137:ENSG00000137868.18",0.00526936355638252,0.0050698266220653,0.298638388974111
"chr15:74606095:74606243:clu_18157:ENSG00000179335.18",-0.000495147635460121,0.0035742492959195,0.8898200403344
"chr15:74591814:74593135:clu_18155:ENSG00000179361.17",-0.00598661250369964,0.00514197132843743,0.244317009674625
"chr15:91017064:91017805:clu_18653:ENSG00000184056.14",-0.0142487399769172,0.00371206185523473,0.000123789498373661
"chr15:90940473:90942437:clu_18637:ENSG00000140553.17",-0.0071031482069052,0.00350207768260418,0.0425330163660413
"chr15:34938813:34940899:clu_17150:ENSG00000021776.10",-0.00162977002991109,0.00491620567057293,0.740259490270871
"chr15:34147430:34148632:clu_17115:ENSG00000134152.10",-0.00526022782598167,0.00346116976301544,0.128565460614008
"chr15:34528750:34529018:clu_17138:ENSG00000215252.11",0.000367841840388243,0.00321411447306897,0.908884424559169
"chr15:34238401:34238965:clu_17122:ENSG00000140199.11",-0.0103304340852117,0.0034147287749452,0.00248421467821758
"chr15:59678834:59679592:clu_17784:ENSG00000140299.11",0.00344839993345862,0.00514976534529888,0.503098319998429
"chr15:74195675:74196008:clu_18143:ENSG00000137868.18",-0.00190451095240665,0.0037909819744133,0.615400721932116
"chr15:80059809:80120328:clu_18325:ENSG00000086666.18",0.00332017696219078,0.00505118541902146,0.510983863761614
"chr15:75904629:75905578:clu_18238:ENSG00000167196.13",0.0102417130010118,0.00525395268138688,0.0512554506982891
"chr15:39585563:39587347:clu_17183:ENSG00000137801.10",-0.00280825019911379,0.00313174606206739,0.369876718906701
"chr15:40291487:40291606:clu_17209:ENSG00000137841.11",-0.000506877771245384,0.00372876075975049,0.891870826557875
"chr15:25726082:25727160:clu_17015:ENSG00000206190.11",-0.00353957634240147,0.00260037206320124,0.173456582406622
"chr15:90984825:90994407:clu_18647:ENSG00000198901.13",0.00706575552047463,0.00347966595916848,0.0422971684249508
"chr15:90984825:90994407:clu_18647:ENSG00000184056.14",0.00686168291292783,0.00343551756416524,0.0457950151544464
"chr15:45430655:45430770:clu_17550:ENSG00000171763.18",-0.0188992020550114,0.00621066442836348,0.00234213509497827
"chr15:45522468:45522607:clu_17551:ENSG00000104154.6",-0.0123820342160113,0.00538847880778741,0.0215690791336804
"chr15:45418682:45421043:clu_17550:ENSG00000171763.18",0.0148177316522626,0.00603057341939934,0.014006306496565
"chr15:45522468:45522984:clu_17551:ENSG00000104154.6",0.0124606967301525,0.00458334430158355,0.00655408111136202
"chr15:45099482:45099662:clu_17512:ENSG00000140279.12",-0.003165130232423,0.00588106992479054,0.590446210660898
"chr15:92927330:92929030:clu_18669:ENSG00000173575.20",-0.00232639680435715,0.00271675439735625,0.391823716583787
"chr15:92883778:92885515:clu_18666:ENSG00000272888.5",-0.00603944674563281,0.0031385619256545,0.0543205018632835
"chr15:45069052:45069859:clu_17507:ENSG00000140263.13",0.00566320713837451,0.00551237241889661,0.304249595086954
"chr15:78925440:78926563:clu_18314:ENSG00000103811.15",0.00258299584434284,0.00399396987336159,0.517810640514968
"chr15:80098578:80120328:clu_18325:ENSG00000086666.18",-0.00346132512811061,0.00517297295713096,0.503420725363019
"chr15:66704075:66711668:clu_17954:ENSG00000137834.14",-0.00313971208926607,0.00372476525589389,0.399268237990564
"chr15:92901299:92924321:clu_18668:ENSG00000173575.20",0.00528552194031454,0.00268206949371163,0.0487595836128341
"chr15:60531851:60592387:clu_17799:ENSG00000069667.15",-0.00326022594559082,0.00312731749783252,0.297180302704049
"chr15:34365701:34366987:clu_17130:ENSG00000176454.13",-0.00861168193398191,0.00379016088633321,0.0230795568860737
"chr15:52242213:52244356:clu_17666:ENSG00000128833.12",-0.0117437552509211,0.00441669834304675,0.00783859015966137
"chr15:101650161:101652271:clu_18793:ENSG00000184277.12",-0.00303504955627676,0.00409273721576549,0.458348139640945
"chr15:101657857:101661712:clu_18795:ENSG00000185418.15",0.00392318965638173,0.00368732502890091,0.287343955409469
"chr15:77028652:77029529:clu_18268:ENSG00000140368.12",-0.0172206005592196,0.00541571466018072,0.00147403863215678
"chr15:56658486:56666395:clu_17709:ENSG00000137871.19",-0.00202102528640135,0.003707676838083,0.58569018827806
"chr15:72580991:72582075:clu_18096:ENSG00000166233.14",-0.00816726077778332,0.00601268005473248,0.174355984135987
"chr15:73293548:73298348:clu_18111:ENSG00000067141.16",-6.39456710311396e-05,0.0042241184808275,0.987921902469916
"chr15:73912303:73919838:clu_18121:ENSG00000261801.5",3.31349850770328e-05,0.00406231344930767,0.993491984262203
"chr15:72580877:72582075:clu_18096:ENSG00000166233.14",0.00861362419205772,0.00642427554326795,0.179987643605561
"chr15:65202029:65203362:clu_17911:ENSG00000138615.5",-0.00814982774732813,0.00491618034425033,0.0973667139324412
"chr15:65203470:65204268:clu_17911:ENSG00000138615.5",0.00782392255711436,0.00410003207331486,0.0563577665898004
"chr15:65481615:65485099:clu_17922:ENSG00000074603.18",-0.00355314253832542,0.00316214073455204,0.261161119358698
"chr15:81322540:81324001:clu_18353:ENSG00000172345.13",0.00794275775004393,0.00337672283397952,0.0186622870937099
"chr15:92981457:92984330:clu_18675:ENSG00000173575.20",-0.00163475920127261,0.00416926633404779,0.694986122385544
"chr15:92151014:92162756:clu_18657:ENSG00000176463.13",0.00627601208943771,0.00284097054131041,0.0271670970470227
"chr15:31327789:31372010:clu_17084:ENSG00000169926.10",-0.0125112601391517,0.00397631116911049,0.0016526610415466
"chr15:30966040:30967920:clu_17081:ENSG00000166912.16",-0.00396662428878174,0.00506721844358451,0.433743907938922
"chr15:58893364:58893902:clu_17765:ENSG00000137776.16",4.66080338542035e-06,0.00378001304504491,0.99901619860155
"chr15:58893364:58893821:clu_17765:ENSG00000137776.16",0.00144474378045601,0.00377451565450511,0.701895724665143
"chr15:99287951:99317464:clu_18735:ENSG00000168904.14",-0.00273240319794067,0.00325373966641783,0.401035592523121
"chr15:28681843:28684129:clu_17038:ENSG00000206149.10",-0.00361947635663407,0.00402032572858814,0.367963651137503
"chr15:28747875:28751488:clu_17044:ENSG00000248334.6",-0.00191346943629313,0.00364243280896963,0.599355674216496
"chr15:28681843:28684392:clu_17038:ENSG00000206149.10",0.006770005870983,0.00452585520696506,0.13469243969112
"chr15:73266411:73270058:clu_18109:ENSG00000067141.16",-0.00226954421769169,0.00684848227056063,0.740347085635547
"chr15:73272562:73273811:clu_18110:ENSG00000067141.16",0.00111977142408908,0.00451666702235357,0.804196418896242
"chr15:74034530:74042989:clu_18132:ENSG00000140464.19",0.00412865487222193,0.00501902131034491,0.410734598481383
"chr15:74629032:74635098:clu_18163:ENSG00000179335.18",0.0125848794804207,0.00524822858674301,0.0164880612296713
"chr15:73919383:73919960:clu_18121:ENSG00000261801.5",-0.00377202034291791,0.00429756535001365,0.380100578265307
"chr15:74629032:74629707:clu_18163:ENSG00000179335.18",-0.0157903720252376,0.00499203328174862,0.00156091016266846
"chr15:25095728:25097321:clu_16995:ENSG00000224078.13",0.00295783669159377,0.00336744275867568,0.379746826494291
"chr15:25781223:25862648:clu_17016:ENSG00000206190.11",-0.00254882762917062,0.00316379894376827,0.420460545429422
"chr15:25062088:25064715:clu_16989:ENSG00000224078.13",0.00203595680462358,0.00348246582414334,0.558795988546473
"chr15:25099278:25103859:clu_16996:ENSG00000224078.13",0.00410300753007995,0.00369550670744731,0.266883011485891
"chr15:52336556:52340196:clu_17672:ENSG00000197535.14",0.0113888179726753,0.00503533753962875,0.0237110944834147
"chr15:66704075:66708499:clu_17954:ENSG00000137834.14",1.49153120989061e-05,0.00358616350057818,0.996681505756485
"chr15:58013998:58014177:clu_17747:ENSG00000128918.14",0.00493469457569968,0.00437234392332517,0.25906012202118
"chr15:30930671:30937119:clu_17077:ENSG00000198690.9",0.00109850073152363,0.00542369733114263,0.839496742043099
"chr15:63533918:63537025:clu_17828:ENSG00000140455.16",0.0111449793275782,0.00422878071713378,0.00840118014686175
"chr15:63939361:63971423:clu_17855:ENSG00000035664.11",0.0118897600641786,0.00351750337912793,0.000724409582226304
"chr15:65094576:65099505:clu_17905:ENSG00000246922.8",-0.00617268105440653,0.00419878360223896,0.141531494076498
"chr15:65155856:65156844:clu_17908:ENSG00000166855.9",-0.0168574476198207,0.00530318539580388,0.00147916699386452
"chr15:64911964:64915797:clu_17887:ENSG00000241839.9",-0.00158750932883546,0.00480563000201348,0.741140318620348
"chr15:64911964:64915797:clu_17887:ENSG00000166839.16",-0.00406054405284978,0.00498956550180452,0.415755441606426
"chr15:68787919:68817385:clu_18004:ENSG00000140350.15",0.000982909467612159,0.00373473581977572,0.792411495567023
"chr15:34551276:34552895:clu_17140:ENSG00000215252.11",0.000322780889782356,0.00245820962563732,0.895532210468509
"chr15:34527834:34527922:clu_17137:ENSG00000215252.11",-0.000581194751951159,0.00431702522623583,0.892905584787078
"chr15:34553091:34553745:clu_17140:ENSG00000215252.11",0.00245595202494096,0.00216368038660104,0.256341472985122
"chr15:34551276:34552268:clu_17140:ENSG00000215252.11",-0.00715393508495386,0.00290620279318827,0.0138315344461646
"chr15:65006191:65016436:clu_17898:ENSG00000103707.9",-0.000642600788931358,0.00606749275649902,0.915654723446288
"chr15:65607442:65611098:clu_17930:ENSG00000138614.14",-0.00923370209360619,0.00418828480846974,0.0274786644196806
"chr15:65119463:65129032:clu_17907:ENSG00000090470.14",0.0108060499552653,0.00452860514702355,0.017024590700861
"chr15:64251581:64259201:clu_17869:ENSG00000169118.17",-0.0101579000780635,0.00416845154214061,0.0148157359257942
"chr15:64118854:64123503:clu_17860:ENSG00000028528.14",-0.00178777245045506,0.00434791584517903,0.680941157230147
"chr15:80952296:80989579:clu_18338:ENSG00000117899.10",0.000262630949905386,0.00311178802042731,0.932739418799107
"chr15:92888314:92892004:clu_18667:ENSG00000272888.5",-0.00482355338487494,0.00497176782007994,0.331952399436335
"chr15:64406459:64409613:clu_17874:ENSG00000103671.9",0.00801325822787564,0.0037165470032428,0.0310756215344068
"chr15:64400821:64406330:clu_17874:ENSG00000103671.9",-0.0131243784385344,0.00382329859810447,0.000597521470418805
"chr15:64073028:64075492:clu_17856:ENSG00000166797.10",-0.0116846339246362,0.00512247558773622,0.0225453614586776
"chr15:64740790:64741173:clu_17882:ENSG00000166831.8",-0.0192808967692861,0.0071008407954448,0.00662162151391543
"chr15:64704649:64731374:clu_17880:ENSG00000180304.14",-0.0264198553347758,0.00827211846470233,0.00140391995113831
"chr15:63662021:63662984:clu_17846:ENSG00000103657.13",0.00599598144000275,0.00388098282164681,0.122354803339839
"chr15:63662021:63663005:clu_17846:ENSG00000103657.13",-0.00446978563206734,0.00368450507531474,0.225079915296525
"chr15:60448145:60448848:clu_17793:ENSG00000128915.11",-0.00350215698409704,0.00293511876569607,0.232794620098692
"chr15:60386086:60397943:clu_17788:ENSG00000182718.16",0.00341394614445986,0.00309971452074853,0.270733753124692
"chr15:39581924:39582193:clu_17182:ENSG00000137801.10",-0.00408552084942004,0.00426813437642895,0.338458912762547
"chr15:82473450:82475478:clu_18372:ENSG00000255769.7",0.00292347269252461,0.00320219610581609,0.361264279756973
"chr15:34228589:34229753:clu_17119:ENSG00000128463.12",-0.0018901326018037,0.00309751541404215,0.541723193631475
"chr15:34794830:34795506:clu_17143:ENSG00000159251.6",0.00852509505407911,0.00501015330599438,0.0888371850057124
"chr15:30943072:30947130:clu_17072:ENSG00000166912.16",0.00332677632935763,0.00448979226294376,0.458715012541448
"chr15:88128734:88135101:clu_18500:ENSG00000140538.16",-0.00674630717563059,0.00381231021688609,0.0767919178936513
"chr15:69684442:69695667:clu_18026:ENSG00000259641.5",-0.00272489886546056,0.0034611633212811,0.431118954584812
"chr15:68205151:68205245:clu_17987:ENSG00000128973.12",-0.0073764393621722,0.0042205369919186,0.0805074976753164
"chr15:69563804:69565224:clu_18022:ENSG00000245750.7",-0.00477973441413366,0.00458044269727299,0.296712489843376
"chr15:68218650:68229502:clu_17987:ENSG00000128973.12",0.00167386618716757,0.00416394985131185,0.687691388184517
"chr15:68205151:68205245:clu_17987:ENSG00000129007.14",-0.00493350162463701,0.00424635373006962,0.245308307590421
"chr15:68218650:68229502:clu_17987:ENSG00000129007.14",0.001962040547388,0.0042588538838865,0.645016118928716
"chr15:81324561:81332345:clu_18354:ENSG00000259343.5",0.00538124661916453,0.00320608692118296,0.0932598904756222
"chr15:90916256:90918194:clu_18631:ENSG00000196547.14",-0.00443611915376477,0.00488325030224372,0.363648044583272
"chr15:28196569:28198378:clu_17025:ENSG00000128731.15",-3.71537317903321e-05,0.00379492591556517,0.992188539101355
"chr15:28238772:28245881:clu_17028:ENSG00000128731.15",-0.00746689116033154,0.0032982925485945,0.0235823800326969
"chr15:28196354:28196461:clu_17025:ENSG00000128731.15",0.00164992052702533,0.00377154316607166,0.661773692932599
"chr15:65703008:65706091:clu_17936:ENSG00000174485.15",-0.00288008877998227,0.00391723999725472,0.462196879403654
"chr15:101286293:101286908:clu_18786:ENSG00000131876.16",0.00514203487612407,0.00351774937311445,0.143812478734633
"chr15:100862342:100867358:clu_18764:ENSG00000232386.9",0.00447477447121403,0.00438309012757033,0.307293413077825
"chr15:34890324:34893663:clu_17146:ENSG00000021776.10",0.00129364537837833,0.00530822709592938,0.807458732492539
"chr15:34361229:34361400:clu_17126:ENSG00000176454.13",-0.00514810574643725,0.00429138030363573,0.230279702583147
"chr15:23019334:23021959:clu_16961:ENSG00000275835.4",-0.000546329091309475,0.00374568086907961,0.884035264540903
"chr15:69160757:69210316:clu_18012:ENSG00000138604.9",0.00521988127012487,0.00386049407330446,0.176334442754251
"chr15:69035936:69037028:clu_18008:ENSG00000255346.9",-0.000753003414189791,0.00319602398257924,0.81373817735214
"chr15:70056374:70057474:clu_18027:ENSG00000140332.15",0.00268537187363508,0.00330854118136466,0.416993459613248
"chr15:70056374:70057459:clu_18027:ENSG00000140332.15",-0.00226144744391123,0.0033372233329045,0.497997806613621
"chr15:84634381:84637347:clu_18451:ENSG00000176700.19",-0.00168499763482447,0.00505111425697386,0.738689498690358
"chr15:84790883:84797869:clu_18462:ENSG00000166716.9",-0.0103653710975459,0.0042235202536302,0.014119771069714
"chr15:82138842:82151465:clu_18359:ENSG00000140598.13",0.00540406485594243,0.00484141389559001,0.264329580985793
"chr15:82138842:82151451:clu_18359:ENSG00000140598.13",-0.00551797748765855,0.00457444948402488,0.227717082627073
"chr15:34096014:34101604:clu_17113:ENSG00000134153.9",0.00170102014683641,0.00286813198785715,0.553130314661107
"chr15:34090455:34095895:clu_17113:ENSG00000134153.9",-0.0024986827112326,0.00278424071550344,0.369485378754724
"chr15:78264895:78270497:clu_18294:ENSG00000140403.12",0.0150240111099047,0.00396816575981837,0.000153008595059623
"chr15:60436227:60440631:clu_17791:ENSG00000128915.11",0.0080263780603301,0.00355007784888939,0.0237653271040855
"chr15:60436227:60442416:clu_17791:ENSG00000128915.11",0.00118657200751141,0.00351383315505432,0.73559988080124
"chr15:25059718:25061950:clu_16988:ENSG00000224078.13",0.00421981065501994,0.00286470068314545,0.140741007033802
"chr15:22947291:22980287:clu_16958:ENSG00000273749.4",-0.0011008916535563,0.00367199692613663,0.764324111517339
"chr15:34147289:34147380:clu_17115:ENSG00000134152.10",-0.00234411302493582,0.00268918010847367,0.383381247530752
"chr15:101066205:101066640:clu_18782:ENSG00000154237.12",-0.00024855180843124,0.00263215101590763,0.92476825326127
"chr15:101066741:101068671:clu_18782:ENSG00000154237.12",-0.000202426969422521,0.00250136908990428,0.935500429363964
"chr15:36895261:36896628:clu_17167:ENSG00000134138.19",0.003857402100122,0.00410357531568839,0.347212397823348
"chr15:36895240:36896628:clu_17167:ENSG00000134138.19",-0.000151518098624071,0.00412030758017561,0.970665609915358
"chr15:45172002:45175219:clu_17531:ENSG00000138606.19",-0.0133669845082989,0.00437646866693724,0.00225597325156934
"chr15:45415779:45417269:clu_17548:ENSG00000171763.18",-0.00393117746285056,0.00434705498282006,0.365819805913539
"chr15:58899709:58901260:clu_17769:ENSG00000137776.16",0.00263820782245092,0.00364679970754553,0.469415154479588
"chr15:83041925:83050073:clu_18407:ENSG00000064726.9",0.00837790957220772,0.00455725441783549,0.0660082332587935
"chr15:22916630:22917788:clu_16953:ENSG00000273749.4",0.00165474786246869,0.00495761250151712,0.738546191167451
"chr15:55360944:55365188:clu_17692:ENSG00000260916.7",-0.00668076222805961,0.00362651415675184,0.0654459872015773
"chr15:30961073:30965875:clu_17081:ENSG00000166912.16",0.00112612995155636,0.00478120403668508,0.813795292671645
"chr15:36892459:36894717:clu_17166:ENSG00000134138.19",-0.00387299725314298,0.00380466425211518,0.308696811946484
"chr15:36896686:37036814:clu_17168:ENSG00000134138.19",0.00334527237519017,0.00453319547737164,0.460544729913588
"chr15:50484361:50489801:clu_17618:ENSG00000138592.13",-0.00340314190063694,0.00403727607551218,0.399267486302778
"chr15:85582107:85585702:clu_18483:ENSG00000170776.21",-0.00532027203135561,0.00356079362068572,0.135142858107184
"chr15:25085322:25087467:clu_16993:ENSG00000224078.13",-0.000693884624355574,0.00332613243444039,0.834747976849269
"chr15:25090010:25091590:clu_16994:ENSG00000224078.13",-0.000710231823471074,0.0039758084627766,0.858221687815324
"chr15:34942080:34944288:clu_17151:ENSG00000021776.10",0.000947532267539133,0.00407577874996922,0.816166129494824
"chr15:48427773:48428346:clu_17569:ENSG00000166147.13",0.00523873910524915,0.00556747775032436,0.346728557488714
"chr15:48427943:48428346:clu_17569:ENSG00000166147.13",0.00140187200094861,0.00715666551812688,0.844701427538927
"chr15:49483254:49484310:clu_17591:ENSG00000140285.9",0.0183724428385547,0.00649389629754405,0.00466665157777268
"chr15:23309735:23310152:clu_16968:ENSG00000274471.1",0.000956661440503546,0.00304997766306257,0.753777927511142
"chr15:22587391:22589893:clu_16936:ENSG00000276550.4",-0.00635905490431709,0.00629290566851469,0.312250189244269
"chr15:22995240:23000569:clu_16959:ENSG00000275835.4",-0.00371457130381988,0.00335643578383665,0.268423162918834
"chr15:22542209:22542483:clu_16923:ENSG00000276550.4",-0.00367048352713086,0.00714629316647624,0.60751726018784
"chr15:22999866:23000569:clu_16959:ENSG00000275835.4",0.00561306273257456,0.0034672330733671,0.105471318760131
"chr15:23309735:23310188:clu_16968:ENSG00000274471.1",0.000143805890948289,0.00314509470424777,0.96353034084201
"chr15:71745235:71746838:clu_18056:ENSG00000187720.14",0.000893813676711429,0.0032389685579627,0.78258165520174
"chr15:70676591:70677108:clu_18033:ENSG00000137831.14",-0.00696031806779731,0.00287216926306432,0.0153774144709904
"chr15:72010447:72019039:clu_18068:ENSG00000066933.15",0.00112304146135117,0.0046975647973653,0.811052187755986
"chr15:72250092:72250845:clu_18075:ENSG00000137817.16",-0.00313705316399973,0.0053194476293721,0.555369748733853
"chr15:59672739:59677911:clu_17785:ENSG00000140299.11",-0.000252921424028228,0.00419993215334615,0.951980130627604
"chr15:36709961:36808324:clu_17161:ENSG00000186073.11",-0.00536303082136427,0.00326452168784633,0.100419591181851
"chr15:34983490:34987557:clu_17152:ENSG00000198146.4",0.00446795605672997,0.00307003291744913,0.14557386463745
"chr15:36644323:36645223:clu_17157:ENSG00000186073.11",-2.76218811292294e-05,0.00322862930288608,0.993173944241521
"chr15:42389096:42389953:clu_17369:ENSG00000092529.23",0.00359342857126518,0.00416236627117139,0.387964915375236
"chr15:41845070:41845203:clu_17319:ENSG00000243708.10",-0.000581459559506094,0.00536229412029259,0.913650757666733
"chr15:41844607:41844848:clu_17319:ENSG00000243708.10",-0.00180691043482027,0.00540881052350634,0.738328257589322
"chr15:41822422:41822607:clu_17308:ENSG00000137802.13",0.0136900580759098,0.00374573374686208,0.000257342270664207
"chr15:42399652:42401641:clu_17371:ENSG00000092529.23",-0.00438958952919225,0.00388146371152369,0.258092604840774
"chr15:42548965:42559339:clu_17385:ENSG00000137814.10",0.00430838545954602,0.00520605589445682,0.407912999328441
"chr15:41861496:41861735:clu_17326:ENSG00000137877.9",-0.0136675448832234,0.00374201064917973,0.000259739884845178
"chr15:42725251:42725489:clu_17395:ENSG00000140326.12",0.00224013326046659,0.00597280387977378,0.707619151954884
"chr15:43558932:43564103:clu_17454:ENSG00000168781.21",-0.00540872399293399,0.00479371532296507,0.259195445759735
"chr15:41861923:41862130:clu_17326:ENSG00000137877.9",0.0116152407038024,0.00382653466157259,0.00240179942954977
"chr15:42673963:42674440:clu_17389:ENSG00000159433.11",0.013177574491394,0.00470263500103513,0.00507603931711365
"chr15:24974456:24975358:clu_16983:ENSG00000128739.21",-0.00258076818019564,0.00407560443364918,0.526587753526957
"chr15:99729731:99733345:clu_18746:ENSG00000183060.15",-0.00701338734755328,0.00335156336464753,0.036387386381758
"chr15:96282989:96285326:clu_18704:ENSG00000247809.7",0.000474080279357948,0.0029096441133738,0.870570312338863
"chr15:35381916:35410835:clu_17154:ENSG00000134146.11",-0.00540357511864365,0.00340274083036249,0.112284831951462
"chr15:34361532:34362196:clu_17126:ENSG00000176454.13",0.000382640804359113,0.0030708516826512,0.90083695807898
"chr15:64131892:64132283:clu_17863:ENSG00000028528.14",0.00546458729628454,0.00733157900808534,0.456060583791839
"chr15:64691591:64704516:clu_17880:ENSG00000180304.14",-0.0128881081950515,0.00682542611429564,0.0589924486616858
"chr15:64131892:64134664:clu_17863:ENSG00000028528.14",-0.0174004110061288,0.00760998210654835,0.0222235888499366
"chr15:100570117:100571894:clu_18759:ENSG00000140471.16",0.00413817469628724,0.00203560455047551,0.0420629146918038
"chr15:101050779:101090566:clu_18778:ENSG00000131873.5",-0.000252072759130066,0.00422169849878122,0.952387523651149
"chr15:101050779:101090566:clu_18778:ENSG00000259755.1",-0.00114919769491029,0.00401358916477972,0.774627918875324
"chr15:55341802:55350699:clu_17690:ENSG00000069943.9",-0.000406024447053901,0.00378381091854141,0.914546469465303
"chr15:83010363:83011486:clu_18405:ENSG00000169609.13",-0.00623289626668407,0.00562367198378113,0.267718410518255
"chr15:84527477:84527619:clu_18437:ENSG00000189136.8",0.00233124155550591,0.00365604945376488,0.523708374930456
"chr15:99276616:99287257:clu_18734:ENSG00000168904.14",-0.00207173893206155,0.00267770503509022,0.439108541116437
"chr15:63636142:63637505:clu_17842:ENSG00000103657.13",0.00521074054947228,0.00340797694992851,0.12626853260131
"chr15:63060939:63061713:clu_17816:ENSG00000140416.19",-0.0154476009309297,0.00697385015625141,0.0267549190798551
"chr15:63666472:63669538:clu_17847:ENSG00000103657.13",-0.00403313011767161,0.00407567912005384,0.322389098878887
"chr15:79889354:79896872:clu_18323:ENSG00000180953.11",-0.00522064755889432,0.00296775510711931,0.0785565452068763
"chr15:80168316:80172149:clu_18330:ENSG00000103876.11",-0.00078369316220254,0.00322422886938079,0.807956011942823
"chr15:79889354:79896872:clu_18323:ENSG00000136371.10",-0.00454158813234139,0.00300537439047513,0.130748829268206
"chr15:96332547:96334076:clu_18706:ENSG00000185551.14",0.00627063376462183,0.00383500816925242,0.102027435418176
"chr15:99690428:99706729:clu_18743:ENSG00000068305.17",0.00346408666912407,0.00299450158011752,0.247347634977509
"chr15:99256125:99287257:clu_18734:ENSG00000168904.14",-0.00420261205163167,0.00360636060361708,0.243884110601744
"chr15:72351234:72353068:clu_18090:ENSG00000213614.9",0.00348307252615753,0.00532954169750717,0.513407745877164
"chr15:72353178:72355559:clu_18090:ENSG00000213614.9",-0.0170995780013311,0.00747195492637285,0.0221083488623706
"chr15:72290255:72292198:clu_18085:ENSG00000140488.15",-0.00276782479036562,0.0046773413763089,0.554016859463826
"chr15:89878300:89888521:clu_18580:ENSG00000157823.16",-0.000495966504005647,0.00350293981624916,0.887407191154215
"chr15:74819272:74820044:clu_18170:ENSG00000140506.16",-0.00834045281888217,0.00426587915022212,0.0505648371078872
"chr15:74196147:74197338:clu_18144:ENSG00000137868.18",0.00323134579382871,0.00647812299549558,0.617913974825859
"chr15:73702593:73702772:clu_18116:ENSG00000103855.17",-0.00750378791428081,0.0047292385609902,0.112585153885633
"chr15:74824310:74825473:clu_18172:ENSG00000140506.16",0.0206482971511201,0.00448918051445429,4.23365215029836e-06
"chr15:74632946:74635409:clu_18164:ENSG00000179151.11",-0.0104261088294371,0.00608052217102796,0.0864051470827193
"chr15:73703086:73703659:clu_18116:ENSG00000103855.17",0.00590175298738371,0.00465974691647485,0.205320038625663
"chr15:74819903:74820044:clu_18170:ENSG00000140506.16",0.00581661137995453,0.00484969840731981,0.230381815212883
"chr15:73699718:73702255:clu_18115:ENSG00000103855.17",-0.00741010228800884,0.00450781172048127,0.100210124174214
"chr15:73684460:73699586:clu_18115:ENSG00000103855.17",0.00338570875482049,0.00444326796466395,0.446068256273503
"chr15:74462098:74466036:clu_18150:ENSG00000247240.7",0.00129997713099491,0.00353098999419515,0.712752275624656
"chr15:73927885:73942854:clu_18123:ENSG00000129038.15",-0.00864958207556535,0.00640561991970844,0.176916093411148
"chr15:50596381:50599122:clu_17626:ENSG00000092439.13",-0.00599289117364785,0.00502665793568575,0.233174287556929
"chr15:34145491:34148632:clu_17115:ENSG00000134152.10",0.00128664334832459,0.00366638874047928,0.72564136610017
"chr15:44759872:44767231:clu_17504:ENSG00000185880.12",-3.14741837383736e-05,0.0059190501059843,0.995757318070462
"chr15:44759662:44759748:clu_17504:ENSG00000185880.12",0.000324309214269409,0.00475314649686755,0.945602206293629
"chr15:43446914:43447366:clu_17450:ENSG00000067369.13",0.0123116724991816,0.00700856510529158,0.0789756206698047
"chr15:43649900:43664418:clu_17460:ENSG00000249839.1",0.00752111836614701,0.00786226470798033,0.338764311416273
"chr15:43649900:43664418:clu_17460:ENSG00000166762.16",0.00752111836614701,0.00786226470798033,0.338764311416273
"chr15:67630927:67646231:clu_17978:ENSG00000137764.19",0.00174086139742142,0.00409184197007372,0.670510937823166
"chr15:66341356:66349060:clu_17943:ENSG00000075131.9",-0.00289977068934032,0.00444552823165021,0.514214533632618
"chr15:67204148:67208562:clu_17963:ENSG00000103591.12",-0.00719908168453863,0.00460038016343308,0.117609072381722
"chr15:66349123:66349315:clu_17943:ENSG00000075131.9",-0.000417672360209828,0.00381121608706771,0.912734294254519
"chr15:43635416:43636041:clu_17459:ENSG00000166762.16",0.00929421060799941,0.00380989479495816,0.0147078991040277
"chr15:44566131:44566217:clu_17486:ENSG00000104133.14",0.00725878736239347,0.00697742111342553,0.298188817136155
"chr15:44566009:44566217:clu_17486:ENSG00000104133.14",-0.00413877191913192,0.00659467885337784,0.530270830637638
"chr15:43640496:43643385:clu_17460:ENSG00000166762.16",0.0033723043365561,0.00586187357982397,0.565092059104607
"chr15:43581429:43581853:clu_17455:ENSG00000168781.21",-0.00305637871102826,0.00618083502767007,0.620958156647641
"chr15:43581388:43581853:clu_17455:ENSG00000168781.21",0.00966707894154693,0.00538794536969585,0.0727804419638712
"chr15:43640496:43643385:clu_17460:ENSG00000249839.1",0.0033723043365561,0.00586187357982397,0.565092059104607
"chr15:44600632:44606025:clu_17495:ENSG00000104133.14",-0.0107882048812836,0.00517798364807783,0.0372078531967174
"chr15:43400221:43401716:clu_17441:ENSG00000137822.12",-0.00283240529308112,0.00663705016782975,0.669556584281242
"chr15:70963932:70973249:clu_18042:ENSG00000137821.11",0.00280529734946958,0.00311833543479087,0.368325851748948
"chr15:40413087:40414889:clu_17221:ENSG00000128928.8",0.010301467048491,0.00523449768262201,0.0490685738507652
"chr15:40046069:40056689:clu_17197:ENSG00000248508.6",0.000151491939682635,0.00411046513486363,0.970600475219115
"chr15:40296908:40297521:clu_17212:ENSG00000137841.11",0.00742889134648073,0.00592347561240159,0.209789673187194
"chr15:40253289:40264781:clu_17204:ENSG00000137843.11",-0.0111309697967225,0.00453743295867436,0.0141614211969365
"chr15:65164188:65166631:clu_17910:ENSG00000166855.9",0.0096097164562764,0.00442870898419179,0.030016803499922
"chr15:68211863:68214290:clu_17987:ENSG00000129007.14",0.0120313189864366,0.00535465922156972,0.0246471925301665
"chr15:96285459:96290630:clu_18704:ENSG00000247809.7",-0.00593258950750111,0.00361219683681363,0.100511869585411
"chr15:79899125:79907629:clu_18323:ENSG00000180953.11",-0.00125713216790118,0.0027939840234942,0.652751898768167
"chr15:79907684:79923452:clu_18323:ENSG00000136371.10",0.00068838210814072,0.00245576480380264,0.779237593830438
"chr15:79907684:79923452:clu_18323:ENSG00000180953.11",0.000972470905969836,0.00245821036288206,0.692399270745738
"chr15:79899125:79907629:clu_18323:ENSG00000136371.10",-0.00125713216790118,0.0027939840234942,0.652751898768167
"chr15:52269860:52272580:clu_17669:ENSG00000128833.12",-0.0189685464946032,0.0059982047405002,0.00156490252449093
"chr15:52557222:52568848:clu_17679:ENSG00000128989.10",-0.00302933060707258,0.00459804868623333,0.510005193090219
"chr15:52221255:52223544:clu_17664:ENSG00000128833.12",0.00794811026159328,0.00471001711526153,0.0915090292269318
"chr15:45172002:45172149:clu_17531:ENSG00000259539.1",0.000893788180805177,0.00474342335437055,0.850542076546538
"chr15:45405505:45410372:clu_17546:ENSG00000171763.18",0.00406818699739199,0.00494698518560711,0.410873848042298
"chr15:43775923:43776039:clu_17467:ENSG00000128886.11",-0.00815251324943585,0.00622731960003336,0.190482577426951
"chr15:45587525:45605428:clu_17552:ENSG00000104164.10",-0.00116932003486263,0.00537135527665314,0.827666346544308
"chr15:43776151:43776509:clu_17467:ENSG00000128886.11",0.00358169706599142,0.00585442531483399,0.540674649389407
"chr15:44484362:44486551:clu_17479:ENSG00000137770.13",-0.0140705964139885,0.00652039123316301,0.0309326955073294
"chr15:45141410:45141928:clu_17527:ENSG00000137857.17",-0.00070220336137952,0.00347786428187719,0.839989830186394
"chr15:45141410:45141975:clu_17527:ENSG00000137857.17",0.00252558932241205,0.00335331543503449,0.451352649500422
"chr15:45172002:45172149:clu_17531:ENSG00000138606.19",0.000893788180805177,0.00474342335437055,0.850542076546538
"chr15:75469999:75473689:clu_18223:ENSG00000169410.9",-0.0209222510088042,0.00669085316271879,0.00176604131765878
"chr15:74905231:74906587:clu_18189:ENSG00000178761.14",-0.0175006830803365,0.00530092628418969,0.000961903578837409
"chr15:75359182:75359328:clu_18213:ENSG00000140400.16",0.00251448319521103,0.00447357784347339,0.57406538840262
"chr15:75735303:75738387:clu_18232:ENSG00000246877.1",0.00379427074291406,0.00373106142368857,0.309181317965214
"chr15:75349339:75351301:clu_18203:ENSG00000140398.13",-0.00183772869691728,0.00334203106400592,0.582399085362741
"chr15:74798312:74798615:clu_18168:ENSG00000103653.16",-0.00208139826356647,0.0047549696684554,0.661581197702255
"chr15:75360681:75361046:clu_18201:ENSG00000140400.16",-0.00146778692562233,0.00521542281669804,0.778379069501727
"chr15:74813029:74813337:clu_18169:ENSG00000140506.16",0.00473483742492446,0.0066343015879944,0.475418637326654
"chr15:75883424:75899427:clu_18236:ENSG00000140367.11",-0.00841372080673732,0.00581044616711575,0.147607676718759
"chr15:75363290:75363999:clu_18211:ENSG00000140400.16",0.000267471140923796,0.00419206863458755,0.949126218418449
"chr15:75358618:75358704:clu_18209:ENSG00000140400.16",-0.00361579056325512,0.00203690785630841,0.075875263954881
"chr15:75685701:75687276:clu_18230:ENSG00000173546.7",0.00340348248975124,0.004921231018206,0.489193780121043
"chr15:34407735:34428615:clu_17136:ENSG00000175265.17",-0.00111789231153313,0.00266526221568112,0.674901524518788
"chr15:75598681:75600637:clu_18227:ENSG00000169371.13",-0.00573049436575063,0.00488545692457018,0.240807839897245
"chr15:75352230:75352324:clu_18203:ENSG00000140398.13",0.00296900608595787,0.00477555822175445,0.534133430974322
"chr15:75693233:75712668:clu_18231:ENSG00000173546.7",-0.00204864265177765,0.00768395000294174,0.789766975972232
"chr15:75338420:75338576:clu_18197:ENSG00000140365.15",-0.00337339467355884,0.00704104255046057,0.631864338796456
"chr15:75208824:75210749:clu_18196:ENSG00000167173.18",0.00463497182570502,0.00428265859216297,0.279134759672958
"chr15:75208876:75210749:clu_18196:ENSG00000167173.18",-0.00572750541921229,0.00437907366046124,0.19089832287211
"chr15:75368198:75368483:clu_18216:ENSG00000140400.16",-0.00660829350510855,0.00582927488611965,0.256945995775704
"chr15:75422823:75430187:clu_18221:ENSG00000169375.15",0.00535794309874177,0.00479229442246716,0.263552918385233
"chr15:75361947:75362343:clu_18210:ENSG00000140400.16",-0.0129890660386477,0.0044993011131102,0.00389048613399889
"chr15:74890089:74890527:clu_18184:ENSG00000178802.17",0.00931146086745962,0.00442155278309798,0.0352108220397758
"chr15:75360688:75361046:clu_18201:ENSG00000140400.16",0.0134109523278828,0.00412629623705452,0.00115356871162808
"chr15:75349339:75352032:clu_18203:ENSG00000140398.13",0.00899410796470163,0.00428862782950985,0.0359759223614116
"chr15:74819954:74820044:clu_18170:ENSG00000140506.16",0.0171906366842374,0.00521347686025662,0.000976032084883838
"chr15:74920442:74923648:clu_18190:ENSG00000178741.11",0.00154603131855834,0.00561879327008606,0.783198216557095
"chr15:75351376:75352111:clu_18203:ENSG00000140398.13",-0.0112365766283263,0.00324787729694292,0.000540842100648531
"chr15:63672694:63674342:clu_17848:ENSG00000103657.13",-0.0113760425672821,0.00463780455373179,0.014171212473071
"chr15:63127689:63129485:clu_17818:ENSG00000103642.11",0.00194697609666558,0.00299271552863728,0.51532298905991
"chr15:78763845:78763926:clu_18308:ENSG00000136378.14",0.00329228277185245,0.0030421579435674,0.279154987741387
"chr15:29800702:29822002:clu_17059:ENSG00000104067.16",-0.0111184636045584,0.00402659152489199,0.00575789279988892
"chr15:90967202:90969079:clu_18646:ENSG00000198901.13",-0.00891648441543345,0.00338666182193027,0.00846782225076415
"chr15:82475637:82476786:clu_18373:ENSG00000255769.7",-0.00333434075238316,0.00305555787728539,0.275168187572382
"chr15:82475615:82476786:clu_18373:ENSG00000255769.7",0.00589540936057703,0.00328812617531679,0.072982692815275
"chr15:82419465:82419980:clu_18369:ENSG00000259429.5",0.00141854384599075,0.00389567877428934,0.715758954838601
"chr15:55324834:55327531:clu_17688:ENSG00000069943.9",0.00767133512183351,0.0042139161380326,0.0686864783254119
"chr15:58214310:58225614:clu_17746:ENSG00000128918.14",-0.0113002580200757,0.00379251843508334,0.00288607593416756
"chr15:61856409:61863440:clu_17803:ENSG00000129003.15",-0.00130633625447762,0.00409345383841231,0.749629356000575
"chr15:83838215:83858766:clu_18416:ENSG00000156218.12",0.00592873046529628,0.00594369740950094,0.318530664894112
"chr15:88536381:88546540:clu_18512:ENSG00000140543.14",0.00484504587068881,0.00348466954389275,0.164410813821268
"chr15:45490881:45511138:clu_17544:ENSG00000104154.6",-0.00154276329297412,0.00569442676401417,0.786448619128995
"chr15:45160990:45161738:clu_17537:ENSG00000137857.17",-0.0145566832298426,0.00420347072463186,0.000534158116514472
"chr15:63912197:63925941:clu_17853:ENSG00000035664.11",0.00122349550061824,0.00491239711078903,0.803312185029096
"chr15:63249705:63255507:clu_17822:ENSG00000166128.12",0.00133696337443338,0.00317298605787349,0.673493610946772
"chr15:63256594:63259627:clu_17822:ENSG00000166128.12",-0.00308261506036303,0.00302734514773904,0.308555889008383
"chr15:64445108:64454997:clu_17876:ENSG00000103671.9",0.0054172320109639,0.00474380730583993,0.253471188235152
"chr15:63327233:63328098:clu_17826:ENSG00000074410.13",-0.00751426079780468,0.00394973088585881,0.0571091988926473
"chr15:64123546:64126079:clu_17860:ENSG00000028528.14",-0.00304724040057599,0.00484246686029775,0.529169431801396
"chr15:63302472:63305614:clu_17825:ENSG00000138613.13",0.00771597993298603,0.00373473969397829,0.0388282842750977
"chr15:63537156:63553715:clu_17828:ENSG00000140455.16",-0.00271333534246966,0.00366404345285934,0.458978258776366
"chr15:63327233:63338819:clu_17826:ENSG00000074410.13",-0.00869939478654464,0.00521284557007566,0.0951494891392184
"chr15:63632811:63633848:clu_17841:ENSG00000103657.13",-0.000140313629093903,0.00467099679968628,0.976035683981886
"chr15:100860035:100860156:clu_18764:ENSG00000232386.9",0.00341062488090778,0.00262988666231356,0.194675427621575
"chr15:50586488:50588191:clu_17624:ENSG00000092439.13",-0.00173772624478795,0.00618603145113189,0.778778419957537
"chr15:51451697:51453550:clu_17645:ENSG00000104093.13",-0.0103170153154411,0.00480056583259651,0.031624504533443
"chr15:51931133:51934250:clu_17653:ENSG00000138594.13",0.00389077877308144,0.00475100294418886,0.412821556912021
"chr15:50648885:50657781:clu_17629:ENSG00000092439.13",-0.00544604202656662,0.00483773192112219,0.260274388881311
"chr15:30914091:30918164:clu_17071:ENSG00000198690.9",-0.0031898435494157,0.00391488426706973,0.41518740803187
"chr15:30925939:30926608:clu_17075:ENSG00000198690.9",-0.00203506888663738,0.00489457756795513,0.677570781974258
"chr15:88184299:88255906:clu_18502:ENSG00000140538.16",-0.00459522924140131,0.00457658005232016,0.315342503975385
"chr15:73751097:73752110:clu_18119:ENSG00000205363.5",-0.00292360071870506,0.00495226228407413,0.554951601368136
"chr15:73908548:73912185:clu_18120:ENSG00000261801.5",0.00406716602300048,0.00473891574584442,0.390755412567627
"chr15:74193922:74195302:clu_18142:ENSG00000137868.18",-0.00857351629812226,0.00355761426102083,0.0159566268732571
"chr15:72250957:72251207:clu_18075:ENSG00000137817.16",0.0162616642101963,0.00471659965794495,0.000565273562755153
"chr15:74033422:74034478:clu_18131:ENSG00000140464.19",-0.00383042915517258,0.00429679591507077,0.372681509328477
"chr15:72289284:72289375:clu_18083:ENSG00000140488.15",-0.000599763653743249,0.00355060723894947,0.865860657716452
"chr15:72292265:72304746:clu_18085:ENSG00000140488.15",-0.00238707839612418,0.00621925857043006,0.701111557004816
"chr15:74034530:74035132:clu_18132:ENSG00000140464.19",-0.00895882700803193,0.00369773095943975,0.0154018109250659
"chr15:72288618:72288868:clu_18082:ENSG00000140488.15",0.00739796094463086,0.00536982353010701,0.168298515935405
"chr15:73573795:73633125:clu_18114:ENSG00000156642.16",0.00487630251165219,0.00537234283273262,0.364053769927799
"chr15:73563583:73570150:clu_18113:ENSG00000156642.16",-0.00258929923211698,0.00618003702476339,0.67523224862198
"chr15:72346325:72347686:clu_18089:ENSG00000213614.9",-0.00313055623303213,0.0049188975292812,0.524493241250393
"chr15:72289287:72289375:clu_18083:ENSG00000140488.15",0.000257735127542197,0.00351027769958091,0.941469513820676
"chr15:40295285:40296296:clu_17210:ENSG00000137841.11",0.00605703526168822,0.0040132161373382,0.131229254254272
"chr15:40415482:40416078:clu_17222:ENSG00000128928.8",-0.0105137073211158,0.00476793993964725,0.0274482116951472
"chr15:58916999:58932356:clu_17768:ENSG00000137776.16",0.00222293593017136,0.00314731915694649,0.480004673296266
"chr15:58889554:58892897:clu_17764:ENSG00000137776.16",-0.00403430685112799,0.00505341894895557,0.424677761571236
"chr15:59668138:59668892:clu_17782:ENSG00000140299.11",-0.00475753206557789,0.00530393761919011,0.369728975560914
"chr15:59256378:59261420:clu_17776:ENSG00000157483.8",0.00242104467259,0.0040261493749714,0.547620167406284
"chr15:82571532:82627193:clu_18381:ENSG00000214575.9",0.00368472428422186,0.00434862913610358,0.396811163597239
"chr15:82477582:82477838:clu_18379:ENSG00000255769.7",-0.00862068429217018,0.00353810434246449,0.014829090943981
"chr15:75338685:75338985:clu_18198:ENSG00000140365.15",0.00701275753168781,0.00533077762729972,0.188334384521793
"chr15:76354140:76376162:clu_18250:ENSG00000140386.12",0.00380234300176802,0.00578709179842523,0.511156062837328
"chr15:75891014:75896995:clu_18237:ENSG00000140367.11",-0.00879435210377659,0.0043738053337912,0.0443585623729567
"chr15:75352701:75353739:clu_18204:ENSG00000140398.13",-0.0222369541774942,0.0050884972010553,1.24221781412359e-05
"chr15:75348334:75348884:clu_18202:ENSG00000140398.13",-0.0045943355262958,0.00420471713749438,0.274542137030956
"chr15:75890483:75890919:clu_18237:ENSG00000140367.11",0.00988839589287739,0.00514273814086325,0.0545066624393676
"chr15:77032394:77032862:clu_18266:ENSG00000140368.12",0.000739907138232579,0.0052083268386053,0.887030758666669
"chr15:75339344:75339965:clu_18200:ENSG00000140365.15",-0.0130574526177305,0.00656902343305225,0.0468414299591978
"chr15:75368159:75368483:clu_18216:ENSG00000140400.16",-0.0019999288401982,0.00367115354522693,0.585912740284672
"chr15:75338685:75339037:clu_18198:ENSG00000140365.15",-0.00308442427117914,0.00510927997618245,0.54604936786448
"chr15:75509027:75517259:clu_18225:ENSG00000169410.9",-0.0102851858136624,0.00518202596128094,0.0471688606689744
"chr15:75677384:75677703:clu_18229:ENSG00000173546.7",-0.00801061496908079,0.00468608826915268,0.0873683614947546
"chr15:75956011:75959022:clu_18240:ENSG00000169752.16",0.000967793371345635,0.00476367707775634,0.839009199117894
"chr15:76283825:76285637:clu_18246:ENSG00000140374.15",-0.00065972914617854,0.00560164083734075,0.906246519213648
"chr15:75339344:75339702:clu_18200:ENSG00000140365.15",-0.0138009444437327,0.0067257339741164,0.0401734436251913
"chr15:76274494:76283757:clu_18246:ENSG00000140374.15",-0.00496709820971668,0.00552911142498762,0.368996963446239
"chr15:28641226:28641430:clu_17032:ENSG00000206149.10",-0.00184631084229308,0.00425276058663725,0.664183815865971
"chr15:49292537:49319604:clu_17584:ENSG00000156958.14",-0.00888955122005891,0.00520485761686433,0.087648663324543
"chr15:49156016:49161740:clu_17581:ENSG00000156958.14",0.00876759603264553,0.00447906589243035,0.0502933128767448
"chr15:63559970:63562895:clu_17831:ENSG00000140455.16",0.0072602450914664,0.0037990630823392,0.0559966138005464
"chr15:64861575:64864899:clu_17887:ENSG00000241839.9",-0.0055531015350553,0.00598748238411716,0.35369198733232
"chr15:57273262:57282445:clu_17723:ENSG00000140262.17",-0.0158591542194127,0.00379373330138956,2.91053599005275e-05
"chr15:57543779:57544473:clu_17733:ENSG00000128849.10",-0.00252225826657169,0.00386961551388275,0.514523053117148
"chr15:56890167:56917065:clu_17717:ENSG00000137871.19",-0.0114529293983427,0.00403723620261228,0.00455646915458063
"chr15:57253468:57262094:clu_17723:ENSG00000140262.17",0.00813999584737084,0.00415825228949562,0.0502825828927961
"chr15:99161867:99175050:clu_18730:ENSG00000103852.12",-0.000286330530155638,0.00297467946781346,0.923317313529704
"chr15:66329399:66331875:clu_17942:ENSG00000166938.12",0.0117152094416206,0.00299687033706755,9.2622239900142e-05
"chr15:67236820:67254414:clu_17965:ENSG00000103591.12",0.0204145321425209,0.0055669893452857,0.000245346935953683
"chr15:66716498:66780997:clu_17955:ENSG00000137834.14",-0.0131740540856959,0.00416501155743616,0.0015613655261365
"chr15:37096430:37097967:clu_17170:ENSG00000134138.19",-0.00331408597669209,0.00325693792010619,0.308893494762702
"chr15:36696510:36697323:clu_17160:ENSG00000186073.11",0.00552562635951555,0.00370101657405294,0.135436577624984
"chr15:36692175:36697323:clu_17160:ENSG00000186073.11",-0.00403640323174151,0.00348727118272542,0.247081389698862
"chr15:25051236:25053828:clu_16986:ENSG00000224078.13",0.000309772584322209,0.00394837756650661,0.937465596343605
"chr15:24886589:24920011:clu_16980:ENSG00000128739.21",0.00173292280693351,0.00306791935183234,0.572173896691489
"chr15:33854912:33857780:clu_17111:ENSG00000198838.13",-0.00447719346971012,0.00333267684195102,0.179135165025682
"chr15:34233972:34235181:clu_17120:ENSG00000140199.11",0.00389391238094236,0.00332129524991441,0.241033378607953
"chr15:82823287:82826410:clu_18400:ENSG00000156232.7",0.00754554639865605,0.00483655989126984,0.118734819604003
"chr15:82823287:82826388:clu_18400:ENSG00000156232.7",-0.00745698186452581,0.00498735777319126,0.134868294655928
"chr15:84515034:84526781:clu_18436:ENSG00000230373.8",-0.00928181076951651,0.00438845339928679,0.0344254451072137
"chr15:84515034:84526781:clu_18436:ENSG00000189136.8",-0.00497320054321626,0.00465371766834893,0.285226909934851
"chr15:80072647:80120328:clu_18325:ENSG00000086666.18",0.000614135129329981,0.00348257619557833,0.860022859136807
"chr15:40810216:40810649:clu_17248:ENSG00000166140.17",-0.0133530004550152,0.00456567272033697,0.00344842446262661
"chr15:40810471:40810649:clu_17248:ENSG00000166140.17",0.000227458595362245,0.00483910241040228,0.96250980470749
"chr15:40813417:40813713:clu_17250:ENSG00000166140.17",0.0189687177893577,0.00486455774655894,9.64427081383556e-05
"chr15:80168316:80173014:clu_18330:ENSG00000103876.11",0.000205539869672424,0.00407454977603038,0.959767932437932
"chr15:60468322:60476063:clu_17795:ENSG00000128915.11",0.00106438203286396,0.00318333139293489,0.738107125903013
"chr15:88878256:88878967:clu_18517:ENSG00000140511.11",0.00375343134966787,0.00345983311100792,0.27798407603069
"chr15:89321012:89321125:clu_18534:ENSG00000140521.12",-0.00389774526023351,0.00313788245221499,0.214178334861668
"chr15:38885628:38886697:clu_17178:ENSG00000259345.5",0.00246524898326203,0.00340297772707814,0.468796407967924
"chr15:72163757:72165354:clu_18070:ENSG00000175318.11",-0.00287260890014852,0.00428740909917099,0.502851128566283
"chr15:70699660:70701877:clu_18037:ENSG00000137831.14",-0.00640558158005485,0.00323042329790161,0.0473794575951404
"chr15:72242292:72242620:clu_18077:ENSG00000137817.16",0.00222372885839721,0.00405505681027796,0.583428161389125
"chr15:72288451:72289138:clu_18082:ENSG00000140488.15",0.01167588283566,0.00704509063854092,0.0974572849811918
"chr15:72242220:72242620:clu_18077:ENSG00000137817.16",-0.00452431349982231,0.00371695624487236,0.223524614067839
"chr15:72202620:72206728:clu_18072:ENSG00000067225.17",-0.00105207228834058,0.00980487716715797,0.914550258925266
"chr15:70699660:70763330:clu_18037:ENSG00000137831.14",0.00871469922400326,0.00342466813009651,0.0109376575518838
"chr15:34987673:34988116:clu_17152:ENSG00000198146.4",-0.00290854170161844,0.00333020233960898,0.382454420715694
"chr15:79889354:79896791:clu_18323:ENSG00000136371.10",0.00163121572662248,0.00271503964055991,0.547968319124106
"chr15:79889354:79896791:clu_18323:ENSG00000180953.11",0.00163121572662248,0.00271503964055991,0.547968319124106
"chr15:79907706:79914588:clu_18323:ENSG00000180953.11",0.00512748857938376,0.00278973491555594,0.0660647397579907
"chr15:79907706:79914588:clu_18323:ENSG00000136371.10",0.00512748857938376,0.00278973491555594,0.0660647397579907
"chr15:80982182:80989579:clu_18338:ENSG00000117899.10",-0.00263409695121776,0.00344045880029469,0.443900211656306
"chr15:32691763:32696514:clu_17097:ENSG00000166922.8",0.00672872858912885,0.00287523397232891,0.0192715122674226
"chr15:32684669:32691710:clu_17097:ENSG00000166922.8",-0.00642146670741324,0.00267605541543292,0.0164129268426977
"chr15:22916630:22916882:clu_16953:ENSG00000273749.4",-0.00821029404359149,0.0054816966971738,0.134194289275499
"chr15:67519102:67521519:clu_17972:ENSG00000259673.5",-0.00196328159915267,0.00387116779841147,0.612046158222969
"chr15:66349437:66351525:clu_17944:ENSG00000075131.9",-0.013882604069243,0.00348165501593319,6.6813242808994e-05
"chr15:66490717:66494277:clu_17948:ENSG00000174446.12",-0.00774042836968776,0.00433682739614035,0.0742915621647509
"chr15:56365893:56373441:clu_17703:ENSG00000151575.14",0.00787215265857236,0.00496333886596638,0.11272572617183
"chr15:66487292:66489215:clu_17947:ENSG00000169032.9",0.00238958131901825,0.00418355534078211,0.567874688676359
"chr15:95501651:95506054:clu_18698:ENSG00000259134.5",0.000766998874252487,0.00284122866303846,0.78719622989721
"chr15:93045705:93051993:clu_18682:ENSG00000182175.13",0.00237363731445105,0.00227350897217379,0.296466271622945
"chr15:82678167:82679729:clu_18389:ENSG00000103723.12",0.000964687600563323,0.00367819620509009,0.79311180494396
"chr15:82679800:82680175:clu_18389:ENSG00000103723.12",-0.00186818268360542,0.00426507738437193,0.661372892214509
"chr15:45634894:45658907:clu_17553:ENSG00000137767.13",0.00303167427371,0.00354395311553508,0.392302138851969
"chr15:45635108:45658907:clu_17553:ENSG00000137767.13",-0.0017036625216042,0.00340634100005529,0.616973374491855
"chr15:45515892:45519423:clu_17541:ENSG00000179362.14",0.00513760159525186,0.00530915507192223,0.333200594814179
"chr15:75338505:75338646:clu_18197:ENSG00000140365.15",0.00430609833718059,0.00481329511403106,0.370987116968569
"chr15:75961974:75969129:clu_18241:ENSG00000169752.16",-0.0139325166135848,0.00498476932307152,0.00518969341062248
"chr15:75690812:75693070:clu_18230:ENSG00000173546.7",0.00103020364976004,0.00475176228393655,0.828360671472004
"chr15:74605733:74606243:clu_18157:ENSG00000179335.18",-0.00449360964796705,0.00476953054386462,0.346116230053531
"chr15:74828121:74830130:clu_18174:ENSG00000213578.5",0.00130468674540646,0.00612469399077086,0.831310798587251
"chr15:75359366:75359620:clu_18214:ENSG00000140400.16",-0.0203915663259135,0.00990271362026237,0.0394760652634916
"chr15:40039448:40045961:clu_17196:ENSG00000248508.6",-0.000647506381672086,0.00563382740161205,0.908499114977841
"chr15:40266495:40272224:clu_17205:ENSG00000137843.11",-0.00580047645563076,0.00605882425509846,0.338385541766183
"chr15:40738576:40740133:clu_17234:ENSG00000137824.15",0.00995921323102933,0.00393732443304674,0.0114245754184122
"chr15:52379908:52383091:clu_17677:ENSG00000197535.14",-0.0126781386035546,0.00473285137102111,0.00738969387020028
"chr15:52600235:52601086:clu_17681:ENSG00000047346.12",-0.0034651277830219,0.00444657492099941,0.435814677035837
"chr15:82262932:82263139:clu_18363:ENSG00000188659.9",-0.00127557237913468,0.00539671894019515,0.81315277292864
"chr15:82816842:82817920:clu_18397:ENSG00000156232.7",-0.00429031497653083,0.00439306896839146,0.328762278754549
"chr15:60382441:60386028:clu_17787:ENSG00000182718.16",0.00487058598725692,0.00329540905303293,0.139410100661298
"chr15:84799977:84801863:clu_18464:ENSG00000166716.9",0.00127919975617843,0.00426468425159154,0.764213914790391
"chr15:84748664:84764707:clu_18461:ENSG00000166716.9",0.00293522003987234,0.00463446046234122,0.526507291363313
"chr15:84652802:84653700:clu_18456:ENSG00000177082.12",-0.0122750719949833,0.00507197735824366,0.0155130462289151
"chr15:52678122:52678430:clu_17683:ENSG00000047346.12",0.00175464935051121,0.00387140122243798,0.650380496063889
"chr15:45163687:45163790:clu_17538:ENSG00000137857.17",0.00313159800238342,0.00586142873803432,0.593153273146093
"chr15:45139599:45140895:clu_17526:ENSG00000137857.17",-0.00104493727615552,0.00414351477037686,0.800897138350512
"chr15:45502966:45511138:clu_17544:ENSG00000104154.6",-0.00121416631248923,0.00420690759806506,0.772877893606265
"chr15:75843846:75854386:clu_18233:ENSG00000140367.11",0.00707807364804119,0.00421401249551482,0.0930250840851388
"chr15:75470830:75473689:clu_18223:ENSG00000169410.9",-0.0117729629203372,0.00456540853572217,0.00991638227163416
"chr15:75348646:75348884:clu_18202:ENSG00000140398.13",-0.00280775453412907,0.00514235263482403,0.585061927629935
"chr15:76011286:76012019:clu_18242:ENSG00000169752.16",0.00258130273850542,0.00599452339470538,0.666751845132322
"chr15:76225929:76227138:clu_18245:ENSG00000140374.15",-0.00419821814568659,0.00444009946024355,0.34439170629751
"chr15:75362453:75362642:clu_18211:ENSG00000140400.16",-0.00622541139706373,0.00534785831186272,0.244385796903923
"chr15:75362748:75363210:clu_18211:ENSG00000140400.16",-0.0109042378100087,0.00533551936970702,0.040982510065222
"chr15:75362748:75363999:clu_18211:ENSG00000140400.16",0.00650078977047313,0.00537258482429177,0.226281597427513
"chr15:50583156:50586392:clu_17624:ENSG00000092439.13",0.00153559129535922,0.00426863916966172,0.719043145941235
"chr15:57063823:57072653:clu_17719:ENSG00000140262.17",0.00289672034115594,0.00347147406414456,0.404035758389979
"chr15:50300902:50301257:clu_17609:ENSG00000104064.16",0.00871985845716064,0.00472884301318759,0.0651870868699483
"chr15:50300902:50301221:clu_17609:ENSG00000104064.16",-0.00237929224895,0.00474387492807657,0.615983834367595
"chr15:58241995:58246135:clu_17746:ENSG00000128918.14",-0.000785328953401303,0.00330844001867042,0.81236869532253
"chr15:25252333:25266431:clu_17004:ENSG00000224078.13",0.00187868427356075,0.00333168191433571,0.572832640681212
"chr15:49217313:49235851:clu_17582:ENSG00000156958.14",0.0224053476257387,0.00496441402628755,6.38595287194565e-06
"chr15:49423440:49424441:clu_17587:ENSG00000140285.9",-0.00702565571991472,0.00462619025224844,0.128845615899855
"chr15:49292537:49308608:clu_17584:ENSG00000156958.14",-0.0106243706553618,0.00692930469167081,0.125213762943235
"chr15:50346395:50354985:clu_17611:ENSG00000104064.16",-0.0118232801607883,0.00401692537845915,0.00324664710404121
"chr15:49156016:49201162:clu_17581:ENSG00000156958.14",0.00031056261472223,0.00412474306986511,0.939981912075043
"chr15:37098199:37100892:clu_17170:ENSG00000134138.19",-0.00104269121754938,0.004048657928866,0.796761968557406
"chr15:37095614:37097967:clu_17170:ENSG00000134138.19",0.00351585877016243,0.00379505874136665,0.354222217242676
"chr15:45134309:45135104:clu_17524:ENSG00000137857.17",0.00179195721949707,0.0056385296924831,0.750632280498179
"chr15:45168133:45171883:clu_17531:ENSG00000259539.1",-0.00248922577489041,0.0046819317384978,0.594957069799382
"chr15:45168133:45171883:clu_17531:ENSG00000138606.19",-0.00268217455282752,0.00461359692150093,0.56099582793216
"chr15:55270284:55289716:clu_17686:ENSG00000069974.15",-0.00816674359041977,0.0032125707540735,0.0110182021418189
"chr15:92974950:92978148:clu_18674:ENSG00000173575.20",-0.0017490209709757,0.00292558706028797,0.549949434376073
"chr15:92991517:92992859:clu_18677:ENSG00000173575.20",0.0040438503369138,0.00280689285829343,0.149673503225383
"chr15:94231664:94298201:clu_18686:ENSG00000140563.14",-0.00576181413426242,0.00277865802585555,0.0381168481314538
"chr15:57231257:57232712:clu_17721:ENSG00000140262.17",-0.00387405573819612,0.00455576237487164,0.395122815065765
"chr15:69565527:69570740:clu_18023:ENSG00000245750.7",-0.00269787711475546,0.00362884303138594,0.457206986913697
"chr15:70687646:70687750:clu_18034:ENSG00000137831.14",0.00463303831101649,0.00325856608784614,0.155083513365509
"chr15:84652802:84653632:clu_18456:ENSG00000177082.12",-0.00489790420596953,0.00551993182322326,0.374910706807428
"chr15:69160757:69196415:clu_18012:ENSG00000138604.9",-0.00142770407823894,0.00316396373702828,0.651817248080136
"chr15:81332541:81341562:clu_18354:ENSG00000259343.5",-0.00381550967571279,0.00362470232445851,0.292505635084537
"chr15:89295094:89299800:clu_18529:ENSG00000140525.17",-0.000483029977949588,0.00339016593900405,0.886701077417365
"chr15:78932038:78932372:clu_18316:ENSG00000103811.15",-3.61892103636492e-05,0.00302449088751448,0.990453228559204
"chr15:50476993:50477276:clu_17617:ENSG00000138592.13",-0.00508970813752173,0.00499293773974659,0.308021906886302
"chr15:49634794:49643331:clu_17598:ENSG00000104047.14",0.010737111752316,0.00362047658554776,0.00302031707418626
"chr15:50482065:50484275:clu_17618:ENSG00000138592.13",0.00183429884992185,0.00355967703047124,0.606343933593386
"chr15:49640985:49643331:clu_17598:ENSG00000104047.14",-0.0139727739186867,0.00475786235747822,0.00331644023594957
"chr15:49634794:49653878:clu_17598:ENSG00000104047.14",-0.0089166017927419,0.00577809505128025,0.122788742723103
"chr15:72561549:72563394:clu_18094:ENSG00000166233.14",0.000208651635232136,0.00481644544196863,0.965445915789759
"chr15:72555363:72555852:clu_18093:ENSG00000166233.14",-0.00410558791968784,0.00461705970375656,0.373884147450425
"chr15:72563500:72566563:clu_18094:ENSG00000166233.14",0.0062785273907721,0.00470762281279803,0.182304225263609
"chr15:72555907:72561483:clu_18093:ENSG00000166233.14",0.00397442600290525,0.00471194497879325,0.39896068110353
"chr15:73274005:73278131:clu_18110:ENSG00000067141.16",-0.00691825270919771,0.00610814531082159,0.257370759443998
"chr15:90932110:90932429:clu_18633:ENSG00000184508.10",0.00273774104176831,0.00356204765569764,0.442138938729972
"chr15:41286100:41298041:clu_17274:ENSG00000247556.6",0.00433106276740308,0.00479834089198033,0.366729344016921
"chr15:42191560:42199896:clu_17352:ENSG00000166887.15",0.00645861614084604,0.00530818817225871,0.223708083280091
"chr15:42558290:42559339:clu_17385:ENSG00000137814.10",0.000975631562880268,0.00462418147677993,0.832899206675457
"chr15:43178711:43181181:clu_17423:ENSG00000137842.6",-0.0043646253615679,0.00592904116042637,0.461643346590982
"chr15:42872758:42878549:clu_17407:ENSG00000128881.16",0.00367526004818126,0.00533817464490055,0.491146601961932
"chr15:42278590:42280917:clu_17361:ENSG00000214013.9",0.00384157035073174,0.00396204509801953,0.332249509452475
"chr15:42451954:42456958:clu_17381:ENSG00000103994.16",-1.43260961548352e-05,0.00465125348038562,0.997542479051365
"chr15:42735679:42735875:clu_17404:ENSG00000140326.12",-0.00183570857015214,0.00662897347476957,0.781840001991152
"chr15:42191560:42192066:clu_17352:ENSG00000166887.15",-0.00481956836596717,0.00664979098281791,0.468593202602638
"chr15:48162893:48165933:clu_17563:ENSG00000104177.17",0.00661709782400002,0.00457448822347912,0.148030847829742
"chr15:36697390:36709223:clu_17158:ENSG00000186073.11",0.00135532615908359,0.00328872583031941,0.680256714053994
"chr15:100372992:100380744:clu_18754:ENSG00000259430.1",-8.28648056537043e-05,0.00307074745494238,0.978471519868945
"chr15:50732684:50736101:clu_17632:ENSG00000138600.9",-0.00932945377590636,0.00487560698029284,0.0556846028962833
"chr15:50594613:50596255:clu_17626:ENSG00000092439.13",0.00277504284896583,0.00438757667002541,0.527075006734019
"chr15:50726126:50726321:clu_17631:ENSG00000138600.9",0.00760288977309739,0.00509205615746325,0.135414059259711
"chr15:76947517:76948338:clu_18264:ENSG00000117906.13",0.0174949209078533,0.00715972845045153,0.0145448689946505
"chr15:76947517:76948410:clu_18264:ENSG00000117906.13",-0.0168538946139322,0.00706356612346851,0.0170312702886464
"chr15:77029574:77030502:clu_18266:ENSG00000140368.12",0.00126579527786994,0.00422482449655727,0.764475448121832
"chr15:92992998:92996957:clu_18678:ENSG00000173575.20",0.00737178727770761,0.00302573251290189,0.0148357266159082
"chr15:90967202:90969447:clu_18646:ENSG00000198901.13",0.00269557294911764,0.00278498826540337,0.333097397804777
"chr15:92782141:92787964:clu_18663:ENSG00000185442.12",-0.0050170164569424,0.00227203160659032,0.0272329025404248
"chr15:92782141:92787964:clu_18663:ENSG00000258741.3",-0.00487374104384721,0.00227308398047345,0.0320241109902641
"chr15:42544124:42545077:clu_17383:ENSG00000180979.9",0.00288954103233576,0.00423347905676315,0.494894238645081
"chr15:40779997:40807369:clu_17244:ENSG00000104129.9",-0.00794799937896722,0.004599840077574,0.0840086606237715
"chr15:41045075:41047408:clu_17267:ENSG00000128908.15",0.00218034154009159,0.00462340521557053,0.637221029378561
"chr15:41817735:41818009:clu_17304:ENSG00000137802.13",-0.00778032784060157,0.00359610258919285,0.0304993278941433
"chr15:41817458:41817614:clu_17304:ENSG00000137802.13",0.000524346493210093,0.00408702960436675,0.897915322375227
"chr15:40779997:40780232:clu_17244:ENSG00000104129.9",-0.0143058602400099,0.0040012045850153,0.000349708403846405
"chr15:40765890:40773727:clu_17236:ENSG00000104129.9",-0.023475238330242,0.00451755577982405,2.03133684872903e-07
"chr15:41841273:41841819:clu_17316:ENSG00000243708.10",0.0154897114788335,0.00546364709177285,0.00458185457700888
"chr15:41736698:41740053:clu_17297:ENSG00000174197.16",-0.0042495420398775,0.00417575076420212,0.308834153080902
"chr15:41812653:41812919:clu_17301:ENSG00000137802.13",-0.0147207510296438,0.00452170340878558,0.00113162435185787
"chr15:39590023:39590516:clu_17186:ENSG00000137801.10",0.000585985727101917,0.00358041696593867,0.869995578965583
"chr15:49621193:49625113:clu_17596:ENSG00000104047.14",-0.00689711050166394,0.00623307604143952,0.268495460557479
"chr15:85717402:85718007:clu_18488:ENSG00000170776.21",0.00518227554296178,0.00342989631076001,0.130810572314995
"chr15:84764815:84782657:clu_18461:ENSG00000166716.9",0.00997488756299562,0.00346113965514976,0.00395202101136582
"chr15:72712307:72716778:clu_18100:ENSG00000140463.13",0.00393540783530786,0.00581763362034506,0.49874739064836
"chr15:72200655:72202454:clu_18072:ENSG00000067225.17",-0.0104715074009686,0.0092839935318031,0.259358009515474
"chr15:25064855:25067409:clu_16989:ENSG00000224078.13",-0.00478518413163176,0.00341224239039824,0.160808480801967
"chr15:24982437:25002725:clu_16984:ENSG00000224078.13",-0.00314232909817169,0.00369298285845361,0.394829420270165
"chr15:48851248:48855953:clu_17576:ENSG00000185634.11",-0.000109311302330592,0.0047188377022261,0.981518753931653
"chr15:47767093:47770497:clu_17557:ENSG00000137872.16",0.0117647441668555,0.00462112749473763,0.0109008862105927
"chr15:48149083:48149163:clu_17559:ENSG00000104177.17",0.0019756261368724,0.00491143146333818,0.687499623940536
"chr15:48151942:48153792:clu_17561:ENSG00000104177.17",0.0028150769604739,0.00618456665648163,0.648981386672569
"chr15:41565141:41567360:clu_17292:ENSG00000092445.11",0.00334524738260281,0.00479488957876542,0.48538401509069
"chr15:41841417:41841517:clu_17316:ENSG00000243708.10",-0.0090798946589898,0.00522057538880418,0.0819904978084453
"chr15:42736780:42736989:clu_17406:ENSG00000140326.12",0.0189532272488841,0.0049305040938858,0.000121008024493885
"chr15:22845267:22851639:clu_16949:ENSG00000140157.14",0.00173425081717133,0.00422588812027983,0.68152186079126
"chr15:23310974:23311338:clu_16970:ENSG00000274471.1",-0.000943624814289418,0.00351336689728597,0.788251867853329
"chr15:34275389:34318561:clu_17123:ENSG00000140199.11",0.00157838551727281,0.00294971065753772,0.592581801280083
"chr15:32900125:32901911:clu_17099:ENSG00000248905.8",-0.00289517813258731,0.00299905660918274,0.334363052451876
"chr15:96326352:96330951:clu_18706:ENSG00000185551.14",0.00745196631305355,0.0037572545858287,0.0473278895881037
"chr15:50248343:50252430:clu_17604:ENSG00000140287.10",0.00131090769423298,0.00472432021616292,0.781411021168092
"chr15:88531715:88546540:clu_18512:ENSG00000140543.14",0.00224347624370956,0.0027748169507021,0.418795187220637
"chr15:88899532:88901551:clu_18519:ENSG00000140545.14",0.00435892992139952,0.00456848342111516,0.340017528109517
"chr15:95289554:95326830:clu_18696:ENSG00000248441.6",-0.00562147767358025,0.00270894156866044,0.0379720337763572
"chr15:47766182:47766577:clu_17556:ENSG00000137872.16",0.00366128994658707,0.00407538552972115,0.368977098259397
"chr15:25109099:25109198:clu_16998:ENSG00000224078.13",0.00683144810273277,0.00282380723386465,0.0155532672360272
"chr15:25109103:25109198:clu_16998:ENSG00000224078.13",-0.0063786992926123,0.00280771848278661,0.0230959147894692
"chr15:65454415:65455654:clu_17920:ENSG00000074603.18",0.000414372397984551,0.00395268418784415,0.916508192303461
"chr15:65558731:65562774:clu_17926:ENSG00000074696.12",-0.00105904056603862,0.00425027008087289,0.803229144104681
"chr15:65562884:65564215:clu_17926:ENSG00000074696.12",0.0019018120603173,0.00470144037451425,0.685832656899941
"chr15:65593572:65595733:clu_17928:ENSG00000138614.14",-0.00384784314821278,0.00420477404496194,0.360132341232644
"chr15:65271072:65286253:clu_17914:ENSG00000138617.14",-0.00485205343773913,0.00392808373503904,0.216748084020326
"chr15:65263320:65266562:clu_17914:ENSG00000138617.14",-0.00100184619871331,0.0038592283713067,0.795174232644543
"chr15:66495419:66497642:clu_17948:ENSG00000174446.12",-0.00280278507001831,0.00299856097499819,0.349937747703944
"chr15:65625970:65638128:clu_17931:ENSG00000074621.13",0.0026373485625007,0.00381041748881231,0.488848391955904
"chr15:68086750:68141946:clu_17984:ENSG00000033800.13",-0.00883835093314086,0.0038436672950816,0.0214789542263149
"chr15:63328130:63338819:clu_17826:ENSG00000074410.13",-0.0145176781065364,0.00374320003073187,0.000105139831443224
"chr15:63675117:63677845:clu_17849:ENSG00000103657.13",-0.00717541703660526,0.00352768306669264,0.041948460809624
"chr15:68930717:68945599:clu_18005:ENSG00000258484.3",0.000682504395183669,0.00316568282752627,0.829303698351748
"chr15:68930717:68945599:clu_18005:ENSG00000255346.9",0.00384326865678941,0.00306643567159864,0.210084112056932
"chr15:68214388:68218536:clu_17987:ENSG00000128973.12",0.00466633431796693,0.00552414390931247,0.39826926511783
"chr15:68214388:68218536:clu_17987:ENSG00000129007.14",0.00452987323097937,0.00553541166684649,0.413160550617507
"chr15:68339644:68348830:clu_17997:ENSG00000137809.16",-0.0109088476806795,0.00538995484594814,0.0429781876815795
"chr15:40383322:40386362:clu_17217:ENSG00000128944.13",-0.0140669500839557,0.00370933242196736,0.000149250547914481
"chr15:40387206:40389506:clu_17217:ENSG00000128944.13",0.0140481834233051,0.00374231571578838,0.0001741220874939
"chr15:40768062:40769933:clu_17236:ENSG00000104129.9",-0.0128440727868038,0.00549861325013965,0.0194977614335781
"chr15:36691764:36692126:clu_17159:ENSG00000186073.11",-0.00110998889160912,0.00458078416559623,0.80853673845294
"chr15:71243096:71256613:clu_18047:ENSG00000187720.14",-0.00865751954648252,0.0039276577732383,0.0275071268868168
"chr15:72254070:72254455:clu_18076:ENSG00000137817.16",0.00636550028198603,0.00386261302880982,0.0993572395524862
"chr15:72288618:72289138:clu_18082:ENSG00000140488.15",-0.00471845850393395,0.00702338405518142,0.501697512576023
"chr15:72253504:72254455:clu_18076:ENSG00000137817.16",-0.00310540352744865,0.0041470412957853,0.45396336841444
"chr15:61946410:61947193:clu_17807:ENSG00000129003.15",0.0010226212394662,0.00274244977770435,0.709233261862872
"chr15:60364523:60386028:clu_17787:ENSG00000182718.16",-0.000443288622570824,0.00394255700565155,0.91047705217963
"chr15:79889354:79897161:clu_18323:ENSG00000180953.11",-0.00563512659300605,0.00287180766297253,0.0497365457286326
"chr15:79889354:79897161:clu_18323:ENSG00000136371.10",-0.00584979951291632,0.00289625094754392,0.0434058623739115
"chr15:90957503:90957604:clu_18641:ENSG00000166965.12",0.00189990831424326,0.0031977205277947,0.552415417329683
"chr15:90234596:90238492:clu_18591:ENSG00000183208.12",-0.00921169381284633,0.00320879803450334,0.00409484367022195
"chr15:27871922:27926127:clu_17019:ENSG00000104044.15",-0.00500732938881268,0.00392232772942757,0.201735774388655
"chr15:60468162:60476063:clu_17795:ENSG00000128915.11",0.000561562802053917,0.00302898488769867,0.852918155625527
"chr15:25278884:25338011:clu_17005:ENSG00000224078.13",-0.000432042550962207,0.00302488879090309,0.886425047859618
"chr15:42402558:42402794:clu_17372:ENSG00000092529.23",0.00282362249242503,0.00498563875103016,0.571155061112733
"chr15:42402135:42402794:clu_17372:ENSG00000092529.23",-0.00426010999277383,0.0044422348966547,0.337557982326066
"chr15:42386285:42387753:clu_17368:ENSG00000092529.23",0.00923581901613216,0.00377757551621705,0.0144889690092297
"chr15:42384552:42386167:clu_17368:ENSG00000092529.23",-0.00943521502994147,0.00347210875399185,0.00657909252311117
"chr15:34227846:34228429:clu_17119:ENSG00000128463.12",0.00489626614877752,0.00339094228519447,0.148760089232709
"chr15:81285830:81290453:clu_18343:ENSG00000172349.17",0.00432445132935312,0.00391553289207583,0.269404511830174
"chr15:81225711:81259772:clu_18341:ENSG00000172349.17",0.0053188999626158,0.00349231467538893,0.127751204171912
"chr15:74603246:74604933:clu_18156:ENSG00000179335.18",0.0124170337780397,0.00465812230438285,0.00768342445843784
"chr15:74462031:74466036:clu_18150:ENSG00000247240.7",0.0117871705552215,0.00475748211108311,0.013226677625703
"chr15:75364665:75366522:clu_18212:ENSG00000140400.16",0.0165054311461704,0.00579041610180855,0.0043654105065829
"chr15:75364665:75365601:clu_18212:ENSG00000140400.16",-0.0139439747056794,0.00532932112759091,0.00888458384857582
"chr15:74197818:74202155:clu_18143:ENSG00000137868.18",0.00210371781065555,0.00446582835173536,0.637590739871019
"chr15:75362025:75362343:clu_18210:ENSG00000140400.16",0.00788174652384249,0.00479965144560209,0.100558969153803
"chr15:67600749:67630888:clu_17977:ENSG00000137764.19",-0.00646903516747112,0.00434248954686138,0.136301408825836
"chr15:28655691:28655796:clu_17036:ENSG00000206149.10",-0.00247418466505927,0.00396492794230765,0.53261605210307
"chr15:74838192:74838440:clu_18176:ENSG00000140474.12",-0.0200646534435339,0.00537014296512561,0.000186721829086856
"chr15:73563583:73569714:clu_18113:ENSG00000156642.16",-0.00569742385769252,0.00417005536257237,0.171854059153271
"chr15:73563245:73570150:clu_18113:ENSG00000156642.16",-0.00992019622929371,0.00427064496533392,0.020185594137769
"chr15:73988802:73990351:clu_18128:ENSG00000067221.13",-0.00175132203533034,0.00421468411541818,0.677754940327088
"chr15:74452378:74456552:clu_18148:ENSG00000138629.15",-0.00341838855107438,0.00536548531527415,0.524055113059369
"chr15:73920038:73927654:clu_18122:ENSG00000261801.5",0.00287204359692019,0.00445429496506468,0.51906928585919
"chr15:74625018:74627352:clu_18162:ENSG00000179335.18",-0.00404328682773714,0.00513834316118373,0.431348998933082
"chr15:74603246:74605600:clu_18156:ENSG00000179335.18",-0.0123326204395565,0.00492280355394766,0.0122381257231321
"chr15:92944515:92945821:clu_18670:ENSG00000173575.20",-0.00664232055005431,0.00288945379358352,0.0215154304082096
"chr15:40809458:40809852:clu_17246:ENSG00000166140.17",0.00164005583799539,0.00518470989407018,0.75175547424316
"chr15:40557372:40562772:clu_17228:ENSG00000128891.15",-0.00497114185260666,0.00471298191984642,0.291527624792617
"chr15:56427739:56428367:clu_17705:ENSG00000151575.14",-0.00643402820587316,0.00373570029416829,0.0850136567159726
"chr15:63600612:63600697:clu_17837:ENSG00000197361.7",0.0127993210938315,0.00488970236306364,0.00885486177959027
"chr15:63127689:63129489:clu_17818:ENSG00000103642.11",-0.0060165589151344,0.00309508520766476,0.0519066235532628
"chr15:99287951:99333923:clu_18735:ENSG00000168904.14",-0.00107594365992093,0.00288995436214006,0.70966598211342
"chr15:99139266:99156148:clu_18729:ENSG00000103852.12",-0.00180952905773023,0.00227255704581283,0.425885332028841
"chr15:99241559:99245389:clu_18733:ENSG00000103852.12",0.00272873240809097,0.00286887308608595,0.341527568602593
"chr15:99139467:99156148:clu_18729:ENSG00000103852.12",-8.57134082509971e-05,0.00305656884855974,0.977628364919283
"chr15:88899532:88899656:clu_18519:ENSG00000140545.14",0.00171032478784115,0.00399760149083123,0.668769258036815
"chr15:88899811:88901551:clu_18519:ENSG00000140545.14",-0.000240732008334743,0.00386229152618045,0.950300991447414
"chr15:89323552:89323815:clu_18536:ENSG00000140521.12",-0.000846842262306931,0.00294702075704449,0.773840224520157
"chr15:89323511:89323815:clu_18536:ENSG00000140521.12",0.000822009135699358,0.00291771432849329,0.778150160760705
"chr15:45147997:45148272:clu_17533:ENSG00000137857.17",-0.0132726342501315,0.00388975904054137,0.000644409086151376
"chr15:64136410:64136865:clu_17864:ENSG00000028528.14",-0.0161112472237564,0.00399580950455622,5.52957463019199e-05
"chr15:64388048:64393946:clu_17872:ENSG00000103671.9",-0.001711770707536,0.00479861544925023,0.721300088960498
"chr15:65027040:65029252:clu_17901:ENSG00000103707.9",-0.00233412447676654,0.00487060150693463,0.631777041871214
"chr15:23024830:23026116:clu_16963:ENSG00000275835.4",-0.00591542033795879,0.00368832030137957,0.108752630501243
"chr15:65156932:65157746:clu_17908:ENSG00000166855.9",0.00687686545013151,0.00508455789102937,0.176215362040139
"chr15:24968082:24974311:clu_16982:ENSG00000128739.21",-1.29213121880999e-05,0.00444971057613614,0.997683062564499
"chr15:25100890:25103859:clu_16996:ENSG00000224078.13",-0.002529797132655,0.00384110391523141,0.51014495494489
"chr15:25691791:25694819:clu_17012:ENSG00000206190.11",0.0025039523459419,0.00292184820857994,0.391458421770874
"chr15:34359745:34360111:clu_17125:ENSG00000176454.13",0.0089230877877151,0.00380524180357794,0.0190298188473307
"chr15:69563804:69565194:clu_18022:ENSG00000245750.7",-0.00873958094123113,0.00344220689964353,0.0111186659999893
"chr15:65644513:65645612:clu_17931:ENSG00000074621.13",-0.0127262814497247,0.00349229998265786,0.000268331749512796
"chr15:77998355:78001619:clu_18279:ENSG00000167202.11",0.00495607850794445,0.00489370713367806,0.31118187242135
"chr15:78054187:78077293:clu_18283:ENSG00000167202.11",0.00664199835731162,0.00358316360039422,0.0637865665474447
"chr15:78030170:78044900:clu_18282:ENSG00000167202.11",0.00881108387186333,0.00335666480814678,0.00866611930718075
"chr15:74838192:74838266:clu_18176:ENSG00000140474.12",0.00514577095217812,0.00400263492914581,0.198584137272716
"chr15:74462027:74466036:clu_18150:ENSG00000247240.7",0.00276554836002355,0.00412092074619377,0.502157066984819
"chr15:74675142:74695880:clu_18165:ENSG00000179151.11",-0.00092172063079334,0.00470300235651876,0.844621454914531
"chr15:98924684:98929558:clu_18718:ENSG00000140443.13",0.00444310623613941,0.00258694964492707,0.0858864274889169
"chr15:88879269:88879418:clu_18517:ENSG00000140511.11",0.000724589662688163,0.00355386526394394,0.838441202653426
"chr15:101966223:101972901:clu_18803:ENSG00000185596.16",0.0059610371965413,0.00424455815771818,0.160201192871148
"chr15:101178980:101235082:clu_18778:ENSG00000131873.5",-0.0157902281399583,0.00340104596276469,3.43791487800171e-06
"chr15:101178980:101235082:clu_18778:ENSG00000259755.1",-0.0148553142374128,0.00326176003200126,5.25388058603138e-06
"chr15:101699435:101701086:clu_18798:ENSG00000185418.15",-0.0035928856078497,0.00353080367393177,0.308876194840773
"chr15:100898185:100899112:clu_18772:ENSG00000184254.16",-0.00378166439957006,0.00367274681015814,0.303171694977612
"chr15:101966223:101972583:clu_18803:ENSG00000185596.16",-0.00350969373628831,0.0042225095263522,0.405868170078026
"chr15:28299516:28321362:clu_17030:ENSG00000128731.15",-0.00352595423269692,0.00329733132207154,0.284918411135105
"chr15:28176768:28176950:clu_17023:ENSG00000128731.15",0.00192007822799298,0.0047245946342953,0.684448258094671
"chr15:28618378:28618524:clu_17031:ENSG00000206149.10",0.00108040490061877,0.00350300792674156,0.757761202556789
"chr15:82263438:82264673:clu_18363:ENSG00000188659.9",0.0010393207433218,0.00480893535993937,0.8288920005578
"chr15:83164075:83207331:clu_18413:ENSG00000166503.8",0.0109824757600429,0.00444059667033366,0.0133909848398522
"chr15:41079904:41081020:clu_17269:ENSG00000128908.15",0.0113285335345028,0.0041195499918069,0.00596053729229762
"chr15:40291650:40291849:clu_17209:ENSG00000137841.11",0.000170680472808649,0.0037704130362642,0.963893394346572
"chr15:24998486:24998970:clu_16984:ENSG00000224078.13",-0.00372232246477223,0.00333883484245954,0.264911825363598
"chr15:72475014:72518067:clu_18092:ENSG00000166233.14",0.0011924120588606,0.00501508577078258,0.812063336735608
"chr15:73274724:73278131:clu_18110:ENSG00000067141.16",0.00037858581850778,0.00560442188280236,0.946142847257955
"chr15:34360209:34362196:clu_17126:ENSG00000176454.13",-0.00913210088920424,0.00371653050016691,0.0140041264766975
"chr15:34857106:34860042:clu_17144:ENSG00000021776.10",-0.00766509726901026,0.00383587949290318,0.045688120532519
"chr15:28921749:28995753:clu_17052:ENSG00000034053.14",-0.00127529528410946,0.00362152435818604,0.724730849453497
"chr15:63042943:63043706:clu_17814:ENSG00000140416.19",0.000735886140741687,0.00619949368641139,0.905512239067679
"chr15:64943582:64944652:clu_17894:ENSG00000166839.16",-0.000134325128442166,0.00481645774244999,0.977750857544478
"chr15:42408324:42409303:clu_17373:ENSG00000092529.23",-0.00366120063200845,0.00554211796604998,0.508859898397902
"chr15:43737008:43744395:clu_17465:ENSG00000205771.6",0.00132294651614078,0.00640429220261263,0.836344243107681
"chr15:43185879:43189199:clu_17424:ENSG00000166946.13",-0.0186278966237237,0.00902638003159352,0.039044528137233
"chr15:42160829:42161682:clu_17343:ENSG00000166887.15",0.00613159258306468,0.00447540789656849,0.170667109930782
"chr15:43399174:43400044:clu_17440:ENSG00000137822.12",0.00551280708797395,0.00577946654424051,0.340154063904486
"chr15:43185879:43186154:clu_17424:ENSG00000166946.13",0.0203188387655517,0.00700211493623353,0.00371008141659968
"chr15:42354453:42359797:clu_17367:ENSG00000092529.23",0.00968563982832204,0.00410049896720705,0.0181735184082201
"chr15:74448600:74449186:clu_18148:ENSG00000138629.15",0.00586933242315135,0.0043425282518861,0.176505430305353
"chr15:72219110:72221168:clu_18073:ENSG00000067225.17",0.00677526400598547,0.00510133467919258,0.184133326861647
"chr15:74033414:74034478:clu_18131:ENSG00000140464.19",-0.00435870010757317,0.0044333812059455,0.325531246386139
"chr15:72712307:72715291:clu_18100:ENSG00000140463.13",-0.00463710465958312,0.00519989409627518,0.372516729816118
"chr15:73573795:73587524:clu_18114:ENSG00000156642.16",0.00364417967431156,0.00641136274774762,0.569767510581095
"chr15:72736963:72737478:clu_18104:ENSG00000140463.13",-0.000993789200252572,0.0048457490349538,0.83750591563888
"chr15:85717402:85718010:clu_18488:ENSG00000170776.21",0.00417952431748218,0.00365934544749555,0.25339134411395
"chr15:74687179:74695880:clu_18165:ENSG00000179151.11",-0.00431190925470224,0.00493880830400781,0.382626702534392
"chr15:73920038:73927777:clu_18122:ENSG00000261801.5",-0.00757044378983342,0.00329177187197264,0.0214590913412847
"chr15:74675142:74676941:clu_18165:ENSG00000179151.11",0.0197296204280118,0.00490416329383214,5.74529620080977e-05
"chr15:74824478:74825473:clu_18172:ENSG00000140506.16",0.00452970588946467,0.00499924040650703,0.364894130553383
"chr15:101633728:101645087:clu_18792:ENSG00000184277.12",0.00484567784012058,0.00414567158871884,0.242463137875757
"chr15:101972049:101972596:clu_18803:ENSG00000185596.16",0.0108323440111394,0.00479199119734578,0.0237896166361646
"chr15:101974353:101975013:clu_18806:ENSG00000185596.16",-0.00215606268744265,0.00549961488147963,0.695029509460426
"chr15:85717402:85718013:clu_18488:ENSG00000170776.21",-0.00162263979981137,0.00379620125713576,0.669060502074373
"chr15:63042943:63044027:clu_17814:ENSG00000140416.19",0.000830066576371372,0.00620892031190509,0.893648219939438
"chr15:63156521:63157400:clu_17820:ENSG00000185088.13",-0.0108341333827886,0.00373858032353605,0.00375637844246557
"chr15:63156521:63156787:clu_17820:ENSG00000185088.13",0.0142616640464071,0.00408468778360393,0.000480326743993453
"chr15:59639157:59642136:clu_17780:ENSG00000140307.10",0.00532754472011492,0.0050080044078818,0.287416630435763
"chr15:75943654:75955932:clu_18239:ENSG00000169752.16",-0.0127930566532621,0.00521572692977284,0.0141755045952697
"chr15:74926887:74929116:clu_18190:ENSG00000178741.11",0.00620902748669173,0.00472484562455881,0.188804873662443
"chr15:76225929:76231333:clu_18245:ENSG00000140374.15",0.00796917039733872,0.00701251964868228,0.255780661260519
"chr15:75348026:75348884:clu_18202:ENSG00000140398.13",-0.0017609946657208,0.00429821018262039,0.682022965558119
"chr15:50624300:50628149:clu_17628:ENSG00000092439.13",0.00192071784445217,0.00476361866621672,0.686796961533126
"chr15:50628249:50631417:clu_17628:ENSG00000092439.13",-0.0043725441591085,0.00445099923828675,0.325915825866262
"chr15:70682795:70687540:clu_18034:ENSG00000137831.14",0.0037370754462764,0.00316664935774786,0.237946311848905
"chr15:101686062:101701086:clu_18798:ENSG00000185418.15",-0.00480759161909665,0.00446136158337484,0.281209462479465
"chr15:22577555:22579584:clu_16936:ENSG00000276550.4",0.0102587968531712,0.00502169350917117,0.0410627487771625
"chr15:22944939:22947003:clu_16957:ENSG00000273749.4",-0.00360829973681102,0.00427235422676547,0.398351288089519
"chr15:22717727:22727105:clu_16942:ENSG00000283273.1",-0.00098612236002906,0.00480505509686796,0.83739553673627
"chr15:22560935:22561258:clu_16930:ENSG00000276550.4",-0.000372537489930589,0.00652922952692764,0.954499882241208
"chr15:83122878:83124672:clu_18409:ENSG00000136404.15",-0.000124692573565122,0.00543726737292606,0.981703758064059
"chr15:44569505:44570525:clu_17487:ENSG00000104133.14",-0.00372867257138728,0.0062005590255453,0.547610501958112
"chr15:45139244:45139427:clu_17526:ENSG00000137857.17",0.00438798890390836,0.00522883048540174,0.401361984541517
"chr15:43492468:43493037:clu_17451:ENSG00000067369.13",0.00107659716468619,0.009664311123152,0.911299742154458
"chr15:43345980:43348907:clu_17432:ENSG00000168803.14",-0.0130669514834401,0.00684037856842258,0.0560988060950559
"chr15:43584532:43584799:clu_17456:ENSG00000168781.21",-0.0121373521118251,0.00554794800418615,0.0286900660035073
"chr15:42328119:42329306:clu_17364:ENSG00000214013.9",-0.0011621294126172,0.00525306315224035,0.824914203331614
"chr15:42529819:42545136:clu_17382:ENSG00000092531.9",0.0203636292407091,0.00658841128317397,0.00199600935025712
"chr15:50997883:50999072:clu_17638:ENSG00000081014.10",0.00231142778801664,0.00452685431425911,0.609628704289468
"chr15:89305242:89305341:clu_18530:ENSG00000140525.17",-0.00535923477387168,0.00383221002318654,0.161971660362567
"chr15:90935982:90936137:clu_18635:ENSG00000140553.17",-0.000922467118418255,0.00425725663214015,0.828456865587296
"chr15:90935982:90936285:clu_18635:ENSG00000140553.17",-0.0017441150288743,0.00432137624872762,0.686505596480797
"chr15:30484686:30489268:clu_17062:ENSG00000215302.8",-0.000406711154550369,0.00384887007451761,0.915843966348874
"chr15:99363265:99386030:clu_18737:ENSG00000168904.14",0.00835528587275814,0.00292161390348343,0.004238833558454
"chr15:83122003:83122757:clu_18409:ENSG00000136404.15",0.00187224227557639,0.00506163380746553,0.711465255506107
"chr15:101975992:101976133:clu_18807:ENSG00000185596.16",-0.0067201064754798,0.00542716535427282,0.215628911161557
"chr15:101271645:101272764:clu_18785:ENSG00000131871.14",0.00376340004733214,0.00360813815511132,0.296933922765905
"chr15:65455841:65456225:clu_17920:ENSG00000074603.18",-0.00548396607990319,0.00369376997214465,0.137635810376178
"chr15:65025228:65026831:clu_17900:ENSG00000103707.9",0.00541704293336968,0.00565748518346061,0.338314868801702
"chr15:66505391:66508841:clu_17951:ENSG00000174442.11",-0.00497472739527746,0.00397608085114774,0.210874817135274
"chr15:69035507:69035758:clu_18008:ENSG00000255346.9",-0.000995388494084639,0.003256851682393,0.759887097518049
"chr15:68787535:68787770:clu_18003:ENSG00000140350.15",0.00134328718123744,0.00347202688699206,0.698838774994839
"chr15:69440487:69444790:clu_18018:ENSG00000137807.13",-5.05887113290376e-06,0.00303393693375804,0.9986695856276
"chr15:68784595:68787413:clu_18003:ENSG00000140350.15",0.00130557524806095,0.00369015144589461,0.72348884122684
"chr15:101431463:101431990:clu_18791:ENSG00000140479.16",-0.00656709691892732,0.00277382866090293,0.0179077156955538
"chr15:82663295:82663560:clu_18383:ENSG00000103723.12",-0.001186157661912,0.00433494851415384,0.78437151223183
"chr15:82477582:82513666:clu_18379:ENSG00000255769.7",0.00365934670832612,0.00618984123081226,0.554395885402302
"chr15:82408367:82414601:clu_18367:ENSG00000259429.5",0.00898308331237694,0.00464323449867341,0.0530319458218286
"chr15:68364798:68369184:clu_17999:ENSG00000137809.16",-0.0101123001114913,0.0044385417418079,0.0227091059123858
"chr15:64947593:64949841:clu_17895:ENSG00000166839.16",0.0105311928993465,0.00401391192984226,0.00869872211405298
"chr15:65027040:65029405:clu_17901:ENSG00000103707.9",0.00509003411397872,0.00464603951100783,0.273269577802364
"chr15:65595825:65597448:clu_17929:ENSG00000138614.14",-0.0108419550692517,0.00491120936380717,0.0272726056074927
"chr15:78157631:78160092:clu_18287:ENSG00000166411.13",-0.00555553102876699,0.00352504082694184,0.115021443520569
"chr15:78288382:78288843:clu_18299:ENSG00000140395.8",-0.00482289755391227,0.00458435452155132,0.292783877774089
"chr15:34360209:34361400:clu_17126:ENSG00000176454.13",0.00546213986171385,0.00323256869626595,0.0910813051331324
"chr15:25117515:25118271:clu_17000:ENSG00000224078.13",0.000158982555623315,0.0034169910080474,0.962890164348843
"chr15:25000374:25001358:clu_16984:ENSG00000224078.13",0.00511946751581128,0.00364100733751432,0.159706900981673
"chr15:25085322:25086510:clu_16993:ENSG00000224078.13",0.00706376119671334,0.00327381404910173,0.0309546664060275
"chr15:25080079:25081091:clu_16991:ENSG00000224078.13",-0.00173056973213112,0.00318226452159893,0.586567368795696
"chr15:44338317:44379690:clu_17475:ENSG00000166734.18",0.0049961091414468,0.00446720958479628,0.26339792004801
"chr15:44551522:44554553:clu_17484:ENSG00000104131.12",-0.00594598936067888,0.00544172180090196,0.274540072112074
"chr15:45111955:45112554:clu_17516:ENSG00000140279.12",0.000345808644298935,0.00461297514489525,0.940243083356177
"chr15:45509010:45511138:clu_17544:ENSG00000104154.6",-0.0221272898156459,0.00662971691630908,0.000845077548663475
"chr15:82477926:82513666:clu_18379:ENSG00000255769.7",0.00730230749723039,0.00458090180929783,0.110918922481177
"chr15:82477298:82477394:clu_18378:ENSG00000255769.7",-0.0156786572565614,0.00397655146854355,8.0543406107858e-05
"chr15:89328831:89328943:clu_18541:ENSG00000140521.12",0.00817317458497749,0.00392279844618517,0.0372051140925689
"chr15:90221765:90221960:clu_18588:ENSG00000185033.14",0.00768642655656498,0.0035941313733821,0.0324676895752447
"chr15:89318037:89318541:clu_18532:ENSG00000140521.12",-0.00241295526387147,0.00434163672478404,0.578367494668724
"chr15:88472725:88475110:clu_18508:ENSG00000181991.15",-0.00471117064853267,0.00291130981597702,0.105612909247977
"chr15:88468024:88472627:clu_18508:ENSG00000181991.15",0.00447652684699179,0.00317476153183607,0.158529165208834
"chr15:88909923:88912124:clu_18521:ENSG00000140545.14",0.00497657192806288,0.00379166049880795,0.189349927721781
"chr15:89247731:89258704:clu_18528:ENSG00000140525.17",-0.000359509422227461,0.00338079234886847,0.915313543267037
"chr15:57992818:57992945:clu_17743:ENSG00000128918.14",0.000785291147988538,0.00324464050503843,0.808759113015881
"chr15:66293735:66294988:clu_17938:ENSG00000166938.12",0.00481285631945689,0.00313923989703899,0.125244340792273
"chr15:64741000:64741173:clu_17882:ENSG00000166831.8",0.0115034163264244,0.00635877037568306,0.0704412136516246
"chr15:66708738:66711668:clu_17954:ENSG00000137834.14",-0.0105546603835188,0.00412994560863157,0.0105992257296363
"chr15:66495419:66497490:clu_17948:ENSG00000174446.12",0.00839952773964747,0.00421327549952536,0.0461972986851007
"chr15:76292513:76311350:clu_18247:ENSG00000140374.15",0.00219146987184464,0.00502102803797967,0.662504174212173
"chr15:49588083:49611215:clu_17594:ENSG00000166262.15",0.00409966459932532,0.00538303938901408,0.446305229586109
"chr15:61945882:61946307:clu_17807:ENSG00000129003.15",-0.00235358756522705,0.00262624094198535,0.370156034170674
"chr15:63658718:63659736:clu_17844:ENSG00000103657.13",0.00199006196487182,0.00504258657605844,0.693100450644211
"chr15:62766422:62770964:clu_17809:ENSG00000171914.16",0.00176240508286138,0.0034353150715214,0.607933310109067
"chr15:65055274:65058427:clu_17902:ENSG00000103710.10",0.000417930004168758,0.00500046837094262,0.933391822648956
"chr15:65045744:65058427:clu_17902:ENSG00000103710.10",-0.00297318069550635,0.00670510476632229,0.657461633644965
"chr15:33859094:33864757:clu_17106:ENSG00000259287.2",-0.00784314482258347,0.00309386621259885,0.0112427202259733
"chr15:33835072:33837631:clu_17109:ENSG00000198838.13",0.00421532146164381,0.00289508894043703,0.145385748141654
"chr15:90266398:90271598:clu_18596:ENSG00000182768.8",0.0059210986683797,0.00327651711071406,0.0707417122286043
"chr15:22812253:22814083:clu_16948:ENSG00000170113.15",-0.00107282453413989,0.00404463931180885,0.79081993491115
"chr15:101657036:101657785:clu_18795:ENSG00000185418.15",-0.00402650005775586,0.00374121312533666,0.281813141353833
"chr15:100849910:100850211:clu_18763:ENSG00000232386.9",-0.00271257814053369,0.00233405478203038,0.245164731201099
"chr15:20453502:20453613:clu_16916:ENSG00000180229.12",-0.00577555188477284,0.0148215263267437,0.696778201761141
"chr15:20453502:20453620:clu_16916:ENSG00000180229.12",-0.00671624314365742,0.0133669224283348,0.61534928067265
"chr15:41845775:41845943:clu_17320:ENSG00000243708.10",0.00152325548992971,0.00434455796829106,0.725879222716316
"chr15:40836282:40844179:clu_17253:ENSG00000261183.5",0.00259175396021688,0.00489396487452735,0.59640202450977
"chr15:40854522:40854639:clu_17258:ENSG00000166145.14",0.00334482928796055,0.00520592282698062,0.520545612962512
"chr15:42726417:42727668:clu_17397:ENSG00000140326.12",-0.0184702807574153,0.00467939052321966,7.90852854718471e-05
"chr15:65020272:65021514:clu_17900:ENSG00000103707.9",-0.00243742540441688,0.0058141078309084,0.67505094264802
"chr15:65652808:65653830:clu_17933:ENSG00000074621.13",0.00388500080756563,0.00345898012526968,0.261367989589873
"chr15:52271844:52272580:clu_17669:ENSG00000128833.12",0.00872439185405623,0.00513349856585633,0.089224609658644
"chr15:55319413:55320275:clu_17688:ENSG00000069943.9",-0.000697808660044463,0.00352003394433476,0.842857930660217
"chr15:29742781:29761139:clu_17058:ENSG00000104067.16",0.00118998723344172,0.00455521112936184,0.79391016242872
"chr15:28612173:28629266:clu_17031:ENSG00000206149.10",0.00441735363982329,0.00388558764613823,0.255598487329052
"chr15:67766766:67769602:clu_17981:ENSG00000137764.19",0.010140042235788,0.00470432572919876,0.0311249199571749
"chr15:70057658:70058186:clu_18028:ENSG00000140332.15",0.000590391833700096,0.00377040141408129,0.87557118742174
"chr15:37094577:37095564:clu_17169:ENSG00000134138.19",0.00425992345032382,0.00319417963591826,0.182317995131964
"chr15:41358258:41365402:clu_17276:ENSG00000137804.12",0.00520061698247385,0.00412116117317346,0.206973970327844
"chr15:41845320:41845638:clu_17320:ENSG00000243708.10",-0.00526705130084735,0.00481383332801876,0.273889600366798
"chr15:41527605:41527860:clu_17288:ENSG00000103932.11",-0.000618895561519323,0.00440451105601361,0.888253874788704
"chr15:41847489:41847649:clu_17322:ENSG00000243708.10",-0.00499593006395684,0.00493710565867148,0.311578813659763
"chr15:43185607:43185820:clu_17424:ENSG00000166946.13",-0.0169750092255655,0.0078680094874737,0.0309689158034673
"chr15:60364523:60382342:clu_17787:ENSG00000182718.16",-0.00244999156125565,0.00322074575219156,0.446841790008665
"chr15:59650773:59652206:clu_17780:ENSG00000140307.10",-0.00866457008545543,0.00453322583266423,0.0559599323182017
"chr15:67519102:67521546:clu_17972:ENSG00000259673.5",0.00394994704076412,0.00369590485414035,0.285188587610286
"chr15:65652808:65654730:clu_17933:ENSG00000074621.13",0.00494423832244512,0.00385679591891635,0.199858477007203
"chr15:65676634:65690415:clu_17934:ENSG00000174485.15",0.00896350204564738,0.00329179236446295,0.0064694946768763
"chr15:70836505:70853889:clu_18038:ENSG00000166173.10",0.00321281558555641,0.00498843003722706,0.519540773255772
"chr15:70851720:70853889:clu_18038:ENSG00000166173.10",0.0084134413737345,0.00484113859472126,0.0822274670058997
"chr15:70094576:70095578:clu_18031:ENSG00000140332.15",0.00555785965590139,0.00443643914517832,0.210287634662514
"chr15:70679676:70682758:clu_18034:ENSG00000137831.14",-0.000301418864838275,0.00303253220071061,0.920824566982156
"chr15:72775097:72783246:clu_18106:ENSG00000159322.17",0.000409121363447335,0.00512375094249471,0.936358132447147
"chr15:72250092:72251207:clu_18075:ENSG00000137817.16",0.00361368511954602,0.00864442125740133,0.675920302969561
"chr15:34154684:34163560:clu_17117:ENSG00000134152.10",-0.00262006191487796,0.00301893340654244,0.38546184416068
"chr15:34407735:34435383:clu_17136:ENSG00000175265.17",-0.000597997204101958,0.00332028495727799,0.857070780040199
"chr15:34381613:34381701:clu_17131:ENSG00000175265.17",0.0054533198281783,0.00337495217903078,0.106132941442228
"chr15:80120498:80121712:clu_18327:ENSG00000086666.18",-0.00579632389226832,0.00385487655237682,0.132675602105831
"chr15:34934635:34938737:clu_17149:ENSG00000021776.10",-0.000301297312894553,0.00383913673660677,0.93744585308819
"chr15:36657905:36691685:clu_17158:ENSG00000186073.11",-4.09177644858895e-05,0.00326105448144183,0.989988883628882
"chr15:85209574:85209830:clu_18479:ENSG00000229212.7",0.000845995420797645,0.00417113513166369,0.839274639437397
"chr15:90999975:91000490:clu_18647:ENSG00000198901.13",0.00334141007556678,0.00317992008973345,0.293357672430043
"chr15:90999054:90999677:clu_18647:ENSG00000198901.13",-0.00306459824843361,0.00351155428617945,0.382816553378235
"chr15:90999054:90999677:clu_18647:ENSG00000184056.14",-0.00325511385288885,0.00350306999925453,0.352776393883457
"chr15:90999975:91000490:clu_18647:ENSG00000184056.14",0.00261814879221283,0.00325025813217056,0.420519516937722
"chr15:90185081:90217439:clu_18587:ENSG00000185033.14",0.0119279260335494,0.0047583014523275,0.0121842955541845
"chr15:88909923:88912428:clu_18521:ENSG00000140545.14",-0.00447151627961837,0.00388549801225597,0.249805505292836
"chr15:88629426:88630058:clu_18514:ENSG00000181026.14",-0.00115143806747258,0.00320389137223157,0.719305327968419
"chr15:88879269:88879411:clu_18517:ENSG00000140511.11",-0.00858200443829394,0.00336795801861527,0.01083012217642
"chr15:90482281:90482702:clu_18601:ENSG00000140575.12",-0.000953118529957693,0.00363551055982684,0.793191075362241
"chr15:91007964:91009801:clu_18652:ENSG00000184056.14",0.00395376553200212,0.00322337910775305,0.219976618527811
"chr15:89797722:89799260:clu_18572:ENSG00000166825.13",-3.93189999857599e-05,0.00436856596040132,0.992818787730121
"chr15:91005281:91005380:clu_18649:ENSG00000184056.14",0.00303848734684176,0.004512973369852,0.500770211970522
"chr15:25360527:25370566:clu_17009:ENSG00000114062.18",0.00842431560373973,0.00306127772642006,0.00592514719208925
"chr15:22569291:22572929:clu_16933:ENSG00000276550.4",-0.00224888715327899,0.0052288584399241,0.667129140842839
"chr15:22569291:22572910:clu_16933:ENSG00000276550.4",0.00306189475292131,0.00512759658027044,0.550413688583147
"chr15:45172002:45175219:clu_17531:ENSG00000259539.1",-0.0120481591776861,0.00445437289269343,0.00683468468516968
"chr15:45151248:45151874:clu_17536:ENSG00000137857.17",0.00588596999146638,0.00458767282628047,0.199493163896058
"chr15:90266398:90271188:clu_18596:ENSG00000182768.8",-0.0108584941837938,0.00333372036534238,0.00112528991048622
"chr15:75367645:75368073:clu_18216:ENSG00000140400.16",0.00518191601251869,0.00396106151309002,0.190800744591366
"chr15:74828121:74829118:clu_18174:ENSG00000213578.5",-0.00276481807386264,0.00774993797416618,0.721276294421457
"chr15:74182262:74182343:clu_18137:ENSG00000137868.18",0.00145053621221077,0.00520775032373197,0.780602368264627
"chr15:44403054:44413336:clu_17476:ENSG00000166734.18",-0.0128397213607951,0.00548616978524708,0.0192641344200005
"chr15:45139168:45139427:clu_17526:ENSG00000137857.17",0.00301606728945487,0.00519355284519941,0.561420447603686
"chr15:44729552:44731363:clu_17501:ENSG00000185880.12",-0.00133488325557554,0.00649268456483339,0.837104904497233
"chr15:45513963:45515769:clu_17541:ENSG00000179362.14",0.00673426015253284,0.00581437820848014,0.246779108524034
"chr15:45513963:45519420:clu_17541:ENSG00000179362.14",0.00315308509374954,0.00602902480610532,0.600985204723701
"chr15:45515892:45520291:clu_17541:ENSG00000179362.14",0.00393779232553999,0.00683785366488097,0.564695389662397
"chr15:47766182:47766616:clu_17556:ENSG00000137872.16",-0.00430505416060389,0.00442184317187905,0.330261067129104
"chr15:45407223:45410372:clu_17546:ENSG00000171763.18",-0.00530563329902351,0.00559422721696926,0.342919654931025
"chr15:49239367:49281987:clu_17583:ENSG00000156958.14",0.00205965641950992,0.00577767811311741,0.721477274995635
"chr15:75347110:75347203:clu_18202:ENSG00000140398.13",-0.00493938678486626,0.00523765751807764,0.345653975030542
"chr15:75959140:75961828:clu_18240:ENSG00000169752.16",-0.00311478062768177,0.00477585107470303,0.514276136534099
"chr15:76292513:76292619:clu_18247:ENSG00000140374.15",0.00514041242680906,0.00423354563749834,0.224667634958334
"chr15:78880579:78886141:clu_18311:ENSG00000185787.14",-0.00141214941303474,0.00435858880714676,0.745943828941526
"chr15:37098199:37099455:clu_17170:ENSG00000134138.19",0.00202569745462865,0.00330999194203629,0.54054127833657
"chr15:45069052:45072317:clu_17507:ENSG00000140263.13",0.0024188655503111,0.00427282808228087,0.571323007677002
"chr15:56704267:56707263:clu_17713:ENSG00000137871.19",-0.01725901686613,0.00543111550089796,0.00148395378901922
"chr15:32523213:32526813:clu_17088:ENSG00000223509.8",0.00400343785490803,0.00337453752550671,0.235477644237342
"chr15:76011286:76012319:clu_18242:ENSG00000169752.16",-0.00198434174561812,0.00443213526922478,0.654357542454076
"chr15:75883424:75890435:clu_18236:ENSG00000140367.11",0.0131915032735803,0.00584642376125353,0.0240495229119976
"chr15:75359438:75359620:clu_18214:ENSG00000140400.16",-0.0130470433268342,0.00386831804424796,0.000744093600754669
"chr15:75028453:75043441:clu_18193:ENSG00000138621.11",0.0118502153815648,0.0053576676207889,0.0269788596966462
"chr15:75347473:75348884:clu_18202:ENSG00000140398.13",0.00154996440489211,0.00373887414191216,0.678468590264577
"chr15:75359425:75359620:clu_18214:ENSG00000140400.16",0.00486497430529422,0.00648117716444613,0.452874591210644
"chr15:75897061:75899427:clu_18236:ENSG00000140367.11",-0.0138122815999332,0.005859596756013,0.0184129871476526
"chr15:78105934:78109235:clu_18284:ENSG00000136425.12",0.00295550785562504,0.00361039121166284,0.413008089403004
"chr15:89877424:89878265:clu_18580:ENSG00000157823.16",-0.00389852586052659,0.00379815296402633,0.304690467307009
"chr15:90954948:90955800:clu_18640:ENSG00000166965.12",0.00696923231080743,0.00344250916283166,0.0429225387349778
"chr15:90967202:90969524:clu_18646:ENSG00000198901.13",-0.00394466695444972,0.0031507052560384,0.210571717420649
"chr15:90868711:90875582:clu_18610:ENSG00000140564.11",-0.00467674523424446,0.0050187660551788,0.351413217810201
"chr15:25718399:25721657:clu_17014:ENSG00000206190.11",0.000442513794781787,0.00333511033106895,0.894443767703481
"chr15:83124776:83126755:clu_18410:ENSG00000136404.15",-0.00566031152953902,0.0038220555441246,0.1386172223154
"chr15:92995926:92996957:clu_18678:ENSG00000173575.20",-0.00444310691964431,0.00359757249430277,0.216819653508979
"chr15:63563008:63570433:clu_17832:ENSG00000140455.16",0.000821814260760597,0.00380355085840185,0.828937072142142
"chr15:63924861:63925941:clu_17853:ENSG00000035664.11",0.003172931733977,0.00421858822969549,0.451972176146371
"chr15:63286628:63302345:clu_17824:ENSG00000138613.13",-0.000500423892988411,0.00493969531348046,0.919307052081166
"chr15:63912197:63924816:clu_17853:ENSG00000035664.11",-0.00772789574498623,0.00483681781402705,0.110104606561717
"chr15:44514844:44519169:clu_17482:ENSG00000137770.13",-0.000761052559208731,0.00546261972503783,0.889197231449265
"chr15:70911598:70919050:clu_18041:ENSG00000137821.11",-0.00265908910053779,0.00353881903899277,0.452408481806378
"chr15:72353737:72355559:clu_18090:ENSG00000213614.9",0.00328514371109704,0.00533977985083257,0.538408903349613
"chr15:25083527:25087467:clu_16993:ENSG00000224078.13",-0.00439955024663966,0.00388794028737739,0.257807290120868
"chr15:25087599:25089614:clu_16994:ENSG00000224078.13",0.00105894880646042,0.00301890267237277,0.725758838666724
"chr15:25059718:25061306:clu_16988:ENSG00000224078.13",0.00374559442482928,0.00315626070779082,0.235338493765343
"chr15:24962209:24967932:clu_16982:ENSG00000128739.21",-0.000496538619688608,0.00418740569261047,0.905608858098729
"chr15:100862342:100864676:clu_18764:ENSG00000259604.5",-0.00435566743032904,0.00269451891757405,0.10598804932041
"chr15:100862342:100864676:clu_18764:ENSG00000232386.9",-0.00465833883447301,0.00266734281746401,0.0807355240301078
"chr15:42354453:42360075:clu_17367:ENSG00000092529.23",0.00588504700426081,0.00496508951887171,0.235904712607148
"chr15:42548965:42558198:clu_17385:ENSG00000137814.10",-0.00426500562961245,0.00557855674951236,0.444548087628112
"chr15:41837959:41840158:clu_17314:ENSG00000243708.10",-5.76635390585949e-05,0.00544967495656799,0.991557663641398
"chr15:43416416:43420305:clu_17446:ENSG00000067369.13",-0.00277069316405867,0.00636598596643679,0.663392628235514
"chr15:43054899:43056344:clu_17416:ENSG00000159459.11",-0.0101163648202495,0.00531808424141184,0.0571375189194472
"chr15:41837959:41840158:clu_17314:ENSG00000243789.10",0.00053367046641484,0.00542892625987346,0.921693052153639
"chr15:43135649:43148755:clu_17419:ENSG00000137842.6",0.00211762315304952,0.00688725403557609,0.758485747732646
"chr15:42726417:42727621:clu_17397:ENSG00000140326.12",0.00909065410051528,0.00474884056208505,0.0555832163201591
"chr15:41818582:41818823:clu_17305:ENSG00000137802.13",-0.00204383963314557,0.00606386259757969,0.736077375475254
"chr15:42169866:42173723:clu_17349:ENSG00000166887.15",-0.00542303770348787,0.00410509190361846,0.18648420219046
"chr15:42634972:42637907:clu_17386:ENSG00000159433.11",0.000908511260074063,0.0052042413904678,0.861416490201955
"chr15:43416416:43420618:clu_17446:ENSG00000067369.13",0.00262253234993343,0.00692368812294936,0.704853625571924
"chr15:42515354:42545136:clu_17382:ENSG00000092531.9",-0.00459916381806505,0.0052951064022125,0.385083066813388
"chr15:42178570:42184517:clu_17350:ENSG00000166887.15",0.00212716161317766,0.00465015570083356,0.64735568618834
"chr15:42217833:42218323:clu_17355:ENSG00000103978.15",-0.0103733033480067,0.00482042040227217,0.0314012981037648
"chr15:43047289:43048392:clu_17416:ENSG00000159459.11",-0.00120315219095793,0.00582514284336088,0.836365477326795
"chr15:42142714:42143332:clu_17337:ENSG00000168907.13",-0.00195996161997946,0.00479862173797488,0.682948751053746
"chr15:41835223:41835588:clu_17312:ENSG00000243789.10",-0.00766827852095266,0.00514674137410785,0.136242941603475
"chr15:41814739:41815259:clu_17302:ENSG00000137802.13",-0.00330284320161265,0.00340239471822013,0.331677393859168
"chr15:82664490:82664835:clu_18384:ENSG00000103723.12",-0.00471573964395904,0.00379963560974569,0.214567653844394
"chr15:81322540:81322899:clu_18353:ENSG00000172345.13",0.0025461055392732,0.0030754942475912,0.407744841575946
"chr15:82663975:82664367:clu_18384:ENSG00000103723.12",0.00300470391267331,0.00381618960783525,0.431072863264797
"chr15:82477123:82477203:clu_18378:ENSG00000255769.7",0.0142071602403864,0.00433468506080991,0.00104711052220763
"chr15:82477926:82484744:clu_18379:ENSG00000255769.7",0.00013515160778851,0.00351268782104896,0.969308749594843
"chr15:78160206:78161581:clu_18287:ENSG00000166411.13",0.000624596915190751,0.00340328772268601,0.854384136948038
"chr15:48157898:48157993:clu_17562:ENSG00000104177.17",-3.55717532004103e-05,0.00496678929106316,0.994285662551178
"chr15:48149371:48151473:clu_17560:ENSG00000104177.17",-0.00765303600863652,0.00416309170417092,0.0660173433887628
"chr15:52205147:52205816:clu_17662:ENSG00000128833.12",0.00366197463550155,0.0038550367916118,0.342153155852625
"chr15:52196483:52204865:clu_17662:ENSG00000128833.12",-0.00295174917101838,0.00400799460927633,0.461447544335852
"chr15:39807258:39919855:clu_17188:ENSG00000166073.10",0.00725538445804447,0.00397093126814448,0.0676811034183664
"chr15:43038232:43043215:clu_17415:ENSG00000159459.11",0.00290279196689722,0.00663861836963522,0.661923925958668
"chr15:45043421:45065271:clu_17506:ENSG00000140263.13",0.000464280265162326,0.00799488450288709,0.953691144765765
"chr15:43043395:43047161:clu_17415:ENSG00000159459.11",0.00647752845909171,0.00690959599452772,0.34851762959082
"chr15:45513963:45515773:clu_17541:ENSG00000179362.14",0.00290154651517378,0.00501315496884357,0.562733228341629
"chr15:64949972:64950954:clu_17895:ENSG00000166839.16",-0.00587074807168029,0.00563735700464056,0.297689573290901
"chr15:64942565:64943484:clu_17894:ENSG00000166839.16",-0.000599173386317904,0.00452934728903048,0.894757355600089
"chr15:65639703:65644427:clu_17931:ENSG00000074621.13",-0.000821289165760004,0.00379748415038834,0.828775800346512
"chr15:68787919:68789243:clu_18004:ENSG00000140350.15",0.0024522221178164,0.00495795545935932,0.620880031861995
"chr15:68787919:68820698:clu_18004:ENSG00000140350.15",-0.00261461948737898,0.00538723048758614,0.627437681604269
"chr15:74605733:74608277:clu_18157:ENSG00000179335.18",-0.00850059688565296,0.00585572911086766,0.146592880816493
"chr15:74906365:74906587:clu_18189:ENSG00000178761.14",0.0173602945127789,0.00465727012437091,0.000193335841330633
"chr15:75012805:75017870:clu_18192:ENSG00000198794.11",0.00939153022333333,0.00391994694095928,0.0165827362051606
"chr15:75023626:75043441:clu_18193:ENSG00000138621.11",-0.00788943087384862,0.00628428955968938,0.209325866534306
"chr15:74605733:74605957:clu_18157:ENSG00000179335.18",0.00121202747801732,0.00406956547626757,0.765835018418348
"chr15:80696019:80749513:clu_18336:ENSG00000136379.11",0.00117097928623834,0.00455263078459216,0.797017152721331
"chr15:40337446:40337767:clu_17214:ENSG00000188549.12",-0.0132325181808528,0.0038917302055515,0.00067345622405135
"chr15:40776292:40776542:clu_17242:ENSG00000104129.9",-0.016965564254952,0.00537692960634617,0.00160359904324159
"chr15:40776401:40776542:clu_17242:ENSG00000104129.9",0.0166844076486179,0.00540188928798447,0.00201085413442736
"chr15:45515892:45519420:clu_17541:ENSG00000179362.14",-0.0115877550196638,0.00427283850310926,0.00668872344607552
"chr15:56373504:56383952:clu_17704:ENSG00000151575.14",-0.014492709453135,0.00412687731548014,0.000445106467454659
"chr15:59067083:59075954:clu_17771:ENSG00000157450.15",-0.00246015187420766,0.00311828470211483,0.430144762217436
"chr15:59067083:59075957:clu_17771:ENSG00000157450.15",0.00606834313503867,0.003208264401962,0.0585613299183835
"chr15:61890400:61907264:clu_17805:ENSG00000129003.15",-0.00338850777574136,0.00313284412368284,0.279426959829145
"chr15:64951233:64957103:clu_17895:ENSG00000166839.16",0.000582411891570075,0.00586593076624066,0.920910234297509
"chr15:69440487:69440768:clu_18018:ENSG00000137807.13",0.00178021654914794,0.00327750931053728,0.587018679984031
"chr15:71738007:71745106:clu_18056:ENSG00000187720.14",0.000117971390405606,0.00330598479351935,0.971534176859602
"chr15:71547481:71660530:clu_18049:ENSG00000187720.14",-0.00667652310319717,0.00440744499780148,0.129815852031905
"chr15:71411823:71660530:clu_18049:ENSG00000187720.14",0.00468040589296572,0.0044002419253568,0.287478161239427
"chr15:72344140:72345446:clu_18087:ENSG00000213614.9",-0.00933840455053171,0.00629079947938979,0.137688429503726
"chr15:73274005:73274692:clu_18110:ENSG00000067141.16",0.00637482071193935,0.00581125349399196,0.272650747824673
"chr15:72320702:72345446:clu_18087:ENSG00000213614.9",0.0154522345055112,0.00603545275779606,0.0104598555893992
"chr15:74838504:74839010:clu_18177:ENSG00000140474.12",0.0118205137156184,0.00718047791997613,0.0997222750243479
"chr15:75347110:75347247:clu_18202:ENSG00000140398.13",0.00944183110673116,0.00506400215765777,0.0622515469586298
"chr15:74606415:74607976:clu_18157:ENSG00000179335.18",-0.00385494452687764,0.00422737451527229,0.361821149058398
"chr15:74625968:74627352:clu_18162:ENSG00000179335.18",-0.0100127989607996,0.00403969172957487,0.0131897389114456
"chr15:75354492:75354653:clu_18205:ENSG00000140398.13",0.0183661234715869,0.00582992737603684,0.00163092997578607
"chr15:74606415:74608277:clu_18157:ENSG00000179335.18",0.00136640037904305,0.00454050989872875,0.76346371914833
"chr15:77030581:77031180:clu_18266:ENSG00000140368.12",-0.00282202735852897,0.00625255645850947,0.651744689678287
"chr15:29701689:29704201:clu_17054:ENSG00000104067.16",0.00197871271843402,0.00558100207392903,0.722930977784556
"chr15:88465773:88467150:clu_18506:ENSG00000259494.1",0.0011075620528366,0.00416675602385843,0.790386163462636
"chr15:88465773:88511432:clu_18506:ENSG00000259494.1",-0.000455098394689103,0.00383837003471361,0.905619572191737
"chr15:89646026:89646830:clu_18556:ENSG00000166813.14",-0.00294955823740203,0.00323628402981905,0.362083193331164
"chr15:89646023:89646830:clu_18556:ENSG00000166813.14",0.00186117272602149,0.00326862764781166,0.569081365911682
"chr15:90912279:90912542:clu_18628:ENSG00000196547.14",-0.000418068587403959,0.00386096977098884,0.913773015752934
"chr15:90902975:90903231:clu_18622:ENSG00000196547.14",-0.00679408825947432,0.0036741799437259,0.0644370042442388
"chr15:90945063:90946614:clu_18638:ENSG00000140553.17",0.00289031989747233,0.00358559119425979,0.42018923792828
"chr15:90949443:90949654:clu_18639:ENSG00000140553.17",-0.00653301660123837,0.00383311490595819,0.0883134194298508
"chr15:90088747:90091553:clu_18584:ENSG00000182054.9",-0.000977096427039954,0.00419795789527838,0.815951521673624
"chr15:99235080:99241365:clu_18733:ENSG00000103852.12",-0.00564669267208218,0.00267319312837518,0.0346573005340979
"chr15:84632298:84633824:clu_18451:ENSG00000176700.19",-0.000518970441881794,0.00432463221888315,0.904480478084707
"chr15:22914882:22916477:clu_16953:ENSG00000273749.4",-0.000818563828166158,0.00593613812018872,0.890323393814763
"chr15:22851233:22851639:clu_16949:ENSG00000140157.14",-0.00565517045877109,0.00486835072814737,0.245390114379161
"chr15:74892802:74893138:clu_18185:ENSG00000178802.17",-0.0054104922918222,0.0040172362591345,0.178038359848687
"chr15:74813029:74813420:clu_18169:ENSG00000140506.16",-0.0131250374622412,0.00662307983167639,0.0475114718307497
"chr15:75362748:75364488:clu_18211:ENSG00000140400.16",0.00621834612662432,0.00816073126431652,0.446069591992689
"chr15:73563257:73569714:clu_18113:ENSG00000156642.16",-0.00302661576218632,0.00541676714575838,0.576332713405805
"chr15:65023794:65026831:clu_17900:ENSG00000103707.9",-0.000215660409579609,0.00590123008134837,0.970847803754495
"chr15:29709036:29710831:clu_17055:ENSG00000104067.16",-0.00361341449450015,0.00446067018608515,0.417905176497645
"chr15:70676591:70678099:clu_18033:ENSG00000137831.14",-0.00206072549556275,0.00337446108005381,0.541409564658622
"chr15:72755654:72756251:clu_18105:ENSG00000159322.17",0.00333917269889277,0.00622428287429659,0.591630249063668
"chr15:72253504:72253950:clu_18076:ENSG00000137817.16",-0.00301774064193252,0.00509228317351723,0.553441828868971
"chr15:72771845:72774872:clu_18106:ENSG00000159322.17",-0.0127942006268434,0.00441043332652021,0.00372099442522711
"chr15:75375872:75380629:clu_18217:ENSG00000169375.15",-0.00491680914014472,0.00586990891499328,0.402238793533352
"chr15:74838344:74838440:clu_18176:ENSG00000140474.12",-0.00498658300315181,0.00393123209984379,0.204636238286215
"chr15:75396496:75400040:clu_18220:ENSG00000169375.15",-0.0115200462506556,0.00690712366699212,0.0953455061523996
"chr15:76227866:76231333:clu_18245:ENSG00000140374.15",-0.0024098807540753,0.00702440812585317,0.731543972686945
"chr15:74890654:74891379:clu_18184:ENSG00000178802.17",-0.00403075423197296,0.00441146458208525,0.360874618010961
"chr15:75352796:75354250:clu_18204:ENSG00000140398.13",-0.00326623044747381,0.00712709490703894,0.646748731588475
"chr15:29719138:29720358:clu_17056:ENSG00000104067.16",0.00178229818534341,0.00536417647339097,0.73969337603379
"chr15:40729974:40731055:clu_17233:ENSG00000051180.16",-0.018392861656344,0.00413876469008545,8.82826180037544e-06
"chr15:40853627:40853711:clu_17257:ENSG00000166145.14",0.00212916436083096,0.00340229892940764,0.531445034608204
"chr15:40104340:40105795:clu_17199:ENSG00000104081.13",-0.00333151050655499,0.00421831425615569,0.429660377412123
"chr15:40738042:40738501:clu_17234:ENSG00000137824.15",0.0200612853105642,0.0041563450721381,1.38838367291783e-06
"chr15:30904590:30908118:clu_17069:ENSG00000198690.9",-0.00943742844760345,0.00513154722244544,0.0659004804388741
"chr15:30948471:30951968:clu_17079:ENSG00000166912.16",-0.00209727216193861,0.00415711537156371,0.613908801967187
"chr15:30920653:30922235:clu_17071:ENSG00000198690.9",-0.0141847658213354,0.00497662907235379,0.00436813224747978
"chr15:63061273:63062215:clu_17816:ENSG00000140416.19",0.0018275590745728,0.00713884858781623,0.797949340754439
"chr15:67203597:67204044:clu_17962:ENSG00000103591.12",0.000983891584109445,0.0051018270495899,0.847075793556121
"chr15:67202898:67203548:clu_17962:ENSG00000103591.12",-0.00238710533814004,0.00459152399672474,0.603137524127037
"chr15:71830311:71848845:clu_18065:ENSG00000066933.15",0.000116585880236651,0.00430256436430594,0.978382498475681
"chr15:80160459:80162246:clu_18329:ENSG00000103876.11",-6.42384550571868e-05,0.00309184338496723,0.983423745061646
"chr15:34225650:34227693:clu_17118:ENSG00000128463.12",-0.000289812362305272,0.00343303614956378,0.932723559936257
"chr15:34225658:34227693:clu_17118:ENSG00000128463.12",-5.58699724726654e-05,0.00360974713746165,0.987651210176983
"chr15:85575329:85578930:clu_18482:ENSG00000170776.21",0.00173933733929147,0.00356043382203183,0.62518271477188
"chr15:84601135:84603820:clu_18445:ENSG00000176371.13",-0.00774396027353496,0.00377044643574285,0.0399894708095829
"chr15:93002317:93004617:clu_18680:ENSG00000173575.20",-0.000155793335504071,0.00243031848853613,0.94888735162377
"chr15:96271798:96282832:clu_18704:ENSG00000247809.7",0.00210140649066356,0.0026050560359746,0.419859743280945
"chr15:88465773:88467150:clu_18506:ENSG00000140543.14",0.000580465195617118,0.00403542363766321,0.885624886490771
"chr15:88907376:88913247:clu_18521:ENSG00000140545.14",-0.00325103338844701,0.0042356486023601,0.442760006762408
"chr15:91007964:91009785:clu_18652:ENSG00000184056.14",-0.00552971041379161,0.00326821736506813,0.0906525876976852
"chr15:28215802:28218489:clu_17027:ENSG00000128731.15",0.00400964330966844,0.00483925580278156,0.407349976970059
"chr15:27851475:27871154:clu_17019:ENSG00000104044.15",0.000597458057024163,0.00337404863190864,0.859449852226542
"chr15:99113715:99126722:clu_18725:ENSG00000182253.14",-0.00481449578682758,0.00428458545494022,0.261149516854143
"chr15:84025436:84031335:clu_18421:ENSG00000156218.12",0.0111930851304389,0.0066270167368832,0.0912178724127249
"chr15:82414804:82415528:clu_18368:ENSG00000259429.5",-0.00208148130482949,0.00548419375785521,0.704285497818093
"chr15:82431949:82432817:clu_18371:ENSG00000197978.9",0.0105985769577272,0.00425663325623356,0.0127780240265982
"chr15:82664943:82665457:clu_18385:ENSG00000103723.12",0.0181403759409812,0.0066782305071075,0.00660071576690802
"chr15:40736594:40737124:clu_17231:ENSG00000137824.15",0.00253363997528794,0.00533667377567384,0.634957948588818
"chr15:63628815:63630466:clu_17840:ENSG00000103657.13",-0.00494037192248311,0.00491027304865679,0.314353146977502
"chr15:40838686:40844179:clu_17253:ENSG00000261183.5",-0.0101115355277695,0.00616291234854627,0.100858180491085
"chr15:40411691:40412991:clu_17220:ENSG00000128928.8",0.00108151451573456,0.00567677975625844,0.848905200847149
"chr15:40016672:40017108:clu_17192:ENSG00000128829.11",0.00115053089262451,0.00423540376845436,0.785894153317396
"chr15:40288918:40289272:clu_17206:ENSG00000137841.11",0.00240941258531212,0.00391924775846253,0.538710560680204
"chr15:42218375:42219581:clu_17353:ENSG00000103978.15",-0.00995602775321777,0.00497327671662294,0.0452949448820885
"chr15:41879864:41880160:clu_17330:ENSG00000137877.9",-0.0142041254085298,0.00507612928149061,0.00513851334462767
"chr15:42218378:42219581:clu_17353:ENSG00000103978.15",0.00996571537844555,0.00484901536119377,0.0398593126747888
"chr15:41567537:41568217:clu_17292:ENSG00000092445.11",-0.0124794703914942,0.0043553757724699,0.00416610664787065
"chr15:42389096:42392639:clu_17369:ENSG00000092529.23",-0.000233703144779959,0.00443053546529321,0.95793246715773
"chr15:42362910:42384483:clu_17367:ENSG00000092529.23",0.0100032898032595,0.00573733137730363,0.0812386323145579
"chr15:74819188:74819472:clu_18170:ENSG00000140506.16",-0.000729713850058085,0.00612133293711317,0.90511031078752
"chr15:74842674:74843004:clu_18180:ENSG00000140474.12",-0.00833997522128158,0.00460066858878255,0.0698665910335561
"chr15:73298611:73301321:clu_18112:ENSG00000067141.16",-0.0128558366317311,0.00514850299688636,0.0125247265749322
"chr15:74842195:74842280:clu_18179:ENSG00000140474.12",-0.00922416291989185,0.00429684750361158,0.0318149409483844
"chr15:75028453:75048553:clu_18193:ENSG00000138621.11",0.00826069702873617,0.00568150235896993,0.145956427235374
"chr15:74842118:74842280:clu_18179:ENSG00000140474.12",0.0105557292030027,0.00452937865507916,0.0197795972749716
"chr15:80979477:80981950:clu_18339:ENSG00000117899.10",0.00112677358269259,0.00325985091657617,0.729604355242689
"chr15:45172078:45175219:clu_17531:ENSG00000259539.1",-0.00514637741437188,0.00474362943831862,0.27796465595188
"chr15:45172078:45175219:clu_17531:ENSG00000138606.19",-0.00531960324379584,0.00522185607550613,0.308336458434229
"chr15:45106969:45107345:clu_17513:ENSG00000140279.12",-0.00313938101680657,0.00496222612185984,0.526958455384626
"chr15:45154000:45155802:clu_17537:ENSG00000137857.17",0.0115490253476693,0.00588496524998255,0.0497086281954285
"chr15:41438431:41457672:clu_17282:ENSG00000137815.14",0.00116531266676034,0.00503532434167527,0.816982681047852
"chr15:40337446:40337724:clu_17214:ENSG00000188549.12",0.0111110755166153,0.00395531273744837,0.00496721560224389
"chr15:22928028:22932223:clu_16955:ENSG00000273749.4",0.000776021309186722,0.00435443245016625,0.85855482793061
"chr15:22851870:22853212:clu_16950:ENSG00000140157.14",-0.00610506462914574,0.00476889147211317,0.200479984219653
"chr15:22587391:22587496:clu_16936:ENSG00000276550.4",-0.000742255303824311,0.00692961324983986,0.914698917301134
"chr15:50449485:50459000:clu_17615:ENSG00000138592.13",-0.00104634976088216,0.00470410252715289,0.823976473537778
"chr15:84204331:84204426:clu_18426:ENSG00000225151.10",-0.0047863174876867,0.00477887148140629,0.31655706140312
"chr15:22556204:22556910:clu_16928:ENSG00000276550.4",-0.00148970722295983,0.00554665266100772,0.788254673579427
"chr15:22564532:22569149:clu_16932:ENSG00000276550.4",-0.00462246957950799,0.00665718224156705,0.487457553458468
"chr15:23310297:23310803:clu_16969:ENSG00000274471.1",0.000625497768398356,0.00418679893226573,0.881239894804021
"chr15:22557092:22559789:clu_16929:ENSG00000276550.4",0.00283710897042003,0.00763009704867372,0.710018451450475
"chr15:22566362:22569149:clu_16932:ENSG00000276550.4",0.000485383839935097,0.00557762532454456,0.930652923516506
"chr15:23310297:23310837:clu_16969:ENSG00000274471.1",-0.000146709077368608,0.00405164717452783,0.971115122322595
"chr15:40569943:40571604:clu_17229:ENSG00000166133.17",0.010659341472592,0.00568519838772431,0.0608025367332364
"chr15:40775596:40776190:clu_17241:ENSG00000104129.9",0.00374741962157905,0.00435604601724294,0.38963467009987
"chr15:38868158:38868329:clu_17177:ENSG00000259345.5",-0.00148839872697959,0.00321230586200588,0.643118686481905
"chr15:51450346:51455151:clu_17645:ENSG00000104093.13",0.0184829659564042,0.00604349206368211,0.00222577658585876
"chr15:51724991:51737350:clu_17650:ENSG00000140280.13",-0.00427575950033554,0.0050055686431294,0.392993877144899
"chr15:51464876:51465566:clu_17646:ENSG00000104093.13",0.00234639734375981,0.00396984169258651,0.554483137445189
"chr15:51463496:51464675:clu_17646:ENSG00000104093.13",-0.00535910925460602,0.00441762131878792,0.225083556765757
"chr15:40291487:40291849:clu_17209:ENSG00000137841.11",-0.00404870209465832,0.00418198010608698,0.332979246551124
"chr15:52232685:52235670:clu_17665:ENSG00000128833.12",-0.00060805633731286,0.0035719386616821,0.86482811042693
"chr15:68054350:68086306:clu_17983:ENSG00000033800.13",-0.0136811584343081,0.00457945880664679,0.00281264221377597
"chr15:42219642:42220062:clu_17356:ENSG00000103978.15",-0.00609633809494968,0.00625466974372036,0.329716114044025
"chr15:41864024:41865808:clu_17327:ENSG00000137877.9",0.00434524528854393,0.00539148019079364,0.420273623023283
"chr15:52330499:52336463:clu_17671:ENSG00000197535.14",-0.00173213176463848,0.00452563801505376,0.701914343702325
"chr15:42730764:42730963:clu_17400:ENSG00000140326.12",0.00631427739919168,0.00538826731927135,0.241254576020499
"chr15:42231260:42233213:clu_17354:ENSG00000103978.15",0.00443058642382978,0.00544909934233934,0.416168748840672
"chr15:41841273:41841517:clu_17316:ENSG00000243708.10",-0.00561477577607006,0.00599252102821063,0.348777136026081
"chr15:41841571:41841819:clu_17316:ENSG00000243708.10",-0.00501431518454058,0.00587664953598882,0.393514646110809
"chr15:42730764:42730925:clu_17400:ENSG00000140326.12",-0.00763835934354366,0.00497546727673033,0.12473362352712
"chr15:42281133:42283611:clu_17361:ENSG00000214013.9",0.00764809628506099,0.00577769713784758,0.18559357931404
"chr15:42352124:42354340:clu_17367:ENSG00000092529.23",-0.00814311142308143,0.00524299446332554,0.120389372765875
"chr15:42448705:42449771:clu_17381:ENSG00000103994.16",-0.00746601123706246,0.0040788083999297,0.0671842739647304
"chr15:42310846:42321785:clu_17363:ENSG00000214013.9",0.00373676727317526,0.00564261342929138,0.507817087099153
"chr15:42439813:42442073:clu_17379:ENSG00000103994.16",-0.00212795290071991,0.004977867166582,0.669027665527912
"chr15:42409995:42410428:clu_17375:ENSG00000092529.23",-0.0129010898874913,0.00446319169676727,0.00384565299697359
"chr15:42718514:42718752:clu_17393:ENSG00000159433.11",-0.00515080753419537,0.00525477893669388,0.326980527808652
"chr15:43002704:43003837:clu_17411:ENSG00000159459.11",-0.000776363305541302,0.00667642268946531,0.907427208206308
"chr15:42272123:42272889:clu_17359:ENSG00000103978.15",-0.0084109160287706,0.00615019771316411,0.171442121805142
"chr15:42725670:42726097:clu_17396:ENSG00000140326.12",-0.00536461811542891,0.00490019737170899,0.273614815739083
"chr15:42681612:42681753:clu_17390:ENSG00000159433.11",0.00936327714061357,0.00608064702219391,0.123597208659734
"chr15:41529979:41531023:clu_17290:ENSG00000103932.11",0.00929949794961474,0.00385712069350018,0.0159090750985907
"chr15:41531202:41534714:clu_17290:ENSG00000103932.11",-0.0148814640209732,0.00428220158597626,0.000510491688379244
"chr15:41256990:41262756:clu_17271:ENSG00000187446.11",0.0175428486324108,0.00493760537920821,0.000381000332023373
"chr15:43138619:43146493:clu_17419:ENSG00000137842.6",0.0247624723097145,0.0112992314818961,0.0284143085920041
"chr15:42145903:42146127:clu_17338:ENSG00000168907.13",0.00363882005847136,0.0054208009497356,0.502048659336748
"chr15:43149151:43151790:clu_17420:ENSG00000137842.6",0.0124639177561151,0.00563472532168126,0.0269678256653755
"chr15:43148879:43149029:clu_17420:ENSG00000137842.6",-0.017011485023453,0.00533891107099456,0.00144094571043485
"chr15:43146634:43148755:clu_17419:ENSG00000137842.6",-0.0134385829626257,0.0083492472146795,0.107494767712394
"chr15:43335170:43335696:clu_17430:ENSG00000168803.14",-0.00671338727345884,0.00853438962718913,0.431499839708395
"chr15:43376226:43376503:clu_17437:ENSG00000137822.12",-0.00744055505290315,0.00807829664208863,0.357021742479439
"chr15:68211318:68211556:clu_17988:ENSG00000128973.12",-0.0125690551919202,0.00576277734498299,0.0291777978195431
"chr15:69055500:69056565:clu_18011:ENSG00000255346.9",0.00222174246182476,0.00338198708424661,0.511223324998815
"chr15:68350782:68351258:clu_17998:ENSG00000137809.16",0.0021174200311126,0.00368965903088556,0.566049281837236
"chr15:68303885:68307348:clu_17990:ENSG00000137809.16",0.00177326163661407,0.00431613122200414,0.681186074241992
"chr15:68788192:68789243:clu_18004:ENSG00000140350.15",0.0030690789703157,0.00455065031593965,0.500040226952023
"chr15:55430779:55432497:clu_17695:ENSG00000256061.7",0.0100399653241806,0.00457803087328424,0.0283019717012705
"chr15:69677640:69684297:clu_18026:ENSG00000259641.5",-0.00397439058584913,0.00321942276097428,0.217015121300819
"chr15:69441079:69444790:clu_18018:ENSG00000137807.13",-0.00418415216598144,0.00311002125265797,0.178503404404976
"chr15:42297656:42306546:clu_17362:ENSG00000214013.9",0.00976129356223544,0.00495509140519967,0.0488438410256404
"chr15:42694342:42694528:clu_17391:ENSG00000159433.11",-0.00623262598718398,0.00488034217861834,0.20157121311544
"chr15:42736078:42736302:clu_17405:ENSG00000140326.12",0.00747932767559801,0.00621149212732806,0.228546574438968
"chr15:42736081:42736302:clu_17405:ENSG00000140326.12",-0.0105565279958353,0.00552379691811982,0.0559917380130545
"chr15:42292917:42297611:clu_17362:ENSG00000214013.9",-0.00653505581784496,0.00631835479247438,0.300997308512139
"chr15:55372044:55376949:clu_17693:ENSG00000260916.7",0.00945111219228338,0.00454243644308694,0.0374681355253635
"chr15:42720554:42724538:clu_17394:ENSG00000140326.12",0.00957921117319361,0.00529252089958814,0.0703031612126949
"chr15:42681612:42682104:clu_17390:ENSG00000159433.11",-0.00169395745476959,0.00518278254154936,0.743786450674705
"chr15:42725670:42726310:clu_17396:ENSG00000140326.12",0.00936013871972444,0.00736963555736926,0.204050722554751
"chr15:55234956:55237316:clu_17686:ENSG00000069974.15",0.0111138723237381,0.00422242910862874,0.00848578958301549
"chr15:50726126:50726216:clu_17631:ENSG00000138600.9",-0.0125575852639988,0.00446570782419763,0.00492339938995245
"chr15:69037210:69038857:clu_18009:ENSG00000255346.9",-0.00297654262897871,0.00359508956015671,0.407700671392913
"chr15:69047911:69048959:clu_18010:ENSG00000255346.9",0.000245199263744628,0.00368306669690805,0.946920243575664
"chr15:69049058:69055334:clu_18010:ENSG00000255346.9",0.00016908051833663,0.00439258090855877,0.969295174960201
"chr15:57251423:57252421:clu_17722:ENSG00000140262.17",0.00519820636474264,0.00392211232990275,0.18505215196726
"chr15:56693215:56700933:clu_17712:ENSG00000137871.19",-0.000198394015758688,0.00367474696320031,0.956944339702717
"chr15:56701238:56704121:clu_17712:ENSG00000137871.19",-0.00192494387807977,0.00397157631324864,0.627903307329122
"chr15:36950400:37036814:clu_17168:ENSG00000134138.19",-0.00339083497675638,0.00314551989317721,0.281038788181182
"chr15:57675068:57684402:clu_17739:ENSG00000263155.5",-0.00913139210905852,0.00311517449301751,0.00337588108994358
"chr15:57376567:57402661:clu_17727:ENSG00000128849.10",-0.0129884099809712,0.00262316521152585,7.36714100391112e-07
"chr15:57518497:57523489:clu_17732:ENSG00000128849.10",-0.00110695190603552,0.00337590224252365,0.74298871598463
"chr15:56707306:56733458:clu_17714:ENSG00000137871.19",-0.010098822892024,0.00359899303353416,0.00501585971732055
"chr15:70851720:70853347:clu_18038:ENSG00000166173.10",-0.00392274400329468,0.00375588379462915,0.296288177673942
"chr15:71893177:71893679:clu_18066:ENSG00000066933.15",-0.0073705438899927,0.00389778172514382,0.0586298703686461
"chr15:71888116:71892965:clu_18066:ENSG00000066933.15",0.00412313864364584,0.00352725712517586,0.242429325420482
"chr15:71660734:71687399:clu_18055:ENSG00000187720.14",0.0122676637953977,0.00434859285570538,0.0047864479723696
"chr15:72290018:72290127:clu_18084:ENSG00000140488.15",-0.000224103436662207,0.00461057454173928,0.961232968451884
"chr15:71938927:71959901:clu_18067:ENSG00000066933.15",0.00169222901156228,0.00483768141626686,0.726487549803999
"chr15:57639545:57674968:clu_17739:ENSG00000263155.5",-0.00225546732068242,0.00453362244082481,0.618838033665117
"chr15:71256715:71411687:clu_18048:ENSG00000187720.14",-0.0041491415572111,0.0043585593043526,0.341121056926045
"chr15:59081284:59084102:clu_17772:ENSG00000157450.15",0.000376288493123471,0.00351571160767575,0.914764755720024
"chr15:59081284:59084129:clu_17772:ENSG00000157450.15",-0.005096581304988,0.00329242704467228,0.121629299247493
"chr15:58883786:58886975:clu_17759:ENSG00000137776.16",-0.00155430406756784,0.00422644091674156,0.713054287054304
"chr15:58831916:58847297:clu_17757:ENSG00000128923.10",0.0112035824012463,0.00422957822473513,0.00807625475464713
"chr15:45111277:45111384:clu_17515:ENSG00000140279.12",0.00229975041415646,0.00503659587058076,0.647952764228157
"chr15:45111585:45111768:clu_17515:ENSG00000140279.12",0.00413654136149273,0.00485741728354151,0.394440162736241
"chr15:45120805:45122185:clu_17521:ENSG00000140254.12",-0.00327020693279378,0.00710916442236062,0.645517099051739
"chr15:43745167:43746214:clu_17462:ENSG00000205771.6",-0.0118497881484652,0.0055540893715094,0.0328816886508838
"chr15:44537427:44538572:clu_17484:ENSG00000104131.12",-0.00820433147671214,0.00650227046486286,0.207033681804476
"chr15:43647118:43647294:clu_17460:ENSG00000249839.1",-0.00304745644619284,0.00762700040259244,0.689479447999011
"chr15:43647118:43647294:clu_17460:ENSG00000166762.16",-0.00304745644619284,0.00762700040259244,0.689479447999011
"chr15:43793083:43793687:clu_17469:ENSG00000140264.19",0.0234472757155998,0.0179728169145504,0.192030248975185
"chr15:43793083:43793710:clu_17469:ENSG00000140264.19",-0.0186862565561245,0.017868373786133,0.295666012655614
"chr15:43441583:43446387:clu_17449:ENSG00000067369.13",-0.00203600858101244,0.00709614708944266,0.774175512280813
"chr15:43640496:43647050:clu_17460:ENSG00000249839.1",-0.0110100821166746,0.00825313145891892,0.182187784572831
"chr15:43428168:43438324:clu_17448:ENSG00000067369.13",0.00576986101960341,0.00573003959035583,0.313958999240058
"chr15:43640496:43647050:clu_17460:ENSG00000166762.16",-0.0110100821166746,0.00825313145891892,0.182187784572831
"chr15:45129615:45129852:clu_17517:ENSG00000140254.12",-0.0127912596969745,0.0103392265987424,0.21602833024498
"chr15:43539583:43558795:clu_17453:ENSG00000168781.21",-0.00246795113155243,0.00571111687561603,0.665646143290131
"chr15:43535476:43539470:clu_17453:ENSG00000168781.21",0.00162231557669568,0.00563310485716914,0.773349269197966
"chr15:43745167:43746048:clu_17462:ENSG00000205771.6",0.00789149297520572,0.00488355355395749,0.106108904776347
"chr15:44570658:44572683:clu_17488:ENSG00000104133.14",0.000584036519398016,0.00499647788116542,0.906947505004898
"chr15:43639028:43639643:clu_17461:ENSG00000166762.16",0.00895928174526022,0.00547465909868293,0.101734904333006
"chr15:73178427:73236287:clu_18108:ENSG00000067141.16",-0.00538746031705787,0.00436966156489845,0.217604145795075
"chr15:72265171:72265270:clu_18079:ENSG00000137817.16",-0.0159063655033074,0.00648654757612606,0.0141982462972419
"chr15:72265171:72265413:clu_18079:ENSG00000137817.16",0.0144068285644827,0.00623601374042977,0.0208736268557461
"chr15:45108952:45109524:clu_17514:ENSG00000140279.12",-0.00815702533344134,0.00437148072474025,0.0620464127793876
"chr15:45168133:45175219:clu_17531:ENSG00000259539.1",0.00757608493991872,0.00466104820437461,0.104076570663686
"chr15:45172002:45172147:clu_17531:ENSG00000138606.19",0.00587617645889234,0.00460348549728743,0.201792086153925
"chr15:45172002:45172147:clu_17531:ENSG00000259539.1",0.00587617645889234,0.00460348549728743,0.201792086153925
"chr15:45120320:45120592:clu_17520:ENSG00000140254.12",-0.00545912402414401,0.00476425582445629,0.251857093399312
"chr15:44674230:44675486:clu_17499:ENSG00000229474.6",-0.00423466216028572,0.00428385722154361,0.322899916126437
"chr15:45168133:45175219:clu_17531:ENSG00000138606.19",0.00697512773101129,0.00477228785860343,0.143853623929285
"chr15:45507312:45511138:clu_17544:ENSG00000104154.6",-0.00984426867520699,0.00482746046318949,0.0414277709081068
"chr15:45362221:45363900:clu_17545:ENSG00000171766.15",-0.00316507366432268,0.00555267741097187,0.568671891180912
"chr15:45587525:45603100:clu_17552:ENSG00000104164.10",0.00775314195611698,0.00498507916118131,0.119881879870543
"chr15:45486745:45487527:clu_17543:ENSG00000104154.6",-0.0063027923656108,0.00636262645230219,0.321882887638873
"chr15:60431984:60436143:clu_17790:ENSG00000128915.11",-0.00309191200901112,0.00317024979885708,0.329416572925927
"chr15:75473767:75479848:clu_18224:ENSG00000169410.9",-0.00241207840174404,0.00591028586727746,0.683188989081285
"chr15:74819188:74820044:clu_18170:ENSG00000140506.16",-0.00407980870727147,0.00478958025589265,0.394319978304446
"chr15:75339104:75339264:clu_18199:ENSG00000140365.15",-0.00525383671285977,0.00406800391294592,0.196529532283779
"chr15:77035563:77035811:clu_18269:ENSG00000140368.12",-0.0327349051314824,0.00622703439588742,1.46502896702927e-07
"chr15:75339104:75339208:clu_18199:ENSG00000140365.15",0.00109889659390781,0.00442813514533974,0.804008765930077
"chr15:75362453:75363999:clu_18211:ENSG00000140400.16",0.00214062710743045,0.00596884498753161,0.719869365234232
"chr15:75621056:75626239:clu_18228:ENSG00000169371.13",-0.00518691833432233,0.00471945097372623,0.271745726686661
"chr15:77286504:77365163:clu_18272:ENSG00000173517.10",-0.00372504024580006,0.00401401680722544,0.353403350504434
"chr15:77285078:77286423:clu_18271:ENSG00000173517.10",0.00858435099181219,0.00535147165040736,0.10868973379077
"chr15:77056255:77070892:clu_18270:ENSG00000140391.14",-0.00381942571053637,0.00407655002423318,0.348796623691229
"chr15:48153893:48157993:clu_17562:ENSG00000104177.17",0.000654095822020715,0.00514366047930022,0.898809462160345
"chr15:49161861:49201162:clu_17581:ENSG00000156958.14",-0.00986614663536957,0.00364817073087173,0.00684259593541536
"chr15:48464021:48465568:clu_17570:ENSG00000166147.13",-0.00872849398296388,0.00730472130041813,0.232121689699009
"chr15:48336090:48340145:clu_17566:ENSG00000128951.13",0.00643500825629618,0.00648134735501159,0.320782868642284
"chr15:63504830:63529014:clu_17828:ENSG00000140455.16",-0.00338883160313651,0.00475168159750035,0.475730823053628
"chr15:48744992:48748443:clu_17575:ENSG00000103995.13",-0.000604211792915008,0.0042380489441121,0.886631067595455
"chr15:49137458:49139528:clu_17580:ENSG00000166200.14",-0.00238891326255763,0.00574036402825476,0.677292498088223
"chr15:49137437:49139528:clu_17580:ENSG00000166200.14",-0.00053038829602659,0.00600835198406953,0.929657972943686
"chr15:49017628:49027365:clu_17578:ENSG00000138593.8",-0.000477572558694416,0.00506204393151233,0.924836042238548
"chr15:49318192:49319604:clu_17584:ENSG00000156958.14",-0.00961281696688703,0.00531411560298297,0.0704632289805271
"chr15:49292537:49318972:clu_17584:ENSG00000156958.14",-0.00506661006410014,0.00496191131450544,0.307206831986818
"chr15:49634794:49637285:clu_17598:ENSG00000104047.14",0.00172776189450577,0.00367956817515103,0.638672542430495
"chr15:49134108:49134340:clu_17579:ENSG00000166200.14",-0.00810090791171627,0.0043099052140116,0.0601622945595927
"chr15:48415767:48420687:clu_17568:ENSG00000166147.13",-0.00132568098920793,0.00625778927798193,0.832228007674183
"chr15:64366075:64376743:clu_17870:ENSG00000166803.11",0.00689785824684615,0.00500921530632587,0.16850183146861
"chr15:64409828:64414085:clu_17875:ENSG00000103671.9",-0.0107189936180906,0.00483446724137794,0.0266092460370511
"chr15:49217313:49225205:clu_17582:ENSG00000156958.14",-0.0191742932843882,0.00483945338108547,7.43001597361959e-05
"chr15:78759578:78762403:clu_18307:ENSG00000136378.14",-0.00530423072165577,0.00322233559157784,0.0997467432191839
"chr15:50303123:50303966:clu_17610:ENSG00000104064.16",-0.00637935828761365,0.00394980329795732,0.106287342652079
"chr15:50301368:50302929:clu_17610:ENSG00000104064.16",0.00936488377012094,0.00425632606716366,0.0277907896451766
"chr15:49623798:49625113:clu_17596:ENSG00000104047.14",-3.64968101589546e-05,0.00571461275274782,0.994904284044363
"chr15:49577664:49588016:clu_17592:ENSG00000166262.15",-0.0068400750312311,0.00504525226073738,0.175180347475723
"chr15:49633612:49634536:clu_17597:ENSG00000104047.14",0.0082996339595258,0.00487201158274359,0.088468312082099
"chr15:50731039:50732603:clu_17632:ENSG00000138600.9",0.00646403650488354,0.00521478884483518,0.215138691167262
"chr15:50432499:50439009:clu_17613:ENSG00000138592.13",0.0115632104122978,0.0047218313468332,0.0143300165147552
"chr15:49632302:49634536:clu_17597:ENSG00000104047.14",0.00139338213821137,0.00540689371646638,0.796634787822027
"chr15:49576845:49577172:clu_17593:ENSG00000166262.15",0.0109292549285511,0.00463060322735264,0.0182639663612281
"chr15:50599296:50604866:clu_17627:ENSG00000092439.13",-0.00623318186272478,0.00500476690550521,0.212966756722142
"chr15:49576845:49577629:clu_17593:ENSG00000166262.15",-0.0100290537560362,0.00482108884110504,0.0375029183512856
"chr15:50749746:50765468:clu_17634:ENSG00000138600.9",-0.010007652490602,0.00761448857110883,0.188748352599255
"chr15:50439177:50441349:clu_17614:ENSG00000138592.13",9.44321398843984e-05,0.00637448415002567,0.988180503879516
"chr15:50731039:50736101:clu_17632:ENSG00000138600.9",0.00733017503472925,0.00473386379640416,0.121512789574492
"chr15:50561808:50569887:clu_17621:ENSG00000170236.14",0.0137782591742417,0.00566025132456184,0.0149241966968209
"chr15:50561808:50569887:clu_17621:ENSG00000092439.13",0.0131510470035483,0.00564879068752696,0.0199058789277607
"chr15:50707874:50722124:clu_17630:ENSG00000138600.9",0.00118980982313822,0.00590843857611796,0.840405625918848
"chr15:49588083:49589776:clu_17594:ENSG00000166262.15",0.00633725293187601,0.00574849762212337,0.270279560252042
"chr15:49292537:49318111:clu_17584:ENSG00000156958.14",-0.0019324862135476,0.00417387122271733,0.643367142737747
"chr15:50309798:50346372:clu_17611:ENSG00000104064.16",-0.000437411292193689,0.00552111108281534,0.936853477484459
"chr15:80181159:80186130:clu_18333:ENSG00000103876.11",-0.00278449530846335,0.0038052744384029,0.464323460194367
"chr15:66485191:66487228:clu_17947:ENSG00000169032.9",0.00191755646248479,0.00371604854839855,0.605840235712812
"chr15:64820019:64820982:clu_17885:ENSG00000140451.12",0.00670627053600374,0.00463149637969626,0.147625276447907
"chr15:65485160:65487690:clu_17922:ENSG00000074603.18",-0.0020355203756963,0.00391997437250911,0.603573309666629
"chr15:50243244:50248245:clu_17604:ENSG00000140287.10",-0.00188500414511099,0.00603668669512807,0.754844402160908
"chr15:64944747:64947404:clu_17894:ENSG00000166839.16",-0.00389995792041917,0.00420607132639078,0.353811769683032
"chr15:52269860:52271763:clu_17669:ENSG00000128833.12",-0.00315110283679196,0.00445106572557387,0.478980374248249
"chr15:23310974:23311360:clu_16970:ENSG00000274471.1",-0.000896271989787951,0.00353229305817459,0.799699065412618
"chr15:22724225:22727105:clu_16942:ENSG00000283273.1",-0.00250832499321941,0.0067801805204441,0.711420052218575
"chr15:22727227:22730461:clu_16943:ENSG00000275325.4",-0.00207374123928043,0.00423766414037046,0.624587197837523
"chr15:22932340:22933802:clu_16955:ENSG00000273749.4",-0.0021360730336516,0.00436078802928762,0.624249618266467
"chr15:22839790:22851639:clu_16949:ENSG00000140157.14",0.00605634727273894,0.00440515551973226,0.169183640484594
"chr15:22851870:22858540:clu_16950:ENSG00000140157.14",0.00397922325824924,0.00547323070061412,0.467205301453911
"chr15:22838947:22839655:clu_16949:ENSG00000140157.14",0.00109206769322234,0.00657637364773152,0.868110320523642
"chr15:23024193:23024737:clu_16963:ENSG00000275835.4",0.00568799695075902,0.00360938959720396,0.115051412797401
"chr15:25695146:25701916:clu_17012:ENSG00000206190.11",-0.00570335092125359,0.00285216891781571,0.0455376409967118
"chr15:28655420:28655796:clu_17036:ENSG00000206149.10",-0.00876086961805135,0.00559721924289651,0.117531747531367
"chr15:28618655:28629266:clu_17031:ENSG00000206149.10",0.00610228976874942,0.0036489686417174,0.0944587247798573
"chr15:28651555:28654274:clu_17035:ENSG00000206149.10",0.00537074896699887,0.00374620336556087,0.151671823477126
"chr15:28651587:28654274:clu_17035:ENSG00000206149.10",-0.00413065979734945,0.00372112024931777,0.266973976751327
"chr15:30544660:30545812:clu_17063:ENSG00000260693.1",0.00574302426427891,0.00427603807074311,0.179248868488174
"chr15:30961073:30967920:clu_17081:ENSG00000166912.16",0.00272276884564557,0.00368702009697279,0.460226400674941
"chr15:30484686:30493589:clu_17062:ENSG00000215302.8",-0.000220336468372567,0.00468987633059526,0.962528134647646
"chr15:32523213:32524471:clu_17088:ENSG00000223509.8",-0.00429359139211112,0.00342869875995327,0.210478423854395
"chr15:32576000:32579708:clu_17091:ENSG00000261064.1",-0.00871871420769787,0.0033199354945163,0.00863517386023105
"chr15:34153069:34154644:clu_17116:ENSG00000134152.10",-0.00534003759393423,0.00258312201403396,0.0387077369831681
"chr15:32679915:32684560:clu_17096:ENSG00000166922.8",0.00223174670176806,0.00356384186267296,0.531171083079287
"chr15:32537006:32575571:clu_17090:ENSG00000261064.1",-0.00409729539037895,0.00343975012827141,0.233590479302276
"chr15:34360209:34360754:clu_17126:ENSG00000176454.13",0.00517535554835759,0.00361842681162418,0.152637303085791
"chr15:34363456:34363661:clu_17128:ENSG00000176454.13",0.00236418666832922,0.00292522644038013,0.418971786322935
"chr15:34363719:34364013:clu_17128:ENSG00000176454.13",-0.00166951438985001,0.00311188805569272,0.591616044892809
"chr15:34932434:34934571:clu_17149:ENSG00000021776.10",-0.00240035880753389,0.00404458786788764,0.552863801597346
"chr15:34359302:34359589:clu_17125:ENSG00000176454.13",-0.0134758002409575,0.00393332294961146,0.000612405191164123
"chr15:38454232:38464032:clu_17173:ENSG00000171262.11",-0.00426498280824888,0.00426295522089644,0.31708038576246
"chr15:39802254:39807006:clu_17188:ENSG00000166073.10",-0.00554982297782228,0.00345228895279913,0.107927684006025
"chr15:40030456:40032757:clu_17194:ENSG00000128829.11",-0.00239293505615057,0.00384082356644261,0.533267074809585
"chr15:40296634:40296758:clu_17211:ENSG00000137841.11",-0.00956386389542589,0.00490436624704007,0.0511676206420278
"chr15:40339619:40339905:clu_17215:ENSG00000188549.12",-0.00720161172107531,0.0048501554409367,0.137591298318922
"chr15:40338903:40339512:clu_17215:ENSG00000188549.12",0.00607879513099483,0.00553214800318975,0.271849720501728
"chr15:40032237:40032757:clu_17194:ENSG00000128829.11",0.000199567841245892,0.00443965562424948,0.96414620755553
"chr15:40774436:40775031:clu_17240:ENSG00000104129.9",0.00474739297317138,0.00450904878297656,0.292405580777162
"chr15:82677383:82677671:clu_18388:ENSG00000103723.12",-0.000637053566128387,0.00520643971230448,0.902614888826804
"chr15:82677803:82678105:clu_18388:ENSG00000103723.12",0.00480964249125472,0.0053541110694168,0.369021200980332
"chr15:84798474:84798588:clu_18463:ENSG00000166716.9",0.00094716373524532,0.0046911414650587,0.839991190168361
"chr15:84203020:84204426:clu_18426:ENSG00000225151.10",0.0153819179509779,0.00511897449806088,0.00265683282643581
"chr15:82477123:82477394:clu_18378:ENSG00000255769.7",0.00163870490405146,0.00540111185093613,0.761583977905978
"chr15:84648625:84652714:clu_18455:ENSG00000177082.12",-0.00627707946569056,0.00529675796380924,0.235986001642674
"chr15:84647954:84648537:clu_18455:ENSG00000177082.12",0.00407571356903379,0.00532782995926506,0.444280077983683
"chr15:83041925:83056389:clu_18407:ENSG00000064726.9",-0.00311068440332518,0.00655952312080184,0.635340059870691
"chr15:85117839:85120474:clu_18473:ENSG00000073417.14",-0.00651184932725371,0.00420300358901373,0.121301852694147
"chr15:84599803:84603860:clu_18442:ENSG00000275120.2",0.0012127961802223,0.00389678670536664,0.755625923604823
"chr15:85655787:85664563:clu_18485:ENSG00000170776.21",-0.00357993060193027,0.00406024538831364,0.377937429958231
"chr15:85090915:85091044:clu_18471:ENSG00000073417.14",0.00161041560187604,0.0065769400458735,0.806566475282856
"chr15:85089416:85091044:clu_18471:ENSG00000073417.14",-0.0184963372705666,0.00486005970829541,0.00014135573269336
"chr15:85209918:85234479:clu_18479:ENSG00000229212.7",-0.00582841822381856,0.00390679871222128,0.135734407937044
"chr15:85314984:85330078:clu_18480:ENSG00000218052.5",-0.00559694100291565,0.00345422815413063,0.10516442252237
"chr15:88465773:88511432:clu_18506:ENSG00000140543.14",-0.000732632485383413,0.00383775757579332,0.848603008399588
"chr15:88137561:88147335:clu_18501:ENSG00000140538.16",0.00494038216120948,0.00464134093029035,0.287133985098261
"chr15:90001614:90067110:clu_18582:ENSG00000140548.9",0.00180867698368611,0.00303445210059301,0.551143628150226
"chr15:90614488:90617886:clu_18603:ENSG00000140577.15",0.0061814576247102,0.00342565535265274,0.0711592441819334
"chr15:90935330:90935544:clu_18634:ENSG00000140553.17",-0.000665056114856826,0.00306180995330466,0.828044596430469
"chr15:90935375:90935544:clu_18634:ENSG00000140553.17",9.14332622774761e-06,0.00307278190700529,0.997625829529492
"chr15:90903432:90904190:clu_18622:ENSG00000196547.14",-0.00468091762537971,0.0039958939212586,0.241425214406403
"chr15:92937625:92939578:clu_18669:ENSG00000173575.20",0.00315823192924094,0.00278159959780115,0.256207195700394
"chr15:74591434:74591560:clu_18154:ENSG00000179361.17",-0.0054810469762238,0.00402591268427499,0.173374022709773
"chr15:73563257:73570150:clu_18113:ENSG00000156642.16",0.00385800949471437,0.00597532907824671,0.51850189913882
"chr15:73563257:73563379:clu_18113:ENSG00000156642.16",-0.00443106421716229,0.00532602607364096,0.405429025405014
"chr15:67592974:67600685:clu_17976:ENSG00000137764.19",8.69767040726364e-05,0.00394162804890428,0.982395158272041
"chr15:43135649:43146493:clu_17419:ENSG00000137842.6",0.00373616236089478,0.00883423809516298,0.672354754637498
"chr15:42840433:42872611:clu_17407:ENSG00000128881.16",-7.61047134909983e-05,0.00562358344477496,0.989202450176764
"chr15:78111276:78120568:clu_18285:ENSG00000136425.12",-0.00330772290480562,0.00407824459978443,0.417328140089484
"chr15:78157162:78157548:clu_18286:ENSG00000166411.13",0.00504358219006695,0.00433460127107865,0.244601103452531
"chr15:82676637:82677274:clu_18387:ENSG00000103723.12",0.00449725311926141,0.00622992026095831,0.47036842818781
"chr15:82821839:82823100:clu_18398:ENSG00000156232.7",0.00452359169078359,0.0048428125285291,0.350260778370424
"chr15:82819488:82823100:clu_18398:ENSG00000156232.7",-0.00923043487198977,0.00445298929748246,0.0381850706445199
"chr15:72288451:72288868:clu_18082:ENSG00000140488.15",0.000288463234129361,0.00540621432548886,0.957446897069655
"chr15:90893194:90893291:clu_18621:ENSG00000182511.11",-0.00472058143290504,0.00367881392280869,0.199428927558778
"chr15:90892825:90893100:clu_18621:ENSG00000182511.11",0.000696093757280566,0.00350109308663979,0.842402113925596
"chr15:68087890:68141946:clu_17984:ENSG00000033800.13",0.0132441703797269,0.00357406123733057,0.00021086085595956
"chr15:22665334:22667898:clu_16937:ENSG00000276141.4",0.00425613881197601,0.00458228390558059,0.352979903412348
"chr15:22664960:22667898:clu_16937:ENSG00000276141.4",-0.00180949303252513,0.00480863943700137,0.706693568222125
"chr15:74826867:74827978:clu_18173:ENSG00000213578.5",0.00941859066499778,0.00706695362614369,0.182608831968305
"chr15:74174019:74174851:clu_18135:ENSG00000129009.12",-0.00275426669963301,0.00415940802618898,0.5078574273197
"chr15:74905059:74905154:clu_18188:ENSG00000178761.14",-0.000136785308331621,0.00485701442061949,0.97753260518039
"chr15:74902783:74904664:clu_18188:ENSG00000178761.14",-0.00655949780346911,0.0031479416131805,0.0371836517351466
"chr15:73587618:73591966:clu_18114:ENSG00000156642.16",-0.013484760050145,0.00548082604376039,0.0138800896072785
"chr15:74819292:74820044:clu_18170:ENSG00000140506.16",-0.0184180256080983,0.00695440688142557,0.008087465169207
"chr15:101331689:101331852:clu_18789:ENSG00000140479.16",-0.000882001253803773,0.00372627094582215,0.812891008887579
"chr15:40289358:40290577:clu_17207:ENSG00000137841.11",0.0177071492931756,0.00743051254703151,0.0171707009317379
"chr15:40416362:40424135:clu_17222:ENSG00000128928.8",-0.00515587523429121,0.00462645258573886,0.265093120598999
"chr15:22744698:22758819:clu_16945:ENSG00000274253.4",0.0039908804722742,0.00412607474321702,0.333426984895106
"chr15:22812253:22820313:clu_16948:ENSG00000170113.15",-0.000311012451767628,0.00364928936183964,0.932082131057416
"chr15:38974235:39071503:clu_17179:ENSG00000259345.5",0.00371601701259851,0.00343578115960115,0.279446334260955
"chr15:51455228:51456066:clu_17645:ENSG00000104093.13",0.0138507383627303,0.00459377153858445,0.00256883884692627
"chr15:72731726:72735113:clu_18103:ENSG00000140463.13",-0.0180404171755726,0.00789471742241025,0.0223054916719898
"chr15:74620225:74622120:clu_18160:ENSG00000179335.18",-0.00768143762575504,0.00553905337317228,0.165509452821477
"chr15:77031278:77032298:clu_18266:ENSG00000140368.12",0.00945556157378754,0.00464146562663883,0.0416306988090644
"chr15:77032952:77035508:clu_18266:ENSG00000140368.12",-0.00256405310955834,0.00542026767408019,0.6361781016573
"chr15:72756447:72760407:clu_18105:ENSG00000159322.17",0.00783378274917385,0.0063906118025042,0.220263887157761
"chr15:88902231:88905757:clu_18520:ENSG00000140545.14",-0.0077404020097149,0.0047994451176002,0.106794445000044
"chr15:89330276:89332218:clu_18542:ENSG00000140521.12",0.00365517624799488,0.00385577695711934,0.343142698079229
"chr15:42998265:43002555:clu_17411:ENSG00000159459.11",-0.0098101464988673,0.00673335667737425,0.145130900612956
"chr15:89326738:89326912:clu_18538:ENSG00000140521.12",0.00185354186338744,0.004032473924139,0.64576475358925
"chr15:75359153:75359328:clu_18213:ENSG00000140400.16",0.0023470580185248,0.00708974727281971,0.740607018311991
"chr15:66494552:66497642:clu_17948:ENSG00000174446.12",-0.00253941661673474,0.00368706627947044,0.490989189088538
"chr15:72271287:72272393:clu_18081:ENSG00000137817.16",0.00557966149285188,0.00487321549195182,0.252223629195361
"chr15:99690428:99703362:clu_18743:ENSG00000068305.17",0.00165952284681522,0.003147083896279,0.59797082156793
"chr15:75362453:75364488:clu_18211:ENSG00000140400.16",0.019884382808474,0.00774835547381676,0.0102798369267346
"chr15:42155589:42156439:clu_17342:ENSG00000168907.13",-0.000809459410079079,0.00661302587797459,0.902579239582441
"chr15:41842276:41842554:clu_17317:ENSG00000243708.10",0.000242564828664265,0.00453080302435951,0.957304187076287
"chr15:45135675:45135782:clu_17525:ENSG00000137857.17",1.98058597434635e-05,0.00612067564485572,0.997418134362744
"chr15:45150701:45151123:clu_17535:ENSG00000137857.17",-0.0119497883032388,0.00679880271796881,0.0788102679714816
"chr15:45155929:45160837:clu_17537:ENSG00000137857.17",0.00237085222346976,0.00529336991701013,0.654231935192567
"chr15:30948471:30953562:clu_17079:ENSG00000166912.16",-0.00431350460711952,0.00567188783296823,0.446952196928694
"chr15:74034530:74036990:clu_18132:ENSG00000140464.19",0.00371712626456737,0.00668247296552341,0.578039893427017
"chr15:74923770:74926766:clu_18190:ENSG00000178741.11",-0.0156024207298613,0.00435952612883868,0.000345009338873492
"chr15:22838921:22845146:clu_16949:ENSG00000140157.14",0.00504530186433939,0.00430380654263862,0.241081345195091
"chr15:43134368:43135512:clu_17418:ENSG00000137842.6",-0.00682753250862979,0.00747578657973617,0.361092053024196
"chr15:43133982:43135512:clu_17418:ENSG00000137842.6",0.0037237819204906,0.00854150555899147,0.662863444584729
"chr15:42734047:42734226:clu_17402:ENSG00000140326.12",-0.0161956496175526,0.00478369472745327,0.000710243010774048
"chr15:43024983:43025381:clu_17413:ENSG00000159459.11",-0.0056143360260368,0.00898893109344855,0.532244599108643
"chr15:77056255:77071005:clu_18270:ENSG00000140391.14",0.00467369420743805,0.00484612518238024,0.334836003117138
"chr15:77035563:77035802:clu_18269:ENSG00000140368.12",0.0207205882785306,0.00498872853753446,3.2745567658754e-05
"chr15:84037004:84037700:clu_18422:ENSG00000156218.12",0.000120503913225142,0.00610399402588029,0.984249334717328
"chr15:82847247:82849689:clu_18399:ENSG00000103942.12",0.00767601214884484,0.00481077971221733,0.11058128355314
"chr15:63634888:63635961:clu_17842:ENSG00000103657.13",-0.00273062804777968,0.00359172810869406,0.447102375301796
"chr15:65650942:65651670:clu_17932:ENSG00000074621.13",-0.000287366737481936,0.00412410381259897,0.944448518293193
"chr15:41837959:41840025:clu_17314:ENSG00000243789.10",-0.0200925233431864,0.00635985533216767,0.00158162907750281
"chr15:41837959:41840025:clu_17314:ENSG00000243708.10",-0.0211487235802175,0.0063013970755718,0.000790225474393669
"chr15:45172318:45173576:clu_17531:ENSG00000138606.19",-0.00013369908294827,0.00472768166298058,0.977438790488474
"chr15:45172318:45173576:clu_17531:ENSG00000259539.1",-0.00013369908294827,0.00472768166298058,0.977438790488474
"chr15:78288382:78289619:clu_18299:ENSG00000140395.8",-0.0019895105105746,0.00419113317116569,0.635004288746787
"chr15:42228820:42231192:clu_17357:ENSG00000103978.15",-4.28750629121209e-05,0.00675677469752535,0.994937063510475
"chr15:42166649:42166772:clu_17348:ENSG00000166887.15",-0.000256195596655738,0.00583966855587454,0.965006754281462
"chr15:41537201:41544219:clu_17291:ENSG00000103932.11",-0.0179301698691385,0.00462728471426407,0.000106677551108603
"chr15:42228820:42231844:clu_17357:ENSG00000103978.15",-0.00208135645384124,0.0064798134281231,0.748054109900982
"chr15:78515107:78527380:clu_18303:ENSG00000188266.13",0.00190349443051577,0.00331663771875441,0.566019956969421
"chr15:78515107:78518588:clu_18303:ENSG00000188266.13",0.00301765524953935,0.00459455444938883,0.511316258408486
"chr15:64822391:64822478:clu_17886:ENSG00000140451.12",0.0103558600023848,0.00524689599582849,0.0484145343215023
"chr15:45120805:45121087:clu_17521:ENSG00000140254.12",0.00625148742311263,0.00547051748774899,0.253138337278914
"chr15:45521025:45522065:clu_17541:ENSG00000179362.14",0.00703613550882543,0.00729159957752395,0.334562540280784
"chr15:73920038:73926240:clu_18122:ENSG00000261801.5",0.0110842478176769,0.00427430950358687,0.00950804436762842
"chr15:74024927:74032572:clu_18131:ENSG00000140464.19",-0.003477627439458,0.00474632206997792,0.463741776310077
"chr15:74842420:74842535:clu_18180:ENSG00000140474.12",0.0140500009002703,0.00594825015257627,0.0181747131396666
"chr15:74842420:74843004:clu_18180:ENSG00000140474.12",-0.00245761345188642,0.00558380368812783,0.659841147601754
"chr15:74023408:74024857:clu_18130:ENSG00000140464.19",-0.0164258056826802,0.00428264463375747,0.000125342186240274
"chr15:75878021:75879098:clu_18235:ENSG00000140367.11",0.00843393152024404,0.00526678518325905,0.10930088868798
"chr15:75202059:75205999:clu_18195:ENSG00000167173.18",-0.0118314779617772,0.0057634901215132,0.0400888568688164
"chr15:75621056:75625666:clu_18228:ENSG00000169371.13",-0.00854194238155108,0.00372146872572885,0.0217150879337406
"chr15:75364188:75364488:clu_18211:ENSG00000140400.16",-0.000966876115591962,0.00584340464013006,0.868578377625608
"chr15:74826867:74828034:clu_18173:ENSG00000213578.5",-0.0217766865996973,0.00535952029252259,4.84090215213673e-05
"chr15:78109382:78111165:clu_18285:ENSG00000136425.12",0.00452316941977479,0.00423119252043298,0.285067047991162
"chr15:63279331:63286558:clu_17824:ENSG00000138613.13",-0.00271885176670273,0.00351812535234425,0.439633267462118
"chr15:63286628:63287424:clu_17824:ENSG00000138613.13",-0.00099206209965016,0.00347150002412533,0.775051741147112
"chr15:42529819:42531413:clu_17382:ENSG00000092531.9",-0.0106538102890518,0.00547236652364652,0.051554177349494
"chr15:42515354:42528262:clu_17382:ENSG00000092531.9",0.0109179565418787,0.00538132248564913,0.0424724269170974
"chr15:91005119:91005380:clu_18649:ENSG00000184056.14",-0.00560454232664402,0.00447621308674657,0.210543527272372
"chr15:58899937:58901260:clu_17769:ENSG00000137776.16",-0.00696239514778166,0.0040245925377263,0.0836369318947138
"chr15:85658590:85664563:clu_18485:ENSG00000170776.21",0.00391356554568792,0.00461770521505499,0.396709202430273
"chr15:99287951:99334018:clu_18735:ENSG00000168904.14",-0.00181253999373748,0.00296531746920266,0.541036387957081
"chr15:72727994:72729616:clu_18102:ENSG00000140463.13",-0.00672285274722333,0.00608747721865286,0.269430850324604
"chr15:88639076:88639343:clu_18515:ENSG00000172183.14",-0.00953196717220789,0.00383389925015089,0.0129103375051642
"chr15:89185516:89188193:clu_18526:ENSG00000140526.17",-0.00934146576559404,0.00463125513237906,0.0436904624287344
"chr15:72242699:72249245:clu_18074:ENSG00000137817.16",0.00162686858921519,0.00590097159603544,0.782782306986241
"chr15:72315927:72319613:clu_18085:ENSG00000140488.15",0.00343718360371756,0.00469003905100195,0.46363841343909
"chr15:55341802:55354798:clu_17690:ENSG00000069943.9",0.000689725134266534,0.00570207479582481,0.903722416860139
"chr15:65020272:65023672:clu_17900:ENSG00000103707.9",0.00495099099232642,0.00484857657213623,0.307196368948018
"chr15:75353866:75354301:clu_18204:ENSG00000140398.13",0.00551747453496546,0.00483334133210235,0.253643377174551
"chr15:72271287:72272503:clu_18081:ENSG00000137817.16",0.0116962762188316,0.005836181491078,0.0450596266645279
"chr15:74838504:74838643:clu_18177:ENSG00000140474.12",0.00672817602144388,0.00382028260795375,0.0782092398196802
"chr15:74838745:74839010:clu_18177:ENSG00000140474.12",-0.00430378162231063,0.00444942019170843,0.333410092891697
"chr15:74839713:74840234:clu_18181:ENSG00000140474.12",-0.0102443595003736,0.0041802690636672,0.014260013392656
"chr15:75044514:75048553:clu_18193:ENSG00000138621.11",-0.0111888980582932,0.0057014152573034,0.0497069401377299
"chr15:74174653:74174851:clu_18135:ENSG00000129009.12",-0.0010771248937175,0.00437478659966549,0.805518138207168
"chr15:75016749:75017870:clu_18192:ENSG00000198794.11",-0.00902208184108448,0.00462678091536649,0.0511797499731802
"chr15:28641312:28641430:clu_17032:ENSG00000206149.10",0.0013842489642296,0.00369312096686095,0.707795675549824
"chr15:82817702:82817920:clu_18397:ENSG00000156232.7",0.00672474483072754,0.00490266037525399,0.170171739133505
"chr15:100887712:100892510:clu_18770:ENSG00000184254.16",0.00383223422464303,0.0028281471540123,0.175406874094614
"chr15:99645764:99671520:clu_18741:ENSG00000068305.17",0.00102298430011689,0.00351937479028478,0.771302059687815
"chr15:66443357:66444656:clu_17946:ENSG00000169032.9",0.00812728027207587,0.00388279112881464,0.0363353982958216
"chr15:63574403:63588305:clu_17833:ENSG00000140455.16",0.00678179075580035,0.00630465663753734,0.282070557989516
"chr15:89333913:89334673:clu_18543:ENSG00000140521.12",0.00256674583257538,0.00316534543261006,0.417429047676733
"chr15:99671454:99674393:clu_18742:ENSG00000068305.17",0.00725651515423633,0.00302486840146532,0.0164420542279504
"chr15:25106294:25107472:clu_16997:ENSG00000224078.13",-0.00423678510953528,0.00284725307748192,0.136744175792782
"chr15:45108222:45108789:clu_17514:ENSG00000140279.12",0.00346617523411662,0.00402342644142972,0.388963630423602
"chr15:45097391:45097614:clu_17511:ENSG00000140279.12",0.00958818735389318,0.00516270787188803,0.0632825316140156
"chr15:45592276:45603104:clu_17552:ENSG00000104164.10",0.00173528399251179,0.00419460736244301,0.679098205311408
"chr15:22853268:22858540:clu_16950:ENSG00000140157.14",0.00322150998948681,0.00560072866558128,0.565159561032952
"chr15:22838921:22851639:clu_16949:ENSG00000140157.14",0.00173546764381525,0.00494206042028815,0.725466236354457
"chr15:68328262:68330981:clu_17994:ENSG00000137809.16",-0.00494257443509387,0.00523526379042052,0.345122268861911
"chr15:59678087:59679592:clu_17784:ENSG00000140299.11",-0.00536409547954759,0.00666666737178306,0.421042323997428
"chr15:75012805:75016593:clu_18192:ENSG00000198794.11",0.002368976823318,0.00372318541811933,0.524595967660375
"chr15:74622216:74622494:clu_18160:ENSG00000179335.18",-0.000341708103414352,0.00671090624933702,0.959390603453339
"chr15:74625018:74625802:clu_18162:ENSG00000179335.18",0.00601059355947349,0.00381151900660191,0.114805903675857
"chr15:75048721:75049150:clu_18194:ENSG00000138621.11",0.0102757690807038,0.00496427118255654,0.038457480754185
"chr15:73990457:73994551:clu_18129:ENSG00000067221.13",-0.00273886957969732,0.0057720288525615,0.635138224024417
"chr15:101686062:101699331:clu_18798:ENSG00000185418.15",0.0133392155098898,0.00370251865042549,0.000314879310966631
"chr15:69425323:69426070:clu_18016:ENSG00000137807.13",0.00269346674918058,0.00319298388819784,0.398916504236256
"chr15:90948794:90949316:clu_18638:ENSG00000140553.17",-0.00801889009686826,0.0036919288257173,0.0298552402678633
"chr15:63926093:63929551:clu_17854:ENSG00000035664.11",-0.0190272487747647,0.00498863946845496,0.000136671358514029
"chr15:40935117:40936228:clu_17261:ENSG00000128917.6",-0.0172375651137133,0.0043213860800375,6.63811609543652e-05
"chr15:64949972:64957103:clu_17895:ENSG00000166839.16",-0.00290300811081459,0.00514464812144088,0.572565432995537
"chr15:74845593:74848600:clu_18182:ENSG00000140497.16",0.00817935565102236,0.00494130800470131,0.0978633097413927
"chr15:74458896:74460668:clu_18149:ENSG00000138629.15",-1.05919560227397e-05,0.00543421196960006,0.998444824589947
"chr15:100894082:100895933:clu_18770:ENSG00000184254.16",-0.00394767326048931,0.00306418372089477,0.197631858434888
"chr15:31216037:31219289:clu_17083:ENSG00000259448.2",-0.00511870565271409,0.00375864304729287,0.173245428337624
"chr15:78030170:78034475:clu_18282:ENSG00000167202.11",-0.00935289611527425,0.00320325221797844,0.00350241955574659
"chr15:39588218:39588526:clu_17184:ENSG00000137801.10",-0.00383094442908,0.00425659294549777,0.368118903184505
"chr15:82819488:82821711:clu_18398:ENSG00000156232.7",0.00832512526207358,0.00475237254807116,0.0798111348859172
"chr15:40729634:40729853:clu_17233:ENSG00000051180.16",0.0235896175994306,0.00429853951516392,4.06920933615496e-08
"chr15:42403777:42408211:clu_17373:ENSG00000092529.23",-0.00568827604095502,0.00745033161397356,0.445169434937566
"chr15:42724616:42725144:clu_17394:ENSG00000140326.12",-0.00153923947598568,0.00550698972567355,0.779856143166383
"chr15:48340214:48341289:clu_17566:ENSG00000128951.13",0.0118577628320026,0.00659843072551223,0.0723264098460212
"chr15:51058443:51094544:clu_17639:ENSG00000183578.6",0.00388415175604883,0.00493473437745645,0.431220680968802
"chr15:52336556:52337810:clu_17672:ENSG00000197535.14",-0.00501424845911104,0.00559207498308177,0.369894786717328
"chr15:51921616:51934250:clu_17653:ENSG00000138594.13",-0.0102137210082831,0.00481084518429519,0.0337486844721708
"chr15:55439581:55450222:clu_17696:ENSG00000256061.7",0.0166256839013575,0.00363193123486555,4.70244750427895e-06
"chr15:30918295:30920545:clu_17071:ENSG00000198690.9",0.00312167299663035,0.00432969285928107,0.47091456718745
"chr15:58880107:58883626:clu_17759:ENSG00000137776.16",0.00469400379371485,0.00417662203718365,0.261065783974765
"chr15:61867947:61868659:clu_17803:ENSG00000129003.15",-0.00960212908004235,0.0040448395043789,0.0176003199852328
"chr15:68780142:68780410:clu_18002:ENSG00000140350.15",0.00328230685745898,0.00412174564763737,0.425835016100355
"chr15:72290255:72304746:clu_18085:ENSG00000140488.15",-0.0112193390533171,0.00500916918101534,0.0251064783131856
"chr15:71008616:71009807:clu_18044:ENSG00000137821.11",-0.00337202321831793,0.00397422685842021,0.39617473839601
"chr15:72572165:72580731:clu_18095:ENSG00000166233.14",-0.00312143544554547,0.00486289124356869,0.520945384041724
"chr15:72290255:72315845:clu_18085:ENSG00000140488.15",0.000911109838041066,0.0047164747182642,0.846821114367939
"chr15:74929232:74937915:clu_18190:ENSG00000178741.11",0.00211491967468297,0.00674208453729209,0.753757040002925
"chr15:74448558:74449186:clu_18148:ENSG00000138629.15",-0.0109177596646338,0.00379050056405088,0.00397303284514539
"chr15:73984871:73985318:clu_18126:ENSG00000067221.13",-0.0022700588571046,0.00480032207640696,0.636286524445801
"chr15:73947223:73947807:clu_18125:ENSG00000129038.15",-0.0151913687746046,0.00570201702404039,0.00771694521451383
"chr15:74905039:74905154:clu_18188:ENSG00000178761.14",-0.000346748396202011,0.00415912676291928,0.933556960017305
"chr15:78542219:78542576:clu_18304:ENSG00000041357.15",-0.00127897124763042,0.00447293359693359,0.774927396017672
"chr15:85067204:85075862:clu_18470:ENSG00000073417.14",-0.0107858533913897,0.00435486156485787,0.01325889986434
"chr15:81293037:81296928:clu_18346:ENSG00000172349.17",0.00891650116381052,0.00424315449615471,0.035607184583339
"chr15:42515354:42521614:clu_17382:ENSG00000092531.9",0.0151156098355852,0.00546800953207429,0.00570325617456613
"chr15:42457158:42466053:clu_17381:ENSG00000103994.16",0.00660245205691368,0.00465019303368802,0.155659152528019
"chr15:40844278:40844490:clu_17254:ENSG00000166145.14",0.0140176991667181,0.00405253037360061,0.000542186591319327
"chr15:23032029:23032728:clu_16965:ENSG00000275835.4",0.00217249091709497,0.00470783028908809,0.644466243521965
"chr15:22574073:22577159:clu_16935:ENSG00000276550.4",0.00394066508742154,0.00779139025416977,0.613016892096602
"chr15:22495672:22516876:clu_16922:ENSG00000276550.4",0.000575337093626065,0.00710795465464745,0.935487515799504
"chr15:22534243:22537438:clu_16922:ENSG00000276550.4",-0.00626074663478999,0.00583675753289639,0.283432129459183
"chr15:22838921:22839655:clu_16949:ENSG00000140157.14",-0.0087634549695974,0.00455849225592725,0.0545496686229368
"chr15:25082705:25083367:clu_16992:ENSG00000224078.13",0.000712388245757257,0.00336537106014733,0.832355185352365
"chr15:23024193:23026116:clu_16963:ENSG00000275835.4",-0.00259067601253914,0.00539875973342877,0.631323367130436
"chr15:101961641:101966070:clu_18803:ENSG00000185596.16",0.000348366073221998,0.00388064766060003,0.928469920306087
"chr15:73990457:73992091:clu_18129:ENSG00000067221.13",0.00990957375071226,0.00441773067621972,0.0248880015693617
"chr15:74841505:74842075:clu_18178:ENSG00000140474.12",0.00223439421406251,0.00408735688593633,0.58461239034827
"chr15:74841509:74842075:clu_18178:ENSG00000140474.12",-0.00165763031015666,0.0037063028899281,0.65469722408778
"chr15:25105824:25106164:clu_16997:ENSG00000224078.13",0.00309351246118015,0.00486230091561379,0.524630442680237
"chr15:42726160:42726310:clu_17396:ENSG00000140326.12",0.00620055455172515,0.00397474362636747,0.11876258669437
"chr15:99106009:99113591:clu_18724:ENSG00000182253.14",0.00471243075502439,0.00481398849656201,0.327627604491871
"chr15:72544964:72555271:clu_18092:ENSG00000166233.14",-0.00346589728755567,0.00488601849391297,0.478107298798057
"chr15:63287546:63302345:clu_17824:ENSG00000138613.13",0.00984735062710188,0.00369838873464822,0.00775382315512685
"chr15:39588699:39588959:clu_17184:ENSG00000137801.10",0.00531630275166142,0.0039878637946216,0.18249228142284
"chr15:41056706:41058639:clu_17268:ENSG00000128908.15",0.00149464173684185,0.00365963949915063,0.682971014369294
"chr15:42164486:42164715:clu_17345:ENSG00000166887.15",-0.00520353514999419,0.00538228954091222,0.333649819286581
"chr15:42718179:42718435:clu_17392:ENSG00000159433.11",-0.0107734861588374,0.0061215570985435,0.0784203913958584
"chr15:43189280:43190055:clu_17425:ENSG00000166946.13",0.00818800101165025,0.00617435727022032,0.184796608190824
"chr15:45143303:45144036:clu_17528:ENSG00000137857.17",0.0164287656867445,0.00559480224516728,0.00332009815350365
"chr15:51450346:51453550:clu_17645:ENSG00000104093.13",0.00198225268969806,0.0058943452596796,0.736646648216179
"chr15:51902036:51908776:clu_17652:ENSG00000138594.13",0.0050523137212326,0.00539101508192405,0.348669581222467
"chr15:28745755:28745980:clu_17043:ENSG00000248334.6",0.00198192497172123,0.00412777419563423,0.631125182632153
"chr15:28744899:28745980:clu_17043:ENSG00000248334.6",0.00104470573686734,0.00561349944272684,0.852361663396596
"chr15:59272449:59372498:clu_17777:ENSG00000157483.8",0.00776021278279509,0.00406862088494301,0.0564775461237527
"chr15:58107468:58138447:clu_17744:ENSG00000128918.14",0.00369407252105463,0.00481953263389134,0.443391099688981
"chr15:64926999:64930822:clu_17887:ENSG00000241839.9",0.00351576635086754,0.00474980568072194,0.459183733022261
"chr15:64751638:64761131:clu_17884:ENSG00000166831.8",0.00418000814261353,0.00548197468034426,0.445761376635327
"chr15:64690549:64691434:clu_17880:ENSG00000180304.14",0.0136894393181853,0.00611793883598987,0.025247798318933
"chr15:64926999:64930822:clu_17887:ENSG00000166839.16",0.0011058945678266,0.00480535575625853,0.817984601434106
"chr15:65004936:65006113:clu_17898:ENSG00000103707.9",0.00500003165290857,0.00547452588350908,0.361070648461422
"chr15:65512108:65512295:clu_17924:ENSG00000074603.18",-0.000349108125907128,0.0064221861313108,0.956648584301413
"chr15:65507355:65512295:clu_17924:ENSG00000074603.18",0.0102726609386576,0.00548606318238678,0.0611372696757803
"chr15:64974747:64980864:clu_17890:ENSG00000090487.10",0.00540449980217028,0.00555383651837911,0.330498102310568
"chr15:64821281:64822266:clu_17886:ENSG00000140451.12",-0.0075263715063072,0.0060220324324711,0.211370469884193
"chr15:64680360:64680646:clu_17877:ENSG00000180357.9",-0.00605877626377923,0.00515463671214357,0.239833461126779
"chr15:64376905:64380958:clu_17870:ENSG00000166803.11",-0.0152702950986017,0.00532853437514739,0.00416010875423056
"chr15:65480399:65481515:clu_17922:ENSG00000074603.18",-0.00959083451897401,0.00366838834307382,0.00893700554808408
"chr15:64922019:64926066:clu_17887:ENSG00000166839.16",-0.00370777091792627,0.00580458215230048,0.522975035798197
"chr15:64922019:64926066:clu_17887:ENSG00000241839.9",0.00429727101904189,0.00521111970159266,0.409578918155878
"chr15:72304794:72313664:clu_18085:ENSG00000140488.15",-0.0112150159250016,0.00504826453051657,0.0263131444135075
"chr15:70677140:70678099:clu_18033:ENSG00000137831.14",0.00340130114941818,0.00305672584926792,0.265825728821455
"chr15:72715402:72716778:clu_18100:ENSG00000140463.13",0.00711499529361534,0.00586713074434429,0.225249374238873
"chr15:72752892:72755556:clu_18105:ENSG00000159322.17",-0.00399347721520383,0.00593865079790644,0.50129388666138
"chr15:72755654:72760407:clu_18105:ENSG00000159322.17",0.00573947346747989,0.00499914787323694,0.250931264498093
"chr15:74185055:74189115:clu_18140:ENSG00000137868.18",-0.00769211312873806,0.00401447238815706,0.0553529203616513
"chr15:74446227:74449186:clu_18148:ENSG00000138629.15",0.00189371702982344,0.00539770648895146,0.725710376296237
"chr15:74043139:74044221:clu_18134:ENSG00000140464.19",-0.00504382055648455,0.00422656770418328,0.232728068789253
"chr15:74896325:74897512:clu_18187:ENSG00000178802.17",0.00704463607802373,0.00639257845173639,0.270460677050723
"chr15:75367634:75368073:clu_18216:ENSG00000140400.16",0.00667959754863822,0.00567183775168136,0.238925070454391
"chr15:74041570:74042989:clu_18132:ENSG00000140464.19",-0.00325397995945424,0.00460689093417934,0.47998365838596
"chr15:75043536:75044386:clu_18193:ENSG00000138621.11",-0.00802036316756858,0.00465549502022879,0.0849295037320574
"chr15:74905231:74906278:clu_18189:ENSG00000178761.14",-0.00187241194815549,0.00578768156804218,0.746303922076628
"chr15:74180243:74180782:clu_18136:ENSG00000137868.18",-0.0188522486705304,0.00472505256989693,6.61152304410884e-05
"chr15:74591814:74593138:clu_18155:ENSG00000179361.17",0.00108677532830051,0.00552606143346218,0.844090769414665
"chr15:74816041:74816157:clu_18169:ENSG00000140506.16",0.00994268603611038,0.00502156040403452,0.0477036084311376
"chr15:75352701:75354250:clu_18204:ENSG00000140398.13",0.000616998554439506,0.00696847321192771,0.929446360511817
"chr15:78278301:78285261:clu_18297:ENSG00000140395.8",-0.00289374209400844,0.00412713559465051,0.48320926261431
"chr15:77998303:78001619:clu_18279:ENSG00000167202.11",0.00535289760610585,0.00398867114833941,0.179587791594651
"chr15:78111276:78131165:clu_18285:ENSG00000136425.12",-0.010433393129797,0.00382308299305388,0.00635166449113789
"chr15:78034739:78044900:clu_18282:ENSG00000167202.11",-0.000925716044256788,0.00427163477590881,0.828432516675594
"chr15:80952296:80970462:clu_18338:ENSG00000117899.10",-0.000808069236303981,0.0042467815482028,0.849091266911686
"chr15:80897339:80909500:clu_18337:ENSG00000259649.4",0.00880630538980596,0.00302327686405069,0.00358164280199147
"chr15:35454820:35538274:clu_17155:ENSG00000134146.11",-0.00168654823716147,0.00390645686561281,0.665935127426397
"chr15:84655404:84657176:clu_18458:ENSG00000197696.9",-0.00055868036088429,0.00459327381612915,0.90319197285395
"chr15:89477206:89477517:clu_18547:ENSG00000140519.12",-0.00319954832908727,0.00466133706245939,0.492460016002153
"chr15:89316827:89317376:clu_18532:ENSG00000140521.12",0.0106891791238746,0.00341591836867624,0.00175267701040605
"chr15:90238548:90240900:clu_18592:ENSG00000213471.9",-0.00281602744615294,0.00353218229127706,0.425306655756309
"chr15:90238548:90240900:clu_18592:ENSG00000183208.12",-0.00294115477392788,0.00353471240207762,0.405365182644528
"chr15:22839174:22839655:clu_16949:ENSG00000140157.14",0.00220540242547746,0.00393645197357645,0.57530802457279
"chr15:23037152:23039398:clu_16966:ENSG00000275835.4",-0.000411570138555871,0.00480496357558602,0.931740512680148
"chr15:84604333:84620602:clu_18447:ENSG00000176371.13",0.000739995821610998,0.00443966638330092,0.867623220408882
"chr15:84601188:84603820:clu_18445:ENSG00000176371.13",0.00668545118322513,0.00394517488178942,0.0901533562655578
"chr15:22561934:22562949:clu_16931:ENSG00000276550.4",-0.00354510719175019,0.00513790638771134,0.490200088823888
"chr15:22678383:22678845:clu_16940:ENSG00000276141.4",-0.00191200710433807,0.00609024267356506,0.753562080035711
"chr15:22678964:22681176:clu_16940:ENSG00000276141.4",-0.00122239240121624,0.00513672045228142,0.811903300137266
"chr15:22917029:22917788:clu_16953:ENSG00000273749.4",-0.00177493128053424,0.00704872429121776,0.801188802925291
"chr15:22672465:22672690:clu_16938:ENSG00000276141.4",0.00207509253520661,0.00456052045270264,0.649100447546884
"chr15:74813479:74816157:clu_18169:ENSG00000140506.16",0.0211296059243079,0.00688647966943967,0.00215299173362116
"chr15:64691591:64693075:clu_17880:ENSG00000180304.14",0.00972589178045565,0.00629911197995891,0.122585914220386
"chr15:45592276:45603100:clu_17552:ENSG00000104164.10",0.00088519549558873,0.00500109941614334,0.859508248390092
"chr15:22914882:22916882:clu_16953:ENSG00000273749.4",0.008611119217384,0.00718721239228679,0.230871587033667
"chr15:22847046:22851639:clu_16949:ENSG00000140157.14",0.00603683203919112,0.00492308374312501,0.220112206605141
"chr15:42559408:42560782:clu_17385:ENSG00000137814.10",-2.19426365831876e-05,0.00506151427170847,0.996541028005899
"chr15:22918858:22925982:clu_16954:ENSG00000273749.4",0.000655656892722301,0.00441102767152171,0.881837396946743
"chr15:64704649:64717260:clu_17880:ENSG00000180304.14",-0.00999888989145528,0.00637009190029402,0.116493813709722
"chr15:49283718:49292327:clu_17583:ENSG00000156958.14",-0.00289802937522927,0.00524438731753855,0.580539830726673
"chr15:76765638:76766918:clu_18258:ENSG00000140386.12",0.00119259705152692,0.00675194782813219,0.859798969032077
"chr15:76767088:76771742:clu_18259:ENSG00000140386.12",0.000656621828626521,0.00508006721004301,0.897156229247143
"chr15:76765454:76765563:clu_18258:ENSG00000140386.12",0.00439299583809319,0.00604047841967359,0.467066950057605
"chr15:76767088:76771724:clu_18259:ENSG00000140386.12",0.000723804689413443,0.00545571241939574,0.894455047667369
"chr15:91006059:91006372:clu_18651:ENSG00000184056.14",0.00724424888916224,0.00363146885998556,0.0460588446074937
"chr15:90954948:90956612:clu_18640:ENSG00000166965.12",-0.0035276901242491,0.00290983168564589,0.225384259740044
"chr15:88527786:88530623:clu_18510:ENSG00000140543.14",-0.00289579169006047,0.00369214645393983,0.432857549199515
"chr15:99156297:99161740:clu_18730:ENSG00000103852.12",-0.00703239126065608,0.0031744696659453,0.0267397259755007
"chr15:42146241:42147124:clu_17338:ENSG00000168907.13",0.00704814306748565,0.00537262855612967,0.189566963296234
"chr15:63527037:63529014:clu_17828:ENSG00000140455.16",0.00276148495824964,0.00360803667656761,0.444050933857029
"chr15:65058617:65059345:clu_17903:ENSG00000103710.10",-0.00137267957754694,0.0063694054041049,0.82936861251145
"chr15:65016527:65020197:clu_17899:ENSG00000103707.9",0.0283920296108802,0.00702601065972072,5.32263256987076e-05
"chr15:64425631:64445006:clu_17876:ENSG00000103671.9",-0.00169884529746863,0.00452315668936306,0.707222897211928
"chr15:42268032:42272063:clu_17359:ENSG00000103978.15",0.0159094628291341,0.00550790842602324,0.00387113227080293
"chr15:28144804:28146237:clu_17022:ENSG00000128731.15",-0.00223562732090562,0.00401995683510334,0.57812050411265
"chr15:28146344:28152677:clu_17022:ENSG00000128731.15",-0.00049438337587173,0.00417885673622251,0.905825288638891
"chr15:30905897:30908118:clu_17069:ENSG00000198690.9",0.000187704712384573,0.00403841354037438,0.962927822361044
"chr15:40853929:40854060:clu_17258:ENSG00000166145.14",0.00891820755542865,0.00570162371469771,0.117781818145573
"chr15:40809970:40810154:clu_17247:ENSG00000166140.17",-0.00286935928656019,0.00616854451248042,0.64181698325803
"chr15:40997601:41005593:clu_17265:ENSG00000128908.15",0.0343316462397229,0.0081938443364154,2.79038715979008e-05
"chr15:40290082:40290577:clu_17207:ENSG00000137841.11",-0.00255989557078964,0.00502974026657985,0.610785980806968
"chr15:40289358:40290025:clu_17207:ENSG00000137841.11",0.000527132807030631,0.00465649560699118,0.909869015482124
"chr15:40768062:40773727:clu_17236:ENSG00000104129.9",0.0228889322942241,0.0042376134268227,6.61326171602639e-08
"chr15:42439552:42442073:clu_17379:ENSG00000103994.16",-0.00180575451531563,0.00472924417451606,0.702589470722131
"chr15:42071317:42071444:clu_17335:ENSG00000159337.6",0.000775697583770396,0.00532751693242189,0.884235520374808
"chr15:40984349:40985338:clu_17264:ENSG00000128908.15",-0.00209363660365298,0.00524107736186599,0.689549253618318
"chr15:40984352:40985338:clu_17264:ENSG00000128908.15",-0.0127100865388846,0.00515619747092083,0.0137008818782122
"chr15:42403777:42405926:clu_17373:ENSG00000092529.23",0.00217465195449318,0.00704437932660754,0.757544121999676
"chr15:40836282:40838543:clu_17253:ENSG00000261183.5",-0.00413055552097141,0.00489237143433445,0.398510199813915
"chr15:41853447:41853582:clu_17324:ENSG00000137877.9",-0.00288406916462705,0.00500516232951668,0.564467227428308
"chr15:41840660:41840750:clu_17315:ENSG00000243708.10",-0.00252140122235874,0.0056377114095299,0.654702913791117
"chr15:42244167:42260958:clu_17358:ENSG00000103978.15",-0.00112453511163524,0.00937930366647917,0.904566029842345
"chr15:42258990:42260958:clu_17358:ENSG00000103978.15",0.00114363663449475,0.00936635291021607,0.902819403833402
"chr15:41846047:41846203:clu_17321:ENSG00000243708.10",-0.000734169414584295,0.0044513571663639,0.868997827754428
"chr15:41853787:41854050:clu_17324:ENSG00000137877.9",-0.0107207443111143,0.00477632732420662,0.0247965134375985
"chr15:42272123:42273255:clu_17359:ENSG00000103978.15",-0.0170190534742878,0.00550350731427748,0.00198544209217988
"chr15:42405943:42408211:clu_17373:ENSG00000092529.23",0.00608747566467529,0.00463237982270165,0.188807808176849
"chr15:42070883:42071123:clu_17335:ENSG00000159337.6",0.00499400751265132,0.00531433451362999,0.34735916797932
"chr15:41840660:41840774:clu_17315:ENSG00000243708.10",0.00309083846735841,0.00546010960329539,0.571341935276954
"chr15:43194137:43194415:clu_17426:ENSG00000166946.13",-0.00567539521592938,0.0114571385396385,0.62034682133843
"chr15:43398179:43400044:clu_17440:ENSG00000137822.12",-0.0150270955811226,0.00756246314907336,0.0469153444818943
"chr15:42682575:42684116:clu_17390:ENSG00000159433.11",-0.00374632893542742,0.00441672366728732,0.396318538750251
"chr15:42977947:42983897:clu_17410:ENSG00000159459.11",0.00759274420081839,0.00842875291343592,0.367686870930702
"chr15:43409741:43413119:clu_17444:ENSG00000067369.13",-0.00548112997533186,0.00661701357644381,0.407478579031177
"chr15:43630732:43631430:clu_17458:ENSG00000166762.16",-0.00879176096261222,0.00925909785212857,0.342352780642739
"chr15:42717795:42717977:clu_17392:ENSG00000159433.11",0.00964050173736298,0.00639668668401611,0.131782813783455
"chr15:42728033:42728204:clu_17398:ENSG00000140326.12",0.0099721636131936,0.00569362125091231,0.0798662903513027
"chr15:43401850:43403683:clu_17441:ENSG00000137822.12",0.000644678003909645,0.00621858863257307,0.91743162789064
"chr15:42411345:42411747:clu_17378:ENSG00000092529.23",-0.0136429426073435,0.00616737863494606,0.0269588115834885
"chr15:43151945:43154672:clu_17421:ENSG00000137842.6",0.0138739145528555,0.00722721943063834,0.0548989273911035
"chr15:44567592:44569398:clu_17487:ENSG00000104133.14",7.46218542337428e-06,0.00565309663041002,0.998946778871945
"chr15:45485317:45486611:clu_17542:ENSG00000104154.6",0.00694664821736304,0.00517924792915037,0.179840429794201
"chr15:48149371:48151100:clu_17560:ENSG00000104177.17",0.0124347882495592,0.00503608235142217,0.013543852917238
"chr15:30484686:30485148:clu_17062:ENSG00000215302.8",-0.00677470387020582,0.0056733999003663,0.232432162733294
"chr15:49282085:49283566:clu_17583:ENSG00000156958.14",0.00694764008061525,0.00459511999104091,0.130543902545065
"chr15:50424514:50439009:clu_17613:ENSG00000138592.13",-0.00699096710011243,0.00497036122635394,0.159566508731852
"chr15:28750224:28751488:clu_17044:ENSG00000248334.6",0.000436475581345867,0.00409746258072516,0.915167102933505
"chr15:51725121:51737350:clu_17650:ENSG00000140280.13",4.64039831171886e-05,0.00376974299712852,0.990178617827145
"chr15:52229313:52232622:clu_17665:ENSG00000128833.12",2.7786157193432e-05,0.00379347056219428,0.994155761268622
"chr15:50999262:51001026:clu_17638:ENSG00000081014.10",-0.000607653034965561,0.00534237625632114,0.909442246905553
"chr15:30958951:30959034:clu_17080:ENSG00000166912.16",-0.00537824297514055,0.00463520577981896,0.245925480801084
"chr15:52584944:52587056:clu_17680:ENSG00000047346.12",0.00571353372598953,0.00730827904309379,0.434338461138114
"chr15:52128244:52133378:clu_17659:ENSG00000069966.18",0.00313349317982728,0.00453992861401025,0.490063652018708
"chr15:56678821:56682254:clu_17711:ENSG00000137871.19",0.00726872657412714,0.00412935529370965,0.0783642408502473
"chr15:56682477:56689041:clu_17711:ENSG00000137871.19",-0.00695085331953745,0.00369879924543767,0.0602146147803422
"chr15:60445791:60447970:clu_17792:ENSG00000128915.11",0.00531971059953049,0.00324023402259178,0.100638216701224
"chr15:63624327:63625942:clu_17839:ENSG00000103657.13",-0.000537624082871379,0.00537483199522839,0.92032351589102
"chr15:63528140:63529014:clu_17828:ENSG00000140455.16",-0.0110469824645015,0.00422150753154405,0.00887496117420583
"chr15:64136932:64138042:clu_17865:ENSG00000028528.14",0.00735576636464581,0.00567199603036867,0.19468047849026
"chr15:64136932:64137568:clu_17865:ENSG00000028528.14",-0.0048931685247716,0.00562397103300706,0.384269919762579
"chr15:64395531:64397606:clu_17873:ENSG00000103671.9",0.00443251497603054,0.00563038480246194,0.431136100425132
"chr15:64751638:64774656:clu_17884:ENSG00000166831.8",-0.00326762342591162,0.0073260217992758,0.655575780466362
"chr15:65106359:65118672:clu_17906:ENSG00000246922.8",0.000848611444728676,0.00586389544854752,0.884933496771546
"chr15:64081151:64088687:clu_17857:ENSG00000166797.10",-0.0130014858188973,0.00596595047800367,0.0293107587961539
"chr15:65102684:65106096:clu_17906:ENSG00000246922.8",-0.00148068965734734,0.0048193121118947,0.758660037371605
"chr15:64934234:64942467:clu_17893:ENSG00000166839.16",0.0145057585634634,0.00557771687094098,0.00930439672369343
"chr15:64974747:64976475:clu_17890:ENSG00000090487.10",0.00755385420374988,0.0047760595912804,0.113739079623741
"chr15:64976555:64980864:clu_17890:ENSG00000090487.10",-0.00824675747245663,0.00468546252324997,0.0783953796275747
"chr15:65605236:65607159:clu_17930:ENSG00000138614.14",-0.00681125251458068,0.00475321916608435,0.151864484088775
"chr15:64821281:64821367:clu_17886:ENSG00000140451.12",-0.00155334586291101,0.00447808313217582,0.728683421037263
"chr15:64911964:64921921:clu_17887:ENSG00000166839.16",0.00334480622078131,0.00662104934642734,0.613434059080242
"chr15:66293367:66294988:clu_17938:ENSG00000166938.12",-0.002835714245987,0.0039050490920086,0.467736954865753
"chr15:68718810:68719144:clu_18001:ENSG00000103647.12",0.00350098219859082,0.00577168685063971,0.544130551733248
"chr15:29726991:29727937:clu_17057:ENSG00000104067.16",-0.00118186152035874,0.00509451998592853,0.816548246218797
"chr15:28642564:28648880:clu_17033:ENSG00000206149.10",-0.00186260606353854,0.00508241598706223,0.714006603149938
"chr15:28641581:28642373:clu_17033:ENSG00000206149.10",0.00672475999726785,0.00503415809323323,0.181606105351956
"chr15:29728019:29732433:clu_17057:ENSG00000104067.16",0.00376355177275989,0.00461753417821873,0.415039904489744
"chr15:72165410:72166632:clu_18070:ENSG00000175318.11",0.0144017841669003,0.00415097077878415,0.000521432252913234
"chr15:72362466:72375720:clu_18091:ENSG00000213614.9",0.00794435145551419,0.00527301774304757,0.13191210241267
"chr15:72313741:72315845:clu_18085:ENSG00000140488.15",0.0120021352675243,0.00586635567912829,0.0407635569309682
"chr15:72567177:72570177:clu_18097:ENSG00000166233.14",0.00112189691384356,0.00508549224600637,0.825398185854003
"chr15:72686251:72695177:clu_18099:ENSG00000140463.13",0.00431983849505057,0.00539930664922603,0.423668607915474
"chr15:72729684:72731305:clu_18102:ENSG00000140463.13",-0.00576681212300402,0.00690981742234057,0.403952865672386
"chr15:72219110:72231324:clu_18073:ENSG00000067225.17",0.0121381786268125,0.00515218668198388,0.0184765201257102
"chr15:72722847:72724528:clu_18101:ENSG00000140463.13",-0.00774796024838132,0.00554059008805706,0.161993033594802
"chr15:72561549:72566563:clu_18094:ENSG00000166233.14",-0.0128056834772028,0.00494047231041154,0.00954209365902237
"chr15:73988802:73989108:clu_18128:ENSG00000067221.13",-0.00108076017416929,0.0048739930983084,0.824516138774086
"chr15:74590003:74591151:clu_18154:ENSG00000179361.17",0.00832007921211855,0.00384828378981628,0.0306163804067213
"chr15:74824310:74825476:clu_18172:ENSG00000140506.16",0.013504508131437,0.00897353056803594,0.132342854571898
"chr15:75347473:75347959:clu_18202:ENSG00000140398.13",-0.0079658227672037,0.00529414420887671,0.132414634063694
"chr15:75490301:75505675:clu_18224:ENSG00000169410.9",0.00635999247151111,0.00471318921106986,0.177207502539176
"chr15:75352796:75353739:clu_18204:ENSG00000140398.13",0.0104773615821834,0.00429421880929606,0.0146923024896441
"chr15:74904712:74905154:clu_18188:ENSG00000178761.14",-0.00722928680297488,0.00617146743147007,0.241436088776853
"chr15:74458896:74461037:clu_18149:ENSG00000138629.15",-0.00171624692334264,0.00552251753106796,0.755973529684038
"chr15:74034530:74035143:clu_18132:ENSG00000140464.19",-0.00561739407314574,0.00558368448237001,0.314397695533299
"chr15:75869010:75873428:clu_18235:ENSG00000140367.11",-0.0349623207633205,0.00722121254161472,1.28789022046938e-06
"chr15:75905657:75913203:clu_18238:ENSG00000167196.13",-0.010515660546377,0.00723178759030434,0.145921718704782
"chr15:75430408:75436346:clu_18222:ENSG00000169375.15",0.00397725649541649,0.00528480175349839,0.451700020309183
"chr15:75854487:75868951:clu_18234:ENSG00000140367.11",-9.40668023146376e-05,0.00699885048041048,0.989276497639887
"chr15:75873568:75883366:clu_18235:ENSG00000140367.11",0.00845355669254016,0.00611055280157208,0.166531320462797
"chr15:75430408:75451423:clu_18222:ENSG00000169375.15",0.00211905365606273,0.00441009385183857,0.630871329276691
"chr15:75392815:75394680:clu_18219:ENSG00000169375.15",0.0142151345297966,0.00626030730153602,0.0231665506669505
"chr15:75339878:75339965:clu_18200:ENSG00000140365.15",0.0142143174152332,0.00808916822361427,0.0788830720306239
"chr15:75859982:75868951:clu_18234:ENSG00000140367.11",-0.0169961861189783,0.00865129136421341,0.0494624384469639
"chr15:74890201:74890527:clu_18184:ENSG00000178802.17",-0.00735672015049788,0.00649846598637494,0.257604892310281
"chr15:74826867:74827999:clu_18173:ENSG00000213578.5",-0.00778412148237929,0.00904936445767753,0.389687442387573
"chr15:74905231:74906324:clu_18189:ENSG00000178761.14",0.00664011089497713,0.0035949311373152,0.0647361315445747
"chr15:75479914:75490208:clu_18224:ENSG00000169410.9",-0.0138362290352655,0.0063982256794402,0.0305788628109109
"chr15:75354492:75354630:clu_18205:ENSG00000140398.13",-0.0225394298683214,0.0059759349601148,0.000162139560999752
"chr15:75904103:75913203:clu_18238:ENSG00000167196.13",-0.00101260188814024,0.00508368161523866,0.842116683852507
"chr15:75359191:75359328:clu_18213:ENSG00000140400.16",0.00127562186877432,0.00574358828597619,0.824239980456111
"chr15:76338514:76340276:clu_18248:ENSG00000159556.9",0.0183006237036342,0.00577821233417906,0.00153926370328694
"chr15:75956011:75961828:clu_18240:ENSG00000169752.16",-0.0024845218415705,0.00477902777974478,0.603147087639166
"chr15:78162367:78163507:clu_18288:ENSG00000166411.13",0.0033451685240978,0.00524723936165052,0.523792579374888
"chr15:81306166:81306420:clu_18350:ENSG00000172349.17",0.0037338150786418,0.00385528962945721,0.332798982455489
"chr15:81306166:81306423:clu_18350:ENSG00000172349.17",-0.0062542786572656,0.00395003223110382,0.113341993705104
"chr15:81306545:81308605:clu_18349:ENSG00000172349.17",0.00165258522564876,0.00371748258810251,0.656649199048741
"chr15:28744899:28745597:clu_17043:ENSG00000248334.6",0.00453697332791318,0.00401723327626819,0.258738572656402
"chr15:34904505:34906545:clu_17147:ENSG00000021776.10",0.00386484291916047,0.00495600076271774,0.435490370087533
"chr15:85620172:85639374:clu_18484:ENSG00000170776.21",0.00549071140256562,0.00498907703204418,0.2710940690987
"chr15:85136663:85137797:clu_18474:ENSG00000073417.14",0.00239430022654732,0.00722930534381655,0.74049819520588
"chr15:85736134:85740225:clu_18491:ENSG00000170776.21",0.00450521511829021,0.00462238354581697,0.329732937051435
"chr15:88639178:88639343:clu_18515:ENSG00000172183.14",-0.00102573505284576,0.00410891098215384,0.802868300386469
"chr15:89324227:89325450:clu_18537:ENSG00000140521.12",0.0078172319249221,0.00323784325076779,0.0157640460749985
"chr15:88516973:88527599:clu_18510:ENSG00000140543.14",-0.00262695636224867,0.00366422266725943,0.473423149415277
"chr15:90638815:90641097:clu_18606:ENSG00000140577.15",-0.000272612333304128,0.00413680570098999,0.947458049206478
"chr15:84204516:84204787:clu_18427:ENSG00000225151.10",-0.0102840622143514,0.00496490378650265,0.0383259351627001
"chr15:84604333:84606529:clu_18447:ENSG00000176371.13",-0.0118298538398628,0.00513983103290552,0.0213575344036188
"chr15:92162998:92171780:clu_18658:ENSG00000176463.13",0.000389571410889072,0.00331012874885643,0.906312725993909
"chr15:43169677:43178607:clu_17423:ENSG00000137842.6",0.000641903994816615,0.00591807437896999,0.913626834954671
"chr15:76862533:76883812:clu_18253:ENSG00000140386.12",-0.00997094491265567,0.00516921414763256,0.0537421310240904
"chr15:76857879:76862416:clu_18253:ENSG00000140386.12",-0.00297744401200003,0.00550200394612905,0.588399866186127
"chr15:30613787:30614408:clu_17064:ENSG00000247728.2",-0.00717913916966763,0.00552068383731398,0.193461309580302
"chr15:84687774:84691535:clu_18460:ENSG00000140612.13",-0.0162061890828692,0.00743211506708684,0.0292158145258365
"chr15:74024927:74034478:clu_18131:ENSG00000140464.19",-0.0121135700758228,0.00442389917904272,0.00617743989904218
"chr15:101650161:101651696:clu_18793:ENSG00000184277.12",0.000693401454018457,0.00357045131965403,0.846014939145973
"chr15:64911964:64921921:clu_17887:ENSG00000241839.9",0.00303473446101135,0.00658153127694927,0.644727909364698
"chr15:64132352:64134664:clu_17863:ENSG00000028528.14",-0.00298660070336345,0.00881394011997627,0.73472298095536
"chr15:43347096:43348907:clu_17432:ENSG00000168803.14",-0.00399415105895116,0.00794483816380375,0.615150346906487
"chr15:45094691:45094936:clu_17509:ENSG00000140279.12",0.00954370913547007,0.00573109563800962,0.0958628154301296
"chr15:45094272:45094563:clu_17509:ENSG00000140279.12",-0.00310322039523932,0.00527291864031561,0.556183018691494
"chr15:44615566:44620190:clu_17497:ENSG00000104133.14",0.000135076604066142,0.00604903807914402,0.982184509455273
"chr15:44427772:44458991:clu_17477:ENSG00000137770.13",-0.00445009755397833,0.00556737481742312,0.424106601327942
"chr15:43446590:43446766:clu_17450:ENSG00000067369.13",0.00212531636073247,0.00821020880750382,0.795741221628447
"chr15:22587391:22589680:clu_16936:ENSG00000276550.4",-0.00138218840003369,0.00515890427106975,0.788758695060226
"chr15:22561183:22561258:clu_16930:ENSG00000276550.4",-0.0074251358776129,0.0062858164262811,0.237502461855228
"chr15:20452559:20453351:clu_16915:ENSG00000180229.12",0.0070058029806587,0.0425876567529081,0.869335080243582
"chr15:20437432:20438592:clu_16907:ENSG00000180229.12",-0.00262194313502535,0.0235572344210388,0.911377683091964
"chr15:20452588:20453351:clu_16915:ENSG00000180229.12",0.0202282312464624,0.0427909523364011,0.636411417428738
"chr15:72716850:72722789:clu_18101:ENSG00000140463.13",0.00620458819738718,0.004570897971268,0.174650584747119
"chr15:65021616:65023672:clu_17900:ENSG00000103707.9",-0.00323731046101447,0.00563929085684134,0.565924901987491
"chr15:44573745:44574902:clu_17489:ENSG00000104133.14",0.00491979979906706,0.00576329363972211,0.393302390159684
"chr15:44575041:44583814:clu_17489:ENSG00000104133.14",-0.00452745244462965,0.0054399464469561,0.405261932121783
"chr15:44337907:44338237:clu_17475:ENSG00000166734.18",-0.000670138593654549,0.00489374622661201,0.89108000029899
"chr15:44598836:44600467:clu_17494:ENSG00000104133.14",0.0034648170552708,0.00652354251326254,0.595332103936693
"chr15:44598373:44598631:clu_17494:ENSG00000104133.14",0.00195236826633219,0.00630804360721733,0.756937743335598
"chr15:22724235:22727105:clu_16942:ENSG00000283273.1",0.00691977924938165,0.00464097650760312,0.135956783923667
"chr15:22676934:22678197:clu_16939:ENSG00000276141.4",0.00567387570664152,0.00546853545275675,0.299479883231659
"chr15:22587391:22589943:clu_16936:ENSG00000276550.4",0.00429019430000069,0.00534695410614254,0.422343424434526
"chr15:44595459:44596083:clu_17493:ENSG00000104133.14",-0.0078756811748119,0.00549577151304853,0.151845326732436
"chr15:22947318:22980287:clu_16958:ENSG00000273749.4",0.0100418453085786,0.00496577593620096,0.0431545877536156
"chr15:82552616:82553467:clu_18380:ENSG00000214575.9",-0.00594726945509316,0.00373323043789041,0.111146168379856
"chr15:74823682:74824133:clu_18172:ENSG00000140506.16",-0.000930812157100628,0.00848130011005838,0.912608630289987
"chr15:76621829:76665653:clu_18255:ENSG00000140386.12",-0.0176748147411729,0.00598475903029192,0.00314391852652274
"chr15:22564532:22566305:clu_16932:ENSG00000276550.4",0.00506595761865146,0.0068361633086045,0.458661457121009
"chr15:74601895:74603167:clu_18156:ENSG00000179335.18",0.00372231138741742,0.00412080997092136,0.366368790075392
"chr15:43349045:43350941:clu_17435:ENSG00000168803.14",-0.000913089559223154,0.00673836247306706,0.892211701735239
"chr15:43345980:43347016:clu_17432:ENSG00000168803.14",0.00702689964025495,0.00670050066415868,0.294310401856079
"chr15:45153217:45167486:clu_17531:ENSG00000259539.1",0.00473211100479706,0.00461128943745291,0.304796730258395
"chr15:45153217:45167486:clu_17531:ENSG00000138606.19",0.00473211100479706,0.00461128943745291,0.304796730258395
"chr15:44585850:44592331:clu_17491:ENSG00000104133.14",-0.00133236636394956,0.00584751676270307,0.819761568897997
"chr15:43414116:43415594:clu_17445:ENSG00000067369.13",-0.0200150970403844,0.00821677543015291,0.0148555213725486
"chr15:65451110:65451960:clu_17919:ENSG00000074603.18",-0.00496489916005461,0.00469185269891766,0.289966152660595
"chr15:43366808:43368923:clu_17434:ENSG00000140265.12",0.01331309569629,0.00662612137612185,0.0445176455667523
"chr15:44490999:44496380:clu_17480:ENSG00000137770.13",-0.00228314588979941,0.00602876466229006,0.70490415984033
"chr15:44585850:44589252:clu_17491:ENSG00000104133.14",0.00196413667607249,0.00739459403634378,0.790533484221991
"chr15:43369127:43369596:clu_17434:ENSG00000140265.12",-0.00796007310182111,0.00616252612251503,0.196464536852345
"chr15:73945440:73946417:clu_18124:ENSG00000129038.15",0.0018076640854254,0.00596325618659067,0.761787950585527
"chr15:48336090:48341289:clu_17566:ENSG00000128951.13",-0.00771519733039827,0.0080527139134249,0.338019089621087
"chr15:74197423:74197752:clu_18145:ENSG00000137868.18",-0.00538584528870886,0.00558902527559259,0.335223127585138
"chr15:22579723:22587344:clu_16936:ENSG00000276550.4",-0.00837515174709792,0.00574261511332674,0.144724474817211
"chr15:50441493:50449400:clu_17614:ENSG00000138592.13",0.00201399623348204,0.00491750389642274,0.682131230548588
"chr15:44567592:44570525:clu_17487:ENSG00000104133.14",0.0104394431264856,0.00480177311782194,0.0296990615996464
"chr15:65162645:65164029:clu_17910:ENSG00000166855.9",-0.00629063381490529,0.00462119398536,0.173432407799314
"chr15:74043139:74044226:clu_18134:ENSG00000140464.19",0.00409387872544669,0.00443941757453936,0.356442138388788
"chr15:75381705:75384264:clu_18218:ENSG00000169375.15",-0.0015910309838196,0.00695978089644491,0.819177024512723
"chr15:22548072:22554385:clu_16926:ENSG00000276550.4",-0.00312332723324262,0.00734094629085327,0.670496587092981
"chr15:44595459:44596060:clu_17493:ENSG00000104133.14",0.00418960956926264,0.00661864600515343,0.526732987061588
"chr15:43169677:43181181:clu_17423:ENSG00000137842.6",-0.00576260888218004,0.00914727548906256,0.528707078137454
"chr15:43332000:43333311:clu_17430:ENSG00000168803.14",-0.00279565981870538,0.0060362030156285,0.643257756083105
"chr15:43189280:43190325:clu_17425:ENSG00000166946.13",-0.00968713951667271,0.00785582302793648,0.217532562546538
"chr15:76274494:76285637:clu_18246:ENSG00000140374.15",0.0127277418402328,0.00759831185942685,0.0939195276054059
"chr15:101966223:101966522:clu_18803:ENSG00000185596.16",0.00708502519771466,0.00595678192305383,0.234280400628025
"chr15:72771845:72783246:clu_18106:ENSG00000159322.17",0.0110662643308581,0.00551029654466152,0.0446126596288553
"chr15:42187856:42189114:clu_17351:ENSG00000166887.15",0.00047919832249251,0.00689051228142879,0.944556086451847
"chr15:43639798:43640324:clu_17461:ENSG00000166762.16",-0.0251159536334419,0.00946295753620104,0.00795123367879458
"chr15:43192803:43194415:clu_17426:ENSG00000166946.13",-0.00453511422865385,0.0139419866649057,0.744965648550481
"chr15:43336686:43340265:clu_17431:ENSG00000168803.14",0.00568194687426842,0.00545998250269102,0.298036649051354
"chr15:64861575:64864899:clu_17887:ENSG00000166839.16",0.00620998927597283,0.00701082982154361,0.375740975729335
"chr15:42840433:42871445:clu_17407:ENSG00000128881.16",0.00902475627000533,0.00560019962383256,0.107069442610379
"chr15:43438416:43441526:clu_17449:ENSG00000067369.13",0.00446582774999944,0.00892035053800587,0.616628967804716
"chr15:42560870:42561270:clu_17385:ENSG00000137814.10",0.0131675578324897,0.00603690131640561,0.0291702350956969
"chr15:65093231:65094475:clu_17904:ENSG00000246922.8",-0.0087918062341529,0.00643244728528126,0.171691059681879
"chr15:22674586:22676805:clu_16939:ENSG00000276141.4",8.60422472218345e-06,0.00705993750752708,0.999027586808426
"chr15:84014724:84016383:clu_18419:ENSG00000156218.12",-0.0156782851640992,0.00535485129305958,0.00341297486277903
"chr15:22678383:22681176:clu_16940:ENSG00000276141.4",0.006515662907444,0.00493057792011582,0.186341177811692
"chr15:64381038:64381326:clu_17871:ENSG00000166803.11",0.00446796200410861,0.00493880360865085,0.3656429703662
"chr15:42448705:42466053:clu_17381:ENSG00000103994.16",-0.000801231413970734,0.00893968060085364,0.928584102480378
"chr15:58597641:58599598:clu_17749:ENSG00000137845.14",-0.00297346195884627,0.00593910517636497,0.616611665119242
"chr15:75527261:75578714:clu_18226:ENSG00000169410.9",0.00761681358345725,0.00547918150924817,0.164487244339804
"chr15:72727994:72731305:clu_18102:ENSG00000140463.13",-0.0169289353947358,0.00826864122055573,0.0406221562207049
"chr15:72695228:72709700:clu_18099:ENSG00000140463.13",-0.0106175572646584,0.00641018234469977,0.0976493268311854
"chr15:84655409:84657176:clu_18458:ENSG00000197696.9",-0.000588899483409365,0.00491125232790289,0.904555859488257
"chr15:43364382:43366110:clu_17433:ENSG00000140265.12",-0.0124090414467533,0.00823269243154588,0.131736760715828
"chr15:50736740:50739680:clu_17633:ENSG00000138600.9",0.00967911416640216,0.00431166964015266,0.0247768317102939
"chr15:50739828:50747495:clu_17633:ENSG00000138600.9",-0.00552521316176235,0.00454507534178827,0.224118922339335
"chr15:22740318:22741060:clu_16944:ENSG00000275325.4",0.00208518111091193,0.00533999055274851,0.696178651104309
"chr15:22587650:22589943:clu_16936:ENSG00000276550.4",-0.00104921217742101,0.00814335272275109,0.897482056595638
"chr15:66436892:66443280:clu_17946:ENSG00000169032.9",-0.0078447102071095,0.00389780739241332,0.0441571848516085
"chr15:41820081:41820832:clu_17306:ENSG00000137802.13",-0.0092584023149841,0.00535935859107429,0.0840742106054829
"chr15:41819650:41820832:clu_17306:ENSG00000137802.13",0.00341162112384885,0.0048523945126681,0.482005947948119
"chr15:44589414:44592331:clu_17491:ENSG00000104133.14",0.00249345462218551,0.0075020759544554,0.739610931599041
"chr15:65447006:65450999:clu_17919:ENSG00000074603.18",0.00197790791108861,0.00437338277517476,0.6510813891528
"chr15:43048491:43054742:clu_17416:ENSG00000159459.11",-0.00245980615452158,0.00762596542846747,0.747030999371707
"chr15:82431949:82432576:clu_18371:ENSG00000197978.9",0.00496627148955676,0.00439644880895318,0.258640696057195
"chr15:52208643:52211730:clu_17663:ENSG00000128833.12",-0.0100908003405538,0.00515494562420541,0.0502888420887961
"chr15:52205966:52208554:clu_17663:ENSG00000128833.12",0.00685093174106394,0.00484251209515061,0.157142550433407
"chr15:76225929:76227713:clu_18245:ENSG00000140374.15",0.00817028770495251,0.00877418758560896,0.351764015506023
"chr15:75969224:76009200:clu_18241:ENSG00000169752.16",-0.0113684647068576,0.00617917088149645,0.0657969846459193
"chr15:22573181:22573279:clu_16934:ENSG00000276550.4",-0.00304249766123871,0.00763393882005819,0.690225645173172
"chr15:64981025:64989665:clu_17891:ENSG00000090487.10",-0.0104889673685764,0.00571155296926032,0.0662914948404316
"chr15:75621056:75625336:clu_18228:ENSG00000169371.13",0.0113994235327467,0.00582605473019761,0.0503911858636071
"chr15:22562731:22562949:clu_16931:ENSG00000276550.4",-0.010871616272381,0.00683033465051937,0.111459612416158
"chr15:42952448:42958013:clu_17409:ENSG00000159459.11",-0.0133043224358364,0.0101759308326608,0.191066541124773
"chr15:82663233:82663560:clu_18383:ENSG00000103723.12",-0.00498404950053823,0.00428005033591483,0.244227983787538
"chr15:76948552:76949070:clu_18263:ENSG00000117906.13",-0.00927970606331893,0.006285390170375,0.139838420213982
"chr15:43664543:43668028:clu_17460:ENSG00000249839.1",-0.00150686197109431,0.00735111256494982,0.837584464934066
"chr15:43664543:43668028:clu_17460:ENSG00000166762.16",-0.00150686197109431,0.00735111256494982,0.837584464934066
"chr15:43364487:43366110:clu_17433:ENSG00000140265.12",0.00524621317627322,0.00857711881673309,0.54076792583634
"chr15:42292917:42306546:clu_17362:ENSG00000214013.9",-0.000224812330057325,0.0066766497916159,0.973139163521248
"chr15:43190151:43190325:clu_17425:ENSG00000166946.13",0.00732059568595344,0.0059407829781077,0.217851571019586
"chr15:72271287:72272281:clu_18081:ENSG00000137817.16",0.000175733104281743,0.00696286437336347,0.979864630591482
"chr15:64926170:64926901:clu_17887:ENSG00000241839.9",0.00055447380557869,0.00560391179503615,0.921182682765947
"chr15:64926170:64926901:clu_17887:ENSG00000166839.16",0.000937168804554021,0.00586259442343262,0.872994790390272
"chr15:74828888:74829118:clu_18174:ENSG00000213578.5",0.0157298691780348,0.00918696427460868,0.0868608412129523
"chr15:43185607:43189199:clu_17424:ENSG00000166946.13",-0.000829929638053447,0.00800707494449483,0.917447471789981
"chr15:43630732:43632199:clu_17458:ENSG00000166762.16",-0.00771005490631004,0.00769080926301261,0.31610099782064
"chr15:20444419:20445859:clu_16914:ENSG00000180229.12",0.0174817630691539,0.0286455191684617,0.541676906624534
"chr15:67408475:67421335:clu_17969:ENSG00000259673.5",-0.00761079565384623,0.00410809242475087,0.0639346977383712
"chr15:41828188:41834970:clu_17311:ENSG00000243789.10",-0.0167533397764101,0.00560618280500005,0.00280471218019152
"chr15:42273444:42274168:clu_17360:ENSG00000214013.9",0.00446887903634897,0.00564307920591126,0.428406110124047
"chr15:22516990:22534068:clu_16922:ENSG00000276550.4",-0.0105452167229436,0.00719208422880286,0.142586885428039
"chr15:45098058:45099383:clu_17512:ENSG00000140279.12",0.00408365500742641,0.00585230068783375,0.485310873292535
"chr15:22562026:22562949:clu_16931:ENSG00000276550.4",-0.00330077216770708,0.00593715639039415,0.578243876237686
"chr15:43647467:43647917:clu_17460:ENSG00000166762.16",0.00980260667865537,0.0084707111041841,0.247176201940738
"chr15:43647467:43647917:clu_17460:ENSG00000249839.1",0.00980260667865537,0.0084707111041841,0.247176201940738
"chr15:76753948:76764961:clu_18257:ENSG00000140386.12",-0.00359570658206334,0.00675596496821494,0.594568824381099
"chr15:42360114:42384483:clu_17367:ENSG00000092529.23",-0.0128968274310463,0.00860585015961503,0.133974404929876
"chr15:40290837:40291018:clu_17208:ENSG00000137841.11",0.0107036276541543,0.0064007965450685,0.0944782486682205
"chr15:22561789:22562949:clu_16931:ENSG00000276550.4",-0.000529302555476725,0.00665542055851076,0.936611434112757
"chr15:42559408:42561270:clu_17385:ENSG00000137814.10",0.00864061034505881,0.00595898637521077,0.147054770790049
"chr15:43186233:43189199:clu_17424:ENSG00000166946.13",-0.0124575186041186,0.00683117552799218,0.068208427142
"chr15:43351041:43351751:clu_17435:ENSG00000168803.14",0.00215158576711478,0.00796632154856534,0.78709468674894
"chr15:43397321:43398041:clu_17439:ENSG00000137822.12",-0.0100556237354557,0.00547915905286124,0.0664687346071643
"chr15:43397321:43398038:clu_17439:ENSG00000137822.12",0.0149286099485977,0.00579241441857103,0.0099584426713204
"chr15:75023626:75028247:clu_18193:ENSG00000138621.11",0.00637115112689321,0.00494308320264723,0.197432067175362
"chr15:43648066:43649727:clu_17460:ENSG00000249839.1",0.00393755339221367,0.0123295932567774,0.749455108048203
"chr15:43648066:43649727:clu_17460:ENSG00000166762.16",0.00393755339221367,0.0123295932567774,0.749455108048203
"chr15:22516990:22537438:clu_16922:ENSG00000276550.4",0.0022289047865439,0.00738757504037085,0.762873193856419
"chr15:72346325:72346527:clu_18089:ENSG00000213614.9",-0.00142838158860793,0.00679450843821081,0.83349137316009
"chr15:48843588:48851188:clu_17576:ENSG00000185634.11",0.000641310381684854,0.00472178083416121,0.891963896500671
"chr15:43192803:43194081:clu_17426:ENSG00000166946.13",-0.00279179398607379,0.0201360383347545,0.889729388639668
"chr15:56365670:56373441:clu_17703:ENSG00000151575.14",-0.00150455666371132,0.00560834506546194,0.788490682396867
"chr15:42521708:42528262:clu_17382:ENSG00000092531.9",0.000603337300115494,0.00781334358266713,0.938449457078528
"chr15:44537427:44550876:clu_17484:ENSG00000104131.12",0.00517167497199056,0.00644688646415988,0.422438832854185
"chr15:42154458:42155517:clu_17342:ENSG00000168907.13",0.0086501147897903,0.00778026116071606,0.26622302253632
"chr15:22674586:22678197:clu_16939:ENSG00000276141.4",-0.00222061766283185,0.00592609549095249,0.707869825894006
"chr15:45106641:45106832:clu_17513:ENSG00000140279.12",-0.00118702801143772,0.00472347135911904,0.801578957620222
"chr15:45487632:45488841:clu_17543:ENSG00000104154.6",0.000450149898457345,0.00617166524181639,0.941855328595117
"chr15:20431235:20435849:clu_16906:ENSG00000180229.12",0.0358155679513556,0.0261016349177431,0.170014247642729
"chr15:42637939:42638026:clu_17386:ENSG00000159433.11",-0.00176940045617375,0.00624849084248509,0.77704464665575
"chr15:45178306:45187454:clu_17532:ENSG00000138606.19",-0.00513910596561077,0.00434923668605986,0.237360081755539
"chr15:73920038:73925270:clu_18122:ENSG00000261801.5",-0.00510137709714965,0.00662627492479448,0.441376400516835
"chr15:22561789:22561896:clu_16931:ENSG00000276550.4",-0.00735138062172815,0.00593924873426985,0.215804058229024
"chr15:75854487:75859878:clu_18234:ENSG00000140367.11",0.0130488544653145,0.00770736161168544,0.0904482744019783
"chr15:43022801:43024829:clu_17412:ENSG00000159459.11",0.00729772791001285,0.00749855720158316,0.330445160902783
"chr15:84691644:84716025:clu_18460:ENSG00000140612.13",0.00673771706400394,0.0071549969071436,0.346356527921424
"chr15:43021375:43022702:clu_17412:ENSG00000159459.11",-0.0141371911142022,0.00854719465562084,0.0981243949747044
"chr15:41754567:41757788:clu_17300:ENSG00000174197.16",0.00390256367489042,0.00638600140192612,0.541125271622372
"chr15:41757839:41760323:clu_17300:ENSG00000174197.16",-0.0061443455864477,0.00576760542629197,0.286731131585194
"chr15:41879499:41879734:clu_17330:ENSG00000137877.9",0.0107573870998703,0.00437063311704378,0.0138439164671537
"chr15:45123043:45129018:clu_17517:ENSG00000140254.12",-0.00355970321531125,0.00669574228611611,0.594977549940121
"chr15:20383456:20431093:clu_16905:ENSG00000180229.12",-0.0238533413685955,0.0210631825542348,0.257438505498357
"chr15:22839790:22845146:clu_16949:ENSG00000140157.14",-0.00260980901810354,0.00558983410973237,0.640582244732694
"chr15:75349339:75352324:clu_18203:ENSG00000140398.13",0.000496754267911955,0.00616647351623084,0.935794049836547
"chr15:50574479:50574637:clu_17625:ENSG00000092439.13",0.00154555194080523,0.00611917817754747,0.800596586116062
"chr15:50492913:50493060:clu_17619:ENSG00000138592.13",-0.00575348155751733,0.00753212599257869,0.444951325740102
"chr15:42161773:42162032:clu_17344:ENSG00000166887.15",-0.0173514341892256,0.00570249552853857,0.00234404337315097
"chr15:42734047:42735100:clu_17402:ENSG00000140326.12",-0.0201948601458927,0.00675376143602119,0.00278826910939178
"chr15:42735374:42735510:clu_17403:ENSG00000140326.12",0.000703528561799293,0.00774412246700873,0.927614341539902
"chr15:42735327:42735510:clu_17403:ENSG00000140326.12",0.00780205259396297,0.00796040793039859,0.327033238562228
"chr15:20466370:20477202:clu_16918:ENSG00000180229.12",0.00268022474751541,0.0261156353393315,0.918257328186108
"chr15:76337967:76338252:clu_18248:ENSG00000159556.9",-0.00755582755663536,0.00705515293810058,0.284184804613186
"chr15:42189208:42191125:clu_17351:ENSG00000166887.15",-0.0160743568973158,0.00687909581763238,0.0194549874786777
"chr15:20669637:20671113:clu_16920:ENSG00000258590.5",-0.0413461348950851,0.0289015883802928,0.152549624733471
"chr15:20669637:20669973:clu_16920:ENSG00000258590.5",-0.00648261352718134,0.0272670232836041,0.81207845031463
"chr15:20671268:20681110:clu_16921:ENSG00000258590.5",0.00179933694191718,0.0265336717381711,0.945934223257862
"chr15:20463001:20483403:clu_16918:ENSG00000180229.12",-0.055072576089411,0.0308759779801926,0.0744771960265153
"chr15:20458447:20462343:clu_16917:ENSG00000180229.12",-0.0306250012553586,0.0288594007559946,0.288608384423732
"chr15:20440642:20443339:clu_16912:ENSG00000180229.12",-0.00977777217474756,0.0207785718755425,0.637947848760802
"chr15:20466370:20505391:clu_16918:ENSG00000180229.12",0.0793590207325488,0.0444763306590969,0.074375281028628
"chr15:20443521:20444227:clu_16913:ENSG00000180229.12",-0.064322417063443,0.0444738495777476,0.14809377916749
"chr15:20483517:20505391:clu_16918:ENSG00000180229.12",-0.0174208062351783,0.0384830990708621,0.650774000290798
"chr15:20440642:20443371:clu_16912:ENSG00000180229.12",0.015365791886738,0.0685414174091749,0.822615236596588
"chr15:20463001:20466195:clu_16918:ENSG00000180229.12",-0.0334497752227673,0.0551913936320849,0.544469146089394
"chr15:20439123:20439508:clu_16908:ENSG00000180229.12",-0.0349047547503447,0.0518393350836058,0.500740128584233
"chr15:20466370:20476925:clu_16918:ENSG00000180229.12",0.230607405344116,-0.101983419330881,0.0237453593448594
