"phenotype","causal_b","causal_se","causal_p"
"chr17:49705896:49706204:clu_12885:ENSG00000121073.13",-0.0011640018950627,0.00359684715913776,0.746227803696417
"chr17:50552180:50554251:clu_12958:ENSG00000006282.20",-0.00539304859008763,0.0025709812639332,0.0359350521175019
"chr17:49707068:49707343:clu_12885:ENSG00000121073.13",-0.017660503957751,0.00245927535583566,6.9111383282916e-13
"chr17:49811574:49815803:clu_12888:ENSG00000136504.11",-0.00539587773661197,0.00311189852224638,0.0829268813549822
"chr17:50737026:50740306:clu_12975:ENSG00000108848.15",0.00807594544792063,0.00431548138120024,0.0612911484011684
"chr17:50549186:50549985:clu_12954:ENSG00000006282.20",-0.00231171491183075,0.00291248407262559,0.427354844916806
"chr17:50737026:50737287:clu_12975:ENSG00000108848.15",-0.00588171266852192,0.00345587546981856,0.0887655329733611
"chr17:50532844:50536029:clu_12946:ENSG00000049283.17",-0.00920867428208071,0.00553974354388915,0.0964541359012447
"chr17:50547767:50548043:clu_12953:ENSG00000006282.20",0.00432825899221886,0.00323050594791659,0.180307645336435
"chr17:49611457:49618981:clu_12879:ENSG00000121067.17",0.008681142460379,0.00388196785948136,0.0253338509475393
"chr17:49705896:49706204:clu_12885:ENSG00000121104.7",-0.00523672721794616,0.00370515293659474,0.157548927777936
"chr17:50661114:50663681:clu_12964:ENSG00000108846.15",0.00239682510338548,0.00296608218443986,0.419045808737368
"chr17:49413291:49414740:clu_12875:ENSG00000167085.11",0.00758368070383649,0.00326112571054545,0.0200463394711311
"chr17:49707068:49707343:clu_12885:ENSG00000121104.7",-0.016977492656969,0.00242821941746095,2.7148283621159e-12
"chr17:50552180:50554256:clu_12958:ENSG00000006282.20",0.00784085121939406,0.00253704613535602,0.00199790596451821
"chr17:50472579:50473665:clu_12931:ENSG00000167107.12",0.00612580687006244,0.00363744413691183,0.0921630243830835
"chr17:78822004:78827245:clu_13882:ENSG00000055483.19",-0.000510557008664888,0.00308011607341971,0.868346600557604
"chr17:80425100:80425492:clu_13976:ENSG00000173818.16",-0.00812786823746998,0.00314696630396406,0.00980126171970941
"chr17:80097403:80099527:clu_13929:ENSG00000171298.12",0.00916243665149747,0.0028102246691458,0.00111257963355804
"chr17:79079637:79080207:clu_13898:ENSG00000167280.16",-8.6705932700691e-05,0.00227351669540617,0.969578161179954
"chr17:79835712:79837837:clu_13914:ENSG00000141582.14",0.00124640738446416,0.00267508402425835,0.641264138911238
"chr17:80097403:80099527:clu_13929:ENSG00000141519.14",0.00919733786757195,0.00292961391087071,0.00169272894559824
"chr17:80260902:80263574:clu_13956:ENSG00000173821.19",-0.00322424732327234,0.0028040140488507,0.250198052042335
"chr17:80204596:80205333:clu_13941:ENSG00000262580.5",-0.00132975216589342,0.00218713976597225,0.54319621093692
"chr17:80215138:80217032:clu_13947:ENSG00000181523.12",0.00328901266092679,0.00260867396500721,0.207381393756755
"chr17:79000270:79009664:clu_13893:ENSG00000171302.16",-0.00170762011769931,0.0025442587889294,0.502114754728524
"chr17:80225916:80227818:clu_13951:ENSG00000181045.14",-0.00145835647560186,0.00316344679929404,0.644796903894205
"chr17:80101625:80104555:clu_13929:ENSG00000141519.14",0.00797140167585208,0.002313594353632,0.000570083890405249
"chr17:80204617:80205333:clu_13941:ENSG00000262580.5",0.00508506504842518,0.00424082283194788,0.230498746348256
"chr17:80225916:80236928:clu_13951:ENSG00000181045.14",0.00413192817907903,0.0027834349100197,0.137684032572331
"chr17:78419675:78420214:clu_13876:ENSG00000087157.18",0.000914308935310629,0.00241008638969271,0.704414831213739
"chr17:80178655:80179104:clu_13937:ENSG00000141527.16",0.00159036821195478,0.00250622727463945,0.525711093607524
"chr17:78398351:78399348:clu_13873:ENSG00000087157.18",0.000591858761021686,0.00196762964807022,0.763568650579282
"chr17:80101625:80104555:clu_13929:ENSG00000171298.12",0.00646830556203333,0.00229736269831149,0.00486960608711839
"chr17:79835520:79835646:clu_13914:ENSG00000141582.14",-0.00245076394792792,0.0025988858366306,0.345678028669193
"chr17:79044885:79046555:clu_13894:ENSG00000173918.14",-0.00308024934678841,0.00351432382994528,0.380766856510411
"chr17:78692493:78696007:clu_13878:ENSG00000108669.16",0.00473513446340772,0.00229133243687848,0.0387773413318518
"chr17:47361521:47370437:clu_12758:ENSG00000178852.15",0.00535176058005808,0.00228405011242033,0.0191241945461522
"chr17:47945612:47945861:clu_12802:ENSG00000108439.9",0.0125191236074244,0.00412311184486143,0.00239477990412029
"chr17:47082350:47099835:clu_12743:ENSG00000262879.5",0.0115750098719353,0.00296189383826426,9.30725701612234e-05
"chr17:47483090:47490166:clu_12764:ENSG00000228782.7",0.0231014821984531,0.00393242833945356,4.23840385010976e-09
"chr17:47531555:47545909:clu_12765:ENSG00000141279.15",-0.0124384551843191,0.00499288209222998,0.0127298988481631
"chr17:47585745:47586148:clu_12768:ENSG00000141279.15",0.0156132585556241,0.00502514182732225,0.00188978219303981
"chr17:47483090:47486763:clu_12764:ENSG00000228782.7",0.00706935727740056,0.00412268341023121,0.08639169950279
"chr17:47056753:47099835:clu_12743:ENSG00000262879.5",-0.00839557478475802,0.00482302763815079,0.0817314303432528
"chr17:47071650:47072472:clu_12743:ENSG00000262879.5",0.00385278550012147,0.00394393012444662,0.328623663117047
"chr17:47945989:47946323:clu_12802:ENSG00000108439.9",0.00215844296817272,0.00551096834958331,0.695307155279567
"chr17:47389427:47391437:clu_12758:ENSG00000178852.15",0.020655097467283,0.00416547206898193,7.09865271120158e-07
"chr17:47488955:47490166:clu_12764:ENSG00000228782.7",-0.0174932841138539,0.00353179612734771,7.30462925480069e-07
"chr17:48077041:48101268:clu_12823:ENSG00000108468.14",-0.00329737320382014,0.00447950696407606,0.461668738681594
"chr17:47585700:47586148:clu_12768:ENSG00000141279.15",-0.0157641160398802,0.00463142235640224,0.000664721706696625
"chr17:47345098:47370437:clu_12758:ENSG00000178852.15",-0.0114510975554721,0.00277598734463979,3.70647866746454e-05
"chr17:46929584:46931099:clu_12738:ENSG00000108433.16",-0.000297577573691718,0.00423165222307848,0.943937499142402
"chr17:47545993:47569417:clu_12765:ENSG00000141279.15",0.00742114519120726,0.00427020962816718,0.0822305868151736
"chr17:48071579:48074829:clu_12821:ENSG00000108468.14",-0.00147652507599341,0.00528518978675981,0.779960658352086
"chr17:48071579:48075006:clu_12821:ENSG00000108468.14",-0.00858042848396145,0.00532830059229256,0.107321484834728
"chr17:46528859:46570759:clu_12728:ENSG00000185829.17",-0.0161351505164912,0.00282588075701677,1.13123931333448e-08
"chr17:75933088:75937566:clu_13731:ENSG00000188878.19",-0.00502346966443122,0.00337709961763524,0.136880147480926
"chr17:75485998:75486290:clu_13587:ENSG00000177728.16",0.00696708162712983,0.00331312885259985,0.0354770727084128
"chr17:75226157:75231340:clu_13563:ENSG00000125450.10",-0.0116654913319035,0.00278213227821828,2.75284778984419e-05
"chr17:75216500:75218185:clu_13561:ENSG00000125450.10",-0.0115240457752955,0.00294977027427068,9.35418164210722e-05
"chr17:75130867:75130965:clu_13556:ENSG00000125458.6",0.00956843780065091,0.00458056889319536,0.0367150071638093
"chr17:75592840:75594475:clu_13632:ENSG00000266714.6",-7.10395082141186e-05,0.00262431744080534,0.978404134994114
"chr17:75229131:75231340:clu_13563:ENSG00000125450.10",0.0112157101942054,0.00278459674782465,5.63088207848894e-05
"chr17:75225464:75225698:clu_13562:ENSG00000125450.10",0.00191028294770283,0.00357881985781218,0.593497525863716
"chr17:76090397:76091143:clu_13758:ENSG00000182473.21",-0.0063059125134373,0.00305476947421832,0.0389907734317285
"chr17:75630277:75630619:clu_13658:ENSG00000108469.14",0.00160764595316214,0.00274686686392435,0.558369320237229
"chr17:75517655:75518995:clu_13609:ENSG00000182173.12",-0.00930118012430937,0.00361518970161088,0.010087786726858
"chr17:75843948:75844221:clu_13709:ENSG00000092929.11",-8.92772426305029e-05,0.00397910456852122,0.982099752258266
"chr17:75691535:75693440:clu_13664:ENSG00000161526.14",0.00316004749141768,0.00347294828225193,0.362873450269411
"chr17:75813878:75814823:clu_13693:ENSG00000132478.9",-0.00384095778756205,0.00338048032729727,0.255865934258899
"chr17:74477530:74481289:clu_13515:ENSG00000167851.13",0.00485743068829606,0.00318029328846354,0.126673241807771
"chr17:75226157:75228998:clu_13563:ENSG00000125450.10",-0.00641223852407405,0.00287423691616754,0.0256853706255477
"chr17:75605621:75605864:clu_13635:ENSG00000266714.6",-0.00725833532546422,0.00352256089035671,0.0393480924755716
"chr17:75485547:75485871:clu_13587:ENSG00000177728.16",-0.0039394400704938,0.00305600572468833,0.197369796827195
"chr17:75543501:75556046:clu_13617:ENSG00000073350.13",-0.00116964508841575,0.00289989422606554,0.686697675182107
"chr17:75594759:75594840:clu_13632:ENSG00000266714.6",-0.000413481528062087,0.00317303949561363,0.896320482667849
"chr17:75596899:75602517:clu_13634:ENSG00000266714.6",0.0035905643024172,0.00385142927484579,0.351198036162746
"chr17:75901027:75901201:clu_13718:ENSG00000204316.12",0.00899895029218154,0.00339625504686632,0.00805707643134779
"chr17:74771858:74771960:clu_13522:ENSG00000109065.11",0.00552157543702141,0.00293478249630588,0.0599140231896471
"chr17:75228384:75228998:clu_13563:ENSG00000125450.10",0.00766574564750329,0.00356219754049587,0.0313996419383392
"chr17:75591246:75591601:clu_13630:ENSG00000266714.6",-0.00433243636401719,0.00412090485786664,0.293106444917707
"chr17:75238389:75238652:clu_13564:ENSG00000125447.16",-0.0130125040826505,0.00305251693748432,2.0181166435318e-05
"chr17:75816873:75817326:clu_13694:ENSG00000132478.9",0.00768166927548061,0.00418946238809448,0.0667179649963383
"chr17:75226157:75226745:clu_13563:ENSG00000125450.10",0.00816625870712757,0.00263171463659479,0.00191557787648056
"chr17:75668625:75671816:clu_13664:ENSG00000161526.14",-0.00308158166634454,0.00319815796104903,0.33527212392872
"chr17:74773685:74775599:clu_13525:ENSG00000109065.11",-0.00201797137687245,0.002832654283115,0.476219636337825
"chr17:75130867:75131045:clu_13556:ENSG00000125458.6",0.00193440124028912,0.00382078564126674,0.612657550193871
"chr17:75847930:75848570:clu_13710:ENSG00000132471.11",0.000952432057895062,0.00409976095477252,0.816294103170332
"chr17:75225829:75226051:clu_13562:ENSG00000125450.10",-0.00472278957158516,0.00321877423981092,0.142304421333586
"chr17:75238090:75238652:clu_13564:ENSG00000125447.16",-0.000500073122891138,0.00311081784694868,0.87228798943645
"chr17:74963081:74963771:clu_13543:ENSG00000167861.15",-0.00141919919912667,0.00389563571246918,0.715630337330409
"chr17:75667478:75668516:clu_13664:ENSG00000161526.14",0.00596601830158941,0.00339227839906487,0.0786275615876126
"chr17:75630692:75630779:clu_13658:ENSG00000108469.14",-0.000692654821124992,0.00279455244061793,0.804243545589822
"chr17:75591246:75591616:clu_13630:ENSG00000266714.6",0.00329086853934318,0.00349164411573955,0.345937596315831
"chr17:69129751:69133641:clu_13445:ENSG00000154262.12",0.0110103134856502,0.00301597857441004,0.000261566920033096
"chr17:68125480:68125585:clu_13396:ENSG00000237854.3",-0.000762409571723067,0.00269746903002377,0.777453688354572
"chr17:68527900:68528870:clu_13413:ENSG00000108946.14",-0.00484493752440598,0.00257801628012416,0.0601997554307204
"chr17:68940962:68941939:clu_13426:ENSG00000141338.13",-0.00766720965163043,0.00403340469857248,0.0573115178945297
"chr17:68166912:68173943:clu_13396:ENSG00000237854.3",-0.00118182365656862,0.00349521717938106,0.73526826986374
"chr17:67675542:67687066:clu_13377:ENSG00000154217.14",-0.00612072831651406,0.00394455338096429,0.120736156789087
"chr17:67946325:67947726:clu_13389:ENSG00000171634.16",0.00348178946850296,0.00264725413336953,0.188427359461784
"chr17:67734439:67735900:clu_13379:ENSG00000130935.9",-0.0112364376241129,0.00352717915447328,0.00144417980731371
"chr17:69128804:69129610:clu_13445:ENSG00000154262.12",-0.00633267140360566,0.00292045185034043,0.0301292129138921
"chr17:67945896:67947726:clu_13389:ENSG00000171634.16",-0.00500296248328766,0.00276502368978301,0.0703928910067864
"chr17:67959875:67963333:clu_13390:ENSG00000171634.16",0.00777332363330234,0.00398793301254841,0.0512702097694308
"chr17:67726648:67734363:clu_13379:ENSG00000130935.9",0.00892823727864135,0.00372296023132041,0.0164778716908673
"chr17:69113360:69113618:clu_13443:ENSG00000154262.12",0.00233923556375784,0.00381107297514129,0.539347675598111
"chr17:68949472:68955219:clu_13426:ENSG00000141338.13",-0.0014250412573674,0.00397944759961571,0.720268277475861
"chr17:67948306:67959541:clu_13391:ENSG00000171634.16",-0.00563672617548472,0.00341060100526867,0.0983903884919515
"chr17:45545676:45584572:clu_12705:ENSG00000214425.7",0.0135523829747594,0.00368186088531825,0.000232456412021964
"chr17:45621152:45621908:clu_12710:ENSG00000204650.14",0.0118633023628312,0.00424236921554251,0.00516776205697655
"chr17:46038686:46039702:clu_12717:ENSG00000120071.13",-0.0192533008934985,0.00612881142816914,0.00168118547282881
"chr17:45517282:45517861:clu_12706:ENSG00000214425.7",0.00874043470277757,0.00373599417779812,0.0193085155340555
"chr17:45630158:45636283:clu_12709:ENSG00000204650.14",0.00952220818892999,0.00293408963594928,0.00117297868041166
"chr17:45398047:45402714:clu_12690:ENSG00000159314.11",-0.00105297366465689,0.00400191999768957,0.792460308802932
"chr17:45114366:45115094:clu_12653:ENSG00000161714.11",0.00475102377044934,0.00540457209984747,0.379360656796488
"chr17:45150919:45161257:clu_12665:ENSG00000224505.2",-2.16448931971171e-05,0.00502472371379368,0.996562980638331
"chr17:45458439:45475100:clu_12699:ENSG00000225190.10",0.00736347615061053,0.00392507334087748,0.0606539308154499
"chr17:45630158:45645901:clu_12709:ENSG00000204650.14",-0.0150297669142541,0.00366658509518914,4.14726610231675e-05
"chr17:45551537:45584572:clu_12705:ENSG00000214425.7",0.0113514329144678,0.00254659673967585,8.29243859334916e-06
"chr17:45220055:45220268:clu_12658:ENSG00000267121.5",-0.000506640919421095,0.00541276429507453,0.925426002410379
"chr17:45550732:45551440:clu_12705:ENSG00000214425.7",0.0100720422261746,0.00259147808288874,0.000101657492772467
"chr17:45114501:45115094:clu_12653:ENSG00000161714.11",-0.00312609075081802,0.00568389659674547,0.582325694082331
"chr17:46094701:46170855:clu_12719:ENSG00000120071.13",0.00879127672715242,0.00176771940757881,6.58461648761488e-07
"chr17:45620372:45621908:clu_12710:ENSG00000204650.14",-0.00898769875222487,0.00433691918438889,0.0382310017007674
"chr17:45458439:45468209:clu_12699:ENSG00000225190.10",-0.0179352223924141,0.00387340541489977,3.65048322259476e-06
"chr17:61393747:61399037:clu_13187:ENSG00000267280.5",0.00558124772336843,0.00241671045337721,0.0209191790548351
"chr17:61393747:61394622:clu_13187:ENSG00000267131.1",-0.00916057901894326,0.00421995486779396,0.0299480682870308
"chr17:61393747:61396009:clu_13187:ENSG00000267131.1",-0.00341354656905164,0.00373267500244172,0.360452027963438
"chr17:61393747:61399037:clu_13187:ENSG00000267131.1",0.00558124772336843,0.00241671045337721,0.0209191790548351
"chr17:61380571:61391977:clu_13182:ENSG00000141376.22",-0.0025531345429437,0.00559035202428242,0.647884019582555
"chr17:61393747:61399239:clu_13187:ENSG00000267280.5",-0.00276422695102547,0.00396633700027932,0.485851697907519
"chr17:61393747:61396009:clu_13187:ENSG00000267280.5",-0.00379792173428763,0.00367286907522104,0.30111387519518
"chr17:61393747:61399239:clu_13187:ENSG00000267131.1",-0.00276422695102547,0.00396633700027932,0.485851697907519
"chr17:61393747:61394622:clu_13187:ENSG00000267280.5",-0.00981543442369986,0.00409481641713192,0.0165281668975004
"chr17:68982641:68983709:clu_13428:ENSG00000154258.16",0.00428794565180051,0.00465651758295029,0.357129706588059
"chr17:35017606:35026374:clu_12045:ENSG00000185379.20",0.000406152809464155,0.00371725118754535,0.912995003576415
"chr17:35984452:35986571:clu_12098:ENSG00000276409.4",0.00126724498931668,0.00456668193946534,0.781397760734458
"chr17:35587428:35594008:clu_12072:ENSG00000006125.17",-0.000655067094055112,0.0045932809480474,0.886594881065439
"chr17:35884535:35884687:clu_12095:ENSG00000270240.2",0.00638405359430178,0.003294669594206,0.0526608594910325
"chr17:35133498:35135249:clu_12057:ENSG00000073536.17",-0.00559403921632543,0.00314198364592173,0.0750078395364759
"chr17:35133498:35134943:clu_12057:ENSG00000073536.17",0.00273045857814913,0.00310489847924429,0.379182537111441
"chr17:35833941:35834566:clu_12089:ENSG00000270647.5",-0.000828143400211958,0.00510684764581843,0.871177239013897
"chr17:35017606:35026374:clu_12045:ENSG00000092871.16",-0.00194559752621385,0.0038420907236936,0.612582673193666
"chr17:35423068:35432905:clu_12067:ENSG00000172123.12",-0.00112139668465493,0.00371093427092634,0.762509392557043
"chr17:35983888:35984338:clu_12098:ENSG00000276409.4",-4.56345910263822e-05,0.00444586509832042,0.991810256172006
"chr17:15503232:15506798:clu_11534:ENSG00000175106.16",0.00269548382881963,0.00314189094158089,0.390937913568928
"chr17:15503232:15506798:clu_11534:ENSG00000239704.10",0.000593401893876414,0.00317021680237632,0.851519329100176
"chr17:48723771:48724328:clu_12843:ENSG00000229637.3",-0.0127239325259517,0.00507928942134931,0.0122430093135667
"chr17:48910880:48916076:clu_12856:ENSG00000159202.17",0.0201601602844218,0.00402630994408264,5.52545295184892e-07
"chr17:48913021:48916076:clu_12856:ENSG00000159202.17",-0.0133187860529901,0.00496602657927004,0.00731877431659012
"chr17:50081408:50087744:clu_12901:ENSG00000005884.17",-0.00730611528608056,0.00301515277192566,0.0153873046291618
"chr17:48910880:48912834:clu_12856:ENSG00000159202.17",-0.00181397523260054,0.00405821040356296,0.654883033762362
"chr17:50081524:50087744:clu_12901:ENSG00000005884.17",-0.00221306138925279,0.00363620369714795,0.542777238976285
"chr17:48848455:48849252:clu_12852:ENSG00000136436.14",-0.00418527311768846,0.002588448156575,0.105898926495781
"chr17:50358540:50359969:clu_12923:ENSG00000015532.9",-0.00415418352449179,0.00336195215188904,0.216590090023781
"chr17:49846611:49846932:clu_12891:ENSG00000204584.1",0.00257019888781192,0.00339327843651497,0.448787346324905
"chr17:48546739:48548375:clu_12831:ENSG00000230148.8",0.0071502627869211,0.00399736322122194,0.0736559199433575
"chr17:48543637:48545495:clu_12829:ENSG00000230148.8",0.0126448200513311,0.00327631613877131,0.000113636582534382
"chr17:78787658:78796317:clu_13880:ENSG00000055483.19",0.00632966250162632,0.00227954931539549,0.00549110285753751
"chr17:79837902:79839011:clu_13914:ENSG00000141582.14",-0.00584352463222934,0.00277096478425757,0.0349582931614481
"chr17:80278910:80287815:clu_13957:ENSG00000173821.19",-0.00212541816894089,0.00261519466200204,0.416379233777879
"chr17:79104126:79106651:clu_13908:ENSG00000167281.18",-0.0038009745850591,0.00285952240934361,0.183770760962935
"chr17:80383928:80385039:clu_13972:ENSG00000173821.19",-0.000696384141427118,0.0032463977684513,0.830149524236275
"chr17:78977214:78979446:clu_13892:ENSG00000108679.12",-0.000551728988797982,0.00254892280524721,0.828632516553739
"chr17:78838750:78840736:clu_13889:ENSG00000055483.19",-0.000304400130862042,0.00325263025725543,0.925438159255973
"chr17:79835395:79835646:clu_13914:ENSG00000141582.14",0.0031341031319843,0.0025790966599352,0.224292057231818
"chr17:80389917:80390012:clu_13974:ENSG00000173821.19",0.000302096441592794,0.00247312056270263,0.902778698221631
"chr17:78977214:78979824:clu_13892:ENSG00000108679.12",-0.00201602552754116,0.00224263528620499,0.368677266005415
"chr17:79024494:79024862:clu_13894:ENSG00000173918.14",-0.000473126046536912,0.00252262985465117,0.851227306125954
"chr17:80390196:80393345:clu_13974:ENSG00000173821.19",0.000568734765378988,0.00239910168372887,0.812609040321857
"chr17:76313016:76313199:clu_13765:ENSG00000161542.16",0.00595798137848225,0.00248972191866532,0.0167098356707578
"chr17:77288210:77307141:clu_13830:ENSG00000184640.17",0.00304960555675966,0.00316302720613013,0.334975026638685
"chr17:75623854:75623949:clu_13651:ENSG00000266714.6",-0.00520791154129115,0.00449222527930222,0.246327139261908
"chr17:77320348:77402059:clu_13830:ENSG00000184640.17",0.0029288446594139,0.00362361571666518,0.418937585371074
"chr17:75721612:75724694:clu_13668:ENSG00000132470.13",-0.00782885827204632,0.00346926772352924,0.024031120366142
"chr17:75736694:75737322:clu_13676:ENSG00000132470.13",0.00349797502800556,0.00329622741464108,0.288596469930516
"chr17:75596555:75596768:clu_13637:ENSG00000266714.6",-0.00442969772859142,0.00482490724010655,0.35857189724848
"chr17:75658460:75662479:clu_13660:ENSG00000108469.14",0.00545698838653005,0.00418132233779545,0.191863309524636
"chr17:77203658:77205276:clu_13819:ENSG00000129657.14",0.00177593080008484,0.00309261719827978,0.565799650852096
"chr17:75489368:75489576:clu_13589:ENSG00000177728.16",-0.00285035406911504,0.00309722886904478,0.357420337169715
"chr17:75486426:75489266:clu_13588:ENSG00000177728.16",-0.00702083765517819,0.0055631089510646,0.206936228042365
"chr17:75613777:75614199:clu_13641:ENSG00000266714.6",0.0106447618431014,0.00460004468570166,0.0206646405530997
"chr17:76275947:76276680:clu_13762:ENSG00000129646.14",-0.00460431568846232,0.0030246283118166,0.127940220536406
"chr17:76528611:76530979:clu_13780:ENSG00000161544.9",0.00185062500931736,0.00240899734651672,0.4423601753227
"chr17:75668625:75693440:clu_13664:ENSG00000161526.14",0.00171850628570621,0.00567812877281373,0.762153839041416
"chr17:76574539:76578756:clu_13790:ENSG00000070731.10",0.00240830813607054,0.00289750876607951,0.405880372839372
"chr17:75613777:75613981:clu_13641:ENSG00000266714.6",-0.00630985060371402,0.00413198175196539,0.126742087716958
"chr17:75923638:75925347:clu_13727:ENSG00000188878.19",-0.000237118682477286,0.00374807654219593,0.949556203946464
"chr17:75923641:75925347:clu_13727:ENSG00000188878.19",0.0018827728123989,0.00352376286458017,0.593128826549779
"chr17:76313016:76313821:clu_13765:ENSG00000161542.16",-0.00611648567390986,0.0025018394233387,0.0144934310705432
"chr17:75985288:75986187:clu_13736:ENSG00000257949.6",0.00499993166705049,0.0034283876319815,0.144732639264114
"chr17:76561398:76563119:clu_13785:ENSG00000163597.14",-0.00141981562190579,0.00265388562639309,0.592653293587837
"chr17:75590689:75591172:clu_13629:ENSG00000266714.6",0.0100526629188899,0.0041944416247009,0.01654513415352
"chr17:75930047:75931229:clu_13730:ENSG00000188878.19",-0.000299060080244514,0.00309961999179981,0.923137117276739
"chr17:76558600:76558945:clu_13784:ENSG00000163597.14",0.00172210920772521,0.00301650532751313,0.568070506117462
"chr17:75815253:75816770:clu_13693:ENSG00000132478.9",0.00190271718185446,0.00355161297127577,0.592142916055606
"chr17:75590385:75590626:clu_13629:ENSG00000266714.6",0.00191472891528437,0.00246614130529605,0.437508822251477
"chr17:76561402:76563119:clu_13785:ENSG00000163597.14",0.00104248907619438,0.0027801950489088,0.707682954985986
"chr17:15438200:15503098:clu_11534:ENSG00000239704.10",0.000609748576990678,0.00373738832589168,0.870401666007969
"chr17:15438200:15503098:clu_11534:ENSG00000175106.16",6.71415215355356e-05,0.00381893089020514,0.985972926642866
"chr17:4982160:4982757:clu_11124:ENSG00000108509.20",-0.0133728244602007,0.00284447170871547,2.58461595303849e-06
"chr17:5533384:5536851:clu_11193:ENSG00000091592.15",0.00566888592024687,0.00255335545286847,0.0264071569981345
"chr17:4968981:4969150:clu_11120:ENSG00000108509.20",-0.00540970475717942,0.00292297301288796,0.0642049140245697
"chr17:5480582:5482809:clu_11187:ENSG00000072849.10",0.00623781634647795,0.00295319823175148,0.0346672361470414
"chr17:4891124:4891516:clu_11092:ENSG00000141503.15",-0.00369457737161694,0.00373002817858284,0.321931824410545
"chr17:5553556:5558339:clu_11195:ENSG00000091592.15",0.000565587281570276,0.00300904665279897,0.850906217154499
"chr17:5499950:5500031:clu_11190:ENSG00000091592.15",-0.00269058850993038,0.00349927005691523,0.441952717611239
"chr17:4942941:4944558:clu_11111:ENSG00000108523.15",-0.00247511706621714,0.0041853694928141,0.554270118443048
"chr17:5515517:5517746:clu_11191:ENSG00000091592.15",0.00165782975139966,0.00268789505116844,0.537382338621401
"chr17:5404246:5405057:clu_11174:ENSG00000108559.11",-0.00835016779471326,0.00220423159973306,0.00015171562861116
"chr17:5521786:5530481:clu_11192:ENSG00000091592.15",0.0038188537818944,0.0027138108323192,0.159370366088881
"chr17:5399650:5405057:clu_11174:ENSG00000108559.11",0.00787497120847162,0.00323476130731275,0.0149130829504674
"chr17:5387952:5388802:clu_11172:ENSG00000108559.11",-0.00447300620945916,0.00254298245260447,0.0785841829794794
"chr17:5501303:5501737:clu_11190:ENSG00000091592.15",0.00296383424272047,0.00341719444532006,0.38576138653101
"chr17:5500112:5501737:clu_11190:ENSG00000091592.15",-0.00202161809680379,0.00286011111639336,0.479670878050635
"chr17:4973253:4973585:clu_11123:ENSG00000108509.20",0.0107274423097923,0.00265367694515326,5.28882866422942e-05
"chr17:5350629:5354359:clu_11168:ENSG00000029725.16",0.000540836352387181,0.00319769919677138,0.865692054625646
"chr17:5344990:5346790:clu_11167:ENSG00000029725.16",0.00133302036476465,0.00329979704543342,0.686234478649082
"chr17:5532984:5536851:clu_11193:ENSG00000091592.15",-0.000681051603904325,0.00261881761070491,0.794816933480533
"chr17:5426082:5428071:clu_11180:ENSG00000129197.14",-0.000292103684785285,0.00350343341935622,0.933552249003849
"chr17:5109868:5111800:clu_11144:ENSG00000167840.13",0.00868355127839795,0.00266338335908556,0.00111276377495151
"chr17:5555180:5558339:clu_11195:ENSG00000091592.15",-0.00351418200810777,0.0027471427208451,0.200821889168886
"chr17:5338138:5346790:clu_11167:ENSG00000029725.16",-0.0013918698233252,0.00317255557146269,0.660863007445041
"chr17:5422829:5426236:clu_11180:ENSG00000129197.14",0.00600776997226944,0.0031496699200949,0.0564651298807737
"chr17:4818385:4818494:clu_11085:ENSG00000129219.13",-0.00245694613409156,0.00326922884083432,0.45232959743099
"chr17:5399650:5404099:clu_11174:ENSG00000108559.11",0.00595328873976058,0.0025307223914446,0.0186523598957099
"chr17:4973769:4974385:clu_11123:ENSG00000108509.20",-0.00948297449956882,0.00277871824691197,0.000643190790068693
"chr17:4889763:4890239:clu_11091:ENSG00000141503.15",-0.000836001820120047,0.00359988639535555,0.816359334277272
"chr17:5346925:5350451:clu_11168:ENSG00000029725.16",0.000840559037654209,0.00306660226154406,0.784006932404625
"chr17:5517887:5521524:clu_11192:ENSG00000091592.15",-0.00604761318418633,0.00315137281311188,0.0549791633520662
"chr17:5501872:5517746:clu_11191:ENSG00000091592.15",-0.00805656894326327,0.00297209989562281,0.00671346839004583
"chr17:4998156:4999013:clu_11133:ENSG00000129250.11",0.00105848405946795,0.00298133210088863,0.72256165784181
"chr17:68542165:68542694:clu_13417:ENSG00000108950.11",0.000314446127223088,0.00319186020897611,0.921523356959087
"chr17:69287751:69289177:clu_13467:ENSG00000154265.15",-0.00546391823719276,0.00328946482289182,0.0967062933053737
"chr17:68444589:68450728:clu_13410:ENSG00000070540.12",-0.00232239268899469,0.0038174627226566,0.542948549476073
"chr17:68542809:68543629:clu_13417:ENSG00000108950.11",-0.00233053599012762,0.003050566498971,0.444886155575741
"chr17:68512579:68515394:clu_13407:ENSG00000108946.14",0.000385298983837912,0.00328913336332125,0.906746726958198
"chr17:78822004:78823113:clu_13882:ENSG00000055483.19",-0.00267615922816175,0.00308561414745713,0.385776577688336
"chr17:79083123:79083761:clu_13901:ENSG00000167280.16",-0.000323180168936354,0.00268759980758526,0.90428620369069
"chr17:80248674:80249154:clu_13954:ENSG00000181045.14",-0.00615509875977385,0.0031567287019621,0.0511958394043538
"chr17:80222847:80223180:clu_13950:ENSG00000181045.14",0.00156365476017579,0.0031449051640843,0.619046247374075
"chr17:80088189:80089764:clu_13927:ENSG00000141519.14",0.00134633630258816,0.0023398915624975,0.565031583422246
"chr17:80415821:80416940:clu_13975:ENSG00000173818.16",0.00342268422953472,0.00298375772669,0.251338113746568
"chr17:79235805:79307724:clu_13910:ENSG00000167281.18",-0.000262435789646669,0.00307472780759384,0.931981132970715
"chr17:41621091:41621593:clu_12344:ENSG00000128422.15",0.0163637159417791,0.00665601245923063,0.0139524070774734
"chr17:41771862:41785903:clu_12352:ENSG00000173801.16",0.0059556001593473,0.00460312750455288,0.195728973890065
"chr17:42514460:42521027:clu_12431:ENSG00000033627.16",-0.00312038068659642,0.00450744036190926,0.488765704108009
"chr17:41968740:41971892:clu_12377:ENSG00000173786.16",0.00235513103686889,0.00453408429545198,0.603462202251261
"chr17:41897839:41898631:clu_12367:ENSG00000131473.16",0.0048379843738581,0.00531843289832123,0.362999990172624
"chr17:41828952:41830801:clu_12362:ENSG00000141698.16",0.000978611026041602,0.00375172982372543,0.794213878026829
"chr17:41503725:41505056:clu_12340:ENSG00000171401.14",0.00521365060146577,0.00471063717161678,0.26838799303604
"chr17:42224868:42227529:clu_12406:ENSG00000173757.9",-0.0034992645318321,0.0046507719630493,0.451807482100022
"chr17:35598335:35605705:clu_12075:ENSG00000006125.17",-0.007674052148025,0.00377792897736154,0.0422260468828818
"chr17:34996653:34997738:clu_12050:ENSG00000005156.11",0.00516330013648027,0.00323483949762543,0.110454543701558
"chr17:36496406:36499075:clu_12109:ENSG00000278259.4",-0.00405099077351178,0.00314346221447544,0.197501183518875
"chr17:35657791:35671754:clu_12077:ENSG00000006125.17",0.00752661788828479,0.00538697909359912,0.162357304250658
"chr17:34996195:34996574:clu_12050:ENSG00000005156.11",-0.00509798835377458,0.00309613707082852,0.0996476609972147
"chr17:36514548:36515858:clu_12115:ENSG00000278259.4",0.0117895561913557,0.0058397820055133,0.0435043739671928
"chr17:34986131:34989466:clu_12044:ENSG00000005156.11",5.49973871000891e-05,0.00326254140402596,0.986550519232782
"chr17:35884535:35884667:clu_12095:ENSG00000270240.2",-0.00666554124288697,0.00409051356039064,0.103204660608768
"chr17:35002104:35002668:clu_12053:ENSG00000005156.11",-0.00253887615306224,0.00390363470323861,0.515441794466113
"chr17:35594067:35598230:clu_12073:ENSG00000006125.17",0.0107260454270519,0.00576795616083689,0.062943264812215
"chr17:32931659:32933174:clu_12039:ENSG00000006042.11",0.00945444664290969,0.00371236587429784,0.0108733072363032
"chr17:32780784:32876778:clu_12037:ENSG00000176658.16",-0.00190464411178433,0.0041699918665035,0.647850691579791
"chr17:50461370:50461633:clu_12926:ENSG00000167107.12",0.000248000738071367,0.00298663291080573,0.933822199032632
"chr17:50609935:50615361:clu_12960:ENSG00000006283.17",-0.0053597355585381,0.00271622834740503,0.0484696869572044
"chr17:50483760:50484442:clu_12935:ENSG00000136444.9",-0.0100187953613525,0.00353808201498228,0.00463009186700492
"chr17:51285368:51286483:clu_13011:ENSG00000011260.13",0.00640081960200449,0.00358954942662558,0.0745566962576101
"chr17:51166497:51166827:clu_12996:ENSG00000243678.11",0.00129741734217561,0.00278283647031839,0.641057180333245
"chr17:50675103:50675362:clu_12967:ENSG00000108846.15",0.00843182404621799,0.00535392312568166,0.115282524851691
"chr17:50483487:50483706:clu_12935:ENSG00000136444.9",0.015279467518989,0.00383624343539742,6.80724194868088e-05
"chr17:50996694:50998444:clu_12992:ENSG00000008294.20",0.00176059799492088,0.00315282415807203,0.576558067394255
"chr17:50346275:50353630:clu_12918:ENSG00000015532.9",-0.00376169728168046,0.00335132225454261,0.261670443140601
"chr17:50737479:50740306:clu_12975:ENSG00000108848.15",-0.00429510496117767,0.00336720298652955,0.202107370572393
"chr17:50678219:50679353:clu_12971:ENSG00000108846.15",-0.00109160425574608,0.002331914264718,0.639702288681268
"chr17:12758213:12760650:clu_11511:ENSG00000141052.17",0.00203245442580638,0.00323646443963816,0.53001309747394
"chr17:12919831:12928929:clu_11512:ENSG00000006740.16",-0.00323169021056374,0.00298474665336161,0.278925983273922
"chr17:12984908:12990032:clu_11513:ENSG00000006740.16",-0.00128662472445015,0.00355582654097897,0.717474867310617
"chr17:11379509:11555740:clu_11499:ENSG00000188803.14",-0.00102672754879473,0.00281282805836856,0.715099382600555
"chr17:55751244:55767335:clu_13032:ENSG00000141179.13",0.00113827785036811,0.00340758102246092,0.738347274392597
"chr17:4819549:4821793:clu_11084:ENSG00000129219.13",0.0051541812503793,0.00211869750898879,0.0149862078831855
"chr17:5002842:5003612:clu_11135:ENSG00000129250.11",-0.00124262601445411,0.00446952187954045,0.780995367234742
"chr17:6623571:6624755:clu_11210:ENSG00000198920.9",-0.0106800556766202,0.00341677766102802,0.001773411504573
"chr17:4950630:4951828:clu_11113:ENSG00000108515.17",-0.00191777933508317,0.00294792297081049,0.515335253042192
"chr17:4892768:4892979:clu_11094:ENSG00000141503.15",0.00361610565770148,0.00272357340064245,0.184275139951562
"chr17:4942664:4944558:clu_11111:ENSG00000108523.15",-0.0153799393533596,0.00622750382077844,0.0135234102330705
"chr17:37437829:37440505:clu_12147:ENSG00000276234.4",0.0541984293611812,0.00418767002494409,0
"chr17:37113265:37121355:clu_12134:ENSG00000278540.4",-0.00300559441474011,0.00344458027089845,0.38290430391791
"chr17:37111643:37113088:clu_12134:ENSG00000278540.4",0.00172583906482684,0.0033240295101417,0.603620661668523
"chr17:82946983:82956695:clu_14242:ENSG00000175711.8",-0.00753908260265911,0.00434159705556677,0.0824795613922463
"chr17:82738142:82738489:clu_14219:ENSG00000167363.13",-0.0108971119606891,0.00487311431214931,0.0253406384920589
"chr17:82655667:82656180:clu_14210:ENSG00000141542.10",0.00169605242209289,0.00442067945115509,0.701228024482011
"chr17:82930243:82930522:clu_14236:ENSG00000141556.20",-0.00663347033619002,0.00522960462900783,0.204638773555012
"chr17:82883627:82884145:clu_14227:ENSG00000141556.20",0.000867987375783796,0.00431950104136684,0.84074063198385
"chr17:82932855:82937271:clu_14237:ENSG00000141556.20",0.00722641655619873,0.00354092139075878,0.0412677849882204
"chr17:82720363:82720761:clu_14214:ENSG00000141560.14",-0.000669705908515865,0.00231422536835188,0.772285515940302
"chr17:82446696:82447580:clu_14194:ENSG00000178927.17",0.00554748033231354,0.00321161027817363,0.0841101160922997
"chr17:82937959:82938049:clu_14237:ENSG00000141556.20",-0.000882171829985866,0.00336822857135224,0.793391039257537
"chr17:82893632:82903405:clu_14228:ENSG00000141556.20",0.0132098417595419,0.00415063633147403,0.0014595587672438
"chr17:82720841:82722804:clu_14214:ENSG00000141560.14",-0.00179150120464409,0.00246296924721996,0.466996526467095
"chr17:82089384:82089632:clu_14145:ENSG00000169710.8",-0.00768145166449738,0.00350974485024055,0.0286254266200123
"chr17:82806011:82807608:clu_14225:ENSG00000141556.20",0.00841106377471762,0.00312321573551749,0.00707956915393293
"chr17:82929500:82930522:clu_14236:ENSG00000141556.20",0.00744225466455435,0.0036285870291637,0.0402663383921187
"chr17:82806011:82806428:clu_14225:ENSG00000141556.20",-0.0103361732492301,0.00312064245513094,0.000925673269593807
"chr17:81997034:82009037:clu_14101:ENSG00000169696.15",-0.00390258555010069,0.0028156064744437,0.165730096944099
"chr17:82957494:82961057:clu_14244:ENSG00000175711.8",0.00819466656830248,0.00424891923818464,0.0537746641818968
"chr17:82720363:82722804:clu_14214:ENSG00000141560.14",-0.00330935661056754,0.00270441337043134,0.221070168399821
"chr17:76721351:76721798:clu_13797:ENSG00000070495.14",0.00130484036883704,0.00284053142311572,0.645972165763571
"chr17:76041103:76043829:clu_13744:ENSG00000167881.14",-0.00344622472027858,0.00375678641225298,0.358968090390806
"chr17:76544370:76545530:clu_13779:ENSG00000214140.10",-0.0112182629261023,0.0034584047534334,0.00117959751746599
"chr17:76546131:76553109:clu_13779:ENSG00000214140.10",0.00444152572599639,0.00286227299461743,0.120722588539825
"chr17:76290077:76291015:clu_13759:ENSG00000129646.14",0.00128398292804844,0.00300060238071367,0.668717819889518
"chr17:75933088:75935632:clu_13731:ENSG00000188878.19",0.00905449421932635,0.00317969678509838,0.0044050702706161
"chr17:80211011:80212071:clu_13944:ENSG00000181523.12",0.00586846987165664,0.0031711883816969,0.0642330830422128
"chr17:79644242:79646196:clu_13911:ENSG00000167281.18",0.00347668027795976,0.00310654582102413,0.263077590695736
"chr17:78677050:78680190:clu_13877:ENSG00000108669.16",-0.0018985254155637,0.0024532973073592,0.439009545531492
"chr17:80179301:80181419:clu_13937:ENSG00000141527.16",-0.000555003497985716,0.00266318457867072,0.834917878289512
"chr17:80211011:80211869:clu_13944:ENSG00000181523.12",0.00159097934803462,0.00283834599841899,0.575117678785945
"chr17:45119043:45120325:clu_12655:ENSG00000161714.11",0.0100296365099097,0.00400301353511651,0.0122270961542227
"chr17:45161939:45162750:clu_12666:ENSG00000168517.10",-0.00258691931438457,0.00527845937629901,0.624070326797407
"chr17:46517233:46528756:clu_12728:ENSG00000185829.17",0.00966163810845091,0.00511631129100449,0.0589723797326849
"chr17:45270563:45271058:clu_12684:ENSG00000006062.14",-0.0118729924989947,0.00467514577393394,0.0110979837046189
"chr17:45255218:45267113:clu_12681:ENSG00000267278.5",0.00455365309364218,0.00382537792211003,0.233897098711233
"chr17:45034999:45044391:clu_12647:ENSG00000172992.11",-0.00783989390356544,0.00432256497973245,0.0697218653524644
"chr17:45270563:45270852:clu_12684:ENSG00000006062.14",0.0111870030137745,0.00487371163977907,0.021711558697982
"chr17:45397193:45397949:clu_12689:ENSG00000159314.11",-0.0120810314164579,0.00505681939597339,0.0168916665083781
"chr17:45139160:45142583:clu_12664:ENSG00000181513.14",-0.00128970053881687,0.0048039610590054,0.788340589882636
"chr17:8460160:8463320:clu_11450:ENSG00000166579.15",-0.00394959413545578,0.0043178957049428,0.36034732815752
"chr17:7907488:7907894:clu_11380:ENSG00000170004.16",0.0269961684028228,0.00647076642821192,3.01910832252172e-05
"chr17:8444357:8445711:clu_11448:ENSG00000166579.15",-0.000536730991340601,0.00256661697135474,0.834354546821782
"chr17:7229943:7230058:clu_11260:ENSG00000004975.11",-0.000450572510073242,0.00327778762295108,0.89066532145261
"chr17:7393836:7394104:clu_11313:ENSG00000187838.16",-0.00546299975561731,0.00305708049966939,0.0739376523212183
"chr17:8045686:8046668:clu_11403:ENSG00000179593.15",0.00104897347510013,0.00367889597995501,0.775542492744468
"chr17:7316327:7317205:clu_11287:ENSG00000215041.9",0.00419673517758486,0.00384443470170362,0.274991769816933
"chr17:8144993:8146372:clu_11410:ENSG00000179094.15",0.0229136957095274,0.00462065040650903,7.08656225256732e-07
"chr17:7229943:7230046:clu_11260:ENSG00000004975.11",0.000616293764963521,0.0032318768800633,0.848766737308536
"chr17:7907702:7907894:clu_11380:ENSG00000170004.16",0.00257632509844729,0.00407088081526892,0.526820664630664
"chr17:8436045:8443927:clu_11447:ENSG00000166579.15",-0.00119261638527007,0.00342912238707641,0.727997481851282
"chr17:7318674:7319050:clu_11291:ENSG00000215041.9",-0.0181835126605481,0.00247360593005166,1.96731519963578e-13
"chr17:8046754:8046907:clu_11403:ENSG00000179593.15",0.00439682174849609,0.00322140486189414,0.172291678651968
"chr17:7631748:7631879:clu_11354:ENSG00000129214.14",-0.0123463942678696,0.00289969717043423,2.06428249550639e-05
"chr17:8445864:8446754:clu_11448:ENSG00000166579.15",0.00253704853217361,0.0028762214806942,0.377735222242732
"chr17:37538420:37539192:clu_12155:ENSG00000275066.4",-0.000584271677973534,0.00280583707136563,0.835045983629958
"chr17:37423615:37426950:clu_12147:ENSG00000276234.4",0.0169540449058628,0.00366309578515693,3.68612297840798e-06
"chr17:37473801:37474556:clu_12150:ENSG00000276234.4",0.00704658963760334,0.00332658611835138,0.0341526642736876
"chr17:38497826:38498414:clu_12181:ENSG00000275832.4",0.0228828120223285,0.00324514106076781,1.77113879118451e-12
"chr17:38738451:38738541:clu_12199:ENSG00000277258.4",0.000324669685938221,0.00383578819982739,0.932545820911294
"chr17:38454140:38458102:clu_12172:ENSG00000275832.4",0.00232447024238275,0.00478911878299535,0.627417513675517
"chr17:38738448:38738541:clu_12199:ENSG00000277258.4",0.00257338042840435,0.00380581553346369,0.498932360529006
"chr17:37330425:37339804:clu_12144:ENSG00000278540.4",0.0374466200456678,0.00421173337337066,0
"chr17:80203965:80205333:clu_13941:ENSG00000262580.5",0.00198927641669338,0.00280790863264859,0.478662856898204
"chr17:79101644:79104073:clu_13908:ENSG00000167281.18",-0.000788032241522181,0.00281180831227573,0.779279443632346
"chr17:79835712:79835977:clu_13914:ENSG00000141582.14",0.00234488034642252,0.0029133348127575,0.420889837507053
"chr17:79077864:79080207:clu_13898:ENSG00000167280.16",0.00239641566599958,0.00227673684239988,0.292539972005029
"chr17:80065606:80067505:clu_13924:ENSG00000141519.14",0.0070601856650766,0.00248420355674091,0.00448270110342885
"chr17:80203965:80204092:clu_13941:ENSG00000262580.5",0.00557471079961499,0.0038676422689792,0.149479650764476
"chr17:80248674:80251329:clu_13954:ENSG00000181045.14",0.00146746578021403,0.00358765381802817,0.682516062352444
"chr17:78972704:78972970:clu_13890:ENSG00000108679.12",0.00284616829699226,0.00253106758982547,0.260803853081244
"chr17:2081956:2085725:clu_10897:ENSG00000070366.13",-0.00733448264220983,0.00371948057209281,0.0486198291230444
"chr17:2325420:2325860:clu_10907:ENSG00000167721.10",-0.00461645926483981,0.00310802438277531,0.137454945610715
"chr17:1496402:1496666:clu_10833:ENSG00000132376.19",-0.00201730495429686,0.00292430414983109,0.490294170212588
"chr17:1730487:1730755:clu_10867:ENSG00000167716.18",0.00890853517824386,0.00270318061406766,0.000982203880046995
"chr17:1734216:1735572:clu_10869:ENSG00000167716.18",0.0109535305876037,0.00220500654004516,6.77960983019865e-07
"chr17:2701520:2701613:clu_10943:ENSG00000132361.16",0.000553151434209286,0.00382317011778425,0.884960395321135
"chr17:2033842:2035970:clu_10889:ENSG00000108963.17",-0.0010490671921335,0.00260960323353953,0.687682138954092
"chr17:2365341:2367271:clu_10917:ENSG00000141258.12",0.00477346912043529,0.00292294442801841,0.102447349705334
"chr17:1091850:1100637:clu_10820:ENSG00000159842.14",-0.00829838287788906,0.00252421119002639,0.00101075700847275
"chr17:2035864:2035970:clu_10889:ENSG00000108963.17",-0.00150699114777904,0.00278004333824828,0.587767049498919
"chr17:2236637:2237495:clu_10900:ENSG00000070366.13",-0.00647034426960907,0.0031971642705729,0.0429932062737746
"chr17:1645239:1645597:clu_10850:ENSG00000074660.15",0.00176184784368459,0.00305620321302677,0.564289056451716
"chr17:1651788:1653542:clu_10854:ENSG00000174231.16",-0.00476791223142103,0.0027934293805028,0.0878534441788368
"chr17:1651788:1653538:clu_10854:ENSG00000174231.16",0.00689142324768959,0.00272878433202356,0.0115548432561614
"chr17:1073677:1079330:clu_10818:ENSG00000159842.14",0.00445641739218866,0.00292966062610882,0.128225271296068
"chr17:2056346:2056671:clu_10895:ENSG00000177374.12",-0.00626358740085613,0.00289243533782137,0.0303489214427576
"chr17:2985066:2991297:clu_10952:ENSG00000132359.14",0.00414386235037315,0.00306045170416548,0.175735257822473
"chr17:2055238:2056671:clu_10895:ENSG00000177374.12",0.00869141541722608,0.00276792444930364,0.00168920199420808
"chr17:15232613:15239471:clu_11530:ENSG00000109099.13",-0.00304595749128803,0.00345488512619582,0.377972680471594
"chr17:14192221:14206810:clu_11529:ENSG00000006695.10",0.00301217129345424,0.00276332008914996,0.27568885126574
"chr17:16000245:16001915:clu_11547:ENSG00000011295.15",0.00485815986706752,0.00309775741409065,0.116815133420892
"chr17:15993778:15997055:clu_11546:ENSG00000214941.7",-0.00714346776098304,0.0039923673634645,0.0735695444754163
"chr17:67344812:67345745:clu_13371:ENSG00000197170.9",0.00591751996360232,0.00376810160543443,0.116316331817316
"chr17:67826337:67853940:clu_13382:ENSG00000171634.16",-0.00153956864977683,0.00385776108189664,0.689831707286462
"chr17:67632238:67669508:clu_13375:ENSG00000154217.14",0.00897828562343705,0.00347105655314354,0.00969239284875778
"chr17:67875020:67891844:clu_13383:ENSG00000171634.16",-0.00556018906623105,0.00392221287349415,0.15630310427683
"chr17:47839858:47840191:clu_12794:ENSG00000141295.13",-0.0107224062823283,0.00340028168682339,0.00161387336903274
"chr17:48056598:48057032:clu_12819:ENSG00000082641.15",-0.000863562029308457,0.00539997288447769,0.872944331980819
"chr17:47335356:47341921:clu_12756:ENSG00000178852.15",-0.0186582077072832,0.00432656521494418,1.61436570391693e-05
"chr17:47696833:47697089:clu_12780:ENSG00000198933.9",-0.0160450168262682,0.00388038550109842,3.55104920447546e-05
"chr17:47696833:47697095:clu_12780:ENSG00000198933.9",0.018510130259372,0.00426998232863471,1.45797856629937e-05
"chr17:47345098:47347808:clu_12758:ENSG00000178852.15",0.00573893130744518,0.00451993910395102,0.204194301552736
"chr17:47839006:47839444:clu_12794:ENSG00000141295.13",-0.00242041274423763,0.00366755939428426,0.509284705046639
"chr17:47838719:47838791:clu_12785:ENSG00000141295.13",0.00584480343580344,0.0043048604177066,0.174551932417979
"chr17:47590881:47591956:clu_12771:ENSG00000141279.15",-0.0191090096343625,0.00478542918496749,6.51970916022426e-05
"chr17:48844026:48848064:clu_12851:ENSG00000136436.14",0.00511542160703679,0.00337421970685942,0.129511519129375
"chr17:47622087:47636512:clu_12775:ENSG00000263766.5",-0.00428143786431199,0.00370532736795802,0.247893233575945
"chr17:48113399:48118704:clu_12825:ENSG00000002919.14",-0.0174660600737507,0.0034195706926046,3.26144802498263e-07
"chr17:47414919:47429818:clu_12762:ENSG00000178852.15",-0.0161229312460056,0.00427117373374122,0.00016012035255164
"chr17:47814614:47815215:clu_12789:ENSG00000006025.11",-0.0102197467285129,0.0043119536059235,0.0177834366074834
"chr17:47891581:47895703:clu_12796:ENSG00000234494.7",-0.0216361824627447,0.0061353708890702,0.000421143777289856
"chr17:47840372:47840670:clu_12794:ENSG00000141295.13",0.0133481614443382,0.00406870905237662,0.00103554543296391
"chr17:48543637:48544486:clu_12829:ENSG00000230148.8",-0.0140191235356924,0.00393895117134229,0.0003721269602176
"chr17:47819099:47819729:clu_12791:ENSG00000006025.11",0.0128110454920439,0.00423886528502128,0.00250876861189742
"chr17:48075100:48076001:clu_12822:ENSG00000108468.14",0.0105515653910406,0.00714009558504033,0.139463863202909
"chr17:48107838:48112031:clu_12824:ENSG00000002919.14",0.00573170416398372,0.0036450791082224,0.115846256771132
"chr17:48841887:48848064:clu_12851:ENSG00000136436.14",-0.0222753423092577,0.00360467121367072,6.42736974754143e-10
"chr17:48107838:48110708:clu_12824:ENSG00000002919.14",-0.0116652354655398,0.00439115556061213,0.00789494802593771
"chr17:48033302:48033863:clu_12815:ENSG00000005243.9",0.00955903904527913,0.00569161656889923,0.0930556988651505
"chr17:47808399:47808538:clu_12786:ENSG00000006025.11",0.00304655287498986,0.00310419161138076,0.326379769194588
"chr17:48110767:48112031:clu_12824:ENSG00000002919.14",-0.0203659682814439,0.00413595556529202,8.47380219659577e-07
"chr17:48113401:48118704:clu_12825:ENSG00000002919.14",0.00299559874630813,0.00450623090021129,0.506198801660431
"chr17:47590881:47591904:clu_12771:ENSG00000141279.15",0.0177255258659305,0.0047715337115982,0.000203325303741897
"chr17:47891581:47895703:clu_12796:ENSG00000264920.1",-0.0212847930733268,0.00610942640750764,0.000494115006336671
"chr17:68181194:68181551:clu_13396:ENSG00000237854.3",-0.00251029808856037,0.00266813041447161,0.346784117925222
"chr17:68248705:68250188:clu_13399:ENSG00000196704.11",-0.00823078601450121,0.00405686469494459,0.042473166994713
"chr17:68436479:68444493:clu_13409:ENSG00000070540.12",-0.00291296402016066,0.00490187591599997,0.552341605932385
"chr17:68206238:68250188:clu_13399:ENSG00000196704.11",0.0100971828100516,0.00452762430557238,0.0257389307216684
"chr17:68450897:68452910:clu_13411:ENSG00000070540.12",0.00581068231569595,0.00263854206273769,0.0276489099772808
"chr17:69304810:69306725:clu_13471:ENSG00000154265.15",0.00858388418207385,0.00370442965506394,0.0204931366567035
"chr17:69191315:69192563:clu_13453:ENSG00000154263.17",-0.00811827443852516,0.00315983948680748,0.0101932228016737
"chr17:69306954:69308280:clu_13471:ENSG00000154265.15",-0.0079863581018265,0.0038928748453405,0.0402151470306108
"chr17:14077056:14102118:clu_11527:ENSG00000006695.10",-0.00134102379271922,0.00248669922734995,0.589694600873676
"chr17:10695834:10697235:clu_11487:ENSG00000133028.10",0.00576159299897338,0.00301974124709286,0.0563943536812647
"chr17:10686842:10691872:clu_11485:ENSG00000133028.10",-0.00354631526639251,0.00433711787696554,0.413547740062491
"chr17:10695831:10697235:clu_11487:ENSG00000133028.10",-0.00578568687341884,0.0028753732652079,0.0442039602880979
"chr17:36595180:36596828:clu_12124:ENSG00000278535.4",-0.00627057202412969,0.00470666482733302,0.182769829235975
"chr17:36486966:36492813:clu_12106:ENSG00000273611.4",-0.001016424626268,0.00399542256765849,0.799188653536318
"chr17:35985795:35986571:clu_12098:ENSG00000276409.4",-0.00263120941475366,0.00486299838266686,0.588461194723526
"chr17:35670898:35671754:clu_12077:ENSG00000006125.17",-0.00748906027673745,0.00493536450055589,0.129158659368919
"chr17:35682824:35709224:clu_12078:ENSG00000006125.17",0.00673136530228399,0.00430165322139388,0.117622268844381
"chr17:50867217:50867496:clu_12980:ENSG00000229980.4",0.00431132664175217,0.00305797257539305,0.158579729046569
"chr17:51273450:51275866:clu_13007:ENSG00000011260.13",-0.00132417297596754,0.00310504323761105,0.669773571934689
"chr17:51166563:51166827:clu_12996:ENSG00000243678.11",-0.000776720956198558,0.00275517059144603,0.778009511622254
"chr17:51266280:51268837:clu_13006:ENSG00000011260.13",0.00339941131391081,0.00341415190741065,0.319404434536694
"chr17:58323381:58324361:clu_13098:ENSG00000005379.15",-0.00240780386555852,0.00528120634064743,0.648448014806989
"chr17:56856665:56858594:clu_13037:ENSG00000153933.9",-0.00519225212892988,0.00309662886291529,0.093592662306339
"chr17:57876199:57879611:clu_13068:ENSG00000180891.12",0.0036554909362682,0.00335480975906231,0.275877531441796
"chr17:57866544:57871286:clu_13066:ENSG00000180891.12",-0.000850219015802681,0.0037538509251848,0.820818405260566
"chr17:56999326:57000855:clu_13049:ENSG00000121064.12",0.00201706278080595,0.00254819026415698,0.428613319131877
"chr17:57675126:57679549:clu_13062:ENSG00000153944.10",0.000889267085358559,0.00362361166900817,0.806139724889801
"chr17:58310751:58310836:clu_13096:ENSG00000005379.15",0.00432236681715987,0.00526179767101519,0.411383162842261
"chr17:57257138:57257466:clu_13058:ENSG00000153944.10",-0.0072886106254595,0.00330319754123265,0.0273467817835337
"chr17:57079410:57084840:clu_13051:ENSG00000263004.1",-0.00601685515105804,0.00261649106103035,0.0214714922852176
"chr17:57110158:57111798:clu_13054:ENSG00000121057.12",0.00408992105682234,0.00306940756463986,0.182702844645211
"chr17:57078703:57079287:clu_13050:ENSG00000263004.1",0.00340910790088411,0.00315021356156948,0.279171173117451
"chr17:47569494:47577081:clu_12766:ENSG00000141279.15",-0.00441488755944553,0.00538536730341079,0.412334001364774
"chr17:47839643:47840670:clu_12794:ENSG00000141295.13",-0.0179448953246911,0.00283772079333994,2.55373056035069e-10
"chr17:47619164:47619278:clu_12774:ENSG00000141279.15",0.0122478974309292,0.0063772673667522,0.0547877399066701
"chr17:46172232:46192419:clu_12720:ENSG00000120071.13",0.00627125841317385,0.00424931947377864,0.139990466781462
"chr17:46517433:46520212:clu_12730:ENSG00000238083.7",0.00664454018419452,0.00407280222391031,0.102797110589344
"chr17:47307637:47310139:clu_12754:ENSG00000259207.7",-0.00233720141739068,0.0062223256258888,0.707202829665904
"chr17:1748740:1752586:clu_10872:ENSG00000167711.13",0.000963430771446906,0.00264795638225076,0.715977964546171
"chr17:2383820:2387857:clu_10924:ENSG00000070444.14",-0.00528313037917987,0.00285207912186782,0.0639714736464063
"chr17:2395454:2400640:clu_10929:ENSG00000070444.14",0.00145447896606887,0.00271168402859317,0.591699547227182
"chr17:1872526:1875661:clu_10885:ENSG00000132383.11",-0.00680207079138791,0.00263975678407733,0.00997255850808076
"chr17:2321616:2323136:clu_10905:ENSG00000167720.12",0.00093756217777579,0.00232795693175801,0.687139250653304
"chr17:2696942:2697896:clu_10941:ENSG00000132361.16",-0.00177148662875187,0.0034758978999002,0.610297642711186
"chr17:2388049:2394043:clu_10929:ENSG00000127804.12",0.00382191179769501,0.0029365113708196,0.193082443098161
"chr17:1853189:1872434:clu_10885:ENSG00000132383.11",0.00566719913262036,0.00260622122546875,0.0296684379222918
"chr17:2388049:2394043:clu_10929:ENSG00000070444.14",0.00347598164092007,0.00291202986285931,0.232609908214722
"chr17:2372488:2372625:clu_10921:ENSG00000141258.12",-0.00138381014316105,0.00297645433871642,0.641989471208636
"chr17:2670331:2674060:clu_10937:ENSG00000007168.12",0.00111989622640135,0.00505196939232336,0.82456675260412
"chr17:1742908:1744992:clu_10871:ENSG00000167711.13",0.00044078665533941,0.0029696420232881,0.882002710928723
"chr17:2395454:2400640:clu_10929:ENSG00000127804.12",0.00160805789024189,0.00278443584276701,0.563590535516955
"chr17:2292977:2297243:clu_10902:ENSG00000070366.13",-0.0001470358321729,0.00274048808061172,0.957211505781152
"chr17:65537063:65537324:clu_13341:ENSG00000168646.12",-0.0127106489557628,0.00396269248618088,0.00133857319855213
"chr17:64500773:64502010:clu_13298:ENSG00000108654.13",-0.00959356279414369,0.00600479516544917,0.11012082548909
"chr17:64972927:64974555:clu_13334:ENSG00000214174.8",0.00524235840993684,0.0037326960012878,0.160187002636547
"chr17:65018303:65053502:clu_13335:ENSG00000120063.9",-0.000521457043678787,0.00358672846451418,0.884406791348355
"chr17:66063081:66066778:clu_13351:ENSG00000154240.16",-0.000451280009376279,0.00269449025173009,0.866990402651228
"chr17:64972927:64973242:clu_13334:ENSG00000214174.8",-0.00800838761917948,0.00425488364507072,0.0598137902473787
"chr17:64500882:64502010:clu_13298:ENSG00000108654.13",0.00465984097101857,0.00686878740405641,0.49751297852664
"chr17:64824872:64829161:clu_13326:ENSG00000214176.9",-0.00877518886253963,0.00254025607862742,0.000551415444947523
"chr17:65101042:65101207:clu_13336:ENSG00000108370.16",0.0018143060867155,0.00405175388726635,0.654309889055841
"chr17:66070001:66096251:clu_13349:ENSG00000154240.16",-0.00305059971457468,0.00344193054532986,0.375453279560069
"chr17:65558736:65561450:clu_13344:ENSG00000168646.12",0.000507510694657129,0.00443800912003703,0.908955998597583
"chr17:67167796:67178659:clu_13367:ENSG00000198265.11",0.000677120757984892,0.0043159627914251,0.875333484837261
"chr17:44218296:44221201:clu_12604:ENSG00000108312.14",-0.000746070997515754,0.00449093710588397,0.868056114719838
"chr17:44680643:44682003:clu_12622:ENSG00000180329.13",-0.00898674644251939,0.00440964102318078,0.0415522453602974
"chr17:44187109:44189022:clu_12589:ENSG00000168591.15",-0.00187583268961913,0.00389035521074692,0.629681513199359
"chr17:44207911:44209376:clu_12598:ENSG00000108312.14",0.00473430919536254,0.00454866682777637,0.297962587444231
"chr17:45162031:45162488:clu_12666:ENSG00000168517.10",0.00275489754625853,0.00372616073718029,0.459700913507563
"chr17:44105095:44110729:clu_12582:ENSG00000108840.15",-0.00652375555183534,0.00414018805283394,0.115091547190914
"chr17:45245416:45245878:clu_12678:ENSG00000184922.13",0.00853214466193305,0.00416202903681242,0.0403647793070092
"chr17:44187109:44187907:clu_12589:ENSG00000168591.15",-0.00737086836472923,0.00416699259638961,0.0769155648237112
"chr17:44679043:44682003:clu_12622:ENSG00000180329.13",0.00611862723380961,0.00364300536474314,0.0930439636069016
"chr17:44189299:44189424:clu_12590:ENSG00000168591.15",-0.00716659512188238,0.00469161970339452,0.126628993761289
"chr17:44372423:44374354:clu_12617:ENSG00000005961.17",0.0066453218405874,0.00426845833763072,0.11950763410666
"chr17:43857156:43861798:clu_12565:ENSG00000161649.12",0.00389858916442797,0.00452253803520297,0.388667882161216
"chr17:45397448:45397949:clu_12689:ENSG00000159314.11",-0.0062466588337395,0.00573888028431339,0.276383074904084
"chr17:66175216:66176830:clu_13353:ENSG00000154240.16",0.000945047652597127,0.0034160662471219,0.782050458397183
"chr17:66096328:66096585:clu_13352:ENSG00000154240.16",-0.00432169125303848,0.00336974008151489,0.199667346721567
"chr17:66096331:66096585:clu_13352:ENSG00000154240.16",0.00274796347085181,0.00322923761546793,0.394789606853396
"chr17:66043250:66053736:clu_13348:ENSG00000154240.16",0.00266725887799133,0.00390740143421628,0.494848851332884
"chr17:36103981:36104528:clu_12102:ENSG00000275302.1",0.00401839589202025,0.00339791655341959,0.236965404853772
"chr17:35820248:35820332:clu_12088:ENSG00000270647.5",-0.000822244064944004,0.00454614051238899,0.856472443355706
"chr17:35820239:35820332:clu_12088:ENSG00000270647.5",0.00316193858017543,0.00476862321497827,0.507284704575356
"chr17:63583711:63585211:clu_13241:ENSG00000136485.14",-0.00931625014102231,0.00530968617701199,0.0793317884606913
"chr17:62678646:62679800:clu_13213:ENSG00000011028.13",-0.00521544314351886,0.00485616447363341,0.282829834488898
"chr17:62689475:62689894:clu_13216:ENSG00000011028.13",-0.00910510335332244,0.00403391086192999,0.0239993004120777
"chr17:62479290:62481124:clu_13201:ENSG00000146872.17",-0.00132329326136089,0.0043474444047624,0.760835225707864
"chr17:62508553:62520773:clu_13202:ENSG00000146872.17",-0.00874555441763704,0.0046258426253041,0.0586795984361461
"chr17:62689437:62689894:clu_13216:ENSG00000011028.13",-0.0106471847902554,0.00383506626589648,0.00549862874869744
"chr17:62689760:62689894:clu_13216:ENSG00000011028.13",0.00890868877043706,0.00421067130911437,0.0343668648417214
"chr17:63482689:63483460:clu_13231:ENSG00000159640.15",-0.00468412527028168,0.00546724871271484,0.391577004051934
"chr17:63601363:63604534:clu_13243:ENSG00000136463.7",0.00962581994051431,0.0049190026478945,0.0503634423301772
"chr17:63685590:63688527:clu_13248:ENSG00000198909.7",0.00110672588331824,0.00433478299710032,0.798481461242396
"chr17:62688960:62689371:clu_13216:ENSG00000011028.13",-0.0168438478784753,0.00422463029274712,6.68975509929837e-05
"chr17:63685578:63688527:clu_13248:ENSG00000198909.7",-0.000577600478183812,0.00440153345588511,0.895595657329983
"chr17:35103544:35106386:clu_12055:ENSG00000185379.20",0.00314286152496781,0.00366715856319023,0.391428814228705
"chr17:35101036:35101201:clu_12045:ENSG00000185379.20",0.00138314120878897,0.00475329866584608,0.771062373855397
"chr17:35001403:35001909:clu_12053:ENSG00000005156.11",0.00134385589042749,0.00387460934188762,0.728714164397983
"chr17:35101036:35101201:clu_12045:ENSG00000092871.16",0.00138314120878897,0.00475329866584608,0.771062373855397
"chr17:34991114:34991671:clu_12046:ENSG00000005156.11",-0.00075607322827137,0.00324544346400255,0.81578894488788
"chr17:34989663:34990963:clu_12046:ENSG00000005156.11",0.00306634704774912,0.00363550081189206,0.398979295944665
"chr17:34992035:34992524:clu_12047:ENSG00000005156.11",-0.000834941155795163,0.00443465881904375,0.850660062691836
"chr17:42193027:42193317:clu_12402:ENSG00000167925.15",0.011341848051687,0.00584790713679709,0.0524439760384183
"chr17:41898785:41901696:clu_12368:ENSG00000131473.16",-0.00379035497978816,0.00423348417658132,0.370612021754406
"chr17:40819208:40833115:clu_12331:ENSG00000167920.8",-0.00505741796891204,0.0032964086014128,0.124975392411321
"chr17:41513881:41514649:clu_12337:ENSG00000171346.15",0.00305879733391611,0.00308111876421645,0.320829162865158
"chr17:41983636:41987595:clu_12380:ENSG00000168259.14",-0.0112706253381627,0.00533129351608015,0.0345109284648225
"chr17:41769570:41771647:clu_12351:ENSG00000173801.16",-0.000447664074375958,0.00407653030815038,0.912556114444824
"chr17:42117814:42118297:clu_12397:ENSG00000108773.10",-0.00512140451412534,0.00435305702550644,0.239392111869936
"chr17:42317224:42322285:clu_12416:ENSG00000168610.14",-0.00825580943716095,0.0046933431804454,0.0785695911760624
"chr17:41901813:41904729:clu_12368:ENSG00000131473.16",0.00262287283689463,0.00385631443022338,0.496409393119047
"chr17:41825657:41827426:clu_12362:ENSG00000141698.16",0.000557548815754831,0.00528253448342624,0.915942806720187
"chr17:41514120:41514649:clu_12337:ENSG00000171346.15",7.24917420041959e-05,0.00249421750711563,0.976813610051069
"chr17:41983636:41987819:clu_12380:ENSG00000168259.14",0.016411226030831,0.00777155679854855,0.0347118628113381
"chr17:42405388:42422627:clu_12421:ENSG00000177469.12",-0.0153801420663798,0.00549341685476264,0.00511436907702101
"chr17:42317224:42322282:clu_12416:ENSG00000168610.14",0.00162333833109502,0.00484955474831762,0.737821477617125
"chr17:42412250:42422627:clu_12421:ENSG00000177469.12",0.0189386889492483,0.00593690313739893,0.00142275452142404
"chr17:42193101:42193317:clu_12402:ENSG00000167925.15",-0.0101473519593915,0.00598255502730254,0.0898561712265612
"chr17:42224868:42232000:clu_12406:ENSG00000173757.9",0.00107479372308478,0.00399136558581491,0.787714453333318
"chr17:42114604:42114954:clu_12395:ENSG00000108773.10",-0.00802159251168971,0.00249262621335644,0.00129029807274472
"chr17:41769677:41771647:clu_12351:ENSG00000173801.16",-0.00185842755558784,0.00376049065618608,0.621166240493391
"chr17:41827626:41830801:clu_12362:ENSG00000141698.16",0.00122884801902285,0.00347141159637946,0.723345723791059
"chr17:41813279:41818089:clu_12356:ENSG00000141756.18",0.0111254846595662,0.00532161034800421,0.0365618104667581
"chr17:42478589:42480667:clu_12426:ENSG00000033627.16",0.004172389340079,0.00411945077663887,0.311131394042827
"chr17:42478617:42480667:clu_12426:ENSG00000033627.16",-0.0028887054962132,0.00495004609535508,0.559508684082276
"chr17:41819675:41820269:clu_12359:ENSG00000141756.18",0.0103654201800101,0.00640644086969552,0.105669364307436
"chr17:11983404:11984113:clu_11501:ENSG00000154957.13",0.00235526153839899,0.00310789927701049,0.448552330808982
"chr17:11983407:11984113:clu_11501:ENSG00000154957.13",-0.00250583266245961,0.00324545031315332,0.440051465840984
"chr17:12710538:12715519:clu_11509:ENSG00000141052.17",-0.000173459353017334,0.00300686440000007,0.953997322065003
"chr17:13005101:13005753:clu_11520:ENSG00000006744.18",0.0032735654195785,0.00359724394860338,0.362811745170032
"chr17:35107122:35107366:clu_12056:ENSG00000185379.20",0.0103524387838349,0.00354546460048479,0.00350132093083422
"chr17:35021781:35026374:clu_12045:ENSG00000092871.16",0.000628851648790027,0.00267110122277777,0.813876663336196
"chr17:35021781:35026374:clu_12045:ENSG00000185379.20",0.000477222019044997,0.0026386207814175,0.856477149710215
"chr17:35017606:35021371:clu_12045:ENSG00000185379.20",-0.00126034332611682,0.00336584003992792,0.708068549785759
"chr17:34954599:34958560:clu_12043:ENSG00000132141.13",0.00196789498174156,0.00428155878754497,0.64578817401961
"chr17:34983552:34985988:clu_12044:ENSG00000005156.11",0.000557174142427236,0.00360776568173698,0.877264824762462
"chr17:35323343:35324654:clu_12063:ENSG00000267364.1",0.00169307592410992,0.00340285916247307,0.618804702833583
"chr17:35017606:35021371:clu_12045:ENSG00000092871.16",0.0004944982408698,0.00347636168191224,0.886885767258027
"chr17:35641975:35650530:clu_12074:ENSG00000006125.17",-0.0062573193758887,0.00454475164922994,0.168566925245389
"chr17:35264903:35265072:clu_12061:ENSG00000166750.9",0.0032043637150836,0.00388426537008136,0.409394277681857
"chr17:35261096:35264183:clu_12061:ENSG00000166750.9",0.000705453393192585,0.00352889796504591,0.841552875212046
"chr17:34942906:34951950:clu_12042:ENSG00000132141.13",-0.00504562212572031,0.00357231728857433,0.157825528571299
"chr17:35106481:35119111:clu_12056:ENSG00000185379.20",-0.00139947512651905,0.00283184231925757,0.621170263141505
"chr17:35708009:35709224:clu_12078:ENSG00000006125.17",0.00450572403963655,0.00485593538234627,0.35346995702536
"chr17:18856429:18865802:clu_11711:ENSG00000141127.14",-0.0175277680784832,0.004363213315184,5.89013228289303e-05
"chr17:18333288:18340043:clu_11686:ENSG00000176974.19",-0.00287214557067962,0.00291802798549103,0.324979715874327
"chr17:18234408:18234649:clu_11665:ENSG00000131899.10",-0.0107973694926175,0.00442334245208139,0.0146467412574235
"chr17:18867334:18872583:clu_11712:ENSG00000141127.14",-0.00697935505377369,0.00425999317028573,0.101348935799297
"chr17:17817591:17817696:clu_11630:ENSG00000072310.16",0.0126189331946136,0.00652156709174423,0.052995924487595
"chr17:18195035:18206815:clu_11663:ENSG00000091542.8",-0.00793092224899424,0.00463841420476857,0.0872964168936371
"chr17:18054234:18058868:clu_11649:ENSG00000141034.9",0.00610698994268107,0.00518232699100711,0.238626734741229
"chr17:18106470:18107154:clu_11654:ENSG00000108591.9",0.022745037079929,0.00355874734878131,1.64476765540655e-10
"chr17:18781305:18789353:clu_11707:ENSG00000171928.13",0.00670508826787249,0.00444424553735301,0.131372300079202
"chr17:18519674:18528573:clu_11695:ENSG00000273018.5",-0.0302463185036883,0.008448178341347,0.000343307928527992
"chr17:18234703:18234839:clu_11665:ENSG00000131899.10",0.0112913492762583,0.00430490459034028,0.00871839650079864
"chr17:18865564:18865802:clu_11711:ENSG00000141127.14",0.0112199015220676,0.00402655720005555,0.00532847056777164
"chr17:18206970:18208219:clu_11663:ENSG00000091542.8",0.000231610343642985,0.00426120609384703,0.956653735413551
"chr17:4716191:4716412:clu_11065:ENSG00000141480.17",-0.00518807366747437,0.00286531205467106,0.0701952420302936
"chr17:5481389:5482809:clu_11187:ENSG00000072849.10",-0.00647551236012359,0.00316846500373576,0.0409794361025343
"chr17:4676162:4676357:clu_11060:ENSG00000141456.14",-0.00238642372205462,0.00329822061477982,0.469342755453786
"chr17:4067242:4070684:clu_11021:ENSG00000074755.14",0.00173789424557278,0.0029484732422547,0.555578392578839
"chr17:4942466:4942577:clu_11110:ENSG00000108523.15",-0.00633144650792611,0.00326524740460562,0.0524964236778369
"chr17:4940726:4940923:clu_11109:ENSG00000108523.15",-0.00481340922194745,0.00305705917549998,0.115366646110952
"chr17:4716033:4716147:clu_11065:ENSG00000141480.17",0.00587644343881869,0.00273212053581316,0.0314862498739311
"chr17:5426082:5426236:clu_11180:ENSG00000129197.14",-0.00135035217659593,0.00308273095383047,0.66135900176209
"chr17:4067242:4070811:clu_11021:ENSG00000074755.14",-0.00314129633932666,0.00329147551506919,0.339894717981724
"chr17:4541891:4542464:clu_11047:ENSG00000132382.14",-0.00125091315934778,0.00306132503019451,0.682819863604582
"chr17:4942414:4942577:clu_11110:ENSG00000108523.15",0.00567457435611296,0.0034965438686541,0.104608746670698
"chr17:4016466:4017371:clu_11015:ENSG00000074755.14",0.0129280862322457,0.00317212747520417,4.59105620140843e-05
"chr17:7412207:7414344:clu_11319:ENSG00000169992.9",0.0108322424627839,0.00304752432688464,0.0003787848836595
"chr17:8228629:8228727:clu_11422:ENSG00000178971.13",0.00272403390847051,0.00270300147553958,0.313559541936577
"chr17:7887081:7889664:clu_11363:ENSG00000170004.16",0.00281560216094773,0.00437097178715481,0.519472134992917
"chr17:8289257:8289813:clu_11439:ENSG00000125434.10",0.00396851916707635,0.00323637210811488,0.220114157845201
"chr17:8255910:8256267:clu_11431:ENSG00000178921.13",-0.0152154665140643,0.00295158330026448,2.5360589173129e-07
"chr17:8142835:8143266:clu_11409:ENSG00000179094.15",0.000501840844604607,0.00329086664642988,0.878796501302024
"chr17:7579726:7579810:clu_11343:ENSG00000129226.13",-0.0133568686025819,0.00318002498787977,2.6663203042232e-05
"chr17:8045384:8045483:clu_11402:ENSG00000179593.15",-0.00325118567534438,0.00667170996791307,0.626039225994557
"chr17:7627044:7627143:clu_11352:ENSG00000141504.11",0.00627178192533025,0.00220551474393771,0.00445955733220238
"chr17:8313555:8314906:clu_11442:ENSG00000198844.10",8.81994521695802e-05,0.00365558307286328,0.980751044998574
"chr17:8289984:8290615:clu_11438:ENSG00000125434.10",-0.00397411352554618,0.00315664740331622,0.2080424102027
"chr17:7885083:7889664:clu_11363:ENSG00000170004.16",-0.00815983902168565,0.0033606670382039,0.0151806062849427
"chr17:49701510:49702858:clu_12883:ENSG00000121073.13",0.0165724257626602,0.00521064966300439,0.00147025569244108
"chr17:43191581:43193094:clu_12536:ENSG00000188554.13",-0.00327446387286743,0.00498503066787343,0.511271375057354
"chr17:43190776:43191372:clu_12536:ENSG00000188554.13",-0.00329565890318407,0.00446111141708745,0.46005706967756
"chr17:42964237:42964443:clu_12507:ENSG00000266967.6",-0.00209667318908078,0.00374992961948281,0.576077544010897
"chr17:42951894:42952474:clu_12502:ENSG00000266967.6",-0.000901828312878158,0.00502023581827017,0.85743627121182
"chr17:42565311:42565471:clu_12438:ENSG00000068120.14",0.00190888183326596,0.00387575763684415,0.62235293897821
"chr17:42951894:42954876:clu_12502:ENSG00000266967.6",0.000174770058074259,0.00544814827489911,0.974409209975482
"chr17:43125770:43131208:clu_12528:ENSG00000198496.10",-0.00851366515689464,0.00296102150632383,0.00403712858504124
"chr17:42668303:42668690:clu_12454:ENSG00000068137.14",1.97725262866781e-05,0.00442458318747851,0.996434434550039
"chr17:42672212:42673176:clu_12459:ENSG00000068137.14",-0.00834223336618196,0.00408904418612401,0.0413361216767359
"chr17:42854733:42856275:clu_12501:ENSG00000131471.6",0.00286993034017305,0.00551292527178889,0.602657905726662
"chr17:42565311:42565606:clu_12438:ENSG00000068120.14",-0.00210256072353127,0.00405818462893807,0.604385875541773
"chr17:43131270:43138657:clu_12528:ENSG00000198496.10",0.00236982970516934,0.00305442105395558,0.437826512728831
"chr17:41821817:41822223:clu_12361:ENSG00000141756.18",0.000140971342297239,0.00377181576148995,0.970186063303289
"chr17:42964237:42964443:clu_12507:ENSG00000267060.5",-0.002812694070266,0.0036747218479819,0.444023354534068
"chr17:42564577:42564983:clu_12437:ENSG00000068120.14",0.0191675253773394,0.00822588811279234,0.0197984031725574
"chr17:42961351:42964106:clu_12506:ENSG00000266967.6",-0.0159836580479899,0.00403581249073528,7.4806756616641e-05
"chr17:42759022:42759739:clu_12478:ENSG00000197291.8",0.0114348186617537,0.00389916463385221,0.00336100990891319
"chr17:42668902:42669430:clu_12454:ENSG00000068137.14",-0.0102580797725137,0.00554445465570834,0.0642917514393198
"chr17:42232137:42276248:clu_12407:ENSG00000173757.9",-0.0156731231664755,0.00464539820883907,0.00074110465273769
"chr17:43140283:43144728:clu_12530:ENSG00000198496.10",-0.00366498924335583,0.00402864938383781,0.362964128029262
"chr17:42480749:42483038:clu_12427:ENSG00000033627.16",-0.0124037758688765,0.00394363202994469,0.00165935286769314
"chr17:42663503:42665476:clu_12452:ENSG00000037042.8",0.00742860718486615,0.00446259186844116,0.0959846779936029
"chr17:42811797:42813948:clu_12492:ENSG00000126581.12",-0.00716055730373323,0.00459492571239752,0.119147475752298
"chr17:42668303:42669430:clu_12454:ENSG00000068137.14",0.0125548769637434,0.00499693038395548,0.0119873028470463
"chr17:42114604:42114892:clu_12395:ENSG00000108773.10",0.00218474904336669,0.00303590879786852,0.471749185331114
"chr17:42468107:42470090:clu_12424:ENSG00000033627.16",-0.0030443079973659,0.00595696945952391,0.609316192244137
"chr17:42481358:42483038:clu_12427:ENSG00000033627.16",0.0161112655029632,0.00462071342915369,0.00048893095902669
"chr17:42724424:42727662:clu_12476:ENSG00000108799.12",0.00124050586524056,0.00583527915502244,0.831648928296124
"chr17:42961351:42962175:clu_12506:ENSG00000266967.6",0.0120491437829699,0.00417387300912878,0.00389179402326134
"chr17:51225209:51260120:clu_13005:ENSG00000011258.15",-0.000845851148735993,0.00355497871444531,0.811932100472983
"chr17:51285368:51288029:clu_13011:ENSG00000011260.13",-0.00267082688561074,0.00342991001393091,0.436164021945989
"chr17:51286552:51288029:clu_13011:ENSG00000011260.13",-0.00216667974961609,0.00378647190230337,0.567175659295571
"chr17:51202077:51202701:clu_13001:ENSG00000011258.15",-0.00277211561083548,0.00394432377021021,0.482173307665374
"chr17:35014763:35016370:clu_12045:ENSG00000185379.20",-0.00459281699800877,0.00312064232519358,0.141087391125908
"chr17:35012149:35014740:clu_12045:ENSG00000185379.20",-0.000966094802681945,0.00341315411244966,0.777138165147979
"chr17:35012149:35014740:clu_12045:ENSG00000092871.16",-0.00250566811899047,0.00344554075077547,0.467090845300087
"chr17:35014763:35016370:clu_12045:ENSG00000092871.16",-0.00507879527921073,0.00315487575466272,0.107436244602367
"chr17:44212006:44212819:clu_12602:ENSG00000108312.14",-0.00136676941502813,0.00488584256329077,0.779676388099339
"chr17:42962295:42964106:clu_12506:ENSG00000266967.6",0.00859243897333122,0.00401944817068401,0.0325397939042655
"chr17:44211152:44211290:clu_12601:ENSG00000108312.14",-0.00594837715564494,0.00468668505705636,0.204366965543572
"chr17:44316725:44318096:clu_12609:ENSG00000108309.13",-0.00395197121649602,0.00453697018281564,0.383721637552295
"chr17:43377813:43379123:clu_12542:ENSG00000188825.13",0.00700144661191915,0.00431228438406684,0.104460131494646
"chr17:44210234:44210318:clu_12599:ENSG00000108312.14",-0.0072276482181425,0.00480266671705494,0.13234362727182
"chr17:44196100:44196396:clu_12593:ENSG00000087152.15",0.00307958882691982,0.00380491268440308,0.418301348297874
"chr17:44316725:44317485:clu_12609:ENSG00000108309.13",0.00353096983066367,0.00463488444523421,0.44616458768834
"chr17:43824005:43825756:clu_12559:ENSG00000161647.18",0.00204599883707314,0.00383060432316711,0.593259153396783
"chr17:42673296:42673399:clu_12459:ENSG00000068137.14",-0.00972610838153556,0.00551384454541695,0.077741549048727
"chr17:42712485:42713209:clu_12475:ENSG00000108799.12",-0.0103815736782659,0.00505167761404692,0.0398718127019515
"chr17:43215941:43216449:clu_12539:ENSG00000184988.8",-0.00966509803320538,0.005173506867333,0.0617354779985035
"chr17:44212454:44212819:clu_12602:ENSG00000108312.14",-0.00266102938821718,0.00399613551565991,0.50547458089393
"chr17:4545345:4545610:clu_11049:ENSG00000132382.14",-0.0060751313749969,0.00354179782598122,0.0862961594853784
"chr17:4744107:4744190:clu_11071:ENSG00000141497.13",0.00347979490429012,0.00299690051127265,0.245588518841327
"chr17:4940230:4940487:clu_11109:ENSG00000108523.15",0.00535908861878512,0.0037591739818329,0.153983053345155
"chr17:4743847:4743991:clu_11071:ENSG00000141497.13",-0.00543203116744917,0.00319464346987167,0.0890639842705588
"chr17:4181372:4181709:clu_11033:ENSG00000185722.16",-0.000280698068825564,0.00339689338722859,0.934142757420743
"chr17:4545175:4545267:clu_11049:ENSG00000132382.14",-0.000319503684332309,0.00299316615105746,0.914991768456142
"chr17:4816746:4816937:clu_11081:ENSG00000129219.13",-0.00438379367041102,0.00399061168061105,0.27197454455584
"chr17:4181372:4182181:clu_11033:ENSG00000185722.16",-0.00363468955968395,0.00303107455082085,0.23047263771078
"chr17:4955604:4955971:clu_11116:ENSG00000108515.17",0.000706449995453589,0.00324477473988006,0.827647846666956
"chr17:4895242:4895350:clu_11100:ENSG00000141503.15",-0.00405126308801787,0.00292160463891598,0.16554642391273
"chr17:4895242:4895336:clu_11100:ENSG00000141503.15",0.00540362518623961,0.00294308805898144,0.066351852219745
"chr17:4816746:4817076:clu_11081:ENSG00000129219.13",0.00771200112075398,0.00401427423733228,0.05471348499757
"chr17:4786052:4786158:clu_11072:ENSG00000182853.11",-0.00144389079563846,0.00294100856300449,0.623461176575788
"chr17:4988944:4989428:clu_11129:ENSG00000196388.8",0.00529945366783614,0.00284141345928726,0.0621706722445275
"chr17:4989624:4989890:clu_11130:ENSG00000196388.8",-0.00135091308764083,0.00300459534487962,0.65298760193315
"chr17:4894633:4895081:clu_11099:ENSG00000141503.15",0.00297839887401182,0.00295995214402298,0.314303932228175
"chr17:4808114:4808274:clu_11075:ENSG00000129219.13",0.00268384664088568,0.00289023942881159,0.353101748015803
"chr17:4893067:4893434:clu_11095:ENSG00000141503.15",0.000470668663592317,0.00310298604021762,0.879437364609505
"chr17:4892512:4892656:clu_11093:ENSG00000141503.15",-0.00719973183781698,0.00518870881148213,0.165265957740355
"chr17:4989579:4989890:clu_11130:ENSG00000196388.8",0.00061458861963342,0.00318874543165022,0.847165094377746
"chr17:4955604:4955942:clu_11116:ENSG00000108515.17",0.00209109579821249,0.00335201280567389,0.532737344645035
"chr17:4994475:4995806:clu_11131:ENSG00000196388.8",-0.00286129048383897,0.00290877002592026,0.32527429942747
"chr17:4892234:4892656:clu_11093:ENSG00000141503.15",-0.00095623666826182,0.00730020950681751,0.895785144233014
"chr17:4894633:4895075:clu_11099:ENSG00000141503.15",-0.00247628027531304,0.00301546140777049,0.411535497867721
"chr17:8229968:8230294:clu_11423:ENSG00000178971.13",0.00582061691341504,0.00324623616467588,0.0729672365876374
"chr17:8290976:8291333:clu_11440:ENSG00000125434.10",-0.00425254866671448,0.00315747879142554,0.178038917694832
"chr17:7907702:7907891:clu_11380:ENSG00000170004.16",0.00036443433040185,0.00367064988908433,0.920913316746115
"chr17:8143876:8144751:clu_11409:ENSG00000179094.15",0.00065850574758679,0.00341640425951056,0.847156178522157
"chr17:9491921:9545172:clu_11473:ENSG00000170310.14",-0.00345267411929499,0.00279851104834473,0.21729459587422
"chr17:7847016:7847105:clu_11364:ENSG00000132510.10",0.00823180802154933,0.00281356926125435,0.00343623911267954
"chr17:8161766:8162249:clu_11417:ENSG00000220205.8",0.00407695176878058,0.00421772059444843,0.333731816941766
"chr17:7907488:7907601:clu_11380:ENSG00000170004.16",-0.0115461370693349,0.0040221264694388,0.00409622445029623
"chr17:7934222:7934465:clu_11388:ENSG00000170037.13",0.022195862836632,0.00357727973298126,5.48095901997669e-10
"chr17:8161919:8162249:clu_11417:ENSG00000220205.8",-0.00576655594887344,0.00415571701985863,0.165252795537224
"chr17:7846740:7846819:clu_11364:ENSG00000132510.10",-0.000841232451931413,0.00279674012818913,0.763574364726452
"chr17:8229922:8230294:clu_11423:ENSG00000178971.13",-6.50436502154975e-05,0.00352595365222097,0.985282171535158
"chr17:9491921:9505038:clu_11473:ENSG00000170310.14",-0.00156640401472528,0.0027951570060768,0.575207112614985
"chr17:47154864:47156913:clu_12751:ENSG00000004897.11",-0.0108798091678931,0.00508120462593084,0.0322589628946656
"chr17:46938704:46966534:clu_12739:ENSG00000108433.16",0.000661824760533897,0.00401783725794445,0.869163079834835
"chr17:47021721:47033278:clu_12742:ENSG00000262879.5",0.0167860164030196,0.00328707900463424,3.27891611529019e-07
"chr17:47154786:47156913:clu_12751:ENSG00000004897.11",0.00228955535989688,0.00406183355252758,0.572975111150341
"chr17:47943430:47944616:clu_12801:ENSG00000108439.9",0.0193697800472198,0.00403830954847608,1.61456311864594e-06
"chr17:47622087:47626547:clu_12775:ENSG00000263766.5",0.00762293107951335,0.00376378442133644,0.0428327926614523
"chr17:47018465:47021582:clu_12741:ENSG00000262879.5",-0.0270789053887897,0.00494940853883259,4.47150722004963e-08
"chr17:47328383:47335196:clu_12756:ENSG00000178852.15",0.022882434235147,0.00511636565459049,7.73465393033579e-06
"chr17:47970723:47971362:clu_12805:ENSG00000108465.14",0.035413687837316,0.00467523051240248,3.59712259978551e-14
"chr17:47345098:47361378:clu_12758:ENSG00000178852.15",-0.00223305422660218,0.0038218754247727,0.559030387463764
"chr17:19906232:19909181:clu_11752:ENSG00000108599.14",0.00198686330350356,0.0047002273590339,0.672502170774658
"chr17:19671956:19675558:clu_11741:ENSG00000072210.18",-0.0064400287694612,0.00252843044710635,0.0108639097650561
"chr17:19655387:19656366:clu_11740:ENSG00000072210.18",-0.00661230142269343,0.00492646238032384,0.179530918578956
"chr17:19941010:19941826:clu_11756:ENSG00000108599.14",0.000188993740620637,0.00412830781269595,0.96348563666765
"chr17:19555690:19555796:clu_11733:ENSG00000142494.13",-0.00714852747623329,0.00483121386290927,0.138965466105845
"chr17:19939849:19940887:clu_11756:ENSG00000108599.14",0.00321070521861378,0.00453974199195097,0.479414868631624
"chr17:19652632:19656366:clu_11740:ENSG00000072210.18",0.00567025343027379,0.00440505496275727,0.198019312459445
"chr17:19671956:19675496:clu_11741:ENSG00000072210.18",0.00233422386761565,0.00186755992151489,0.211343763400584
"chr17:19673275:19675496:clu_11741:ENSG00000072210.18",0.00297917096147111,0.00259046554014926,0.250122313666582
"chr17:19671956:19673151:clu_11741:ENSG00000072210.18",0.00202790859545634,0.0052464820798701,0.699106182114122
"chr17:20260294:20296961:clu_11760:ENSG00000128487.16",0.000652824770326633,0.00480877717273648,0.892013449790145
"chr17:18918387:18923914:clu_11708:ENSG00000141127.14",-0.00527805754973276,0.00478162388551595,0.26967073073183
"chr17:60494617:60500399:clu_13171:ENSG00000062725.9",-0.00638016805494273,0.00466141815738425,0.171087366552583
"chr17:60211514:60212024:clu_13163:ENSG00000170832.12",0.00140968276737994,0.00462302116015758,0.760421950078443
"chr17:61368494:61380506:clu_13182:ENSG00000141376.22",-0.00156665443529048,0.00597503350982502,0.79316716965325
"chr17:50169104:50170143:clu_12910:ENSG00000108823.15",-0.00494784200687114,0.00388591524897315,0.202920176429874
"chr17:50746702:50748340:clu_12977:ENSG00000108848.15",-0.0128481240234792,0.00375956696846344,0.000632112048102873
"chr17:50664111:50665153:clu_12964:ENSG00000108846.15",0.00496703959338288,0.00350224752505824,0.156119702044098
"chr17:50547767:50548283:clu_12953:ENSG00000006282.20",0.000257841514463027,0.00194806796968116,0.894701485030116
"chr17:50074292:50074448:clu_12895:ENSG00000005884.17",0.0003869940061169,0.0033635644973213,0.908401741517346
"chr17:50482456:50483340:clu_12934:ENSG00000136444.9",-0.00813926068391767,0.00453806328620416,0.0728844150836508
"chr17:50746702:50750501:clu_12977:ENSG00000108848.15",-0.00865688083011309,0.00399712070446149,0.0303280645074836
"chr17:50074280:50074448:clu_12895:ENSG00000005884.17",-0.00332950078718084,0.00306738094438273,0.277720645234117
"chr17:50975901:50977108:clu_12988:ENSG00000008294.20",-0.00602840443495952,0.0037320812566139,0.106247275899586
"chr17:50673138:50673469:clu_12967:ENSG00000108846.15",0.0118056043779583,0.00340497139842118,0.000525975052000693
"chr17:50974947:50977108:clu_12988:ENSG00000008294.20",0.0114202925834789,0.0070658510495699,0.106036882689313
"chr17:64154967:64171100:clu_13289:ENSG00000136478.7",-0.0044896350218524,0.00514778499246237,0.383127151916694
"chr17:65177794:65189286:clu_13338:ENSG00000108370.16",0.00133129598694187,0.0045694330490867,0.770785045125315
"chr17:64778077:64778397:clu_13321:ENSG00000214176.9",-0.00257219993073456,0.00386857177233053,0.506116678091295
"chr17:64971163:64972534:clu_13333:ENSG00000214174.8",0.00157088935445884,0.0042952735498384,0.714570213654225
"chr17:48545564:48548375:clu_12831:ENSG00000230148.8",-0.00906570484790684,0.00350548317597774,0.00970547209556361
"chr17:47626627:47636512:clu_12775:ENSG00000263766.5",0.0184611903059423,0.00367039329259337,4.91099081068036e-07
"chr17:46998817:47007840:clu_12741:ENSG00000262879.5",0.0186721863531284,0.00478303273405675,9.46790525219177e-05
"chr17:47839643:47840191:clu_12794:ENSG00000141295.13",0.00885105255941311,0.00368716592162522,0.0163725601483731
"chr17:48026475:48029125:clu_12814:ENSG00000005243.9",-0.0027241483053892,0.00433585645109017,0.529818051504682
"chr17:47072559:47099835:clu_12743:ENSG00000262879.5",0.00347666293471128,0.00493206076619087,0.480865744349144
"chr17:48552632:48555531:clu_12835:ENSG00000120093.11",-0.00405035790488048,0.00371781765348413,0.275957690274596
"chr17:47807708:47808220:clu_12786:ENSG00000006025.11",-0.0118380211292911,0.00480214411509896,0.0136954665031501
"chr17:8150845:8152337:clu_11415:ENSG00000179094.15",0.00719288050489902,0.00313034248651206,0.0215735469615177
"chr17:7842040:7844901:clu_11361:ENSG00000132510.10",-0.00264732955465249,0.00264242878617738,0.316413800374134
"chr17:9545282:9557434:clu_11474:ENSG00000170310.14",-0.00176415833998489,0.00379505301829346,0.642033605290602
"chr17:9557528:9568371:clu_11473:ENSG00000170310.14",0.00214797631717241,0.00261162743170335,0.410811392026171
"chr17:8150845:8156307:clu_11415:ENSG00000179094.15",-0.00984018379351412,0.00293161750205247,0.00078915309647587
"chr17:8042884:8043024:clu_11401:ENSG00000179593.15",0.00621184389756916,0.00739553098728806,0.400938874588032
"chr17:8318461:8318570:clu_11444:ENSG00000198844.10",0.00754400742870897,0.00275525634267416,0.00618061928714075
"chr17:8316148:8318387:clu_11444:ENSG00000198844.10",-0.000749703230274531,0.00298897002120159,0.801950750830643
"chr17:8318910:8319056:clu_11445:ENSG00000198844.10",-0.00243653344245739,0.0038391143532217,0.525649995462999
"chr17:8047076:8047212:clu_11404:ENSG00000179593.15",0.00155402791460513,0.00587180180704866,0.791271807824055
"chr17:8576672:8577236:clu_11456:ENSG00000133026.12",-0.00425192586724544,0.00402338317288802,0.290601225776209
"chr17:8314964:8315066:clu_11442:ENSG00000198844.10",0.00827051130444474,0.00326074470564971,0.0112002802331576
"chr17:8623277:8623424:clu_11458:ENSG00000133026.12",-0.00602154908236783,0.00330168018938255,0.0681848445672218
"chr17:8310343:8311991:clu_11441:ENSG00000198844.10",0.00154477644893292,0.00289552362892901,0.593684023257641
"chr17:8569812:8577236:clu_11456:ENSG00000133026.12",0.00971057661172002,0.00332947482782656,0.00353927080449001
"chr17:8290976:8292523:clu_11440:ENSG00000125434.10",0.00168736628628169,0.00517731348968515,0.744488350749107
"chr17:9378653:9491829:clu_11472:ENSG00000170310.14",-0.00691423283263193,0.00282716455160126,0.0144594430557431
"chr17:8039983:8042369:clu_11399:ENSG00000179593.15",0.0117648716928055,0.00439818018830364,0.00747424439761912
"chr17:8266353:8266501:clu_11434:ENSG00000178921.13",-0.00448610757912962,0.00327681007900799,0.170984529328529
"chr17:8174272:8176200:clu_11419:ENSG00000179029.14",0.0222198857291238,0.00303957675610014,2.66786592817425e-13
"chr17:8266353:8266753:clu_11434:ENSG00000178921.13",0.00258800250917367,0.00319373878709524,0.417746911044319
"chr17:10019897:10036434:clu_11481:ENSG00000007237.18",-0.00420966510071009,0.00279849027089343,0.132513686750569
"chr17:10729876:10754229:clu_11493:ENSG00000263400.6",0.00280820648447802,0.00260224610407498,0.280522132135518
"chr17:65536553:65536869:clu_13341:ENSG00000168646.12",0.00131363675332715,0.0038599256389616,0.73361031745266
"chr17:66689047:66732688:clu_13357:ENSG00000154229.11",-0.00525408111309965,0.0038229690916596,0.169334386576923
"chr17:31032506:31045410:clu_11979:ENSG00000266865.6",0.00726159442476097,0.00410967869606938,0.0772366979598087
"chr17:32331978:32333417:clu_12018:ENSG00000108666.9",0.0016372960445998,0.0035420024396327,0.643900954447718
"chr17:31024426:31045410:clu_11979:ENSG00000266865.6",0.00579389115704136,0.00445420386115595,0.193337470295522
"chr17:31343135:31349120:clu_11989:ENSG00000196712.17",-0.0153620778216038,0.00434807059203799,0.000410749382479536
"chr17:30804108:30824523:clu_11968:ENSG00000176390.11",-0.00277934669436366,0.0045203592287648,0.53865322705118
"chr17:32207029:32208107:clu_12013:ENSG00000126858.16",0.0198853378125156,0.00450728009492531,1.02502233207957e-05
"chr17:32333520:32334469:clu_12018:ENSG00000108666.9",0.000605344521102458,0.00360516639710614,0.866653857900845
"chr17:10723329:10725011:clu_11489:ENSG00000187824.8",0.0014850289633489,0.00216174254332701,0.492108429204008
"chr17:10713267:10715366:clu_11489:ENSG00000187824.8",0.000206971864909012,0.00221927590533827,0.925696223551602
"chr17:10713267:10723270:clu_11489:ENSG00000187824.8",0.000439480111859146,0.00221709642309555,0.84287037871288
"chr17:10647426:10648557:clu_11483:ENSG00000109063.14",-0.00659949657939451,0.00330064737786756,0.045559123976493
"chr17:18242628:18243908:clu_11672:ENSG00000131899.10",0.0186052468621532,0.0050544408347119,0.000232348023147311
"chr17:17681793:17724028:clu_11625:ENSG00000108557.18",0.0107982476600418,0.00386082683081608,0.00515995907756261
"chr17:17522395:17576920:clu_11623:ENSG00000133027.17",0.00867062885406397,0.00523949162334255,0.0979527546916584
"chr17:17512654:17576920:clu_11623:ENSG00000133027.17",0.0234908223314924,0.00376308451720725,4.30802171713651e-10
"chr17:18330671:18340043:clu_11686:ENSG00000176974.19",0.00106681173373106,0.00419570998453824,0.799292764243043
"chr17:18167723:18169482:clu_11660:ENSG00000091536.16",-0.0032714693940156,0.00443971032006854,0.461204142153101
"chr17:18167723:18171638:clu_11660:ENSG00000091536.16",-0.00692388477863565,0.00472127278453989,0.142504150361104
"chr17:18333288:18335559:clu_11686:ENSG00000176974.19",-0.00126443979151688,0.00413233978043189,0.759614997291799
"chr17:17866924:17869340:clu_11636:ENSG00000175662.17",0.000470655121856111,0.00451918742199089,0.917053516686034
"chr17:17267977:17270896:clu_11616:ENSG00000141030.12",0.00852590321238455,0.00475701304528955,0.0730879950441077
"chr17:18242278:18242448:clu_11671:ENSG00000131899.10",-0.0143952867396381,0.00547468349793565,0.00855286107991704
"chr17:18253719:18254079:clu_11677:ENSG00000177731.15",0.00321857744725221,0.00402302931986355,0.423688620190185
"chr17:18253458:18253544:clu_11677:ENSG00000177731.15",0.000880633877573508,0.00383283996785377,0.81827815371377
"chr17:17215316:17216380:clu_11609:ENSG00000154803.12",-0.00777461510340957,0.00371423996686567,0.0363320734125154
"chr17:18103889:18104544:clu_11656:ENSG00000108591.9",-0.0156090552621986,0.00497634869620462,0.00170891035451637
"chr17:18007147:18016064:clu_11647:ENSG00000171962.17",0.00385774137826731,0.00440225769537565,0.380861661376582
"chr17:18007147:18007398:clu_11647:ENSG00000171962.17",-0.00185083224219217,0.0042165669396959,0.660702889926797
"chr17:18308424:18308882:clu_11684:ENSG00000177302.14",0.0156508531894088,0.00491071123471347,0.00143714626777802
"chr17:18242278:18242508:clu_11671:ENSG00000131899.10",0.0182615572197705,0.00477882498885149,0.000132723768010989
"chr17:18104681:18106433:clu_11654:ENSG00000108591.9",0.0124035949814822,0.00455536573558302,0.00647206887778995
"chr17:17506301:17509434:clu_11622:ENSG00000133027.17",-0.000592602792375837,0.0045497480427154,0.896368965876992
"chr17:17681793:17683546:clu_11625:ENSG00000108557.18",-0.00651959493926167,0.00481770265669212,0.175973203436459
"chr17:13777349:13790269:clu_11525:ENSG00000236088.9",0.00760597909701701,0.00297492271111244,0.010567089840001
"chr17:37021014:37031614:clu_12133:ENSG00000275700.4",-0.0027456062621223,0.0036397449247983,0.450644912101436
"chr17:36581538:36585300:clu_12122:ENSG00000278311.4",0.00412526120373673,0.0032811485343488,0.208659018035316
"chr17:37458587:37462078:clu_12148:ENSG00000276234.4",-0.00682151378569184,0.00358706649437614,0.057210771209536
"chr17:36579419:36581344:clu_12122:ENSG00000278311.4",-0.00585342982528514,0.00325644305444314,0.0722575720457713
"chr17:36013308:36013744:clu_12100:ENSG00000274736.4",-0.00775535437615726,0.00409075751388368,0.057983382529212
"chr17:37733743:37739440:clu_12167:ENSG00000275410.4",0.0541478202190035,0.00382707622679687,0
"chr17:36511455:36513429:clu_12113:ENSG00000278259.4",0.000515140136865533,0.00416361908728644,0.90153370782512
"chr17:36499160:36500830:clu_12110:ENSG00000278259.4",-0.000189049431026881,0.00398719843857913,0.962183190377
"chr17:47391580:47394025:clu_12758:ENSG00000178852.15",0.00319134422974666,0.00441200223818804,0.469475683101608
"chr17:47577160:47579390:clu_12766:ENSG00000141279.15",0.00545827885266922,0.00392142013458828,0.163948498436079
"chr17:47587322:47590717:clu_12770:ENSG00000141279.15",0.00365901007873468,0.00482720344386459,0.448452239233828
"chr17:47486884:47490166:clu_12764:ENSG00000228782.7",0.0163263306637325,0.0043275117203639,0.000161501314963064
"chr17:47971309:47973519:clu_12806:ENSG00000108465.14",-0.00659185599350641,0.00363932950332203,0.0700970416854838
"chr17:47587344:47590717:clu_12770:ENSG00000141279.15",-0.00349605654051585,0.00440160005105241,0.427038573274473
"chr17:47374966:47377766:clu_12758:ENSG00000178852.15",0.00365031946366916,0.00390395369627815,0.349772094687642
"chr17:47838696:47838791:clu_12785:ENSG00000141295.13",-0.0150335288745275,0.00388122838643081,0.000107329858500926
"chr17:47056753:47067414:clu_12743:ENSG00000262879.5",-0.0173376580716465,0.00472528278397872,0.000243381079613747
"chr17:47808946:47809076:clu_12787:ENSG00000006025.11",0.00173625493474283,0.0051557746483828,0.736298375160433
"chr17:48077041:48100755:clu_12823:ENSG00000108468.14",-0.00617820752086447,0.00450116954896345,0.169883490513669
"chr17:47838450:47838531:clu_12785:ENSG00000141295.13",0.0128400031177641,0.00418071817050865,0.00213169296259397
"chr17:47569494:47579390:clu_12766:ENSG00000141279.15",0.000628844241840418,0.00475660038640947,0.894822497640045
"chr17:47377903:47391437:clu_12758:ENSG00000178852.15",0.0112061659775505,0.00384007847012507,0.00352044057929612
"chr17:74440046:74443818:clu_13512:ENSG00000170412.16",-0.00166339279918277,0.00312774756863999,0.594851978817995
"chr17:44683959:44689550:clu_12621:ENSG00000180329.13",6.93822319937435e-05,0.00517055966161652,0.989293741097752
"chr17:44213756:44215654:clu_12603:ENSG00000108312.14",-0.00901321927669886,0.00464232567256618,0.0521939011878108
"chr17:45083755:45086508:clu_12648:ENSG00000136448.11",-0.00201109738255573,0.00401457858737484,0.616407322200696
"chr17:44854033:44854269:clu_12634:ENSG00000108883.12",0.00481334954128978,0.00686045419946306,0.482923661975365
"chr17:44207911:44208619:clu_12598:ENSG00000108312.14",0.00601040521660399,0.00619225816144512,0.331731460930971
"chr17:45112704:45112863:clu_12651:ENSG00000161714.11",-0.00865062508705436,0.0035630377510298,0.0151874027640995
"chr17:45135953:45136500:clu_12661:ENSG00000181513.14",-7.1963638718651e-05,0.00470779651719978,0.987803967305438
"chr17:44356588:44359579:clu_12616:ENSG00000161682.14",-0.00110369045132721,0.00376334377118526,0.769312812640613
"chr17:44682138:44683872:clu_12621:ENSG00000180329.13",-0.00216249408294216,0.00515235862101447,0.674697652731237
"chr17:44149027:44150961:clu_12583:ENSG00000125319.14",-0.00757090247322099,0.0040727202069696,0.0630370367907591
"chr17:45112704:45113122:clu_12651:ENSG00000161714.11",0.00640594113472876,0.00462566257670453,0.166092234851208
"chr17:44322528:44322808:clu_12612:ENSG00000013306.15",0.000130761109845363,0.00363046067844903,0.971268187070794
"chr17:44209004:44209352:clu_12598:ENSG00000108312.14",0.00494780798438796,0.00428308499247267,0.248009662573002
"chr17:44177816:44181623:clu_12586:ENSG00000267080.5",0.00441504959358451,0.00229575973470787,0.0544634425573546
"chr17:45103876:45104859:clu_12650:ENSG00000136448.11",-0.00541800850758188,0.00690479139434263,0.432644881398601
"chr17:44188009:44188935:clu_12589:ENSG00000168591.15",0.00471176555287508,0.00497864591779652,0.343947159861535
"chr17:44207911:44209352:clu_12598:ENSG00000108312.14",-0.00446383177327321,0.00597192454549871,0.454780174564917
"chr17:44853635:44854269:clu_12634:ENSG00000108883.12",-0.00879784792209065,0.00595899549721456,0.13983712937544
"chr17:51193510:51195214:clu_13000:ENSG00000011258.15",0.00166490425071222,0.00431390692050058,0.699541961592835
"chr17:10878524:10880472:clu_11495:ENSG00000263400.6",-0.00255320936591153,0.00251398182455678,0.30981811888514
"chr17:10878524:10880472:clu_11495:ENSG00000263508.5",-0.00153179811329007,0.00255466727812028,0.548767729321366
"chr17:10691999:10692764:clu_11486:ENSG00000133028.10",0.00243639660016519,0.00365189206127027,0.504669887065443
"chr17:11992911:11997431:clu_11504:ENSG00000154957.13",0.000695465452214307,0.00311515390773019,0.823339105084858
"chr17:76067330:76070378:clu_13750:ENSG00000167881.14",-0.00380915979385107,0.00333492160497545,0.253369358695892
"chr17:75849739:75851568:clu_13711:ENSG00000132471.11",0.00252041249016165,0.00370407952928971,0.496224428558422
"chr17:77281554:77307141:clu_13830:ENSG00000184640.17",0.00751058038779483,0.0043115829043302,0.0815164409311651
"chr17:75851676:75855239:clu_13711:ENSG00000132471.11",-0.000555461386535105,0.00367667149392487,0.879914785217348
"chr17:75880629:75891277:clu_13715:ENSG00000141569.10",0.000103313398420104,0.00340534594794427,0.975797019444959
"chr17:75901916:75902020:clu_13719:ENSG00000204316.12",0.000957101926056015,0.00345621735967949,0.78184015438422
"chr17:76543121:76553109:clu_13779:ENSG00000214140.10",-0.00188109305407997,0.00363698114230347,0.6050076457285
"chr17:76570923:76572637:clu_13787:ENSG00000070731.10",-0.00173036748154589,0.00324062759751719,0.593368788322369
"chr17:75901920:75902020:clu_13719:ENSG00000204316.12",-0.000311097686409878,0.00337728748610185,0.926606941470921
"chr17:76742273:76744322:clu_13806:ENSG00000092931.11",-0.00125039797019835,0.00300411333351578,0.677242713371087
"chr17:75946795:75948251:clu_13733:ENSG00000161533.11",0.00375374420174747,0.00317255583808085,0.236732873650855
"chr17:76070444:76072308:clu_13751:ENSG00000167881.14",-0.0016439105537388,0.00315094897137685,0.601865859529088
"chr17:75847609:75847796:clu_13710:ENSG00000132471.11",-0.00134185238113008,0.00430398868439916,0.755215708344878
"chr17:76089762:76090329:clu_13758:ENSG00000182473.21",-0.00159684097283766,0.00330498991620813,0.628981695131195
"chr17:75943213:75946707:clu_13733:ENSG00000161533.11",-0.00836754007792499,0.00316360999253387,0.00817068180849034
"chr17:76775171:76776411:clu_13809:ENSG00000092931.11",0.0057504629448121,0.00244200201616639,0.0185319300087962
"chr17:76776541:76778188:clu_13810:ENSG00000092931.11",0.00158831510335961,0.00290949063914193,0.585128969240512
"chr17:76720498:76721263:clu_13797:ENSG00000070495.14",0.00960702166995922,0.00383039209208258,0.0121380941202321
"chr17:76720498:76721798:clu_13797:ENSG00000070495.14",-0.00822843805954567,0.00497086100179552,0.0978566501881712
"chr17:77482335:77487429:clu_13832:ENSG00000184640.17",-0.00183149961329398,0.00301120267208068,0.543035862416406
"chr17:78138479:78138574:clu_13861:ENSG00000167895.14",-0.00275358889204337,0.00345721656756716,0.425755609792717
"chr17:78392665:78396308:clu_13873:ENSG00000087157.18",-0.000826333142511683,0.0024438516740845,0.735267204699426
"chr17:77209476:77211950:clu_13821:ENSG00000129657.14",-0.000708397351958567,0.00325150386538522,0.827532270186558
"chr17:78098537:78102474:clu_13847:ENSG00000078687.17",-0.00451980173657318,0.00238458859393496,0.0580365133218844
"chr17:77209476:77210890:clu_13821:ENSG00000129657.14",-9.87267590033504e-05,0.00306257773960355,0.974283455873867
"chr17:78097861:78098343:clu_13847:ENSG00000078687.17",-0.000186748229672835,0.0025958685875781,0.942649214570792
"chr17:77482335:77487424:clu_13832:ENSG00000184640.17",0.00128307149945082,0.00276508059174806,0.642628544560913
"chr17:77373552:77402059:clu_13830:ENSG00000184640.17",-0.00147042762672614,0.00545134270569763,0.787362762804513
"chr17:76729794:76732978:clu_13799:ENSG00000181038.13",0.00302641666284154,0.00258338186728753,0.241400220636671
"chr17:8153980:8156307:clu_11415:ENSG00000179094.15",0.00663196827925156,0.00441673442765337,0.13321215337325
"chr17:7944225:7944476:clu_11393:ENSG00000170037.13",0.000123699302291664,0.00315926159715389,0.968767211028054
"chr17:7700829:7701427:clu_11358:ENSG00000141499.16",-0.0144811035227645,0.00298323984221908,1.20902185507532e-06
"chr17:7944248:7944476:clu_11393:ENSG00000170037.13",-0.00120169004175051,0.00298998391092441,0.687753805483875
"chr17:7700829:7701459:clu_11358:ENSG00000141499.16",0.0112957399336975,0.00289528555261387,9.56280226939166e-05
"chr17:9505162:9568371:clu_11473:ENSG00000170310.14",-0.00524051787842656,0.00326569315069261,0.108555791369284
"chr17:7670715:7673535:clu_11355:ENSG00000141510.16",-0.0181228081190913,0.00361965215645273,5.53476419473675e-07
"chr17:7910591:7910847:clu_11382:ENSG00000170004.16",-0.00485246320075397,0.00320341033925465,0.129828025187419
"chr17:8148259:8148636:clu_11412:ENSG00000179094.15",0.00266206203063206,0.00358878811746867,0.458225573833474
"chr17:8318910:8319007:clu_11445:ENSG00000198844.10",-0.000204687397164185,0.00355487819361819,0.954083738700571
"chr17:13010671:13013207:clu_11522:ENSG00000006744.18",0.00857674898233745,0.00295330478714252,0.00368287974767934
"chr17:78204900:78205093:clu_13869:ENSG00000183077.15",0.00298285771483869,0.00289946135088084,0.303591194000919
"chr17:78079541:78083047:clu_13845:ENSG00000078687.17",-0.000192520990822441,0.00288628471570747,0.946818934445814
"chr17:18172290:18173781:clu_11662:ENSG00000091536.16",0.00339603380289372,0.00372256212751596,0.361619243950375
"chr17:17247151:17247480:clu_11614:ENSG00000141030.12",0.00915044913892667,0.00431329942061659,0.0338839497634126
"chr17:18262867:18263086:clu_11681:ENSG00000177427.12",0.00308080406356545,0.00346436077155616,0.373849931708201
"chr17:17882863:17884634:clu_11637:ENSG00000175662.17",-0.00694641975027075,0.00407214497298085,0.0880382406779205
"chr17:18923984:18928811:clu_11708:ENSG00000141127.14",-0.0244508459073564,0.00527293234664094,3.53418573351139e-06
"chr17:18877870:18889822:clu_11713:ENSG00000141127.14",-0.00184241620313112,0.00457105163909749,0.686902777500317
"chr17:17247560:17248926:clu_11614:ENSG00000141030.12",-0.00739444143260127,0.00476922034693105,0.121033357189834
"chr17:17857855:17861476:clu_11635:ENSG00000175662.17",-0.0193587816814385,0.00460335458307859,2.60662285719304e-05
"chr17:17333588:17344794:clu_11619:ENSG00000205309.13",-0.00826292606601853,0.00333986350935261,0.0133598080456897
"chr17:17683703:17684065:clu_11625:ENSG00000108557.18",-0.0175282686471464,0.00410300927139955,1.93682461985256e-05
"chr17:17850952:17861476:clu_11635:ENSG00000175662.17",0.0163205960357421,0.0057202567723961,0.00432918645479208
"chr17:18872649:18877698:clu_11712:ENSG00000141127.14",0.0141803127612493,0.00500537607892132,0.00461110132523734
"chr17:17260474:17261966:clu_11615:ENSG00000141030.12",0.00588034152162995,0.00349766388185245,0.0927202428657549
"chr17:17276183:17281132:clu_11617:ENSG00000141030.12",0.00214569664948016,0.00377148533355579,0.569406254794018
"chr17:17161356:17164109:clu_11602:ENSG00000133030.20",-0.0038536812759559,0.00433146027314295,0.373629341215177
"chr17:17820521:17823518:clu_11633:ENSG00000072310.16",-0.0104005436762145,0.00569991415750692,0.0680486890722739
"chr17:18260737:18262714:clu_11681:ENSG00000177427.12",-0.0067013205650383,0.00359862904149174,0.0625767226496369
"chr17:17850952:17857769:clu_11635:ENSG00000175662.17",-0.0153545843041097,0.00704145252978178,0.0292130895954201
"chr17:18859475:18865469:clu_11711:ENSG00000141127.14",-0.00679250298017093,0.0038361672840551,0.0766192090592328
"chr17:18889877:18911103:clu_11708:ENSG00000141127.14",0.0110781075367047,0.00439881404307071,0.0117879138128486
"chr17:18163838:18167590:clu_11659:ENSG00000091536.16",-0.0128517892338025,0.00421108685026704,0.00227402651744602
"chr17:18242628:18242743:clu_11672:ENSG00000131899.10",-0.00862065571074887,0.0042753906477832,0.0437640797316196
"chr17:18791040:18797579:clu_11709:ENSG00000171928.13",-0.00253208760902339,0.00410889547216972,0.537732620831023
"chr17:18798943:18804138:clu_11710:ENSG00000171928.13",0.00403002271370405,0.00567221363156672,0.477403428216091
"chr17:66096632:66129746:clu_13349:ENSG00000154240.16",0.00467269152165022,0.00311851821321625,0.134037363922908
"chr17:7220529:7220604:clu_11253:ENSG00000072778.19",-0.00397476742724831,0.00330086688318733,0.228528262669115
"chr17:7871785:7883235:clu_11369:ENSG00000183011.13",-0.00991928022094079,0.00287036993368364,0.0005487645169171
"chr17:7582160:7582876:clu_11336:ENSG00000233223.2",0.00889286356194798,0.00279211046898898,0.00144755491929172
"chr17:6899706:6899868:clu_11229:ENSG00000262943.7",0.00327474190612437,0.00276752374030453,0.236700141299286
"chr17:7336787:7337312:clu_11302:ENSG00000072818.11",0.0101236397832111,0.00288751687780625,0.000454891899706267
"chr17:7582163:7582876:clu_11336:ENSG00000233223.2",0.0099756476202729,0.00290567016017329,0.000596577012092481
"chr17:7386655:7386990:clu_11308:ENSG00000174292.12",0.00185535259765688,0.00309176024926713,0.548442336006207
"chr17:7582531:7582900:clu_11336:ENSG00000233223.2",0.00278988263257346,0.0025744847510427,0.278512736626508
"chr17:6455643:6457594:clu_11198:ENSG00000091622.15",0.00879696935740155,0.00308628130704995,0.00436717028293598
"chr17:8370386:8375900:clu_11446:ENSG00000184619.3",-0.0022134059033739,0.00293907658610944,0.451392415463249
"chr17:7220197:7220464:clu_11253:ENSG00000072778.19",0.00492305873587382,0.00325764325202566,0.130729038674087
"chr17:7318172:7318269:clu_11291:ENSG00000215041.9",0.0146239781663005,0.00279058867149114,1.60173740604286e-07
"chr17:6999586:7002484:clu_11230:ENSG00000215067.9",-0.00285317015814074,0.00329916147073053,0.387139366626656
"chr17:7895542:7897083:clu_11374:ENSG00000170004.16",0.00235602772972159,0.00335021614975242,0.481902154866171
"chr17:7573547:7574260:clu_11339:ENSG00000161960.14",-0.0312242822161552,0.00363414940383773,0
"chr17:7895150:7895339:clu_11374:ENSG00000170004.16",0.00135488422319016,0.00318319921863901,0.670373094480419
"chr17:7572864:7574260:clu_11339:ENSG00000161960.14",0.0294773999031611,0.00344877423097861,0
"chr17:7840024:7844901:clu_11361:ENSG00000132510.10",0.00700557577938865,0.00450898541111914,0.120257837782829
"chr17:7467327:7484004:clu_11324:ENSG00000174282.11",0.0131384077350521,0.00286374587530285,4.4785576982509e-06
"chr17:6899760:6899868:clu_11229:ENSG00000262943.7",-0.00837869339930931,0.00275438685113534,0.00235054813816815
"chr17:7582163:7582900:clu_11336:ENSG00000233223.2",-0.00112941657112798,0.00304599734909115,0.710796098680355
"chr17:7627226:7627553:clu_11353:ENSG00000141504.11",0.000751208443990747,0.00427969285442132,0.86066430946363
"chr17:7945986:7947571:clu_11394:ENSG00000170037.13",-0.0095132454379048,0.00338105548161504,0.00489762785875325
"chr17:7582531:7583918:clu_11336:ENSG00000233223.2",-0.0230871285763968,0.00306339140049538,4.82947015711943e-14
"chr17:7441879:7442594:clu_11323:ENSG00000161958.10",0.00729607358268345,0.00245022996619613,0.00290410888296855
"chr17:7191358:7191893:clu_11247:ENSG00000132535.18",-0.00804168036251908,0.0029164999476574,0.00582799336062245
"chr17:6641152:6641753:clu_11213:ENSG00000129235.10",0.00148084552796998,0.00313598254127335,0.636776171605522
"chr17:8265125:8265288:clu_11433:ENSG00000178921.13",0.00209176428797484,0.0028638971361294,0.465151304533698
"chr17:10704170:10713126:clu_11489:ENSG00000187824.8",0.00294061340721876,0.00259160300559762,0.256513736943261
"chr17:10752876:10754229:clu_11493:ENSG00000263400.6",-0.00109751958923823,0.00264902020685442,0.678645977962931
"chr17:10754362:10802399:clu_11494:ENSG00000263400.6",-0.00503374391086706,0.00288013716572275,0.0805082782812843
"chr17:75739705:75739880:clu_13677:ENSG00000132470.13",-0.00248686602544811,0.00407902460399534,0.542079278781621
"chr17:76547372:76553109:clu_13779:ENSG00000214140.10",-0.00628128930867423,0.00351484770704196,0.0739256965786105
"chr17:75743861:75746264:clu_13682:ENSG00000132470.13",-0.00912755592005869,0.00362089929832517,0.0117089027502959
"chr17:75754815:75755701:clu_13686:ENSG00000132470.13",-0.00907078299731087,0.00647402089241097,0.16118267873839
"chr17:75758127:75758210:clu_13688:ENSG00000108479.11",-0.00341392413501903,0.00355716355994387,0.337190051762807
"chr17:77200673:77203570:clu_13818:ENSG00000129657.14",-0.0106948134330967,0.00306874448396418,0.000491993873414032
"chr17:75270245:75270943:clu_13581:ENSG00000125457.13",0.00699605387807696,0.00322922521282343,0.0302744783471081
"chr17:76050526:76057403:clu_13747:ENSG00000167881.14",-0.00180529845143242,0.0030400689061717,0.552622667966954
"chr17:75237796:75237982:clu_13564:ENSG00000125447.16",0.00611292672352643,0.0024730941309854,0.0134444942961365
"chr17:75912307:75913702:clu_13721:ENSG00000204316.12",0.00202472295817358,0.00506443984678732,0.68930966201409
"chr17:76572775:76573195:clu_13788:ENSG00000070731.10",0.000904934211845915,0.00293714966109127,0.758006655398591
"chr17:76094581:76101271:clu_13745:ENSG00000182473.21",0.00732935327418797,0.00311918096039174,0.0187850885402172
"chr17:75912307:75913702:clu_13721:ENSG00000188878.19",0.00142653469603935,0.0049703817426297,0.774106907523284
"chr17:75740498:75740793:clu_13678:ENSG00000132470.13",-0.00940429685450295,0.0034475464782462,0.00637537913454711
"chr17:76680879:76683847:clu_13795:ENSG00000182534.13",-0.00911072646971862,0.00391316973102398,0.0199003373939792
"chr17:75740461:75740793:clu_13678:ENSG00000132470.13",0.00971003076961604,0.00326825373008652,0.00296817308640562
"chr17:75522521:75523275:clu_13612:ENSG00000182173.12",-0.00670576682230593,0.00326278730679927,0.0398571360761465
"chr17:75732239:75733490:clu_13674:ENSG00000132470.13",0.00110203186025656,0.00345741110096088,0.749920028610318
"chr17:75752356:75752484:clu_13684:ENSG00000132470.13",-0.0010770836566916,0.00362015282959906,0.766066212338071
"chr17:75601563:75601742:clu_13634:ENSG00000266714.6",0.00472510999009219,0.00392944177725046,0.22917417698478
"chr17:76043958:76045292:clu_13744:ENSG00000167881.14",-0.0104988046408062,0.0034293633426267,0.00220272017297651
"chr17:75506894:75506984:clu_13605:ENSG00000177303.9",-0.00417394437832988,0.00326054130117164,0.200496438268154
"chr17:75938232:75939818:clu_13731:ENSG00000188878.19",-0.011004135222586,0.00396757584708996,0.00554541077970061
"chr17:75614364:75614583:clu_13642:ENSG00000266714.6",-0.0115628558319255,0.00397852571092003,0.00365711062051555
"chr17:75614360:75614583:clu_13642:ENSG00000266714.6",0.000417886866476825,0.00370416573671735,0.910176924432683
"chr17:75752356:75752446:clu_13684:ENSG00000132470.13",-0.00317461070054288,0.00366131830583704,0.385904938194744
"chr17:75957566:75973625:clu_13734:ENSG00000161533.11",0.00418272519984291,0.00345980520638522,0.226682755293368
"chr17:35106481:35106988:clu_12056:ENSG00000185379.20",-0.00462750681015788,0.0035333019820683,0.19030297522294
"chr17:35313706:35323148:clu_12062:ENSG00000267364.1",0.00484653650287533,0.00323818394710792,0.134475630046923
"chr17:35321865:35323148:clu_12062:ENSG00000267364.1",-0.00357557002116691,0.00317085443543379,0.259473622005478
"chr17:35779323:35784394:clu_12086:ENSG00000271447.5",-0.00913314139033858,0.00490335551112826,0.0625142166567771
"chr17:35770312:35773180:clu_12085:ENSG00000271447.5",0.00266036200103278,0.00319464036173156,0.40498128231365
"chr17:35779075:35779244:clu_12086:ENSG00000271447.5",0.00144243601087211,0.00355015574446022,0.684520585352803
"chr17:45240604:45241111:clu_12672:ENSG00000233175.2",-0.00585980425067571,0.00318845051666468,0.0660886504972836
"chr17:45137988:45138276:clu_12664:ENSG00000181513.14",-0.00559682244794615,0.00277467322869863,0.0436839852261551
"chr17:45454272:45458169:clu_12698:ENSG00000225190.10",0.00770995723600944,0.00540753359555133,0.153931642873391
"chr17:44847917:44848102:clu_12632:ENSG00000131097.6",0.012040318712306,0.00481479381440676,0.0123950754570586
"chr17:44848252:44849254:clu_12632:ENSG00000131097.6",0.00146782267144523,0.0040732941858241,0.7185833729029
"chr17:45096285:45098382:clu_12649:ENSG00000136448.11",4.43890889431185e-05,0.0048754855586436,0.992735722625258
"chr17:45545944:45558407:clu_12707:ENSG00000267198.1",-0.0034445786911344,0.00346358927481234,0.319974004188312
"chr17:44210947:44211039:clu_12600:ENSG00000108312.14",0.00499425681993353,0.00327040298026427,0.126734289815083
"chr17:45034042:45034187:clu_12646:ENSG00000172992.11",-0.00538550690148648,0.00484940335780311,0.26676191701937
"chr17:44731015:44732178:clu_12625:ENSG00000161692.17",0.00373020769102645,0.00457486396842367,0.414860443976468
"chr17:45137139:45137368:clu_12662:ENSG00000181513.14",-0.00234670146672016,0.00355913873907936,0.50967404706538
"chr17:45034999:45051553:clu_12647:ENSG00000172992.11",0.00216823606294105,0.00307050839505177,0.480095557190469
"chr17:45034999:45060888:clu_12647:ENSG00000172992.11",-0.0089700029080456,0.00326782620132997,0.00605210557841729
"chr17:45137988:45139021:clu_12664:ENSG00000181513.14",0.0104345621127278,0.00383838762427257,0.00655835437157537
"chr17:44189299:44190501:clu_12590:ENSG00000168591.15",0.00632164418319836,0.00618699308984593,0.306892812641385
"chr17:45030179:45033935:clu_12646:ENSG00000172992.11",-0.000701835679094555,0.00411246655526436,0.864490708130939
"chr17:45115586:45116632:clu_12654:ENSG00000161714.11",0.00908256860024366,0.0043105113851343,0.0351111227426638
"chr17:44732265:44734090:clu_12625:ENSG00000161692.17",-0.00889962228409359,0.00295975852347213,0.0026394875147433
"chr17:44883158:44883649:clu_12640:ENSG00000108883.12",-0.00328223369459907,0.00454505184187034,0.470198945490672
"chr17:44181720:44182930:clu_12587:ENSG00000267080.5",0.00328383632008384,0.00388256714280439,0.397669925671602
"chr17:45121372:45132248:clu_12657:ENSG00000161714.11",-0.00209216352035088,0.00398071650782485,0.599183802572639
"chr17:44210473:44210792:clu_12600:ENSG00000108312.14",-0.00565525442642181,0.00314146158732313,0.0718293011589262
"chr17:44320749:44321058:clu_12610:ENSG00000013306.15",0.0153738993825509,0.00373888963342462,3.92434873062175e-05
"chr17:46014324:46018618:clu_12714:ENSG00000186868.15",0.00441794128417301,0.00415630609497302,0.287805093537802
"chr17:44189588:44190501:clu_12590:ENSG00000168591.15",0.00574757342279701,0.00409410827267965,0.160359191021443
"chr17:15503232:15516419:clu_11534:ENSG00000239704.10",0.000790947537583979,0.00326339070788989,0.808493589178016
"chr17:15503232:15516419:clu_11534:ENSG00000175106.16",0.00101689146061992,0.00327227148549077,0.755982993583449
"chr17:41835957:41836079:clu_12366:ENSG00000141698.16",0.00334935369979969,0.0052698686553525,0.525058796935043
"chr17:41832477:41832608:clu_12363:ENSG00000141698.16",-0.00819715168347699,0.00507154745079786,0.106029060387409
"chr17:40931455:40936208:clu_12336:ENSG00000108244.16",-0.00613663144477709,0.00452857081723141,0.175388151621848
"chr17:42108108:42109270:clu_12391:ENSG00000108771.12",0.00345275838054379,0.00518462220250498,0.505435758256487
"chr17:40349925:40351910:clu_12317:ENSG00000131759.17",-0.00253502415726505,0.00422287162871789,0.548300903605558
"chr17:42290022:42291972:clu_12408:ENSG00000126561.16",0.00299213087566742,0.00487018208230739,0.538965821311413
"chr17:40662044:40664922:clu_12329:ENSG00000213424.8",-0.00455289887713991,0.0033654632470002,0.176110019164147
"chr17:41939172:41945136:clu_12375:ENSG00000204815.9",0.00486053498805956,0.00390570835554003,0.213326811865482
"chr17:40342867:40348316:clu_12317:ENSG00000131759.17",-0.00386154147685934,0.00408658972061991,0.344694582876829
"chr17:41732394:41732719:clu_12350:ENSG00000173805.15",-0.00585624157556446,0.00457823298502917,0.200844635022659
"chr17:42212190:42216014:clu_12404:ENSG00000173757.9",-0.00936181798360118,0.00485377418520727,0.0537593206858644
"chr17:41912542:41913715:clu_12372:ENSG00000131473.16",-0.000586842704320308,0.00447589100549209,0.89568676454336
"chr17:57262192:57274268:clu_13059:ENSG00000153944.10",0.00950396508186048,0.00417158812156017,0.0227110524149069
"chr17:56946507:56949387:clu_13043:ENSG00000121058.4",-0.00516266689233872,0.00358659465052246,0.1500275490035
"chr17:57262192:57401379:clu_13059:ENSG00000153944.10",-0.00890083607565771,0.00387321573804337,0.0215590515419967
"chr17:72736719:72849634:clu_13483:ENSG00000133195.11",0.00113708460882386,0.00266975538248207,0.670170945750282
"chr17:72428298:72431128:clu_13481:ENSG00000227036.6",0.000547617948494345,0.0025527723125913,0.830142417700314
"chr17:73193384:73196507:clu_13489:ENSG00000166685.11",0.00230439338013606,0.00252056178565422,0.360591797851705
"chr17:73193384:73196487:clu_13489:ENSG00000166685.11",-0.0042279689313112,0.00248300774603592,0.0886127906043319
"chr17:56985472:56987695:clu_13045:ENSG00000121064.12",-0.001591443759861,0.00328712605174155,0.62828337329046
"chr17:16788135:16796043:clu_11587:ENSG00000188933.14",-0.00523350578391116,0.00609363570690795,0.390424477067989
"chr17:15631714:15632509:clu_11537:ENSG00000221926.11",0.00304666949159781,0.00332509379735425,0.359527538431281
"chr17:16058599:16061758:clu_11554:ENSG00000141027.20",0.00195909171889091,0.00365331804504237,0.591785797256515
"chr17:16284138:16299888:clu_11565:ENSG00000108474.16",0.00979808067370794,0.00395078638053132,0.0131370216918784
"chr17:16313614:16317775:clu_11567:ENSG00000108474.16",-0.00245713468626837,0.00672037713792231,0.714645273495291
"chr17:16058599:16061401:clu_11554:ENSG00000141027.20",-0.00262351152659794,0.0033975629409782,0.440011071675282
"chr17:15993778:15999506:clu_11546:ENSG00000214941.7",0.00802734340883777,0.00345650806802133,0.0202122000042529
"chr17:16349333:16349931:clu_11570:ENSG00000166582.9",0.00678445648481761,0.00450075468189497,0.131707084358095
"chr17:17228161:17231794:clu_11612:ENSG00000154803.12",0.00209195362131463,0.00303921392098156,0.491250897189991
"chr17:17174075:17175293:clu_11604:ENSG00000133030.20",0.0113836601522138,0.00496772061928108,0.0219330192757686
"chr17:17271008:17281132:clu_11617:ENSG00000141030.12",0.00151283465477805,0.00302944615913973,0.617514070214102
"chr17:15699777:15700048:clu_11541:ENSG00000187607.15",-0.00364542721290156,0.00256071553980982,0.154563136217688
"chr17:17344926:17346805:clu_11620:ENSG00000205309.13",-0.000791648368133979,0.0037037579385408,0.83074831184715
"chr17:15632674:15636036:clu_11537:ENSG00000221926.11",-0.00247550652295408,0.00354448514243671,0.484920356084731
"chr17:16234070:16299888:clu_11565:ENSG00000108474.16",0.00574222281864679,0.00398417119607321,0.149511509727982
"chr17:50684875:50687536:clu_12972:ENSG00000108846.15",-0.00045898604921995,0.00301227329541921,0.87889355496778
"chr17:50141373:50142111:clu_12908:ENSG00000108819.10",0.000162175235801385,0.00303866115351385,0.9574366120909
"chr17:50141373:50143598:clu_12908:ENSG00000108819.10",-0.0104124542316875,0.00267353365736773,9.83442070012774e-05
"chr17:50074534:50075459:clu_12896:ENSG00000005884.17",0.00173424459466284,0.00355367774043561,0.625539903569172
"chr17:51021365:51041501:clu_12993:ENSG00000008294.20",0.00170586207513556,0.00342210234350473,0.618143188713031
"chr17:50356773:50357057:clu_12922:ENSG00000015532.9",-0.000609819893740991,0.00326079031153204,0.851648104229488
"chr17:17232901:17236912:clu_11612:ENSG00000154803.12",0.000648274205319816,0.00383921401702986,0.865909932968199
"chr17:17303817:17304364:clu_11618:ENSG00000205309.13",-0.0120070515164548,0.0036077050234179,0.000874188618895766
"chr17:17303901:17306543:clu_11618:ENSG00000205309.13",0.0112272118678242,0.00379108784146015,0.00306169347624741
"chr17:16299978:16313547:clu_11566:ENSG00000108474.16",0.00573476735905502,0.00365219707248218,0.116363016664023
"chr17:16086442:16091863:clu_11557:ENSG00000141027.20",0.00541361860646898,0.00542815501887429,0.31860822170617
"chr17:16316712:16317775:clu_11567:ENSG00000108474.16",-0.00455482186645725,0.00445628366834804,0.306727803588414
"chr17:16428982:16431784:clu_11577:ENSG00000187688.14",0.00898669481745139,0.00451862362873417,0.0467219108112288
"chr17:16343567:16343675:clu_11569:ENSG00000108474.16",0.00314907246696597,0.0041059980141999,0.443114532631769
"chr17:17222661:17223127:clu_11610:ENSG00000154803.12",-0.00762981312620884,0.00442859770290109,0.0849155082145217
"chr17:16313614:16316681:clu_11567:ENSG00000108474.16",-0.00409408144087905,0.00482796028412335,0.396441302111366
"chr17:17267977:17270758:clu_11616:ENSG00000141030.12",0.00217114235169889,0.00375969929021949,0.563616825147863
"chr17:67913187:67918714:clu_13385:ENSG00000171634.16",-0.00888320618954256,0.00346670253646752,0.0103940499971776
"chr17:67738355:67738932:clu_13381:ENSG00000130935.9",-0.00737386926768647,0.00372216161054674,0.0475832262602309
"chr17:67218822:67239433:clu_13370:ENSG00000198265.11",0.00239604062877622,0.00342789107105825,0.484562099953429
"chr17:50352019:50353630:clu_12918:ENSG00000015532.9",-0.001694697885548,0.0035079174929424,0.629020090055954
"chr17:50675775:50675883:clu_12968:ENSG00000108846.15",0.00602738379400865,0.00338919138719901,0.0753359633483063
"chr17:51161272:51166827:clu_12996:ENSG00000243678.11",-0.000614281739490866,0.00288263367867506,0.831250993271785
"chr17:51031722:51041501:clu_12993:ENSG00000008294.20",-0.00661758916875093,0.00418375605279684,0.113710309015493
"chr17:51180694:51192203:clu_12998:ENSG00000011258.15",0.00359717531730829,0.00362424707526311,0.320938868554485
"chr17:51193016:51193428:clu_13000:ENSG00000011258.15",-0.000580965004458968,0.00287183205654765,0.839684002122365
"chr17:50426389:50461633:clu_12926:ENSG00000167107.12",-0.00538475000172418,0.00388002721314274,0.165194168286949
"chr17:8047076:8047258:clu_11404:ENSG00000179593.15",-0.00241322265940929,0.00370799127022786,0.515164815607215
"chr17:8886605:8887096:clu_11466:ENSG00000141506.13",0.00480639740929284,0.00305675382809299,0.115861022352758
"chr17:8237519:8238031:clu_11428:ENSG00000178971.13",0.002769170103717,0.00315449409916936,0.380025563487178
"chr17:8265125:8265556:clu_11433:ENSG00000178921.13",-0.00481153129523821,0.00334313957157136,0.150086678879716
"chr17:8228892:8229142:clu_11422:ENSG00000178971.13",-0.011233380655869,0.0028420141459297,7.73025636227054e-05
"chr17:8047664:8047745:clu_11404:ENSG00000179593.15",0.00411157858718315,0.0035576813009478,0.247807763207668
"chr17:36498559:36499075:clu_12109:ENSG00000278259.4",-0.00635787921793056,0.00319589046912347,0.0466579421133357
"chr17:36501961:36503097:clu_12111:ENSG00000278259.4",0.000134766966252543,0.00534575773200102,0.979887398899013
"chr17:36608018:36608243:clu_12128:ENSG00000278619.4",-0.00612285020336131,0.00410550075351524,0.135862491646854
"chr17:36511455:36512658:clu_12113:ENSG00000278259.4",0.00374494317916481,0.0035764740211789,0.2950512374285
"chr17:36595180:36596831:clu_12124:ENSG00000278535.4",-0.00380253224919907,0.00479210077210471,0.427486534476089
"chr17:36602646:36607670:clu_12127:ENSG00000278619.4",0.000961002786192061,0.00425323169691633,0.821243036448676
"chr17:36528202:36532527:clu_12116:ENSG00000278259.4",-0.00743683602811586,0.00319511952429642,0.0199354191620926
"chr17:37200183:37200427:clu_12139:ENSG00000278540.4",-0.00333691082448753,0.00439435209652765,0.447635109310156
"chr17:35766760:35767752:clu_12082:ENSG00000271447.5",0.00685382451543489,0.00381297785986076,0.0722564107281797
"chr17:36512779:36512874:clu_12113:ENSG00000278259.4",-0.00544401214316233,0.00397167072780754,0.170465112435784
"chr17:37207800:37210467:clu_12141:ENSG00000278540.4",-0.019620604193998,0.00335750599272176,5.10223086003236e-09
"chr17:36545817:36554820:clu_12119:ENSG00000278311.4",-0.0110155861277827,0.00435482681236662,0.0114221309322675
"chr17:36545097:36545619:clu_12119:ENSG00000278311.4",0.011804175861852,0.00427114837640414,0.00571499297491118
"chr17:36509135:36510746:clu_12114:ENSG00000278259.4",0.0034018299276166,0.00353751465870976,0.336228435559392
"chr17:36586198:36586997:clu_12123:ENSG00000278311.4",0.00609192941347697,0.00361921353559211,0.0923326812642379
"chr17:36599050:36599972:clu_12125:ENSG00000278535.4",-0.00269095765400153,0.00414422822678527,0.516127291304939
"chr17:36528202:36530976:clu_12116:ENSG00000278259.4",0.00232470831457648,0.00370154033621657,0.529978989383679
"chr17:32469193:32472248:clu_12029:ENSG00000108671.9",-0.00790609830692923,0.00429639214990569,0.0657430654919915
"chr17:35766894:35767752:clu_12082:ENSG00000271447.5",0.0107509483222888,0.00454130469760779,0.0179150145149239
"chr17:35118619:35119111:clu_12056:ENSG00000185379.20",-0.000377561182514087,0.00338480840445496,0.911183544067781
"chr17:35773404:35778888:clu_12085:ENSG00000271447.5",0.00160942599638833,0.00318241401229493,0.613049788313439
"chr17:80364553:80367748:clu_13965:ENSG00000173821.19",-0.00719056978677834,0.00278496572546392,0.00982512248915257
"chr17:80249287:80251329:clu_13954:ENSG00000181045.14",-0.000628688482101504,0.00279810430818231,0.822225331156066
"chr17:80273404:80287815:clu_13957:ENSG00000173821.19",-0.00347942670153881,0.00295724765843292,0.239364770795369
"chr17:79077864:79079489:clu_13898:ENSG00000167280.16",-0.00178065375759688,0.00227708590598079,0.434221650658003
"chr17:13010671:13011663:clu_11522:ENSG00000006744.18",-0.00109540626680431,0.00327392377366512,0.73793805080655
"chr17:13011782:13013207:clu_11522:ENSG00000006744.18",-0.00156630767533742,0.00301276489972296,0.60313993755938
"chr17:56997055:56997968:clu_13049:ENSG00000121064.12",-0.00118070144719745,0.00369068436350738,0.749033555566856
"chr17:56997055:56998374:clu_13049:ENSG00000121064.12",0.000967368378366006,0.00302992433523595,0.749520669641119
"chr17:57107178:57107946:clu_13053:ENSG00000121057.12",0.00909354533370904,0.0028956621502452,0.00168715721960244
"chr17:56949434:56949681:clu_13044:ENSG00000121058.4",-0.00528863961046203,0.00261779582811342,0.043355973657797
"chr17:58304723:58305061:clu_13086:ENSG00000005379.15",-0.0230849439978392,0.0037411070483381,6.80234091277043e-10
"chr17:57879738:57885172:clu_13069:ENSG00000180891.12",-0.00238994096532884,0.00358538688272298,0.505041556642025
"chr17:57879738:57885229:clu_13069:ENSG00000180891.12",-0.00161665074842647,0.00343487557390424,0.637885172939046
"chr17:56942123:56946442:clu_13043:ENSG00000121058.4",0.00390482601005172,0.00288037935709377,0.175206163886258
"chr17:56949767:56949889:clu_13044:ENSG00000121058.4",0.00512316468615897,0.00273434077136187,0.0609803411841208
"chr17:58206547:58207085:clu_13080:ENSG00000011143.16",-0.00159172411881908,0.00318628549541509,0.617388612208361
"chr17:58312722:58316023:clu_13092:ENSG00000005379.15",0.00919569564566362,0.00348088256154489,0.00824737252416607
"chr17:57866544:57867357:clu_13066:ENSG00000180891.12",-0.00785652484776013,0.00290416700756601,0.00682510875758635
"chr17:13002579:13003479:clu_11519:ENSG00000006744.18",-0.0017631958504304,0.00332491300133742,0.595905096370227
"chr17:12756557:12758085:clu_11511:ENSG00000141052.17",-0.000190960175389595,0.0031509308987226,0.951674294845709
"chr17:12705193:12710495:clu_11509:ENSG00000141052.17",0.0032633993043455,0.00289977498413684,0.260420661167318
"chr17:76557857:76558374:clu_13784:ENSG00000163597.14",-0.00465521066448565,0.00286110526699209,0.103722816755208
"chr17:75742761:75748841:clu_13682:ENSG00000132470.13",0.00518854000308389,0.0042241161475734,0.219329206194093
"chr17:75818168:75818642:clu_13695:ENSG00000132478.9",0.00145320835178418,0.00341420678555737,0.670373310307454
"chr17:76626392:76626651:clu_13792:ENSG00000070526.14",0.00410440639065106,0.00305137060379635,0.178592118746321
"chr17:75823522:75824262:clu_13697:ENSG00000132478.9",-0.0124461433626863,0.00414531945329738,0.00267809814828701
"chr17:76637736:76643508:clu_13794:ENSG00000070526.14",-0.00483090439623693,0.0025346685353272,0.0566591041566777
"chr17:76559043:76561288:clu_13784:ENSG00000163597.14",-9.65149959445833e-05,0.00254003522643523,0.969689672969695
"chr17:77093347:77094068:clu_13813:ENSG00000129657.14",0.000698757332681392,0.00307566383410874,0.820276694378073
"chr17:75751238:75752174:clu_13683:ENSG00000132470.13",0.0221926474886541,0.00449574247338191,7.95901182515379e-07
"chr17:76557857:76561288:clu_13784:ENSG00000163597.14",-0.00233587378717582,0.00247521605127355,0.345320413381471
"chr17:76769871:76774997:clu_13809:ENSG00000092931.11",0.0013757448964785,0.00281518841146946,0.625063581134316
"chr17:75737644:75739672:clu_13677:ENSG00000132470.13",0.000524179112583994,0.0027548695511688,0.849094692789764
"chr17:76625527:76625819:clu_13791:ENSG00000070526.14",0.00376417507468475,0.0039267031939403,0.337755493458176
"chr17:75892500:75892755:clu_13717:ENSG00000141569.10",0.00638517163740128,0.0049132508008095,0.193744318643199
"chr17:76570668:76572637:clu_13787:ENSG00000070731.10",0.00362343353425102,0.00295809994478317,0.220605650707551
"chr17:75751111:75752174:clu_13683:ENSG00000132470.13",-0.0158088629420135,0.00432884762313985,0.00026022662423264
"chr17:76543932:76545530:clu_13779:ENSG00000214140.10",0.00111680616790597,0.00326457659872745,0.732276902182848
"chr17:75724782:75727195:clu_13669:ENSG00000132470.13",-0.00104032064170427,0.00228057903272538,0.64827123484401
"chr17:75901273:75901712:clu_13718:ENSG00000204316.12",-0.00403369140024684,0.00395770449434848,0.308108149046701
"chr17:76744466:76754047:clu_13807:ENSG00000092931.11",-0.00318786236921503,0.00284335929210291,0.262219513493495
"chr17:76089320:76091143:clu_13758:ENSG00000182473.21",0.00633491353266558,0.00374013026346524,0.0903093477753377
"chr17:76061219:76063976:clu_13748:ENSG00000167881.14",-0.00553679310467945,0.00352737993739929,0.116493841572482
"chr17:76721356:76721798:clu_13797:ENSG00000070495.14",-0.00209089334671884,0.00394428092492585,0.596037320904269
"chr17:75839942:75840018:clu_13706:ENSG00000092929.11",0.00144637193926303,0.00391661316670498,0.711910462804019
"chr17:75840110:75840225:clu_13706:ENSG00000092929.11",-0.000244541808291988,0.0036652820134428,0.946805873529187
"chr17:76540573:76543029:clu_13779:ENSG00000214140.10",-0.00752828668996033,0.00366292479296258,0.0398532692668242
"chr17:75902154:75904226:clu_13720:ENSG00000204316.12",0.00207996968905576,0.0029441585118873,0.479893785849267
"chr17:76015628:76017739:clu_13732:ENSG00000167880.7",0.00492520015368987,0.00397175669512834,0.214954734658609
"chr17:75813878:75815169:clu_13693:ENSG00000132478.9",-0.000854556145654995,0.00375392260917587,0.819923386274974
"chr17:61367704:61399239:clu_13187:ENSG00000267131.1",-0.00469905043993811,0.00520124439129689,0.366288521652125
"chr17:60214774:60219670:clu_13164:ENSG00000170832.12",0.00891312416001019,0.00554965709018745,0.108259069039212
"chr17:60214774:60219628:clu_13164:ENSG00000170832.12",-0.0113454804475788,0.00618706742036229,0.0666924194558428
"chr17:61362805:61367526:clu_13185:ENSG00000267131.1",0.00472516107722469,0.00331223886002407,0.153702092694463
"chr17:61367704:61399239:clu_13187:ENSG00000267280.5",-0.00469905043993811,0.00520124439129689,0.366288521652125
"chr17:54959466:54961119:clu_13017:ENSG00000166260.10",0.00264942158729174,0.00503964945832567,0.599085926865883
"chr17:39674054:39674617:clu_12255:ENSG00000161395.13",-0.0070915433348528,0.00439735820851802,0.106813469557767
"chr17:38717953:38719517:clu_12194:ENSG00000275023.4",-0.00841332517229099,0.00405530753594044,0.0380194100695692
"chr17:38780604:38784243:clu_12207:ENSG00000276293.4",0.00797352856148278,0.00488223833541048,0.102433102084781
"chr17:39463117:39470879:clu_12239:ENSG00000167258.13",0.0093928452651409,0.00379036674100464,0.0132090230045139
"chr17:38717953:38719519:clu_12194:ENSG00000275023.4",0.0274005230174067,0.00363071254023733,4.46309655899313e-14
"chr17:38715828:38716367:clu_12193:ENSG00000275023.4",0.01203114840965,0.0054831390723778,0.028220449334714
"chr17:39463117:39470882:clu_12239:ENSG00000167258.13",-0.00356551276445987,0.00405520999618957,0.379269833388856
"chr17:39546758:39547768:clu_12243:ENSG00000167258.13",0.00747576965346052,0.00458598822852623,0.103073440996891
"chr17:38715750:38716367:clu_12193:ENSG00000275023.4",-0.00998978692530913,0.00586196154465127,0.0883490797809282
"chr17:39415131:39415244:clu_12235:ENSG00000125686.11",-0.00202581462413108,0.00417733339242586,0.627708961427258
"chr17:48026475:48028472:clu_12814:ENSG00000005243.9",-0.00330187480613801,0.00548765242837346,0.547379389554207
"chr17:47326387:47328269:clu_12755:ENSG00000178852.15",-0.000808692862895364,0.00481443114164241,0.866604778192735
"chr17:47158303:47169917:clu_12746:ENSG00000004897.11",0.00378095118974985,0.00534470658404367,0.479305644461673
"chr17:47123960:47129393:clu_12744:ENSG00000004897.11",-0.0034886847086027,0.0047029676567667,0.458205518313383
"chr17:47840843:47841208:clu_12795:ENSG00000141295.13",-0.00372694715035769,0.00407004241419046,0.359823064730941
"chr17:47071612:47072472:clu_12743:ENSG00000262879.5",-0.0126502183647035,0.00559241343827381,0.0236954239647392
"chr17:48162569:48170609:clu_12827:ENSG00000141293.15",-0.000170858273821792,0.00322798285949288,0.957787399697116
"chr17:47977910:47978829:clu_12811:ENSG00000108465.14",0.0135581920086114,0.00651117348960467,0.0373154200852424
"chr17:69285420:69285898:clu_13465:ENSG00000154265.15",-0.0004973567728758,0.00345457643536985,0.885523838521558
"chr17:69286311:69287613:clu_13466:ENSG00000154265.15",0.00461713609295118,0.00346139321954947,0.182238177233823
"chr17:51294045:51296965:clu_13008:ENSG00000011260.13",-0.00575391802611848,0.0028588944740406,0.0441527862830721
"chr17:51277304:51280005:clu_13009:ENSG00000011260.13",-0.00636213535968029,0.00334151587841592,0.0569145056348437
"chr17:50687730:50688411:clu_12973:ENSG00000108846.15",-0.00808825474849892,0.00371426688640188,0.0294344819033779
"chr17:50684875:50687604:clu_12972:ENSG00000108846.15",0.00902418337238409,0.00411032891780418,0.0281285138805546
"chr17:50547285:50547720:clu_12953:ENSG00000006282.20",-0.00235765599218288,0.00243021609718541,0.331975452365036
"chr17:50658496:50659182:clu_12963:ENSG00000108846.15",0.00388445594694079,0.00330313887600875,0.239599155201769
"chr17:51288203:51293903:clu_13008:ENSG00000011260.13",0.00673717113472479,0.0028399012978612,0.0176764960067584
"chr17:50659368:50663681:clu_12964:ENSG00000108846.15",0.00686784958528856,0.00409225949534076,0.0932975850800459
"chr17:50464428:50464526:clu_12930:ENSG00000167107.12",-0.00310567852221155,0.0044602277594069,0.486237894206406
"chr17:50664111:50665103:clu_12964:ENSG00000108846.15",0.000777092978494057,0.00507980992330603,0.878416584536154
"chr17:51275991:51277130:clu_13009:ENSG00000011260.13",0.00648591409102868,0.00340902397717195,0.0570963955238799
"chr17:50532985:50536029:clu_12946:ENSG00000049283.17",0.00838849918438246,0.00365340203858803,0.0216713728417168
"chr17:50482706:50483340:clu_12934:ENSG00000136444.9",0.00210119801288809,0.0035304902039252,0.551738141336056
"chr17:50687730:50691092:clu_12973:ENSG00000108846.15",0.00242005222687263,0.00344077051549299,0.481840141570875
"chr17:50669266:50669352:clu_12966:ENSG00000108846.15",-0.00247509321468483,0.00336083378458905,0.461455586927789
"chr17:50658496:50659237:clu_12963:ENSG00000108846.15",-0.00254409151377485,0.00310024952565775,0.411869230793625
"chr17:50989827:50990450:clu_12990:ENSG00000008294.20",-0.004579570155993,0.00406268586612946,0.259646418266096
"chr17:50989872:50990450:clu_12990:ENSG00000008294.20",0.00620328881524978,0.00419819655106548,0.139512731452028
"chr17:50668009:50668430:clu_12965:ENSG00000108846.15",-0.000343015314739512,0.00309705371049364,0.911810340923617
"chr17:50669528:50672971:clu_12967:ENSG00000108846.15",-0.000394071235085158,0.00358223048246177,0.912403644884571
"chr17:50460872:50461242:clu_12926:ENSG00000167107.12",-0.00422006443651202,0.00323994801286193,0.192742128076466
"chr17:50471135:50472369:clu_12931:ENSG00000167107.12",0.00385189266336866,0.00340088526240856,0.257376090004782
"chr17:75286802:75288502:clu_13583:ENSG00000125454.11",-0.0039945505492347,0.00341797183872214,0.24252842962527
"chr17:75130867:75131181:clu_13556:ENSG00000125458.6",-0.0171706266566617,0.00473284406913731,0.000285656022502412
"chr17:75610959:75611601:clu_13636:ENSG00000266714.6",-0.00393928472963765,0.0029070753869297,0.175395903945397
"chr17:75002232:75003183:clu_13546:ENSG00000109089.7",0.00663761193125002,0.00297497624734098,0.0256713354269412
"chr17:75613777:75613978:clu_13641:ENSG00000266714.6",-0.000340168257085997,0.0031881383638851,0.915028502146502
"chr17:75600680:75601438:clu_13634:ENSG00000266714.6",0.00216765230707996,0.00340585477654094,0.524483919073403
"chr17:75130642:75131181:clu_13556:ENSG00000125458.6",-0.0065049687775978,0.00456702921821019,0.154350203599285
"chr17:75592301:75592464:clu_13631:ENSG00000266714.6",0.0031236060848559,0.00200294237668619,0.118876024352198
"chr17:75110606:75114169:clu_13555:ENSG00000125449.6",0.00765037698309945,0.00335834224284642,0.0227252762644939
"chr17:75624249:75624370:clu_13652:ENSG00000266714.6",-0.00254825726508818,0.0048606798391221,0.600098107138253
"chr17:75514208:75515401:clu_13607:ENSG00000177303.9",-0.0034981184906979,0.00260235820466516,0.178880169810364
"chr17:75243570:75244619:clu_13573:ENSG00000125447.16",-0.00182820011696614,0.00384637319910068,0.634569650706292
"chr17:74481833:74484001:clu_13515:ENSG00000167851.13",-0.00745477418698569,0.0033523082936775,0.0261636904184706
"chr17:75237777:75237982:clu_13564:ENSG00000125447.16",-0.0033015751087748,0.00378833876248301,0.383475749014803
"chr17:75002232:75003183:clu_13546:ENSG00000167862.9",0.00657371004109432,0.00304892496916483,0.0310778313338861
"chr17:75231979:75232851:clu_13565:ENSG00000125450.10",-0.00621915288221824,0.00387459458672543,0.10846946465801
"chr17:75492337:75492474:clu_13590:ENSG00000177728.16",0.00335788955557732,0.00461131990748078,0.466500934946991
"chr17:75110606:75128677:clu_13555:ENSG00000125449.6",-0.00583848591121934,0.00339588147288347,0.0855626060332917
"chr17:74866568:74866784:clu_13533:ENSG00000161513.11",-0.00258657525879788,0.00330970526406974,0.434501265651466
"chr17:74773039:74773576:clu_13524:ENSG00000109065.11",-1.21875203311592e-05,0.00293267931560909,0.996684190369933
"chr17:75491455:75491691:clu_13590:ENSG00000177728.16",-0.0117355368298628,0.0031688628728988,0.000212736984247619
"chr17:75650718:75651186:clu_13659:ENSG00000108469.14",-0.00975868348626357,0.0032554097648214,0.00272041306341497
"chr17:75610959:75611604:clu_13636:ENSG00000266714.6",0.00179168451992301,0.00289150100124078,0.535496001094712
"chr17:75226157:75228166:clu_13563:ENSG00000125450.10",-0.00726144408075124,0.00324059602838574,0.025040702804018
"chr17:75269469:75270114:clu_13580:ENSG00000125457.13",-0.00429300560100115,0.00467352129841926,0.358315027536918
"chr17:75230636:75231340:clu_13563:ENSG00000125450.10",0.00658595828884464,0.00273564231248211,0.0160637795674026
"chr17:75817526:75818103:clu_13695:ENSG00000132478.9",-0.00175997695000477,0.00355916151298331,0.620958743901075
"chr17:75100816:75103970:clu_13553:ENSG00000170190.15",0.0038460404966419,0.00366767667663552,0.294347852452876
"chr17:75286459:75286633:clu_13583:ENSG00000125454.11",-0.00278597659351976,0.00301537468940669,0.355525964384293
"chr17:75573205:75573481:clu_13624:ENSG00000073350.13",-0.0114074803855843,0.0048441393471059,0.0185275197125025
"chr17:75624269:75624370:clu_13652:ENSG00000266714.6",0.000408835850883578,0.00455865150721295,0.928538723233854
"chr17:74773685:74775622:clu_13525:ENSG00000109065.11",-0.0036843646334913,0.00285751767930671,0.197273491099282
"chr17:75514250:75515401:clu_13607:ENSG00000177303.9",0.00403965469499459,0.00256429883016248,0.115176890313381
"chr17:75522333:75523275:clu_13612:ENSG00000182173.12",0.00321319626503808,0.00555248313074841,0.562794742424014
"chr17:75737444:75737538:clu_13677:ENSG00000132470.13",0.00358070803034522,0.00376230263463819,0.341232347217043
"chr17:75843519:75843819:clu_13709:ENSG00000092929.11",-0.000613368756965218,0.00371630885139171,0.868906325735253
"chr17:75602945:75610166:clu_13635:ENSG00000266714.6",0.000294677087467865,0.00361661544919771,0.935061271784155
"chr17:74953086:74953545:clu_13538:ENSG00000167861.15",0.0022696245480745,0.00289716749716968,0.433395593295224
"chr17:74953651:74954138:clu_13538:ENSG00000167861.15",-0.000577639349517081,0.00295136687651705,0.844829906410955
"chr17:75244717:75246509:clu_13573:ENSG00000125447.16",0.00468777931108008,0.0039732452099098,0.238065290575167
"chr17:74775707:74776271:clu_13525:ENSG00000109065.11",0.00292880323474221,0.00296383953408144,0.323065115247379
"chr17:15547148:15553685:clu_11535:ENSG00000175106.16",-0.00125870853568711,0.00350751104967568,0.71969915896021
"chr17:15700366:15701152:clu_11541:ENSG00000187607.15",-0.000773627040868235,0.00283132245759939,0.784669686071539
"chr17:16006568:16025017:clu_11550:ENSG00000011295.15",0.00662318779627587,0.00365520762110818,0.0699882430789145
"chr17:16002025:16002793:clu_11548:ENSG00000011295.15",0.00653006103543243,0.00458639098207831,0.15450705547034
"chr17:73165288:73169228:clu_13488:ENSG00000180616.8",-0.000529734466529677,0.00246794523710578,0.830043360655786
"chr17:73233325:73235476:clu_13498:ENSG00000141219.15",-0.00108291039575264,0.0022154591123243,0.624985221430314
"chr17:8236342:8237375:clu_11427:ENSG00000178971.13",-0.000748887049014373,0.00320397482337747,0.815189261803128
"chr17:8228629:8228725:clu_11422:ENSG00000178971.13",0.00927361617839759,0.00388905638505193,0.0171004211442102
"chr17:8236346:8237375:clu_11427:ENSG00000178971.13",-0.000229016938232208,0.0037934966435157,0.951860207153076
"chr17:8148786:8149259:clu_11413:ENSG00000179094.15",-0.0043740536895169,0.0031618354366219,0.166545105290421
"chr17:7931576:7931731:clu_11386:ENSG00000170043.11",0.00414231910664221,0.00295311535395183,0.160707913486292
"chr17:7931149:7931506:clu_11386:ENSG00000170043.11",-0.00489761333948967,0.00300399675698949,0.103024224943249
"chr17:8228629:8229302:clu_11422:ENSG00000178971.13",-0.00792772361801894,0.00320983091016364,0.0135178811827863
"chr17:7857198:7866491:clu_11369:ENSG00000183011.13",-0.0204037021391465,0.00353301588980368,7.68838592790644e-09
"chr17:8289414:8289813:clu_11439:ENSG00000125434.10",-0.0104076216922138,0.00321141900162474,0.00119187619149419
"chr17:9700249:9701119:clu_11478:ENSG00000154914.16",-0.00684161617863305,0.00325183430082427,0.0353849711184865
"chr17:15260761:15262429:clu_11531:ENSG00000109099.13",-0.000474364638784857,0.00288872290706026,0.869563798866462
"chr17:4585004:4592361:clu_11054:ENSG00000188176.11",0.000695221310411196,0.00400923789274174,0.862333210166408
"chr17:4006970:4008883:clu_11012:ENSG00000074755.14",-0.00909598470202508,0.00394939028202674,0.021271167210352
"chr17:4785659:4785957:clu_11072:ENSG00000182853.11",0.00288483671203264,0.00336027191842437,0.390609323123334
"chr17:4983043:4985880:clu_11127:ENSG00000108509.20",-0.00481683284524463,0.00300866044208342,0.109379313359339
"chr17:4499417:4513247:clu_11043:ENSG00000183018.8",5.67132262744807e-06,0.00331320993118506,0.998634237296156
"chr17:4172680:4173354:clu_11031:ENSG00000185722.16",0.00651126722192538,0.00358237541713651,0.0691277823983338
"chr17:3489342:3494350:clu_10956:ENSG00000108381.10",0.00314297439854575,0.00336648955640438,0.350507238187418
"chr17:4150031:4154674:clu_11027:ENSG00000167740.9",0.00242325073615377,0.00426452516413744,0.569875682583127
"chr17:67975958:67981436:clu_13392:ENSG00000171634.16",0.00131203654331559,0.00388717416171256,0.735717662933832
"chr17:68103058:68114422:clu_13395:ENSG00000237854.3",-0.00393012188371233,0.00362595661358195,0.278415558850837
"chr17:67719962:67721378:clu_13378:ENSG00000130935.9",-0.00672536054447357,0.00326727668601475,0.0395518041766306
"chr17:68450897:68457342:clu_13411:ENSG00000070540.12",0.00790074760927978,0.00408698541955685,0.0532179708707774
"chr17:68101959:68114422:clu_13395:ENSG00000237854.3",0.0100306819321146,0.00411955361140656,0.0148960971503085
"chr17:68250470:68250794:clu_13401:ENSG00000196704.11",0.00919000751836259,0.00413872099936016,0.026385213667422
"chr17:68250967:68251050:clu_13401:ENSG00000196704.11",-0.00688579853873121,0.004089915449246,0.0922582001801387
"chr17:69526709:69536115:clu_13476:ENSG00000108984.13",-0.000913872192343022,0.0040168334589474,0.820026727340473
"chr17:68385172:68395073:clu_13404:ENSG00000141337.12",0.00382489621874523,0.00383601906880126,0.318715769935787
"chr17:10754362:10767865:clu_11494:ENSG00000263400.6",0.00354699096726933,0.00307783929049058,0.249144868339484
"chr17:10692961:10695741:clu_11486:ENSG00000133028.10",-0.00144549139873373,0.00319000582135323,0.650454217536109
"chr17:31880754:31884424:clu_11999:ENSG00000108651.9",0.00978700145676225,0.00382798980046729,0.0105671898589539
"chr17:31873487:31873673:clu_11998:ENSG00000108651.9",0.0164589661958253,0.00488904438666814,0.000761286799835448
"chr17:13005825:13005921:clu_11521:ENSG00000006744.18",-0.000683689503996211,0.00287446029960747,0.811997673847941
"chr17:79083123:79083482:clu_13901:ENSG00000167280.16",-0.00212877389573712,0.0022160068290633,0.336735684198292
"chr17:80207685:80209402:clu_13944:ENSG00000181523.12",0.00445742944620782,0.00316298611029303,0.158762073596233
"chr17:80248257:80248575:clu_13954:ENSG00000181045.14",-0.00402128883957437,0.00259325591987024,0.120980354508813
"chr17:79083590:79083761:clu_13901:ENSG00000167280.16",0.00101165910825114,0.00236248604206584,0.668492393967135
"chr17:19347173:19347269:clu_11719:ENSG00000108641.14",0.00269947778370303,0.00494517587351808,0.585147707265582
"chr17:20156236:20227413:clu_11758:ENSG00000128487.16",-0.012553750325783,0.00544750573478485,0.0211948665516976
"chr17:19810438:19825094:clu_11749:ENSG00000083290.19",0.00537507270103676,0.00819487720178658,0.511884326740031
"chr17:19652632:19655279:clu_11740:ENSG00000072210.18",-0.00254309488729226,0.00570588721199345,0.655816375704164
"chr17:20156236:20204333:clu_11758:ENSG00000128487.16",-0.00576347344819102,0.00532369878398922,0.278982909041247
"chr17:19909978:19920036:clu_11752:ENSG00000108599.14",-0.00595452836822023,0.0054575466729104,0.27524507168533
"chr17:18789051:18789353:clu_11707:ENSG00000171928.13",0.00373513675715111,0.00661161171097586,0.572117369927017
"chr17:19414660:19414770:clu_11729:ENSG00000128482.15",0.00977672745062659,0.0108707768221142,0.3684616428595
"chr17:19237531:19281955:clu_11716:ENSG00000072134.15",-0.0062883488871288,0.00529298879571093,0.234812703048786
"chr17:19283714:19309885:clu_11716:ENSG00000072134.15",0.00746350952839683,0.00515984367198843,0.148048112074305
"chr17:78806320:78806959:clu_13886:ENSG00000055483.19",-0.00363758276347117,0.00323282022982077,0.26050253173988
"chr17:79101644:79103162:clu_13908:ENSG00000167281.18",0.00620796722775311,0.00286956240457034,0.0305116080189106
"chr17:78399537:78403568:clu_13874:ENSG00000087157.18",0.000354934332606431,0.00229547036535892,0.877117912172964
"chr17:78797902:78798400:clu_13880:ENSG00000055483.19",-0.00456094638293994,0.00245400771886382,0.0630880400621141
"chr17:78997963:79000100:clu_13893:ENSG00000171302.16",0.000316516164321962,0.00307191061793275,0.917934713836301
"chr17:78806286:78806959:clu_13886:ENSG00000055483.19",0.000830938021611408,0.00277956489526487,0.764981738263744
"chr17:35884779:35885531:clu_12096:ENSG00000270240.2",0.00441395173236793,0.00325673541581333,0.175312389982664
"chr17:36567776:36575086:clu_12120:ENSG00000278311.4",0.0143568743675831,0.004609068369668,0.00183995464928122
"chr17:37520648:37535979:clu_12154:ENSG00000275066.4",0.0189654165514113,0.00344310510774495,3.62458619784789e-08
"chr17:36598257:36598921:clu_12124:ENSG00000278535.4",-0.000431109964306438,0.00409398357180004,0.91613514760646
"chr17:36535601:36537094:clu_12118:ENSG00000277161.1",0.00195211515012572,0.00391282725298424,0.617848819702911
"chr17:37536127:37538324:clu_12154:ENSG00000275066.4",-0.0249782489993951,0.00340970216352924,2.37809771874709e-13
"chr17:37188480:37191120:clu_12138:ENSG00000278540.4",0.0271683330341196,0.00460405969966303,3.61411123250832e-09
"chr17:36507924:36509062:clu_12113:ENSG00000278259.4",-0.00167074460493776,0.00329085761522617,0.611668822456776
"chr17:36567776:36577983:clu_12120:ENSG00000278311.4",-0.0169012916621062,0.00444142772761763,0.000141590328764707
"chr17:18328919:18329278:clu_11685:ENSG00000176974.19",-0.000279996675483157,0.00494270303695405,0.954825205178251
"chr17:18705164:18722237:clu_11703:ENSG00000108448.20",0.0120133453239137,0.00663917616566935,0.0703790635586098
"chr17:17161356:17171718:clu_11602:ENSG00000133030.20",-0.00277956910541524,0.00460866621112204,0.54643025664747
"chr17:17167915:17171718:clu_11602:ENSG00000133030.20",0.00164703568397908,0.00466135345423933,0.7238346782519
"chr17:4785659:4785937:clu_11072:ENSG00000182853.11",-0.00480814802902072,0.00332500051195527,0.148160560204828
"chr17:4819218:4819429:clu_11084:ENSG00000129219.13",-0.00289760607773879,0.00314098299033041,0.356259652218392
"chr17:3945148:3947391:clu_11009:ENSG00000074370.17",0.00766387744783847,0.00354356397467943,0.0305596647640564
"chr17:4559456:4559558:clu_11053:ENSG00000167741.10",-0.00397335672542219,0.00352285435362612,0.259370630535336
"chr17:4548649:4549332:clu_11051:ENSG00000132382.14",0.0100949231987624,0.00427040697558013,0.0180824569817373
"chr17:4819582:4821793:clu_11084:ENSG00000129219.13",-0.00493104852055492,0.00275304394366674,0.0732730815814637
"chr17:3953429:3953693:clu_11010:ENSG00000074370.17",0.00591848130731864,0.00295356559424117,0.0450868967486958
"chr17:3915978:3916089:clu_11002:ENSG00000108405.3",0.0031995137277065,0.00311565889744804,0.304460963405598
"chr17:3660326:3664679:clu_10975:ENSG00000213977.7",-0.00840092211424415,0.00402933850547233,0.0370749028692922
"chr17:3654209:3654710:clu_10968:ENSG00000262903.1",-0.000770149673783708,0.00321649813478516,0.810766498945178
"chr17:10766856:10767865:clu_11494:ENSG00000263400.6",-0.0020908184290351,0.00254739182996204,0.411778265592464
"chr17:10844964:10847892:clu_11495:ENSG00000263508.5",-0.00378280635761813,0.00240906687878077,0.116359945165469
"chr17:10844964:10847892:clu_11495:ENSG00000263400.6",-0.00331751957206866,0.00236796695377475,0.161214342112869
"chr17:35135059:35135249:clu_12057:ENSG00000073536.17",0.00378276719346496,0.00317245145920618,0.233112337762699
"chr17:36013909:36014334:clu_12100:ENSG00000274736.4",0.00504189612597979,0.00389296999516572,0.195275928218835
"chr17:80101625:80101811:clu_13929:ENSG00000171298.12",-0.00192779737863525,0.00249864838794269,0.440389246079677
"chr17:80957730:80960078:clu_13983:ENSG00000141564.13",-0.00188658238181487,0.00372321960662296,0.612360240219043
"chr17:81108509:81115770:clu_13992:ENSG00000175866.15",0.00172452085327123,0.00364949499428757,0.636543648472864
"chr17:81260394:81270918:clu_14018:ENSG00000157637.12",0.000201931756552225,0.00343950153705014,0.953183413503814
"chr17:81108509:81110914:clu_13992:ENSG00000175866.15",0.00155377383675525,0.00318810724796798,0.625999259222158
"chr17:80101625:80101811:clu_13929:ENSG00000141519.14",-0.00156789186914881,0.00253795237543375,0.536721498652686
"chr17:80212274:80213804:clu_13946:ENSG00000181523.12",-0.000707253886130388,0.00247816615091632,0.775342261859668
"chr17:81191332:81192318:clu_14002:ENSG00000141577.13",0.00405689812566898,0.00311481514151904,0.192761816072728
"chr17:80213885:80214172:clu_13946:ENSG00000181523.12",0.00224107980142903,0.00233387533969066,0.336934580727246
"chr17:79949865:79950411:clu_13917:ENSG00000167291.15",0.00642893249121745,0.0026756464319873,0.0162719247389689
"chr17:81192593:81192736:clu_14003:ENSG00000141577.13",-0.00462505417047504,0.00362275398266908,0.201719474836375
"chr17:81251612:81252195:clu_14016:ENSG00000157637.12",0.00533800494242723,0.00410293072543121,0.193250773906028
"chr17:80429831:80430035:clu_13977:ENSG00000173818.16",-0.00205552125754983,0.00255084369001825,0.420346554973726
"chr17:80047402:80048583:clu_13921:ENSG00000141519.14",-0.00150557738594791,0.00238110775358395,0.527190053244561
"chr17:35016580:35021371:clu_12045:ENSG00000185379.20",0.00119952470082427,0.0036125947970058,0.739859321770585
"chr17:34940621:34942484:clu_12042:ENSG00000132141.13",-0.00964047980621918,0.00333719524867645,0.0038671857107706
"chr17:35587597:35594008:clu_12072:ENSG00000006125.17",-0.00219745127678614,0.00415130937441685,0.596570084590283
"chr17:35016580:35021371:clu_12045:ENSG00000092871.16",0.00184750777209961,0.00367404326772747,0.61506684431323
"chr17:67378202:67532802:clu_13373:ENSG00000154217.14",0.00132027995633144,0.00345339617000106,0.702228846700779
"chr17:67107685:67108492:clu_13363:ENSG00000198265.11",-0.00134077296782082,0.00500960401160906,0.788976046378752
"chr17:56946511:56949387:clu_13043:ENSG00000121058.4",0.000338841609324527,0.00285907680467666,0.90566013105257
"chr17:58083683:58089142:clu_13079:ENSG00000264364.2",-2.48108568688793e-05,0.00352154173212779,0.994378588309411
"chr17:56978235:56981082:clu_13045:ENSG00000121064.12",-0.00132825934564736,0.00348158688408327,0.70282503702189
"chr17:4942941:4943179:clu_11111:ENSG00000108523.15",0.000594862591991698,0.00356640085208694,0.867530302377049
"chr17:4718023:4718612:clu_11066:ENSG00000141480.17",0.00427042565875977,0.00453332125512365,0.346188457155747
"chr17:4593171:4593822:clu_11055:ENSG00000188176.11",-0.00148979195766549,0.00320424091865859,0.641971701238798
"chr17:3655352:3656487:clu_10969:ENSG00000040531.14",0.00746021940825565,0.0025597503049384,0.00356335890664106
"chr17:4981359:4981678:clu_11124:ENSG00000108509.20",0.00676621564363232,0.00285308353567424,0.0177138953683269
"chr17:4994475:4997496:clu_11131:ENSG00000196388.8",0.0114356884594063,0.00347939076005863,0.00101371364285852
"chr17:3824092:3824942:clu_10989:ENSG00000074356.16",0.000938014411602373,0.00327605854358439,0.774629925266339
"chr17:17146092:17147319:clu_11601:ENSG00000133030.20",0.00234282989203032,0.00399941586588379,0.558014615947675
"chr17:16217461:16233971:clu_11565:ENSG00000108474.16",-0.000358355704608659,0.00365384034316828,0.921871584298512
"chr17:16431850:16431966:clu_11577:ENSG00000187688.14",-0.00350842896994658,0.00366927912763818,0.33898988555737
"chr17:16217461:16217548:clu_11565:ENSG00000108474.16",-0.0130181591555135,0.006389843799864,0.0416179443722604
"chr17:15506986:15516419:clu_11534:ENSG00000175106.16",0.00651133978064212,0.00454503459305587,0.151964429572414
"chr17:17146873:17147319:clu_11601:ENSG00000133030.20",-0.00722490314324875,0.00405503598482574,0.0747963349894967
"chr17:16000382:16001915:clu_11547:ENSG00000011295.15",-0.00551521227694439,0.00323866289162102,0.088581395616633
"chr17:15506986:15516419:clu_11534:ENSG00000239704.10",0.00536120391602701,0.00473415903590498,0.257444804447916
"chr17:16006568:16024489:clu_11550:ENSG00000011295.15",-0.00163194483069569,0.00383152502100768,0.670162015072889
"chr17:15981144:15987266:clu_11546:ENSG00000214941.7",-0.00497485555904145,0.00383309436694692,0.194332246024285
"chr17:32721189:32738253:clu_12036:ENSG00000176658.16",0.00469020615433329,0.0037710532899608,0.213595626976453
"chr17:69290037:69291216:clu_13468:ENSG00000154265.15",-0.00357136686625181,0.00367192363237562,0.330744838751705
"chr17:69084502:69085028:clu_13438:ENSG00000154262.12",-0.000990244507728125,0.00433391965790037,0.819267624252966
"chr17:68887506:68889230:clu_13424:ENSG00000141338.13",0.00211469016748157,0.00314366219714716,0.501148570203987
"chr17:69289296:69289862:clu_13468:ENSG00000154265.15",0.00402219889734616,0.00332326256180461,0.226157539652311
"chr17:68989930:68990837:clu_13431:ENSG00000154258.16",-0.00708729580093256,0.00343451092702749,0.0390601046578738
"chr17:68540958:68541985:clu_13416:ENSG00000108950.11",0.00137747764080172,0.00401044842067975,0.731243232842814
"chr17:50095553:50097423:clu_12902:ENSG00000005882.11",0.000648719964957247,0.00380593174854327,0.864656480692679
"chr17:49707068:49707730:clu_12885:ENSG00000121073.13",-0.000732118072934916,0.00297643081621821,0.805704055152798
"chr17:49711555:49716165:clu_12885:ENSG00000121073.13",0.00730064696659202,0.00417840960732858,0.0805972693842678
"chr17:50140359:50141269:clu_12907:ENSG00000108819.10",0.00479671511256436,0.00368781491514161,0.193363553044395
"chr17:49711555:49716165:clu_12885:ENSG00000121104.7",0.00668454006563084,0.00404174032515442,0.0981525720000292
"chr17:50169254:50170640:clu_12910:ENSG00000108823.15",0.00673194975758669,0.00330135285023156,0.0414351773896731
"chr17:49707068:49707730:clu_12885:ENSG00000121104.7",-0.000407268774501656,0.00290411270709007,0.888471454656745
"chr17:50354122:50354408:clu_12919:ENSG00000015532.9",-0.0100347785286426,0.00433449435232665,0.0206075780140161
"chr17:50665245:50667554:clu_12964:ENSG00000108846.15",-0.00606540310813765,0.00347762076591227,0.0811374064039208
"chr17:50536199:50536421:clu_12946:ENSG00000049283.17",0.00301058656442502,0.00352521208964581,0.393096275634482
"chr17:51041651:51047375:clu_12994:ENSG00000008294.20",0.0035506685791955,0.00372481079215854,0.340464412250363
"chr17:49216698:49217739:clu_12862:ENSG00000108798.8",0.0044700019220457,0.0042480116238204,0.292681443192422
"chr17:51041651:51046500:clu_12994:ENSG00000008294.20",-0.00388744244900836,0.00410077858682279,0.343141328782316
"chr17:21172196:21183594:clu_11775:ENSG00000109016.17",0.0212350295013993,0.00549208440248847,0.000110417926417972
"chr17:45245733:45245878:clu_12678:ENSG00000184922.13",-0.00612957021955268,0.0045623829531763,0.179109507427869
"chr17:45397074:45397949:clu_12689:ENSG00000159314.11",0.00917777289246106,0.0055270583467678,0.0968105436670876
"chr17:44197397:44197598:clu_12594:ENSG00000087152.15",-0.0111185348063205,0.00419545442231335,0.0080458807426913
"chr17:44211331:44211606:clu_12601:ENSG00000108312.14",0.00579924588731927,0.00417869092093699,0.165193681452269
"chr17:44197399:44197598:clu_12594:ENSG00000087152.15",0.000970290491282975,0.00412743127422326,0.81414401873918
"chr17:44213282:44215654:clu_12603:ENSG00000108312.14",0.00890331891149606,0.00603113193409443,0.139883003213721
"chr17:45162635:45162750:clu_12666:ENSG00000168517.10",0.00184845701546756,0.0041291390641594,0.654397436289339
"chr17:44187743:44188935:clu_12589:ENSG00000168591.15",0.0145182348038186,0.00539036729222997,0.00707344618848627
"chr17:79083955:79084538:clu_13902:ENSG00000167280.16",-0.00308227131593041,0.00239438167185173,0.197992102379588
"chr17:80050283:80058494:clu_13922:ENSG00000141519.14",-0.00430324286342059,0.00248106339293883,0.0828409525159187
"chr17:79083951:79084538:clu_13902:ENSG00000167280.16",0.00288348169682867,0.00271679704531105,0.288529340256634
"chr17:78378808:78392476:clu_13872:ENSG00000087157.18",0.00122145209404728,0.00244400274074185,0.61723333587719
"chr17:78400855:78403568:clu_13874:ENSG00000087157.18",-0.00757833892217399,0.00234485536473286,0.0012296992238312
"chr17:80058146:80058494:clu_13922:ENSG00000141519.14",-0.00139091284124237,0.0027224250220656,0.609414419853062
"chr17:78827347:78828897:clu_13883:ENSG00000055483.19",-0.000546266423396663,0.00228311725808747,0.8109013351247
"chr17:78797879:78798400:clu_13880:ENSG00000055483.19",-0.00281416814385191,0.00209315415328908,0.178798739381007
"chr17:16439703:16440185:clu_11578:ENSG00000175061.17",0.00553317273862258,0.00261301833694699,0.0342139829416268
"chr17:16439414:16439581:clu_11578:ENSG00000175061.17",0.00157754760003584,0.00305290554976334,0.605340142208742
"chr17:16439414:16440185:clu_11578:ENSG00000175061.17",-0.00484244073330036,0.00264776956481506,0.067418269941521
"chr17:16439414:16439528:clu_11578:ENSG00000175061.17",0.00751332308537043,0.00267634684239004,0.00499578457280914
"chr17:17247151:17248926:clu_11614:ENSG00000141030.12",-0.00500748137598339,0.0049168275196428,0.308470103214984
"chr17:16440253:16441368:clu_11579:ENSG00000175061.17",0.011413575811147,0.00413027651662064,0.00572039039608474
"chr17:79106788:79115494:clu_13909:ENSG00000167281.18",0.00354620162285557,0.0037505362099502,0.344394196329692
"chr17:78124781:78124889:clu_13852:ENSG00000141524.15",-0.00177625647429499,0.002624127046977,0.498473061083686
"chr17:78692493:78698269:clu_13878:ENSG00000108669.16",0.00861514344506383,0.00266623732595274,0.00123272072691383
"chr17:80065606:80081546:clu_13924:ENSG00000141519.14",-0.00427113360303123,0.00254206111734614,0.0929212775611298
"chr17:80088102:80089764:clu_13927:ENSG00000141519.14",-0.00283178204787093,0.00222154873017187,0.202419609803039
"chr17:78204900:78205946:clu_13869:ENSG00000183077.15",-0.00551811077383143,0.00276058450653945,0.0456200213712682
"chr17:79084686:79085237:clu_13903:ENSG00000167280.16",-1.73280691701451e-05,0.00238248470210789,0.994196950370751
"chr17:78124655:78124889:clu_13852:ENSG00000141524.15",-0.00417627742178563,0.00268517559929312,0.119872526341122
"chr17:78124781:78125158:clu_13852:ENSG00000141524.15",-0.000339161305610836,0.00279353290094246,0.903366728675715
"chr17:79106785:79115494:clu_13909:ENSG00000167281.18",-0.00336278541125571,0.00345758697151986,0.330761299470423
"chr17:78696009:78698269:clu_13878:ENSG00000108669.16",0.00224949054813478,0.00243001259476927,0.354595941835718
"chr17:78131737:78131882:clu_13854:ENSG00000167895.14",0.00197913065466212,0.00229601833806437,0.388696422316106
"chr17:28331987:28332146:clu_11816:ENSG00000109083.13",-0.00496358729828962,0.00385277265337633,0.197636108145049
"chr17:28331987:28335340:clu_11816:ENSG00000109083.13",-0.00287015615536315,0.0041256049826789,0.486620860005884
"chr17:28575544:28575965:clu_11838:ENSG00000109107.13",-0.00565467937339552,0.00341416103536343,0.0976726743340049
"chr17:29074914:29079727:clu_11905:ENSG00000196535.15",-0.0101794519414007,0.00674530843778247,0.131269177291004
"chr17:28649137:28655287:clu_11852:ENSG00000132581.9",0.00100473140021937,0.00423469009688093,0.812453474422024
"chr17:28633401:28633549:clu_11850:ENSG00000007202.14",0.00878148471116391,0.00419997403006839,0.0365421740196047
"chr17:57832748:57834496:clu_13064:ENSG00000265542.5",0.00601733068786139,0.00329258899188065,0.0676189552267508
"chr17:56998498:57000855:clu_13049:ENSG00000121064.12",0.00528456930011974,0.00436381434221766,0.225896271394028
"chr17:57869193:57871286:clu_13066:ENSG00000180891.12",-0.000830240444370866,0.00345256530584556,0.809965453867899
"chr17:80291827:80294720:clu_13959:ENSG00000173821.19",-0.00214526909601521,0.0024373926203268,0.378778504351051
"chr17:80040270:80047279:clu_13921:ENSG00000141519.14",0.000339979657716432,0.00228667873936041,0.881807433193822
"chr17:80429831:80436133:clu_13977:ENSG00000173818.16",-0.00216927753912523,0.00270921987423219,0.423304234165254
"chr17:78802535:78803385:clu_13884:ENSG00000055483.19",-0.00214645637602235,0.00239184765680236,0.369502771987982
"chr17:79082877:79083020:clu_13900:ENSG00000167280.16",0.00493674828484703,0.00262818943808755,0.060328689374532
"chr17:78829007:78835280:clu_13883:ENSG00000055483.19",-0.000404856537839854,0.00261887215440001,0.877143021279164
"chr17:80105132:80105749:clu_13929:ENSG00000141519.14",-0.00288066335841571,0.00317608222626201,0.364413993507078
"chr17:78676169:78680190:clu_13877:ENSG00000108669.16",0.00436976874265977,0.0023162656292373,0.0592198416334522
"chr17:80105132:80105749:clu_13929:ENSG00000171298.12",-0.00240737783121283,0.00327989971107804,0.462961477322046
"chr17:79082063:79083020:clu_13900:ENSG00000167280.16",-0.00099260608017732,0.00283495335111821,0.726240114702906
"chr17:35139314:35139820:clu_12060:ENSG00000073536.17",0.0121815200974735,0.00344111280519277,0.000400135506006816
"chr17:35107447:35119111:clu_12056:ENSG00000185379.20",0.00268116306180698,0.00388691308626456,0.490324755932729
"chr17:75002228:75003210:clu_13546:ENSG00000167862.9",0.00383729419593559,0.00369569198629595,0.29912320447317
"chr17:74775707:74776267:clu_13525:ENSG00000109065.11",-0.00129585289772229,0.00324778691576533,0.689896399015422
"chr17:73286612:73311893:clu_13502:ENSG00000179604.9",-0.000330056811387471,0.00268017981672107,0.901990484845297
"chr17:74964632:74972591:clu_13544:ENSG00000167861.15",0.00757581556261003,0.00305835874207357,0.0132460230821302
"chr17:75002228:75003210:clu_13546:ENSG00000109089.7",0.00497495717332235,0.00363145533761724,0.170698647434261
"chr17:74954437:74955792:clu_13539:ENSG00000167861.15",0.00127125585019441,0.00392582016194587,0.746074937388298
"chr17:74773685:74776267:clu_13525:ENSG00000109065.11",0.00305193540770395,0.00392973060688234,0.437378789689893
"chr17:81891841:81893552:clu_14078:ENSG00000141552.17",0.0106809607166593,0.00309538691729949,0.000559329439525968
"chr17:82172860:82178474:clu_14156:ENSG00000176155.18",-0.00711816944369926,0.00387799218963071,0.0664272577799888
"chr17:82621799:82625389:clu_14208:ENSG00000141580.15",0.00417509641095288,0.00411497318040077,0.310291368215725
"chr17:82017133:82017309:clu_14106:ENSG00000169696.15",-0.00501364493070702,0.00342429153567611,0.143155482868655
"chr17:82128597:82151560:clu_14152:ENSG00000176155.18",-0.00425904113474008,0.0037039619601811,0.250201156022625
"chr17:81717861:81718052:clu_14069:ENSG00000183048.11",-0.0032761563597533,0.00365021615456502,0.369439408399082
"chr17:81888989:81889182:clu_14083:ENSG00000183684.7",0.00781861219919382,0.00373467517701809,0.0363028794609792
"chr17:81665584:81666150:clu_14047:ENSG00000204237.4",-0.00149794351486627,0.00302033809556635,0.619928091138869
"chr17:82183932:82188219:clu_14157:ENSG00000176155.18",0.00724629661812719,0.00185917271038211,9.71539322559556e-05
"chr17:82664556:82698455:clu_14211:ENSG00000141542.10",0.00721085294682377,0.00399813937259701,0.0713015397390886
"chr17:82625483:82625587:clu_14209:ENSG00000141580.15",0.00274371657477823,0.00449418770010006,0.541528435505106
"chr17:82246433:82248875:clu_14162:ENSG00000141551.14",0.000814640829866197,0.00669693617883218,0.903181116007715
"chr17:82735777:82738489:clu_14219:ENSG00000167363.13",0.00774060331941067,0.00460206138508957,0.0925715337000107
"chr17:81908634:81908876:clu_14089:ENSG00000185813.10",-0.00444500829654683,0.00301316259755103,0.140159599188374
"chr17:82392534:82392646:clu_14181:ENSG00000181396.12",-0.00743629200999492,0.00447596496151771,0.0966365536922322
"chr17:82658134:82658491:clu_14210:ENSG00000141542.10",0.00183487056241509,0.00439917658663025,0.676609586376132
"chr17:82404090:82405324:clu_14183:ENSG00000181396.12",0.0138427018270407,0.00392157061765036,0.000415736915987175
"chr17:81923214:81927528:clu_14094:ENSG00000197063.10",-0.00360046845009716,0.0034150547712212,0.291748777818485
"chr17:82419883:82428030:clu_14188:ENSG00000169660.15",0.010576471072416,0.00515086922039825,0.0400398912176628
"chr17:82766368:82768420:clu_14223:ENSG00000141556.20",0.0144001349527839,0.00553241721421576,0.00924483577539126
"chr17:81923214:81923353:clu_14094:ENSG00000197063.10",0.00389194476427801,0.00334510331255557,0.244636752172132
"chr17:82627291:82630921:clu_14208:ENSG00000141580.15",-0.00803726113848961,0.0036750835392232,0.0287454354104644
"chr17:82483304:82483716:clu_14200:ENSG00000141562.17",-0.00325675902573096,0.00352993728039829,0.356209952084171
"chr17:81914456:81914604:clu_14092:ENSG00000187531.13",0.00346981226213019,0.00325813202333055,0.286889588999798
"chr17:82655667:82656493:clu_14210:ENSG00000141542.10",0.0059448690882353,0.00380776865363482,0.118465378049708
"chr17:82183932:82184958:clu_14157:ENSG00000176155.18",-0.00892788884679328,0.00208187556376559,1.79975030394353e-05
"chr17:82481211:82483716:clu_14200:ENSG00000141562.17",0.00332121627290675,0.00357682490156706,0.353128792998692
"chr17:82596191:82601303:clu_14205:ENSG00000141568.20",-0.0104041944929435,0.00374265483981574,0.00543761634333362
"chr17:50675476:50675631:clu_12968:ENSG00000108846.15",-0.00282584773617009,0.00386839560756451,0.465087022603349
"chr17:49622876:49677933:clu_12882:ENSG00000121067.17",-0.0079265525061406,0.00419067553661995,0.0585611403312671
"chr17:50081193:50081310:clu_12900:ENSG00000005884.17",0.00859625975709737,0.00366871648216853,0.0191229967269957
"chr17:50175375:50175712:clu_12913:ENSG00000108823.15",-0.00257985470470453,0.00509112075308077,0.612339993177363
"chr17:50471135:50472428:clu_12931:ENSG00000167107.12",-0.00794092988394232,0.00315972694184707,0.0119651776979318
"chr17:50749344:50750501:clu_12977:ENSG00000108848.15",0.00233702909548994,0.00276699124659915,0.398328499007509
"chr17:50462585:50463156:clu_12928:ENSG00000167107.12",-2.39428516946427e-05,0.00317318025296142,0.993979714697253
"chr17:50995224:50995444:clu_12991:ENSG00000008294.20",0.00621954380703434,0.00356878871671932,0.0813754685865035
"chr17:49495483:49502063:clu_12876:ENSG00000064300.8",0.0137668033958699,0.00381985664208302,0.000313344404889171
"chr17:50175449:50175712:clu_12913:ENSG00000108823.15",0.0111801336465997,0.0048800411718384,0.0219638957697534
"chr17:8042491:8042781:clu_11400:ENSG00000179593.15",0.0188675695831884,0.00615638363490654,0.00217876526347238
"chr17:7254803:7258588:clu_11273:ENSG00000170291.14",-0.00616797530368105,0.00257128747193302,0.0164494042583339
"chr17:7393364:7393467:clu_11312:ENSG00000187838.16",-0.0131146481531367,0.00284981642612616,4.18599226281735e-06
"chr17:7236566:7237385:clu_11264:ENSG00000040633.12",-0.00788837691948453,0.00333562137873876,0.0180354374262405
"chr17:8174272:8174541:clu_11419:ENSG00000179029.14",-0.0130044616186013,0.00315869108950089,3.83767349310116e-05
"chr17:7392952:7393144:clu_11312:ENSG00000187838.16",0.013651230962163,0.0026321226901742,2.1440250219662e-07
"chr17:7586777:7586899:clu_11345:ENSG00000129255.15",0.0108965512900544,0.0029560583761916,0.000227648989941986
"chr17:8150125:8150219:clu_11414:ENSG00000179094.15",-0.00721755826650332,0.00372552340366881,0.0527053448825974
"chr17:7323123:7323419:clu_11295:ENSG00000215041.9",-0.00917940240942501,0.00354374418108656,0.00958890335968554
"chr17:8231469:8231726:clu_11424:ENSG00000178971.13",0.00938290598376817,0.0027733140774269,0.000716248212565329
"chr17:6641834:6642249:clu_11213:ENSG00000129235.10",-0.00941909067748351,0.00335055707564895,0.00493568830755053
"chr17:7236767:7237385:clu_11264:ENSG00000040633.12",0.00683103953137682,0.00328771774796977,0.0377328402252709
"chr17:7934226:7934465:clu_11388:ENSG00000170037.13",-0.0228732470245799,0.00350191698350721,6.50550724401455e-11
"chr17:7323123:7323485:clu_11295:ENSG00000215041.9",0.00867463667239313,0.00335465108143715,0.00971381714550057
"chr17:7228044:7228969:clu_11259:ENSG00000004975.11",0.000998711529900671,0.00250872344266583,0.690559786448629
"chr17:4513312:4525057:clu_11043:ENSG00000183018.8",0.00311578610174147,0.0034204955821783,0.362339334543223
"chr17:3648931:3654998:clu_10955:ENSG00000040531.14",-0.000422467644053883,0.00274374487577393,0.877629583584733
"chr17:4034292:4042429:clu_11018:ENSG00000074755.14",0.00278247290351076,0.00426962105891548,0.514600637588687
"chr17:3881648:3882528:clu_10995:ENSG00000004660.14",-0.00288451291294241,0.00325073931890022,0.374895563960737
"chr17:3905367:3916089:clu_11002:ENSG00000108405.3",-0.00225973480821739,0.00283655680572519,0.425656003566717
"chr17:3681978:3688012:clu_10979:ENSG00000083454.21",4.06567413768676e-05,0.00320597548057857,0.989881857499665
"chr17:3880434:3881627:clu_10995:ENSG00000004660.14",-0.00372651460927337,0.00385749038118168,0.334020974723365
"chr17:3905367:3915386:clu_11002:ENSG00000108405.3",-0.0072473458242554,0.00348210973247863,0.0374056450682636
"chr17:3739878:3743489:clu_10985:ENSG00000083457.11",-0.00427199551558682,0.00253929391773504,0.0924998923936783
"chr17:4173444:4173909:clu_11032:ENSG00000185722.16",-0.00480328005318829,0.00451508104477577,0.287405579322997
"chr17:4889763:4890222:clu_11091:ENSG00000141503.15",0.000521217129372522,0.00297868415038191,0.861093508382289
"chr17:40027034:40027383:clu_12288:ENSG00000008838.19",0.00349142178341685,0.00406769385644755,0.390710524125919
"chr17:39995527:39996183:clu_12282:ENSG00000108344.14",0.0258049133733168,0.00688441096272775,0.000178029414565239
"chr17:39908201:39908958:clu_12275:ENSG00000073605.18",-0.00566522849745615,0.00215708132870984,0.00863086146981629
"chr17:39906271:39909756:clu_12275:ENSG00000073605.18",-0.000103166813694101,0.00369847466782164,0.977746357193753
"chr17:39184864:39186496:clu_12222:ENSG00000067191.15",-0.0115655086305061,0.00423599523706056,0.00632780360288776
"chr17:39546758:39551038:clu_12243:ENSG00000167258.13",0.000858349771523559,0.00422568701574122,0.839036019280722
"chr17:40019933:40020273:clu_12285:ENSG00000008838.19",0.00332254988190076,0.00508050688314674,0.513124692154207
"chr17:40262641:40264490:clu_12315:ENSG00000171475.13",-0.0139045522956963,0.00429210913298846,0.00119713569120816
"chr17:39906987:39908176:clu_12275:ENSG00000073605.18",0.0101653798739059,0.00353225935499245,0.00400371297593072
"chr17:39564914:39566788:clu_12243:ENSG00000167258.13",-0.000432917623302291,0.00423656192237455,0.918608982502673
"chr17:39995623:39996183:clu_12282:ENSG00000108344.14",-0.0265145860923289,0.00731889859822023,0.000291480398981747
"chr17:39070016:39072450:clu_12217:ENSG00000161381.13",-0.00777358322255861,0.00401663269876769,0.0529475703161908
"chr17:39909924:39912326:clu_12276:ENSG00000073605.18",-0.0106221664292265,0.00389087235739021,0.00633301339631687
"chr17:40487460:40488546:clu_12325:ENSG00000131746.12",-0.00149962417011027,0.00476183242870596,0.752817946888019
"chr17:39723618:39723912:clu_12263:ENSG00000141736.13",-0.000716169718890917,0.00539212475067413,0.894337539465261
"chr17:39546758:39547785:clu_12243:ENSG00000167258.13",-0.00422572419722377,0.00380731132588947,0.267043325276388
"chr17:39996338:39997330:clu_12283:ENSG00000108344.14",0.00553231568789126,0.00759231401830772,0.466201595240578
"chr17:40191672:40192213:clu_12313:ENSG00000108352.11",-0.00938658409103113,0.00418777295772287,0.0249984799936008
"chr17:39996793:39997330:clu_12283:ENSG00000108344.14",-0.00171943910647508,0.00715462189281349,0.81007781723535
"chr17:39139832:39152924:clu_12220:ENSG00000161381.13",0.00584443998847458,0.00443491345438814,0.187562224477862
"chr17:39906987:39908958:clu_12275:ENSG00000073605.18",0.00267787732134191,0.00329807133087903,0.416818877544158
"chr17:40141607:40142054:clu_12303:ENSG00000108349.16",-0.00203987431968827,0.00433714321200429,0.638121613696047
"chr17:40033771:40034916:clu_12292:ENSG00000008838.19",0.00732617031947345,0.00360427253930867,0.0420894181346008
"chr17:39908214:39908958:clu_12275:ENSG00000073605.18",0.00490563056595331,0.0020032100158027,0.0143299270560382
"chr17:40020010:40020273:clu_12285:ENSG00000008838.19",-0.0022698193880915,0.00510693728888939,0.656711451962825
"chr17:40027465:40027909:clu_12288:ENSG00000008838.19",-0.00219521259047081,0.0039377830235262,0.577203455809555
"chr17:39906271:39906961:clu_12275:ENSG00000073605.18",0.00240589136717026,0.00411880114495768,0.559136763569913
"chr17:39723660:39723912:clu_12263:ENSG00000141736.13",-0.000181025503888049,0.00538304657018837,0.973173140264546
"chr17:40260667:40262525:clu_12315:ENSG00000171475.13",0.0142479346959412,0.00404641571887417,0.000429720336964867
"chr17:39906271:39908176:clu_12275:ENSG00000073605.18",-0.00334716455672942,0.00344118915820154,0.33071400287733
"chr17:39676755:39684597:clu_12255:ENSG00000161395.13",-0.00341210411381833,0.00329323655048855,0.300158081008916
"chr17:39630047:39633883:clu_12245:ENSG00000131771.13",0.0143846826971753,0.00451960263673243,0.00145892722090712
"chr17:78117644:78117802:clu_13849:ENSG00000141524.15",0.000376860222803331,0.00257349212452847,0.883574654611928
"chr17:78191060:78202703:clu_13869:ENSG00000183077.15",-0.000299968261244712,0.00383930541750856,0.93772395385835
"chr17:78202751:78204656:clu_13869:ENSG00000183077.15",0.000320379198522482,0.00277556341836903,0.908105468360362
"chr17:17816373:17816457:clu_11629:ENSG00000072310.16",-0.00484470773833299,0.00470714433430674,0.303374245471738
"chr17:17254945:17261966:clu_11615:ENSG00000141030.12",-0.00705394144010391,0.00461375510577499,0.126290780810274
"chr17:17992911:17994299:clu_11644:ENSG00000171962.17",-0.014743041588339,0.00349963475417836,2.52294520546315e-05
"chr17:75705693:75706008:clu_13667:ENSG00000161526.14",0.000110375668300055,0.00408653014345353,0.978452052982481
"chr17:75521510:75521705:clu_13611:ENSG00000182173.12",0.0051844056992438,0.00394959302382243,0.189303267482296
"chr17:75835529:75835647:clu_13703:ENSG00000092929.11",0.00268684166638298,0.00419931965433611,0.522284524413005
"chr17:75263507:75265702:clu_13576:ENSG00000125445.10",0.0055656356651088,0.00311161910453679,0.0736692241179588
"chr17:75743861:75748841:clu_13682:ENSG00000132470.13",0.00156329662989751,0.00369916435156346,0.67258125299263
"chr17:75594775:75596460:clu_13633:ENSG00000266714.6",-0.00464298353878393,0.00409289554970407,0.256626509462245
"chr17:75740851:75740982:clu_13679:ENSG00000132470.13",-0.00398505965582324,0.00440729520286624,0.365891365045423
"chr17:75792478:75793443:clu_13690:ENSG00000132478.9",0.000601474460999765,0.00340585659227975,0.859822550999584
"chr17:37586549:37596223:clu_12159:ENSG00000275066.4",-0.00771110265711947,0.00427279464069846,0.0711220000721817
"chr17:37470532:37471094:clu_12150:ENSG00000276234.4",-0.000450137433554934,0.00392277904688101,0.908643576810764
"chr17:37542565:37553115:clu_12157:ENSG00000275066.4",0.00485061788016385,0.00320959164612882,0.130715047092457
"chr17:37244734:37245080:clu_12142:ENSG00000278540.4",-0.00235628892192113,0.00489835418800059,0.630490301084046
"chr17:34958694:34959587:clu_12043:ENSG00000132141.13",0.00472456552438138,0.00382821574945975,0.217149636997861
"chr17:41817203:41818089:clu_12356:ENSG00000141756.18",0.0012949252649462,0.00515755550035404,0.801757320607837
"chr17:40925574:40928238:clu_12334:ENSG00000108244.16",-0.000704827709382491,0.00565135450269955,0.900746515546152
"chr17:7227711:7227977:clu_11259:ENSG00000004975.11",0.00123174485977132,0.00350799772785061,0.725494753395616
"chr17:7550978:7553587:clu_11333:ENSG00000239697.10",0.00104469075699374,0.00301158227162169,0.72867321546712
"chr17:7227783:7227977:clu_11259:ENSG00000004975.11",-0.00090650508722452,0.00258493700557135,0.725822806871476
"chr17:7229475:7229588:clu_11257:ENSG00000004975.11",0.000538975714262717,0.00285823851031856,0.850430484136247
"chr17:6483752:6484216:clu_11204:ENSG00000091622.15",-0.00447094413641237,0.00316051807634062,0.157178822640007
"chr17:6644659:6650356:clu_11212:ENSG00000108590.10",0.0117317556765424,0.00370764459485477,0.00155506050710685
"chr17:7002620:7009796:clu_11230:ENSG00000215067.9",0.00720230122611435,0.00355733301155741,0.0429048487697677
"chr17:7408712:7412157:clu_11319:ENSG00000169992.9",-0.0115306008941898,0.0027429354129959,2.62534750378185e-05
"chr17:7392978:7393467:clu_11312:ENSG00000187838.16",0.00621582870855488,0.00332063077989977,0.0612229419162184
"chr17:7405610:7408012:clu_11319:ENSG00000169992.9",-0.0139645406701211,0.0028789552200621,1.23114324213081e-06
"chr17:7307752:7309615:clu_11282:ENSG00000132507.17",-0.00736401847670454,0.00307038515008231,0.0164667734927251
"chr17:8289414:8289507:clu_11439:ENSG00000125434.10",-0.0200429413215745,0.00339211072453203,3.4483238486871e-09
"chr17:8291485:8292523:clu_11440:ENSG00000125434.10",-0.00863968918190962,0.0034788638076826,0.0130105588449426
"chr17:8232475:8232906:clu_11425:ENSG00000178971.13",0.00972590898826075,0.00388430740628699,0.0122833490217913
"chr17:8238629:8242985:clu_11429:ENSG00000178971.13",-0.00981820807536408,0.00305186982980101,0.00129487887772683
"chr17:8229206:8229302:clu_11422:ENSG00000178971.13",0.00226919934028528,0.00338551203168842,0.502687157870821
"chr17:8232475:8232620:clu_11425:ENSG00000178971.13",-0.00808365953685468,0.00444083366870279,0.0687129883298512
"chr17:8448686:8450780:clu_11449:ENSG00000166579.15",0.0133912049157279,0.00352834727424465,0.000147453491347038
"chr17:8243148:8248004:clu_11429:ENSG00000178971.13",0.0125829335826784,0.00302807282997545,3.24681544171534e-05
"chr17:11276843:11290372:clu_11498:ENSG00000188803.14",-0.00115497547336519,0.00350374733244725,0.741671951040426
"chr17:10646032:10647182:clu_11483:ENSG00000109063.14",-0.00803786061554216,0.00304619206442084,0.00832347781917597
"chr17:11263526:11379414:clu_11498:ENSG00000188803.14",0.00403471937302144,0.00268221159857392,0.132516760763603
"chr17:66070001:66129746:clu_13349:ENSG00000154240.16",0.00255512774578817,0.00339248622952036,0.451346189493574
"chr17:4809783:4809877:clu_11077:ENSG00000129219.13",-0.000876703305957235,0.00329658364650231,0.790283116984516
"chr17:5517887:5520881:clu_11192:ENSG00000091592.15",0.00532210748510881,0.00300661905416996,0.0767054372035747
"chr17:4998156:4999850:clu_11133:ENSG00000129250.11",-0.00568109138631391,0.00365048802494575,0.119647392902803
"chr17:5505977:5517746:clu_11191:ENSG00000091592.15",-0.00554124204917646,0.0025117251779443,0.0273735114130569
"chr17:5033169:5033261:clu_11141:ENSG00000132517.14",0.000887249138171688,0.00319675131628753,0.781360025717946
"chr17:5346925:5354359:clu_11168:ENSG00000029725.16",-0.00107217317070979,0.0025190752402542,0.67038350099373
"chr17:5109052:5109394:clu_11143:ENSG00000167840.13",-0.00110856634349196,0.00288258858182178,0.70055364584581
"chr17:19378542:19380608:clu_11722:ENSG00000166484.19",0.00785593051954467,0.00901529049017999,0.383535399138783
"chr17:19329647:19330614:clu_11718:ENSG00000072134.15",-0.00402081770550309,0.00558686063240928,0.471714784878773
"chr17:19328887:19329561:clu_11718:ENSG00000072134.15",0.00430753606988119,0.00451922704751006,0.340510173596978
"chr17:56848065:56848696:clu_13036:ENSG00000153933.9",0.00274823206403881,0.00326164137398759,0.39945681510143
"chr17:57871369:57872663:clu_13066:ENSG00000180891.12",0.0044902918783862,0.00300979111623181,0.13572671189875
"chr17:56848437:56848696:clu_13036:ENSG00000153933.9",-0.00490227830049846,0.00317718744612444,0.122840087465904
"chr17:58320129:58320531:clu_13095:ENSG00000005379.15",0.0162628898762544,0.00369224717450023,1.05976865947266e-05
"chr17:56908563:56913392:clu_13042:ENSG00000121060.16",0.00134121571853684,0.00358496512538919,0.708313261946277
"chr17:58305643:58305833:clu_13087:ENSG00000005379.15",-0.01340470399646,0.00444957503207387,0.00259036527277168
"chr17:21312281:21313492:clu_11780:ENSG00000034152.18",0.00159528676952181,0.00475043165571084,0.737007113621827
"chr17:60269557:60271350:clu_13165:ENSG00000170832.12",-0.0104476319437557,0.00725671057224964,0.149946609270334
"chr17:58709990:58720516:clu_13120:ENSG00000108384.14",-0.00520261687296542,0.00455811976452176,0.253705423453554
"chr17:59936541:59940836:clu_13147:ENSG00000108443.13",-0.0104747392589168,0.0054168301258034,0.0531451446727584
"chr17:59936541:59937578:clu_13147:ENSG00000108443.13",-0.00378595513877021,0.00688970111649379,0.582655954106468
"chr17:60157788:60157989:clu_13160:ENSG00000167434.9",0.0131805198495774,0.00558037823151904,0.0181795729090075
"chr17:60288682:60294683:clu_13165:ENSG00000170832.12",0.0193476676188946,0.00490264808364778,7.93446795639419e-05
"chr17:58306413:58306800:clu_13089:ENSG00000005379.15",-0.0137747035393531,0.00346549346489207,7.04332896160897e-05
"chr17:57980804:57981873:clu_13072:ENSG00000136451.8",0.00206261080306234,0.00317785202433012,0.516300781225208
"chr17:57979313:57980603:clu_13071:ENSG00000136451.8",-0.00417624898692943,0.00347328747445558,0.229212142825851
"chr17:58324627:58337448:clu_13099:ENSG00000265148.5",0.00693685574982882,0.00355590157337236,0.0510807427819641
"chr17:58521095:58521254:clu_13110:ENSG00000108387.14",0.0013151228530938,0.00416536490382444,0.752208876790483
"chr17:58692685:58694931:clu_13118:ENSG00000108384.14",-0.0148418693791149,0.00428661000980736,0.000535422187080692
"chr17:58709990:58720746:clu_13120:ENSG00000108384.14",0.00949621133706691,0.00378799496111777,0.0121787271175794
"chr17:57108048:57110025:clu_13053:ENSG00000121057.12",0.00193617248367389,0.00271669538811481,0.476035134469963
"chr17:58323381:58323468:clu_13098:ENSG00000005379.15",0.0140328895280404,0.00280996161449092,5.91478064637663e-07
"chr17:44074266:44074680:clu_12576:ENSG00000141349.8",-0.00307679294517333,0.00519017484527663,0.553307618851265
"chr17:44323577:44324711:clu_12613:ENSG00000013306.15",-0.0099193603746413,0.00405880478719147,0.0145289833311699
"chr17:44071183:44074160:clu_12576:ENSG00000141349.8",-0.00655598582577302,0.00497027435276308,0.187156066869344
"chr17:44093485:44093575:clu_12581:ENSG00000108840.15",0.00445570143291591,0.00422046716741794,0.291088595145004
"chr17:45034999:45051361:clu_12647:ENSG00000172992.11",0.00318114223330827,0.00655477375854776,0.627451596012616
"chr17:44323800:44324711:clu_12613:ENSG00000013306.15",0.00215989388447573,0.00408282502806625,0.59679195171309
"chr17:44155411:44157833:clu_12585:ENSG00000125319.14",0.0137002944489004,0.00519820483019376,0.00839931589343712
"chr17:15231080:15239471:clu_11530:ENSG00000109099.13",0.00221509692539827,0.00381163637730518,0.561145648979249
"chr17:15231080:15232369:clu_11530:ENSG00000109099.13",0.000550714371643189,0.00371631094045241,0.882194043843606
"chr17:15260761:15265154:clu_11531:ENSG00000109099.13",-0.00182770525603712,0.00292781190382132,0.532459226582034
"chr17:10634182:10634840:clu_11482:ENSG00000109063.14",-0.00681286101050292,0.00367410171262347,0.0636972560227567
"chr17:9969762:9981804:clu_11480:ENSG00000007237.18",0.00140485013809993,0.00283860840037767,0.620665030550738
"chr17:9959255:9969677:clu_11480:ENSG00000007237.18",-0.00102375488125521,0.00268009738783794,0.70247307737934
"chr17:45406083:45429623:clu_12694:ENSG00000159314.11",0.00542448441563282,0.00492945018203736,0.271147503319489
"chr17:45234849:45236136:clu_12671:ENSG00000184922.13",0.00601940607867578,0.00449015690591605,0.180057466856695
"chr17:44876100:44879556:clu_12639:ENSG00000108883.12",-0.00560468938385858,0.00433729285074858,0.196284733721124
"chr17:45137454:45137760:clu_12662:ENSG00000181513.14",-0.00438382778539834,0.0047969577204912,0.360781649680748
"chr17:45236244:45237281:clu_12671:ENSG00000184922.13",0.00642890544132466,0.00439577138059268,0.14359865059225
"chr17:44436545:44464472:clu_12620:ENSG00000186566.12",-0.00262599558189444,0.00429925611415188,0.541330461477942
"chr17:44849388:44850332:clu_12632:ENSG00000131097.6",0.00118889159684429,0.00416522885039558,0.77531282727711
"chr17:46039215:46039702:clu_12717:ENSG00000120071.13",0.00736182419346874,0.00480900836445139,0.125808847007845
"chr17:44879638:44880554:clu_12639:ENSG00000108883.12",0.00317515910828182,0.00452880202541124,0.483238404554956
"chr17:49676016:49677933:clu_12882:ENSG00000121067.17",0.00717235137753479,0.00322682315822442,0.0262341217124239
"chr17:49668078:49677933:clu_12882:ENSG00000121067.17",0.023131702201146,0.00310576805894209,9.48130463029884e-14
"chr17:48029176:48033863:clu_12815:ENSG00000005243.9",0.00136703550269847,0.00519928526526801,0.792606396710846
"chr17:49732720:49763892:clu_12886:ENSG00000121104.7",-0.00908473127793071,0.00347828045258521,0.00900549316475585
"chr17:61015901:61034666:clu_13178:ENSG00000141376.22",-0.00262995783891973,0.0054814804020032,0.631376937393583
"chr17:61026910:61034666:clu_13178:ENSG00000141376.22",0.00520689480495791,0.00568315144325079,0.359562794197684
"chr17:61955838:61956339:clu_13196:ENSG00000108510.9",0.00679886168298825,0.00425945045322811,0.110447979671099
"chr17:61955567:61955680:clu_13196:ENSG00000108510.9",-0.00579939370084471,0.00438177354516099,0.185660327107382
"chr17:61457631:61465819:clu_13190:ENSG00000121075.9",-0.004302709931159,0.00614190417253507,0.48358399664034
"chr17:64764548:64780981:clu_13321:ENSG00000214176.9",0.00981904304375195,0.00494265650463306,0.0469676021597106
"chr17:19378101:19378896:clu_11722:ENSG00000166484.19",-0.0160201268977496,0.00555062734383993,0.00389945211366549
"chr17:19312144:19313105:clu_11717:ENSG00000072134.15",-0.00146546814095999,0.00484999511236079,0.762531098342512
"chr17:19312144:19313123:clu_11717:ENSG00000072134.15",0.000173199012077502,0.00524027979886152,0.97363353355306
"chr17:58323545:58324361:clu_13098:ENSG00000005379.15",-0.000877044225307534,0.00313170444337733,0.779436597741933
"chr17:58306386:58306800:clu_13089:ENSG00000005379.15",0.0131700346326848,0.00349468332085465,0.000164171159893978
"chr17:1125367:1179667:clu_10821:ENSG00000159842.14",0.00438217816102049,0.00241975813305977,0.0701410959087944
"chr17:631628:653291:clu_10795:ENSG00000141252.19",-0.00165067936343288,0.00257688046914751,0.521800320196902
"chr17:410646:413148:clu_10785:ENSG00000187624.8",0.00369668531322903,0.00312385761243345,0.236661789428049
"chr17:1762388:1766903:clu_10873:ENSG00000132386.10",0.00648131469382705,0.003153681922266,0.0398637444395877
"chr17:628231:631550:clu_10795:ENSG00000141252.19",0.0025495090953092,0.00249856545281496,0.307543934408839
"chr17:776988:778622:clu_10801:ENSG00000167699.13",0.00498043717195891,0.00262851787913539,0.0581228616591444
"chr17:2365341:2367039:clu_10917:ENSG00000141258.12",-0.00351316363983643,0.00279436748414539,0.208670232487925
"chr17:1125367:1228793:clu_10821:ENSG00000159842.14",-0.00203941826925285,0.00262280393125204,0.43682151459848
"chr17:1543027:1548296:clu_10839:ENSG00000174238.14",0.00611568511117022,0.00258367464472692,0.0179305469346364
"chr17:776988:778695:clu_10801:ENSG00000167699.13",-0.00680904232349357,0.00257810478035803,0.00826363979698086
"chr17:1728626:1730380:clu_10867:ENSG00000167716.18",-0.0092722667438926,0.00275604530342594,0.000767276348307311
"chr17:1771184:1771872:clu_10876:ENSG00000132386.10",-0.0115359771038397,0.00357746124963728,0.00126137022480877
"chr17:1784574:1786810:clu_10881:ENSG00000186532.11",0.00606196471463797,0.002840684305848,0.0328443828660188
"chr17:1891940:1895009:clu_10887:ENSG00000132383.11",-0.00284170404434923,0.00273539172948225,0.298867302431178
"chr17:1541640:1543020:clu_10839:ENSG00000174238.14",-0.00946427464754118,0.00271596901998078,0.00049273153742635
"chr17:1771184:1771425:clu_10876:ENSG00000132386.10",0.012009294384419,0.00331675514566965,0.000293697814774951
"chr17:55265599:55267751:clu_13024:ENSG00000108924.13",0.00714212242409685,0.00471488590089378,0.129822347982586
"chr17:68884396:68884698:clu_13423:ENSG00000141338.13",-0.00187988705136176,0.00493540948548857,0.70327901941576
"chr17:68884396:68885196:clu_13423:ENSG00000141338.13",0.000468973572048576,0.0039470738770968,0.905421525277951
"chr17:69193989:69194385:clu_13454:ENSG00000154263.17",0.00453312090726318,0.00321871653866218,0.159023643753126
"chr17:69193612:69193814:clu_13454:ENSG00000154263.17",0.000319640671383501,0.00302057866913352,0.915724370537015
"chr17:68887506:68891489:clu_13424:ENSG00000141338.13",0.00140785678450242,0.00283630664454644,0.619633572270939
"chr17:1804715:1811971:clu_10882:ENSG00000186532.11",0.00942405031927755,0.00238467130526093,7.75239296491037e-05
"chr17:2342060:2343545:clu_10910:ENSG00000141258.12",-1.47796925215069e-05,0.00289907284187337,0.995932341807929
"chr17:1586051:1590802:clu_10843:ENSG00000167703.14",-0.00326838807268069,0.00237647761103686,0.169036055292384
"chr17:2036956:2039399:clu_10891:ENSG00000108963.17",0.00282230660555098,0.00245554520099276,0.250407369757615
"chr17:1583336:1585913:clu_10843:ENSG00000167703.14",0.00506533966743188,0.00237875554528132,0.0332205685274495
"chr17:1735717:1736136:clu_10870:ENSG00000167716.18",0.0047755495783309,0.00262961829917467,0.0693608788639324
"chr17:1636818:1636941:clu_10848:ENSG00000074660.15",0.00800914358531361,0.00264912153694987,0.00250017258656476
"chr17:1735717:1736039:clu_10870:ENSG00000167716.18",-0.00721733146358723,0.00245161225844762,0.00324091830541051
"chr17:2337745:2343545:clu_10910:ENSG00000141258.12",-7.01348586186648e-06,0.00317782193240735,0.99823906195415
"chr17:1762883:1766903:clu_10873:ENSG00000132386.10",0.0149787818087598,0.00325436534433953,4.17101421101851e-06
"chr17:2036956:2039755:clu_10891:ENSG00000108963.17",-0.00406637079712413,0.00259663136002649,0.117344462041993
"chr17:1636855:1636941:clu_10848:ENSG00000074660.15",-0.00963890507083533,0.00257024661442233,0.000176702847114241
"chr17:1812115:1827861:clu_10882:ENSG00000186532.11",-0.00352337363638218,0.00258052314627672,0.172136209958782
"chr17:68515119:68515394:clu_13407:ENSG00000108946.14",-0.0136509506431263,0.00441821890694002,0.00200361860829013
"chr17:68434626:68435620:clu_13408:ENSG00000070540.12",0.00115832944342026,0.00347009224920562,0.738527732263046
"chr17:69112273:69113222:clu_13442:ENSG00000154262.12",-0.00426476156658528,0.00416811829172197,0.306219765370447
"chr17:69284072:69285898:clu_13465:ENSG00000154265.15",-0.00554617646972857,0.00353869117899614,0.117045523908666
"chr17:68433575:68434556:clu_13408:ENSG00000070540.12",0.00340620578854944,0.00347330650699816,0.326750063525268
"chr17:68942039:68949312:clu_13426:ENSG00000141338.13",-0.00595726846741451,0.00503520754571767,0.236760513092474
"chr17:68114525:68160990:clu_13396:ENSG00000237854.3",-0.00294574048022972,0.00333341538551484,0.376857969101496
"chr17:35568501:35573877:clu_12071:ENSG00000267321.2",0.00714485773840526,0.0043171621831517,0.0979266440059179
"chr17:35657791:35659764:clu_12077:ENSG00000006125.17",0.00884586005931754,0.00727299285026334,0.223885382019932
"chr17:27617428:27623314:clu_11801:ENSG00000168961.16",0.0121698761489947,0.00567967008106836,0.0321365295549086
"chr17:27601958:27603834:clu_11795:ENSG00000141068.13",0.00636666377999114,0.00524482121347231,0.224787710854081
"chr17:27587674:27588475:clu_11793:ENSG00000141068.13",-0.00437907870341934,0.00578616411362467,0.449158332491694
"chr17:28372502:28381203:clu_11825:ENSG00000244045.12",0.0141136027798889,0.00611702807062023,0.0210400695723862
"chr17:27577639:27582646:clu_11792:ENSG00000141068.13",-0.000885753532286122,0.00545419938566631,0.870992090483119
"chr17:27642348:27645314:clu_11803:ENSG00000168961.16",-0.00353586055353491,0.00295627875483407,0.231676605744199
"chr17:27631304:27638263:clu_11801:ENSG00000168961.16",-0.0139998448571988,0.00523678436752132,0.007509411758441
"chr17:27617428:27623314:clu_11801:ENSG00000141068.13",0.0103531195564062,0.00579766249572399,0.0741413172036925
"chr17:27631304:27638263:clu_11801:ENSG00000141068.13",-0.0127350725268584,0.00531869905385128,0.0166477572030965
"chr17:28353019:28353133:clu_11821:ENSG00000004142.11",0.00243229560490645,0.00741974157893417,0.743052256537996
"chr17:28340478:28341237:clu_11817:ENSG00000109079.9",-0.000102962021283155,0.00604518243653281,0.986411024606784
"chr17:28372502:28381203:clu_11825:ENSG00000004139.13",0.0141136027798889,0.00611702807062023,0.0210400695723862
"chr17:27605813:27607914:clu_11797:ENSG00000141068.13",-0.00764200512232195,0.00506498376298118,0.131352039654258
"chr17:27306882:27307744:clu_11789:ENSG00000109046.14",-0.00226357349332402,0.0104369593007319,0.828301434221266
"chr17:27642348:27643525:clu_11803:ENSG00000168961.16",0.00319913620717513,0.00344279111692213,0.352771194905667
"chr17:62666870:62667390:clu_13210:ENSG00000011028.13",-0.00291937053325026,0.00570242741812342,0.608684430386573
"chr17:62688960:62689611:clu_13216:ENSG00000011028.13",-0.00631929011184398,0.00462170650165552,0.171529202902944
"chr17:80207685:80209406:clu_13944:ENSG00000181523.12",-0.00250083992560936,0.00260932966396131,0.337849818541192
"chr17:80350396:80351685:clu_13963:ENSG00000173821.19",-0.00382589295212084,0.00324244474021437,0.238023747461013
"chr17:80992611:80994581:clu_13985:ENSG00000176108.9",-0.00202206884482567,0.00334324819194031,0.545297515320469
"chr17:80105894:80107557:clu_13930:ENSG00000171298.12",0.00308702225126026,0.00298236587482974,0.300626074623183
"chr17:80415821:80423520:clu_13975:ENSG00000173818.16",-0.00692813845231283,0.00284043481407489,0.0147234069022831
"chr17:50370586:50370906:clu_12924:ENSG00000108826.15",0.00580449243494416,0.00323144559211489,0.0724543581232854
"chr17:50462302:50462420:clu_12927:ENSG00000167107.12",-0.00179944365823318,0.00419413928156979,0.667895826015222
"chr17:50539315:50540247:clu_12950:ENSG00000049283.17",-0.000188502691660211,0.00311271670440399,0.951710508502517
"chr17:50540334:50540793:clu_12950:ENSG00000049283.17",-0.00268803334256993,0.00279580869346948,0.336325401644501
"chr17:49798558:49805363:clu_12887:ENSG00000136504.11",-0.00822004755631396,0.00330846367160536,0.012971483462376
"chr17:51207005:51209314:clu_13002:ENSG00000011258.15",0.00311472030992244,0.00364685829881497,0.393058906277849
"chr17:49805445:49811476:clu_12887:ENSG00000136504.11",-0.00887139104813534,0.00342152147099498,0.00951924364091594
"chr17:49706334:49706965:clu_12885:ENSG00000121104.7",-0.00956844884004714,0.00305615216617457,0.00174282748585031
"chr17:50462317:50462420:clu_12927:ENSG00000167107.12",0.00614919175159374,0.00527190413403872,0.243449480005229
"chr17:50370586:50373131:clu_12924:ENSG00000108826.15",-0.00669801226935034,0.00322051235782723,0.0375441470219278
"chr17:49706334:49706965:clu_12885:ENSG00000121073.13",-0.00851273512741674,0.00303883517009859,0.00508947828202233
"chr17:51268904:51273362:clu_13007:ENSG00000011260.13",0.00265467090722565,0.003007387556128,0.377389412919668
"chr17:49636809:49646116:clu_12882:ENSG00000121067.17",-0.0140728483394464,0.00382153481674615,0.000230946870295234
"chr17:50167727:50167947:clu_12909:ENSG00000108823.15",-0.0024534977318899,0.00529011385361183,0.642798773702491
"chr17:50356773:50357118:clu_12922:ENSG00000015532.9",0.00366906983507749,0.00294665828903258,0.213071845146301
"chr17:50547285:50547665:clu_12953:ENSG00000006282.20",-0.00227802796169795,0.00252191436582246,0.36637033316429
"chr17:54964852:54968281:clu_13019:ENSG00000166260.10",-0.0100678659115988,0.00373579435705995,0.00703942792258794
"chr17:55774859:55775311:clu_13033:ENSG00000141179.13",-0.00667283118802229,0.00358356974919642,0.0625942675995174
"chr17:54937226:54947261:clu_13014:ENSG00000141198.14",0.00398685372653233,0.0040410560198781,0.323845098358243
"chr17:5515073:5515473:clu_11191:ENSG00000091592.15",0.00395167517839197,0.00285317369741589,0.166049294345182
"chr17:4833640:4859213:clu_11086:ENSG00000141503.15",-0.00069400102144115,0.00375581278617737,0.853401191332854
"chr17:5444513:5448809:clu_11181:ENSG00000005100.12",0.00401290236600982,0.00279567040209172,0.151173444406267
"chr17:5422829:5425971:clu_11180:ENSG00000129197.14",-1.10579138271077e-05,0.0033052282241997,0.997330616326676
"chr17:4970536:4972769:clu_11122:ENSG00000108509.20",-0.00845336679181019,0.0040241365823192,0.0356702982447474
"chr17:5448895:5450203:clu_11181:ENSG00000005100.12",-0.00197919632158301,0.00279680274611596,0.479154004421445
"chr17:4891124:4891456:clu_11092:ENSG00000141503.15",0.00470134419548366,0.00303843590173627,0.121793117107831
"chr17:6759718:6760406:clu_11217:ENSG00000132530.16",-0.0139118576220265,0.00262570343941837,1.16863123067468e-07
"chr17:4890735:4890951:clu_11092:ENSG00000141503.15",-0.0024119455465925,0.0032780306240374,0.461857877724266
"chr17:5426299:5432542:clu_11180:ENSG00000129197.14",-0.00100676104065153,0.00294442583539838,0.73241034164485
"chr17:5474789:5477848:clu_11185:ENSG00000072849.10",0.0037757281057423,0.00322504068129306,0.241697818770002
"chr17:6762240:6770643:clu_11219:ENSG00000132530.16",0.0004437369434832,0.00278990174807021,0.873628613786625
"chr17:5582846:5583687:clu_11196:ENSG00000091592.15",-0.00046724616366354,0.00389169993754537,0.904433853898685
"chr17:6579864:6589779:clu_11205:ENSG00000091622.15",0.00758634968841325,0.0026947046392598,0.00487346613473238
"chr17:4969337:4969500:clu_11121:ENSG00000108509.20",-0.00550145261204073,0.00354318147184669,0.120497875454012
"chr17:5184276:5191748:clu_11154:ENSG00000180626.9",0.00452585676587075,0.00289519836324231,0.117998844985485
"chr17:6579864:6589779:clu_11205:ENSG00000198920.9",0.00832386529495673,0.00270573059009285,0.00209528072398979
"chr17:4969337:4969630:clu_11121:ENSG00000108509.20",0.00244032451891613,0.00309682812160535,0.430692180497177
"chr17:73236995:73242896:clu_13498:ENSG00000141219.15",-0.00231083195127328,0.00291265126176027,0.427557920747987
"chr17:73227264:73232086:clu_13495:ENSG00000133193.12",0.000304308283874728,0.00274501330955344,0.911728489633701
"chr17:44195885:44196034:clu_12593:ENSG00000087152.15",0.0005902247097624,0.0043592891375155,0.892299802588249
"chr17:44847917:44848060:clu_12632:ENSG00000131097.6",0.00211043244151052,0.00540242178583394,0.69605919530325
"chr17:44092284:44092396:clu_12580:ENSG00000108840.15",0.00899246493706516,0.00474058794788762,0.0578399217556482
"chr17:43533348:43533859:clu_12552:ENSG00000175832.12",-0.00297296988570609,0.00494851643236303,0.547986502095984
"chr17:43774109:43774712:clu_12556:ENSG00000108861.8",-0.000914014077957931,0.00380839213498914,0.810330263614877
"chr17:44853390:44853517:clu_12633:ENSG00000108883.12",0.00495021745414596,0.00446963685072567,0.268068662671759
"chr17:43212394:43213021:clu_12538:ENSG00000184988.8",-0.0131765481340153,0.00582021745763371,0.0235785977540891
"chr17:44852562:44853296:clu_12633:ENSG00000108883.12",-0.00790677872024825,0.00456320790155243,0.0831447805972679
"chr17:44187743:44187907:clu_12589:ENSG00000168591.15",-0.0016486533214071,0.0050947795301978,0.746243464221622
"chr17:43855303:43860614:clu_12564:ENSG00000108852.14",-0.00114551754844567,0.00492407193294383,0.816043888779979
"chr17:43530181:43532674:clu_12552:ENSG00000175832.12",0.00213340314126289,0.00405559534592073,0.598860798019336
"chr17:43769814:43774712:clu_12556:ENSG00000108861.8",0.00701890854489292,0.00394803522772102,0.0754329001049328
"chr17:43831943:43832761:clu_12561:ENSG00000161647.18",-0.0026747142197396,0.00521071484994844,0.607734197360247
"chr17:44092284:44092381:clu_12580:ENSG00000108840.15",-0.00844575943554633,0.00452274754923864,0.0618463464612224
"chr17:43148783:43159507:clu_12533:ENSG00000267002.2",0.0156239305968434,0.00491284287713522,0.00147162306785842
"chr17:44218296:44219445:clu_12604:ENSG00000108312.14",-0.00559706475363417,0.00394100931877744,0.155546264555179
"chr17:43883052:43883203:clu_12567:ENSG00000108852.14",0.00399066925210204,0.00538561502398625,0.458701487873417
"chr17:43133137:43138657:clu_12528:ENSG00000198496.10",0.0153621857637302,0.00398207438900808,0.000114395850405624
"chr17:21284969:21298413:clu_11778:ENSG00000034152.18",0.0100087475814222,0.00643578126947385,0.119905083069723
"chr17:21284969:21296086:clu_11778:ENSG00000034152.18",0.00544904136401364,0.00693991628593394,0.432351596694325
"chr17:39531021:39544249:clu_12242:ENSG00000167258.13",-0.0037452398604961,0.00458903288765258,0.414426728206633
"chr17:39673650:39673993:clu_12255:ENSG00000161395.13",0.00793525335786992,0.00411901685556076,0.0540429595798927
"chr17:39674679:39676614:clu_12255:ENSG00000161395.13",-0.0103148962318425,0.00299038826698763,0.000561937511467936
"chr17:39658026:39658405:clu_12249:ENSG00000131748.15",0.0137894416900245,0.00423349570588069,0.00112507809991624
"chr17:39712448:39713153:clu_12259:ENSG00000141736.13",0.00538820075462665,0.00488852723903266,0.270368861003593
"chr17:39564864:39566788:clu_12243:ENSG00000167258.13",-0.00118163941931762,0.00409976130566624,0.773177179797533
"chr17:39906987:39909756:clu_12275:ENSG00000073605.18",-0.00792634854790119,0.00358926437222126,0.0272199509146832
"chr17:40484020:40484484:clu_12324:ENSG00000131746.12",0.0129651997383867,0.00631970872475634,0.0402133955935164
"chr17:39657839:39657973:clu_12249:ENSG00000131748.15",-0.0154242890706953,0.00334347928826644,3.96430570637207e-06
"chr17:39905985:39906111:clu_12275:ENSG00000073605.18",0.00582401487589061,0.00420420956250156,0.165966324940659
"chr17:39743301:39743393:clu_12269:ENSG00000141738.13",0.00766761962459054,0.00409790321264513,0.0613301082215735
"chr17:39659553:39659800:clu_12251:ENSG00000131748.15",0.0163168560034565,0.00368201275983143,9.35778728694547e-06
"chr17:40169446:40169598:clu_12308:ENSG00000108349.16",-0.0045045947519133,0.00402633124860856,0.263232323280806
"chr17:40219492:40256391:clu_12314:ENSG00000171475.13",0.00959700932076357,0.00544795486467253,0.0781402547849662
"chr17:42307723:42308178:clu_12413:ENSG00000126561.16",0.000772409318410704,0.00634905910360045,0.903170440319316
"chr17:42309484:42310507:clu_12414:ENSG00000126561.16",-0.0111839661427703,0.00459139170092857,0.0148566232673576
"chr17:42337586:42337763:clu_12419:ENSG00000168610.14",-9.7408456523142e-05,0.00637235078282298,0.987803923616879
"chr17:42567328:42567619:clu_12439:ENSG00000108788.11",-0.00418713767337343,0.00581651861539777,0.471604996411897
"chr17:41832477:41835070:clu_12363:ENSG00000141698.16",0.0009106102340602,0.00561334938955804,0.871130829634448
"chr17:42567166:42567619:clu_12439:ENSG00000108788.11",0.00517993819861239,0.00559132756137545,0.354225847910913
"chr17:42114278:42114358:clu_12394:ENSG00000108773.10",0.00294140774894577,0.00669982674655947,0.66064165764653
"chr17:42216106:42217160:clu_12404:ENSG00000173757.9",0.00487731855656976,0.00476282897270231,0.305817257235307
"chr17:42564577:42564709:clu_12437:ENSG00000068120.14",-0.00704385283371185,0.00485261736802816,0.146624700532634
"chr17:69106211:69107696:clu_13441:ENSG00000154262.12",-0.00168639038859658,0.00484133855756699,0.72759129147267
"chr17:68125480:68125558:clu_13396:ENSG00000237854.3",-0.00095833473351834,0.00369926492169369,0.795588287150075
"chr17:69415000:69505780:clu_13474:ENSG00000108984.13",-0.000905120466354474,0.00330978040020937,0.784493153085265
"chr17:69087473:69088167:clu_13439:ENSG00000154262.12",-0.0042582600539014,0.00415542198623895,0.305482143919492
"chr17:49720436:49722499:clu_12886:ENSG00000121104.7",-0.00545307908734618,0.00337477346847413,0.10612986393432
"chr17:48841887:48843903:clu_12851:ENSG00000136436.14",-0.00456120085164469,0.00395564220933776,0.248874547945951
"chr17:48931714:48933205:clu_12858:ENSG00000159210.9",0.00686708089132717,0.00347855119773327,0.0483679885666466
"chr17:48931717:48933205:clu_12858:ENSG00000159210.9",-0.00618832944109199,0.00337615153075079,0.0668094567510937
"chr17:47673561:47674638:clu_12777:ENSG00000108424.9",-0.010046716536843,0.00389305982293688,0.0098607776682782
"chr17:47673165:47673490:clu_12777:ENSG00000108424.9",0.0132515928006739,0.0039298579365985,0.000746167378326001
"chr17:48551181:48552027:clu_12834:ENSG00000120093.11",0.0174410911714014,0.00306789503490038,1.30785742236128e-08
"chr17:46923221:46929520:clu_12737:ENSG00000108433.16",-0.0048144792331085,0.00490913797248643,0.326731899374764
"chr17:47698775:47699323:clu_12781:ENSG00000198933.9",-0.00363563624259102,0.00468885444808305,0.438116122143887
"chr17:47698775:47699320:clu_12781:ENSG00000198933.9",0.00107438114980731,0.0044224685357062,0.808054217710931
"chr17:47604049:47605333:clu_12772:ENSG00000141279.15",0.0183728990645036,0.00462676795047733,7.15713498599113e-05
"chr17:46923269:46929520:clu_12737:ENSG00000108433.16",0.00970796255961075,0.00450801086287671,0.0312800803842967
"chr17:47604049:47605466:clu_12772:ENSG00000141279.15",-0.0138561707119733,0.00489377452566845,0.00463465730425972
"chr17:32298204:32305341:clu_12017:ENSG00000141314.12",-0.00329841453764175,0.00381823319095375,0.387665433880908
"chr17:32305441:32316232:clu_12017:ENSG00000141314.12",-0.00306479559645707,0.00310004307899464,0.322844201540219
"chr17:30600916:30607552:clu_11959:ENSG00000248121.8",0.0143082975997299,0.00557195536975711,0.0102312779251603
"chr17:31878781:31880573:clu_11997:ENSG00000108651.9",0.01502583728959,0.00573429528224811,0.00878406125677689
"chr17:30971445:30984617:clu_11975:ENSG00000181481.13",-0.00389993860598612,0.0044318763561301,0.37887307176655
"chr17:31878327:31878702:clu_11997:ENSG00000108651.9",-0.000801684646718637,0.00457783585719846,0.860982935011233
"chr17:31976614:31988320:clu_12005:ENSG00000178691.10",-0.013732262949603,0.00388023692877245,0.000401604894708196
"chr17:10726264:10729031:clu_11490:ENSG00000187824.8",-0.00538543922121618,0.00314909896819025,0.0872376914818673
"chr17:10723329:10724455:clu_11489:ENSG00000187824.8",-0.0022246807006505,0.0036584968695728,0.543130441885841
"chr17:10726264:10729780:clu_11490:ENSG00000187824.8",0.00182822749642764,0.00384383646138617,0.634341046212439
"chr17:73286612:73310881:clu_13502:ENSG00000179604.9",-0.00244190462722516,0.00274091571539241,0.372978354099636
"chr17:73212740:73227165:clu_13495:ENSG00000133193.12",-0.00241137837347745,0.00224564615749164,0.282911625362328
"chr17:73379549:73383876:clu_13503:ENSG00000069188.16",-0.000226809360402669,0.00225661334501125,0.919940445715434
"chr17:21313537:21314147:clu_11782:ENSG00000034152.18",-0.00550552913209636,0.00457998136711857,0.229330408679862
"chr17:21007996:21011151:clu_11770:ENSG00000124422.11",0.00222017384736684,0.00633497231467928,0.725991200537808
"chr17:21011309:21012830:clu_11771:ENSG00000124422.11",0.000636472675130262,0.00481431177095149,0.894822707056262
"chr17:73203793:73205553:clu_13492:ENSG00000166685.11",0.00260135961771428,0.00264802547412485,0.325914097849449
"chr17:73205680:73206154:clu_13492:ENSG00000166685.11",-0.0065893247955358,0.00240446075833098,0.00613535394208375
"chr17:37149974:37155683:clu_12137:ENSG00000278540.4",0.0660948673660725,0.00449529091014107,0
"chr17:36297386:36307297:clu_12104:ENSG00000261499.2",-0.00159802882727262,0.00366079377705963,0.662455701564454
"chr17:37632298:37633288:clu_12165:ENSG00000278053.4",0.000803076070348378,0.00325229543520684,0.804965549432416
"chr17:37619839:37621127:clu_12162:ENSG00000278053.4",-0.00170234943386748,0.00392730975237544,0.664677336949775
"chr17:37633418:37642110:clu_12165:ENSG00000278053.4",-0.00354123811231739,0.00298087150497427,0.234838331098747
"chr17:36953907:36988519:clu_12131:ENSG00000275700.4",-0.0205501995321202,0.00395756073422828,2.07329654777766e-07
"chr17:16440253:16441074:clu_11579:ENSG00000175061.17",-0.00461884776637702,0.00404176186782898,0.25312962209207
"chr17:16567929:16568952:clu_11583:ENSG00000141040.14",-0.00234822106969099,0.00369784031448845,0.52541210589508
"chr17:16432300:16434890:clu_11577:ENSG00000187688.14",0.0026889903942091,0.00491832155679022,0.584564736511975
"chr17:16194639:16215362:clu_11564:ENSG00000141027.20",0.00209756661283227,0.00387875909193361,0.588657226539438
"chr17:15978163:15980243:clu_11546:ENSG00000214941.7",0.000248737353951362,0.00424391259901429,0.953262438379587
"chr17:16433698:16434890:clu_11577:ENSG00000187688.14",0.00148512650703324,0.00400021995036511,0.710442985053622
"chr17:16434689:16434890:clu_11577:ENSG00000187688.14",-0.0149938035952315,0.0062413175652184,0.016290297002353
"chr17:46517433:46540176:clu_12730:ENSG00000238083.7",0.0200770046609089,0.0051166874054974,8.71527322562349e-05
"chr17:46299665:46352820:clu_12725:ENSG00000228696.8",-0.0148487469935367,0.00435766105011902,0.000655599732656498
"chr17:47604118:47636512:clu_12775:ENSG00000263766.5",-0.0005381320545239,0.00455881562622711,0.906034320150119
"chr17:47579511:47582742:clu_12767:ENSG00000141279.15",-0.00139539743361337,0.00518773171712539,0.787944872164953
"chr17:47054213:47056460:clu_12742:ENSG00000262879.5",-0.0182794052059124,0.00383105704692641,1.82973612761206e-06
"chr17:27643620:27645314:clu_11803:ENSG00000168961.16",-0.00202648335146521,0.0037957217330423,0.593420288693116
"chr17:27456874:27550568:clu_11791:ENSG00000141068.13",-0.00940730960146055,0.00634899627019114,0.138420060461843
"chr17:27610198:27610850:clu_11799:ENSG00000141068.13",-0.00265411703901187,0.00595461972539629,0.655796611887638
"chr17:28185265:28191021:clu_11809:ENSG00000087095.12",0.00871807940104748,0.00436790068247262,0.0459401621713653
"chr17:27601401:27603834:clu_11795:ENSG00000141068.13",0.00442908000279527,0.00573348865072578,0.439822475281903
"chr17:27610198:27611494:clu_11799:ENSG00000141068.13",-0.00451312443439933,0.0058028913442664,0.436723960175533
"chr17:28639460:28639575:clu_11853:ENSG00000007202.14",0.00268176027226941,0.00518595955318176,0.60507281456684
"chr17:27647118:27648836:clu_11804:ENSG00000168961.16",-0.00254511021522901,0.00384488758216329,0.508005453138777
"chr17:28716058:28716903:clu_11873:ENSG00000109113.18",-0.00492800040862756,0.00661113552324075,0.45602446001832
"chr17:27617428:27638263:clu_11801:ENSG00000141068.13",0.00278659086983266,0.00436532041274973,0.523247572878642
"chr17:27647118:27647270:clu_11804:ENSG00000168961.16",0.00498249263581171,0.00432018181998531,0.248784711252863
"chr17:27617428:27638263:clu_11801:ENSG00000168961.16",0.00373352573712666,0.00429981225029243,0.385230279988578
"chr17:28547849:28547999:clu_11832:ENSG00000109103.11",-0.00630422909623624,0.00430892335433413,0.143449965331822
"chr17:28560191:28561422:clu_11835:ENSG00000087111.20",-0.00506310617262233,0.00476695723702257,0.28817877857851
"chr17:27647432:27648836:clu_11804:ENSG00000168961.16",-0.00266386794199102,0.00471472664528725,0.572066927796768
"chr17:28357881:28359315:clu_11823:ENSG00000244045.12",-0.0025634615749832,0.00443567050669132,0.563318302907119
"chr17:28561629:28563431:clu_11835:ENSG00000087111.20",0.00307265745841286,0.00459138214211754,0.503353385642981
"chr17:40015845:40016233:clu_12284:ENSG00000108342.12",0.00261060692713541,0.00307472530676052,0.395851406772001
"chr17:39657085:39657775:clu_12248:ENSG00000131748.15",0.00310797457659008,0.00389648148317124,0.425081653366843
"chr17:40077608:40083835:clu_12296:ENSG00000126351.12",-0.00324130471103527,0.00406273204163219,0.424978405730046
"chr17:40076938:40077508:clu_12296:ENSG00000126351.12",0.00124862156814013,0.00415980188110999,0.764052284206248
"chr17:39653750:39657008:clu_12248:ENSG00000131748.15",-0.00255251047061331,0.00394454696374016,0.517568188304853
"chr17:39743276:39743393:clu_12269:ENSG00000141738.13",-0.00195265099893264,0.00626130956709098,0.755147044542141
"chr17:39658522:39659051:clu_12250:ENSG00000131748.15",-0.00553600545576131,0.00385550512685241,0.151039239826321
"chr17:39668677:39669629:clu_12254:ENSG00000141744.3",-0.00234526053750041,0.00344879558787627,0.496489858192817
"chr17:40662044:40665004:clu_12329:ENSG00000213424.8",0.00012181499000145,0.00326947609547585,0.970279086166434
"chr17:49722594:49732551:clu_12886:ENSG00000121104.7",0.00258665745665219,0.0031908485566775,0.417567401280036
"chr17:48936242:48937020:clu_12860:ENSG00000159210.9",-0.0130461446128668,0.00583592599994488,0.0253853052947529
"chr17:58371033:58415326:clu_13104:ENSG00000108375.12",-0.0101178247911983,0.00361590421661008,0.00513970122257768
"chr17:59565783:59566627:clu_13132:ENSG00000108406.9",-0.0100724775448986,0.00646650941713922,0.11931920458387
"chr17:58362648:58363275:clu_13105:ENSG00000108375.12",-0.010169899215625,0.00363569476881755,0.00515417415176678
"chr17:58526313:58526682:clu_13114:ENSG00000108387.14",-0.00289932674574156,0.00436830841670375,0.506870549886959
"chr17:58522101:58525078:clu_13111:ENSG00000108387.14",-0.00727956911459343,0.00339951385249548,0.0322453467499695
"chr17:59131367:59154956:clu_13130:ENSG00000182628.12",-0.023897763483068,0.00505435459952958,2.26571074535276e-06
"chr17:58695189:58696693:clu_13119:ENSG00000108384.14",-0.0023175009392179,0.004714437320246,0.623019608277355
"chr17:58703329:58709859:clu_13119:ENSG00000108384.14",0.0117190676882383,0.00399429005876377,0.00334672618459053
"chr17:59940943:59945406:clu_13147:ENSG00000108443.13",0.00579095610027997,0.00509054392915355,0.255291376922218
"chr17:58525201:58525695:clu_13111:ENSG00000108387.14",0.00493364528783702,0.00348155459741701,0.156459211832873
"chr17:58526313:58531961:clu_13114:ENSG00000108387.14",-0.00277416325947674,0.00470935117109205,0.555810647109955
"chr17:9682958:9686798:clu_11476:ENSG00000154914.16",0.00587620106043461,0.00378466148447509,0.120510158453789
"chr17:9680366:9682823:clu_11476:ENSG00000154914.16",-0.00212313619019831,0.00337830395887533,0.529701230255659
"chr17:9505162:9545172:clu_11473:ENSG00000170310.14",-0.00126672201981378,0.00332871817165665,0.703542022315982
"chr17:9378653:9437797:clu_11472:ENSG00000170310.14",0.00943619141299184,0.00250383981648423,0.000164107769983324
"chr17:8569812:8576643:clu_11456:ENSG00000133026.12",-0.00872431011424278,0.0029393828727699,0.00299670770986948
"chr17:17219209:17226176:clu_11610:ENSG00000154803.12",0.011586535325966,0.00429217673413436,0.00694532752610688
"chr17:18245850:18245934:clu_11673:ENSG00000177731.15",0.00068041427453176,0.00580193430996292,0.906643169540041
"chr17:18028659:18038881:clu_11641:ENSG00000171953.15",0.00380535041215061,0.00534411902613398,0.476425650564006
"chr17:18021857:18024624:clu_11641:ENSG00000171953.15",0.0121063151745531,0.00550720599166768,0.0279300072457673
"chr17:18100659:18101493:clu_11655:ENSG00000108591.9",-0.0040254692434003,0.00389070596245908,0.300838359909308
"chr17:39556413:39556864:clu_12243:ENSG00000167258.13",0.00758682570749874,0.00438093403800344,0.0833122623234073
"chr17:39629230:39629540:clu_12245:ENSG00000131771.13",-0.00682659644425417,0.00386295701090764,0.0771956578518078
"chr17:39746000:39746109:clu_12274:ENSG00000141738.13",0.00361699902570765,0.00498944583312165,0.468494968156795
"chr17:40309286:40330857:clu_12316:ENSG00000131759.17",0.000131835236837675,0.00616898807930203,0.982949992364412
"chr17:39557058:39564760:clu_12243:ENSG00000167258.13",-0.00814275966768856,0.00461802709845627,0.0778574804513341
"chr17:39699587:39706990:clu_12257:ENSG00000141736.13",-0.0130861893187411,0.00533989787356364,0.0142600864008737
"chr17:39923263:39924078:clu_12278:ENSG00000172057.9",-0.0127062510280656,0.00523338906478728,0.0151856841388529
"chr17:39745788:39745913:clu_12274:ENSG00000141738.13",0.000361880569212605,0.00453538735695368,0.936403924975251
"chr17:39662344:39662804:clu_12253:ENSG00000131748.15",0.00234253047421575,0.00350731997365286,0.504198981081954
"chr17:39661085:39662251:clu_12253:ENSG00000131748.15",-0.000559625039773825,0.00372996081617197,0.880736923787974
"chr17:50107153:50108156:clu_12904:ENSG00000005882.11",-0.0037393811637764,0.00289011573919352,0.195716650563182
"chr17:50688673:50691092:clu_12973:ENSG00000108846.15",-0.00226129019692362,0.00395488076512805,0.567476429709715
"chr17:50482456:50482643:clu_12934:ENSG00000136444.9",-0.000273984315272949,0.00310502152223174,0.929686638464314
"chr17:72404816:72428236:clu_13480:ENSG00000227036.6",-0.000238616762938723,0.00290929357184785,0.934631764862049
"chr17:61393747:61398012:clu_13187:ENSG00000267280.5",-0.00513594062217395,0.00378019677203159,0.174259512609656
"chr17:60462061:60464021:clu_13169:ENSG00000062725.9",-0.00613955138303116,0.00510868879803613,0.229446397342072
"chr17:61953113:61955382:clu_13195:ENSG00000108510.9",-0.00317884865445044,0.00438699139158245,0.468692606147156
"chr17:60461915:60461994:clu_13169:ENSG00000062725.9",0.00636182975123471,0.00510957402987951,0.213102250176712
"chr17:61380571:61388618:clu_13182:ENSG00000141376.22",-0.0110343018822905,0.00572488577097876,0.0539263836289042
"chr17:61393747:61398012:clu_13187:ENSG00000267131.1",-0.00513594062217395,0.00378019677203159,0.174259512609656
"chr17:27306882:27309100:clu_11789:ENSG00000109046.14",0.0135251637180358,0.00861457975145737,0.116407725106506
"chr17:28353019:28353241:clu_11821:ENSG00000004142.11",-0.00459436620290428,0.00708132101703948,0.516467189425323
"chr17:42957190:42961192:clu_12505:ENSG00000266967.6",0.00118146766639442,0.00727033090088112,0.870907915722319
"chr17:42697367:42697554:clu_12470:ENSG00000108797.11",-0.00918617102194686,0.0040370087072478,0.0228765804067427
"chr17:44197730:44198020:clu_12595:ENSG00000087152.15",0.00316997076220472,0.00360839617781886,0.379673231444103
"chr17:43492292:43492681:clu_12545:ENSG00000067596.10",-0.0191302526141492,0.00418734423658794,4.91019795967329e-06
"chr17:42957195:42961192:clu_12505:ENSG00000266967.6",0.00589023932157404,0.0067994531187836,0.386335899680823
"chr17:44110803:44117494:clu_12582:ENSG00000108840.15",0.000637624236264135,0.00423999963442497,0.880462383704479
"chr17:43211922:43212227:clu_12538:ENSG00000184988.8",0.00684412719199327,0.00383834486941312,0.0745711096093365
"chr17:44181741:44182930:clu_12587:ENSG00000267080.5",0.0096491273210917,0.00391913120588486,0.0138142425303143
"chr17:42955972:42956204:clu_12503:ENSG00000266967.6",-0.00595728405869502,0.00522472679338648,0.2541989561277
"chr17:43186444:43189042:clu_12535:ENSG00000188554.13",-0.00473041308607161,0.00472272088224037,0.31652292274811
"chr17:43545367:43545558:clu_12554:ENSG00000175832.12",-0.0143798319882966,0.00361709908266924,7.02270902688262e-05
"chr17:42979663:42980046:clu_12511:ENSG00000267060.5",-0.00400248708898368,0.00490736865271933,0.414724610657222
"chr17:44197751:44198020:clu_12595:ENSG00000087152.15",-0.0038489223299156,0.00375531044291644,0.305397223578063
"chr17:75020395:75020467:clu_13548:ENSG00000167862.9",-0.00415439618489682,0.00343437406083143,0.226412597240119
"chr17:74446998:74448823:clu_13513:ENSG00000170412.16",-0.00297780949140843,0.00316847123104852,0.34730716839509
"chr17:74745084:74745306:clu_13519:ENSG00000172794.19",0.00318208706821703,0.00291818831583807,0.275522719205691
"chr17:75020395:75020488:clu_13548:ENSG00000167862.9",0.00219928587282436,0.00329757819984705,0.504810639926628
"chr17:74443912:74446849:clu_13513:ENSG00000170412.16",0.0101905836117232,0.00323897653664103,0.00165386664539913
"chr17:75130642:75130753:clu_13556:ENSG00000125458.6",0.00663147074212236,0.00469510263566092,0.157825461203645
"chr17:15547148:15553765:clu_11535:ENSG00000175106.16",-0.000330687043136154,0.00361930702045643,0.927200582985188
"chr17:15642816:15677176:clu_11538:ENSG00000221926.11",-0.00308554576325812,0.00482457556841842,0.522466753246018
"chr17:47893958:47895703:clu_12796:ENSG00000234494.7",-0.00823274583967658,0.0043449489404345,0.0581208375014455
"chr17:47891581:47893900:clu_12796:ENSG00000234494.7",0.0166236387388531,0.00501284064668584,0.000912468138056899
"chr17:47975653:47975869:clu_12809:ENSG00000108465.14",-0.00478599209351986,0.00576336638666392,0.406303580072786
"chr17:47893958:47895703:clu_12796:ENSG00000264920.1",-0.00611363962679402,0.00442897246036226,0.167471438138399
"chr17:47891581:47893900:clu_12796:ENSG00000264920.1",0.0163749448546591,0.00505709250982826,0.00120364192958178
"chr17:48936933:48937020:clu_12860:ENSG00000159210.9",0.0163583070703889,0.00374750836386524,1.27055571926826e-05
"chr17:47395977:47402132:clu_12760:ENSG00000178852.15",0.00101966010686983,0.0037798248374671,0.787341934268686
"chr17:47944715:47945559:clu_12802:ENSG00000108439.9",0.00932635353343417,0.00401906713492545,0.0203123896651507
"chr17:47909730:47915312:clu_12797:ENSG00000167182.13",-0.0236589110403449,0.00506431223120803,2.98727497904938e-06
"chr17:47170042:47181562:clu_12746:ENSG00000004897.11",0.0027841907524519,0.00566843077782002,0.623302770947873
"chr17:60460787:60461810:clu_13168:ENSG00000062725.9",-0.0106796808053304,0.0059429674485312,0.0723311240657474
"chr17:64188415:64193559:clu_13290:ENSG00000136478.7",-0.00279816776330674,0.00616045880094096,0.649674675519233
"chr17:64594104:64598382:clu_13316:ENSG00000108854.15",-0.000281442951007215,0.0039712103162309,0.943500563319618
"chr17:64821017:64821767:clu_13324:ENSG00000214176.9",0.00554066757898801,0.00390758158828197,0.156211918711322
"chr17:64457684:64460822:clu_13294:ENSG00000271605.5",0.00907657820499772,0.0036413246108286,0.012679077963986
"chr17:64751148:64751807:clu_13318:ENSG00000266820.1",0.00359316924091413,0.00364777442533013,0.324609066044761
"chr17:64889752:64892529:clu_13328:ENSG00000176809.10",0.00163811115308527,0.00444597937258187,0.712539388875333
"chr17:64780205:64780343:clu_13321:ENSG00000214176.9",-0.00735953736065032,0.00353710055214905,0.0374641644361722
"chr17:64482999:64483964:clu_13297:ENSG00000256525.6",0.00174336828140233,0.00528346561515968,0.741425042577976
"chr17:50667757:50667863:clu_12965:ENSG00000108846.15",-0.00171598212754774,0.00349584731513569,0.623523342417629
"chr17:51207005:51217334:clu_13002:ENSG00000011258.15",-0.00338878120429609,0.00304459826205284,0.265688210163179
"chr17:50140228:50141269:clu_12907:ENSG00000108819.10",-0.000792120793902871,0.00460084388381961,0.863304992444182
"chr17:50974947:50975863:clu_12988:ENSG00000008294.20",0.00305211505457834,0.00365889828773818,0.404189525601388
"chr17:50464294:50471028:clu_12930:ENSG00000167107.12",-0.000221377966650688,0.0039548305825688,0.955360449013052
"chr17:50532985:50536421:clu_12946:ENSG00000049283.17",0.00884179040548033,0.0034048630334106,0.00940933100060182
"chr17:50141134:50141269:clu_12907:ENSG00000108819.10",0.0022964016694917,0.00449186415257344,0.609185968041691
"chr17:50480084:50482091:clu_12933:ENSG00000136444.9",0.002858050677362,0.00322578717903085,0.375616986509922
"chr17:50170351:50170640:clu_12910:ENSG00000108823.15",-0.00398887452406344,0.00353660699848168,0.259369858233789
"chr17:50464599:50471028:clu_12930:ENSG00000167107.12",-0.00623332707433714,0.0036716660468572,0.0895675028378988
"chr17:50538197:50538884:clu_12949:ENSG00000049283.17",-0.00532258976819218,0.0037972615165754,0.161007344568469
"chr17:50538964:50539187:clu_12949:ENSG00000049283.17",0.00526594036425221,0.00443193703062997,0.234762374973871
"chr17:50080375:50081097:clu_12900:ENSG00000005884.17",-0.00816630607727398,0.00324233141360354,0.0117804861507498
"chr17:50080375:50081310:clu_12900:ENSG00000005884.17",-0.00148655795736193,0.00314633077757958,0.636588842815218
"chr17:50077447:50078046:clu_12899:ENSG00000005884.17",-0.00399557906831463,0.00278961978709688,0.1520573014492
"chr17:49219953:49220169:clu_12865:ENSG00000108798.8",-0.0124263710246122,0.00310602641160624,6.3147550208198e-05
"chr17:62524331:62536170:clu_13203:ENSG00000146872.17",0.0152782538001769,0.00528324665723158,0.00383004523196417
"chr17:60623749:60633853:clu_13173:ENSG00000170836.11",-0.0101504775823605,0.00525572303761565,0.0534436193563427
"chr17:62553755:62560016:clu_13204:ENSG00000146872.17",-0.00359054391155938,0.00415186969179607,0.387147645348444
"chr17:61038054:61040792:clu_13179:ENSG00000141376.22",-0.00585505868381612,0.00555629420446271,0.291988022296232
"chr17:60874738:60889695:clu_13176:ENSG00000141376.22",-0.00645493388120851,0.00546598738525066,0.23763159375196
"chr17:55403868:55407746:clu_13028:ENSG00000108960.7",-0.00339407546285257,0.00466004224707492,0.466408070321271
"chr17:55007597:55031168:clu_13021:ENSG00000166263.13",0.00110328078956131,0.0032910723043581,0.737448242264881
"chr17:54905567:54906779:clu_13012:ENSG00000141198.14",-0.00256041848321912,0.00536457281294953,0.63316073721249
"chr17:67124014:67128651:clu_13364:ENSG00000198265.11",-0.00431428279398262,0.00507733607484817,0.395484195238762
"chr17:74772395:74772896:clu_13523:ENSG00000109065.11",6.47408971078395e-05,0.00277711003122959,0.981401138878488
"chr17:74819843:74835927:clu_13528:ENSG00000109066.13",0.00334823037512539,0.00302597659824806,0.268511984013375
"chr17:75093835:75098038:clu_13552:ENSG00000170190.15",0.00573478366706712,0.00348133336820996,0.0994973887562642
"chr17:74440827:74443818:clu_13512:ENSG00000170412.16",0.00336474752962195,0.00281138854096229,0.231373740251775
"chr17:74819843:74838887:clu_13528:ENSG00000109066.13",-0.00604492418377123,0.00315082107888446,0.0550446693050091
"chr17:75218306:75225103:clu_13561:ENSG00000125450.10",0.00681856974613482,0.00381140916007386,0.0736165581885766
"chr17:75130867:75131053:clu_13556:ENSG00000125458.6",0.00119208220799634,0.00291945719478445,0.683036382727144
"chr17:75215823:75218185:clu_13561:ENSG00000125450.10",-0.00727134891704823,0.00342484279188045,0.0337438784733828
"chr17:74872133:74872866:clu_13535:ENSG00000161513.11",0.00767392478186594,0.00323667470548591,0.0177434560995718
"chr17:75233158:75234642:clu_13566:ENSG00000125450.10",-0.00218083759561104,0.00346859933841934,0.529521089657598
"chr17:75229131:75230546:clu_13563:ENSG00000125450.10",0.00776345735029985,0.00306936237630383,0.0114277655314183
"chr17:74344348:74344761:clu_13508:ENSG00000196169.14",-0.00283884497502413,0.00254378353476195,0.264425070930081
"chr17:75233158:75234637:clu_13566:ENSG00000125450.10",0.000575056496821775,0.0033496261403846,0.863690827914278
"chr17:63930385:63931335:clu_13279:ENSG00000007312.12",-0.00130510289357787,0.00558088622644521,0.815099671476239
"chr17:64764548:64779981:clu_13321:ENSG00000214176.9",0.00823704142956496,0.00434806983771077,0.0581701694003094
"chr17:63691862:63692242:clu_13252:ENSG00000198909.7",0.00162437207151015,0.00413401709835886,0.694372481570379
"chr17:63825104:63825242:clu_13267:ENSG00000108592.16",0.0102153729349421,0.00622078509760273,0.100561896477437
"chr17:63692419:63693549:clu_13252:ENSG00000198909.7",-0.00428174704465921,0.00385780181417597,0.267045157856998
"chr17:63806654:63807724:clu_13265:ENSG00000198231.12",-0.0134501824901095,0.00415112088135366,0.00119474086423443
"chr17:63825163:63825242:clu_13267:ENSG00000108592.16",-0.0118186246435593,0.00509396108785981,0.0203341356726275
"chr17:64968381:64972534:clu_13333:ENSG00000214174.8",0.00583613457421671,0.00479283157648726,0.223345646166163
"chr17:64606640:64661829:clu_13317:ENSG00000108854.15",0.00541023597606912,0.00431911224341285,0.21034153764266
"chr17:63699069:63699257:clu_13251:ENSG00000136490.8",-0.000118106327399464,0.00442100253624039,0.978687185407614
"chr17:63830501:63830809:clu_13271:ENSG00000087191.12",-0.00897508072473534,0.00601350719756433,0.135571548531019
"chr17:63830935:63831036:clu_13271:ENSG00000087191.12",0.00345314548850954,0.00508975193998706,0.497486006851377
"chr17:63704908:63706635:clu_13256:ENSG00000266173.6",-0.0097839553143572,0.00421163125327688,0.0201748681537912
"chr17:63931385:63932195:clu_13280:ENSG00000007312.12",0.00579812647918486,0.00435060859228259,0.182624960318518
"chr17:63706739:63710491:clu_13257:ENSG00000266173.6",-0.0122633408395525,0.00880720078663153,0.163794622039488
"chr17:63437560:63446254:clu_13228:ENSG00000008283.15",-0.00697197509279549,0.00574112402302847,0.224598068327425
"chr17:82411530:82415406:clu_14185:ENSG00000181396.12",-0.00167092174760241,0.00420820490450285,0.691321129176864
"chr17:82858667:82870224:clu_14226:ENSG00000141556.20",0.0129184818573162,0.00663244210189129,0.0514423075735061
"chr17:81894586:81894763:clu_14079:ENSG00000141552.17",0.00270415660975068,0.00394392509680906,0.49293314518427
"chr17:82392534:82393166:clu_14181:ENSG00000181396.12",0.0014738676227485,0.00311314525493566,0.635903849841395
"chr17:82010052:82010802:clu_14103:ENSG00000169696.15",0.00135429961086759,0.00313457009073045,0.665703078799533
"chr17:82883840:82884145:clu_14227:ENSG00000141556.20",0.0178404774766072,0.00577069443750856,0.00199104324362842
"chr17:82037547:82037631:clu_14117:ENSG00000169738.7",0.0130473841376497,0.003939398812193,0.000926235384835494
"chr17:82101866:82127692:clu_14151:ENSG00000176155.18",-0.00408341044204595,0.00352096888911807,0.246154449866049
"chr17:82096452:82098121:clu_14149:ENSG00000169710.8",-0.00037009386313742,0.00379726174288328,0.922358435402247
"chr17:82447621:82449170:clu_14194:ENSG00000178927.17",-0.000374738463597091,0.00360377770551632,0.917181331819006
"chr17:81912614:81913774:clu_14091:ENSG00000187531.13",0.00220812947816488,0.00333693326739448,0.508147996058343
"chr17:81914504:81914604:clu_14092:ENSG00000187531.13",0.000790947961982085,0.00289151651890664,0.784437475354167
"chr17:82719057:82720272:clu_14214:ENSG00000141560.14",-0.00395076525640114,0.00302534118173539,0.191589691125686
"chr17:81889329:81889783:clu_14084:ENSG00000183684.7",0.00647794164171225,0.00304198071825642,0.0332117275664838
"chr17:82411530:82415398:clu_14185:ENSG00000181396.12",0.0113098792715965,0.00416566003466866,0.0066270376697718
"chr17:81824554:81825785:clu_14075:ENSG00000225663.7",0.00704522444987439,0.00358705599116207,0.0495221237353403
"chr17:82428645:82435689:clu_14190:ENSG00000169660.15",0.00189988392132116,0.00330690004817675,0.56561521247688
"chr17:81824554:81826380:clu_14075:ENSG00000225663.7",0.00140834321712664,0.00350375876684897,0.687719273800341
"chr17:82051964:82053274:clu_14123:ENSG00000169727.12",-0.000799904572863886,0.0031065695044572,0.796802026947736
"chr17:82327292:82333700:clu_14175:ENSG00000141574.7",-0.0114328607522663,0.00366592539395342,0.00181661031958902
"chr17:82251474:82252434:clu_14166:ENSG00000141551.14",0.000649129631664481,0.00472219856462394,0.890664493607134
"chr17:81824554:81833238:clu_14075:ENSG00000225663.7",-0.00414741460001419,0.0034723420133264,0.232315985802219
"chr17:81240439:81240987:clu_14014:ENSG00000224877.3",-0.00375695402829989,0.00383947698613287,0.327823769850419
"chr17:81110959:81115770:clu_13992:ENSG00000175866.15",-0.00632486900704777,0.00396028123199408,0.110248829248512
"chr17:40318448:40330857:clu_12316:ENSG00000131759.17",4.61865633922824e-05,0.0058640894389698,0.993715790793117
"chr17:39526316:39530631:clu_12242:ENSG00000167258.13",-0.00254280335246954,0.00378810876512226,0.502055338364969
"chr17:39717480:39723319:clu_12261:ENSG00000141736.13",0.0026924622476898,0.00423012782886751,0.52445275520745
"chr17:42538755:42539017:clu_12433:ENSG00000108784.9",-0.00239825518829209,0.00539213760553228,0.656486761239941
"chr17:42955224:42955842:clu_12503:ENSG00000266967.6",-0.00573174328950005,0.00468923834054693,0.221587164406725
"chr17:41913896:41918880:clu_12371:ENSG00000131473.16",0.00218086273246136,0.00547432855411711,0.690350135473749
"chr17:41913900:41918880:clu_12371:ENSG00000131473.16",-0.00172016173010997,0.00569624934225276,0.762666191359526
"chr17:42787899:42788130:clu_12486:ENSG00000126562.16",0.00968535013519829,0.00734224901166761,0.187127057598158
"chr17:42964237:42964402:clu_12507:ENSG00000267060.5",-0.00165628202898567,0.00697304787858617,0.812248544414984
"chr17:42787542:42787778:clu_12486:ENSG00000126562.16",0.000439084916967777,0.00628315876511543,0.944286919247452
"chr17:43159239:43159467:clu_12533:ENSG00000267002.2",-0.00182315438547182,0.00397367570851864,0.646372016652228
"chr17:41987910:41988732:clu_12381:ENSG00000168259.14",0.00208078395319126,0.00369097814032201,0.572925201276776
"chr17:42964237:42964402:clu_12507:ENSG00000266967.6",-0.00063359149428637,0.0070956484468004,0.928849084196498
"chr17:41987905:41988732:clu_12381:ENSG00000168259.14",-0.001443953973274,0.00370450227067445,0.696696623324342
"chr17:43201780:43203681:clu_12537:ENSG00000188554.13",0.0125251774098793,0.00563245412947603,0.0261651790271215
"chr17:42520623:42521027:clu_12431:ENSG00000033627.16",0.00554074137287426,0.00422612044812684,0.18983398431097
"chr17:43545668:43546185:clu_12554:ENSG00000175832.12",0.0070114224022351,0.00423760221554101,0.098011134955629
"chr17:42761899:42762597:clu_12482:ENSG00000131477.10",0.00153595371413993,0.00491620792690423,0.754716401403045
"chr17:54999451:54999632:clu_13020:ENSG00000166263.13",0.00598960934807812,0.0021618448388056,0.00559529540674653
"chr17:69179008:69182153:clu_13452:ENSG00000154263.17",0.000159988713636967,0.00315799441778398,0.959595260968687
"chr17:69175513:69178920:clu_13452:ENSG00000154263.17",0.00287846136487761,0.00292490137119931,0.325055265897289
"chr17:68883882:68884331:clu_13422:ENSG00000141338.13",-0.00739595223069593,0.00320463504522916,0.0210051329033454
"chr17:68976190:68982562:clu_13427:ENSG00000154258.16",-0.00541152726847267,0.00418149572235975,0.195609931856355
"chr17:65535721:65536320:clu_13340:ENSG00000168646.12",-0.00386545976233971,0.00387298241681792,0.318251400303188
"chr17:64534737:64536602:clu_13310:ENSG00000258890.6",0.00792424199859564,0.00424085361757896,0.0616856127340262
"chr17:65689218:65743068:clu_13346:ENSG00000154240.16",0.00388583490845132,0.00278210129129544,0.162495798658125
"chr17:64522895:64525770:clu_13306:ENSG00000258890.6",0.00420387261626773,0.00551144510568146,0.445610572122665
"chr17:66030023:66053736:clu_13348:ENSG00000154240.16",-0.00445251173110255,0.00349179855398194,0.202261748658119
"chr17:65101296:65110716:clu_13336:ENSG00000108370.16",-0.00203044672278834,0.00391704125897715,0.60420547633916
"chr17:54900923:54903708:clu_13012:ENSG00000141198.14",0.00543093407072292,0.00377682300057008,0.150444376951744
"chr17:81559416:81560562:clu_14040:ENSG00000182446.13",-0.002782059804575,0.00297462033758682,0.349651485564011
"chr17:81036961:81053668:clu_13986:ENSG00000175866.15",-0.00430164710797039,0.00337510442578385,0.202478243257198
"chr17:81666900:81667729:clu_14049:ENSG00000185298.12",0.00456093296416007,0.00349024948783039,0.191292818441465
"chr17:81559416:81565505:clu_14040:ENSG00000182446.13",0.00309713932228491,0.00253292607056962,0.221423543559719
"chr17:81667007:81667729:clu_14049:ENSG00000185298.12",-0.00348240769867935,0.00369704224754717,0.346221181835431
"chr17:81087246:81099928:clu_13990:ENSG00000175866.15",-0.00700027787354868,0.00315328803414671,0.0264192317934941
"chr17:81688827:81690182:clu_14055:ENSG00000185359.12",0.0120695289212284,0.00338149099320472,0.000357947214849497
"chr17:81237459:81238002:clu_14013:ENSG00000167302.10",-0.014311592146995,0.00336114423701843,2.06307868262368e-05
"chr17:81690234:81690674:clu_14055:ENSG00000185359.12",-0.00211037133306874,0.00321616352253435,0.511710485466631
"chr17:81889969:81890689:clu_14084:ENSG00000183684.7",0.00340745797209861,0.00315518860828699,0.280162747542126
"chr17:81682149:81682491:clu_14048:ENSG00000214087.8",-0.00185471206323221,0.00303404429882873,0.541000820102371
"chr17:80222847:80223252:clu_13950:ENSG00000181045.14",0.00346546186328419,0.00274890139430844,0.207427197499889
"chr17:80207054:80207597:clu_13944:ENSG00000181523.12",-0.00252473176132182,0.00323059750627701,0.434504871567221
"chr17:80227960:80236928:clu_13951:ENSG00000181045.14",-0.00149455638805427,0.0028731804170411,0.602941665358701
"chr17:80221794:80222655:clu_13950:ENSG00000181045.14",-0.00363648696317782,0.00287245500191272,0.205518201116247
"chr17:62479290:62481121:clu_13201:ENSG00000146872.17",0.0023908267264722,0.00472836106225603,0.613112627248735
"chr17:63632802:63646034:clu_13246:ENSG00000198909.7",0.0143895086428938,0.00528110599366362,0.00643570162311902
"chr17:62602180:62606130:clu_13207:ENSG00000146872.17",-0.0143920441972407,0.00498396933018575,0.003881104106223
"chr17:60684036:60689686:clu_13175:ENSG00000141376.22",0.00894460262886162,0.00564825664898912,0.113283830591896
"chr17:40023395:40026156:clu_12287:ENSG00000008838.19",-0.00280222505857542,0.0056300094618121,0.618674303846209
"chr17:40028011:40028826:clu_12289:ENSG00000008838.19",0.00320138284270905,0.00629358281096416,0.610980649524774
"chr17:39924225:39927484:clu_12279:ENSG00000172057.9",-0.000554888275006302,0.00427640254353083,0.896759588929818
"chr17:40818482:40818820:clu_12330:ENSG00000186395.7",-0.00444827744231862,0.00465068141425629,0.338830469958922
"chr17:40027946:40028826:clu_12289:ENSG00000008838.19",-0.00222347865431235,0.00611081728955539,0.715962961818553
"chr17:40016340:40016485:clu_12284:ENSG00000108342.12",-0.00590093539709393,0.00364037529050913,0.10502429298506
"chr17:39924220:39927484:clu_12279:ENSG00000172057.9",-0.00618522576177954,0.00366029220977135,0.0910628783871179
"chr17:40181486:40181616:clu_12309:ENSG00000108352.11",0.0020291482660066,0.00651007062849413,0.755273285396668
"chr17:64786724:64787112:clu_13323:ENSG00000214176.9",0.00336742920470238,0.00486964063062718,0.489242000929267
"chr17:64750008:64750594:clu_13318:ENSG00000266820.1",-0.000169330266998064,0.00470810570695696,0.971309717224758
"chr17:64516828:64519321:clu_13304:ENSG00000258890.6",0.00768501187021991,0.00433599729489027,0.0763323799765738
"chr17:64805100:64814863:clu_13324:ENSG00000214176.9",-0.0059565297980878,0.00247956150834232,0.0162945112956489
"chr17:64781039:64781395:clu_13321:ENSG00000214176.9",0.00339520510583451,0.00456415086910564,0.45694582061507
"chr17:64514358:64519321:clu_13304:ENSG00000258890.6",-0.00729008658981387,0.00405751694929247,0.0723853773640434
"chr17:57072498:57079287:clu_13050:ENSG00000263004.1",-0.00287277134486327,0.0031716279830497,0.365056623717039
"chr17:57085398:57105441:clu_13052:ENSG00000121057.12",-0.00603779785321111,0.00300641290647273,0.0446107573351329
"chr17:57627303:57652099:clu_13060:ENSG00000153944.10",-0.00395407978500111,0.00327802760794984,0.227725933456627
"chr17:57866544:57867623:clu_13066:ENSG00000180891.12",0.000321948040115352,0.00401819036555505,0.936139712556423
"chr17:57107178:57110025:clu_13053:ENSG00000121057.12",-0.00316082057017039,0.00277740493170917,0.255100373212639
"chr17:32171101:32172937:clu_12010:ENSG00000126858.16",-0.0124081506056965,0.00431702343533603,0.00405004293535671
"chr17:32335442:32337897:clu_12020:ENSG00000108666.9",-0.0136963244251982,0.00333503666599296,4.0118047134774e-05
"chr17:32208309:32211116:clu_12014:ENSG00000126858.16",-0.0198098730827327,0.00416022323399139,1.9193733273859e-06
"chr17:31983104:31988320:clu_12005:ENSG00000178691.10",0.00821254098693174,0.00374323158868087,0.0282375052972169
"chr17:68251178:68254404:clu_13402:ENSG00000196704.11",0.00912024816434055,0.00289479496920838,0.00162953363377027
"chr17:68555743:68600263:clu_13419:ENSG00000108950.11",0.00190218467780206,0.00362941600141405,0.600207503171839
"chr17:67944484:67945409:clu_13388:ENSG00000171634.16",0.000762098252565183,0.00332104433990832,0.81849937430678
"chr17:68251387:68254404:clu_13402:ENSG00000196704.11",-0.00828042650457936,0.00312921758418827,0.00814100610802238
"chr17:55414232:55421670:clu_13029:ENSG00000108960.7",-0.00213702989864421,0.00296918157327436,0.471686928075072
"chr17:55420533:55421670:clu_13029:ENSG00000108960.7",0.00110836844568785,0.00350161223160681,0.751599580603736
"chr17:75231074:75231340:clu_13563:ENSG00000125450.10",0.00605347129714736,0.00293996723478287,0.0394916722092156
"chr17:75662997:75665051:clu_13663:ENSG00000108469.14",-0.00248267030372403,0.00380327800527543,0.513903800520217
"chr17:75812288:75812455:clu_13692:ENSG00000132478.9",-0.00986769933681717,0.00334395688754375,0.00316844280133866
"chr17:75242911:75243447:clu_13572:ENSG00000125447.16",0.0136076898314753,0.00547841882849955,0.0129962599851686
"chr17:75243258:75243447:clu_13572:ENSG00000125447.16",-0.0026213127862935,0.00421992374053118,0.534484228225993
"chr17:75812360:75812455:clu_13692:ENSG00000132478.9",0.0104098082792822,0.00330668294459352,0.0016432871401717
"chr17:75741005:75742341:clu_13680:ENSG00000132470.13",-0.000183479641356704,0.00368304347526884,0.960267902579654
"chr17:75491852:75492474:clu_13590:ENSG00000177728.16",0.00782292907131575,0.00346168896331974,0.0238300012213299
"chr17:75704814:75706008:clu_13667:ENSG00000161526.14",-0.00359916119802571,0.00486963583393428,0.459844611887841
"chr17:75809969:75812112:clu_13691:ENSG00000132478.9",0.00522783631768983,0.0033615099611317,0.119897309228435
"chr17:75270245:75271144:clu_13581:ENSG00000125457.13",-0.00724954509542928,0.00362940187534019,0.0457764309346371
"chr17:75246796:75261548:clu_13574:ENSG00000125447.16",0.00507413121657248,0.00314526192992317,0.106687621701584
"chr17:75665172:75666428:clu_13663:ENSG00000108469.14",-0.000258512515257388,0.00383636322032039,0.946275380539042
"chr17:55000883:55007506:clu_13021:ENSG00000166263.13",-0.0103271541438885,0.00319637199813881,0.00123401664707645
"chr17:13017121:13017567:clu_11523:ENSG00000006744.18",0.000968597575599397,0.0031977145046572,0.761963723301066
"chr17:13017121:13017703:clu_11523:ENSG00000006744.18",0.00195680527253217,0.00302182740842161,0.517271563377976
"chr17:12756557:12760650:clu_11511:ENSG00000141052.17",-0.0107229017796129,0.00410236518199756,0.00895325132852332
"chr17:12994884:12994963:clu_11516:ENSG00000006744.18",0.00261415592693262,0.0025483882900219,0.304982310538762
"chr17:12994503:12994764:clu_11515:ENSG00000006744.18",0.00185091602995221,0.00310397451302493,0.550971382130208
"chr17:13000274:13002274:clu_11518:ENSG00000006744.18",-0.000383310548804263,0.00265872125326828,0.885365426364908
"chr17:13003574:13004989:clu_11520:ENSG00000006744.18",0.00144427054537392,0.00386878271524279,0.708914797376177
"chr17:13002359:13002446:clu_11518:ENSG00000006744.18",-0.00021594799872977,0.00305429297347645,0.943634049090031
"chr17:13002359:13002441:clu_11518:ENSG00000006744.18",-0.00195475495012778,0.00269474104649375,0.468208995677311
"chr17:57983393:57985254:clu_13073:ENSG00000136451.8",0.00707062851669511,0.00331748110811627,0.0330624241630987
"chr17:57675126:57676987:clu_13062:ENSG00000153944.10",-0.000695769935005968,0.00278794441349656,0.802924714873137
"chr17:58218729:58219151:clu_13085:ENSG00000011143.16",0.00634323521623624,0.0043604503307355,0.145746735527321
"chr17:57677059:57679549:clu_13062:ENSG00000153944.10",-0.00354397226504168,0.00313612864392916,0.258456487827248
"chr17:5380462:5381389:clu_11170:ENSG00000029725.16",0.0052179153729098,0.00273433660923332,0.0563533590405695
"chr17:6590630:6594972:clu_11206:ENSG00000198920.9",0.0045470369039483,0.00262274441381625,0.0829723476754409
"chr17:5378232:5380364:clu_11170:ENSG00000029725.16",-0.00674588746736615,0.0027569947775338,0.0144120257019935
"chr17:5532984:5533304:clu_11193:ENSG00000091592.15",0.00262581181455751,0.00271826490877878,0.3340500878315
"chr17:31024426:31031560:clu_11979:ENSG00000266865.6",0.00426248776407863,0.00562141014760095,0.448295635211831
"chr17:30709811:30743301:clu_11963:ENSG00000264538.6",0.0102459902083065,0.00413880915597885,0.013301662321871
"chr17:32341284:32341801:clu_12022:ENSG00000108666.9",-0.00149887873205796,0.00346271815474918,0.665115106347831
"chr17:30988106:30997242:clu_11975:ENSG00000181481.13",0.0106967803319253,0.00480011184240512,0.0258509231663954
"chr17:32203973:32206910:clu_12012:ENSG00000126858.16",0.00318852340511328,0.00354232328307191,0.368055286358898
"chr17:32209445:32224616:clu_12014:ENSG00000126858.16",0.00700257177829662,0.00362812472549263,0.0535968985374426
"chr17:31249119:31252938:clu_11987:ENSG00000196712.17",-0.0150892599675912,0.00496283746523734,0.00236224784593875
"chr17:30735097:30759491:clu_11963:ENSG00000264538.6",-0.0109095367127525,0.0044988896854405,0.0153109248772778
"chr17:32365487:32366665:clu_12024:ENSG00000010244.18",-0.00664964500076138,0.00531913230146582,0.211249443778827
"chr17:31008803:31021910:clu_11977:ENSG00000266865.6",-0.00658670696641203,0.00487574051512823,0.176722927529471
"chr17:32221186:32224616:clu_12014:ENSG00000126858.16",0.00440493453892024,0.00392621802247385,0.26189298881839
"chr17:31868112:31873378:clu_11996:ENSG00000108651.9",-0.00849810226032504,0.00383444789259645,0.0266742582035603
"chr17:32341284:32341863:clu_12022:ENSG00000108666.9",0.00574769897675389,0.00342690210168171,0.093497744941625
"chr17:32008132:32024711:clu_12006:ENSG00000185158.12",-0.000802782095408244,0.00356268314020891,0.82172197280614
"chr17:32208309:32253085:clu_12014:ENSG00000126858.16",0.00337538925625955,0.00515842870740013,0.512889906868205
"chr17:31865438:31866655:clu_11996:ENSG00000108651.9",-0.00640590560857798,0.00360340437958724,0.0754470453562415
"chr17:32931402:32931481:clu_12039:ENSG00000006042.11",-0.00131110251029877,0.00364024432762232,0.71872088892844
"chr17:31940486:31947617:clu_12003:ENSG00000178691.10",0.00982266735616357,0.00342617813365923,0.00414453852934615
"chr17:31947685:31966147:clu_12003:ENSG00000178691.10",-0.013311575146195,0.00377616217285748,0.000423227377422397
"chr17:30784892:30803828:clu_11965:ENSG00000264538.6",0.0103437749095718,0.00516073276015914,0.0450354811532317
"chr17:31895011:31899646:clu_12002:ENSG00000108651.9",-0.00568631466199585,0.00401154936602591,0.156340913999168
"chr17:32022825:32024711:clu_12006:ENSG00000185158.12",-0.00658220647564804,0.00398079844998026,0.0982313815876104
"chr17:30786031:30792440:clu_11967:ENSG00000176390.11",-0.0213753982855291,0.00495689367060127,1.61596610752657e-05
"chr17:30792572:30793450:clu_11967:ENSG00000176390.11",0.0252524681199009,0.00499847499343447,4.37128714891877e-07
"chr17:30732123:30743301:clu_11963:ENSG00000264538.6",0.00578072993237954,0.00326500100150232,0.0766415568618344
"chr17:30709811:30734897:clu_11963:ENSG00000264538.6",-0.00606087643207006,0.0052019117488669,0.24396847599368
"chr17:32008132:32020697:clu_12006:ENSG00000185158.12",0.00503033014697343,0.00346510606694259,0.146582175838413
"chr17:30997331:30998662:clu_11976:ENSG00000181481.13",-0.0170011107582926,0.00571015367745708,0.00290754420282358
"chr17:65558736:65559954:clu_13344:ENSG00000168646.12",-0.00338094208637003,0.0042926143359238,0.430919941680928
"chr17:66788979:66803873:clu_13358:ENSG00000154229.11",-0.00525968965219216,0.00444365480907155,0.236555414438774
"chr17:39738133:39742252:clu_12267:ENSG00000141738.13",-0.00503964958341332,0.00387077824010096,0.192925542688763
"chr17:40482416:40483899:clu_12324:ENSG00000131746.12",0.0073050219910149,0.00962263926450492,0.447763118392478
"chr17:39629230:39633883:clu_12245:ENSG00000131771.13",0.000780740418286427,0.00655261277643197,0.905156928932374
"chr17:40178381:40181616:clu_12309:ENSG00000108352.11",0.00697832673354597,0.00468205438529294,0.136108267604551
"chr17:40256522:40260535:clu_12315:ENSG00000171475.13",0.00202526177266718,0.00511793075613979,0.692312433657903
"chr17:40020350:40020528:clu_12286:ENSG00000008838.19",-0.00156442622286516,0.00363978568858884,0.667331872079352
"chr17:39658522:39658709:clu_12250:ENSG00000131748.15",-0.00170427304159021,0.0040945127124751,0.677239204784968
"chr17:41516286:41516808:clu_12339:ENSG00000171346.15",0.00571055948092053,0.00748480063233629,0.445490758203591
"chr17:41516262:41516808:clu_12339:ENSG00000171346.15",0.0050801347700449,0.0107477821879707,0.636449923423671
"chr17:39661085:39662804:clu_12253:ENSG00000131748.15",0.00287871843942874,0.00444210154993723,0.51695049607845
"chr17:40141607:40161753:clu_12303:ENSG00000108349.16",0.0161459416131768,0.0053298858578648,0.00245103119229362
"chr17:69089542:69091143:clu_13439:ENSG00000154262.12",0.00142388203252707,0.00399752135498723,0.721697362245648
"chr17:69251866:69253573:clu_13460:ENSG00000154265.15",0.0117306984548779,0.00424592897860942,0.00573059732507464
"chr17:69250621:69251747:clu_13460:ENSG00000154265.15",-0.00959301828571634,0.00458568317125999,0.0364430203564164
"chr17:12993831:12994425:clu_11514:ENSG00000006744.18",0.000626668011337258,0.0024816353656514,0.800637460231975
"chr17:12929046:12941056:clu_11512:ENSG00000006740.16",0.00348601770003359,0.00319955322606026,0.275919065605369
"chr17:12993831:12994412:clu_11514:ENSG00000006744.18",0.0029723271553277,0.00266326954080168,0.264403113884171
"chr17:35137193:35137543:clu_12059:ENSG00000073536.17",-0.00340518742971331,0.00315250011844442,0.280073352016618
"chr17:35106481:35118501:clu_12056:ENSG00000185379.20",-0.00416988340530788,0.00352230473493259,0.236472114612041
"chr17:35016580:35017523:clu_12045:ENSG00000092871.16",0.00471759053529435,0.00380493315812664,0.215026587045496
"chr17:35137640:35137814:clu_12059:ENSG00000073536.17",0.00272005787792734,0.00305683498230006,0.373558158137204
"chr17:35016580:35017523:clu_12045:ENSG00000185379.20",0.00471759053529435,0.00380493315812664,0.215026587045496
"chr17:28675485:28676065:clu_11858:ENSG00000109111.14",0.00437347985433486,0.00480582922627342,0.362803277812489
"chr17:28357881:28358916:clu_11823:ENSG00000244045.12",0.00406872532194735,0.00527918736882962,0.440878526028213
"chr17:28358989:28359315:clu_11823:ENSG00000244045.12",-0.00395118567288868,0.00430745059580965,0.358990171215132
"chr17:16006568:16008978:clu_11550:ENSG00000011295.15",0.000800539131398735,0.00410399854353972,0.845343463150402
"chr17:15503232:15540433:clu_11534:ENSG00000175106.16",0.00170519513289541,0.00297521357503839,0.566554178149129
"chr17:16326905:16342573:clu_11569:ENSG00000108474.16",0.0133783949590114,0.00394471110836783,0.00069517128525276
"chr17:16101757:16108786:clu_11558:ENSG00000141027.20",-0.000444905552558318,0.0048215090623461,0.926479418265009
"chr17:15438200:15440208:clu_11534:ENSG00000175106.16",-0.00331363820692135,0.00352458697602292,0.347140950454991
"chr17:15503232:15540433:clu_11534:ENSG00000239704.10",0.00152185025329563,0.00303309306554819,0.615844360777132
"chr17:15438200:15440208:clu_11534:ENSG00000239704.10",-0.00374174711819672,0.00352324958172392,0.288228461546877
"chr17:15981144:15986800:clu_11546:ENSG00000214941.7",0.00629781493462377,0.00523691809095769,0.229138744858677
"chr17:50547285:50548283:clu_12953:ENSG00000006282.20",-0.00133087414153739,0.00347882310081978,0.702042713009061
"chr17:50537118:50538079:clu_12947:ENSG00000049283.17",0.00235017716230529,0.00374562254094051,0.530366698510432
"chr17:50479762:50479880:clu_12933:ENSG00000136444.9",-0.00484422224708789,0.00344560317112585,0.15974961957141
"chr17:51201696:51202701:clu_13001:ENSG00000011258.15",0.00267665588716276,0.0056009049157667,0.632723487431783
"chr17:51201696:51202022:clu_13001:ENSG00000011258.15",-0.00321740975003803,0.00413145072062459,0.436120935286398
"chr17:64892600:64898362:clu_13329:ENSG00000176809.10",0.000498954928658338,0.00373477699929228,0.893721272269491
"chr17:64521543:64522702:clu_13306:ENSG00000258890.6",-0.00310730265521845,0.00513205806107221,0.544867339665023
"chr17:64972927:64975560:clu_13334:ENSG00000214174.8",-0.00578311881379851,0.00465926451342886,0.214528727993172
"chr17:50668517:50668853:clu_12966:ENSG00000108846.15",-0.00632203472055035,0.00322929623265564,0.0502637169424131
"chr17:51161272:51161728:clu_12996:ENSG00000243678.11",0.000580506343393809,0.00400077013732111,0.884632984645731
"chr17:50356773:50358207:clu_12922:ENSG00000015532.9",-0.00546979324743591,0.00378076576793263,0.147969150695201
"chr17:50668919:50669140:clu_12966:ENSG00000108846.15",0.00541566552505532,0.00333718758329673,0.104627198876298
"chr17:50541333:50541464:clu_12951:ENSG00000049283.17",-0.000197868147242806,0.00393961904476306,0.959942931653436
"chr17:35313706:35321735:clu_12062:ENSG00000267364.1",-0.00227917249863048,0.00402175275793062,0.570910382007279
"chr17:68401450:68420189:clu_13405:ENSG00000141337.12",0.00645844228944733,0.00314421457093471,0.0399687489294309
"chr17:69105628:69106028:clu_13440:ENSG00000154262.12",0.00115100027652839,0.00457103351736163,0.801193283610073
"chr17:69314430:69325699:clu_13473:ENSG00000154265.15",0.00617606968412921,0.0033453391814371,0.0648673151237784
"chr17:68401450:68420189:clu_13405:ENSG00000267009.6",0.00950706064135001,0.00331901135639988,0.00417766462234925
"chr17:35432257:35432905:clu_12067:ENSG00000172123.12",-0.00464602698380532,0.00458977911027848,0.311416131282546
"chr17:10719580:10723270:clu_11489:ENSG00000187824.8",0.00475294892582603,0.00328721751323254,0.14820856958196
"chr17:38802861:38806297:clu_12209:ENSG00000273559.4",-4.84898341175928e-05,0.00329473906133541,0.988257676059552
"chr17:38770539:38771014:clu_12204:ENSG00000276293.4",0.0192249820487287,0.00444070657318672,1.49609884786406e-05
"chr17:39629562:39629972:clu_12245:ENSG00000131771.13",-0.0141755075044478,0.00698875586541309,0.042526516055779
"chr17:38809765:38810468:clu_12210:ENSG00000273559.4",-0.0303292805015818,0.00605897879491289,5.56665251894017e-07
"chr17:39745538:39745728:clu_12273:ENSG00000141738.13",0.00750023650236842,0.00441041037870336,0.0890226995352916
"chr17:38806395:38806765:clu_12209:ENSG00000273559.4",-0.00172023796948715,0.00331638841511021,0.60396422066045
"chr17:38684876:38706054:clu_12188:ENSG00000275532.1",-0.0127114148312599,0.00373261787032096,0.000660440066762247
"chr17:56985467:56987695:clu_13045:ENSG00000121064.12",0.0113078467897481,0.00331856469782586,0.000655726670223511
"chr17:14102242:14159877:clu_11527:ENSG00000006695.10",0.000209265824561783,0.00236247354055298,0.929416403573001
"chr17:76090171:76090329:clu_13758:ENSG00000182473.21",0.00655311746920092,0.00352516573849742,0.0630337988736692
"chr17:76741064:76741969:clu_13805:ENSG00000092931.11",0.00342804306472276,0.0028073021276146,0.222041897570533
"chr17:75957566:75978534:clu_13734:ENSG00000161533.11",0.0027606700768908,0.00431321229644734,0.522140312748993
"chr17:75978693:75978965:clu_13735:ENSG00000161533.11",-0.000626509035670385,0.00365227881464366,0.863799799385767
"chr17:76348581:76353534:clu_13767:ENSG00000161542.16",-0.00973359013293416,0.00399480238528502,0.0148275611994002
"chr17:76530021:76530979:clu_13780:ENSG00000161544.9",0.00182052551137436,0.00310976482642695,0.558263833719719
"chr17:76542633:76543029:clu_13779:ENSG00000214140.10",-0.00422622635998848,0.00302586405636644,0.162503602132379
"chr17:65534079:65535626:clu_13340:ENSG00000168646.12",0.000755262664859965,0.00398570558532504,0.849706567455777
"chr17:65549660:65557806:clu_13343:ENSG00000168646.12",-0.00536295332352636,0.00447494390885774,0.230745633755243
"chr17:12054991:12081356:clu_11505:ENSG00000065559.14",0.00536311408486054,0.0031057030528394,0.0841928264102367
"chr17:12081530:12095575:clu_11505:ENSG00000065559.14",0.00177401977560129,0.00303489935126484,0.55885712629408
"chr17:12974310:12980058:clu_11513:ENSG00000006740.16",0.00429213250477313,0.00276043169729262,0.119975301466019
"chr17:12958897:12974089:clu_11513:ENSG00000006740.16",0.00863551306562034,0.00341522085375644,0.0114538939073934
"chr17:2998376:3005369:clu_10953:ENSG00000132359.14",-0.00440565699678098,0.00286032769414894,0.123496251868795
"chr17:4143763:4149891:clu_11026:ENSG00000167740.9",-1.52756147075884e-05,0.00312507046078945,0.996099886786902
"chr17:3650261:3651424:clu_10968:ENSG00000262903.1",-0.0052807788625856,0.00272263996647943,0.0524307160569628
"chr17:4182352:4183398:clu_11034:ENSG00000185722.16",0.0030050173850871,0.00359102982345584,0.40269816713158
"chr17:3953710:3964174:clu_11010:ENSG00000074370.17",-0.00257531272394554,0.00365785683505121,0.481401871392213
"chr17:3592383:3608427:clu_10962:ENSG00000197417.7",0.00299888215642125,0.00214176360748423,0.161455567037975
"chr17:3928780:3929216:clu_11006:ENSG00000074370.17",0.00321516010700544,0.00377561547327002,0.394458790494844
"chr17:3615537:3621237:clu_10962:ENSG00000197417.7",-0.00511992645397024,0.00238097672049917,0.0315277671325856
"chr17:3951685:3953347:clu_11010:ENSG00000074370.17",0.000723573476079905,0.00286100946422399,0.800338957647336
"chr17:3005440:3005955:clu_10953:ENSG00000132359.14",0.00593785523285344,0.00326975007627771,0.0693708837638298
"chr17:4144005:4149891:clu_11026:ENSG00000167740.9",0.00944828201775051,0.00320163916974288,0.00316668506547446
"chr17:3928780:3929328:clu_11006:ENSG00000074370.17",-0.000656341688911784,0.00351701656131226,0.851959463306892
"chr17:41835957:41836182:clu_12366:ENSG00000141698.16",-0.00314219756936476,0.00531270357068662,0.554219068002558
"chr17:40166861:40167371:clu_12306:ENSG00000108349.16",-0.00202681624445264,0.00461991815584814,0.660869805742253
"chr17:40166861:40167498:clu_12306:ENSG00000108349.16",0.00257515256574175,0.00445805225275917,0.563506701186148
"chr17:40033456:40034916:clu_12292:ENSG00000008838.19",0.000486178635273418,0.00589881534125403,0.934312965011885
"chr17:21178342:21183594:clu_11775:ENSG00000109016.17",-0.00652489426306318,0.00518159570693574,0.207942146541593
"chr17:21172196:21178233:clu_11775:ENSG00000109016.17",0.00415229969160325,0.00516960445915971,0.421850941454487
"chr17:19795725:19796095:clu_11747:ENSG00000083290.19",0.00443455543126319,0.00481709675581608,0.357266224207459
"chr17:49622876:49675895:clu_12882:ENSG00000121067.17",0.000662683349081976,0.00319331823561169,0.835602320165943
"chr17:28576020:28576801:clu_11838:ENSG00000109107.13",-0.0139146672713764,0.00379041110032193,0.000241586350022582
"chr17:28575544:28576801:clu_11838:ENSG00000109107.13",0.00731830882151397,0.0034640590139395,0.0346316124611017
"chr17:28725563:28725904:clu_11874:ENSG00000160606.10",0.00710961261700158,0.00357594090544001,0.0467918347082164
"chr17:28704616:28704708:clu_11868:ENSG00000167525.13",-0.00962717775297525,0.00336170322632341,0.0041861892819326
"chr17:28385466:28388174:clu_11826:ENSG00000004139.13",0.002674801482647,0.0051097994382562,0.60065065769292
"chr17:28759764:28766586:clu_11884:ENSG00000173065.13",-0.00242882718506346,0.00539177899697081,0.65237258381825
"chr17:27301956:27303367:clu_11788:ENSG00000109046.14",0.000486545305052911,0.00487368817063879,0.920478473524127
"chr17:28043331:28122603:clu_11808:ENSG00000087095.12",0.00441781589605284,0.00453640549864631,0.330126928588285
"chr17:28698030:28699205:clu_11866:ENSG00000109111.14",0.0182946169151275,0.00598616171053814,0.00224197963626893
"chr17:28889026:28896978:clu_11894:ENSG00000132589.15",-0.00991426615137226,0.00490747495658188,0.0433587326023116
"chr17:27550708:27577492:clu_11792:ENSG00000141068.13",0.00501506211510128,0.00442914729658104,0.257514153375841
"chr17:28704435:28704708:clu_11868:ENSG00000167525.13",0.00923447621855368,0.00353791303673869,0.00905030897602044
"chr17:28759876:28766586:clu_11884:ENSG00000173065.13",-0.00165093028056237,0.00527269776672075,0.754197685147849
"chr17:28580120:28583511:clu_11840:ENSG00000076382.16",0.00255112490480561,0.00638484318208124,0.689480973418703
"chr17:32209445:32211116:clu_12014:ENSG00000126858.16",-0.00108115470658191,0.00373101104991069,0.771988173898507
"chr17:32035639:32047761:clu_12008:ENSG00000185158.12",-0.011275157751014,0.00569999251984473,0.0479173761741006
"chr17:32024782:32027769:clu_12007:ENSG00000185158.12",0.00971477032595177,0.00459734138164023,0.034589822528817
"chr17:32027840:32030656:clu_12007:ENSG00000185158.12",-0.0126513099290977,0.00361193757742408,0.000460675023924995
"chr17:32360967:32361468:clu_12023:ENSG00000010244.18",0.012379480351029,0.00420956975143181,0.00327371444541535
"chr17:31880754:31885980:clu_11999:ENSG00000108651.9",0.0034297577132819,0.00474189437946321,0.469502651343144
"chr17:172616:181107:clu_10776:ENSG00000272636.3",0.0110604554379158,0.00415235163644193,0.00772955063926728
"chr17:733181:737846:clu_10799:ENSG00000167695.14",0.00146579867384546,0.00231628977637786,0.526850016747807
"chr17:149192:156220:clu_10773:ENSG00000272636.3",0.00744305707143716,0.00404858011876182,0.0659981250823265
"chr17:69156923:69164074:clu_13451:ENSG00000154263.17",-0.0130291744306384,0.00381540219574946,0.000638080429447463
"chr17:68452992:68457342:clu_13411:ENSG00000070540.12",-0.0026309404017479,0.00271971576861546,0.333364805292102
"chr17:69271289:69273943:clu_13464:ENSG00000154265.15",0.00669267377962644,0.00429124968730655,0.118852190124456
"chr17:69271289:69273959:clu_13464:ENSG00000154265.15",-0.00450013124302157,0.00431789930098268,0.297317181947377
"chr17:69250621:69253573:clu_13460:ENSG00000154265.15",-0.0193148809780569,0.00865431233450453,0.0256267578487265
"chr17:69284072:69285388:clu_13465:ENSG00000154265.15",0.0110957923641682,0.0035710058518865,0.00188875197364835
"chr17:68530001:68530277:clu_13414:ENSG00000108946.14",-0.000925752254048099,0.00357520641635119,0.795684058898687
"chr17:68530001:68551084:clu_13414:ENSG00000108946.14",0.000190044714609693,0.0035394539900859,0.957179577275194
"chr17:12129287:12139839:clu_11507:ENSG00000065559.14",0.00219154578598951,0.00261274952048197,0.401587675455728
"chr17:81083909:81084832:clu_13988:ENSG00000175866.15",-0.0105552321016867,0.00395205430819876,0.00756658445462166
"chr17:81888409:81888520:clu_14082:ENSG00000183684.7",-0.00547062376981492,0.00315438575126624,0.0828664101011387
"chr17:81888418:81888520:clu_14082:ENSG00000183684.7",0.00508802377643853,0.00314842635638107,0.10608286035469
"chr17:81239943:81240987:clu_14014:ENSG00000224877.3",-0.000211097665445919,0.00202399857092119,0.916933389427702
"chr17:80249287:80251173:clu_13954:ENSG00000181045.14",0.000762071871246657,0.00281654608662889,0.786722045970664
"chr17:81200446:81202240:clu_14007:ENSG00000141577.13",-0.00158954497778321,0.00333775413299403,0.633909178591586
"chr17:81053739:81057881:clu_13987:ENSG00000175866.15",-0.00173406096758044,0.0033690001996224,0.606755088089215
"chr17:82019909:82022639:clu_14108:ENSG00000169689.14",-0.0031631232423848,0.00403381468553662,0.432951015167248
"chr17:81608822:81610210:clu_14045:ENSG00000182446.13",0.000262928771194481,0.00275310658554506,0.92391564418363
"chr17:81239678:81240987:clu_14014:ENSG00000224877.3",-0.00175710385062486,0.0021268379073647,0.408714550181149
"chr17:80421962:80422206:clu_13975:ENSG00000173818.16",0.00384396187774161,0.00227032038760705,0.0904295247334637
"chr17:81545882:81546401:clu_14038:ENSG00000185504.16",0.00883615932661783,0.00368220306255891,0.016408797787125
"chr17:81552052:81552166:clu_14039:ENSG00000185504.16",0.00811679415363615,0.00305070908613653,0.0077995672242267
"chr17:81567533:81569016:clu_14042:ENSG00000182446.13",-0.00514595937067278,0.00332496446970522,0.121700927404691
"chr17:80415821:80421828:clu_13975:ENSG00000173818.16",-0.00482408171459782,0.00215550857792608,0.0252194360833783
"chr17:81667862:81670225:clu_14050:ENSG00000185298.12",-0.0167862345236426,0.00379372786764225,9.65614423520389e-06
"chr17:81977748:81983554:clu_14100:ENSG00000169696.15",-0.00899056006961504,0.00326599133325387,0.00590913452574204
"chr17:81246673:81246885:clu_14015:ENSG00000157637.12",-0.00131390272767956,0.00306559859088383,0.668217391379599
"chr17:80417945:80418442:clu_13975:ENSG00000173818.16",0.00578728606172759,0.00283472878239213,0.0411945951791617
"chr17:81572088:81588944:clu_14043:ENSG00000182446.13",-0.00280669887837245,0.00327699017953856,0.391728563353539
"chr17:1484303:1492413:clu_10832:ENSG00000197879.14",0.0140117487907574,0.00324399943856934,1.56537563091863e-05
"chr17:805247:819439:clu_10803:ENSG00000167693.16",0.00153262377011735,0.0022039523076636,0.486805986562397
"chr17:521738:525872:clu_10792:ENSG00000141252.19",-0.00726277122961988,0.00245625585625015,0.00310802925455234
"chr17:1423650:1436790:clu_10825:ENSG00000167193.7",-0.00192488841245587,0.00272248041001814,0.479544847316095
"chr17:770224:770421:clu_10798:ENSG00000167699.13",-0.00396115386641516,0.00342573285612608,0.24756097908783
"chr17:586364:601795:clu_10793:ENSG00000141252.19",-0.00185969597216465,0.00247826432850913,0.453012271197751
"chr17:521738:532842:clu_10792:ENSG00000141252.19",0.00650787338968403,0.00245462994922942,0.00801910004888251
"chr17:1423650:1436620:clu_10825:ENSG00000167193.7",0.00284393280193781,0.00280099384129787,0.309948595278325
"chr17:770157:770421:clu_10798:ENSG00000167699.13",0.00561137311231583,0.00321314188750338,0.0807445979512105
"chr17:803806:805068:clu_10803:ENSG00000167693.16",0.00420859259326298,0.00229867569851632,0.0671188958007782
"chr17:738047:740505:clu_10799:ENSG00000167695.14",-0.0090804959919821,0.00252623667465446,0.000325045650923395
"chr17:3652589:3653470:clu_10968:ENSG00000262903.1",0.00229022020752642,0.00325409701242209,0.481559873606705
"chr17:3897879:3898009:clu_10997:ENSG00000108405.3",-0.000178585236253138,0.00259023724979874,0.945032990466675
"chr17:3577763:3580457:clu_10960:ENSG00000196689.11",0.000327562768186805,0.0025834345957459,0.899103823990358
"chr17:2372786:2372953:clu_10921:ENSG00000141258.12",-0.00501685142599511,0.00316561901519682,0.113013332432743
"chr17:3573955:3577126:clu_10960:ENSG00000196689.11",-0.00350903760716541,0.00253216926109513,0.165813115536748
"chr17:3898110:3898484:clu_10997:ENSG00000108405.3",-0.000520668374746981,0.00257322604940519,0.839650379502183
"chr17:2477885:2502204:clu_10933:ENSG00000127804.12",0.00445495410925691,0.00291960731752984,0.127041143432368
"chr17:3720402:3723688:clu_10983:ENSG00000083457.11",0.000130595874908583,0.00332318243274413,0.968652452883992
"chr17:2367405:2371262:clu_10917:ENSG00000141258.12",-0.00703975898870789,0.00327494956017439,0.0315886231446433
"chr17:41689941:41690088:clu_12348:ENSG00000173812.10",-0.00405739799137705,0.00507017091541957,0.423566683787423
"chr17:40169662:40170447:clu_12308:ENSG00000108349.16",4.58760550795198e-05,0.00426933786232506,0.991426517919096
"chr17:41808004:41809706:clu_12354:ENSG00000141696.12",0.00765633969196242,0.00390553676094877,0.0499512859561518
"chr17:40477729:40478307:clu_12321:ENSG00000131746.12",-0.00537009840636075,0.00398950788851374,0.178284669315143
"chr17:40490021:40495987:clu_12325:ENSG00000131746.12",0.0170478100888757,0.00652719176536046,0.00900632690473968
"chr17:40928607:40929940:clu_12335:ENSG00000108244.16",0.0176383153434213,0.00645254387780193,0.00626566703478926
"chr17:40188978:40189208:clu_12312:ENSG00000108352.11",0.00169135203028484,0.00455071328349104,0.710140458094112
"chr17:41835682:41835859:clu_12365:ENSG00000141698.16",-0.00636403149303469,0.00345465948344154,0.0654519196783364
"chr17:49622876:49668027:clu_12882:ENSG00000121067.17",-0.00488739837428981,0.00312052917045192,0.117299883711161
"chr17:50617929:50618048:clu_12961:ENSG00000006283.17",0.00247263217463184,0.00393310702017788,0.529564159347693
"chr17:50656827:50657046:clu_12962:ENSG00000108846.15",0.00240443184932583,0.00304932681664137,0.430397078493861
"chr17:50678219:50679798:clu_12971:ENSG00000108846.15",-0.00044706789374503,0.00204889986764705,0.827274067419564
"chr17:49809208:49811476:clu_12887:ENSG00000136504.11",0.0089209129314046,0.00329304268101723,0.00674826146702312
"chr17:50463552:50463818:clu_12929:ENSG00000167107.12",-0.00206531724154759,0.00405275960143282,0.61032637282938
"chr17:50463552:50464218:clu_12929:ENSG00000167107.12",0.000590629851507311,0.00516310154585304,0.908925160987367
"chr17:49805445:49809119:clu_12887:ENSG00000136504.11",0.0161869299438601,0.00305646150467461,1.18385954706035e-07
"chr17:50617929:50618097:clu_12961:ENSG00000006283.17",-0.00336771813432584,0.00402188772695068,0.402397196780417
"chr17:50678219:50679356:clu_12971:ENSG00000108846.15",0.000952065100066094,0.00224669057459055,0.671738417064071
"chr17:62627920:62664548:clu_13209:ENSG00000011028.13",-0.00737829346515242,0.00461540255750752,0.109904165662664
"chr17:63544119:63544249:clu_13238:ENSG00000173826.14",-0.000170974594196022,0.00551475116086948,0.975267036692814
"chr17:15540561:15545785:clu_11534:ENSG00000239704.10",-0.00683851295870753,0.00339028774064507,0.0436862001924889
"chr17:16317221:16317775:clu_11567:ENSG00000108474.16",-0.00511380874067255,0.00399229253659349,0.200221645280376
"chr17:15540561:15545785:clu_11534:ENSG00000175106.16",-0.00634636369677324,0.00340791915168266,0.062569254667989
"chr17:7851796:7851951:clu_11366:ENSG00000132510.10",0.00883122281861276,0.00359226412057283,0.01395575607134
"chr17:7851549:7851648:clu_11366:ENSG00000132510.10",-0.00609550737248476,0.00370739466396446,0.100145531984281
"chr17:21021226:21042665:clu_11772:ENSG00000124422.11",-0.00948916256382591,0.00582186728777771,0.103118963952432
"chr17:39743470:39744070:clu_12270:ENSG00000141738.13",-0.00319126157778409,0.00504569828556142,0.527078668557138
"chr17:39693325:39694988:clu_12256:ENSG00000141736.13",0.00124581595218761,0.00488318252193229,0.798627502896633
"chr17:40923083:40924472:clu_12333:ENSG00000108244.16",-0.000598856857408434,0.00503797890217379,0.90537955979984
"chr17:39693325:39694681:clu_12256:ENSG00000141736.13",-0.00268992487228792,0.00444983791548289,0.545511589990219
"chr17:17817457:17817696:clu_11630:ENSG00000072310.16",-0.0234052376692756,0.00764373384126991,0.00219851475054433
"chr17:19360388:19362507:clu_11721:ENSG00000108641.14",0.000650056675142155,0.00501412211302075,0.89684717040071
"chr17:18248908:18249127:clu_11675:ENSG00000177731.15",0.00441313416646501,0.00534021196737377,0.408579029030406
"chr17:18093968:18098270:clu_11651:ENSG00000108591.9",0.00575220957533918,0.00404160209286551,0.154663739052386
"chr17:17879743:17882705:clu_11637:ENSG00000175662.17",0.0116688835125138,0.00440031525964657,0.00800570810335977
"chr17:17884768:17893661:clu_11637:ENSG00000175662.17",-0.00988066058344581,0.00518490255152057,0.0566943524982061
"chr17:18093973:18098270:clu_11651:ENSG00000108591.9",-0.00673978093313646,0.00402336167652785,0.0939025319492237
"chr17:7579726:7579891:clu_11343:ENSG00000129226.13",-0.00297810276593974,0.00363503506254993,0.412628055317859
"chr17:7923179:7923456:clu_11383:ENSG00000170049.9",0.00875883994717107,0.00318282184751792,0.00592487630510552
"chr17:7405610:7407615:clu_11319:ENSG00000169992.9",-0.00499796924284612,0.00374794853373116,0.182360786665216
"chr17:7383320:7383425:clu_11305:ENSG00000174292.12",-0.0127208141161899,0.0029684382851581,1.82446986950469e-05
"chr17:7925183:7925683:clu_11385:ENSG00000170049.9",0.00946892649278513,0.00292898118274675,0.00122566339836516
"chr17:7075885:7075985:clu_11240:ENSG00000132514.13",0.0104416793051522,0.0025498607195326,4.22168631744047e-05
"chr17:7900033:7900290:clu_11375:ENSG00000170004.16",0.0142594158539275,0.00378076972085141,0.000162227384567948
"chr17:7582160:7582900:clu_11336:ENSG00000233223.2",0.00109982932931461,0.00273727077066464,0.687832853296892
"chr17:7224069:7224321:clu_11254:ENSG00000072778.19",0.00192408625142462,0.00509036414341805,0.705441013118679
"chr17:35107447:35118501:clu_12056:ENSG00000185379.20",-0.00334407439889,0.00322931007814353,0.300417570706664
"chr17:18519674:18523777:clu_11695:ENSG00000273018.5",0.004573220702098,0.0055216195852994,0.407535159211611
"chr17:18583523:18587666:clu_11696:ENSG00000154874.15",0.0115442352623591,0.00443903423253143,0.00930558304882856
"chr17:17820521:17836727:clu_11633:ENSG00000072310.16",0.00473479492442226,0.00500931024803768,0.344557301388036
"chr17:19343857:19347269:clu_11719:ENSG00000108641.14",-0.000348882216274185,0.00459466265064705,0.939473147482337
"chr17:18028377:18028615:clu_11643:ENSG00000171953.15",-0.00231747527103505,0.00426673723399486,0.587027022511157
"chr17:18026416:18028232:clu_11643:ENSG00000171953.15",-1.82217987039226e-05,0.00426488998483189,0.996591038063186
"chr17:19663499:19671721:clu_11741:ENSG00000072210.18",0.0132601043155878,0.00569539046305676,0.0199005893598905
"chr17:18159679:18159935:clu_11658:ENSG00000091536.16",0.00205898474086668,0.00510059423237158,0.686451384966096
"chr17:19378542:19378896:clu_11722:ENSG00000166484.19",0.00614782211845647,0.00516294241104808,0.233748058345793
"chr17:17994111:17994299:clu_11644:ENSG00000171962.17",0.0116227405783767,0.00389758903060906,0.002863407798397
"chr17:1083627:1091665:clu_10819:ENSG00000159842.14",-0.00808247456589294,0.00241503109996603,0.000817686717704214
"chr17:1744850:1744992:clu_10871:ENSG00000167711.13",-0.00177107335312487,0.00324913580330126,0.585691214020015
"chr17:1679799:1680726:clu_10861:ENSG00000174231.16",-0.00215249473416947,0.00297098973779735,0.46875621016517
"chr17:1784461:1786810:clu_10881:ENSG00000186532.11",-0.00509902223368849,0.00278507262464156,0.0671244350165822
"chr17:1784461:1784555:clu_10881:ENSG00000186532.11",0.00605925015477586,0.00309819339069981,0.050496192883029
"chr17:1079390:1083520:clu_10819:ENSG00000159842.14",0.00466108178113034,0.00232434381487402,0.044927531522766
"chr17:1472024:1472123:clu_10829:ENSG00000197879.14",0.000225638602044503,0.00278489368496629,0.935424186434272
"chr17:3873462:3876223:clu_10994:ENSG00000004660.14",0.00801006141474089,0.00400542139257781,0.0455213329277118
"chr17:3656916:3657627:clu_10970:ENSG00000262903.1",0.0031019560123492,0.00265636746858159,0.24291021914046
"chr17:3656921:3657627:clu_10970:ENSG00000262903.1",-0.00244911538078835,0.00272681861595704,0.369101042360374
"chr17:4022828:4032126:clu_11016:ENSG00000074755.14",0.00439888412354239,0.00316237377896044,0.164223298293936
"chr17:3869888:3872554:clu_10993:ENSG00000004660.14",-0.000769231959688687,0.0028713219087128,0.78877500143333
"chr17:3925441:3928240:clu_11005:ENSG00000074370.17",-0.00313994197448958,0.00332227277280454,0.344598302375492
"chr17:4105809:4109653:clu_11025:ENSG00000074755.14",0.0031547967265846,0.00409484739880313,0.441044364522603
"chr17:4595327:4596860:clu_11056:ENSG00000188176.11",0.00241558310505811,0.00269974945968784,0.37092425415917
"chr17:73232489:73233220:clu_13497:ENSG00000141219.15",0.00392469472452632,0.00256062220991717,0.125346991357953
"chr17:7605738:7606097:clu_11350:ENSG00000129245.11",0.00463818968968575,0.00361621763369884,0.199629443772286
"chr17:7586777:7587161:clu_11345:ENSG00000129255.15",-0.00738255952373577,0.00376109158355908,0.0496604876759987
"chr17:8230651:8231726:clu_11424:ENSG00000178971.13",0.0212659106508688,0.0034685863444724,8.73271788215391e-10
"chr17:7252337:7252426:clu_11272:ENSG00000170291.14",-0.00621583270442324,0.00258499081763583,0.0161907966094329
"chr17:8175875:8175959:clu_11419:ENSG00000179029.14",-0.0161044577917499,0.00348264090538206,3.76031422888445e-06
"chr17:7392952:7393467:clu_11312:ENSG00000187838.16",0.00697102887587334,0.0033849010397814,0.0394513076513772
"chr17:7224393:7224480:clu_11255:ENSG00000072778.19",-0.00247684600536483,0.00278280815259263,0.373437570780475
"chr17:7887843:7889664:clu_11363:ENSG00000170004.16",0.00459662389301453,0.00335435433059759,0.170579119752462
"chr17:7605738:7606016:clu_11350:ENSG00000129245.11",-0.00544538118841604,0.00377888173437014,0.149583740117627
"chr17:7224393:7224484:clu_11255:ENSG00000072778.19",0.000982972035678402,0.00286177622604642,0.73123498267857
"chr17:7408712:7414344:clu_11319:ENSG00000169992.9",0.0101894830109588,0.00334726496264188,0.0023336046194059
"chr17:82419883:82428558:clu_14188:ENSG00000169660.15",0.00126897980898373,0.00315503956587048,0.687531502003632
"chr17:81712519:81713262:clu_14065:ENSG00000183048.11",-0.00460673354126992,0.00319579236143956,0.149443578721608
"chr17:81691571:81693503:clu_14056:ENSG00000185359.12",0.00272784001124794,0.00324985346168732,0.401259898773043
"chr17:82127908:82128529:clu_14155:ENSG00000176155.18",0.00647045932325697,0.00359228857677483,0.0716700843517297
"chr17:82415627:82418406:clu_14186:ENSG00000181396.12",-0.000114415000678116,0.00293513065408898,0.968905354188344
"chr17:82415627:82418412:clu_14186:ENSG00000181396.12",-4.83720198554344e-05,0.0029545796441368,0.986937714204645
"chr17:82450254:82450700:clu_14194:ENSG00000178927.17",-0.00560503614799438,0.00412480893172435,0.174191088065686
"chr17:82472698:82478800:clu_14198:ENSG00000141562.17",0.000367219805524937,0.0047242622265101,0.938042340991989
"chr17:81237459:81238119:clu_14013:ENSG00000167302.10",-0.00552240140321102,0.00419697117101156,0.18823904057799
"chr17:82460072:82464287:clu_14197:ENSG00000141562.17",0.0129093395842961,0.00425577933255856,0.00241841477128812
"chr17:81985607:81994821:clu_14101:ENSG00000169696.15",0.0128450116543525,0.00381648575169549,0.000763594456427819
"chr17:81551203:81551928:clu_14039:ENSG00000185504.16",-0.00759501223078408,0.00306878665040886,0.0133264713516349
"chr17:82392534:82394331:clu_14181:ENSG00000181396.12",0.00021042263426159,0.00375095515893646,0.955263407637487
"chr17:81996846:82009037:clu_14101:ENSG00000169696.15",0.00404544649970028,0.00320420556765685,0.20675355456537
"chr17:81891863:81894467:clu_14078:ENSG00000141552.17",0.00376157520175789,0.00343922716797228,0.274074781298999
"chr17:81693581:81693654:clu_14056:ENSG00000185359.12",-0.00230597084694943,0.00310083810356301,0.45708188553134
"chr17:80730706:80754010:clu_13979:ENSG00000141564.13",0.0106755004981578,0.00369653785282953,0.00387733491569842
"chr17:81686387:81687003:clu_14053:ENSG00000185359.12",0.00252358960736974,0.00326082392776386,0.438983043181679
"chr17:81891841:81894467:clu_14078:ENSG00000141552.17",-0.00945298273619577,0.00467031098331477,0.0429641309013784
"chr17:81935147:81935337:clu_14097:ENSG00000183010.16",-0.00736900871098517,0.00345332868793125,0.0328521381759318
"chr17:82446696:82449170:clu_14194:ENSG00000178927.17",-0.00459599772616707,0.00377844257639073,0.223842643343165
"chr17:81399917:81400216:clu_14025:ENSG00000266074.8",0.0110131067005224,0.00336611552103589,0.00106881994743846
"chr17:82178605:82183774:clu_14156:ENSG00000176155.18",-0.00277916490217016,0.00339752716860007,0.413359258138937
"chr17:82419801:82424419:clu_14188:ENSG00000169660.15",-0.00320414774980866,0.00340511280338832,0.346714400521832
"chr17:82055825:82056001:clu_14127:ENSG00000169727.12",-0.000818258790006329,0.00285758212103417,0.77461270604248
"chr17:82055222:82055740:clu_14127:ENSG00000169727.12",0.000533575117141774,0.00283433495108692,0.850677480954204
"chr17:19380501:19380608:clu_11722:ENSG00000166484.19",-0.00227973954374117,0.0058703490220251,0.697758363729661
"chr17:18789435:18790896:clu_11709:ENSG00000171928.13",0.00719916686060076,0.0040909396190135,0.0784445706765345
"chr17:30481257:30484214:clu_11953:ENSG00000108587.15",0.0136023965046351,0.00623412612521315,0.0291150582513423
"chr17:31866715:31868046:clu_11996:ENSG00000108651.9",-0.00629654436397669,0.00321200144831219,0.0499586294796877
"chr17:32045818:32047761:clu_12008:ENSG00000185158.12",-0.000301368190757618,0.00412406912492567,0.941746080637998
"chr17:50472524:50473665:clu_12931:ENSG00000167107.12",-0.00415338045411004,0.00371441414451583,0.263490486933844
"chr17:50484642:50484744:clu_12936:ENSG00000136444.9",-0.00380988148783234,0.00454513657167152,0.401900100787321
"chr17:49636809:49677933:clu_12882:ENSG00000121067.17",0.00628732685396915,0.00331720024710157,0.0580431998719846
"chr17:49622067:49622733:clu_12881:ENSG00000121067.17",-0.00646816623664627,0.00333049810201087,0.0521247820987045
"chr17:50484545:50484744:clu_12936:ENSG00000136444.9",0.00342758850108588,0.00426774647232257,0.421895093299348
"chr17:15239611:15259094:clu_11531:ENSG00000109099.13",-0.00168367281213651,0.00315737021307628,0.593859406062438
"chr17:10019897:10198208:clu_11481:ENSG00000007237.18",0.00457924495265114,0.00286216522057518,0.109615589792204
"chr17:35735400:35740409:clu_12081:ENSG00000270885.1",0.00675522197716462,0.00487585315597549,0.165916714831368
"chr17:35768379:35770067:clu_12084:ENSG00000271447.5",0.0123836818756155,0.00561596955826157,0.0274482348711221
"chr17:36578186:36579245:clu_12121:ENSG00000278311.4",0.00707191517328637,0.00494443235370305,0.152637109738529
"chr17:36578192:36579245:clu_12121:ENSG00000278311.4",-0.0078367316450729,0.00489792461330198,0.109596216235817
"chr17:51209430:51217334:clu_13002:ENSG00000011258.15",-0.00240451390838476,0.00353449969515184,0.496315641139182
"chr17:63704582:63706635:clu_13256:ENSG00000266173.6",0.00078209862285158,0.00499569902542685,0.875596049219976
"chr17:63833170:63833298:clu_13272:ENSG00000108604.15",-0.0011203786106739,0.00502490466171136,0.823562631718805
"chr17:63822762:63823817:clu_13266:ENSG00000108592.16",-0.00495448805800551,0.00437561451464976,0.25751027579601
"chr17:63698711:63698799:clu_13250:ENSG00000136490.8",-0.00128940998763792,0.00446057231522554,0.772529123212879
"chr17:63833420:63833587:clu_13272:ENSG00000108604.15",0.0137913683452537,0.00507609877397861,0.00658919810127478
"chr17:62674170:62675790:clu_13212:ENSG00000011028.13",0.000693009594618141,0.00535026664522576,0.896939832825062
"chr17:62674170:62675786:clu_13212:ENSG00000011028.13",7.00084401678499e-06,0.00630639151625409,0.99911425350109
"chr17:63714108:63723298:clu_13258:ENSG00000266173.6",0.0149770385076411,0.0061007292061507,0.0140900758014604
"chr17:62667533:62671649:clu_13211:ENSG00000011028.13",-0.00701418810948266,0.00403416086360978,0.0820878681743452
"chr17:13496818:13600531:clu_11524:ENSG00000153976.2",-0.00325523232156328,0.00346582479402934,0.347608863021154
"chr17:62681129:62682235:clu_13214:ENSG00000011028.13",-0.0158934230012201,0.00692324187017926,0.0216952170728434
"chr17:34954599:34980899:clu_12043:ENSG00000132141.13",-0.00307985679707815,0.00344493026422404,0.371308046585496
"chr17:10729060:10729780:clu_11490:ENSG00000187824.8",-0.000279081777140016,0.00301402184692985,0.926225731467388
"chr17:15677721:15680865:clu_11538:ENSG00000221926.11",0.00595937982345413,0.00477236705157005,0.21176523082051
"chr17:50199924:50201411:clu_12914:ENSG00000108821.13",-0.00267734293617838,0.00292508120403221,0.360031268575034
"chr17:80246649:80248130:clu_13954:ENSG00000181045.14",0.000594584697121054,0.00279024184398967,0.831253392444569
"chr17:79075090:79077430:clu_13896:ENSG00000167280.16",0.00242970353401977,0.00304115684597616,0.424324882613728
"chr17:80288755:80289659:clu_13958:ENSG00000173821.19",-0.00117505267857223,0.00289525400484012,0.684849305266718
"chr17:80204596:80205012:clu_13941:ENSG00000262580.5",-0.00433485520927882,0.00262684173275735,0.0988988470294023
"chr17:49706309:49706965:clu_12885:ENSG00000121104.7",0.00462872079699297,0.00337975000383583,0.170828878812192
"chr17:50539315:50540793:clu_12950:ENSG00000049283.17",-0.00122713535561999,0.00572303318058311,0.830219194928854
"chr17:50675476:50675654:clu_12968:ENSG00000108846.15",-0.000995453001467339,0.00434911978926441,0.818957456117518
"chr17:51285368:51288124:clu_13011:ENSG00000011260.13",0.000179224603889043,0.0046580970737284,0.969308224581648
"chr17:50675476:50675635:clu_12968:ENSG00000108846.15",0.0103164709388512,0.00463123511920207,0.0259081866319933
"chr17:51280479:51285245:clu_13010:ENSG00000011260.13",-0.00328595867126987,0.00463104269023293,0.477982922856303
"chr17:50657183:50658082:clu_12962:ENSG00000108846.15",-0.00503614492696381,0.00319938519760886,0.115464860904494
"chr17:49706309:49706965:clu_12885:ENSG00000121073.13",0.00360883568971537,0.00337897047511197,0.285507800072858
"chr17:50167736:50167947:clu_12909:ENSG00000108823.15",0.00281383754095281,0.00323479704061682,0.38437404713466
"chr17:50738199:50740306:clu_12975:ENSG00000108848.15",0.00421217299634423,0.00372770622746366,0.258491489472937
"chr17:50746702:50750747:clu_12977:ENSG00000108848.15",0.00232915912858703,0.00390174175223802,0.550538301103631
"chr17:50977221:50979746:clu_12989:ENSG00000008294.20",0.00169625103921829,0.00430215217947974,0.693374588714622
"chr17:81236801:81236980:clu_14012:ENSG00000167302.10",0.00743933932270621,0.00346459442387026,0.0317736379326932
"chr17:80220496:80220916:clu_13949:ENSG00000181045.14",0.000992494767730471,0.00239573947878772,0.678672783174423
"chr17:80221115:80221548:clu_13949:ENSG00000181045.14",-0.00198176512870853,0.00242412210929945,0.413632073464498
"chr17:80298518:80306252:clu_13960:ENSG00000173821.19",-0.00105240377803535,0.00266757875001859,0.693199762660743
"chr17:80415518:80415650:clu_13975:ENSG00000173818.16",0.00366187954938294,0.00344485985683943,0.287782804181187
"chr17:65177803:65189286:clu_13338:ENSG00000108370.16",-0.00492311625683641,0.00440442698280383,0.263667186181698
"chr17:82381342:82382564:clu_14177:ENSG00000260011.2",-0.000324462713551325,0.00268890472564795,0.903954607540879
"chr17:82049842:82049918:clu_14119:ENSG00000169733.11",0.0013179021241541,0.00297674369641194,0.657959002097151
"chr17:82764062:82766267:clu_14222:ENSG00000141556.20",-0.00362112384348005,0.00398035005361841,0.362954318150511
"chr17:82201952:82207860:clu_14161:ENSG00000176155.18",-0.00340898562019694,0.00333205587634119,0.306266348313885
"chr17:82627008:82627204:clu_14209:ENSG00000141580.15",0.00897989205710236,0.00395990909060367,0.023347402179258
"chr17:82956401:82956695:clu_14242:ENSG00000175711.8",-0.00537613141319556,0.00531371852112947,0.311659699298678
"chr17:82932735:82937271:clu_14237:ENSG00000141556.20",0.00112973148355484,0.00464056958522131,0.807659348342228
"chr17:82050006:82050402:clu_14119:ENSG00000169733.11",-0.00112914196853916,0.00304042249473607,0.710357002903174
"chr17:5517887:5530481:clu_11192:ENSG00000091592.15",-0.00717046526723245,0.00260207748623537,0.00585721681708529
"chr17:5499950:5501737:clu_11190:ENSG00000091592.15",0.00142363679145752,0.00294651940020912,0.628982983062341
"chr17:4735508:4738408:clu_11070:ENSG00000161921.14",-0.0118257436795438,0.00387468691159275,0.00227283164815051
"chr17:4735508:4736289:clu_11070:ENSG00000161921.14",0.00947280495880044,0.00424099371762665,0.0255075189599735
"chr17:5137186:5137651:clu_11150:ENSG00000129204.16",0.00357003860026776,0.00280140154568872,0.202530231143114
"chr17:4960547:4960786:clu_11118:ENSG00000091640.7",-0.00394807350662589,0.003241852806301,0.223282965026506
"chr17:4676085:4676357:clu_11060:ENSG00000141456.14",0.00222058198193946,0.00310445980516884,0.474431273764319
"chr17:5488589:5488823:clu_11189:ENSG00000167842.15",0.00539384602269971,0.00309434220233572,0.0813106102675183
"chr17:5136734:5137121:clu_11150:ENSG00000129204.16",-0.00444864008893046,0.00300512962652691,0.138780181566566
"chr17:6600458:6606873:clu_11207:ENSG00000198920.9",0.00383630335283745,0.00287840559142318,0.182601507812223
"chr17:76531142:76531460:clu_13780:ENSG00000161544.9",-0.000109538225357812,0.00261016850225245,0.966525834672723
"chr17:76754087:76767386:clu_13808:ENSG00000092931.11",-0.0014279353026799,0.00310976506322584,0.64610643988565
"chr17:76629711:76643508:clu_13794:ENSG00000070526.14",0.0018154306707764,0.00233599919287748,0.437068030487133
"chr17:78126906:78128612:clu_13853:ENSG00000141524.15",0.00168398114240639,0.00294926893729988,0.568011461488786
"chr17:76625918:76626006:clu_13792:ENSG00000070526.14",0.000779649405684038,0.00303884490043553,0.797517603795002
"chr17:76294021:76304415:clu_13759:ENSG00000129646.14",0.0035600766742211,0.00397610697467108,0.370590706651921
"chr17:82135394:82151560:clu_14152:ENSG00000176155.18",-0.00467817223155702,0.00389216041878948,0.22938389457548
"chr17:82094187:82095320:clu_14147:ENSG00000169710.8",0.0053988725359762,0.00282066352991779,0.0556146050065092
"chr17:81934489:81934653:clu_14096:ENSG00000183010.16",0.00311555625391826,0.00313487795117301,0.32030245398233
"chr17:82201952:82206281:clu_14161:ENSG00000176155.18",0.0055625469266271,0.00356934202477361,0.119132860559481
"chr17:82163390:82171701:clu_14154:ENSG00000176155.18",-0.00463894636394404,0.00307944182978935,0.131958256448478
"chr17:81979239:81982614:clu_14100:ENSG00000169696.15",-0.00441468224682478,0.00329756169409466,0.180645009180814
"chr17:82093771:82095320:clu_14147:ENSG00000169710.8",-0.00968989108458504,0.00265491140927789,0.000262446330722588
"chr17:82157948:82163200:clu_14153:ENSG00000176155.18",0.00821232358214072,0.00232188618725509,0.000404823662274789
"chr17:81685069:81685605:clu_14052:ENSG00000185359.12",0.000386637640814909,0.00366404278505944,0.915961501781408
"chr17:82134194:82151560:clu_14152:ENSG00000176155.18",0.0112076820519219,0.00407917285027288,0.00600445667781258
"chr17:82198422:82201672:clu_14160:ENSG00000176155.18",-0.00685216015407798,0.00270020110242481,0.0111600142683956
"chr17:81933376:81934653:clu_14096:ENSG00000183010.16",-0.000294235063438902,0.00352696155771044,0.933513994933943
"chr17:81446830:81447036:clu_14026:ENSG00000266074.8",-0.00558661449702078,0.00379190796784769,0.140670410334445
"chr17:81247061:81252195:clu_14016:ENSG00000157637.12",-0.00254661791908197,0.00398870008101585,0.523175513606225
"chr17:82252604:82253016:clu_14167:ENSG00000141551.14",-0.00578432489734351,0.00299766030290895,0.0536547817222293
"chr17:82179189:82183774:clu_14156:ENSG00000176155.18",0.00499186302396713,0.00303553386022565,0.100077887624577
"chr17:82151773:82157748:clu_14152:ENSG00000176155.18",-0.00983721050707566,0.00373276556931749,0.00840461365285372
"chr17:81684103:81685605:clu_14052:ENSG00000185359.12",-0.003631316665838,0.00351503894583763,0.301566431193393
"chr17:82060783:82060861:clu_14130:ENSG00000169718.17",0.00129073801921484,0.00284292531313439,0.649816186671907
"chr17:82113765:82127692:clu_14151:ENSG00000176155.18",-0.00732672743705302,0.00364877896932686,0.0446438954971473
"chr17:82055222:82056001:clu_14127:ENSG00000169727.12",-0.00412607244996792,0.00408960485263163,0.313014372202377
"chr17:82053366:82053868:clu_14124:ENSG00000169727.12",0.00475421646793006,0.00432417677251559,0.271571799982626
"chr17:82023863:82024278:clu_14109:ENSG00000169683.7",0.00424701946768933,0.00329015664528722,0.196764048855962
"chr17:82208048:82212785:clu_14161:ENSG00000176155.18",0.00679020605969871,0.00290417861790343,0.0193830249909323
"chr17:82484986:82485497:clu_14202:ENSG00000141562.17",0.00314697166620488,0.00438258533899024,0.472718542511749
"chr17:82449292:82450700:clu_14194:ENSG00000178927.17",-0.00250682274165815,0.0039100393048991,0.52144167334255
"chr17:82108954:82127692:clu_14151:ENSG00000176155.18",-0.00128446991447774,0.00318958724983734,0.687163598770463
"chr17:82128597:82134073:clu_14152:ENSG00000176155.18",0.000645895407705464,0.00392454003148898,0.869275655436074
"chr17:81511626:81511903:clu_14031:ENSG00000184009.9",0.0128575247617614,0.00781095284760392,0.0997454051886837
"chr17:82185303:82188219:clu_14157:ENSG00000176155.18",-0.00431599739727448,0.00293730175205649,0.141731137986775
"chr17:82157948:82160615:clu_14153:ENSG00000176155.18",-0.00606627247094278,0.00321370870513932,0.059076496348625
"chr17:82198422:82201538:clu_14160:ENSG00000176155.18",0.00761991613024356,0.00256275357192255,0.00294586024058574
"chr17:82563548:82571724:clu_14203:ENSG00000141568.20",0.0105061028412218,0.00462827337145784,0.0232086018212803
"chr17:81511803:81511903:clu_14031:ENSG00000184009.9",0.00869247021782211,0.00870195307308283,0.317838164948891
"chr17:82134194:82135034:clu_14152:ENSG00000176155.18",-0.00259508910549041,0.00426591690808743,0.542968025751187
"chr17:82101866:82108768:clu_14151:ENSG00000176155.18",0.00642711451391069,0.00262756644404535,0.0144437736539418
"chr17:82252604:82253048:clu_14167:ENSG00000141551.14",-0.00690945654092741,0.00433418053894282,0.110896106543204
"chr17:82160866:82163200:clu_14153:ENSG00000176155.18",-0.00805452252725212,0.00245242007440992,0.00102230221992972
"chr17:82201952:82212785:clu_14161:ENSG00000176155.18",-0.0108621909436663,0.00273788652126337,7.26721212842563e-05
"chr17:82163357:82171701:clu_14154:ENSG00000176155.18",0.00187819222113226,0.0028916562913509,0.516001513029107
"chr17:81977748:81979184:clu_14100:ENSG00000169696.15",0.00640238616784908,0.00325253249100659,0.0490184543928671
"chr17:82060783:82060865:clu_14130:ENSG00000169718.17",-0.00156214890484555,0.00265844368346388,0.556788841411993
"chr17:82062973:82064126:clu_14135:ENSG00000169718.17",0.00751402140655403,0.00645648136667597,0.244507056570007
"chr17:82019381:82019510:clu_14108:ENSG00000169689.14",-0.00807841258511755,0.00352978830785312,0.0221003128489304
"chr17:82009567:82010802:clu_14103:ENSG00000169696.15",0.00317216496772017,0.00308289794599372,0.303500560433224
"chr17:82484950:82485497:clu_14202:ENSG00000141562.17",-0.00165868642907453,0.00424121345981059,0.695732409984535
"chr17:6641227:6641753:clu_11213:ENSG00000129235.10",0.0125407747529936,0.00366327915710352,0.000618489092813701
"chr17:7910973:7911464:clu_11382:ENSG00000170004.16",0.00320669290018757,0.00351852608566164,0.362098391892892
"chr17:7350599:7350950:clu_11304:ENSG00000072818.11",-0.00637458891102469,0.00314175905798506,0.0424595941666506
"chr17:7627226:7627363:clu_11353:ENSG00000141504.11",0.00218151029667267,0.00317700237911449,0.492299024185083
"chr17:7909338:7910428:clu_11382:ENSG00000170004.16",-0.0168249745580876,0.004400599625435,0.0001316577374465
"chr17:9656534:9666648:clu_11475:ENSG00000154914.16",0.00426990475731099,0.00327008401956796,0.191638363615459
"chr17:9701700:9709956:clu_11477:ENSG00000154914.16",0.00306255997768229,0.00323232289708277,0.343394450968283
"chr17:9693230:9700172:clu_11477:ENSG00000154914.16",-0.00295726171525992,0.0031965383160852,0.354890443459673
"chr17:9674983:9676746:clu_11475:ENSG00000154914.16",-0.000978558136140217,0.00277152773622777,0.724031949288317
"chr17:8141340:8141589:clu_11408:ENSG00000179094.15",0.00107581978713561,0.0034666851742691,0.756309279097554
"chr17:8141340:8141805:clu_11408:ENSG00000179094.15",0.00270318570312761,0.00330614617359154,0.413571704086856
"chr17:28349626:28350438:clu_11820:ENSG00000004142.11",0.0100673106416854,0.00638078775908162,0.114622235037516
"chr17:10754362:10766679:clu_11494:ENSG00000263400.6",0.00352396820250517,0.0029102477194423,0.225940418319149
"chr17:83048785:83051737:clu_14247:ENSG00000175711.8",-0.00740173119394529,0.00317366992081443,0.0196885451496548
"chr17:82937360:82938049:clu_14237:ENSG00000141556.20",0.00801607367503082,0.00399974592241442,0.0450544529828295
"chr17:82449480:82450700:clu_14194:ENSG00000178927.17",-0.00405160883871954,0.00369963747668829,0.273456745182351
"chr17:81888583:81888876:clu_14083:ENSG00000183684.7",0.0182449464568547,0.00430167953808729,2.22175222803767e-05
"chr17:82619128:82621609:clu_14207:ENSG00000141580.15",0.0118986101420222,0.00395155306176461,0.00260283864412347
"chr17:81909321:81909514:clu_14089:ENSG00000185813.10",0.000935232578753676,0.0034686120785869,0.787446980209582
"chr17:82619094:82621609:clu_14207:ENSG00000141580.15",-0.00718326728186522,0.00388360783814887,0.0643657922682825
"chr17:82568201:82571724:clu_14203:ENSG00000141568.20",-0.00162082427025016,0.00371851265235255,0.662923996560905
"chr17:82925057:82926400:clu_14233:ENSG00000141556.20",0.00660515643792833,0.00388926200102844,0.0894500497566244
"chr17:6624006:6624755:clu_11210:ENSG00000198920.9",-0.000637826152640196,0.00259251898657314,0.805662381630579
"chr17:5450934:5453580:clu_11182:ENSG00000005100.12",0.00480253203953987,0.00269209061930789,0.0744331798362038
"chr17:7023099:7023660:clu_11236:ENSG00000161940.10",-0.00559675942024922,0.00428858753036096,0.191880724288281
"chr17:5450406:5450807:clu_11182:ENSG00000005100.12",-0.000484461379574324,0.00270118690190499,0.857661869063799
"chr17:6997081:7002484:clu_11230:ENSG00000215067.9",-0.00718906521215914,0.00342531466916531,0.0358341542043641
"chr17:6457722:6461373:clu_11199:ENSG00000091622.15",-0.000908073460828154,0.00327628616337129,0.781653036694357
"chr17:7390441:7390634:clu_11307:ENSG00000187838.16",-0.00680052316681194,0.00327678091044419,0.0379525285778337
"chr17:7586078:7586656:clu_11344:ENSG00000129255.15",-0.015262599668775,0.00418637721963859,0.00026658461459117
"chr17:6758224:6759662:clu_11217:ENSG00000132530.16",-0.00624509095299469,0.00333905478030909,0.0614398087947241
"chr17:7284939:7285088:clu_11278:ENSG00000181856.14",-0.00576950432675807,0.00375678231517024,0.124598016331375
"chr17:7317573:7317788:clu_11289:ENSG00000215041.9",-0.00645195654917914,0.0030964727148841,0.037192274767753
"chr17:7009889:7012196:clu_11230:ENSG00000215067.9",0.0065739302612662,0.00317321442146988,0.0382939583255462
"chr17:7317684:7317788:clu_11289:ENSG00000215041.9",0.00732043585708997,0.00334348053087452,0.028563010753661
"chr17:6895199:6895343:clu_11225:ENSG00000262943.7",-0.00764259345714085,0.00262337202672278,0.00357664142752268
"chr17:7016014:7017069:clu_11230:ENSG00000215067.9",0.00123962618256309,0.00368338890921806,0.736459910629797
"chr17:6758224:6758470:clu_11217:ENSG00000132530.16",0.00377606651220602,0.00305795100022637,0.216891725078164
"chr17:6758224:6759256:clu_11217:ENSG00000132530.16",0.0103786542158652,0.00241148055994637,1.67854198469541e-05
"chr17:6644659:6649982:clu_11212:ENSG00000108590.10",-0.00716124754755168,0.00284279376168535,0.0117659258799342
"chr17:7318356:7318495:clu_11291:ENSG00000215041.9",0.0160107733729222,0.00290330376150754,3.49427320411877e-08
"chr17:7632959:7633204:clu_11354:ENSG00000129214.14",0.012865779276573,0.0031368937588273,4.10588256846145e-05
"chr17:7626793:7627143:clu_11352:ENSG00000141504.11",-0.00577134867609385,0.00200632611593177,0.00402015930136235
"chr17:27611377:27611494:clu_11799:ENSG00000141068.13",0.00879766713891587,0.00510225826270556,0.0846592438387069
"chr17:27583105:27585657:clu_11793:ENSG00000141068.13",-0.00761798839266887,0.0043328028079463,0.0787113459647449
"chr17:2365057:2365215:clu_10916:ENSG00000141258.12",-0.0106950272962906,0.00300357650159825,0.000369777220467049
"chr17:2315728:2317870:clu_10904:ENSG00000167720.12",-0.00310151270517356,0.00300843582856992,0.302569600798778
"chr17:1772075:1775063:clu_10878:ENSG00000132386.10",0.0071569648289058,0.00358431558806472,0.0458528728284551
"chr17:1509799:1513872:clu_10835:ENSG00000132376.19",0.00696449977662608,0.00295040555443829,0.0182491932179421
"chr17:1484303:1485694:clu_10832:ENSG00000197879.14",0.00324408592118304,0.00278234435065207,0.243632986739407
"chr17:1770050:1770834:clu_10875:ENSG00000132386.10",0.00414712425823547,0.00455815225698808,0.362914416702165
"chr17:65541557:65549520:clu_13342:ENSG00000168646.12",-0.00252597121725175,0.00501013771702039,0.614140505694011
"chr17:57627303:57631791:clu_13060:ENSG00000153944.10",-3.24618359544136e-05,0.00328624801613636,0.992118556973213
"chr17:58337679:58351735:clu_13101:ENSG00000265148.5",-0.00828009409659343,0.00224014824447733,0.00021882822499808
"chr17:58323545:58324811:clu_13098:ENSG00000005379.15",-0.0131302144396846,0.00394524785088509,0.000874376834222423
"chr17:58214898:58216088:clu_13084:ENSG00000011143.16",0.00391891481137856,0.00405225252931462,0.333496341082488
"chr17:62033984:62035463:clu_13197:ENSG00000108510.9",0.00879826710417915,0.0041835275299804,0.0354593195583603
"chr17:62522273:62523134:clu_13203:ENSG00000146872.17",0.00469634593183324,0.00502015337040616,0.349531457638828
"chr17:62667533:62671653:clu_13211:ENSG00000011028.13",-0.00482667713529482,0.00504769720494179,0.33896428835032
"chr17:62573367:62576709:clu_13205:ENSG00000146872.17",-0.00417996169138689,0.00431641180187698,0.33285059563053
"chr17:69256283:69259706:clu_13462:ENSG00000154265.15",-0.00655866570508871,0.00359705511299652,0.0682514388101471
"chr17:50471135:50473665:clu_12931:ENSG00000167107.12",0.0059758252335102,0.00323587243843718,0.0647843758941401
"chr17:37519071:37520538:clu_12153:ENSG00000275066.4",0.0157148505181874,0.00748361775896222,0.0357376201200967
"chr17:37407496:37411269:clu_12146:ENSG00000276234.4",-0.0100778716873509,0.00345074853358359,0.00349483004736506
"chr17:38497826:38500597:clu_12181:ENSG00000275832.4",-0.00271501538491766,0.00408467750199732,0.506253318087368
"chr17:36510917:36511365:clu_12114:ENSG00000278259.4",-0.00125182921036038,0.00331716715940176,0.705891974143056
"chr17:38500628:38509944:clu_12182:ENSG00000275832.4",-0.00972455618301367,0.00519167978025536,0.0610540245912694
"chr17:37519071:37520179:clu_12153:ENSG00000275066.4",-0.0256957519838574,0.00655529951642431,8.86062760626638e-05
"chr17:38299468:38306533:clu_12169:ENSG00000278845.4",0.0192839211448213,0.00400329043514037,1.45719719202297e-06
"chr17:36503200:36503950:clu_12111:ENSG00000278259.4",0.000427269994089497,0.00401568385511151,0.915264749690166
"chr17:37618384:37619768:clu_12161:ENSG00000278053.4",-0.0295234295425012,0.0038013374491665,8.10462807976364e-15
"chr17:37614353:37618292:clu_12161:ENSG00000278053.4",0.0695956699529183,0.00402587233334721,0
"chr17:78787658:78798400:clu_13880:ENSG00000055483.19",0.00362699880941651,0.00253258286445781,0.152105387405449
"chr17:78976156:78977140:clu_13891:ENSG00000108679.12",0.00699976395895948,0.00332390165041443,0.0352140990110006
"chr17:78676169:78676995:clu_13877:ENSG00000108669.16",-0.000459385371610646,0.00240360630977976,0.848428927575732
"chr17:57873717:57876151:clu_13068:ENSG00000180891.12",0.0045590523876983,0.00386642253244597,0.238342543967245
"chr17:58006527:58006907:clu_13078:ENSG00000136450.12",0.000420710537404208,0.00354113161202015,0.905428416257166
"chr17:57873717:57879611:clu_13068:ENSG00000180891.12",-0.0043001505396852,0.00327137615615372,0.188685545628517
"chr17:58006527:58006944:clu_13078:ENSG00000136450.12",0.00292272454444046,0.00363205422973778,0.420991150022572
"chr17:38451393:38451626:clu_12175:ENSG00000276170.4",0.0166707879481383,0.00385470503106744,1.52677562230696e-05
"chr17:38463196:38463328:clu_12173:ENSG00000275832.4",0.0121417359774102,0.00389112951020314,0.00180628388216908
"chr17:37205872:37206783:clu_12140:ENSG00000278540.4",-0.0124609319863544,0.00505481159603251,0.0136951126251609
"chr17:37471137:37473732:clu_12150:ENSG00000276234.4",-0.0301552747668157,0.0041950365697001,6.55919762948542e-13
"chr17:37339850:37358999:clu_12145:ENSG00000278540.4",0.0344487680790719,0.00390553395860576,0
"chr17:38469904:38471863:clu_12176:ENSG00000275832.4",-0.0289681332710392,0.00378915548779135,2.08721928629529e-14
"chr17:37577613:37579132:clu_12158:ENSG00000275066.4",0.0204634097680728,0.00346852013312554,3.640476031741e-09
"chr17:38469635:38469847:clu_12176:ENSG00000275832.4",0.0216635779748694,0.00383469041904171,1.61038631318888e-08
"chr17:37576418:37577380:clu_12158:ENSG00000275066.4",-0.0292717059133265,0.00333739345824757,0
"chr17:31356582:31356960:clu_11990:ENSG00000196712.17",0.00739271380032246,0.00479366619193571,0.123028963152578
"chr17:32368014:32369295:clu_12025:ENSG00000010244.18",-0.00623781346542931,0.00304580691182943,0.040559970122003
"chr17:31352414:31356460:clu_11990:ENSG00000196712.17",-0.00410499921325092,0.00442570539988066,0.353648528701542
"chr17:32712195:32721023:clu_12035:ENSG00000176658.16",-0.00195926880421201,0.00377144355027837,0.603411395696182
"chr17:32008132:32016925:clu_12006:ENSG00000185158.12",0.000422185173762544,0.00401743705618838,0.91630583337273
"chr17:64598490:64606602:clu_13317:ENSG00000108854.15",0.00337717755562686,0.00395736823115439,0.393443193908858
"chr17:65558736:65560825:clu_13344:ENSG00000168646.12",-0.000451597031763849,0.00363260265399041,0.901063684443085
"chr17:64781616:64785222:clu_13322:ENSG00000214176.9",0.00538127714183143,0.00419271808860284,0.199323350003064
"chr17:64754654:64758242:clu_13319:ENSG00000266820.1",-0.00648543001184165,0.00436861752764894,0.137663137926624
"chr17:64973517:64974555:clu_13334:ENSG00000214174.8",-0.00389612576357055,0.00461364231115048,0.398401585327303
"chr17:64764548:64780343:clu_13321:ENSG00000214176.9",0.000276098559816618,0.00447901495467258,0.950847374622256
"chr17:10715588:10725011:clu_11489:ENSG00000187824.8",0.00166326189195136,0.00290966931146006,0.567570891360272
"chr17:61404769:61405202:clu_13184:ENSG00000121068.13",-0.00132871738082495,0.00495016304599065,0.788376883520696
"chr17:61480319:61482897:clu_13191:ENSG00000121075.9",0.0102756719123641,0.00450843635426197,0.0226546022112285
"chr17:61404769:61405062:clu_13184:ENSG00000121068.13",0.00151854426211839,0.00508939247951456,0.765417450334048
"chr17:69133867:69134639:clu_13446:ENSG00000154262.12",-0.00525201970532326,0.00321156058331483,0.101976082118511
"chr17:68101959:68102943:clu_13395:ENSG00000237854.3",0.0103201487986222,0.0039170238627726,0.00842138275277127
"chr17:15987368:15990865:clu_11546:ENSG00000214941.7",-0.00616357388924761,0.00376753421738007,0.101845814241293
"chr17:75876099:75876262:clu_13713:ENSG00000132481.6",0.00229701846979,0.00469259200968224,0.624488556809767
"chr17:76384806:76385451:clu_13768:ENSG00000176170.13",0.0100221890237523,0.00264404198842511,0.000150356268603824
"chr17:75900838:75900982:clu_13718:ENSG00000204316.12",0.00936243736077262,0.00417594325135435,0.0249617965086084
"chr17:76472052:76472686:clu_13772:ENSG00000129667.12",-0.00398951075882066,0.00389935113087771,0.30625030797673
"chr17:75755213:75755701:clu_13686:ENSG00000132470.13",0.0200585107154627,0.00612756998820664,0.00106229889363552
"chr17:76002142:76002263:clu_13740:ENSG00000250506.7",-0.00339452469069767,0.00329141978032536,0.302388269639342
"chr17:76685165:76688113:clu_13795:ENSG00000182534.13",0.00698885128937922,0.0029340673375398,0.0172204450849849
"chr17:76002142:76002248:clu_13740:ENSG00000250506.7",-0.00119181159656506,0.003113997436412,0.701922026250965
"chr17:75730504:75730875:clu_13673:ENSG00000132470.13",0.00378478385042845,0.00347488730433237,0.276073743254306
"chr17:76677702:76685072:clu_13795:ENSG00000182534.13",-0.0107321526098584,0.00362749707007889,0.0030908424629128
"chr17:76022227:76022413:clu_13743:ENSG00000167880.7",-0.00899965771319604,0.00355251180707722,0.0112986981770463
"chr17:54937577:54938924:clu_13014:ENSG00000141198.14",0.00091060203481082,0.00383422342421536,0.812274184981132
"chr17:7627414:7627570:clu_11353:ENSG00000141504.11",0.000251664423120232,0.00347619246179013,0.942286311578356
"chr17:8289072:8289258:clu_11439:ENSG00000125434.10",-0.00559176058218083,0.00415737429084386,0.178618075824673
"chr17:7324980:7325209:clu_11300:ENSG00000215041.9",-0.00792574040004217,0.0030555834780396,0.009490651108643
"chr17:8289588:8289813:clu_11439:ENSG00000125434.10",-0.00138243710419047,0.00333767710605876,0.67873395033852
"chr17:7592157:7592254:clu_11346:ENSG00000129245.11",-0.0158069221491802,0.00413017528453416,0.000129619996951269
"chr17:8148259:8148644:clu_11412:ENSG00000179094.15",-0.00666196639542686,0.00323769580001968,0.0396260685064531
"chr17:7204252:7208075:clu_11252:ENSG00000132535.18",-0.000406312884047241,0.00312607584432416,0.896585908316291
"chr17:8144847:8145958:clu_11410:ENSG00000179094.15",-0.00249779857189103,0.00322463682699784,0.438576994781924
"chr17:7204067:7204199:clu_11251:ENSG00000132535.18",0.000621075711839579,0.00320494730018521,0.846343011201803
"chr17:7901375:7902585:clu_11376:ENSG00000170004.16",-0.000837851560258757,0.00355299212720822,0.813575633592793
"chr17:7866558:7883235:clu_11369:ENSG00000183011.13",-0.00199907366845489,0.00362673269034669,0.581493062967909
"chr17:7549618:7550120:clu_11332:ENSG00000239697.10",-0.00874088240623599,0.00337112042123591,0.00951782968650783
"chr17:7886333:7889664:clu_11363:ENSG00000170004.16",0.0154685048607148,0.00355766053159159,1.37420365674545e-05
"chr17:7208239:7217118:clu_11252:ENSG00000132535.18",-0.0044839018969601,0.00319587332003121,0.160608289460229
"chr17:7027087:7027503:clu_11237:ENSG00000161940.10",0.0113105561977742,0.00255560635156559,9.60935993699064e-06
"chr17:7393509:7393601:clu_11313:ENSG00000187838.16",0.0125509709185675,0.00289602594459223,1.46517389917333e-05
"chr17:7307115:7309615:clu_11282:ENSG00000132507.17",0.00742424475801155,0.00407027324990668,0.0681496078543711
"chr17:7901375:7902610:clu_11376:ENSG00000170004.16",0.00331081470319398,0.00338068469359489,0.327415671725658
"chr17:7626793:7626943:clu_11352:ENSG00000141504.11",0.00547534631384756,0.00213947914891625,0.0104914594694312
"chr17:7324266:7324395:clu_11298:ENSG00000215041.9",0.00368751549660227,0.00317822690338949,0.245949886972807
"chr17:7591925:7592071:clu_11346:ENSG00000129245.11",-0.000928150407816594,0.00272470837468472,0.733373024759945
"chr17:7856843:7857015:clu_11369:ENSG00000183011.13",0.024615287601916,0.00364519813032251,1.45020662145612e-11
"chr17:7283361:7283473:clu_11276:ENSG00000181856.14",0.00777900916165545,0.00352983234967433,0.027539117616846
"chr17:7587017:7587161:clu_11345:ENSG00000129255.15",-0.0118158579915176,0.0030602255577375,0.000112874505245109
"chr17:7907488:7907891:clu_11380:ENSG00000170004.16",0.0176490516182771,0.00362320606410528,1.1097050106601e-06
"chr17:7283645:7283738:clu_11276:ENSG00000181856.14",-0.0118705322744427,0.00354077771476405,0.0008007911467377
"chr17:7204058:7204199:clu_11251:ENSG00000132535.18",-0.00256088974929342,0.0028304651242898,0.365592898186913
"chr17:7591925:7592254:clu_11346:ENSG00000129245.11",0.0112343732941707,0.00356889434324215,0.00164471461578164
"chr17:7895150:7897083:clu_11374:ENSG00000170004.16",0.0167249855082268,0.00408745654935815,4.28069000306674e-05
"chr17:8255132:8255502:clu_11430:ENSG00000178921.13",0.00450907336554677,0.0031408015208146,0.151103621705796
"chr17:8460160:8466930:clu_11450:ENSG00000166579.15",-0.0166025318141217,0.00480640318425148,0.00055181977847063
"chr17:8255132:8255805:clu_11430:ENSG00000178921.13",0.00194440345042878,0.00368549947202644,0.597789438477359
"chr17:7889776:7890571:clu_11370:ENSG00000170004.16",-0.00249104294105318,0.00325282806190414,0.443790335929563
"chr17:7936817:7937168:clu_11391:ENSG00000170037.13",-0.0110778091133062,0.00319565080485561,0.000527229199851487
"chr17:8042884:8044829:clu_11401:ENSG00000179593.15",0.00547866755081944,0.00354970941488802,0.122730608739504
"chr17:8577338:8589081:clu_11457:ENSG00000133026.12",-0.000310663554167301,0.0028990871965345,0.914662767655273
"chr17:8819198:8821846:clu_11461:ENSG00000276231.4",-0.00409581000611493,0.00260651862015085,0.116096298935282
"chr17:7467327:7479456:clu_11324:ENSG00000174282.11",-0.00581763439587096,0.00262675524612542,0.0267764912031051
"chr17:8045001:8045238:clu_11401:ENSG00000179593.15",-0.00245661927186842,0.00407471421245372,0.546579449123954
"chr17:7936817:7937164:clu_11391:ENSG00000170037.13",0.0114888641984707,0.00309649148513071,0.000207026504473573
"chr17:57116261:57116860:clu_13056:ENSG00000121057.12",-0.00123859719748854,0.00339650559012274,0.715359183036058
"chr17:57983393:57988079:clu_13073:ENSG00000136451.8",0.00186941718928567,0.00294996933540915,0.52627184079512
"chr17:58208250:58208513:clu_13081:ENSG00000011143.16",-0.00376413690738678,0.00425805219360266,0.376693833472448
"chr17:58732544:58734118:clu_13120:ENSG00000108384.14",-0.0154282017192316,0.00470764663078286,0.00104818243878302
"chr17:28882691:28883177:clu_11893:ENSG00000132589.15",0.0119299970157942,0.00515442824830355,0.0206395370502217
"chr17:28715901:28717213:clu_11873:ENSG00000109113.18",-0.000492287011418646,0.00553254530503689,0.929097642404847
"chr17:29619189:29621224:clu_11939:ENSG00000167549.18",-0.0150739888539773,0.00568595015201716,0.00802314866678033
"chr17:29137084:29140340:clu_11914:ENSG00000196535.15",0.00578844148868004,0.00567233230790851,0.307505899423781
"chr17:29578779:29581338:clu_11925:ENSG00000108262.15",-0.0030719948335741,0.00515886571403425,0.551523508876794
"chr17:29583616:29589327:clu_11927:ENSG00000108262.15",0.00938146086837714,0.00681545052939833,0.168667195338831
"chr17:29616175:29616279:clu_11935:ENSG00000167549.18",-0.00821406360389283,0.0052070728728135,0.114684666185794
"chr17:29577247:29577645:clu_11924:ENSG00000108262.15",0.00560586409293105,0.00487506683016433,0.250182970074247
"chr17:30118173:30172542:clu_11944:ENSG00000126653.17",0.000877682539707641,0.00522446468119547,0.866587424077218
"chr17:28748666:28748945:clu_11881:ENSG00000076604.14",0.0023143790589891,0.00727559783080215,0.750407896264409
"chr17:28858824:28858964:clu_11887:ENSG00000132591.11",0.00453636675604016,0.00460480832556428,0.324556813458646
"chr17:29571719:29571832:clu_11919:ENSG00000167543.15",-0.00102763314435456,0.00287463671876192,0.720730410415162
"chr17:29616171:29616279:clu_11935:ENSG00000167549.18",0.0092599218272646,0.00549570363260353,0.0920004659609404
"chr17:29617042:29617296:clu_11937:ENSG00000167549.18",-0.0045318430400958,0.00570178666485301,0.426723422844327
"chr17:29568548:29569018:clu_11918:ENSG00000167543.15",-0.00518526649262253,0.00325599586482996,0.111265985173523
"chr17:28882691:28883108:clu_11893:ENSG00000132589.15",-0.0132322497721332,0.00502185317626617,0.00841537385696545
"chr17:28716994:28717213:clu_11873:ENSG00000109113.18",-0.00783036736306566,0.00562175391633395,0.163659375574045
"chr17:30513768:30519939:clu_11955:ENSG00000108587.15",0.0305252809081728,0.00577707688371013,1.26488083340703e-07
"chr17:30156662:30172542:clu_11944:ENSG00000126653.17",-0.0059342281261696,0.00627463460193815,0.344276727196361
"chr17:6898929:6899391:clu_11227:ENSG00000262943.7",0.00365213572115747,0.00320881336897636,0.255054628061565
"chr17:7324980:7325195:clu_11300:ENSG00000215041.9",0.014196651042867,0.00327682290985063,1.47463323827424e-05
"chr17:7703127:7703243:clu_11359:ENSG00000141499.16",-0.00271968863783062,0.00319671603736028,0.394893908203523
"chr17:7384253:7384484:clu_11306:ENSG00000174292.12",-0.0131120817946343,0.00370832955614765,0.000406471750173276
"chr17:7015156:7015774:clu_11233:ENSG00000258315.5",0.0130250516724374,0.00255517062580418,3.44119049366931e-07
"chr17:7403390:7403627:clu_11316:ENSG00000205544.3",-0.0174270177459128,0.00307700225964263,1.48199458260834e-08
"chr17:7891064:7893286:clu_11371:ENSG00000170004.16",0.00202538932333383,0.00269098376101729,0.451655707539971
"chr17:7204252:7208174:clu_11252:ENSG00000132535.18",0.00761988222036409,0.0031451600116125,0.0154042536386643
"chr17:7497045:7497356:clu_11327:ENSG00000181222.15",0.00234521433507678,0.00472983397305186,0.6200112604987
"chr17:6762037:6762155:clu_11219:ENSG00000132530.16",0.00191902458070127,0.00310787035487665,0.53692309271882
"chr17:7894265:7894433:clu_11373:ENSG00000170004.16",0.00391283024546342,0.00434017352865407,0.367302475792063
"chr17:7894265:7894415:clu_11373:ENSG00000170004.16",0.00694461661978488,0.00344174740050043,0.0436163720676241
"chr17:7893569:7893805:clu_11371:ENSG00000170004.16",-0.00236414584233223,0.00274277373319945,0.388712620531767
"chr17:3636831:3637107:clu_10954:ENSG00000040531.14",0.00117787170069342,0.00293953325722371,0.688640829310741
"chr17:2188515:2236492:clu_10899:ENSG00000070366.13",0.00309590922835955,0.00316657552852865,0.328230793890947
"chr17:3941654:3942606:clu_11008:ENSG00000074370.17",0.00229112406050152,0.00361462558109295,0.526179868008362
"chr17:2985197:2991297:clu_10952:ENSG00000132359.14",-0.0093122121971189,0.00357463215198012,0.00918521001211603
"chr17:2304017:2315557:clu_10904:ENSG00000167720.12",0.00433478295240602,0.00287809797230251,0.132034406314228
"chr17:2037338:2039755:clu_10891:ENSG00000108963.17",0.00251095209398603,0.00286915942113711,0.381490924288259
"chr17:2372488:2372953:clu_10921:ENSG00000141258.12",-0.00364346379522251,0.00273298910746754,0.18248506091904
"chr17:2326057:2329343:clu_10907:ENSG00000167721.10",-0.00988076478743726,0.00325830281804906,0.00242546594964221
"chr17:3930434:3930803:clu_11007:ENSG00000074370.17",-0.00318095194474511,0.00339007583454787,0.348083623596813
"chr17:3723383:3723688:clu_10983:ENSG00000083457.11",-0.00440346469194774,0.00343923928548402,0.200418526269444
"chr17:3650480:3652467:clu_10968:ENSG00000262903.1",-0.00156649496082815,0.00293896393742037,0.594027177949438
"chr17:81460706:81460866:clu_14029:ENSG00000266074.8",-0.00576794379237898,0.00323003969944265,0.0741447408182342
"chr17:81667862:81670230:clu_14050:ENSG00000185298.12",0.0143438200414608,0.00387824762972714,0.000216850657898338
"chr17:82024339:82024693:clu_14109:ENSG00000169683.7",-0.000635823579184252,0.00307263841802824,0.836063888625248
"chr17:82178605:82179027:clu_14156:ENSG00000176155.18",-0.00597142423610981,0.003201652289114,0.062166401450112
"chr17:81462046:81462740:clu_14030:ENSG00000266074.8",-0.00998251924705666,0.00309563703867695,0.0012610210836016
"chr17:81460706:81460890:clu_14029:ENSG00000266074.8",0.00393755590292933,0.00333973621533209,0.238397352547502
"chr17:81247061:81250070:clu_14016:ENSG00000157637.12",0.0330428910823769,0.00787820018889004,2.73814242268688e-05
"chr17:81511626:81511763:clu_14031:ENSG00000184009.9",-0.01408886826088,0.00817711571150797,0.0848952064389722
"chr17:81889329:81890689:clu_14084:ENSG00000183684.7",-0.000881618930919811,0.00268673979403787,0.742808024519945
"chr17:81125014:81126427:clu_13996:ENSG00000181409.11",-0.00200428568505589,0.0025146660623242,0.425428667587092
"chr17:82025178:82025379:clu_14110:ENSG00000169683.7",-0.00677209265761903,0.00350154679335072,0.0531095759075283
"chr17:82019381:82019858:clu_14108:ENSG00000169689.14",-0.00965032982675418,0.00458682822958675,0.0353852324572441
"chr17:82084711:82084799:clu_14142:ENSG00000169710.8",0.0109882603876357,0.00572363064211183,0.054882410061608
"chr17:81934745:81934926:clu_14096:ENSG00000183010.16",0.00524276164987016,0.00302924398010696,0.083502393265207
"chr17:81196826:81197114:clu_14004:ENSG00000141577.13",-0.00186641981700084,0.00397973735791346,0.63908346646496
"chr17:81131205:81134368:clu_13999:ENSG00000181409.11",-0.00082691147110849,0.00263706120568989,0.753845288836204
"chr17:81196826:81196930:clu_14004:ENSG00000141577.13",0.00522005057692347,0.00404646334556531,0.197040974287193
"chr17:82024763:82025000:clu_14110:ENSG00000169683.7",0.00969901976311699,0.00380565123958127,0.0108161406071164
"chr17:81131205:81132656:clu_13999:ENSG00000181409.11",-0.00205125616432493,0.00258268865925943,0.427059890137108
"chr17:81247061:81251493:clu_14016:ENSG00000157637.12",-0.00111592100299163,0.00498396288141758,0.822833286877217
"chr17:82084716:82084799:clu_14142:ENSG00000169710.8",-0.0077210397806084,0.00439583631109694,0.0790126461447338
"chr17:58347241:58351402:clu_13102:ENSG00000213246.6",0.0147646135861872,0.00364145540556086,5.02220219915639e-05
"chr17:58206380:58206465:clu_13080:ENSG00000011143.16",-0.00166771312875997,0.00358545097189259,0.641835903300245
"chr17:59088407:59091300:clu_13128:ENSG00000108395.13",-0.00956362454547258,0.00639735825297995,0.134931823538453
"chr17:57869193:57872663:clu_13066:ENSG00000180891.12",-0.0132860957535761,0.0041496975434936,0.00136618155580182
"chr17:59112345:59131281:clu_13130:ENSG00000182628.12",-0.0102883610003096,0.00623423022648227,0.0988812362645878
"chr17:57981936:57982699:clu_13072:ENSG00000136451.8",0.00347943841559702,0.00316729727984912,0.271963847499484
"chr17:58311722:58316023:clu_13092:ENSG00000005379.15",0.0160848919941906,0.00478211910856579,0.000769471723664927
"chr17:58693650:58694931:clu_13118:ENSG00000108384.14",0.0109971212236233,0.0041766937493606,0.00846411142926795
"chr17:3822052:3824942:clu_10989:ENSG00000074356.16",-0.00024402175221099,0.00309600273946159,0.937177127612092
"chr17:2965643:2980287:clu_10951:ENSG00000132359.14",0.00294396799654574,0.00328040113413402,0.369483395395431
"chr17:4597323:4607361:clu_11057:ENSG00000188176.11",0.0102205183308168,0.00501439606527457,0.0415264215290194
"chr17:3608565:3609309:clu_10962:ENSG00000197417.7",0.00472957903383515,0.00243643985664465,0.0522359149937133
"chr17:4086655:4087434:clu_11024:ENSG00000074755.14",-0.00638895533846185,0.00302977519787957,0.0349685355847595
"chr17:4070924:4071339:clu_11022:ENSG00000074755.14",0.00274501252907109,0.00307339418942899,0.371775019106158
"chr17:3899024:3903202:clu_10998:ENSG00000108405.3",0.00126495411158688,0.00372505299653025,0.73417271736472
"chr17:28693836:28695352:clu_11864:ENSG00000109111.14",0.00461106931603436,0.00397345528292796,0.245858150043242
"chr17:28744255:28747218:clu_11878:ENSG00000076604.14",-0.000234494577676755,0.00474322799753071,0.960570435077802
"chr17:28747264:28747843:clu_11879:ENSG00000076604.14",-0.00810174773554267,0.00446759613712807,0.0697629432029655
"chr17:28693836:28695330:clu_11864:ENSG00000109111.14",-0.00359813164282958,0.00408527065073836,0.378449236146233
"chr17:28675485:28676157:clu_11858:ENSG00000109111.14",-0.00422012614830981,0.00426409641322037,0.322326516333246
"chr17:28640683:28641889:clu_11854:ENSG00000007202.14",0.00370570681027101,0.00352166818247383,0.292680766834693
"chr17:59017424:59028415:clu_13122:ENSG00000108395.13",-0.00491736332585558,0.00502978180459897,0.328247739836066
"chr17:59874703:59878103:clu_13141:ENSG00000108423.14",-0.0207102646386932,0.006137792948458,0.000740251408569925
"chr17:59687021:59690636:clu_13138:ENSG00000141367.11",-0.0535830741118627,0.011860115910552,6.24495906365041e-06
"chr17:59084089:59088291:clu_13127:ENSG00000108395.13",-0.0028128493097781,0.00413655701744616,0.496505909276601
"chr17:59081219:59084002:clu_13127:ENSG00000108395.13",0.00418748692138542,0.00409220252622826,0.306173407288896
"chr17:61368494:61388618:clu_13182:ENSG00000141376.22",0.0106809712011794,0.00537930603954041,0.0470814516969491
"chr17:59937774:59940836:clu_13147:ENSG00000108443.13",0.00711548137691299,0.00525020638890745,0.175329477009001
"chr17:39727003:39727295:clu_12266:ENSG00000141736.13",-0.000575684565052375,0.00463807774383321,0.901219177957747
"chr17:39659553:39660211:clu_12251:ENSG00000131748.15",-0.00214560365652077,0.0046066984210967,0.641389195468821
"chr17:39996338:39996701:clu_12283:ENSG00000108344.14",-0.00718585701562592,0.00721688340672407,0.319395512070169
"chr17:39658522:39658722:clu_12250:ENSG00000131748.15",-0.011761590672411,0.00429994486116154,0.00623255827496982
"chr17:38747971:38748196:clu_12201:ENSG00000277258.4",0.00644484614540155,0.00326293661825421,0.0482491503447733
"chr17:39674679:39684597:clu_12255:ENSG00000161395.13",0.00520096963770819,0.00373867735691095,0.164187354826379
"chr17:39727547:39727689:clu_12266:ENSG00000141736.13",0.00336882234471917,0.0047312253507258,0.476439922251653
"chr17:39695181:39706990:clu_12257:ENSG00000141736.13",0.00537225314852452,0.00417062905919454,0.197705659340521
"chr17:39427790:39431115:clu_12237:ENSG00000125686.11",-0.00494611783637542,0.00438076439900214,0.258875221330504
"chr17:39431188:39431942:clu_12237:ENSG00000125686.11",-0.00371503973720332,0.00433688687804598,0.391658026516487
"chr17:5005000:5006915:clu_11136:ENSG00000129250.11",0.00748089900965049,0.00254106231001898,0.00323995233374641
"chr17:5005006:5006915:clu_11136:ENSG00000129250.11",-0.00605024723343752,0.0027437014161593,0.0274442337860044
"chr17:45113605:45114250:clu_12652:ENSG00000161714.11",0.00422774557323046,0.0035746562663782,0.236928107801086
"chr17:44323590:44324711:clu_12613:ENSG00000013306.15",0.00588365428211755,0.00340106295153714,0.0836399743857745
"chr17:44731015:44734090:clu_12625:ENSG00000161692.17",-0.00540021082988888,0.00460413132834728,0.240833714870961
"chr17:43825841:43827751:clu_12559:ENSG00000161647.18",-0.000788762350902673,0.00368740301659756,0.830619362723073
"chr17:45219632:45220268:clu_12658:ENSG00000267121.5",0.00665497655309042,0.00552198227780209,0.228134244266574
"chr17:44322552:44322808:clu_12612:ENSG00000013306.15",-0.00346048371889842,0.00461135781021262,0.452998056164836
"chr17:32366757:32367772:clu_12024:ENSG00000010244.18",7.36213899515073e-05,0.00541346297223385,0.989149355962724
"chr17:32594566:32605087:clu_12033:ENSG00000176658.16",0.000941066094881289,0.00470547593787446,0.841485416548631
"chr17:32365487:32367772:clu_12024:ENSG00000010244.18",0.0093542259541212,0.00712412515706337,0.189171141492094
"chr17:32494915:32605087:clu_12033:ENSG00000176658.16",-0.00171889305261299,0.00450682130275251,0.702907875471717
"chr17:39653195:39653481:clu_12247:ENSG00000131748.15",0.009544905217162,0.00509010691446177,0.0607669235520547
"chr17:39627464:39629170:clu_12244:ENSG00000131771.13",0.0110938505182569,0.0072129596238128,0.124037814605686
"chr17:40348464:40349801:clu_12317:ENSG00000131759.17",-0.0108983780592406,0.00618354813603598,0.0779882833646833
"chr17:39653195:39653481:clu_12247:ENSG00000131771.13",0.009544905217162,0.00509010691446177,0.0607669235520547
"chr17:40480768:40482129:clu_12323:ENSG00000131746.12",0.0102207479132459,0.00543355524999526,0.0599661487194592
"chr17:40352507:40354302:clu_12318:ENSG00000131759.17",0.0086714890836918,0.0036864350153547,0.0186592444690236
"chr17:39662367:39662804:clu_12253:ENSG00000131748.15",-0.00207024558872704,0.00465076776789717,0.656218144737233
"chr17:15553829:15555282:clu_11535:ENSG00000175106.16",-0.000875915395081492,0.00313670455831626,0.780055262801883
"chr17:66965131:67018189:clu_13360:ENSG00000075461.5",0.00225385873211072,0.0036091259819418,0.532306627353762
"chr17:67350336:67357303:clu_13372:ENSG00000197170.9",0.000665262485914201,0.00362019898657858,0.854198547101362
"chr17:35140066:35141979:clu_12060:ENSG00000073536.17",-0.000757120415301058,0.00301870217026354,0.801961080470008
"chr17:56858665:56861791:clu_13038:ENSG00000153933.9",0.00293155007614421,0.00302191031152413,0.331997492977924
"chr17:35367700:35373474:clu_12064:ENSG00000172716.16",-0.00238039571054165,0.0042021555139251,0.571074211662265
"chr17:15993778:15999660:clu_11546:ENSG00000214941.7",0.00854169436426755,0.00390763336800118,0.0288229487484124
"chr17:31856865:31859101:clu_11995:ENSG00000172301.10",-0.00887463022511392,0.00664255053083476,0.181540282711066
"chr17:31856865:31858758:clu_11995:ENSG00000172301.10",0.0107028997028178,0.00623597990849676,0.0861045848862843
"chr17:63545264:63545609:clu_13239:ENSG00000173826.14",0.000100099918675755,0.00425009828838076,0.981209658968181
"chr17:63690412:63691102:clu_13249:ENSG00000198909.7",0.00571396499980389,0.00536253160695909,0.286633905596276
"chr17:63543660:63544249:clu_13238:ENSG00000173826.14",-0.0166065295852472,0.00524865308510816,0.00155638065211505
"chr17:63543660:63544012:clu_13238:ENSG00000173826.14",0.0157633690940358,0.0060739790950868,0.00945278057706256
"chr17:67992103:67992901:clu_13393:ENSG00000186665.9",-0.00732112805843886,0.00321764839511874,0.0228877034895666
"chr17:68539966:68540547:clu_13415:ENSG00000108950.11",0.00497525208579225,0.00443805893654169,0.26226982975009
"chr17:67922990:67924547:clu_13386:ENSG00000171634.16",0.00227641840227063,0.00309663545773981,0.462262532075503
"chr17:67940656:67944150:clu_13388:ENSG00000171634.16",-0.0032660049775648,0.00280002645552651,0.243444947603547
"chr17:68512142:68515394:clu_13407:ENSG00000108946.14",0.00314926710964199,0.00411233082450262,0.44378892312663
"chr17:57119044:57120250:clu_13057:ENSG00000121057.12",0.00174632590073889,0.00376619977402388,0.642874290595641
"chr17:56997055:56998385:clu_13049:ENSG00000121064.12",-0.00189805499515012,0.00491839262390626,0.699563610774861
"chr17:80211923:80212071:clu_13944:ENSG00000181523.12",-0.00140260050167947,0.00266897990787098,0.599222227478892
"chr17:78820012:78820991:clu_13881:ENSG00000055483.19",-0.00282253483632849,0.00262438034765489,0.282148583937547
"chr17:80425620:80427668:clu_13977:ENSG00000173818.16",-0.00275376683351255,0.00292562773293006,0.346573304038643
"chr17:78813873:78814412:clu_13887:ENSG00000055483.19",-0.00316770291553382,0.00302257242946539,0.294631441302057
"chr17:80425620:80428596:clu_13977:ENSG00000173818.16",0.00481287641239627,0.00284608172240581,0.0908265881820662
"chr17:78821061:78821937:clu_13881:ENSG00000055483.19",-0.000391977427264149,0.00246219321386491,0.873512498127204
"chr17:79025935:79043955:clu_13894:ENSG00000173918.14",-0.00077577062585355,0.00303537611273889,0.798277911235955
"chr17:80112711:80112876:clu_13932:ENSG00000171298.12",-0.00105171331824008,0.00250454127265415,0.674542045341909
"chr17:32339938:32341204:clu_12021:ENSG00000108666.9",-0.00416758376559386,0.00347854066356326,0.230884333471829
"chr17:32928237:32931327:clu_12039:ENSG00000006042.11",0.00159276152790252,0.00270201052918062,0.555544199022192
"chr17:72649268:72736650:clu_13482:ENSG00000133195.11",0.00642669119713321,0.00270407051551761,0.0174695705401205
"chr17:55401538:55403767:clu_13027:ENSG00000108960.7",0.000159880090599043,0.00374569856241587,0.965953712216549
"chr17:55315447:55320661:clu_13026:ENSG00000108924.13",0.00127538403126631,0.0036036077619499,0.7233998421172
"chr17:76265625:76265907:clu_13760:ENSG00000185262.8",-0.00365340265042944,0.00336983700595838,0.278299104346504
"chr17:76578816:76585684:clu_13790:ENSG00000070731.10",0.00219506950703769,0.00310937573141173,0.480218090025779
"chr17:76477298:76477657:clu_13775:ENSG00000129667.12",0.000436871688255008,0.00320612963069763,0.891614643421864
"chr17:76265403:76265907:clu_13760:ENSG00000185262.8",0.0040705258204214,0.00365406777716328,0.265291594547903
"chr17:28556266:28556827:clu_11833:ENSG00000087111.20",0.00322433153289488,0.00357465328001164,0.36705771860125
"chr17:29609421:29610685:clu_11931:ENSG00000198720.12",0.00353542944616161,0.00489737148458695,0.470353830530989
"chr17:28555061:28556166:clu_11833:ENSG00000087111.20",-0.0041308587709501,0.00335708940461597,0.218514357319034
"chr17:28620015:28620509:clu_11846:ENSG00000007202.14",0.00436381465854976,0.00451136656466635,0.333397431379659
"chr17:28766707:28790378:clu_11885:ENSG00000173065.13",-0.0149213797430654,0.00573021972394946,0.00921480312803491
"chr17:29092456:29092855:clu_11907:ENSG00000196535.15",-0.0172170108343456,0.00500531628747017,0.000582262870988615
"chr17:28883231:28888945:clu_11894:ENSG00000132589.15",0.00384308641807271,0.00502721409929748,0.444595259106172
"chr17:28883231:28885857:clu_11894:ENSG00000132589.15",0.0133214583303945,0.00450660789165252,0.00311673817460456
"chr17:29090926:29092343:clu_11907:ENSG00000196535.15",0.0164550773364897,0.00597936194705037,0.00592363549041541
"chr17:28939577:28950065:clu_11902:ENSG00000109118.13",-0.0155254247269842,0.0053067314376605,0.00343781996127601
"chr17:29118440:29119335:clu_11912:ENSG00000196535.15",0.00383107209773947,0.00513044691033777,0.455224971145596
"chr17:29096915:29097223:clu_11908:ENSG00000196535.15",-0.00419874143704725,0.00480028131112211,0.381744487401759
"chr17:28620630:28620988:clu_11846:ENSG00000007202.14",-0.000211008515854001,0.00449965611724738,0.962597419319197
"chr17:28883231:28884225:clu_11894:ENSG00000132589.15",-0.0124536665847312,0.00492015842029142,0.0113688717073661
"chr17:29095059:29096761:clu_11908:ENSG00000196535.15",0.00458419360042928,0.00506680311086513,0.365597481238765
"chr17:28884315:28888945:clu_11894:ENSG00000132589.15",-0.00716004285713944,0.00501944440103763,0.153735249007205
"chr17:32469193:32473801:clu_12029:ENSG00000108671.9",0.00906407291856718,0.00371451011481359,0.0146799493947082
"chr17:30984760:30987944:clu_11975:ENSG00000181481.13",0.00395515949908071,0.003468925716757,0.254216148008563
"chr17:30787661:30790638:clu_11965:ENSG00000264538.6",-0.00727109114804517,0.00451924725359066,0.107634616828059
"chr17:16566622:16567329:clu_11583:ENSG00000141040.14",0.00411173366107153,0.00411370726579895,0.317542740781523
"chr17:17270807:17270896:clu_11616:ENSG00000141030.12",0.00126581342633525,0.00333043216057014,0.703889871485728
"chr17:17216503:17217069:clu_11609:ENSG00000154803.12",0.00390225281810458,0.00431610355184845,0.365934565976009
"chr17:18254682:18254769:clu_11678:ENSG00000177731.15",0.0100524843969976,0.00513341120528467,0.0502010981260785
"chr17:17818374:17819013:clu_11631:ENSG00000072310.16",0.0169018865257712,0.00333933692792789,4.1608010370453e-07
"chr17:18171771:18172157:clu_11661:ENSG00000091536.16",-0.0118903095060054,0.00430371828612365,0.00573080077075172
"chr17:18100659:18101495:clu_11655:ENSG00000108591.9",-0.00663510875938689,0.00406732942398111,0.102823182347365
"chr17:18171771:18172207:clu_11661:ENSG00000091536.16",0.0107163504829961,0.00459917996010465,0.0198031499285619
"chr17:18263248:18263710:clu_11682:ENSG00000177427.12",-0.00422940331086879,0.00548099747391538,0.440322658787337
"chr17:17850952:17866296:clu_11635:ENSG00000175662.17",-0.00305659317426202,0.00440166641869411,0.487420566874727
"chr17:18306966:18308351:clu_11684:ENSG00000177302.14",0.00257281905390499,0.0048247427410715,0.593856949573984
"chr17:18166521:18167590:clu_11659:ENSG00000091536.16",-0.0110786544158071,0.00504902111576258,0.0282197212009201
"chr17:17226322:17227889:clu_11611:ENSG00000154803.12",-0.0115954804758342,0.00413400012238886,0.00503313037050257
"chr17:18163838:18166361:clu_11659:ENSG00000091536.16",0.00666855188923747,0.00424869372169081,0.116519035328821
"chr17:75017114:75019700:clu_13547:ENSG00000167862.9",-0.00188581339048951,0.00416898691151903,0.651021670882934
"chr17:74772277:74772896:clu_13523:ENSG00000109065.11",-0.00178526449430881,0.00284263034679922,0.529982591945198
"chr17:72947875:73031556:clu_13485:ENSG00000133195.11",-0.0028586876002972,0.0034288934896326,0.404446918762174
"chr17:43489534:43490391:clu_12544:ENSG00000067596.10",0.00398720513417551,0.00438263404599287,0.362941874211659
"chr17:44176642:44181623:clu_12586:ENSG00000267080.5",-0.00188545028499417,0.00250887487236865,0.452344410937342
"chr17:45137830:45137910:clu_12663:ENSG00000181513.14",0.0050601303282443,0.00471165552983203,0.282840537828511
"chr17:45233731:45234072:clu_12670:ENSG00000184922.13",-0.000323554056426958,0.00546212046520595,0.952764152371502
"chr17:44846426:44848060:clu_12632:ENSG00000131097.6",-0.00330486323080744,0.00407480428664763,0.41733791403751
"chr17:43508520:43513362:clu_12547:ENSG00000067596.10",-0.0104753605319088,0.00536410501749678,0.050835868223308
"chr17:44187400:44189022:clu_12589:ENSG00000168591.15",-0.00698112148926973,0.00554217871535751,0.207801115362287
"chr17:45136620:45136692:clu_12661:ENSG00000181513.14",-0.0143019139808702,0.00355165220317421,5.65329054160735e-05
"chr17:44738424:44741401:clu_12626:ENSG00000161692.17",-0.00487956782256277,0.00436672342207288,0.263804635152375
"chr17:76546131:76547306:clu_13779:ENSG00000214140.10",-0.0024225729501514,0.00306007196112183,0.428552017451223
"chr17:76540573:76542553:clu_13779:ENSG00000214140.10",0.00431557811046266,0.0039394101381631,0.273302724609431
"chr17:76570668:76570787:clu_13787:ENSG00000070731.10",0.00519860803151161,0.00266375216299576,0.0509844058704702
"chr17:76743456:76744322:clu_13806:ENSG00000092931.11",0.00585166438451123,0.00257469222178319,0.0230404853683005
"chr17:77493076:77497315:clu_13834:ENSG00000184640.17",0.00483248114038668,0.00292480005546505,0.0984849735512563
"chr17:76742273:76743398:clu_13806:ENSG00000092931.11",-0.00092803921401231,0.00260607585520252,0.72176119394395
"chr17:78214789:78216664:clu_13870:ENSG00000089685.14",0.00656999447436428,0.00281064768180978,0.0194112512299632
"chr17:78205518:78205603:clu_13869:ENSG00000183077.15",0.00492901531936177,0.00287051689675531,0.0859576721037868
"chr17:73201900:73203000:clu_13491:ENSG00000166685.11",-0.00535291429011515,0.00243260921965275,0.0277726722571419
"chr17:73201900:73203037:clu_13491:ENSG00000166685.11",0.00641492587968256,0.00250870860930475,0.0105560107776618
"chr17:48029176:48032156:clu_12815:ENSG00000005243.9",-0.0128706053605947,0.00553947516254993,0.0201558452556735
"chr17:48724111:48724328:clu_12843:ENSG00000229637.3",0.00428601665144475,0.00436329181836876,0.325957142853849
"chr17:48076178:48076865:clu_12823:ENSG00000108468.14",-0.0118801401529013,0.00467107040238569,0.0109796987690493
"chr17:48545357:48545495:clu_12829:ENSG00000230148.8",0.0151216422918196,0.00373733053724495,5.20762556063259e-05
"chr17:48933346:48936131:clu_12859:ENSG00000159210.9",-0.00541925513043688,0.00407562484939432,0.183625483729799
"chr17:48107596:48112031:clu_12824:ENSG00000002919.14",0.0122318406276294,0.00422607277103551,0.00379913782449537
"chr17:48112660:48113301:clu_12825:ENSG00000002919.14",0.00683880047323596,0.00385068761995546,0.0757338048901514
"chr17:47619322:47619737:clu_12774:ENSG00000141279.15",-0.0210574663375326,0.00440658687051259,1.76490025538545e-06
"chr17:48032741:48033863:clu_12815:ENSG00000005243.9",0.013169863570108,0.00409344992471084,0.00129402426777925
"chr17:47941813:47943306:clu_12801:ENSG00000108439.9",-0.00597311893844651,0.00394430273018937,0.129932973976311
"chr17:47569494:47577045:clu_12766:ENSG00000141279.15",0.0122535965483557,0.00472452411631138,0.009497277525787
"chr17:47838450:47838791:clu_12785:ENSG00000141295.13",0.00662489053024509,0.00511724295861654,0.195450981889445
"chr17:47699697:47708150:clu_12782:ENSG00000198933.9",0.0105532624496245,0.00538537764130368,0.0500409014376103
"chr17:48543747:48544521:clu_12830:ENSG00000173917.10",-0.00599867226922802,0.00444982528854766,0.177636137293354
"chr17:47975653:47975877:clu_12809:ENSG00000108465.14",0.00772742842516829,0.00393161199899988,0.0493609531162739
"chr17:47840843:47841185:clu_12795:ENSG00000141295.13",0.00492133556179093,0.00427931126050261,0.250131589142549
"chr17:48543637:48543925:clu_12829:ENSG00000230148.8",-0.00146856530312335,0.00417893792265657,0.725272752775868
"chr17:14159947:14191989:clu_11528:ENSG00000006695.10",0.00449855104608742,0.00267233176405348,0.0923014654883899
"chr17:13002356:13002441:clu_11518:ENSG00000006744.18",0.00950587115685995,0.00253763359992779,0.000179706016902093
"chr17:34942643:34942796:clu_12042:ENSG00000132141.13",0.0177479755941353,0.00336684067166863,1.35384487731649e-07
"chr17:35624587:35626621:clu_12076:ENSG00000006125.17",5.07538064248934e-05,0.0038284557927899,0.989422760872757
"chr17:59735473:59737453:clu_13139:ENSG00000062716.12",-0.000760378779280499,0.00535154567201216,0.887012214964933
"chr17:65750724:65851804:clu_13347:ENSG00000154240.16",-0.00484610401128008,0.00315739650409325,0.124822701920446
"chr17:66183307:66191659:clu_13354:ENSG00000154240.16",-0.00424189421934334,0.0035607321964548,0.233536500282394
"chr17:66183307:66191997:clu_13354:ENSG00000154240.16",0.00398873542202269,0.0035990182282785,0.267739050795183
"chr17:39729761:39730194:clu_12262:ENSG00000141741.11",0.0046916245474874,0.00454624243755129,0.302082179609435
"chr17:39139832:39151362:clu_12220:ENSG00000161381.13",-0.00483203301454084,0.00357896727225059,0.176977698223768
"chr17:38786920:38792726:clu_12208:ENSG00000276293.4",0.00562362998483839,0.00364374392482568,0.122742031624805
"chr17:39635726:39653481:clu_12247:ENSG00000131771.13",0.00868969278705504,0.0047015411092696,0.0645640498936827
"chr17:39551142:39556286:clu_12243:ENSG00000167258.13",0.00690789031667145,0.00403403326859366,0.0868224427802489
"chr17:39628622:39629170:clu_12244:ENSG00000131771.13",0.00674131936180101,0.0059311410893213,0.255706640124036
"chr17:39635726:39653481:clu_12247:ENSG00000131748.15",0.00353656803069239,0.00501120025058272,0.480354363134984
"chr17:39729761:39730354:clu_12262:ENSG00000141741.11",-0.0018100353924851,0.00454989009215352,0.690763178833775
"chr17:62523177:62536170:clu_13203:ENSG00000146872.17",-0.00247569484531758,0.00479866113758969,0.605914710923597
"chr17:62671837:62674063:clu_13211:ENSG00000011028.13",-0.00285066313751994,0.00554453749417615,0.607154790188477
"chr17:7229447:7229588:clu_11257:ENSG00000004975.11",-0.00348838293333154,0.00277747104952319,0.209131726941552
"chr17:7324287:7324395:clu_11298:ENSG00000215041.9",0.0178023285654549,0.00280420902749534,2.17521445300406e-10
"chr17:7559297:7559846:clu_11334:ENSG00000161955.16",-0.00862770949668463,0.00333961101707169,0.00978183734354832
"chr17:7324480:7324799:clu_11299:ENSG00000215041.9",0.00411373764976173,0.00297960538684672,0.167392231412962
"chr17:7549312:7549471:clu_11331:ENSG00000239697.10",0.0237518634398835,0.0031813028428536,8.26005930321116e-14
"chr17:7889100:7889664:clu_11363:ENSG00000170004.16",0.00141372116298964,0.0033195840865215,0.670200405580501
"chr17:7203329:7203424:clu_11249:ENSG00000132535.18",0.000837114111521186,0.00314555593567201,0.790142197986838
"chr17:8436045:8444260:clu_11447:ENSG00000166579.15",0.00599396102396028,0.00323894857418853,0.0642287735961351
"chr17:7324270:7324395:clu_11298:ENSG00000215041.9",-0.0197987684658838,0.00293900655766175,1.6219026122144e-11
"chr17:8235285:8235831:clu_11426:ENSG00000178971.13",0.000588681864609522,0.00368496840511642,0.873076267495209
"chr17:7203047:7203193:clu_11249:ENSG00000132535.18",-9.74284530763453e-05,0.00318959654723559,0.975631848583735
"chr17:7324480:7324911:clu_11299:ENSG00000215041.9",-0.00537769352383745,0.00308151699580277,0.0809596577882062
"chr17:8454887:8460009:clu_11450:ENSG00000166579.15",-0.00843015668954853,0.00294498468428245,0.00420251099309998
"chr17:8235959:8236058:clu_11426:ENSG00000178971.13",-0.00238439384127754,0.00347351434447178,0.49242939846796
"chr17:7857198:7883235:clu_11369:ENSG00000183011.13",-0.00739204359054789,0.0031302872952289,0.0182032084063932
"chr17:7229447:7229550:clu_11257:ENSG00000004975.11",-0.00215803146147564,0.00322660025397008,0.503607009130146
"chr17:59112345:59155131:clu_13130:ENSG00000182628.12",0.00503717478355985,0.00453459038215904,0.266640035425142
"chr17:58512941:58516580:clu_13108:ENSG00000108389.9",-0.0173455496840946,0.00421016160554754,3.78995888815625e-05
"chr17:58703329:58705878:clu_13119:ENSG00000108384.14",-0.0334095230402625,0.00621186799289301,7.5176760261364e-08
"chr17:58706022:58709859:clu_13119:ENSG00000108384.14",-0.0041033428655869,0.00389956806723646,0.292682234152886
"chr17:59930432:59931622:clu_13144:ENSG00000108443.13",-0.00610608453319006,0.00509769889462772,0.23099024313878
"chr17:58323545:58324250:clu_13098:ENSG00000005379.15",-0.0107910931165676,0.00416415001809043,0.00955786617905374
"chr17:59119495:59155131:clu_13130:ENSG00000182628.12",0.0223963390662086,0.00538017737756617,3.14436119271955e-05
"chr17:59001741:59012328:clu_13121:ENSG00000108395.13",-0.00456833426668604,0.00491505422593221,0.352652014022472
"chr17:59685808:59690636:clu_13138:ENSG00000141367.11",0.0535261914833697,0.0134310912070287,6.74104847633306e-05
"chr17:59119495:59131281:clu_13130:ENSG00000182628.12",-0.0121494388353661,0.00418300719640691,0.00367869859559411
"chr17:58305865:58306342:clu_13088:ENSG00000005379.15",-0.00140140771334518,0.00429809463517634,0.74438406886483
"chr17:58999459:59012328:clu_13121:ENSG00000108395.13",-0.0325893045323109,0.00751749996540996,1.45677098359887e-05
"chr17:59934528:59935193:clu_13145:ENSG00000108443.13",0.00819821822335934,0.00577783495571716,0.155925739638136
"chr17:77209476:77210895:clu_13821:ENSG00000129657.14",0.00294893724072228,0.00297022977476202,0.320792148793301
"chr17:76383529:76385451:clu_13768:ENSG00000176170.13",-0.0114321983426756,0.00268781009432505,2.10595577478934e-05
"chr17:76475141:76476830:clu_13774:ENSG00000129667.12",-0.00241291471185562,0.00353207520501277,0.4945160820191
"chr17:76543121:76543803:clu_13779:ENSG00000214140.10",0.00293535114146305,0.00273881568409614,0.283828164506425
"chr17:76557857:76558945:clu_13784:ENSG00000163597.14",0.00060915939382781,0.00238044270167575,0.79802672254117
"chr17:77560843:77560945:clu_13837:ENSG00000267506.5",0.00202533291325845,0.00269979304067228,0.453145818572368
"chr17:31884505:31885980:clu_11999:ENSG00000108651.9",-0.0117878339144553,0.0041126615297249,0.00415392310638885
"chr17:32142729:32171043:clu_12010:ENSG00000126858.16",0.00819100003920703,0.0044131195930922,0.063445481506284
"chr17:9666751:9674891:clu_11475:ENSG00000154914.16",0.00255758802660466,0.00293602918237945,0.38369713565368
"chr17:8463354:8466930:clu_11450:ENSG00000166579.15",0.00207315696888026,0.00445103418738533,0.641380337877739
"chr17:9182969:9221168:clu_11469:ENSG00000065320.8",-0.0122987696519876,0.00340307425366487,0.000301488785902193
"chr17:38734253:38736090:clu_12195:ENSG00000277258.4",0.00928140239867613,0.00409292930970092,0.0233494857695684
"chr17:38735600:38736090:clu_12195:ENSG00000277258.4",0.00289719584029142,0.00435983096639616,0.506357410825102
"chr17:38740442:38747879:clu_12201:ENSG00000277258.4",0.0194221682765012,0.00519475470572637,0.000184898007035139
"chr17:39079528:39081250:clu_12219:ENSG00000161381.13",0.00606293144342465,0.0031253065405668,0.0523860381409488
"chr17:39707204:39708321:clu_12258:ENSG00000141736.13",0.00326985022878039,0.00534498878065516,0.540696571441413
"chr17:39659553:39660160:clu_12251:ENSG00000131748.15",0.000633262543159156,0.00493055757383276,0.897803710369099
"chr17:38812864:38814861:clu_12211:ENSG00000273559.4",0.0127901222615955,0.00769197566397512,0.0963549464136231
"chr17:39707141:39708321:clu_12258:ENSG00000141736.13",-0.00337222630250512,0.005066811799298,0.505697549225889
"chr17:39715939:39716515:clu_12260:ENSG00000141736.13",-0.00033362350218763,0.00447450458022977,0.940564011215127
"chr17:74863246:74863896:clu_13530:ENSG00000161513.11",-0.00900903022559037,0.00292121036606416,0.00204233493106443
"chr17:74252376:74253081:clu_13507:ENSG00000141540.10",-0.0036730574664618,0.0025613668495984,0.151565867380246
"chr17:74440046:74440525:clu_13512:ENSG00000170412.16",-0.00294144246865719,0.00291854631426169,0.313528852809482
"chr17:74864067:74864148:clu_13530:ENSG00000161513.11",0.00721560778024122,0.00296853725291976,0.015069906663246
"chr17:74958478:74958673:clu_13541:ENSG00000167861.15",0.00707047767863274,0.00388937791033747,0.0690802997131942
"chr17:74253266:74253755:clu_13507:ENSG00000141540.10",0.00354752443732205,0.00254558506063677,0.163438773117385
"chr17:76090397:76094414:clu_13758:ENSG00000182473.21",-0.0102045690937139,0.00475191775268332,0.0317564139866687
"chr17:40034972:40035117:clu_12292:ENSG00000008838.19",0.00954175996458517,0.0052700985043895,0.0702110342168055
"chr17:39657852:39657973:clu_12249:ENSG00000131748.15",-0.00230907803173655,0.00352057137381595,0.511900299533426
"chr17:40020353:40020528:clu_12286:ENSG00000008838.19",-0.00861616437482157,0.00413002221619926,0.0369580542724689
"chr17:39215023:39215118:clu_12228:ENSG00000141750.6",-0.00456941014746141,0.00363348179315207,0.208542085419934
"chr17:38779932:38780452:clu_12206:ENSG00000276293.4",0.000895507131308418,0.00380370273116141,0.813874718619659
"chr17:40033456:40035117:clu_12292:ENSG00000008838.19",-0.0045902403411122,0.00394079755263534,0.244100025490449
"chr17:40169662:40170452:clu_12308:ENSG00000108349.16",0.00212934370429296,0.00430784038744076,0.621097898405588
"chr17:39186104:39186496:clu_12222:ENSG00000067191.15",0.0111218279122716,0.00518481142556925,0.0319465650123903
"chr17:41516265:41516808:clu_12339:ENSG00000171346.15",-0.00378522868637106,0.00409588100784787,0.355405649776529
"chr17:41809834:41810680:clu_12354:ENSG00000141696.12",-0.0042258649462486,0.00617614941000664,0.493834210650928
"chr17:40642559:40645576:clu_12328:ENSG00000073584.18",0.00348982935588759,0.00423119175893356,0.40949287758159
"chr17:40637572:40642455:clu_12328:ENSG00000073584.18",-0.00382493732516417,0.00408257069423187,0.348812917346605
"chr17:74443134:74443818:clu_13512:ENSG00000170412.16",-0.00847913170382358,0.00354238396916418,0.0166828871092827
"chr17:74953086:74954138:clu_13538:ENSG00000167861.15",-0.00600170567567754,0.00457302130977272,0.189379859900523
"chr17:69309423:69313092:clu_13472:ENSG00000154265.15",0.00264351304759021,0.0042555378599012,0.534472224445693
"chr17:30899606:30900413:clu_11969:ENSG00000172171.10",-0.00813414606548162,0.00359158865385885,0.0235263899435546
"chr17:31090935:31091025:clu_11983:ENSG00000264107.1",-0.0117680553542705,0.00361926692120488,0.00114796775877224
"chr17:31091118:31093373:clu_11983:ENSG00000264107.1",0.0165826728874892,0.0038426401209501,1.59287188908896e-05
"chr17:31865438:31868046:clu_11996:ENSG00000108651.9",0.00490381748324515,0.00388881605719542,0.207306953898035
"chr17:30735097:30742850:clu_11963:ENSG00000264538.6",-0.0064034198686443,0.0059479773057588,0.281671966326901
"chr17:44345334:44349158:clu_12614:ENSG00000030582.17",-0.00791091418837215,0.00433424284393077,0.0679689692035486
"chr17:44378509:44378643:clu_12618:ENSG00000005961.17",-0.00474206853652973,0.00367986564048115,0.197518877584163
"chr17:43642032:43643488:clu_12555:ENSG00000005102.12",-0.00737409197427935,0.00417938035921617,0.0776649291637328
"chr17:43904493:43907474:clu_12569:ENSG00000108852.14",-0.00588605300442892,0.00438631459205292,0.179624174243649
"chr17:43159727:43162630:clu_12533:ENSG00000267002.2",-0.00477369129932788,0.00566220348915236,0.399183626181724
"chr17:43831943:43832077:clu_12561:ENSG00000161647.18",0.00577598430444002,0.00521625547435676,0.268162204586058
"chr17:44378710:44379689:clu_12618:ENSG00000005961.17",0.00777287668688018,0.00407075308322981,0.0562047874834271
"chr17:43898380:43904430:clu_12569:ENSG00000108852.14",-0.00455473939707693,0.00488075636312867,0.350714857591056
"chr17:43148783:43156112:clu_12533:ENSG00000267002.2",0.0141819057829612,0.00578387291661502,0.014207494281143
"chr17:44218296:44220740:clu_12604:ENSG00000108312.14",0.00580887119502349,0.00464573396516521,0.211165611567669
"chr17:43484185:43489449:clu_12544:ENSG00000067596.10",-0.00967893313123334,0.00460899148175355,0.0357278673780181
"chr17:45515525:45517178:clu_12706:ENSG00000214425.7",-0.00715767551852268,0.00384558209244579,0.0627057294327669
"chr17:45397228:45397949:clu_12689:ENSG00000159314.11",0.00918016500992313,0.0060341346051351,0.128166445721973
"chr17:45627682:45629904:clu_12708:ENSG00000204650.14",0.0150635788006506,0.00487152275175652,0.00198698706717382
"chr17:45990075:45991460:clu_12713:ENSG00000186868.15",0.00475830822801296,0.00421188415372735,0.258588376527601
"chr17:45248048:45248181:clu_12683:ENSG00000233483.2",-0.0173498378176088,0.00387200896825716,7.43511708489741e-06
"chr17:45232480:45233224:clu_12669:ENSG00000184922.13",0.00755547532117403,0.00484469075428434,0.118869293541037
"chr17:46032299:46033080:clu_12715:ENSG00000120071.13",-0.00916211214979849,0.00567664905471365,0.106527404297235
"chr17:46223804:46225341:clu_12722:ENSG00000120071.13",0.00651121881230381,0.00365339147066824,0.0747101739202451
"chr17:46223804:46224561:clu_12722:ENSG00000120071.13",-0.00815499491849489,0.00462230572410823,0.0776865469129646
"chr17:46010402:46014243:clu_12714:ENSG00000186868.15",-0.00361306843431558,0.00521773647987587,0.488649143293519
"chr17:45996664:46014243:clu_12714:ENSG00000186868.15",0.01211147060474,0.00575650273807963,0.0353816468700489
"chr17:46728934:46749773:clu_12733:ENSG00000073969.18",0.00448027450731714,0.00876240422154477,0.609136432422317
"chr17:47033381:47054118:clu_12742:ENSG00000262879.5",0.00325597740955889,0.00680950891244525,0.632542326157678
"chr17:45232450:45233224:clu_12669:ENSG00000184922.13",-0.0130950087838534,0.00492071893038226,0.00778630885458143
"chr17:46487140:46517362:clu_12729:ENSG00000238083.7",-0.0210207371211872,0.00452917075769925,3.46410233798e-06
"chr17:75828983:75830028:clu_13698:ENSG00000092929.11",-0.00499009330434603,0.00371039836456778,0.17865939795101
"chr17:75042659:75046925:clu_13550:ENSG00000167863.11",0.00317259821457792,0.00338180557488023,0.348173815219684
"chr17:75892185:75892267:clu_13716:ENSG00000141569.10",0.00880645670724414,0.00338119197814789,0.00919971296159572
"chr17:75591712:75591977:clu_13628:ENSG00000266714.6",0.00025032323616639,0.00215312376594143,0.907446093172248
"chr17:75589424:75589621:clu_13629:ENSG00000266714.6",-0.00331695765910402,0.00430427078137455,0.440932132795966
"chr17:75840329:75840507:clu_13707:ENSG00000092929.11",0.00954641232979116,0.00334920017387288,0.00436703395375027
"chr17:75928193:75929997:clu_13730:ENSG00000188878.19",-0.000697714409290395,0.00364405199764854,0.848160010715528
"chr17:75899674:75900982:clu_13718:ENSG00000204316.12",-0.00163524037678598,0.00387198888628506,0.672787309480155
"chr17:75742761:75743713:clu_13682:ENSG00000132470.13",0.00307861355525423,0.00378955418729919,0.416565213961664
"chr17:75703371:75703808:clu_13666:ENSG00000161526.14",-0.00188856554083181,0.0039905389777715,0.63602714822324
"chr17:75607067:75610166:clu_13635:ENSG00000266714.6",0.00165315438208972,0.00286033030122901,0.563291625321665
"chr17:75493916:75494630:clu_13593:ENSG00000177728.16",-0.00811655930008058,0.00360290332459013,0.0242728356457664
"chr17:75891347:75891813:clu_13716:ENSG00000141569.10",-0.000466375113860994,0.00296625871402858,0.875066174501301
"chr17:75920107:75920274:clu_13725:ENSG00000188878.19",-0.0039286094014256,0.00342505277085736,0.251372706898507
"chr17:75042277:75042529:clu_13550:ENSG00000167863.11",-0.00134034547226498,0.00333882558937028,0.688094589000817
"chr17:75910806:75912192:clu_13721:ENSG00000204316.12",-0.00218591351120115,0.00542228557144588,0.686848857329559
"chr17:75828086:75828787:clu_13698:ENSG00000092929.11",0.00987974986367308,0.0037743728692139,0.00885538762955174
"chr17:75904719:75904809:clu_13721:ENSG00000188878.19",0.000307880053907373,0.00566924280365074,0.956690504438377
"chr17:75939882:75940848:clu_13731:ENSG00000188878.19",0.000401837283881007,0.00373820471735162,0.914396510808729
"chr17:75904719:75904809:clu_13721:ENSG00000204316.12",0.00206819916778888,0.00567141679144787,0.71535728045659
"chr17:75267901:75268083:clu_13579:ENSG00000125457.13",-0.0015380526893148,0.00271724837003803,0.57137123686626
"chr17:75899674:75900774:clu_13718:ENSG00000204316.12",-0.00365146517858754,0.00478596415174895,0.445491492168031
"chr17:76543932:76544131:clu_13779:ENSG00000214140.10",-0.00439331006718471,0.00287438283144411,0.126404333567612
"chr17:76001541:76001874:clu_13739:ENSG00000250506.7",-0.0157820523568689,0.00443363669746821,0.000371394832556105
"chr17:75899674:75901712:clu_13718:ENSG00000204316.12",0.00510280454486925,0.00415348800868687,0.219237243466858
"chr17:75902154:75904540:clu_13720:ENSG00000204316.12",-0.00710340921646888,0.00303317472461057,0.0191855610473518
"chr17:75919874:75920007:clu_13725:ENSG00000188878.19",0.0072525175964278,0.00328548183509407,0.027283046077169
"chr17:75615892:75616069:clu_13644:ENSG00000266714.6",-0.00794684258471324,0.00375642464942315,0.0343844938147293
"chr17:76558279:76558374:clu_13784:ENSG00000163597.14",0.00153367180935073,0.00291676172482277,0.599018003859
"chr17:75267630:75267746:clu_13579:ENSG00000125457.13",-0.00388974710067203,0.00305327161519023,0.202677453956532
"chr17:75592080:75592238:clu_13628:ENSG00000266714.6",-0.00777790394766829,0.00315486733884808,0.0136873206037035
"chr17:75615884:75616069:clu_13644:ENSG00000266714.6",0.00796222076345324,0.00400723450294024,0.0469266611194716
"chr17:75797397:75809760:clu_13690:ENSG00000132478.9",-0.00367530493274726,0.004721786226084,0.436349897321502
"chr17:75814895:75815169:clu_13693:ENSG00000132478.9",-0.00341188802386435,0.00433651177110723,0.431409678649295
"chr17:75910806:75912192:clu_13721:ENSG00000188878.19",0.00118103530471778,0.00515361573412265,0.818739625817001
"chr17:75840367:75840507:clu_13707:ENSG00000092929.11",-0.0120043229439933,0.00396643102226367,0.00247419439345109
"chr17:75615338:75615503:clu_13643:ENSG00000266714.6",-0.00392614379450482,0.00475684775757619,0.409163427485135
"chr17:32928237:32931475:clu_12039:ENSG00000006042.11",-0.00325141811925598,0.00335053252300548,0.331838024002791
"chr17:67178926:67188319:clu_13368:ENSG00000198265.11",-0.00351186495152285,0.00445629638451147,0.430656882844891
"chr17:78132870:78133406:clu_13855:ENSG00000167895.14",-0.00266589122332743,0.0023969820137367,0.266057937614494
"chr17:69477550:69485248:clu_13475:ENSG00000267653.1",-0.00688716216887997,0.00335299563634408,0.0399725416559159
"chr17:247285:319420:clu_10780:ENSG00000181031.15",0.0158686061025358,0.00314155701398664,4.39062597501483e-07
"chr17:1772075:1775058:clu_10878:ENSG00000132386.10",-0.008095622390911,0.0034984542976412,0.0206645998627479
"chr17:655953:661809:clu_10796:ENSG00000141252.19",-0.007066010314469,0.00252288087246645,0.00509807615041125
"chr17:1558559:1562541:clu_10840:ENSG00000174238.14",0.00745068704556749,0.00318683758170113,0.0193895144865516
"chr17:661895:697418:clu_10796:ENSG00000141252.19",0.00560600547932735,0.00251926252661377,0.026064019422351
"chr17:69264874:69267943:clu_13463:ENSG00000154265.15",-0.000385312873490945,0.00358639205970172,0.914441933264129
"chr17:69264905:69267943:clu_13463:ENSG00000154265.15",-0.00300119539514589,0.00333058134042609,0.367533788255607
"chr17:69297359:69301139:clu_13469:ENSG00000154265.15",-0.00571758749983468,0.00430227992078397,0.18385889878686
"chr17:80368143:80369502:clu_13966:ENSG00000173821.19",-0.00390465956238352,0.00303972604166716,0.198951941437519
"chr17:78709732:78736692:clu_13879:ENSG00000108669.16",0.00522568505973284,0.00334051974645999,0.11773940139652
"chr17:80377796:80379620:clu_13970:ENSG00000173821.19",0.00100402959772532,0.00270765229975632,0.710777663792148
"chr17:78802538:78803385:clu_13884:ENSG00000055483.19",0.000598574088385989,0.00235757528015286,0.799577492787961
"chr17:78709732:78782202:clu_13879:ENSG00000108669.16",-0.00516695893448075,0.00342162858114984,0.131021069970561
"chr17:5214209:5215147:clu_11155:ENSG00000261879.5",0.001925555667008,0.00290405172792424,0.507293201877453
"chr17:4818344:4818494:clu_11085:ENSG00000129219.13",0.00304563097829106,0.00303861105650132,0.316193778260708
"chr17:5418141:5419354:clu_11178:ENSG00000108559.11",0.00826229747903728,0.0036291430883172,0.0228069885192788
"chr17:5480144:5481101:clu_11186:ENSG00000072849.10",0.0038689127974188,0.00375362774608585,0.302675441348762
"chr17:4720472:4720550:clu_11068:ENSG00000141480.17",-0.000278942408680667,0.00309402671705387,0.928163933002036
"chr17:4720472:4720586:clu_11068:ENSG00000141480.17",-0.000247014822478819,0.00279127733721448,0.929483049029383
"chr17:4807881:4807984:clu_11075:ENSG00000129219.13",-0.00314032734763336,0.00289377644448034,0.277832908235553
"chr17:5477999:5480054:clu_11185:ENSG00000072849.10",-0.000202863913493926,0.00353355394213044,0.954218015305404
"chr17:63822168:63823817:clu_13266:ENSG00000108592.16",-0.00573625411350247,0.0053181122953257,0.280754492631431
"chr17:63835020:63835412:clu_13274:ENSG00000108604.15",0.0241677800135347,0.00345869062057636,2.79720691054308e-12
"chr17:63821843:63821984:clu_13266:ENSG00000108592.16",0.00157271917366047,0.00471353567113227,0.738635998793335
"chr17:63482689:63483029:clu_13231:ENSG00000159640.15",-0.0015451672203832,0.00503085853626491,0.758738426897946
"chr17:61364216:61367526:clu_13185:ENSG00000267131.1",0.00292184838278135,0.00464243046992108,0.529100943669589
"chr17:7013516:7013666:clu_11232:ENSG00000219200.11",0.005642481735373,0.00312785172293575,0.0712394654211566
"chr17:6899461:6899593:clu_11228:ENSG00000262943.7",-0.00452566059619079,0.00279610107752584,0.105541718181006
"chr17:7503791:7508251:clu_11329:ENSG00000181222.15",0.0146912671097997,0.00520044756339492,0.00472805381968566
"chr17:6590578:6594972:clu_11206:ENSG00000198920.9",-0.00608492162554251,0.00269156450436676,0.0237754980612377
"chr17:7594347:7594679:clu_11349:ENSG00000129245.11",-0.0074001565094385,0.00336453989306215,0.0278455344513769
"chr17:7594004:7594238:clu_11349:ENSG00000129245.11",0.00809055270324249,0.00343536098599674,0.0185186784111985
"chr17:7319208:7320759:clu_11292:ENSG00000215041.9",0.0109872620900415,0.00354876023585095,0.00196094372422573
"chr17:7307113:7309615:clu_11282:ENSG00000132507.17",-0.010434589535839,0.00321863122189624,0.00118721572418601
"chr17:7284089:7284217:clu_11277:ENSG00000181856.14",-0.000542711743114401,0.00345058937366183,0.875023485998214
"chr17:7627414:7627557:clu_11353:ENSG00000141504.11",-0.00473793107775593,0.00409934554735652,0.247772205549522
"chr17:6899490:6899593:clu_11228:ENSG00000262943.7",-0.00064755151824944,0.00229736539519985,0.778045485345157
"chr17:34999856:35001257:clu_12052:ENSG00000005156.11",0.000115277429696325,0.00308150081870222,0.970158491647642
"chr17:73197081:73197226:clu_13490:ENSG00000166685.11",0.00322576396291618,0.0028006637660415,0.249409220867848
"chr17:29115840:29116444:clu_11911:ENSG00000196535.15",-0.00711544939325776,0.00530968876874212,0.180216786483564
"chr17:28682856:28682942:clu_11859:ENSG00000109111.14",-0.0043863354956461,0.00345306278441482,0.203987085388319
"chr17:28560191:28563431:clu_11835:ENSG00000087111.20",0.00194873664853366,0.00452420733621033,0.666660712858233
"chr17:28633751:28633895:clu_11850:ENSG00000007202.14",-0.00243192302726395,0.00521555655678296,0.641013265352237
"chr17:28898892:28900990:clu_11895:ENSG00000167536.13",0.000413351632722606,0.00437829506703844,0.924784053826707
"chr17:28913277:28913879:clu_11899:ENSG00000109118.13",0.0016338457760181,0.0054358623280886,0.76374400505503
"chr17:27882712:27882939:clu_11807:ENSG00000232859.9",0.00170521070195155,0.00413887830643316,0.680340691259169
"chr17:3640267:3647444:clu_10955:ENSG00000040531.14",-0.0050113989098668,0.00245507839372331,0.0412271925220529
"chr17:4731906:4732939:clu_11069:ENSG00000161920.9",0.00284035366745678,0.0034252909667344,0.406974331868439
"chr17:4710744:4715013:clu_11064:ENSG00000141480.17",-2.40934872610671e-05,0.00333822690457394,0.994241357717008
"chr17:4731906:4733050:clu_11069:ENSG00000161920.9",0.00123513576456443,0.00311801998781065,0.692010427508021
"chr17:4066540:4067163:clu_11020:ENSG00000074755.14",0.0048548257108809,0.00398053979506717,0.222601361150635
"chr17:4014188:4014347:clu_11014:ENSG00000074755.14",0.00246854720365916,0.00347776456156134,0.477822833700703
"chr17:4525193:4530632:clu_11043:ENSG00000183018.8",-0.00391649391979636,0.00321903035614388,0.223730240346991
"chr17:4973253:4974385:clu_11123:ENSG00000108509.20",-0.00142004764529895,0.00456713858919858,0.755855960743372
"chr17:3825050:3825767:clu_10990:ENSG00000074356.16",-0.00396096625507689,0.00391784080732682,0.312012862760706
"chr17:45133201:45135341:clu_12659:ENSG00000181513.14",0.0175885646168236,0.0048165899820214,0.000260547394102417
"chr17:45246604:45246867:clu_12680:ENSG00000184922.13",-0.00831060128794568,0.00588371301228106,0.157809959161404
"chr17:45246330:45246867:clu_12680:ENSG00000184922.13",-0.0042194755123003,0.00459417376295988,0.358388265660138
"chr17:45406083:45410232:clu_12694:ENSG00000159314.11",0.00320543991164858,0.0067730587826845,0.636025367087272
"chr17:44406051:44424349:clu_12619:ENSG00000186566.12",0.00712827969912693,0.00407393689880538,0.0801653344672374
"chr17:45974471:45978375:clu_12711:ENSG00000186868.15",0.00432958407353142,0.00462293125345812,0.348992552000774
"chr17:45978440:45987040:clu_12712:ENSG00000186868.15",-0.00513782518780688,0.00657581328205272,0.434613348325078
"chr17:45239241:45240490:clu_12672:ENSG00000233175.2",0.00932986408851108,0.00349008065020406,0.00751198602411673
"chr17:45983930:45987040:clu_12712:ENSG00000186868.15",-0.00991748930875942,0.00561768076786427,0.0774954966784366
"chr17:42466507:42468010:clu_12424:ENSG00000033627.16",0.0085900960268382,0.00706407711671642,0.223975309683478
"chr17:42854733:42855444:clu_12501:ENSG00000131471.6",-0.00523090598926362,0.00553221932623304,0.344385904253998
"chr17:9959255:9981804:clu_11480:ENSG00000007237.18",0.00336044464419737,0.00356876784350999,0.346384145601676
"chr17:35657791:35670857:clu_12077:ENSG00000006125.17",-0.00263959422950831,0.00451995647026501,0.559229294991568
"chr17:67128855:67135970:clu_13365:ENSG00000198265.11",-0.00780238458313488,0.00281643917915237,0.0056004492090892
"chr17:67195470:67201129:clu_13369:ENSG00000198265.11",0.00550672704967332,0.00328700785211839,0.0938752187028954
"chr17:67190355:67193967:clu_13369:ENSG00000198265.11",-0.00761123199440746,0.00310492475701767,0.0142324714381796
"chr17:66053879:66062963:clu_13348:ENSG00000154240.16",-0.000946754628426037,0.00363120223953195,0.794302583816974
"chr17:34980622:34983002:clu_12044:ENSG00000005156.11",-5.30508258818116e-05,0.00363510210302197,0.988356054053878
"chr17:16026702:16044445:clu_11551:ENSG00000011295.15",-0.0123698015301869,0.00377392659554624,0.00104656331435538
"chr17:16432300:16433574:clu_11577:ENSG00000187688.14",-0.0083429260433969,0.00399164263255844,0.036608957701451
"chr17:63478098:63479007:clu_13229:ENSG00000159640.15",0.00738744037419832,0.00529801883245877,0.163203518129754
"chr17:62671837:62671998:clu_13211:ENSG00000011028.13",-0.00384682835426735,0.00674497341424883,0.568457147782383
"chr17:68512548:68515394:clu_13407:ENSG00000108946.14",-0.000202591883681841,0.00595352047991278,0.972854087678192
"chr17:69219771:69221792:clu_13457:ENSG00000154263.17",-0.00289449430775979,0.0030015155630309,0.334873357239165
"chr17:69221895:69222533:clu_13457:ENSG00000154263.17",-0.0059923733803419,0.00332509111308842,0.0715189502890746
"chr17:4810951:4814367:clu_11078:ENSG00000129219.13",0.00304334315562572,0.00365256231089279,0.404727583176507
"chr17:4810951:4814418:clu_11078:ENSG00000129219.13",-0.00203185709542474,0.0034688021630112,0.558042321620438
"chr17:67078586:67086829:clu_13362:ENSG00000198265.11",0.00812666194784919,0.00393029021493624,0.038668221085142
"chr17:56901578:56904255:clu_13041:ENSG00000121060.16",-0.00248159929048554,0.0040271964181465,0.537755833333089
"chr17:56981230:56985378:clu_13045:ENSG00000121064.12",-0.00632296917368846,0.00331594070835077,0.0565412788021121
"chr17:58363406:58363526:clu_13105:ENSG00000108375.12",0.0048222709707516,0.00411635294350936,0.241401420183265
"chr17:57841260:57849240:clu_13065:ENSG00000181610.12",-0.000820005538189729,0.00325135429600422,0.800883153636773
"chr17:57111924:57112491:clu_13055:ENSG00000121057.12",0.00309442198151586,0.00329636239458274,0.347865069408547
"chr17:57885879:57955225:clu_13070:ENSG00000180891.12",0.00586015780106512,0.00375739487931602,0.118846586071951
"chr17:56987850:56988220:clu_13046:ENSG00000121064.12",-0.000588325944352262,0.00294272878320325,0.841539000798046
"chr17:57841256:57849240:clu_13065:ENSG00000181610.12",-6.84107052924411e-05,0.00326137425858139,0.983264771620332
"chr17:56856625:56858594:clu_13037:ENSG00000153933.9",0.00336102051229492,0.00303197156261651,0.267634545434196
"chr17:58087222:58089142:clu_13079:ENSG00000264364.2",-0.0111600812848183,0.0038660864545207,0.00389353393297875
"chr17:58214838:58216088:clu_13084:ENSG00000011143.16",-0.00497153842404191,0.00390909553115146,0.203448668600123
"chr17:58302447:58304338:clu_13086:ENSG00000005379.15",0.0089043392829032,0.00335555237096489,0.00796349687634312
"chr17:58208583:58210659:clu_13082:ENSG00000011143.16",-5.72995881724463e-05,0.00558816320810784,0.991818840302394
"chr17:56987850:56988216:clu_13046:ENSG00000121064.12",1.36726248600735e-05,0.00282031213543221,0.99613194106677
"chr17:58316540:58318280:clu_13093:ENSG00000005379.15",0.00340002925983473,0.00388802014554793,0.381852230573919
"chr17:58207218:58207894:clu_13080:ENSG00000011143.16",0.000854479086205039,0.00387465122151173,0.825457958135984
"chr17:58316132:58316425:clu_13093:ENSG00000005379.15",-0.00679747166664302,0.00369010471519796,0.0654633072073137
"chr17:58504974:58505472:clu_13106:ENSG00000108389.9",-0.00625533116952481,0.00309039064221004,0.0429574846201495
"chr17:19671956:19685275:clu_11741:ENSG00000072210.18",-0.0117955687260957,0.00525857271299347,0.0248895786896902
"chr17:19665047:19671721:clu_11741:ENSG00000072210.18",-0.00217125934795665,0.00565602935865139,0.701064402885923
"chr17:19919675:19920036:clu_11752:ENSG00000108599.14",-0.00395479872298326,0.00522709304456927,0.449291819973301
"chr17:80369867:80371874:clu_13967:ENSG00000173821.19",0.00131516638095545,0.00279499282230025,0.637966590524829
"chr17:79024494:79046555:clu_13894:ENSG00000173918.14",0.00349387128283972,0.00338570529142312,0.302096550230094
"chr17:80112100:80112578:clu_13932:ENSG00000171298.12",0.0021127228347254,0.00264423977435955,0.424295838256774
"chr17:76688176:76710605:clu_13796:ENSG00000182534.13",0.00238004616822172,0.0038602804815492,0.537533251290613
"chr17:76287897:76289992:clu_13759:ENSG00000129646.14",-0.00145855349600804,0.00362461010988589,0.687387561202526
"chr17:75926163:75926758:clu_13729:ENSG00000188878.19",-0.00463735650782119,0.00316807234030476,0.143254450286929
"chr17:76094581:76097796:clu_13745:ENSG00000182473.21",-0.00398247748388787,0.00348107463337771,0.252608375770497
"chr17:75215823:75225103:clu_13561:ENSG00000125450.10",-0.000232654435814168,0.00373519949865355,0.950334267090728
"chr17:74951633:74951905:clu_13536:ENSG00000167861.15",0.00643992860842222,0.00319063986895051,0.0435515405567831
"chr17:75506413:75506583:clu_13604:ENSG00000177303.9",-0.0115295355837995,0.00415678705178317,0.0055428689956486
"chr17:74955473:74955792:clu_13539:ENSG00000167861.15",-0.00180288756864745,0.00327796441926354,0.582317879997468
"chr17:75629842:75630184:clu_13657:ENSG00000108469.14",0.00177709332225366,0.00385642621364638,0.644932403905043
"chr17:75615338:75615523:clu_13643:ENSG00000266714.6",0.00258438226929532,0.00468628212311352,0.581305930261959
"chr17:75495643:75495966:clu_13595:ENSG00000177728.16",-0.0089235709662786,0.00356927792928183,0.012415636750145
"chr17:75496807:75497113:clu_13597:ENSG00000177728.16",-0.0105478589143016,0.00355101916135321,0.00297436322267008
"chr17:75602594:75602830:clu_13638:ENSG00000266714.6",0.0030808579928016,0.00308114776815023,0.317356023659958
"chr17:75104180:75105880:clu_13554:ENSG00000170190.15",0.000910190015364652,0.00330260423124574,0.782857103107798
"chr17:75497198:75497781:clu_13597:ENSG00000177728.16",0.00273639774709868,0.00320392092422436,0.393061881321932
"chr17:58311722:58311892:clu_13092:ENSG00000005379.15",-0.0116606711667994,0.00341306979876773,0.000634372475413314
"chr17:60085203:60088197:clu_13157:ENSG00000261040.6",0.0158247108817658,0.0057800757801767,0.00618510465825473
"chr17:58693811:58694931:clu_13118:ENSG00000108384.14",0.0104292510223057,0.00323382194051556,0.00125948822990885
"chr17:59945518:59946551:clu_13149:ENSG00000108443.13",0.00897351545851315,0.00710677053606458,0.206707318833353
"chr17:59886230:59892697:clu_13141:ENSG00000108423.14",-0.0059598881670854,0.0057163101615383,0.297128467187285
"chr17:58319294:58320531:clu_13095:ENSG00000005379.15",-0.016022789100614,0.00393775554765794,4.72121686180271e-05
"chr17:17847783:17848823:clu_11634:ENSG00000175662.17",-0.00420586795823701,0.00391442357183278,0.28261926328714
"chr17:18858261:18865802:clu_11711:ENSG00000141127.14",0.00293603271730702,0.00656552003707101,0.6547381216232
"chr17:18254178:18254521:clu_11678:ENSG00000177731.15",0.0248837164875773,0.00514450247111722,1.31844609740916e-06
"chr17:18971748:18977584:clu_11714:ENSG00000188522.14",0.00674376036237878,0.00457421321592367,0.140400963557462
"chr17:18245660:18245838:clu_11673:ENSG00000177731.15",-0.000340080244125154,0.00671829519808915,0.959628308811837
"chr17:41972031:41973475:clu_12378:ENSG00000173786.16",0.000781379819322822,0.00466159210885342,0.866881603185062
"chr17:42536655:42537398:clu_12432:ENSG00000108784.9",-0.00112373447891373,0.00394617508146198,0.775823813340893
"chr17:42811797:42812231:clu_12492:ENSG00000126581.12",-0.00135790819572105,0.00492944732123895,0.782956208599833
"chr17:42516897:42521027:clu_12431:ENSG00000033627.16",0.00190075287051535,0.00447001429641265,0.670674122111946
"chr17:42003557:42017340:clu_12382:ENSG00000168259.14",-0.00834468805773772,0.00524583896375253,0.111671440678326
"chr17:42348517:42388279:clu_12420:ENSG00000168610.14",0.0017740038491442,0.00432576893530416,0.681731573790701
"chr17:42130590:42137762:clu_12390:ENSG00000108774.14",0.00143107768999549,0.00404721093976208,0.723641655714528
"chr17:42569606:42569982:clu_12443:ENSG00000108788.11",-0.00256613747019531,0.00455703921200516,0.573356528011884
"chr17:42706185:42707958:clu_12473:ENSG00000108799.12",-0.00663169886780291,0.0045020112617194,0.140736884630381
"chr17:41835272:41835859:clu_12365:ENSG00000141698.16",-0.0066879499041091,0.00423085723148327,0.113934003472243
"chr17:42570183:42571547:clu_12441:ENSG00000108788.11",0.00201915335808695,0.00409909900448133,0.62230607735969
"chr17:43012277:43013047:clu_12516:ENSG00000068079.7",-0.00212770639524113,0.00374206950695372,0.569633851455535
"chr17:42722915:42724305:clu_12476:ENSG00000108799.12",-0.0113630319373488,0.00556289822274406,0.0410874915842339
"chr17:41835272:41835588:clu_12365:ENSG00000141698.16",0.00526918638786287,0.00365766487138031,0.149701246569202
"chr17:42812356:42813948:clu_12492:ENSG00000126581.12",0.00130373304759837,0.0055932986353249,0.815692759816843
"chr17:42762463:42762597:clu_12482:ENSG00000131477.10",-0.00595939290672899,0.00394230116228861,0.130622062452857
"chr17:41907572:41908989:clu_12369:ENSG00000131473.16",0.000874383546829879,0.00549571290992991,0.873587848571543
"chr17:42348520:42388279:clu_12420:ENSG00000168610.14",0.00345127603231469,0.00556072909837353,0.5348288076692
"chr17:42537545:42538339:clu_12432:ENSG00000108784.9",0.000767893006905221,0.00459967723191217,0.867413343659165
"chr17:42570172:42571547:clu_12441:ENSG00000108788.11",-0.00417509629064793,0.00440454351868729,0.343176956231332
"chr17:42807864:42809365:clu_12495:ENSG00000176563.9",-0.00262736183151678,0.0044296712439779,0.553095525411471
"chr17:41818278:41818382:clu_12357:ENSG00000141756.18",0.00413603032346065,0.00455410658002209,0.363773639642746
"chr17:42761899:42762355:clu_12482:ENSG00000131477.10",0.00340009037653805,0.00422486012727583,0.42094562804391
"chr17:55315447:55320664:clu_13026:ENSG00000108924.13",0.00094437563051789,0.00335668526516065,0.778448308462743
"chr17:75591016:75591172:clu_13629:ENSG00000266714.6",0.00138514314293658,0.00323887838103701,0.668897683481558
"chr17:75496074:75496282:clu_13596:ENSG00000177728.16",-0.00338812723902789,0.00333217874236971,0.309253166701603
"chr17:74864564:74864824:clu_13531:ENSG00000161513.11",-0.0002558170716794,0.00316176323414053,0.935513826913379
"chr17:74481326:74481726:clu_13515:ENSG00000167851.13",0.00372875648149988,0.00295943933749879,0.207686072621789
"chr17:75130637:75130753:clu_13556:ENSG00000125458.6",-0.00170523244274324,0.00323817562774179,0.59846942779363
"chr17:75286802:75288388:clu_13583:ENSG00000125454.11",0.0113168467209107,0.0035023371322739,0.00123259955832955
"chr17:75623854:75624015:clu_13651:ENSG00000266714.6",0.000566090531442519,0.00430834411732936,0.895463641341483
"chr17:74864347:74864480:clu_13531:ENSG00000161513.11",-0.000969150136348032,0.0031227283606163,0.756292039029905
"chr17:74864347:74864824:clu_13531:ENSG00000161513.11",0.00153543433212387,0.00399402512910398,0.70065768118763
"chr17:75242911:75243063:clu_13572:ENSG00000125447.16",-0.00128642683484364,0.00344675686533682,0.708978615110694
"chr17:47946393:47946614:clu_12803:ENSG00000108439.9",-0.0133455446131156,0.00481795675893214,0.00560632804740724
"chr17:49219625:49219858:clu_12864:ENSG00000108798.8",-0.00673760871451645,0.00391281521404566,0.0850815138451763
"chr17:48933346:48936170:clu_12859:ENSG00000159210.9",0.0281279304389066,0.0042271014560077,2.8486768499647e-11
"chr17:49217915:49219540:clu_12864:ENSG00000108798.8",0.00482048530368329,0.00392252622099298,0.219100427366221
"chr17:74432141:74439745:clu_13511:ENSG00000170412.16",0.00353113071302945,0.00328388244629775,0.282244263527905
"chr17:74432523:74439745:clu_13511:ENSG00000170412.16",-0.00605117916999022,0.00331967562894556,0.0683302906241945
"chr17:47819782:47819971:clu_12791:ENSG00000006025.11",0.00204353874222613,0.00470191929075772,0.663839729884082
"chr17:48026475:48029137:clu_12814:ENSG00000005243.9",0.0156263309494819,0.0039528900343453,7.71320122477936e-05
"chr17:47613725:47618350:clu_12773:ENSG00000141279.15",-0.0134013602880058,0.00577831350023767,0.0203814219429076
"chr17:47810835:47813266:clu_12788:ENSG00000006025.11",-0.0148346704933369,0.00437391048305025,0.000694790940634182
"chr17:48033944:48037667:clu_12816:ENSG00000005243.9",0.00889127505771957,0.00487544058310532,0.0681994845221738
"chr17:48029176:48032686:clu_12815:ENSG00000005243.9",0.0305180407714616,0.00576579355741294,1.20360690414323e-07
"chr17:47816695:47816780:clu_12790:ENSG00000006025.11",0.0117287363105338,0.00309150129733765,0.000148320772623278
"chr17:47617416:47618350:clu_12773:ENSG00000141279.15",0.0149558898421514,0.00501710263450555,0.00287326204968852
"chr17:47664269:47665057:clu_12776:ENSG00000108424.9",0.00682307550008831,0.00486813869058158,0.161041336552043
"chr17:47694194:47696079:clu_12779:ENSG00000198933.9",0.00724901244655411,0.00433745921739407,0.0946707726141942
"chr17:79024494:79043955:clu_13894:ENSG00000173918.14",-0.00446274747836813,0.00289293703548924,0.122919230507414
"chr17:79034533:79043955:clu_13894:ENSG00000173918.14",-0.00073888522233222,0.00271213414431957,0.785286158863314
"chr17:79000270:79005372:clu_13893:ENSG00000171302.16",0.00256683063110158,0.00328676384660074,0.43482610388069
"chr17:80429831:80430041:clu_13977:ENSG00000173818.16",0.00410742945754224,0.00294114617056633,0.162551822794494
"chr17:80101890:80104555:clu_13929:ENSG00000141519.14",0.000642985918194358,0.00273443463246793,0.814096962929308
"chr17:80203965:80204499:clu_13941:ENSG00000262580.5",0.00146798170688019,0.0029282340202337,0.616146069399116
"chr17:80273404:80278764:clu_13957:ENSG00000173821.19",-0.00208636669111802,0.00308206693990384,0.498445609545019
"chr17:80112100:80112468:clu_13932:ENSG00000171298.12",-0.000589064066960809,0.00316485085969031,0.852345200885857
"chr17:79945087:79947645:clu_13916:ENSG00000167291.15",-0.00377126363306203,0.00271384485197927,0.164638640126189
"chr17:80101890:80104555:clu_13929:ENSG00000171298.12",0.000384193700894777,0.00264159570183351,0.884363478379284
"chr17:7313291:7313380:clu_11284:ENSG00000132522.15",0.00991548744727487,0.00464508200258414,0.0327920183776337
"chr17:7313097:7313212:clu_11283:ENSG00000132522.15",-0.00889254943694192,0.00327935138282011,0.00669433145237608
"chr17:7224243:7224321:clu_11254:ENSG00000072778.19",0.00446169299709488,0.00324148893715842,0.168687554590137
"chr17:5453980:5455160:clu_11183:ENSG00000005100.12",0.00029423809056542,0.00355233378848166,0.933987098896293
"chr17:7313124:7313212:clu_11283:ENSG00000132522.15",0.00695265880394794,0.00321457828307478,0.0305525230823571
"chr17:18523877:18528573:clu_11695:ENSG00000273018.5",0.0113489919782014,0.00491799834699201,0.0210189156934912
"chr17:18256597:18256909:clu_11679:ENSG00000177731.15",5.59798909503644e-05,0.00456057605205689,0.990206419408261
"chr17:18241715:18241885:clu_11669:ENSG00000131899.10",-0.0059910712611998,0.0041577951398055,0.149605852041653
"chr17:18701445:18704619:clu_11702:ENSG00000108448.20",-0.00968398241461124,0.00546885327084498,0.0766019648839197
"chr17:19379947:19380608:clu_11722:ENSG00000166484.19",0.0108544027428048,0.00676192595641746,0.10844461805555
"chr17:19312144:19313126:clu_11717:ENSG00000072134.15",-0.00726316199148374,0.00612935040359234,0.23602507400962
"chr17:18255263:18256526:clu_11679:ENSG00000177731.15",-0.0082416180347419,0.00436657112837575,0.0591018764447474
"chr17:18356000:18363372:clu_11689:ENSG00000176974.19",0.00392912331408131,0.00529350630402212,0.457933790055449
"chr17:68984979:68985053:clu_13429:ENSG00000154258.16",0.00408174184808353,0.00342785908057206,0.233749606565428
"chr17:45135953:45136108:clu_12661:ENSG00000181513.14",0.00548763535151448,0.00361886750136499,0.129419309406228
"chr17:69255634:69255729:clu_13461:ENSG00000154265.15",0.00753530940730763,0.00358902821134152,0.0357692981922609
"chr17:69255634:69255733:clu_13461:ENSG00000154265.15",-0.00808077524973601,0.00350307761956673,0.0210679498143558
"chr17:72084028:72084990:clu_13479:ENSG00000234899.9",0.00291025239820409,0.00248004583422945,0.240608509619856
"chr17:72071231:72074549:clu_13478:ENSG00000234899.9",0.00518689189930584,0.00298583656635142,0.0823579846165328
"chr17:12984908:12987101:clu_11513:ENSG00000006740.16",-0.00386723491525247,0.00329551353284871,0.240601463830361
"chr17:35367063:35367603:clu_12064:ENSG00000172716.16",0.000988038124675093,0.00394435252184305,0.802205053206618
"chr17:60066386:60067431:clu_13154:ENSG00000068097.14",-0.00356641736513624,0.00654841916968745,0.586013077331804
"chr17:59001714:59012328:clu_13121:ENSG00000108395.13",-0.013138205366023,0.00525311173536349,0.0123831668170926
"chr17:59958444:59962540:clu_13150:ENSG00000189050.15",0.0242876630697192,0.00638997850062423,0.000144172046856017
"chr17:58512941:58514363:clu_13108:ENSG00000108389.9",0.0150864485484271,0.00498625714168536,0.00248135572013508
"chr17:59735473:59738837:clu_13139:ENSG00000062716.12",0.00475047285364726,0.0053895994911073,0.378093340383757
"chr17:35117037:35118501:clu_12056:ENSG00000185379.20",-0.00101828671594676,0.0037770864041952,0.787471214516572
"chr17:35717349:35723625:clu_12079:ENSG00000006125.17",-0.000856226715367088,0.00407729521769723,0.833668683809959
"chr17:2696535:2696719:clu_10940:ENSG00000132361.16",-0.00305779111547071,0.00248398568263734,0.218322150566372
"chr17:2363134:2363465:clu_10913:ENSG00000141258.12",-0.00973218731898798,0.00291402640195669,0.000838468306943119
"chr17:2696538:2696719:clu_10940:ENSG00000132361.16",0.00151314964851542,0.00245230935376874,0.537214613289738
"chr17:3624231:3630205:clu_10965:ENSG00000197417.7",0.002397154995813,0.00302829515374976,0.428602315321954
"chr17:1709886:1710067:clu_10864:ENSG00000186594.14",-0.00470180744738363,0.00332321928475214,0.15711683621228
"chr17:1709886:1710067:clu_10864:ENSG00000185561.9",-0.00470180744738363,0.00332321928475214,0.15711683621228
"chr17:15701240:15706387:clu_11542:ENSG00000187607.15",0.00303508295788765,0.00274614052762774,0.269065294304234
"chr17:15706501:15708155:clu_11542:ENSG00000187607.15",-0.00547506221377028,0.00272460765815251,0.0444855685798637
"chr17:64003964:64005107:clu_13282:ENSG00000108622.10",0.000701959292414099,0.00634060236314646,0.911847415882652
"chr17:64145995:64146230:clu_13288:ENSG00000266402.3",-0.00781128725527594,0.00497440017463373,0.116345957745003
"chr17:64057993:64060469:clu_13285:ENSG00000178607.15",0.00666876751401436,0.00618556489319682,0.280981196225024
"chr17:63435791:63436054:clu_13227:ENSG00000008283.15",-0.00857095565623759,0.0068877507822916,0.21336100396014
"chr17:40482416:40484484:clu_12324:ENSG00000131746.12",-0.0213005213589017,0.00652126878908012,0.00108956780240588
"chr17:3650261:3650357:clu_10968:ENSG00000262903.1",0.00626751809721859,0.00275910091767768,0.0231118980070588
"chr17:4808416:4809100:clu_11076:ENSG00000129219.13",-0.00341511897773624,0.00359834696865138,0.342579948633717
"chr17:4025118:4032126:clu_11016:ENSG00000074755.14",0.00257735564206146,0.0025287982066341,0.308107180178158
"chr17:4066536:4067163:clu_11020:ENSG00000074755.14",-0.00509858337948323,0.00407985911187204,0.211410639964985
"chr17:4675195:4675274:clu_11059:ENSG00000141456.14",-0.0022713134660123,0.00362883966163115,0.531376427327875
"chr17:4022828:4024919:clu_11016:ENSG00000074755.14",-0.000278093066712177,0.0026300970373626,0.915792683478429
"chr17:4143313:4149891:clu_11026:ENSG00000167740.9",-0.00855438772436914,0.00315612487797726,0.00672003852911862
"chr17:4892234:4892402:clu_11093:ENSG00000141503.15",0.0102970028937375,0.00407310207626865,0.0114698241528579
"chr17:4054195:4057994:clu_11019:ENSG00000074755.14",-0.00605735756762746,0.00315454255963659,0.0548324437188594
"chr17:4529882:4530632:clu_11043:ENSG00000183018.8",-0.00160869934208649,0.00343197923729325,0.639256867682791
"chr17:16787122:16796043:clu_11587:ENSG00000188933.14",0.00973259125147112,0.00457887826205533,0.033541537295848
"chr17:17175412:17176426:clu_11604:ENSG00000133030.20",-0.00510883591999999,0.0048463140276474,0.291805369939111
"chr17:16819628:16819935:clu_11591:ENSG00000226145.7",-0.00043621070203595,0.00454437368720521,0.923529166305997
"chr17:16342720:16347550:clu_11569:ENSG00000108474.16",-0.0106659925727497,0.00421865636718491,0.0114619178824996
"chr17:16343735:16347545:clu_11569:ENSG00000108474.16",-0.0030222081599268,0.00454412106840415,0.505998746161443
"chr17:16342720:16347545:clu_11569:ENSG00000108474.16",-0.0121273625608185,0.00418474965310114,0.00375562588936718
"chr17:16326905:16347545:clu_11569:ENSG00000108474.16",0.000439371327743965,0.00355394471781105,0.90160887482931
"chr17:17254945:17260301:clu_11615:ENSG00000141030.12",-0.00999664162674202,0.00395609537847914,0.0115075570654202
"chr17:17228821:17231794:clu_11612:ENSG00000154803.12",0.00452146968475858,0.00415475096286406,0.276478176469672
"chr17:17224143:17224458:clu_11610:ENSG00000154803.12",0.00387543762799235,0.00350308201330386,0.268599409573839
"chr17:17231882:17232788:clu_11612:ENSG00000154803.12",0.00154356042382994,0.00329261949322167,0.6392168540991
"chr17:17222661:17226176:clu_11610:ENSG00000154803.12",0.00238606706916696,0.00425754807314054,0.575184667645141
"chr17:17229830:17231794:clu_11612:ENSG00000154803.12",-0.00317263498218885,0.00383988677546686,0.408672845836238
"chr17:17222661:17223922:clu_11610:ENSG00000154803.12",-0.000309181395816231,0.00387753827181655,0.936446815643458
"chr17:17221628:17222501:clu_11610:ENSG00000154803.12",-0.00436483922651282,0.00318827397265712,0.170990239669121
"chr17:17505848:17506227:clu_11622:ENSG00000133027.17",-0.0045083490392539,0.00404832439733434,0.265436515294714
"chr17:17228161:17228623:clu_11612:ENSG00000154803.12",-0.00206217998667279,0.00336885927926454,0.540451719691025
"chr17:17078076:17096768:clu_11598:ENSG00000133030.20",-0.000627290112684412,0.00544169829006549,0.908227394806029
"chr17:17995095:17995607:clu_11645:ENSG00000171962.17",-0.0100563793490407,0.0048680728936769,0.038849029834535
"chr17:18245660:18245744:clu_11673:ENSG00000177731.15",-0.00449569134874228,0.00540140995557246,0.405229408636446
"chr17:17219209:17221537:clu_11610:ENSG00000154803.12",0.00320281312667058,0.00530381228537996,0.545930075349164
"chr17:17221459:17221537:clu_11610:ENSG00000154803.12",-0.00102983682372384,0.00337027766424133,0.759936340404903
"chr17:17271008:17276035:clu_11617:ENSG00000141030.12",-0.00588024026470599,0.00349393995481816,0.092378453472481
"chr17:17215316:17217069:clu_11609:ENSG00000154803.12",0.0072143643797578,0.00597619088903868,0.227361138971584
"chr17:18241999:18242166:clu_11670:ENSG00000131899.10",0.0134683246069577,0.00547661867416513,0.013923115943248
"chr17:17752506:17754229:clu_11626:ENSG00000108557.18",0.00116770036472339,0.00463083922931794,0.80091940671138
"chr17:18241999:18242172:clu_11670:ENSG00000131899.10",-0.0155045747394316,0.00579933037461828,0.0075061768514233
"chr17:17078076:17126702:clu_11598:ENSG00000133030.20",-0.00755059048601074,0.00509879711894086,0.138644627064747
"chr17:68433575:68434420:clu_13408:ENSG00000070540.12",-0.0102671678358885,0.00434593156396244,0.0181532174393316
"chr17:67964404:67966572:clu_13392:ENSG00000171634.16",0.00428569415287206,0.00334378926951359,0.199952161108145
"chr17:8144993:8145958:clu_11410:ENSG00000179094.15",-0.00820032293501619,0.00385882579392427,0.0335797345146408
"chr17:8146137:8146372:clu_11410:ENSG00000179094.15",-0.00340606424966613,0.00388889422837019,0.381114906133971
"chr17:8162369:8162878:clu_11418:ENSG00000220205.8",-0.00396205649101064,0.00411479672455998,0.335607622913597
"chr17:8162369:8162444:clu_11418:ENSG00000220205.8",0.00596305690138716,0.00420273582427954,0.15594239277962
"chr17:8477048:8478338:clu_11451:ENSG00000133026.12",-0.00763389987605756,0.00475544619214636,0.108428626984467
"chr17:8450953:8460009:clu_11450:ENSG00000166579.15",-0.0199571383977492,0.00354716301022165,1.8419569980388e-08
"chr17:39547830:39551038:clu_12243:ENSG00000167258.13",-0.00153785019634538,0.00386880752476237,0.690998937997972
"chr17:39419918:39423327:clu_12236:ENSG00000125686.11",0.00078487849607917,0.00350792104417986,0.822956016464767
"chr17:39672866:39673051:clu_12255:ENSG00000161395.13",0.00127502224512424,0.00412678655238887,0.757350061097777
"chr17:39627473:39629170:clu_12244:ENSG00000131771.13",0.0015305333081248,0.00487470541850826,0.753540388797619
"chr17:40833199:40834382:clu_12331:ENSG00000167920.8",-0.000893238326645398,0.00379150373180994,0.81375125095855
"chr17:39628706:39629170:clu_12244:ENSG00000131771.13",-0.00322890784983081,0.00449064909654431,0.472122925336099
"chr17:39526316:39530604:clu_12242:ENSG00000167258.13",-0.00466551020156572,0.00505172448229607,0.355721681810841
"chr17:40164166:40166797:clu_12305:ENSG00000108349.16",0.00526195120483971,0.00718911801936052,0.464209591600488
"chr17:40029004:40029748:clu_12290:ENSG00000008838.19",-0.000282319642379297,0.00415943538691887,0.94588552932835
"chr17:40028968:40029748:clu_12290:ENSG00000008838.19",0.000508162188396076,0.00413478022568302,0.902186726373615
"chr17:39724010:39724726:clu_12264:ENSG00000141736.13",-0.00403132642318805,0.00464255427109343,0.38520695195962
"chr17:40930096:40931373:clu_12335:ENSG00000108244.16",-0.0178604221529278,0.00696580882051604,0.0103469763995458
"chr17:39724010:39724841:clu_12264:ENSG00000141736.13",0.00431691309771096,0.00461135460769661,0.349196690203261
"chr17:39923263:39924030:clu_12278:ENSG00000172057.9",0.00854862458721172,0.00466726984151164,0.0670093391185735
"chr17:39712448:39715286:clu_12259:ENSG00000141736.13",-0.00491332275829976,0.00451672860287029,0.276680927981848
"chr17:39725853:39726562:clu_12265:ENSG00000141736.13",-0.00655245376383774,0.00426306742401361,0.12428646617317
"chr17:39531408:39544249:clu_12242:ENSG00000167258.13",-5.78984353678552e-06,0.00417671579420219,0.998893957473869
"chr17:39673255:39673514:clu_12255:ENSG00000161395.13",0.00367657958880999,0.00376195218986397,0.328417533319192
"chr17:39443628:39447798:clu_12238:ENSG00000125686.11",0.0137732322116798,0.00397869346080613,0.000536680371533982
"chr17:40818482:40818787:clu_12330:ENSG00000186395.7",-0.0049648498840419,0.00401635394242769,0.216399670026369
"chr17:39658820:39659051:clu_12250:ENSG00000131748.15",0.00374569153131048,0.00409516301768455,0.36036890238618
"chr17:40161911:40162002:clu_12304:ENSG00000108349.16",0.00134556290540555,0.00575905821628379,0.815262241202806
"chr17:39725853:39726815:clu_12265:ENSG00000141736.13",-0.00762192271162619,0.00549434504487398,0.165371505219328
"chr17:39524885:39525864:clu_12241:ENSG00000167258.13",-0.00917630887665006,0.00421805361242774,0.0295938528444299
"chr17:40167948:40168203:clu_12307:ENSG00000108349.16",-0.00132320697716236,0.00323971223570609,0.682955449979981
"chr17:40053635:40054361:clu_12294:ENSG00000008838.19",0.000153014172496563,0.00421600908889833,0.971048248306211
"chr17:42688611:42688876:clu_12467:ENSG00000108797.11",0.00782046828302839,0.00547159434077307,0.152922305805712
"chr17:42568559:42568837:clu_12440:ENSG00000108788.11",-0.00595591002379434,0.00739905128001181,0.42084512547627
"chr17:42669621:42669918:clu_12455:ENSG00000068137.14",0.0106593334809082,0.00653925820923601,0.103090424581886
"chr17:42022472:42023654:clu_12384:ENSG00000168256.17",-0.00387648531309422,0.00527802307270767,0.462669759259612
"chr17:41771862:41786588:clu_12352:ENSG00000173801.16",-0.00207473138766099,0.0032089818373872,0.517930453385156
"chr17:40819170:40833115:clu_12331:ENSG00000167920.8",0.00657319628137266,0.00498553760578937,0.187352097800819
"chr17:42689047:42689521:clu_12467:ENSG00000108797.11",-0.00237994456878202,0.00504027260784234,0.636794257266108
"chr17:42697799:42697903:clu_12471:ENSG00000108797.11",0.00465031297067301,0.00434909762525182,0.284952856197316
"chr17:42761075:42761834:clu_12481:ENSG00000131477.10",-0.0143911554708895,0.00554338627672105,0.00942900865370611
"chr17:42660707:42661201:clu_12451:ENSG00000037042.8",-0.000623548271743252,0.00442519568654376,0.887942122622791
"chr17:41771862:41786566:clu_12352:ENSG00000173801.16",-0.000149195169957085,0.00291721091373326,0.959211502872963
"chr17:42697950:42698618:clu_12471:ENSG00000108797.11",-0.00479343979886933,0.00445484205402212,0.281924269870689
"chr17:41825657:41828790:clu_12362:ENSG00000141698.16",-0.0291529890304341,0.0123217771805609,0.0179827680035783
"chr17:42669621:42669943:clu_12455:ENSG00000068137.14",-0.0175990743024242,0.00692349287385145,0.0110240424620833
"chr17:42722915:42727635:clu_12476:ENSG00000108799.12",-0.00451314945951612,0.00615654536155936,0.463518633904222
"chr17:41966887:41971892:clu_12377:ENSG00000173786.16",0.000389184134383586,0.00439528160452987,0.929442810265672
"chr17:35824198:35834566:clu_12089:ENSG00000270647.5",0.00181535015785082,0.00583888947388315,0.755871511828578
"chr17:54950126:54960566:clu_13015:ENSG00000141198.14",-0.00438431864315042,0.00364006198278099,0.228410816058525
"chr17:54900923:54912666:clu_13012:ENSG00000141198.14",-0.00230821023437978,0.0035296732431986,0.513147593816017
"chr17:39415339:39419717:clu_12236:ENSG00000125686.11",0.00248761887153533,0.00334137700278778,0.456580612445798
"chr17:39726659:39726815:clu_12265:ENSG00000141736.13",0.00603822330596006,0.00460755489790065,0.190025085086931
"chr17:39078048:39079104:clu_12218:ENSG00000161381.13",-0.0119768296665131,0.00400574095024116,0.002790540140854
"chr17:54906786:54912666:clu_13012:ENSG00000141198.14",-0.000233805713571129,0.00606830130111384,0.969265892547915
"chr17:54960627:54961235:clu_13016:ENSG00000141198.14",0.00356424123366467,0.00367686838844061,0.332361249214529
"chr17:54960627:54961238:clu_13016:ENSG00000141198.14",-0.00524943164207865,0.00352515957596375,0.136452335488114
"chr17:79096692:79097292:clu_13907:ENSG00000167281.18",0.00193031760964059,0.00279974608876848,0.490532787167794
"chr17:79096833:79097292:clu_13907:ENSG00000167281.18",-0.0021186814927962,0.00281863758644093,0.452250351420549
"chr17:42516949:42521027:clu_12431:ENSG00000033627.16",0.00574128342612035,0.00797366331624884,0.471506012858878
"chr17:42304652:42305610:clu_12411:ENSG00000126561.16",-0.0072315300599397,0.00419223354596062,0.0845306023731913
"chr17:41689069:41689778:clu_12348:ENSG00000173812.10",0.00213514293823608,0.00529593341332714,0.686825742302605
"chr17:43148783:43159126:clu_12533:ENSG00000267002.2",0.00938585739523662,0.0025810005008651,0.000276347253864273
"chr17:42981074:42987256:clu_12512:ENSG00000198863.7",0.000191027646487974,0.00519645887764263,0.970675475115127
"chr17:42979268:42979378:clu_12509:ENSG00000267060.5",-0.000748818727351482,0.00471407618739897,0.87378910616653
"chr17:41910284:41912420:clu_12370:ENSG00000131473.16",-0.00441228988424643,0.0049028350485451,0.368148652787401
"chr17:42520661:42521027:clu_12431:ENSG00000033627.16",0.00548978868038334,0.00515271514632391,0.286687410464647
"chr17:42970342:42971607:clu_12509:ENSG00000267060.5",-0.00181832051887865,0.0044351256226295,0.68181934262742
"chr17:42538755:42541039:clu_12433:ENSG00000108784.9",-0.0017152198832252,0.00413648258237673,0.678393293558663
"chr17:42305702:42306241:clu_12411:ENSG00000126561.16",0.00945387293243855,0.00429819076315313,0.0278423503214592
"chr17:42702592:42702877:clu_12463:ENSG00000108799.12",-0.00504830874128323,0.00615684774856743,0.412244478994633
"chr17:41893174:41896620:clu_12367:ENSG00000131473.16",-0.00421502202684401,0.00528043511191495,0.424734799792193
"chr17:41911406:41912420:clu_12370:ENSG00000131473.16",0.00373764217596404,0.00504341261474454,0.458636525756991
"chr17:43148783:43170126:clu_12533:ENSG00000267002.2",-0.0044075442777552,0.00573743939333214,0.442363886863482
"chr17:42663052:42663377:clu_12451:ENSG00000037042.8",-0.00364694744958705,0.00541208741258092,0.500405232443564
"chr17:42541206:42543028:clu_12433:ENSG00000108784.9",0.00386934269148586,0.0048627669248913,0.426201758279086
"chr17:42702592:42702877:clu_12463:ENSG00000184451.5",-0.00620841206756365,0.0054158310688084,0.251652338528499
"chr17:80087776:80088011:clu_13926:ENSG00000141519.14",-0.00218260065265653,0.00294880764903045,0.459200614616099
"chr17:81238873:81238986:clu_14013:ENSG00000167302.10",0.00573408360171749,0.00294862718964403,0.0518156574534082
"chr17:80087826:80088011:clu_13926:ENSG00000141519.14",0.00216324777021003,0.00302616894622963,0.474703594088568
"chr17:37471137:37474556:clu_12150:ENSG00000276234.4",0.014816811960229,0.00418347359258905,0.000397484029692641
"chr17:37596344:37600363:clu_12160:ENSG00000275066.4",0.00442513373093134,0.00290825297039898,0.128114854086084
"chr17:37596341:37600363:clu_12160:ENSG00000275066.4",0.00108934052931064,0.00348712776966032,0.754744871532727
"chr17:37619839:37620873:clu_12162:ENSG00000278053.4",0.0178760831714766,0.00330930637142724,6.59897152477384e-08
"chr17:36592156:36594971:clu_12124:ENSG00000278535.4",0.00316975208398526,0.00465478903918107,0.495893138779807
"chr17:67924589:67928355:clu_13386:ENSG00000171634.16",0.000222451530196052,0.00336095751524475,0.947228985629557
"chr17:67944372:67945409:clu_13388:ENSG00000171634.16",-0.000850392478165549,0.00304789802983038,0.780237541063013
"chr17:67894165:67903789:clu_13384:ENSG00000171634.16",-0.000944208692408608,0.0041813804080794,0.821347118967256
"chr17:78205518:78205946:clu_13869:ENSG00000183077.15",0.00016767880640201,0.00267515228068658,0.950021245934152
"chr17:78202751:78205440:clu_13869:ENSG00000183077.15",0.00325310080720164,0.00262774939523876,0.215723531671507
"chr17:78064937:78067757:clu_13844:ENSG00000078687.17",-0.00102361705567642,0.00304766568700804,0.736969499197863
"chr17:78419725:78420214:clu_13876:ENSG00000087157.18",0.00010011925301999,0.00236755873770378,0.966269135208505
"chr17:78419675:78424061:clu_13876:ENSG00000087157.18",-0.0003031239450008,0.00271577608860558,0.911127919849979
"chr17:78175618:78182589:clu_13867:ENSG00000167900.11",0.00302181407173307,0.00349942843214387,0.387853570329009
"chr17:78005079:78012003:clu_13842:ENSG00000078687.17",-0.00198735427859949,0.00351883596277714,0.572226098637446
"chr17:78835501:78836111:clu_13888:ENSG00000055483.19",0.00530236044721174,0.00240316543006264,0.0273555322338325
"chr17:78205738:78205946:clu_13869:ENSG00000183077.15",0.0018528025160866,0.00286956401647827,0.518490583564173
"chr17:78191060:78206911:clu_13869:ENSG00000183077.15",-0.00889836694002006,0.00407331640296046,0.0289217926901237
"chr17:75098181:75100007:clu_13553:ENSG00000170190.15",-0.00180239347467843,0.00352581291318782,0.60921143303502
"chr17:75493916:75494710:clu_13593:ENSG00000177728.16",0.00746118209461197,0.00301896054227898,0.0134569850346951
"chr17:75607302:75610166:clu_13635:ENSG00000266714.6",-0.00824745116461835,0.00287148212584615,0.00407633794431328
"chr17:75218306:75225342:clu_13561:ENSG00000125450.10",0.00484671673837546,0.00426744781984826,0.256064850018266
"chr17:75613209:75613293:clu_13640:ENSG00000266714.6",-0.00883882376218648,0.00312951865041656,0.00473781411786156
"chr17:75100816:75104022:clu_13553:ENSG00000170190.15",-0.00873657451672605,0.0031605694783294,0.00570554493518449
"chr17:75505073:75505557:clu_13601:ENSG00000177303.9",-0.0011105924462443,0.00315096085645203,0.724492173401089
"chr17:75493916:75494627:clu_13593:ENSG00000177728.16",-0.00388480160234984,0.00299944933320794,0.195261038375772
"chr17:76775171:76776406:clu_13809:ENSG00000092931.11",-0.00297932487179838,0.00287083908004212,0.299368355258171
"chr17:75573980:75574213:clu_13625:ENSG00000073350.13",0.00326616515984922,0.0036947348504526,0.376693356186059
"chr17:75957566:75960215:clu_13734:ENSG00000161533.11",0.00599401609126682,0.00391322538490484,0.125588358672521
"chr17:75573631:75573952:clu_13625:ENSG00000073350.13",-0.00197298477560372,0.00318151662943562,0.535165815374783
"chr17:75606021:75606933:clu_13635:ENSG00000266714.6",0.000153786792279022,0.00258651766201374,0.952588048707454
"chr17:75504480:75504572:clu_13601:ENSG00000177303.9",0.000112971292843003,0.00313960615776205,0.971296207681821
"chr17:76017911:76018161:clu_13742:ENSG00000167880.7",-0.00447490163271384,0.00352256354098871,0.203958667291022
"chr17:75817490:75818103:clu_13695:ENSG00000132478.9",0.00144707443263169,0.00421800432183287,0.73154514145956
"chr17:75606021:75610166:clu_13635:ENSG00000266714.6",-0.00386904516757245,0.0024959747235129,0.121114175116734
"chr17:75592301:75592679:clu_13631:ENSG00000266714.6",-0.00212379753262335,0.00248362282428344,0.392484276560994
"chr17:75979511:75985173:clu_13736:ENSG00000257949.6",-0.00150295789167747,0.00331407039128868,0.650182884838551
"chr17:75603312:75605504:clu_13635:ENSG00000266714.6",0.0027928089674535,0.00373011179373209,0.454026040627036
"chr17:75630277:75630779:clu_13658:ENSG00000108469.14",-0.000511428565336552,0.00463484955067761,0.912136439027752
"chr17:77196311:77200484:clu_13817:ENSG00000129657.14",-0.00384932693531511,0.00271182599104119,0.155765120983407
"chr17:75891347:75892011:clu_13716:ENSG00000141569.10",-0.0049352913026921,0.00366492615843634,0.1781001489929
"chr17:76061219:76061492:clu_13748:ENSG00000167881.14",-0.00445508493900027,0.00467164013929559,0.340263512403125
"chr17:75818816:75819684:clu_13695:ENSG00000132478.9",-0.00408976685332581,0.00384806977852135,0.287868145831798
"chr17:76399921:76400147:clu_13771:ENSG00000175931.12",0.00113395727456475,0.00275652115962954,0.680799342595213
"chr17:76399921:76400222:clu_13771:ENSG00000175931.12",-0.00205217988510228,0.00305970422537884,0.502404111602747
"chr17:77194911:77196202:clu_13817:ENSG00000129657.14",0.00299240763541998,0.00310690159185291,0.335473001045817
"chr17:75914298:75914830:clu_13723:ENSG00000188878.19",-0.000756626296794195,0.00401729206889816,0.850608275599221
"chr17:75792019:75792313:clu_13690:ENSG00000132478.9",-0.00636130561871909,0.0033936339044619,0.0608640227473324
"chr17:76061574:76063976:clu_13748:ENSG00000167881.14",0.00666615193987131,0.00401827081142501,0.0971237829063661
"chr17:75819785:75819920:clu_13696:ENSG00000132478.9",0.00127743549880942,0.00358914103142356,0.721902893153555
"chr17:76540573:76553109:clu_13779:ENSG00000214140.10",-0.00693234328510268,0.00373392873095058,0.0633707072669412
"chr17:75979511:75986187:clu_13736:ENSG00000257949.6",-0.00022857226097226,0.00354650143928709,0.948611863903327
"chr17:76573363:76574365:clu_13789:ENSG00000070731.10",-0.00431436660195971,0.00365795729651543,0.238220246426253
"chr17:75820108:75822477:clu_13696:ENSG00000132478.9",-0.00429879243075105,0.00343946006600112,0.211356124685958
"chr17:78420323:78424061:clu_13876:ENSG00000087157.18",-0.00257363476882118,0.0022197845909823,0.246290145760556
"chr17:77488864:77490742:clu_13833:ENSG00000184640.17",0.00278036767268637,0.00349207146516221,0.42591906400315
"chr17:76398584:76398837:clu_13770:ENSG00000175931.12",-0.00213719664144445,0.0035590102819218,0.548171007833491
"chr17:31886061:31887236:clu_12000:ENSG00000108651.9",0.00982438068725269,0.00449321985658321,0.0287797689538601
"chr17:35026561:35089105:clu_12045:ENSG00000092871.16",0.00186967305491618,0.00292703953892308,0.522979678393789
"chr17:35026561:35089105:clu_12045:ENSG00000185379.20",0.000844144705792587,0.00288341390709626,0.769706545678468
"chr17:32331978:32334469:clu_12018:ENSG00000108666.9",-0.00718450986109215,0.00287383059491786,0.0124201434189746
"chr17:30988106:30993840:clu_11975:ENSG00000181481.13",0.00218836012176248,0.00523771287480716,0.676087252685344
"chr17:32474824:32477521:clu_12031:ENSG00000108671.9",-0.00637786003447388,0.00425912890097647,0.134274529876434
"chr17:31887313:31889285:clu_12001:ENSG00000108651.9",-0.00321907287595873,0.00333502851571684,0.334429128148003
"chr17:31889403:31892260:clu_12001:ENSG00000108651.9",-0.00370165970156383,0.00395789571738499,0.349654564471213
"chr17:30732123:30734897:clu_11963:ENSG00000264538.6",-0.00296337943738892,0.0046641845050664,0.525201594605064
"chr17:30743369:30759491:clu_11963:ENSG00000264538.6",0.0104815610790505,0.00382141873867861,0.00609093415436912
"chr17:31367278:31374013:clu_11991:ENSG00000196712.17",0.0210596306690057,0.00582345405208661,0.00029878977078257
"chr17:30732123:30759491:clu_11963:ENSG00000264538.6",0.00479746077056919,0.00535330032685973,0.37016261236628
"chr17:30923070:30926827:clu_11972:ENSG00000184060.10",0.0130924054086512,0.00450345954434672,0.00364693463174515
"chr17:31863516:31865366:clu_11996:ENSG00000108651.9",0.0136488283824881,0.00365245128727093,0.000186306386758983
"chr17:30742999:30743301:clu_11963:ENSG00000264538.6",0.00797833670136614,0.00535014068142925,0.135898843045143
"chr17:32360765:32360892:clu_12023:ENSG00000010244.18",0.00750336624162922,0.00337749770571272,0.0263120053773669
"chr17:31940486:31966147:clu_12003:ENSG00000178691.10",-0.00809590997171104,0.00415753567043398,0.0515004859931002
"chr17:36501235:36501852:clu_12111:ENSG00000278259.4",-0.00368976659121567,0.00648174892186113,0.569183246221491
"chr17:35846082:35846906:clu_12093:ENSG00000270647.5",0.0125038391910585,0.00519442778876422,0.0160769516754059
"chr17:36534104:36534761:clu_12117:ENSG00000278259.4",-0.000803922128688285,0.00349227278609388,0.817936154193986
"chr17:35846082:35846906:clu_12093:ENSG00000270240.2",0.00995495252498489,0.00505020748765768,0.0487013769200495
"chr17:35983888:35984334:clu_12098:ENSG00000276409.4",-0.00568115758288918,0.00444032231242901,0.200739650693793
"chr17:36013858:36014334:clu_12100:ENSG00000274736.4",-0.00319826276960274,0.00404032123617274,0.428601962093283
"chr17:37406949:37411269:clu_12146:ENSG00000276234.4",0.000795175478217604,0.00369685243253865,0.829693040310653
"chr17:38306631:38318687:clu_12170:ENSG00000278845.4",0.00155456491762356,0.0038654601770026,0.687560290141448
"chr17:64764548:64774176:clu_13321:ENSG00000214176.9",-0.00403333029883158,0.00556424281985927,0.468534256157234
"chr17:64869166:64886086:clu_13328:ENSG00000176809.10",-0.00831727350842035,0.0041560402553667,0.0453655082945802
"chr17:64797409:64800000:clu_13324:ENSG00000214176.9",0.00134738557266439,0.00397397625172875,0.734570372226903
"chr17:64858883:64859442:clu_13327:ENSG00000176809.10",-0.0038269564012549,0.00352082408200295,0.277059326011548
"chr17:64779079:64779263:clu_13321:ENSG00000214176.9",-0.00422634503732552,0.00387663057458603,0.275620238241287
"chr17:64886166:64886815:clu_13328:ENSG00000176809.10",0.00172328652533064,0.00471232820206893,0.714590830401981
"chr17:64897654:64898362:clu_13329:ENSG00000176809.10",-0.00875337193956059,0.00380440907307103,0.0214001509023153
"chr17:66641466:66645383:clu_13355:ENSG00000154229.11",-0.00149533263228387,0.00389332611789988,0.700922212303524
"chr17:64860973:64862900:clu_13328:ENSG00000176809.10",-0.00606454694221282,0.00464415548488354,0.191605293747703
"chr17:64973517:64975560:clu_13334:ENSG00000214174.8",0.00507159055414688,0.00413521103961607,0.22003292956981
"chr17:64782619:64785222:clu_13322:ENSG00000214176.9",0.00322322878389528,0.00446190590842988,0.470055756169629
"chr17:64781680:64785222:clu_13322:ENSG00000214176.9",-0.00253880960494986,0.00511119389243394,0.619389638734401
"chr17:9250645:9378552:clu_11470:ENSG00000170310.14",0.00421900676172227,0.0039314169323145,0.283203057926503
"chr17:27307907:27309100:clu_11789:ENSG00000109046.14",-0.00404217081121718,0.00641844977308692,0.528842660333536
"chr17:28881375:28881814:clu_11890:ENSG00000132589.15",-0.00194599299777684,0.00447432906543158,0.663617609077743
"chr17:28744255:28747213:clu_11878:ENSG00000076604.14",-0.0004592806905243,0.00383640800778172,0.904707863215457
"chr17:28688218:28689354:clu_11862:ENSG00000109111.14",-0.0136112551372344,0.00493777002577367,0.00584130469708399
"chr17:51259206:51259835:clu_13005:ENSG00000011258.15",0.00149877047707667,0.00354709769528814,0.672635062973671
"chr17:50070930:50073916:clu_12893:ENSG00000005884.17",-0.00134314681086817,0.00331164195290933,0.685048770525802
"chr17:50426389:50460677:clu_12926:ENSG00000167107.12",0.00454967561243836,0.00360095004920284,0.206421991706149
"chr17:50072182:50073916:clu_12893:ENSG00000005884.17",0.00363886951000827,0.00295806179667105,0.218639700184747
"chr17:51056482:51067932:clu_12995:ENSG00000008294.20",0.00143849337663355,0.00414306021268519,0.728436923945796
"chr17:50124971:50129517:clu_12906:ENSG00000167100.14",-0.000135734795065085,0.00369853239170982,0.970724498328059
"chr17:50479019:50479629:clu_12933:ENSG00000136444.9",-6.67960903273664e-05,0.00302280269554661,0.982370257820121
"chr17:50168572:50169092:clu_12910:ENSG00000108823.15",-0.00257703837144141,0.00338516926739455,0.446493951979879
"chr17:64750008:64750405:clu_13318:ENSG00000266820.1",0.00215926596162516,0.00463853334128402,0.641569008434879
"chr17:64751601:64751807:clu_13318:ENSG00000266820.1",0.00543774155823907,0.00477032765279397,0.254324028729485
"chr17:64898459:64918750:clu_13329:ENSG00000176809.10",0.00449391999755679,0.00470960970015951,0.339981294761668
"chr17:64972927:64973232:clu_13334:ENSG00000214174.8",0.0102673726759402,0.0043153497565526,0.0173470687347649
"chr17:65635974:65637124:clu_13345:ENSG00000154240.16",-0.00406021016765234,0.00391492271019515,0.299684038730883
"chr17:64529427:64530926:clu_13307:ENSG00000258890.6",0.0105220948418693,0.00453287886052915,0.0202715727233788
"chr17:64974641:64974951:clu_13334:ENSG00000214174.8",0.000159919463387744,0.00405112971279978,0.96851146506918
"chr17:64751327:64751807:clu_13318:ENSG00000266820.1",0.00350988324438021,0.0037646264951724,0.351164769917973
"chr17:64329722:64348260:clu_13291:ENSG00000261371.5",0.0243225081337546,0.00508168366107348,1.69876468403274e-06
"chr17:64751148:64751239:clu_13318:ENSG00000266820.1",0.000430022440549265,0.00338270828578854,0.898842482697861
"chr17:64500773:64501057:clu_13298:ENSG00000108654.13",0.00540396820661509,0.00633281261669943,0.393477272044252
"chr17:64356398:64360140:clu_13292:ENSG00000261371.5",0.00439693512132859,0.00438532827757803,0.316031333531705
"chr17:48846687:48848064:clu_12851:ENSG00000136436.14",0.00482393324218558,0.00420789080210942,0.251628972429911
"chr17:67928601:67929336:clu_13387:ENSG00000171634.16",-0.00865265091340678,0.00323207661549307,0.0074258447549318
"chr17:68106553:68114422:clu_13395:ENSG00000237854.3",-0.00532893910030163,0.00344472964810351,0.121867282347929
"chr17:67922990:67928355:clu_13386:ENSG00000171634.16",-0.0143408761288944,0.00394393791956597,0.000276708847781304
"chr17:73232717:73233220:clu_13497:ENSG00000141219.15",-0.00121912777682988,0.0026687060628066,0.647797877515268
"chr17:42964237:42970289:clu_12507:ENSG00000266967.6",-0.00307239839422901,0.00493142104814259,0.533268120651985
"chr17:43025449:43025960:clu_12521:ENSG00000108830.9",-0.014249557124181,0.00495576623560911,0.00403581227483196
"chr17:43201780:43202655:clu_12537:ENSG00000188554.13",-0.00771910573847018,0.00447320930602654,0.0844139357178153
"chr17:43202712:43203681:clu_12537:ENSG00000188554.13",0.0104319965378802,0.00492217001344987,0.0340575446697544
"chr17:42964237:42970289:clu_12507:ENSG00000267060.5",-0.00514647070879511,0.00477945794946639,0.281574263669979
"chr17:78119392:78121013:clu_13850:ENSG00000141524.15",0.00291738034394909,0.0033695674286518,0.386598406319474
"chr17:76727357:76732978:clu_13799:ENSG00000181038.13",-0.0065469924676478,0.00256151867778252,0.0105912734357364
"chr17:78419725:78424061:clu_13876:ENSG00000087157.18",-0.0051459313689873,0.00295581201695412,0.0816917241883427
"chr17:78204741:78204828:clu_13869:ENSG00000183077.15",-0.000912274747842509,0.00278997083114857,0.743680278055396
"chr17:9163001:9179807:clu_11468:ENSG00000065320.8",0.00159573005217424,0.0035096149249237,0.649343912447485
"chr17:8804153:8819083:clu_11461:ENSG00000276231.4",0.00422258315178704,0.00261468666260543,0.106321943411449
"chr17:78168715:78170612:clu_13863:ENSG00000108639.7",0.00547615793229561,0.00237584362578037,0.0211703836907962
"chr17:78415027:78419546:clu_13875:ENSG00000087157.18",0.00301034114315225,0.00255288028129758,0.238320929611372
"chr17:78134000:78134394:clu_13857:ENSG00000167895.14",0.00176472507847336,0.00291693180738696,0.545183248384945
"chr17:28342442:28344364:clu_11818:ENSG00000109079.9",7.05206753882585e-05,0.0053876695281709,0.989556569653875
"chr17:29617042:29617500:clu_11937:ENSG00000167549.18",-0.00495320441110354,0.00519515235292346,0.340373192659028
"chr17:29617340:29617478:clu_11937:ENSG00000167549.18",0.00674776416302622,0.00524222036138863,0.198026042083092
"chr17:29608994:29609086:clu_11930:ENSG00000198720.12",0.000511049821277977,0.00722395447424734,0.943601679429903
"chr17:29578779:29578962:clu_11925:ENSG00000108262.15",0.0086266443246706,0.00534972272364324,0.106844383612921
"chr17:29617619:29618790:clu_11938:ENSG00000167549.18",-0.00674575042189685,0.00464607887137346,0.146522917839853
"chr17:28342564:28344364:clu_11818:ENSG00000109079.9",0.00376972558625116,0.00533973908016203,0.480203301502429
"chr17:29617042:29617242:clu_11937:ENSG00000167549.18",-0.00202142115972172,0.00440684796033704,0.646449614000015
"chr17:29619773:29621224:clu_11939:ENSG00000167549.18",-0.00303470320984102,0.00565803123354981,0.591714463021175
"chr17:28704843:28706680:clu_11869:ENSG00000167525.13",-0.00759697524436545,0.00534042025555353,0.154868797671692
"chr17:59863847:59874539:clu_13141:ENSG00000108423.14",0.000449460129041719,0.00508042952298082,0.929503983199063
"chr17:59960168:59962540:clu_13150:ENSG00000189050.15",-0.00916642487920795,0.00699163942209287,0.189839131447045
"chr17:2039823:2040218:clu_10892:ENSG00000108963.17",0.00160632472360208,0.0025347723676736,0.526266459855886
"chr17:3722164:3723288:clu_10983:ENSG00000083457.11",1.69962397549366e-05,0.00280356889137967,0.995162967363485
"chr17:3637316:3640188:clu_10955:ENSG00000040531.14",0.00251871885190284,0.00257981616135673,0.328907306540768
"chr17:2244719:2282647:clu_10901:ENSG00000070366.13",-0.00283561011668246,0.00317618228422319,0.371978692478676
"chr17:2695526:2696159:clu_10939:ENSG00000132361.16",0.00741840370712312,0.00365269996760062,0.0422613804714387
"chr17:2502331:2511759:clu_10933:ENSG00000127804.12",-0.00434912557084886,0.00294861663157973,0.140220198967507
"chr17:2957794:2962670:clu_10949:ENSG00000132359.14",-0.00312476521854942,0.00337935295346015,0.355140834285619
"chr17:76089320:76090329:clu_13758:ENSG00000182473.21",-0.0129626847306524,0.00502708959659481,0.00992112073015528
"chr17:76287897:76291015:clu_13759:ENSG00000129646.14",-0.00189426062472722,0.00363827829010707,0.602612328646219
"chr17:77451528:77482144:clu_13831:ENSG00000184640.17",-0.00545916778346133,0.00279740498974824,0.0509962390749618
"chr17:76627238:76627415:clu_13793:ENSG00000070526.14",0.00267123483142639,0.00432359082398872,0.536688821814331
"chr17:77402703:77482144:clu_13831:ENSG00000184640.17",0.00417614484757669,0.00279505678460244,0.135144761858912
"chr17:78168715:78170817:clu_13863:ENSG00000108639.7",-0.00440884940787295,0.00236651868354659,0.0624607739882891
"chr17:78117935:78118971:clu_13849:ENSG00000141524.15",-0.000447331012039489,0.00261127373268992,0.863981912105706
"chr17:78051448:78064722:clu_13844:ENSG00000078687.17",-5.89393930649095e-05,0.00313113386958739,0.984981780822726
"chr17:78423295:78424061:clu_13876:ENSG00000087157.18",8.37521869311672e-05,0.00253641909151651,0.973658755433515
"chr17:78124985:78125158:clu_13852:ENSG00000141524.15",0.00191441612667857,0.00255565542136019,0.453802913038759
"chr17:78202751:78205946:clu_13869:ENSG00000183077.15",-0.00464301732696791,0.00331770472551658,0.161673073507151
"chr17:78126906:78128659:clu_13853:ENSG00000141524.15",-0.000328921465996737,0.00326594150480904,0.919778607518813
"chr17:78206050:78206911:clu_13869:ENSG00000183077.15",0.00409639194515321,0.00253589707671236,0.106232309697431
"chr17:18173921:18178769:clu_11662:ENSG00000091536.16",0.00711803954002386,0.00456505216962593,0.118938156595448
"chr17:75622080:75623781:clu_13650:ENSG00000266714.6",-0.00608663416586369,0.00358591109166363,0.0896258741091779
"chr17:75181188:75182814:clu_13558:ENSG00000188612.11",0.000437832000853087,0.0032143958276376,0.891655480219732
"chr17:74448915:74449335:clu_13513:ENSG00000170412.16",-0.00255588641592574,0.00284234029582185,0.368536018646493
"chr17:75525825:75543397:clu_13616:ENSG00000073350.13",-0.00515825312938437,0.00344966089814691,0.134838041375361
"chr17:75625238:75625531:clu_13655:ENSG00000266714.6",-0.00604382795198929,0.00286028856856163,0.0345996246068472
"chr17:75243166:75243447:clu_13572:ENSG00000125447.16",-0.00315823534103378,0.00362471522877358,0.383587213653231
"chr17:75273639:75277353:clu_13582:ENSG00000125454.11",0.0131181510831728,0.00332878246481418,8.12016559232909e-05
"chr17:75239083:75239375:clu_13569:ENSG00000125447.16",0.000634811542938363,0.00349543456013144,0.855887526849811
"chr17:75591712:75591813:clu_13628:ENSG00000266714.6",0.000303005308712281,0.00192740728478027,0.875080324889141
"chr17:75671863:75693440:clu_13664:ENSG00000161526.14",-0.013819395319827,0.00361430992207141,0.00013155857870506
"chr17:75625238:75625527:clu_13655:ENSG00000266714.6",0.00587259203266342,0.0028445940728045,0.0389727456759565
"chr17:75590689:75590907:clu_13629:ENSG00000266714.6",0.00065098794349366,0.00351800700652818,0.853194110881399
"chr17:75104180:75109735:clu_13554:ENSG00000170190.15",-0.00847433509630446,0.0033786467684292,0.0121346612643333
"chr17:75239571:75239789:clu_13569:ENSG00000125447.16",-0.000812040570644779,0.00331469232824028,0.806470225090303
"chr17:75631668:75633459:clu_13659:ENSG00000108469.14",0.00128445777253908,0.0035892109655693,0.7204433455197
"chr17:75705691:75706008:clu_13667:ENSG00000161526.14",0.0049987190881779,0.00400038470043392,0.211460470571855
"chr17:72428298:72592203:clu_13481:ENSG00000227036.6",-0.00646467992241323,0.00247765739611034,0.00907567260778552
"chr17:72849804:72947731:clu_13484:ENSG00000133195.11",0.00108079477300721,0.00246928976215004,0.661607690888534
"chr17:72849804:72947752:clu_13484:ENSG00000133195.11",-0.00143945359069119,0.00236774891203385,0.543226059501721
"chr17:73203793:73206154:clu_13492:ENSG00000166685.11",-0.00129638354079109,0.00327500081814163,0.692221440405832
"chr17:39744663:39744886:clu_12271:ENSG00000141738.13",0.000602384880547176,0.00496073154091725,0.903349937310778
"chr17:59934524:59935193:clu_13145:ENSG00000108443.13",-0.0217273809300496,0.00555342844197799,9.13733305771824e-05
"chr17:59644483:59647398:clu_13136:ENSG00000141367.11",0.00402505465077886,0.00817628791693041,0.622518681905296
"chr17:59886230:59890831:clu_13141:ENSG00000108423.14",-0.001436830225453,0.00567946964423232,0.800278498664972
"chr17:59586233:59587896:clu_13134:ENSG00000108406.9",-0.0144922330020341,0.0061988691512994,0.0193933000138893
"chr17:34997825:34998219:clu_12051:ENSG00000005156.11",-0.00816328294978682,0.00348658043801904,0.0192144722596567
"chr17:36535054:36537094:clu_12118:ENSG00000277161.1",0.00380021324986513,0.00384527860364603,0.323015370609322
"chr17:36496406:36498266:clu_12109:ENSG00000278259.4",0.00712983096859683,0.00388598842358182,0.0665422172006848
"chr17:36509135:36511365:clu_12114:ENSG00000278259.4",0.00368465580937178,0.00504158485821812,0.464869141564431
"chr17:28350792:28351664:clu_11822:ENSG00000004142.11",0.00609172824456457,0.00538172019598266,0.257664044360074
"chr17:27558187:27577492:clu_11792:ENSG00000141068.13",-0.0131980093080431,0.00641415327706472,0.0396248393212224
"chr17:29568508:29569018:clu_11918:ENSG00000167543.15",0.00498786662689454,0.00241507990205639,0.0388945411547027
"chr17:29576996:29577136:clu_11924:ENSG00000108262.15",-0.00552560694245728,0.00546749525883352,0.312194233956494
"chr17:29074914:29082316:clu_11905:ENSG00000196535.15",0.0106967681220531,0.00769799700772329,0.164664921275352
"chr17:30163162:30172542:clu_11944:ENSG00000126653.17",-0.0228824989807126,0.00561274695080559,4.56439220066773e-05
"chr17:29121723:29121851:clu_11913:ENSG00000196535.15",0.0133862610940799,0.00502094806709409,0.00767408891668764
"chr17:30118173:30156540:clu_11944:ENSG00000126653.17",0.00169609541461033,0.00739539930605378,0.818601036803227
"chr17:29571719:29571857:clu_11919:ENSG00000167543.15",-0.00883525106889015,0.00376228274859226,0.0188555226434669
"chr17:29618632:29618790:clu_11938:ENSG00000167549.18",0.00231677826709632,0.00472676331444612,0.624034461105849
"chr17:29081000:29082316:clu_11905:ENSG00000196535.15",-0.00187699907462167,0.00617295507940495,0.761075965913012
"chr17:29612006:29612171:clu_11933:ENSG00000198720.12",0.000642316578692304,0.00583296382231265,0.912315484604139
"chr17:29621484:29622688:clu_11939:ENSG00000167549.18",-0.0164316590122147,0.00536219649225314,0.00218141878464162
"chr17:30758720:30759491:clu_11963:ENSG00000264538.6",-0.010001408692284,0.00431065664700623,0.0203322791732802
"chr17:30784892:30786424:clu_11965:ENSG00000264538.6",0.01659605869692,0.00385073351112125,1.6337013635126e-05
"chr17:30492753:30510880:clu_11955:ENSG00000108587.15",-0.0203869537925557,0.0049350126678303,3.61055995661275e-05
"chr17:29121211:29121547:clu_11913:ENSG00000196535.15",-0.00822330018916885,0.00498961925886554,0.0993359070777236
"chr17:4536426:4536900:clu_11045:ENSG00000183018.8",-0.000656892319298862,0.00287175232022467,0.819068920999186
"chr17:4536174:4536263:clu_11045:ENSG00000183018.8",0.00123380305486951,0.00282327282329509,0.662102914632436
"chr17:5420291:5421296:clu_11179:ENSG00000129197.14",-0.0100397791908765,0.00317143976224983,0.00154718257148012
"chr17:4886198:4886494:clu_11088:ENSG00000141503.15",0.00775598667136286,0.00420389627531309,0.0650445272204219
"chr17:5034713:5034861:clu_11142:ENSG00000132517.14",-0.000787696307326597,0.00264250340875485,0.765636649593122
"chr17:4942664:4942851:clu_11111:ENSG00000108523.15",0.00282842606576252,0.00369626276633431,0.444145082930382
"chr17:4982892:4982976:clu_11126:ENSG00000108509.20",-0.00388829690185098,0.00415263314567194,0.349095633195427
"chr17:4886198:4886451:clu_11088:ENSG00000141503.15",-0.00898385166786349,0.00437281252621441,0.0399293502730553
"chr17:4715043:4715973:clu_11064:ENSG00000141480.17",-0.00304110513049505,0.00335795448818011,0.365125290062683
"chr17:3668899:3669098:clu_10978:ENSG00000127774.6",-0.00137876683052102,0.00313408388671459,0.659990278333584
"chr17:5241040:5241206:clu_11161:ENSG00000263164.1",0.00517585999253296,0.00240253970966512,0.0312144120722441
"chr17:4951224:4951828:clu_11113:ENSG00000108515.17",0.00182862740408178,0.00297682194598133,0.539024719106027
"chr17:3669012:3669098:clu_10978:ENSG00000127774.6",0.0023380156249934,0.00333084300473846,0.482723381538262
"chr17:4556891:4559558:clu_11053:ENSG00000167741.10",0.00809532335928044,0.00359536688170013,0.0243476439563018
"chr17:4889763:4890517:clu_11091:ENSG00000141503.15",0.00142867376137443,0.00287082618070677,0.618729008937754
"chr17:4272516:4282798:clu_11038:ENSG00000132388.12",-0.0014164833812165,0.00335358059201796,0.672748106593829
"chr17:3654209:3654733:clu_10968:ENSG00000262903.1",0.00493452647480586,0.00320719948881361,0.123907360466214
"chr17:4539967:4540648:clu_11046:ENSG00000132382.14",0.00667337207554406,0.00355225993767422,0.0602954169739244
"chr17:4289408:4307021:clu_11038:ENSG00000132388.12",0.00966357277685236,0.00332568305417141,0.00366384871124403
"chr17:4807881:4808274:clu_11075:ENSG00000129219.13",0.0112706707581061,0.00482614455203052,0.0195258571424588
"chr17:5223484:5247774:clu_11156:ENSG00000261879.5",0.000133819273088851,0.00283244339303944,0.962317826264038
"chr17:4548057:4548143:clu_11050:ENSG00000132382.14",-0.00392390095131107,0.00393746230499474,0.318980162718779
"chr17:5463689:5468571:clu_11184:ENSG00000005100.12",0.00300442780663188,0.00256508372570518,0.241486789786814
"chr17:3882370:3882528:clu_10995:ENSG00000004660.14",5.7366801496285e-05,0.00320547880532159,0.985721433592909
"chr17:5233942:5234593:clu_11156:ENSG00000261879.5",0.00573407845290916,0.00309568114035178,0.0639851536836646
"chr17:5184276:5191432:clu_11154:ENSG00000180626.9",-0.00320114186933213,0.00297722146051757,0.282280180651935
"chr17:4552292:4552451:clu_11052:ENSG00000132382.14",0.000116028429253393,0.00311610936942137,0.970297607198248
"chr17:4539967:4540348:clu_11046:ENSG00000132382.14",-0.00604865487856316,0.00319874187411678,0.0586312722891559
"chr17:4552292:4552440:clu_11052:ENSG00000132382.14",0.000976259980884867,0.00356021907963657,0.783920587286133
"chr17:4540484:4541463:clu_11046:ENSG00000132382.14",0.00339067930691647,0.00298584845858171,0.256131048875046
"chr17:3647522:3654998:clu_10955:ENSG00000040531.14",-0.00180445617803485,0.00311169826635972,0.561985880304843
"chr17:5381505:5383122:clu_11171:ENSG00000029725.16",-0.00197841442944171,0.00265420221925163,0.456036297705186
"chr17:3720402:3722054:clu_10983:ENSG00000083457.11",0.00213796958384682,0.00306072707633272,0.484853993744582
"chr17:3621412:3623339:clu_10964:ENSG00000197417.7",1.95075203059964e-06,0.00343991934211401,0.999547525773442
"chr17:3588367:3589807:clu_10961:ENSG00000196689.11",0.000469861367414119,0.00267611025320298,0.860626872630645
"chr17:3585926:3588188:clu_10961:ENSG00000196689.11",0.00182249119484437,0.00264988145330028,0.491601855008919
"chr17:3622632:3623339:clu_10964:ENSG00000197417.7",0.00861397538775317,0.00343102914241706,0.0120522834621295
"chr17:3691027:3691644:clu_10982:ENSG00000083454.21",0.00314566694549081,0.00247840489708698,0.204358886229287
"chr17:4542532:4542616:clu_11048:ENSG00000132382.14",0.00195192451560259,0.00298843650279166,0.513653710602632
"chr17:39719834:39723319:clu_12261:ENSG00000141736.13",0.00968609575031803,0.00424648960181272,0.0225504958156472
"chr17:38815097:38815625:clu_12212:ENSG00000273559.4",0.012312660493317,0.00367984285914392,0.000819939260075175
"chr17:38740442:38746468:clu_12201:ENSG00000277258.4",0.0140306889722514,0.00450858135215778,0.00185826760244323
"chr17:39717480:39719787:clu_12261:ENSG00000141736.13",-0.0160634954910064,0.00438526824707107,0.000249221290312795
"chr17:16026702:16044503:clu_11551:ENSG00000011295.15",-0.00366504025056767,0.0039118327654093,0.348804195446777
"chr17:3664798:3668488:clu_10976:ENSG00000213977.7",0.00294903471630785,0.00268539538422075,0.272127976486079
"chr17:4056345:4057994:clu_11019:ENSG00000074755.14",0.000163628056572844,0.00300852175264325,0.956625886918286
"chr17:3843151:3846041:clu_10992:ENSG00000074356.16",0.00513822571244282,0.00278975383540947,0.0655014152111778
"chr17:3925441:3928663:clu_11005:ENSG00000074370.17",7.34047148751905e-05,0.00308780110486398,0.981034085199184
"chr17:4054195:4056216:clu_11019:ENSG00000074755.14",0.00358975506899344,0.00329769575301173,0.276345906458095
"chr17:3663885:3664195:clu_10975:ENSG00000213977.7",0.00322861947223073,0.00268494239741305,0.229173292766585
"chr17:31878327:31880573:clu_11997:ENSG00000108651.9",0.00534811568358109,0.00523322524986931,0.306802653874058
"chr17:30490217:30492679:clu_11954:ENSG00000108587.15",-0.00460676674797275,0.00777660363298815,0.553590793622204
"chr17:30520021:30522254:clu_11956:ENSG00000108587.15",0.0123314859034736,0.00548095309739099,0.0244565737170398
"chr17:31032506:31033924:clu_11979:ENSG00000266865.6",0.00804158233781196,0.00465323099046974,0.0839574371320342
"chr17:31253000:31258344:clu_11987:ENSG00000196712.17",0.00511851915580239,0.00425893104195206,0.229428666151068
"chr17:54905567:54912666:clu_13012:ENSG00000141198.14",-0.0043387001703785,0.00428074198793079,0.310802641877005
"chr17:47586244:47586365:clu_12769:ENSG00000141279.15",0.0114199237887987,0.00450360966652369,0.0112214234816381
"chr17:47586249:47586365:clu_12769:ENSG00000141279.15",-0.0140928690786496,0.00489398208990417,0.00398139167637301
"chr17:62523177:62524236:clu_13203:ENSG00000146872.17",-0.0100080585917667,0.00419129703788675,0.0169486878859834
"chr17:3608565:3609651:clu_10962:ENSG00000197417.7",0.00305767380628506,0.00275038284689426,0.266255713736312
"chr17:3881648:3882257:clu_10995:ENSG00000004660.14",0.00287851550897553,0.00292632801535404,0.325282092600964
"chr17:2704564:2711562:clu_10945:ENSG00000132361.16",-0.00565521134018213,0.00306810287106393,0.0652958129918376
"chr17:45987095:45991460:clu_12713:ENSG00000186868.15",0.00343634605445853,0.00500106358325848,0.492005191097298
"chr17:44708839:44709304:clu_12623:ENSG00000161692.17",-0.0053815818785532,0.00407185343951367,0.186283352579886
"chr17:45162031:45162750:clu_12666:ENSG00000168517.10",0.00492130827195019,0.00409227981705637,0.22913752772135
"chr17:46337370:46339509:clu_12726:ENSG00000228696.8",0.00210350235925133,0.00373536848379678,0.573345579794905
"chr17:45137830:45137913:clu_12663:ENSG00000181513.14",0.00113910671349085,0.00368384620885275,0.757156702485385
"chr17:45397024:45397949:clu_12689:ENSG00000159314.11",0.00520793169830207,0.00466981049218889,0.264750135515454
"chr17:45234200:45234832:clu_12671:ENSG00000184922.13",-0.00114232183008212,0.00404665243488765,0.777722608973277
"chr17:1010863:1011846:clu_10812:ENSG00000159842.14",-0.00966166958641263,0.00390967688506827,0.0134653157114697
"chr17:1010863:1011145:clu_10812:ENSG00000159842.14",0.00665373528425469,0.00370611811526652,0.0725998383820775
"chr17:1783476:1784326:clu_10880:ENSG00000186532.11",-0.00873283053774688,0.00320667251925871,0.00646272799801262
"chr17:1012557:1012688:clu_10813:ENSG00000159842.14",0.0124044452301509,0.00426008746582441,0.0035937355936787
"chr17:1661162:1661271:clu_10857:ENSG00000174231.16",-0.00582632212039111,0.00240610748874237,0.0154577881627204
"chr17:1011388:1011846:clu_10812:ENSG00000159842.14",0.0035807615559331,0.00318551997432998,0.260981450951625
"chr17:1783476:1783616:clu_10880:ENSG00000186532.11",0.000362025869459453,0.00316540051069303,0.908944741605056
"chr17:1660827:1660993:clu_10857:ENSG00000174231.16",0.00585807238466135,0.00237305621474663,0.0135651401256687
"chr17:1011985:1012688:clu_10813:ENSG00000159842.14",-0.00876514593378246,0.0043436586672115,0.0435998278928583
"chr17:17817457:17817548:clu_11630:ENSG00000072310.16",0.00159032131098973,0.00816821952769923,0.845630786162699
"chr17:17180088:17180607:clu_11606:ENSG00000133030.20",0.0167243879640722,0.00674864589983985,0.0132052934254614
"chr17:17268045:17270758:clu_11616:ENSG00000141030.12",-0.0116647292585542,0.00408473031693609,0.00429432298692711
"chr17:18021663:18021745:clu_11642:ENSG00000171953.15",-0.015583752002072,0.00555229364591707,0.00500482096259436
"chr17:18021238:18021745:clu_11642:ENSG00000171953.15",0.00799323417458853,0.00537333274245436,0.136863073374261
"chr17:18254182:18254521:clu_11678:ENSG00000177731.15",-0.0134120458811665,0.00490240292310209,0.00622268302897233
"chr17:17177412:17180003:clu_11605:ENSG00000133030.20",-0.00672183886372761,0.00475905370571682,0.157822854181382
"chr17:75246796:75248840:clu_13574:ENSG00000125447.16",-0.00394194677420765,0.00369204269499119,0.285661628473796
"chr17:75816912:75817326:clu_13694:ENSG00000132478.9",-0.00768289013290481,0.00385846557078096,0.0464613679131949
"chr17:75519047:75521409:clu_13610:ENSG00000182173.12",0.00344063646820201,0.00373706709124407,0.357218423976581
"chr17:75505929:75506305:clu_13603:ENSG00000177303.9",-0.00557697240005288,0.00354770757473091,0.115952114063771
"chr17:78396385:78398252:clu_13873:ENSG00000087157.18",-0.00461868714115753,0.00227874424705385,0.0426771104098201
"chr17:18018686:18021123:clu_11641:ENSG00000171953.15",-0.00459196617326014,0.00460213051928892,0.318380529749158
"chr17:17143669:17146036:clu_11600:ENSG00000133030.20",9.13570227329211e-05,0.00469180775775206,0.984464889467801
"chr17:17142765:17143556:clu_11600:ENSG00000133030.20",-0.00233612999292121,0.00504898062422779,0.643584152394078
"chr17:81909037:81909514:clu_14089:ENSG00000185813.10",0.00621519394087386,0.00331135747251283,0.0605273672793825
"chr17:81197888:81198106:clu_14005:ENSG00000141577.13",0.00808405375630054,0.00393151830675345,0.0397616294159114
"chr17:81284895:81289691:clu_14020:ENSG00000157637.12",-0.000788217348620413,0.00386840976788363,0.838543037366521
"chr17:81695999:81696357:clu_14060:ENSG00000185359.12",-0.00331774444239898,0.00314743372139267,0.291832110037902
"chr17:81696003:81696357:clu_14060:ENSG00000185359.12",-0.00121861675038668,0.0032208076845607,0.70516503408495
"chr17:81198971:81199381:clu_14006:ENSG00000141577.13",-0.00936352097015963,0.00273687123129199,0.000623339814899593
"chr17:81905447:81905670:clu_14086:ENSG00000185813.10",-0.000671907936752242,0.00306047853035101,0.826226757086501
"chr17:82478918:82479938:clu_14199:ENSG00000141562.17",0.0111507493259912,0.00418307917238795,0.00768328517027694
"chr17:81220073:81222769:clu_14008:ENSG00000141577.13",0.00362206442832178,0.00317636849881485,0.254154594698708
"chr17:81907598:81907773:clu_14088:ENSG00000185813.10",0.00793131065605187,0.00411111985286721,0.0537018655995762
"chr17:81695067:81695786:clu_14059:ENSG00000185359.12",0.00865576418244381,0.00408834860639763,0.0342446928200307
"chr17:81198297:81198877:clu_14006:ENSG00000141577.13",0.00537570697341649,0.00285167517831722,0.0594156708771582
"chr17:81197888:81198115:clu_14005:ENSG00000141577.13",-0.00945185444310471,0.00394215309338376,0.016501182392988
"chr17:81891833:81894467:clu_14078:ENSG00000141552.17",-0.0127188533535323,0.00365128255383468,0.000495100347274735
"chr17:58415962:58417017:clu_13104:ENSG00000108375.12",0.0131228306157189,0.00451513095689205,0.00365599764495117
"chr17:59104394:59106441:clu_13129:ENSG00000108395.13",0.00813323398082203,0.00539855888146567,0.131924374219458
"chr17:28584480:28584652:clu_11841:ENSG00000076382.16",-0.00313963177282926,0.00364266021701341,0.388739084472441
"chr17:27642348:27645861:clu_11803:ENSG00000168961.16",0.00171214835215576,0.00324189760575868,0.597408046131189
"chr17:27645349:27645861:clu_11803:ENSG00000168961.16",0.00319783453914157,0.00279656684754398,0.252836938175782
"chr17:41771862:41772818:clu_12352:ENSG00000173801.16",-0.00627408448400389,0.00435823907732223,0.149982969915259
"chr17:41621751:41622355:clu_12343:ENSG00000128422.15",0.0153051748824597,0.00957632009170186,0.10999150160138
"chr17:75922096:75923186:clu_13726:ENSG00000188878.19",-0.00540782546529499,0.003237951482816,0.0948920846002751
"chr17:75205794:75208527:clu_13559:ENSG00000125450.10",-0.00249733423573557,0.0039621392892614,0.528498679324654
"chr17:75938232:75940848:clu_13731:ENSG00000188878.19",0.00848476052873493,0.00381727790029864,0.0262343224153508
"chr17:75616785:75616885:clu_13645:ENSG00000266714.6",-0.00332174718648337,0.00571767277049011,0.56126646796496
"chr17:75922046:75923186:clu_13726:ENSG00000188878.19",0.00412212811034105,0.00325755973642495,0.205726653186607
"chr17:75249008:75261548:clu_13574:ENSG00000125447.16",-0.00093955547995354,0.00365955866429485,0.797379408764988
"chr17:75269448:75270114:clu_13580:ENSG00000125457.13",0.00818022116005127,0.00314822991172644,0.00936714039195108
"chr17:75935673:75937566:clu_13731:ENSG00000188878.19",0.0101233616950826,0.0032100347160465,0.00161236193743564
"chr17:75616785:75616874:clu_13645:ENSG00000266714.6",0.00868871491139615,0.00543882649739068,0.11014653416812
"chr17:75508285:75513711:clu_13606:ENSG00000177303.9",-0.0079893337195224,0.00541602987774113,0.140178312712404
"chr17:75602945:75603032:clu_13635:ENSG00000266714.6",0.00956311817955611,0.0044298809200456,0.0308675919349377
"chr17:75661708:75662479:clu_13660:ENSG00000108469.14",-0.00514872477991042,0.00353017971341801,0.144706078046122
"chr17:76277310:76277989:clu_13762:ENSG00000129646.14",-0.00182300263006421,0.00313988084210037,0.561512688777167
"chr17:74866876:74872036:clu_13534:ENSG00000161513.11",-0.00127533661254906,0.00335694420666971,0.704012237482954
"chr17:74866879:74872036:clu_13534:ENSG00000161513.11",0.00254447583211983,0.00345173377967577,0.461025802275116
"chr17:76727213:76732978:clu_13799:ENSG00000181038.13",0.000341648086506686,0.00279159484509445,0.90259447168379
"chr17:75208620:75209823:clu_13559:ENSG00000125450.10",0.00261954068301419,0.00405640645417738,0.518422716737807
"chr17:75875474:75875901:clu_13712:ENSG00000132481.6",-0.00908230036787192,0.00535690839774366,0.0899925638178148
"chr17:74955956:74958141:clu_13540:ENSG00000167861.15",-0.00482668915533867,0.00399030249650335,0.226430565589565
"chr17:80822301:80823079:clu_13980:ENSG00000141564.13",-0.0100681086657151,0.00369054017796789,0.00637031193094795
"chr17:80237103:80237522:clu_13952:ENSG00000181045.14",0.000870830120449437,0.00307016439111791,0.77668410991671
"chr17:81237459:81238514:clu_14013:ENSG00000167302.10",0.0152400595620462,0.0042623816373242,0.000349586132003088
"chr17:81683126:81683593:clu_14048:ENSG00000214087.8",0.00862296167298985,0.0028910708584399,0.00285793909076726
"chr17:81126560:81127583:clu_13996:ENSG00000181409.11",0.0032888441518829,0.00257999703795758,0.202398713769635
"chr17:81546540:81546909:clu_14038:ENSG00000185504.16",-0.00182649117875772,0.00376754783960719,0.627821238109948
"chr17:81237459:81238986:clu_14013:ENSG00000167302.10",0.00709534026687164,0.00344889254897361,0.0396592274686846
"chr17:81610258:81613318:clu_14045:ENSG00000182446.13",-0.00124062773220103,0.00301920922521353,0.681137444005436
"chr17:81637406:81637518:clu_14046:ENSG00000182612.10",-0.00422420510539343,0.00272438456465779,0.121017430338645
"chr17:80214765:80215033:clu_13947:ENSG00000181523.12",0.00264476822241305,0.00259465685538668,0.308054255342388
"chr17:30709811:30759491:clu_11963:ENSG00000264538.6",-0.0103156634825103,0.00467414152747965,0.0273165535843803
"chr17:30735097:30743301:clu_11963:ENSG00000264538.6",-0.00161181106873515,0.00380495417711769,0.671851328990421
"chr17:30272899:30274042:clu_11946:ENSG00000108578.14",0.0104020689520209,0.0052650459010508,0.048190534995567
"chr17:30156662:30163067:clu_11944:ENSG00000126653.17",0.00104580273268872,0.00623352842286563,0.866763761379694
"chr17:44709366:44722880:clu_12623:ENSG00000161692.17",0.00118666152022513,0.00379995490641379,0.754825418099468
"chr17:45439634:45440163:clu_12696:ENSG00000225190.10",0.0173937575948974,0.004802429859963,0.000292485584855173
"chr17:44183093:44186565:clu_12587:ENSG00000267080.5",0.00659706076163146,0.00413716386395409,0.110804997620837
"chr17:7015875:7016495:clu_11233:ENSG00000258315.5",-0.0122157782671661,0.00265631013561279,4.24978144142329e-06
"chr17:7224069:7224146:clu_11254:ENSG00000072778.19",-0.00022239787846017,0.00351029290992213,0.949483077983478
"chr17:7177326:7178494:clu_11245:ENSG00000141505.11",-0.00660152491571023,0.00243827721394902,0.00678013388576426
"chr17:7943105:7943391:clu_11392:ENSG00000170037.13",0.010203248377462,0.00279063451500911,0.000255935010938235
"chr17:7565070:7565459:clu_11337:ENSG00000161956.12",0.0118442896242882,0.00318500766949253,0.000200200542094353
"chr17:7565070:7565440:clu_11337:ENSG00000161956.12",-0.012935182392784,0.00305539688030306,2.30028688713579e-05
"chr17:7192002:7192945:clu_11247:ENSG00000132535.18",0.0102855613721424,0.00316042512910718,0.00113597501485097
"chr17:6610160:6620788:clu_11208:ENSG00000198920.9",0.000822206493519052,0.00302439376915575,0.785730989780736
"chr17:6578281:6578575:clu_11205:ENSG00000198920.9",-0.00445058717125015,0.00267400103930777,0.0960340256254606
"chr17:6578281:6578575:clu_11205:ENSG00000091622.15",-0.00494854384308791,0.00268332467837256,0.0651563616623473
"chr17:6999591:7002484:clu_11230:ENSG00000215067.9",-0.00357356558514193,0.00273287391392255,0.191001609253469
"chr17:7940242:7943391:clu_11392:ENSG00000170037.13",-0.00750287474440279,0.002582023821091,0.00366301939896141
"chr17:81035308:81053668:clu_13986:ENSG00000175866.15",0.0051404940963954,0.00302609320850442,0.0893713900176794
"chr17:81035308:81036863:clu_13986:ENSG00000175866.15",-0.00290518335045522,0.00264240638494753,0.271573539333539
"chr17:80360206:80361734:clu_13964:ENSG00000173821.19",0.00206575752488718,0.00258935204986632,0.424992734531728
"chr17:79090885:79094451:clu_13906:ENSG00000167281.18",-0.00330424222531674,0.00259213007323373,0.202408067706816
"chr17:80251401:80252625:clu_13955:ENSG00000181045.14",0.000208426549802636,0.00301471121883955,0.944880976274223
"chr17:80058980:80065485:clu_13923:ENSG00000141519.14",0.00497740388712026,0.00210996358068957,0.018324260441229
"chr17:78681042:78692417:clu_13878:ENSG00000108669.16",-0.00914987691780955,0.00249938355783507,0.000251376518931701
"chr17:78204900:78205440:clu_13869:ENSG00000183077.15",0.000227997896891451,0.00254704729803223,0.928672958270692
"chr17:7415148:7415581:clu_11320:ENSG00000169992.9",-0.000661675862728707,0.00286032271842766,0.817059145911246
"chr17:7350054:7350127:clu_11303:ENSG00000072818.11",0.00135651784750248,0.00312102141632212,0.663824430761069
"chr17:6898698:6898800:clu_11226:ENSG00000262943.7",0.00145689406378902,0.00294465290416955,0.620770119903911
"chr17:8045686:8046907:clu_11403:ENSG00000179593.15",-0.00053901077975593,0.00442774892808324,0.903109114463171
"chr17:6760601:6762155:clu_11219:ENSG00000132530.16",0.00566784176422941,0.00322690435186618,0.0790144772557252
"chr17:7349167:7349945:clu_11303:ENSG00000072818.11",0.0052044649081182,0.00282803051706933,0.0657221119765625
"chr17:8450953:8454796:clu_11450:ENSG00000166579.15",-0.000749216013021439,0.00311186104442538,0.809740050159737
"chr17:7383089:7383250:clu_11305:ENSG00000174292.12",0.014916944109911,0.0031159327894993,1.69029499108575e-06
"chr17:78132030:78132359:clu_13854:ENSG00000167895.14",-0.00132047912329879,0.00249138407179207,0.59609925034866
"chr17:78205190:78205440:clu_13869:ENSG00000183077.15",0.00389334064990923,0.00269644049515927,0.148772300625826
"chr17:78205753:78205946:clu_13869:ENSG00000183077.15",-0.000242047383034147,0.00251082208422558,0.923201584483505
"chr17:78997963:79009664:clu_13893:ENSG00000171302.16",-0.00277855775971357,0.0039020735192633,0.476420118185746
"chr17:7565587:7566927:clu_11338:ENSG00000161956.12",0.0121701816925215,0.00463410957406266,0.00863395168497594
"chr17:40178381:40181299:clu_12309:ENSG00000108352.11",-0.00501598431329905,0.00514495963697349,0.329594133890649
"chr17:40184678:40188866:clu_12310:ENSG00000108352.11",-0.00663411872006607,0.00535379672943113,0.215292615681777
"chr17:40020619:40021955:clu_12286:ENSG00000008838.19",-5.0171595128213e-05,0.00470648619122817,0.991494634987551
"chr17:39700311:39706990:clu_12257:ENSG00000141736.13",-0.00585801546128809,0.00414682820335047,0.157758759133332
"chr17:39081449:39083459:clu_12219:ENSG00000161381.13",0.00249730230966733,0.00367593770260713,0.496906811572201
"chr17:47839006:47840670:clu_12794:ENSG00000141295.13",0.00618669411853686,0.00628137537071926,0.324660092616671
"chr17:46965039:46966534:clu_12739:ENSG00000108433.16",0.00629625295379635,0.00464461157553003,0.175225272254022
"chr17:47033381:47035044:clu_12742:ENSG00000262879.5",0.00290712318631928,0.00509292896024616,0.568124662297715
"chr17:47971152:47971362:clu_12805:ENSG00000108465.14",-0.0127402381062183,0.00458589635991557,0.00546719379226313
"chr17:75570244:75570348:clu_13621:ENSG00000073350.13",0.000716433280223399,0.00379372653237143,0.850212856641235
"chr17:75596899:75600493:clu_13634:ENSG00000266714.6",-0.00115901704529881,0.00305997658745283,0.704861163459072
"chr17:76545636:76545896:clu_13779:ENSG00000214140.10",0.00735371723128136,0.0041658689502189,0.0775251030874278
"chr17:76479854:76481375:clu_13776:ENSG00000129667.12",-0.00238999212011961,0.00290578280981278,0.410795174819893
"chr17:75569131:75569221:clu_13620:ENSG00000073350.13",-0.00548497187559532,0.00394095002364509,0.163986226369227
"chr17:75601874:75602517:clu_13634:ENSG00000266714.6",-0.00131640361154836,0.00353601633361052,0.709681134898946
"chr17:75098181:75099957:clu_13553:ENSG00000170190.15",0.00243814589546936,0.00459432722802095,0.595636275098872
"chr17:75925446:75926030:clu_13728:ENSG00000188878.19",-0.00416360208267163,0.00397757393907675,0.295206016625475
"chr17:75601563:75602517:clu_13634:ENSG00000266714.6",-0.000686025707219227,0.00320679037849996,0.830602364584707
"chr17:75288591:75289354:clu_13583:ENSG00000125454.11",-0.0050338843561774,0.00340179368725017,0.138933686878819
"chr17:75991623:76000141:clu_13737:ENSG00000257949.6",0.00520445319305666,0.00362612736350477,0.151211636425689
"chr17:75018694:75019700:clu_13547:ENSG00000167862.9",-0.00046684060009782,0.00384271987808218,0.903305292327506
"chr17:76479941:76481375:clu_13776:ENSG00000129667.12",0.000617767017301211,0.00289401396978075,0.830965276228387
"chr17:75830661:75831098:clu_13700:ENSG00000092929.11",-0.00167124573387929,0.00367287057235661,0.649091683917685
"chr17:75831169:75831243:clu_13700:ENSG00000092929.11",-0.000800386312185912,0.0036253594133252,0.82526814851478
"chr17:75574260:75574610:clu_13626:ENSG00000073350.13",-0.00747162581513793,0.0039863065162247,0.0608859252659676
"chr17:75574260:75574453:clu_13626:ENSG00000073350.13",0.00774969134297321,0.00303864740533733,0.0107607006169307
"chr17:74773685:74773866:clu_13525:ENSG00000109065.11",-0.00439618069515463,0.00282880159944747,0.120165612976617
"chr17:75321827:75325898:clu_13584:ENSG00000177885.13",0.0116406603628672,0.00303300151571137,0.00012404039138969
"chr17:75758372:75758449:clu_13688:ENSG00000108479.11",0.00591554342241921,0.0035564122426405,0.0962432326232735
"chr17:42565047:42565230:clu_12437:ENSG00000068120.14",-0.00691142341651728,0.00429718212973874,0.107755971444786
"chr17:42567655:42568837:clu_12440:ENSG00000108788.11",0.00703213881991951,0.00566533616049121,0.21451078150987
"chr17:42755213:42759739:clu_12478:ENSG00000197291.8",0.000866224262212523,0.00516273253286493,0.866753157335234
"chr17:42538755:42540950:clu_12433:ENSG00000108784.9",-0.00431829088714014,0.00457335021208114,0.345052528276485
"chr17:41809834:41810863:clu_12354:ENSG00000141696.12",-0.000238002107762352,0.00374161855421507,0.949281247529639
"chr17:42189921:42190185:clu_12400:ENSG00000167925.15",-0.00921247037410641,0.0042657413142679,0.0308004621257111
"chr17:42690207:42690739:clu_12468:ENSG00000108797.11",-0.0160751298413642,0.00596617121887127,0.00705198058257861
"chr17:42685420:42685957:clu_12465:ENSG00000108797.11",-0.0122699025727805,0.00619453323547624,0.0476178518300787
"chr17:42514460:42516772:clu_12431:ENSG00000033627.16",-0.00473210558226378,0.00507744374449166,0.351343852600915
"chr17:75564507:75568476:clu_13618:ENSG00000073350.13",-0.000518660693393994,0.00455518026396264,0.909347405323221
"chr17:76089320:76094414:clu_13758:ENSG00000182473.21",0.0166638434279637,0.0052168422998725,0.00140199781335626
"chr17:76726879:76729690:clu_13799:ENSG00000181038.13",0.000199682435070936,0.00304544352424216,0.947722081835259
"chr17:75733692:75736051:clu_13674:ENSG00000132470.13",7.43554133631453e-05,0.00348808493494121,0.982992804194547
"chr17:76274260:76275819:clu_13761:ENSG00000129646.14",0.00235902020422644,0.00307222916281862,0.442574556767476
"chr17:75243570:75246509:clu_13573:ENSG00000125447.16",-0.00572328775849938,0.00491299084073808,0.2440475481206
"chr17:75914298:75914747:clu_13723:ENSG00000188878.19",-0.00257988894674011,0.00390096758792364,0.508390507568356
"chr17:75830482:75830578:clu_13699:ENSG00000092929.11",-0.000821116273748692,0.00489514045963373,0.866786956579675
"chr17:72071231:72081921:clu_13478:ENSG00000234899.9",-0.0040103997011767,0.00345155710305338,0.245271908473525
"chr17:12980233:12984531:clu_11513:ENSG00000006740.16",-0.000754886705419014,0.00334983134239924,0.821706491683141
"chr17:8290678:8290842:clu_11438:ENSG00000125434.10",-0.0014059515126941,0.00302420159067709,0.642003024773767
"chr17:8267235:8267372:clu_11435:ENSG00000178921.13",0.00743794322618399,0.00355052487667966,0.0361811685109991
"chr17:17142765:17146036:clu_11600:ENSG00000133030.20",-0.00484659439142114,0.00451960131699997,0.283562864803071
"chr17:16065691:16067894:clu_11556:ENSG00000141027.20",-0.00623503103728985,0.00501965381215629,0.214190920242191
"chr17:16342720:16343353:clu_11569:ENSG00000108474.16",-0.00800164136848674,0.00343624220206386,0.0198801460642574
"chr17:16798530:16799951:clu_11589:ENSG00000188933.14",-0.00263518950446463,0.00625129214336219,0.673358494857182
"chr17:17223270:17223922:clu_11610:ENSG00000154803.12",0.0074053876582435,0.00426162586456943,0.0822653271999825
"chr17:16119485:16121052:clu_11559:ENSG00000141027.20",0.00835522293440048,0.00521040847532052,0.108810213455721
"chr17:5388960:5391561:clu_11172:ENSG00000108559.11",-0.000999389479053496,0.00272524843419875,0.713831616682335
"chr17:5387904:5388802:clu_11172:ENSG00000108559.11",0.00319051384699308,0.0025876610674799,0.217586181268253
"chr17:7241460:7241601:clu_11266:ENSG00000170296.9",-0.0124975099069109,0.00391921342903774,0.00142874503161328
"chr17:5405243:5408733:clu_11175:ENSG00000108559.11",-0.00539882154321669,0.00346647122624767,0.119366014647642
"chr17:7241679:7242241:clu_11266:ENSG00000170296.9",0.0143874868709007,0.00393889578500992,0.000259527564932083
"chr17:7244635:7246026:clu_11268:ENSG00000175826.11",0.00120743561839211,0.00328070103398751,0.71284195171564
"chr17:7196575:7196757:clu_11248:ENSG00000132535.18",0.00830787962317189,0.00302743811484225,0.00606595491074968
"chr17:7262343:7263159:clu_11275:ENSG00000181885.18",0.00823366732105383,0.00323235580761505,0.0108570902481024
"chr17:7237660:7238053:clu_11265:ENSG00000040633.12",0.00786288402742508,0.00315982542411907,0.0128322237169459
"chr17:7327009:7327440:clu_11301:ENSG00000215041.9",0.0130213452517446,0.00501919857688396,0.00947816330125983
"chr17:7237660:7239246:clu_11265:ENSG00000040633.12",-0.00472688393583643,0.00272841459249614,0.0831907286476079
"chr17:7012757:7013666:clu_11232:ENSG00000219200.11",-0.0189986622788679,0.00289719558245902,5.46790390743013e-11
"chr17:7549312:7549474:clu_11331:ENSG00000239697.10",-0.0239307467498308,0.00309609795681996,1.0769163338864e-14
"chr17:7403689:7404105:clu_11317:ENSG00000205544.3",-0.00623088718800651,0.00284458786107745,0.0284926434860127
"chr17:6612148:6620788:clu_11208:ENSG00000198920.9",-0.00235875189175976,0.00288138617236931,0.413004927572163
"chr17:7403689:7404000:clu_11317:ENSG00000205544.3",0.00254793303406675,0.00263687460374224,0.333909053631862
"chr17:7012761:7013666:clu_11232:ENSG00000219200.11",0.0119232350493331,0.00294669974241318,5.20332482788488e-05
"chr17:7893935:7894115:clu_11372:ENSG00000170004.16",0.00128607386712991,0.00425450613506888,0.762434726063802
"chr17:38320767:38322126:clu_12170:ENSG00000278845.4",-0.0208348950662727,0.00350987835442315,2.91929380669131e-09
"chr17:45132663:45133031:clu_12659:ENSG00000181513.14",0.00477864891667248,0.00438396613782694,0.275700501203359
"chr17:44464544:44474829:clu_12620:ENSG00000186566.12",-0.00294371080246968,0.00620048443416085,0.634961632083671
"chr17:44438715:44464472:clu_12620:ENSG00000186566.12",0.00334239377257813,0.00488835428226484,0.494135430535388
"chr17:45137830:45137892:clu_12663:ENSG00000181513.14",-0.00440960670857799,0.00384846584446339,0.251874200351509
"chr17:45132663:45135341:clu_12659:ENSG00000181513.14",-0.00833863104173954,0.00362576421163714,0.0214580135791447
"chr17:45640455:45645901:clu_12709:ENSG00000204650.14",-0.014758771797357,0.00746340918386734,0.0479869541154153
"chr17:44867897:44868287:clu_12637:ENSG00000108883.12",-0.00655914457771861,0.00402191059938992,0.102921361428011
"chr17:50867217:50908836:clu_12980:ENSG00000229980.4",-0.00409772745912045,0.00309348579174402,0.185293538625631
"chr17:60157788:60158061:clu_13160:ENSG00000167434.9",-0.00523273034498731,0.00548452052524137,0.340037703879719
"chr17:59860424:59863664:clu_13141:ENSG00000108423.14",-0.0138113681739072,0.00580618575359433,0.0173722335976042
"chr17:59602616:59605115:clu_13135:ENSG00000108406.9",-0.0251405668025233,0.00980279392385514,0.0103285047074615
"chr17:60271481:60288523:clu_13165:ENSG00000170832.12",0.0156861337883132,0.00586810791214078,0.00751502347205923
"chr17:60454492:60456296:clu_13168:ENSG00000062725.9",-0.00115314556277148,0.00506719529728425,0.819979941706534
"chr17:59936277:59936464:clu_13146:ENSG00000108443.13",-0.0272617514359711,0.00831215530950927,0.00103900880136776
"chr17:60129090:60132436:clu_13158:ENSG00000267248.1",-0.0106680506937111,0.00528503803397281,0.0435352491005377
"chr17:67553617:67578186:clu_13374:ENSG00000154217.14",-0.00151660610808978,0.00307583588903997,0.621962276067628
"chr17:67992103:67993044:clu_13393:ENSG00000186665.9",0.00347111797128288,0.00295632510597522,0.240341878467407
"chr17:67928601:67928959:clu_13387:ENSG00000171634.16",0.00730724085540111,0.00339018313789234,0.0311296211200609
"chr17:67875744:67886128:clu_13383:ENSG00000171634.16",-0.00300959932981582,0.00370693576573155,0.416858584326831
"chr17:47619164:47619737:clu_12774:ENSG00000141279.15",-0.00096059000719127,0.0073751428101941,0.896371034061437
"chr17:46923221:46929524:clu_12737:ENSG00000108433.16",-0.0100034209406745,0.00520661836675268,0.054695226388442
"chr17:46517233:46570759:clu_12728:ENSG00000185829.17",0.00382466433911662,0.00387980997252779,0.324237886017899
"chr17:47253940:47274419:clu_12753:ENSG00000259207.7",0.0113656902947626,0.00556910008496711,0.0412658748809976
"chr17:46330598:46339509:clu_12726:ENSG00000228696.8",0.00173430678576004,0.00373563496862124,0.642461306804208
"chr17:27307919:27309100:clu_11789:ENSG00000109046.14",0.0195486727867857,0.00932909967198396,0.0361309051942553
"chr17:32361515:32362914:clu_12023:ENSG00000010244.18",0.00112383266183815,0.00416971782930582,0.787527650745106
"chr17:19347880:19357840:clu_11720:ENSG00000108641.14",-0.00155190468679616,0.00538014198027855,0.773001910109705
"chr17:36990857:37019005:clu_12132:ENSG00000275700.4",0.00991246140506251,0.00446862326545523,0.0265387391229066
"chr17:36507924:36508897:clu_12113:ENSG00000278259.4",0.00386303814701655,0.00422509417759386,0.360554936152917
"chr17:37444768:37458524:clu_12148:ENSG00000276234.4",0.00410577293633643,0.0034982989157098,0.240535885005983
"chr17:4673456:4673619:clu_11058:ENSG00000141456.14",0.00167496140250783,0.00295986357905132,0.571467594817259
"chr17:4893597:4893991:clu_11096:ENSG00000141503.15",0.00115089134226362,0.00343241741005186,0.737398401549358
"chr17:4559438:4559558:clu_11053:ENSG00000167741.10",0.00996609475561886,0.0047306055469796,0.0351412444732024
"chr17:4893597:4893988:clu_11096:ENSG00000141503.15",-0.0025833941705161,0.00348446597685091,0.458449014389371
"chr17:42118017:42118297:clu_12397:ENSG00000108773.10",0.00991017314067012,0.00676288714836351,0.142818336555958
"chr17:41977323:41981855:clu_12379:ENSG00000168259.14",0.00369957854023988,0.00666938853594447,0.5790928273581
"chr17:43131270:43132599:clu_12528:ENSG00000198496.10",0.00395169235018445,0.00331932502523047,0.233845680744232
"chr17:42295793:42299751:clu_12409:ENSG00000126561.16",0.00814285606701656,0.00629185883196319,0.195600058837613
"chr17:42788797:42794614:clu_12487:ENSG00000126562.16",-0.00120396839833665,0.00852768534353182,0.887724986653812
"chr17:42114604:42114889:clu_12395:ENSG00000108773.10",0.00693984753579542,0.00402707933515663,0.0848351083357228
"chr17:42117814:42117907:clu_12397:ENSG00000108773.10",-0.010232471146998,0.0066661861048827,0.124788416574297
"chr17:38786920:38799266:clu_12208:ENSG00000276293.4",-0.0174224737318802,0.00412174622386033,2.3686533491718e-05
"chr17:39192094:39194884:clu_12223:ENSG00000067191.15",0.00955979458296161,0.00435283723842713,0.0280760956184282
"chr17:38712789:38715612:clu_12192:ENSG00000275023.4",-0.00616580794368124,0.00832368479646759,0.458842236754489
"chr17:39184864:39185131:clu_12222:ENSG00000067191.15",0.0105166474794469,0.00418151544803417,0.0119021392979515
"chr17:38776625:38777687:clu_12205:ENSG00000276293.4",0.0113212763614391,0.00479486079023585,0.0182194788065299
"chr17:38771272:38777687:clu_12205:ENSG00000276293.4",0.00813704845747804,0.00399057663378972,0.0414434578896283
"chr17:38682122:38684734:clu_12188:ENSG00000275532.1",0.0313218528158725,0.00363071813202157,0
"chr17:4943284:4943430:clu_11112:ENSG00000108523.15",-0.00158703817902095,0.00290775354993018,0.585206664333772
"chr17:3904399:3904858:clu_11001:ENSG00000108405.3",-0.00235078502487638,0.00313602848855157,0.453492179479992
"chr17:4296814:4307021:clu_11038:ENSG00000132388.12",-0.00779362089515157,0.00272616059131478,0.00425210908165585
"chr17:4943284:4943426:clu_11112:ENSG00000108523.15",0.000806510733709384,0.00295675381139874,0.785030802766369
"chr17:3566987:3571524:clu_10959:ENSG00000196689.11",-0.00326500846976625,0.00318228171040173,0.304893445221652
"chr17:3651602:3652467:clu_10968:ENSG00000262903.1",0.000443128105709314,0.00291008461753271,0.878971405137169
"chr17:4886617:4887110:clu_11089:ENSG00000141503.15",0.00239679417302928,0.00317253260969694,0.449959281795389
"chr17:4815586:4815706:clu_11079:ENSG00000129219.13",0.00263772044799151,0.00303985532265064,0.385551743594644
"chr17:3816270:3818263:clu_10987:ENSG00000074356.16",-0.00942988394497123,0.00328861778364508,0.00413819281806971
"chr17:3813279:3814322:clu_10987:ENSG00000074356.16",0.00950468075427945,0.00323438351943785,0.00329658376628339
"chr17:4182349:4183398:clu_11034:ENSG00000185722.16",-0.00559159994633076,0.0035902649370849,0.119367527663436
"chr17:3903631:3903928:clu_10999:ENSG00000108405.3",-0.00317977844012478,0.00295714621093025,0.282246623583706
"chr17:4886626:4887110:clu_11089:ENSG00000141503.15",-0.0013914177191928,0.00313947454660553,0.657620479895771
"chr17:4815586:4815764:clu_11079:ENSG00000129219.13",-0.00322086249163243,0.00306781845468559,0.293770102517395
"chr17:4951914:4952795:clu_11115:ENSG00000108515.17",7.27405033372609e-05,0.00333947672591051,0.982621847614116
"chr17:47974448:47975172:clu_12808:ENSG00000108465.14",0.00783669396223581,0.00435458054748411,0.0719168975089726
"chr17:47974448:47975159:clu_12808:ENSG00000108465.14",0.00787644335025794,0.0048839711635656,0.106806894326207
"chr17:47456793:47482992:clu_12763:ENSG00000228782.7",0.00902983666395291,0.00479023050013728,0.0594227308451566
"chr17:17862848:17866296:clu_11635:ENSG00000175662.17",-0.00163186264897687,0.0038201039579761,0.669250011864062
"chr17:18251813:18251999:clu_11676:ENSG00000177731.15",0.00537190589193241,0.00615075952047604,0.382459926988528
"chr17:18251816:18251999:clu_11676:ENSG00000177731.15",-0.00595826676409274,0.00671506193195062,0.374918021824615
"chr17:18159347:18159606:clu_11658:ENSG00000091536.16",0.00351177208503632,0.00536707947780161,0.512907506546614
"chr17:19572861:19577327:clu_11735:ENSG00000142494.13",-0.0113295148581516,0.00753705751095161,0.13279397606456
"chr17:18103889:18104560:clu_11656:ENSG00000108591.9",0.00368761563502109,0.00502116682948101,0.462696405946189
"chr17:82960486:82961057:clu_14244:ENSG00000175711.8",0.00827120887290459,0.0053379650993644,0.121260133733378
"chr17:82437363:82439631:clu_14191:ENSG00000169660.15",0.00633262302163596,0.00399375786894202,0.112823225154735
"chr17:82445960:82446623:clu_14194:ENSG00000178927.17",-0.00184675062300157,0.00378667734200763,0.625764581170693
"chr17:82944049:82946879:clu_14241:ENSG00000175711.8",0.0142855819998939,0.00645844686609669,0.0269720410470323
"chr17:82440334:82440473:clu_14191:ENSG00000169660.15",-0.00248877929833337,0.00476849670424272,0.601725229603992
"chr17:82631022:82643949:clu_14208:ENSG00000141580.15",-0.00672874938646055,0.00426599713521263,0.114726938039742
"chr17:18528747:18532506:clu_11695:ENSG00000273018.5",0.0138694741727449,0.00421412408753412,0.000997652538087479
"chr17:20232414:20236860:clu_11759:ENSG00000128487.16",-0.00584741097626469,0.00478328547237052,0.221530891378009
"chr17:19838583:19841489:clu_11750:ENSG00000083290.19",0.00553421237919586,0.00442502148070632,0.211057311548789
"chr17:19663499:19664948:clu_11741:ENSG00000072210.18",0.0198144146021182,0.00406804833087534,1.11179834649811e-06
"chr17:18699275:18699360:clu_11701:ENSG00000108448.20",-0.00849054396629353,0.00504434863197374,0.0923403573499324
"chr17:18699457:18701357:clu_11701:ENSG00000108448.20",0.0241152217217405,0.00468718397089865,2.67624142513689e-07
"chr17:73084846:73088657:clu_13486:ENSG00000133195.11",0.00224386306805053,0.00286729301433831,0.433878522254286
"chr17:73031714:73084808:clu_13486:ENSG00000133195.11",-0.00276348186524735,0.00277136308873526,0.318688701119657
"chr17:73242351:73242896:clu_13498:ENSG00000141219.15",0.00583177013276164,0.00269141265377972,0.0302496201120263
"chr17:68884862:68885196:clu_13423:ENSG00000141338.13",-0.00479941336430073,0.00449068351577197,0.285182800871384
"chr17:67929120:67929336:clu_13387:ENSG00000171634.16",0.00982720625501951,0.00319667653404484,0.00211071589333478
"chr17:67886316:67891844:clu_13383:ENSG00000171634.16",-0.000420030958342521,0.00383031880022475,0.912679397382634
"chr17:73236995:73242244:clu_13498:ENSG00000141219.15",0.000460495818294783,0.00263961955074938,0.861507598593895
"chr17:69302906:69304669:clu_13470:ENSG00000154265.15",-9.81209184038948e-05,0.0044982575717489,0.982597048611599
"chr17:68512970:68515394:clu_13407:ENSG00000108946.14",0.00486334885386112,0.00363367994085376,0.180763243684451
"chr17:68543717:68551873:clu_13418:ENSG00000108950.11",0.00319490694253733,0.00346355059598091,0.356300719553477
"chr17:68942039:68955219:clu_13426:ENSG00000141338.13",0.0069700174750534,0.00387242918062113,0.0718751167718344
"chr17:76397888:76398255:clu_13769:ENSG00000175931.12",-0.00565203247742066,0.00351522445102499,0.107863121322217
"chr17:76727178:76732978:clu_13799:ENSG00000181038.13",-0.000669164571281217,0.00329822096306858,0.839223731148598
"chr17:2365341:2371262:clu_10917:ENSG00000141258.12",-0.00440084251647234,0.00278192641080514,0.113663116494915
"chr17:2362270:2362838:clu_10912:ENSG00000141258.12",-0.0101053946243365,0.00269594301572845,0.000177986840795952
"chr17:1771184:1771422:clu_10876:ENSG00000132386.10",0.0190190530234632,0.0035863829793451,1.13834168757876e-07
"chr17:1770050:1771029:clu_10875:ENSG00000132386.10",-0.00560784072747731,0.00425499723195993,0.187522972793632
"chr17:2343620:2361637:clu_10910:ENSG00000141258.12",0.00345428245566272,0.00302125002480518,0.252902061925022
"chr17:1661790:1661906:clu_10858:ENSG00000174231.16",-0.00348349048763444,0.00273977926591194,0.203568845854541
"chr17:1616769:1627715:clu_10845:ENSG00000167703.14",-0.00232444264158174,0.00257024985058538,0.36580217206991
"chr17:1661406:1661611:clu_10858:ENSG00000174231.16",0.00365421463359374,0.0028949859583564,0.206856530038673
"chr17:16194639:16198601:clu_11564:ENSG00000141027.20",-0.00613062865313725,0.00339982179334244,0.0713535783934723
"chr17:17506301:17507169:clu_11622:ENSG00000133027.17",0.0066464252504801,0.0046290208722147,0.151054520186444
"chr17:16462941:16463167:clu_11580:ENSG00000175061.17",7.25617076706269e-05,0.00392910105399085,0.985265694454957
"chr17:16462941:16463164:clu_11580:ENSG00000175061.17",0.00575192376768004,0.00423515183424762,0.174419665208742
"chr17:16788135:16791827:clu_11587:ENSG00000188933.14",-0.00985527775901057,0.00509602091779388,0.0531234235184054
"chr17:1468308:1468403:clu_10826:ENSG00000197879.14",-0.00485193412390432,0.00308588855299745,0.115881627647491
"chr17:2236637:2244658:clu_10900:ENSG00000070366.13",0.00507539963948588,0.00305805105877443,0.0969779590955938
"chr17:1593279:1613195:clu_10844:ENSG00000167703.14",0.00401515086199458,0.00284807848729936,0.15860602576125
"chr17:2376852:2379027:clu_10923:ENSG00000263345.1",0.00438969142354353,0.00288865436191529,0.128603506503871
"chr17:4710744:4715973:clu_11064:ENSG00000141480.17",-0.00367030554358575,0.00358004706429674,0.305263387005788
"chr17:5422829:5432542:clu_11180:ENSG00000129197.14",0.00234728785286453,0.00382036564579401,0.538941490194871
"chr17:5391662:5394891:clu_11173:ENSG00000108559.11",0.00216396475246541,0.00251714099257145,0.389959113448172
"chr17:4817259:4818002:clu_11083:ENSG00000129219.13",-0.00276714115142496,0.00299771105889526,0.355963078036713
"chr17:4533853:4536076:clu_11044:ENSG00000183018.8",0.0135213267077486,0.00322212597536283,2.71192134109199e-05
"chr17:4894311:4894525:clu_11098:ENSG00000141503.15",-0.00729521080319496,0.00460485247617358,0.113138159658211
"chr17:5426082:5432542:clu_11180:ENSG00000129197.14",-0.0116339086447376,0.00385150393709189,0.00252262307710127
"chr17:3673877:3679590:clu_10977:ENSG00000083454.21",0.00532280465250625,0.00251986687109734,0.0346576692137328
"chr17:5474789:5477844:clu_11185:ENSG00000072849.10",0.00148757281398351,0.0032100751451512,0.643072322475644
"chr17:5533384:5533897:clu_11193:ENSG00000091592.15",-0.000650109154870541,0.0035114106862783,0.853117758592043
"chr17:4033002:4034015:clu_11017:ENSG00000074755.14",-0.00402795699202853,0.00339222593543796,0.235066635484191
"chr17:5109868:5111076:clu_11144:ENSG00000167840.13",-0.00621184849518728,0.00240620634176157,0.00983451290920767
"chr17:5536940:5539415:clu_11193:ENSG00000091592.15",-0.0071889849230058,0.00272092503681303,0.00823911424949653
"chr17:4296809:4307021:clu_11038:ENSG00000132388.12",0.0010135857904474,0.00301499300201572,0.736733772510306
"chr17:5416682:5418015:clu_11178:ENSG00000108559.11",-0.00709157863324964,0.00297671951642808,0.0172026816321339
"chr17:4966319:4967720:clu_11119:ENSG00000091640.7",0.00216274264309656,0.00351634939915842,0.538519457404657
"chr17:5192163:5214050:clu_11155:ENSG00000261879.5",0.00281794960638476,0.00277838168739153,0.310467599976609
"chr17:4960853:4967720:clu_11119:ENSG00000091640.7",-0.00693253325740049,0.00326726469456613,0.0338532245857762
"chr17:4817259:4818297:clu_11083:ENSG00000129219.13",0.00417419061914229,0.00309391825991405,0.177285594238574
"chr17:4289408:4296717:clu_11038:ENSG00000132388.12",-0.00548952436928114,0.00305391171871244,0.072250146886612
"chr17:4981742:4982757:clu_11124:ENSG00000108509.20",-0.00490786274517406,0.00388825217552274,0.206866573086423
"chr17:5428211:5432542:clu_11180:ENSG00000129197.14",-0.00454109199493012,0.00370500793630615,0.220325432662227
"chr17:4558467:4559558:clu_11053:ENSG00000167741.10",-0.00343799246141167,0.00340327671837047,0.312399152673005
"chr17:5533988:5536851:clu_11193:ENSG00000091592.15",-0.00240141034978536,0.00275852366521578,0.384004348126087
"chr17:4940993:4941077:clu_11109:ENSG00000108523.15",-0.00878979320614715,0.00335134823960148,0.00872198417039893
"chr17:5209895:5214050:clu_11155:ENSG00000261879.5",0.00538449484396892,0.00277858497443152,0.0526409128351191
"chr17:5422829:5426137:clu_11180:ENSG00000129197.14",0.00397734202935411,0.00270035865398796,0.140779623175868
"chr17:5553556:5555105:clu_11195:ENSG00000091592.15",-0.0111323032469281,0.00331602346505967,0.000787576721593353
"chr17:782692:783083:clu_10804:ENSG00000171861.10",0.00711839614579424,0.00259743079176147,0.00613359321565754
"chr17:782692:787965:clu_10804:ENSG00000171861.10",-0.00571811361980465,0.00278983411213334,0.0404010431742492
"chr17:2375692:2376613:clu_10923:ENSG00000263345.1",-0.000974352907339466,0.00275709959721999,0.723790241621935
"chr17:2692860:2693900:clu_10938:ENSG00000132361.16",0.00704643989611352,0.00327432373266081,0.0313950639333341
"chr17:6756110:6758089:clu_11216:ENSG00000132530.16",-0.0150423971449157,0.00391471910598332,0.000121776132363527
"chr17:7237477:7237629:clu_11265:ENSG00000040633.12",-0.000600724535693305,0.00243582910916507,0.805202210156064
"chr17:7226639:7226893:clu_11258:ENSG00000004975.11",0.00492111750954059,0.00316417110532327,0.119883500901462
"chr17:7203593:7203692:clu_11250:ENSG00000132535.18",-0.00410485693140236,0.00276118587285599,0.137113021437913
"chr17:5486684:5488823:clu_11189:ENSG00000167842.15",5.89869103237951e-05,0.00263321250431786,0.982127986634409
"chr17:6635171:6635898:clu_11211:ENSG00000198920.9",0.0119691590951255,0.00316697719847769,0.000157229543485626
"chr17:5408909:5410703:clu_11176:ENSG00000108559.11",0.00158719656901134,0.00325133395217438,0.625430984547148
"chr17:6610160:6611919:clu_11208:ENSG00000198920.9",0.00640685303469395,0.00274220992517836,0.0194712818836649
"chr17:6650078:6650356:clu_11212:ENSG00000108590.10",0.00459410850686937,0.00292904251586892,0.116772027965391
"chr17:7324012:7324108:clu_11297:ENSG00000215041.9",-0.00530626013853817,0.00293112820865673,0.0702472284737145
"chr17:7324012:7324112:clu_11297:ENSG00000215041.9",0.00557774710346972,0.00312523005438946,0.0743022525246192
"chr17:7322010:7322735:clu_11293:ENSG00000215041.9",0.00256562701429229,0.00314402250561446,0.414481098745894
"chr17:7387154:7387378:clu_11309:ENSG00000174292.12",0.00966443656214575,0.00265442673333379,0.000271712788889933
"chr17:7246137:7246254:clu_11268:ENSG00000175826.11",0.00373594649048432,0.00362225139940453,0.302358923486908
"chr17:7857198:7857383:clu_11369:ENSG00000183011.13",0.00432854089882069,0.00294526621046893,0.141653772962149
"chr17:7844353:7844901:clu_11361:ENSG00000132510.10",0.0102663659322971,0.00533080878455831,0.0541224540087075
"chr17:1658763:1659357:clu_10855:ENSG00000174231.16",0.00554186551547759,0.00297284035515675,0.0622985096488889
"chr17:2373081:2373331:clu_10922:ENSG00000141258.12",0.00119325632611905,0.00256209182843838,0.64140505997846
"chr17:1658603:1658683:clu_10855:ENSG00000174231.16",-0.003759275186652,0.0030603853128538,0.219309369645443
"chr17:1646619:1646906:clu_10851:ENSG00000167705.11",-0.00329857909023883,0.00237231682950887,0.164393403885901
"chr17:1734230:1735572:clu_10869:ENSG00000167716.18",-0.00893921989052686,0.00239518646551771,0.0001898446048052
"chr17:2373513:2375492:clu_10922:ENSG00000141258.12",-0.000123249790767345,0.00260549656668761,0.962271129405652
"chr17:12021001:12054889:clu_11505:ENSG00000065559.14",-0.000913010282526701,0.00322200062145214,0.776895133942923
"chr17:6854435:6892003:clu_11223:ENSG00000262943.7",-0.000612603934964588,0.00296192490390247,0.836145524699817
"chr17:5394981:5399552:clu_11173:ENSG00000108559.11",-0.00164203025428877,0.00287214474857774,0.567519312553728
"chr17:6854453:6892003:clu_11223:ENSG00000262943.7",-0.00367878870069422,0.00298317057632768,0.217508314179194
"chr17:7012761:7013319:clu_11232:ENSG00000219200.11",0.00968103976977515,0.00347554242189077,0.00534492076238891
"chr17:7177076:7177210:clu_11245:ENSG00000141505.11",0.00923285656681593,0.00288920639549636,0.00139522240684653
"chr17:6461556:6463732:clu_11200:ENSG00000091622.15",-0.000871302044705316,0.00240975590710547,0.717671339029975
"chr17:7403390:7403606:clu_11316:ENSG00000205544.3",-0.0161696097758098,0.00297800256248135,5.64542501635401e-08
"chr17:7075885:7075976:clu_11240:ENSG00000132514.13",-0.00372793760267589,0.0028549534769304,0.191627806098154
"chr17:7015156:7016495:clu_11233:ENSG00000258315.5",-0.0180767355634254,0.00416621003808931,1.43202845858115e-05
"chr17:7337369:7341948:clu_11302:ENSG00000072818.11",-0.0023223986454907,0.00286344226213842,0.417336195898819
"chr17:7582163:7583918:clu_11336:ENSG00000233223.2",0.00409941410173124,0.00318713219306273,0.198359622742847
"chr17:7582531:7582876:clu_11336:ENSG00000233223.2",0.00775203119565264,0.00392358941261213,0.0481831158433498
"chr17:7549521:7550120:clu_11332:ENSG00000239697.10",0.016468293353587,0.00341653200403339,1.43429988075372e-06
"chr17:8146765:8146897:clu_11411:ENSG00000179094.15",-0.00605829687417836,0.0031384717600321,0.0535655407386005
"chr17:7559297:7559624:clu_11334:ENSG00000161955.16",0.00398983544494229,0.00319735611217534,0.212084319245678
"chr17:7676622:7687377:clu_11356:ENSG00000141510.16",0.00966085039391464,0.00352447127273568,0.00612379826618614
"chr17:2334896:2335260:clu_10908:ENSG00000167721.10",-0.00089087867759176,0.00270941326389957,0.742300279915378
"chr17:1541640:1548296:clu_10839:ENSG00000174238.14",-0.00298189483033139,0.0028740001093669,0.299483493084481
"chr17:1509799:1513453:clu_10835:ENSG00000132376.19",-0.00647291476446009,0.00285768763848469,0.0235072629783347
"chr17:2672757:2674060:clu_10937:ENSG00000007168.12",0.00250072475158972,0.00297282106466897,0.400238223304964
"chr17:978630:979319:clu_10806:ENSG00000167693.16",-0.00144524377677995,0.00317897849566329,0.649378892486087
"chr17:1513561:1513872:clu_10835:ENSG00000132376.19",-0.00354337263591602,0.00264604114954683,0.180530871026595
"chr17:2363599:2363980:clu_10914:ENSG00000141258.12",-0.0088070188691194,0.00309305835785049,0.00440849021835088
"chr17:2365341:2365503:clu_10917:ENSG00000141258.12",0.00823068788402777,0.00292422428044876,0.0048829343520792
"chr17:8314153:8314906:clu_11442:ENSG00000198844.10",0.00283895154729011,0.00280325701163533,0.311187597684669
"chr17:8589108:8604826:clu_11457:ENSG00000133026.12",-0.00442495948325879,0.00378515212663755,0.242391215468223
"chr17:62447766:62448577:clu_13200:ENSG00000087995.15",0.00297800434033995,0.00604819203292202,0.622451255546625
"chr17:63774376:63787034:clu_13262:ENSG00000198231.12",0.0156775242052862,0.00536889772614014,0.00349959667768063
"chr17:64482999:64483390:clu_13297:ENSG00000256525.6",-0.00533082586998791,0.00427368230712835,0.21226505406921
"chr17:64561603:64562771:clu_13313:ENSG00000108854.15",-0.00531093995958789,0.00448190287400188,0.236027587302999
"chr17:43159068:43159423:clu_12533:ENSG00000267002.2",0.00437964787789052,0.00587855008452681,0.45625855023065
"chr17:44322852:44323284:clu_12612:ENSG00000013306.15",0.00278255999000571,0.003705320621124,0.452674712328472
"chr17:44198130:44199496:clu_12596:ENSG00000087152.15",0.00909327208607526,0.00391721574888246,0.0202673655454757
"chr17:44195140:44195419:clu_12592:ENSG00000087152.15",-0.00161492951616401,0.00404304998681088,0.689573830638761
"chr17:43164812:43166980:clu_12533:ENSG00000267002.2",0.0117717064408436,0.0051708417461694,0.0228128033346769
"chr17:42720449:42722795:clu_12476:ENSG00000108799.12",0.00708414182068497,0.00398083549673261,0.0751477420873332
"chr17:42784579:42785266:clu_12485:ENSG00000126562.16",-0.000869336654475467,0.00674449220529436,0.897440107560633
"chr17:42564898:42564983:clu_12437:ENSG00000068120.14",-0.00764495991569633,0.00573172191464848,0.182270027206275
"chr17:44322528:44323284:clu_12612:ENSG00000013306.15",-0.0173543597189119,0.00368449487388388,2.47588548196731e-06
"chr17:43159239:43159507:clu_12533:ENSG00000267002.2",-0.014211678449835,0.00596985658970624,0.0172857432878387
"chr17:42660707:42662973:clu_12451:ENSG00000037042.8",0.00049724604704003,0.00517252329265088,0.923415577309695
"chr17:51225209:51259143:clu_13005:ENSG00000011258.15",0.00332211504242745,0.00346766103309637,0.338048831815324
"chr17:60132512:60134756:clu_13158:ENSG00000267248.1",-0.012269701421921,0.00529623888267698,0.0205210594241899
"chr17:60128659:60128956:clu_13158:ENSG00000267248.1",-0.00048996612835067,0.00499186734562283,0.921810902519392
"chr17:59674821:59707371:clu_13137:ENSG00000141378.14",-0.013539888401712,0.00659146250188095,0.0399606519037501
"chr17:60158446:60159230:clu_13161:ENSG00000167434.9",0.00416447164067892,0.00619665232435522,0.501550690000657
"chr17:64005373:64006631:clu_13283:ENSG00000108622.10",0.0197379211699535,0.00767610108446039,0.0101303702903232
"chr17:45217403:45218948:clu_12658:ENSG00000267121.5",-0.010388849897559,0.00375180730123094,0.00562242433239579
"chr17:65536553:65537324:clu_13341:ENSG00000168646.12",0.00813969542723889,0.0038042286506432,0.0323835389493998
"chr17:64968381:64970923:clu_13333:ENSG00000214174.8",0.0050083740121483,0.00505374018277943,0.321674228313947
"chr17:64822393:64824625:clu_13326:ENSG00000214176.9",0.00888486622767713,0.00290543540408815,0.00222808120807927
"chr17:29617340:29617500:clu_11937:ENSG00000167549.18",-0.0060515749898535,0.00709592394090041,0.393756853878622
"chr17:28563522:28563818:clu_11836:ENSG00000087111.20",-0.0162901356010175,0.00437406428940784,0.000195891993987618
"chr17:28924302:28926782:clu_11901:ENSG00000109118.13",0.000248604145696788,0.00489171236518316,0.959467760815209
"chr17:28628559:28631479:clu_11847:ENSG00000007202.14",-0.00952465068684734,0.00410592950820759,0.0203554505937599
"chr17:28357881:28358314:clu_11823:ENSG00000244045.12",0.00673581566363923,0.00661272615755191,0.308386239264388
"chr17:29569359:29569474:clu_11919:ENSG00000167543.15",0.00701224024521364,0.00526725820707825,0.18309410275013
"chr17:28624390:28628265:clu_11847:ENSG00000007202.14",0.00565152950888405,0.00380404062604724,0.137367788069635
"chr17:31379357:31381873:clu_11992:ENSG00000196712.17",-0.0145014142364315,0.00505852859772116,0.00414742231785836
"chr17:28619775:28619860:clu_11845:ENSG00000007202.14",-0.00263980427019708,0.00583674073877548,0.65107182747533
"chr17:28643311:28643610:clu_11855:ENSG00000007202.14",0.00510725774780375,0.00417246231932511,0.220937412277612
"chr17:28360847:28361157:clu_11825:ENSG00000004139.13",-0.0133192375712163,0.00521220563464693,0.0106067745315656
"chr17:28360847:28361157:clu_11825:ENSG00000244045.12",-0.0119453218458581,0.00510148016034011,0.0192043478869084
"chr17:28642987:28643164:clu_11855:ENSG00000007202.14",-0.00590054462820509,0.00442192686703981,0.182078324853166
"chr17:28688218:28688689:clu_11862:ENSG00000109111.14",0.00644855220002852,0.0043953595620756,0.142341416962505
"chr17:27294435:27303367:clu_11788:ENSG00000109046.14",0.00321554107337697,0.00366894324353847,0.380800885177344
"chr17:28548101:28548592:clu_11832:ENSG00000109103.11",0.017206418647245,0.00459138753895006,0.000178575786186408
"chr17:28610699:28611143:clu_11843:ENSG00000167524.14",-0.00170834678724334,0.00558102781773388,0.759529302953018
"chr17:28610699:28611143:clu_11843:ENSG00000258472.8",-0.00170834678724334,0.00558102781773388,0.759529302953018
"chr17:81128549:81131061:clu_13998:ENSG00000181409.11",0.00146813987842557,0.00282285045458226,0.602999962661329
"chr17:81906546:81906760:clu_14087:ENSG00000185813.10",0.00013331477424464,0.0041568314441735,0.974415231979104
"chr17:82086558:82087050:clu_14143:ENSG00000169710.8",-0.00575591733727695,0.00368660360579121,0.118451504123221
"chr17:82029635:82030065:clu_14112:ENSG00000169683.7",0.00135852302580901,0.00270042297695925,0.614909528532231
"chr17:82038413:82039181:clu_14118:ENSG00000264569.1",-8.07061307187028e-05,0.00288611430927381,0.977691187028344
"chr17:82038268:82039181:clu_14118:ENSG00000264569.1",-0.00480370758394607,0.00265456273636018,0.0703572052780193
"chr17:81933376:81934326:clu_14096:ENSG00000183010.16",-0.00569962111288365,0.00330581925206284,0.0846866177276239
"chr17:82029185:82029543:clu_14112:ENSG00000169683.7",-0.00298392282395105,0.00276994922565724,0.281369396080987
"chr17:82441052:82444447:clu_14192:ENSG00000178927.17",-0.0176338700814282,0.00529431704799882,0.000866227189430746
"chr17:82444124:82444447:clu_14192:ENSG00000178927.17",0.0179495691472288,0.00491122820598209,0.000257380029678567
"chr17:82424503:82428558:clu_14188:ENSG00000169660.15",-0.00452324494494541,0.00374902933537664,0.227620539576362
"chr17:81869957:81870636:clu_14081:ENSG00000141522.11",-0.0023375316021363,0.00374310728141595,0.532306092411058
"chr17:82409410:82411455:clu_14184:ENSG00000181396.12",0.013882471595462,0.004563602804656,0.00235013286426611
"chr17:81687095:81688704:clu_14054:ENSG00000185359.12",0.000820397902437061,0.00323929417361108,0.800063902445696
"chr17:81271024:81272516:clu_14019:ENSG00000157637.12",-0.00595666516097461,0.0037178469685953,0.109115507845998
"chr17:82406482:82409368:clu_14184:ENSG00000181396.12",-0.00787041510889662,0.00428799016628821,0.0664382277080723
"chr17:82252527:82253016:clu_14167:ENSG00000141551.14",0.00497958752149726,0.00324553534515145,0.124958696270772
"chr17:81272627:81275969:clu_14019:ENSG00000157637.12",0.00827855808941777,0.00357581353547633,0.0206045197450461
"chr17:82051964:82052375:clu_14123:ENSG00000169727.12",0.00760090165392761,0.00378364408726848,0.0445494487516579
"chr17:81057967:81084832:clu_13988:ENSG00000175866.15",0.00875330026650489,0.00416978825626571,0.0357975674725634
"chr17:81108509:81110023:clu_13992:ENSG00000175866.15",-0.00974252406922449,0.00332904638037838,0.00342776387537225
"chr17:81682149:81682443:clu_14048:ENSG00000214087.8",0.00101003921789974,0.0041692311076664,0.808578466370097
"chr17:82175663:82178474:clu_14156:ENSG00000176155.18",0.00804760064885377,0.00355962592148351,0.0237716730541313
"chr17:80643810:80707841:clu_13978:ENSG00000141564.13",-0.00244786457298504,0.00271777316241598,0.367754446229185
"chr17:80625793:80643728:clu_13978:ENSG00000141564.13",0.00436500027680187,0.0028965071441801,0.131813842082257
"chr17:81104108:81104514:clu_13991:ENSG00000175866.15",0.00764466818180037,0.00339253621059501,0.0242352935147421
"chr17:81239682:81240987:clu_14014:ENSG00000224877.3",-0.00278889570144523,0.0034901671193197,0.424248517872011
"chr17:81104108:81104511:clu_13991:ENSG00000175866.15",-0.00788976245315981,0.0036519452502618,0.0307396009439379
"chr17:81192843:81193926:clu_14003:ENSG00000141577.13",-0.00315391992397034,0.00335218466859097,0.34677913773738
"chr17:21198840:21214091:clu_11777:ENSG00000178307.9",-0.000542781584991904,0.00667109725301934,0.935153142209512
"chr17:21198840:21210936:clu_11777:ENSG00000178307.9",0.00202391317451868,0.00531272011623002,0.703235818325097
"chr17:31976614:31982999:clu_12005:ENSG00000178691.10",-0.00273478136585905,0.0040315326982706,0.497551193311343
"chr17:74961989:74962234:clu_13542:ENSG00000167861.15",0.00773729334286185,0.00325558217571108,0.0174719080215556
"chr17:75926163:75926288:clu_13729:ENSG00000188878.19",0.0031136834216774,0.00294125308413707,0.289770693442878
"chr17:74872133:74872243:clu_13535:ENSG00000161513.11",-0.00809185394737904,0.00332320679884435,0.0148937045031459
"chr17:74960248:74961873:clu_13542:ENSG00000167861.15",-0.00928193175028535,0.00334964094654546,0.00558804976544336
"chr17:75570498:75570950:clu_13622:ENSG00000073350.13",-0.00321998067014327,0.00376580738711424,0.392519489671018
"chr17:74250357:74252234:clu_13506:ENSG00000141540.10",0.00698427273257128,0.00297153981153485,0.0187538299957034
"chr17:75603312:75605864:clu_13635:ENSG00000266714.6",0.00846822811548967,0.0047639764528805,0.0754770407744026
"chr17:75702571:75704756:clu_13666:ENSG00000161526.14",0.00437368125606051,0.00585858438759004,0.455339869107743
"chr17:75570510:75570950:clu_13622:ENSG00000073350.13",0.00100229738384477,0.00387854621531523,0.796082092330143
"chr17:75496471:75497113:clu_13597:ENSG00000177728.16",0.0147256153403068,0.00483802922173104,0.00233671065181118
"chr17:75174823:75181057:clu_13557:ENSG00000188612.11",-0.00239343764196252,0.00313666375829198,0.445432367966431
"chr17:75495399:75495544:clu_13594:ENSG00000177728.16",0.00935236056627682,0.0040476615783215,0.0208572305112238
"chr17:75268192:75269347:clu_13580:ENSG00000125457.13",0.00353404058047353,0.00345204010435807,0.305951384573984
"chr17:74773688:74775622:clu_13525:ENSG00000109065.11",0.000817872379767063,0.00321825160146305,0.7993907824182
"chr17:75168401:75174752:clu_13557:ENSG00000188612.11",0.00170765520627372,0.00306672699489559,0.577641442667381
"chr17:74737365:74740768:clu_13518:ENSG00000172794.19",0.00249769438356457,0.00283274143288495,0.377926408250058
"chr17:59863847:59866609:clu_13141:ENSG00000108423.14",-0.000529684518560819,0.00423143231117565,0.900382206245326
"chr17:21305128:21312142:clu_11780:ENSG00000034152.18",0.00123869276437364,0.0052811808932499,0.814559228469468
"chr17:75596360:75596460:clu_13633:ENSG00000266714.6",-0.00667082837402383,0.00331611518639006,0.0442579498887195
"chr17:75615884:75616072:clu_13644:ENSG00000266714.6",0.00627401504558898,0.00363193870640011,0.0840857644557335
"chr17:75332797:75393551:clu_13585:ENSG00000177885.13",0.00181463835424816,0.0035721539511995,0.611456455523357
"chr17:75603077:75603188:clu_13635:ENSG00000266714.6",0.00680112046386709,0.00339563154821876,0.0451877058050539
"chr17:75594972:75596460:clu_13633:ENSG00000266714.6",0.00369573254636106,0.00399091713346634,0.35442732291972
"chr17:75588966:75589621:clu_13629:ENSG00000266714.6",-0.00435068152116372,0.00308922546979436,0.159030251518514
"chr17:78803978:78806156:clu_13885:ENSG00000055483.19",-0.000660189060988727,0.0022565441285995,0.769853576089757
"chr17:78137323:78137717:clu_13859:ENSG00000167895.14",-0.00397967522084209,0.00234958259557431,0.0903071596743524
"chr17:78139240:78140834:clu_13862:ENSG00000167895.14",0.00505018632393212,0.00288686494717322,0.0802275982214095
"chr17:79103254:79104073:clu_13908:ENSG00000167281.18",-0.00568608895854576,0.00390143064214978,0.144995819054178
"chr17:78137358:78137717:clu_13859:ENSG00000167895.14",0.00341719949385979,0.00241314498348557,0.156752914589261
"chr17:68882719:68883791:clu_13422:ENSG00000141338.13",-0.000287915880741549,0.00315021919936332,0.927178331740594
"chr17:73243003:73247241:clu_13499:ENSG00000141219.15",-0.00425085308430246,0.00327049937854215,0.193684411755637
"chr17:74446998:74449335:clu_13513:ENSG00000170412.16",-0.000778197958893578,0.00385444427806462,0.839997810793229
"chr17:69084507:69085028:clu_13438:ENSG00000154262.12",-0.00170300691395031,0.00407513282966054,0.676018634881141
"chr17:67160365:67160897:clu_13366:ENSG00000198265.11",-0.0045884817429991,0.00297440971371935,0.122915017753435
"chr17:67687184:67692572:clu_13377:ENSG00000154217.14",0.0127765029089338,0.0040318961705815,0.00153039605742344
"chr17:67160362:67160897:clu_13366:ENSG00000198265.11",0.00573707395287908,0.00287954832617029,0.0463324466925232
"chr17:68929234:68929561:clu_13425:ENSG00000141338.13",-0.00922841960043496,0.00432814035471988,0.0329911919074433
"chr17:68522926:68523725:clu_13412:ENSG00000108946.14",-0.00564584562406424,0.00519806066779729,0.277415014488137
"chr17:75612893:75612974:clu_13640:ENSG00000266714.6",0.00632583301354813,0.00309583755033558,0.0410192937587134
"chr17:75752577:75754576:clu_13685:ENSG00000132470.13",-0.00389152732754525,0.00367500559244187,0.289637404065057
"chr17:75088044:75089114:clu_13552:ENSG00000170190.15",-0.000504233794554217,0.00317674293459745,0.873884233091604
"chr17:75631668:75651186:clu_13659:ENSG00000108469.14",0.00486929247846194,0.00366380342047925,0.183839169414923
"chr17:75492789:75492929:clu_13591:ENSG00000177728.16",-0.00128342633196164,0.0035658317781783,0.718904410216402
"chr17:75784984:75809760:clu_13690:ENSG00000132478.9",0.00927511053064043,0.00444876996063,0.0370810310089524
"chr17:75704814:75705611:clu_13667:ENSG00000161526.14",0.00251634426563834,0.00435132052786478,0.563065378941264
"chr17:76085797:76087654:clu_13755:ENSG00000182473.21",0.00166740203777914,0.00544722045372013,0.759527409755199
"chr17:75574668:75574871:clu_13627:ENSG00000073350.13",-0.00069999266435064,0.00421296759471126,0.868037393908539
"chr17:75496471:75496730:clu_13597:ENSG00000177728.16",-0.00277521791646563,0.00303818100135793,0.361007393133955
"chr17:75729436:75730241:clu_13672:ENSG00000132470.13",-0.00433656395166157,0.0038457569899874,0.259479178086782
"chr17:75574668:75574874:clu_13627:ENSG00000073350.13",0.00256765515386274,0.00421185271284616,0.542109547916413
"chr17:76726879:76732978:clu_13799:ENSG00000181038.13",0.00391495738759243,0.00282286114582381,0.165479683921336
"chr17:80415821:80417811:clu_13975:ENSG00000173818.16",-0.000752021244700608,0.00289302016329311,0.794907500684048
"chr17:79044123:79046555:clu_13894:ENSG00000173918.14",-0.00232877272602601,0.0026293780933509,0.375793035636134
"chr17:80428660:80429773:clu_13977:ENSG00000173818.16",-0.00630150357975491,0.00244101031990952,0.00983678538442312
"chr17:68877679:68881120:clu_13421:ENSG00000141338.13",-0.00802517869385976,0.00338869889447056,0.0178739866720757
"chr17:68986324:68989027:clu_13430:ENSG00000154258.16",0.00848356247333119,0.00310657197210795,0.00631724254382759
"chr17:73209768:73227165:clu_13495:ENSG00000133193.12",0.00142779631851867,0.00270450782607622,0.597546509672588
"chr17:74963081:74963740:clu_13543:ENSG00000167861.15",-0.00207620896357591,0.00392819187521772,0.597124162718804
"chr17:74955332:74955424:clu_13539:ENSG00000167861.15",0.00489359876790585,0.00413767254683449,0.236930608475211
"chr17:76313891:76328717:clu_13764:ENSG00000161542.16",-0.000677266565408414,0.00362376522017654,0.851742318105352
"chr17:76088562:76088771:clu_13757:ENSG00000182473.21",-0.00300275269145498,0.00300826187735711,0.318197586455444
"chr17:77089271:77093244:clu_13813:ENSG00000129657.14",0.00391267623523307,0.00260458299199732,0.133038361176075
"chr17:76683927:76685072:clu_13795:ENSG00000182534.13",0.00117918974822782,0.0032271284574357,0.714813532788322
"chr17:76087720:76088464:clu_13756:ENSG00000182473.21",-0.00575812174684019,0.0034924393430438,0.0992010698748595
"chr17:75986284:75991466:clu_13736:ENSG00000257949.6",-0.00371753417961079,0.00427917183415736,0.38498342020618
"chr17:82563548:82568054:clu_14203:ENSG00000141568.20",-0.00181678120226972,0.00411858718244485,0.659127878589486
"chr17:82752377:82763965:clu_14222:ENSG00000141556.20",-0.00403636126825832,0.00442003736639407,0.361139369120789
"chr17:82080015:82080140:clu_14137:ENSG00000169710.8",-0.00855135235019894,0.00631248257069908,0.175521630132413
"chr17:82019381:82019641:clu_14108:ENSG00000169689.14",0.000590067035584478,0.00443764934389401,0.894218389054384
"chr17:82079608:82080140:clu_14137:ENSG00000169710.8",0.00356476997631904,0.007112673097978,0.616240444207081
"chr17:82929500:82929866:clu_14236:ENSG00000141556.20",0.00154097698408444,0.00317679993474363,0.627625209194635
"chr17:82439713:82440997:clu_14191:ENSG00000169660.15",-0.00833407968427767,0.00557508520107383,0.134945935142741
"chr17:82096447:82098121:clu_14149:ENSG00000169710.8",-0.00469965552958853,0.00399367479389884,0.2392854360588
"chr17:82433822:82435689:clu_14190:ENSG00000169660.15",-0.00151609862761808,0.00391091188737423,0.698268696757225
"chr17:82037013:82037163:clu_14117:ENSG00000169738.7",0.00573152067739615,0.00491561070949951,0.243621141547833
"chr17:11978744:11983297:clu_11500:ENSG00000154957.13",-0.00533760802985595,0.00303136316982137,0.07827316690945
"chr17:11984197:11990462:clu_11503:ENSG00000154957.13",0.00212160666327865,0.00310203035201091,0.494012234983642
"chr17:13777349:13777476:clu_11525:ENSG00000236088.9",0.000693776097306555,0.002941406143093,0.81353707518812
"chr17:1615034:1616562:clu_10845:ENSG00000167703.14",0.00382622185775343,0.00252448850630389,0.129609795713198
"chr17:5000352:5000772:clu_11134:ENSG00000129250.11",-0.00460890998241399,0.00379041265671538,0.224008219672791
"chr17:5335344:5338019:clu_11166:ENSG00000029725.16",0.0018562730789713,0.00302654285776695,0.539657385776549
"chr17:4818406:4818494:clu_11085:ENSG00000129219.13",-0.00150394708695337,0.00342390335170041,0.660480919835321
"chr17:5501872:5515473:clu_11191:ENSG00000091592.15",0.000380943019149857,0.00303147710547602,0.899999080008775
"chr17:5000356:5000772:clu_11134:ENSG00000129250.11",0.00389271418863682,0.00400506074274848,0.331075995026821
"chr17:4943519:4944558:clu_11111:ENSG00000108523.15",-0.0104396732923439,0.00409891633364305,0.010867368682969
"chr17:6892075:6894318:clu_11224:ENSG00000262943.7",-0.00368382905123399,0.00270340819326896,0.172989358193918
"chr17:7390795:7392791:clu_11311:ENSG00000187838.16",-0.0070545616153138,0.00262865445777443,0.00728089599896753
"chr17:7317932:7318065:clu_11290:ENSG00000215041.9",-0.0118106379383451,0.00318587940815149,0.000209577514662107
"chr17:5539585:5541857:clu_11194:ENSG00000091592.15",0.00460388361326286,0.00409927221608153,0.261395959792526
"chr17:7317929:7318065:clu_11290:ENSG00000215041.9",0.0122891219214618,0.00331949585842533,0.000213818163999235
"chr17:7390693:7392791:clu_11311:ENSG00000187838.16",0.0079966732496125,0.00260803391231131,0.00216820581787913
"chr17:7327230:7327440:clu_11301:ENSG00000215041.9",-0.00481420133379066,0.00295559495311424,0.103346174416238
"chr17:1709581:1709804:clu_10864:ENSG00000185561.9",-0.00747383124892658,0.00365473213869967,0.0408574471394133
"chr17:1709581:1709804:clu_10864:ENSG00000186594.14",-0.00810361589700869,0.00365157807465207,0.0264724910129568
"chr17:2364376:2364596:clu_10915:ENSG00000141258.12",-0.00289658566753075,0.00269552812184972,0.282558646142821
"chr17:2394346:2394875:clu_10931:ENSG00000070444.14",0.00120451081546374,0.00275371792106664,0.661812174288582
"chr17:2394154:2394305:clu_10931:ENSG00000070444.14",5.72288151984416e-05,0.00279368395220031,0.983656420884845
"chr17:3904024:3904330:clu_11000:ENSG00000108405.3",-0.0042403647795955,0.00358637626153597,0.237065437491734
"chr17:3650480:3651424:clu_10968:ENSG00000262903.1",0.000417259990706816,0.0035079081161142,0.905316251413839
"chr17:2364183:2364596:clu_10915:ENSG00000141258.12",-0.00134440024236109,0.00246532665787547,0.585531133389034
"chr17:1508226:1509178:clu_10834:ENSG00000132376.19",-0.00641666377173443,0.0026093605164782,0.0139287996613331
"chr17:2036091:2036529:clu_10890:ENSG00000108963.17",0.00176241148813593,0.00234553707269628,0.452418392905576
"chr17:2325420:2329343:clu_10907:ENSG00000167721.10",0.00295251056548769,0.00245817028284827,0.2297120598029
"chr17:788132:791534:clu_10805:ENSG00000171861.10",-0.00121640163256384,0.00327450994340603,0.710283079159844
"chr17:2036091:2036429:clu_10890:ENSG00000108963.17",-0.000634970362138981,0.00252125875645512,0.801159661901141
"chr17:631628:632744:clu_10795:ENSG00000141252.19",0.0152199009358919,0.00345512391775269,1.05772568504969e-05
"chr17:1508226:1509168:clu_10834:ENSG00000132376.19",0.00475395696195093,0.00279951394458308,0.0894819918911904
"chr17:5033384:5033479:clu_11141:ENSG00000132517.14",-0.00088467269133907,0.00281881086722735,0.753637957850463
"chr17:4970536:4972232:clu_11122:ENSG00000108509.20",0.00647160830121793,0.00328225183103137,0.0486441293245797
"chr17:5282520:5308694:clu_11165:ENSG00000029725.16",0.010830835694567,0.00320711996232133,0.000732485276979666
"chr17:5106533:5108926:clu_11143:ENSG00000167840.13",-0.00126023171855494,0.00337789287341454,0.709087263096365
"chr17:4896588:4896674:clu_11102:ENSG00000141503.15",-0.00632149272440349,0.00294546978852125,0.031859043696326
"chr17:5308822:5331949:clu_11165:ENSG00000029725.16",-0.0107846942306812,0.0033166214831604,0.00114712635548753
"chr17:4859328:4878317:clu_11086:ENSG00000141503.15",-0.0106291756906247,0.00413000846639962,0.0100633465660011
"chr17:4833640:4878317:clu_11086:ENSG00000141503.15",0.00821148674899515,0.00384688039042113,0.0327950604115267
"chr17:5560043:5581859:clu_11195:ENSG00000091592.15",-0.000904138039080303,0.0032858085098449,0.783189816589397
"chr17:7076071:7076733:clu_11241:ENSG00000132514.13",0.00469315691729977,0.00269487894490045,0.0815943333293234
"chr17:7204252:7204946:clu_11252:ENSG00000132535.18",-0.00651420976127449,0.00389464785884677,0.0944049666608995
"chr17:5462546:5463529:clu_11184:ENSG00000005100.12",-0.00603682171124494,0.00275909189073817,0.0286714859472683
"chr17:1576720:1578250:clu_10841:ENSG00000167703.14",0.00340579902831299,0.00341829898250595,0.319083409039947
"chr17:2467876:2473524:clu_10932:ENSG00000127804.12",0.00472932945737986,0.00268983708325675,0.0787098241950477
"chr17:39109391:39126905:clu_12220:ENSG00000161381.13",0.00676032809609082,0.00531159379166678,0.203106962805101
"chr17:40020350:40021955:clu_12286:ENSG00000008838.19",0.0105003213685266,0.00448989718137638,0.019353285753633
"chr17:40036154:40053298:clu_12293:ENSG00000008838.19",-0.00701620906976784,0.00406970250621434,0.0847059823791642
"chr17:40035795:40036116:clu_12293:ENSG00000008838.19",0.00277230515239022,0.0037786894954684,0.463150849874805
"chr17:40053657:40054361:clu_12294:ENSG00000008838.19",0.00703054202678963,0.00364589171056182,0.0538120583797876
"chr17:40480178:40480700:clu_12322:ENSG00000131746.12",0.00397448847693361,0.00632630310259111,0.529841365641046
"chr17:40479842:40480700:clu_12322:ENSG00000131746.12",-0.00833188028939361,0.00734726863077785,0.256790114179792
"chr17:40480768:40482097:clu_12323:ENSG00000131746.12",-0.00355844436842377,0.00559688057400094,0.524912878933631
"chr17:38717953:38719240:clu_12194:ENSG00000275023.4",0.000233452638762341,0.00432275391947192,0.956930754263994
"chr17:39183010:39183713:clu_12221:ENSG00000067191.15",-0.0253236244993818,0.0041752856249818,1.31851995988086e-09
"chr17:38776307:38777687:clu_12205:ENSG00000276293.4",-0.0037603986531319,0.0037454403444561,0.315381631756904
"chr17:39079528:39083459:clu_12219:ENSG00000161381.13",-0.022351671510569,0.00374222683166612,2.33177877007051e-09
"chr17:37579434:37584648:clu_12158:ENSG00000275066.4",-0.011898428797811,0.00367893298421522,0.00121981243874014
"chr17:38730406:38730760:clu_12197:ENSG00000275023.4",0.0193229918962819,0.00692338677266829,0.00525497069072955
"chr17:38498510:38500597:clu_12181:ENSG00000275832.4",-0.042293701347823,0.00392669764602015,0
"chr17:38724976:38725557:clu_12197:ENSG00000275023.4",-0.0260086845931713,0.00646138569558334,5.6915123673007e-05
"chr17:42102312:42103608:clu_12388:ENSG00000108771.12",0.00666459922202432,0.00391198860500503,0.0884493694194473
"chr17:43171302:43175791:clu_12531:ENSG00000188554.13",-0.00159601525538745,0.00526890129541561,0.761956661916346
"chr17:43159068:43159467:clu_12533:ENSG00000267002.2",-0.0038311730748191,0.00494925252133712,0.438876831031538
"chr17:42810928:42812231:clu_12492:ENSG00000126581.12",-0.000527414380518477,0.00593442992455468,0.929182333966312
"chr17:43156233:43158976:clu_12533:ENSG00000267002.2",-0.00261656249118556,0.00455680186874462,0.565825511574561
"chr17:42690942:42691137:clu_12469:ENSG00000108797.11",0.00172367322935057,0.00480638891683242,0.719878443296625
"chr17:44071183:44071628:clu_12576:ENSG00000141349.8",0.013590941936708,0.00557271581031598,0.01473463894202
"chr17:42954967:42955158:clu_12502:ENSG00000266967.6",-0.00763139708567781,0.00502387811755989,0.12875617183851
"chr17:43148783:43158976:clu_12533:ENSG00000267002.2",0.00996180282820478,0.00358296908722678,0.00543052528440191
"chr17:43167150:43170126:clu_12533:ENSG00000267002.2",-0.0108185976269511,0.00528381599285436,0.0406093067967404
"chr17:43814361:43816038:clu_12557:ENSG00000161647.18",0.0140503531209009,0.00566231600673578,0.0130875065115266
"chr17:43529952:43530107:clu_12551:ENSG00000175832.12",-0.0105279272445238,0.00416665101339088,0.0115135865440724
"chr17:43159727:43166980:clu_12533:ENSG00000267002.2",-0.0069650216387231,0.00489382284625223,0.154670311793805
"chr17:42671130:42671351:clu_12457:ENSG00000068137.14",-0.0203314928798873,0.00471981201425429,1.64967444860054e-05
"chr17:42674875:42676402:clu_12460:ENSG00000068137.14",-0.00801611956467312,0.00442213631938341,0.0698741591882839
"chr17:43148783:43159467:clu_12533:ENSG00000267002.2",-0.00446041407640195,0.00503248619038721,0.375442875697316
"chr17:43180817:43186250:clu_12534:ENSG00000188554.13",-0.01174180336499,0.00722603711762935,0.104177508318302
"chr17:44075451:44080098:clu_12577:ENSG00000141349.8",0.00719725769083106,0.00560657182998255,0.19924061183923
"chr17:42671558:42672086:clu_12458:ENSG00000068137.14",-0.0130905855502168,0.00518531272271121,0.011584624967044
"chr17:43814643:43816038:clu_12557:ENSG00000161647.18",-0.0140057770718521,0.00605991766404352,0.0208209415358291
"chr17:43148783:43159423:clu_12533:ENSG00000267002.2",-0.00148339867571893,0.00406577528367134,0.715223275905014
"chr17:58724100:58732484:clu_13120:ENSG00000108384.14",-0.00252698577488868,0.00428311780388237,0.555199059675503
"chr17:58371033:58417017:clu_13104:ENSG00000108375.12",-0.00043770191036662,0.0039559421236285,0.911898524408114
"chr17:57112618:57114459:clu_13055:ENSG00000121057.12",-0.00247506238370003,0.00331334615678009,0.45506487170396
"chr17:57652161:57674972:clu_13061:ENSG00000153944.10",0.00584568824030948,0.00359673609846011,0.104103799538486
"chr17:57652161:57674918:clu_13061:ENSG00000153944.10",-0.000200381455211316,0.00361327885680511,0.95577441937862
"chr17:62444943:62447701:clu_13199:ENSG00000087995.15",-0.0054814322873721,0.00449012639626636,0.22217137066675
"chr17:61368494:61391977:clu_13182:ENSG00000141376.22",0.00467151087766062,0.00651708000190725,0.473491079062212
"chr17:62440756:62444837:clu_13199:ENSG00000087995.15",0.00383972136727279,0.00419676944253742,0.360231994785413
"chr17:46034282:46038538:clu_12716:ENSG00000120071.13",-0.0100338326778144,0.00476409012208264,0.0351923406517014
"chr17:45030179:45030304:clu_12646:ENSG00000172992.11",-0.0092493616599549,0.00419388461506291,0.0274232208166564
"chr17:46034285:46038538:clu_12716:ENSG00000120071.13",0.0119089989963113,0.00465413171660898,0.0105033710893702
"chr17:55268086:55288881:clu_13025:ENSG00000108924.13",0.00997399599014819,0.00586676043297927,0.0891147915256454
"chr17:55268086:55315227:clu_13025:ENSG00000108924.13",4.38457084635892e-05,0.00341862001778028,0.989766966035339
"chr17:54947312:54949518:clu_13015:ENSG00000141198.14",0.00392317284373215,0.00392938690704382,0.318076434138597
"chr17:56998498:56999272:clu_13049:ENSG00000121064.12",0.00549307878629802,0.00273499863740785,0.0445966287738366
"chr17:58311213:58311571:clu_13091:ENSG00000005379.15",-0.00709710667315473,0.00353890104790336,0.0449144307759423
"chr17:67975958:67982252:clu_13392:ENSG00000171634.16",-0.00805859088439588,0.00360774722340427,0.0255034411341225
"chr17:67344780:67345745:clu_13371:ENSG00000197170.9",-0.00536963076513849,0.00386616570816934,0.16486998761274
"chr17:45987095:45989878:clu_12713:ENSG00000186868.15",0.00905169561889738,0.00403108539831404,0.024737748714463
"chr17:45150919:45159330:clu_12665:ENSG00000224505.2",0.00121756030033221,0.0045367631880117,0.788409581705962
"chr17:42705183:42706007:clu_12472:ENSG00000108799.12",-0.00227149569082778,0.00501667983357432,0.650700937056913
"chr17:44071242:44074160:clu_12576:ENSG00000141349.8",-0.00632078454820035,0.00494631035221515,0.20129220617148
"chr17:42661227:42662973:clu_12451:ENSG00000037042.8",0.0110637387066348,0.00445885257529068,0.0130905152073539
"chr17:42987414:42990317:clu_12513:ENSG00000198863.7",0.0107598476244094,0.00583697194368401,0.0652712913856273
"chr17:42713389:42720273:clu_12475:ENSG00000108799.12",-0.00088393164879553,0.00573521765720526,0.877512382682894
"chr17:42703820:42704602:clu_12472:ENSG00000108799.12",-0.00182095188625544,0.00481805753593245,0.70547281980348
"chr17:43012277:43012930:clu_12516:ENSG00000068079.7",0.00339212723696709,0.00468446770750667,0.468990693615782
"chr17:43524185:43536412:clu_12550:ENSG00000067596.10",0.0115399270094782,0.0061980605421856,0.0626226898513937
"chr17:48555618:48573837:clu_12836:ENSG00000120093.11",-0.0151277409116424,0.00329919674116398,4.53378387754722e-06
"chr17:47974448:47975023:clu_12808:ENSG00000108465.14",0.0232323181922058,0.00466911355280108,6.49971824140394e-07
"chr17:47122536:47123886:clu_12744:ENSG00000004897.11",0.000399229092421536,0.00604207088985426,0.947318212176222
"chr17:47678189:47678308:clu_12778:ENSG00000108424.9",0.0156634155078577,0.00694833094962231,0.0241791738744358
"chr17:48027789:48028472:clu_12814:ENSG00000005243.9",0.019193434683137,0.00743906850119377,0.00987757826871516
"chr17:48189500:48345905:clu_12828:ENSG00000141293.15",0.00155722773951431,0.00381223757678765,0.682920360844574
"chr17:47813834:47814521:clu_12789:ENSG00000006025.11",0.0114671253754988,0.00397402338103767,0.00390767185963392
"chr17:50357252:50358207:clu_12922:ENSG00000015532.9",0.00318279798477416,0.0037810661981282,0.399915242783579
"chr17:35107447:35116859:clu_12056:ENSG00000185379.20",0.00178361386078331,0.00382161350475606,0.64070201509784
"chr17:35323268:35324654:clu_12063:ENSG00000267364.1",-0.00111244397811312,0.00330527202191839,0.736443680945051
"chr17:34994431:34996064:clu_12049:ENSG00000005156.11",0.0011493767601321,0.00602881300626811,0.848801950762864
"chr17:32659338:32711988:clu_12034:ENSG00000176658.16",-0.00081745504778809,0.00502278012856654,0.870715656543674
"chr17:32659338:32684175:clu_12034:ENSG00000176658.16",0.00295408482296505,0.00532163659466846,0.578820562858808
"chr17:35363826:35366947:clu_12064:ENSG00000172716.16",0.00227252579550312,0.00381653102531364,0.551547545132308
"chr17:82019909:82022826:clu_14108:ENSG00000169689.14",-0.00202810248434468,0.00380673599567807,0.594195031385726
"chr17:81246169:81246885:clu_14015:ENSG00000157637.12",-0.00358255118078137,0.00328985889312233,0.27616798103787
"chr17:81250093:81251493:clu_14016:ENSG00000157637.12",0.00545640118002019,0.00712830228981747,0.444000105784561
"chr17:81545882:81546909:clu_14038:ENSG00000185504.16",-0.0101018972318724,0.0035580389520019,0.00452302645424785
"chr17:82051524:82053274:clu_14123:ENSG00000169727.12",-0.00267703673023117,0.00344302635937461,0.436849491455078
"chr17:82195364:82198314:clu_14159:ENSG00000176155.18",0.00222063515112037,0.00399803843782943,0.57859978012758
"chr17:80415250:80415650:clu_13975:ENSG00000173818.16",-0.00304065069515388,0.00272628549115604,0.264718037810175
"chr17:80415821:80422206:clu_13975:ENSG00000173818.16",-0.00531874661419417,0.00237551258577671,0.0251566301053477
"chr17:82037013:82037450:clu_14117:ENSG00000169738.7",0.0106576184453203,0.00328807340826154,0.00118987657199632
"chr17:81191350:81192318:clu_14002:ENSG00000141577.13",-0.00156713022433299,0.00329253307808302,0.634099374075123
"chr17:81271024:81275969:clu_14019:ENSG00000157637.12",-0.00313479019584757,0.00428652376351545,0.464588042652394
"chr17:81665584:81666146:clu_14047:ENSG00000204237.4",-0.00395221403243717,0.00330433010618941,0.231668780394812
"chr17:82019694:82019858:clu_14108:ENSG00000169689.14",0.00434629948662732,0.00407717454020755,0.286420157553824
"chr17:82095472:82096319:clu_14148:ENSG00000169710.8",-0.00612970350994134,0.00448224579474814,0.171452398213208
"chr17:82244831:82248875:clu_14162:ENSG00000141551.14",-0.00532588089958889,0.00582849636630431,0.360839897640333
"chr17:82101866:82104194:clu_14151:ENSG00000176155.18",-0.0088876800121357,0.00547168983331991,0.104311243038788
"chr17:81238159:81238514:clu_14013:ENSG00000167302.10",-0.00295531172621967,0.00344073756999555,0.390385710701666
"chr17:81693965:81694815:clu_14058:ENSG00000185359.12",-0.000375540249080018,0.00342076178317571,0.912581761475241
"chr17:82244831:82245976:clu_14162:ENSG00000141551.14",0.00282895070924563,0.00455388407508161,0.534456782514357
"chr17:82188419:82190434:clu_14158:ENSG00000176155.18",0.000909711969043271,0.0039359273717783,0.817213597098259
"chr17:82246039:82248875:clu_14162:ENSG00000141551.14",0.00102219843914199,0.00655106779654154,0.876005123193529
"chr17:81682675:81683013:clu_14048:ENSG00000214087.8",-0.0093395268805358,0.0037137879154247,0.0119091464282561
"chr17:82134194:82157748:clu_14152:ENSG00000176155.18",-0.00566509352435645,0.00435678122207704,0.193500456305747
"chr17:82484349:82484813:clu_14201:ENSG00000141562.17",0.00585205989355093,0.00386018552232236,0.129518131292625
"chr17:81252683:81253073:clu_14021:ENSG00000157637.12",-0.00614560521763885,0.0032720105431756,0.0603490034288239
"chr17:81824390:81824499:clu_14074:ENSG00000225663.7",-0.00116029771719764,0.00335558007811212,0.729506883608727
"chr17:81237660:81238002:clu_14013:ENSG00000167302.10",0.00461199038834487,0.00378011084944579,0.222439288170558
"chr17:81682149:81683013:clu_14048:ENSG00000214087.8",0.00505154063708318,0.00344429175439494,0.142473650905905
"chr17:82483779:82484813:clu_14201:ENSG00000141562.17",-0.00508297356591827,0.00379516863037287,0.180464092682676
"chr17:82478667:82478800:clu_14198:ENSG00000141562.17",0.0111170603172607,0.0052642441203084,0.0347031250862643
"chr17:82600244:82601303:clu_14205:ENSG00000141568.20",0.0185887576439715,0.0063080106028581,0.00321029447533649
"chr17:82188419:82193756:clu_14158:ENSG00000176155.18",-0.000794466188610174,0.00298620956540441,0.790204535751121
"chr17:81670453:81670534:clu_14051:ENSG00000185298.12",4.21468793449031e-05,0.00343138014045396,0.990200007754258
"chr17:81824405:81824499:clu_14074:ENSG00000225663.7",0.00253139985559601,0.00343794899896257,0.461541419763047
"chr17:81979239:81983554:clu_14100:ENSG00000169696.15",-0.0103283326341068,0.00318677785346129,0.00119113070534116
"chr17:81670453:81671744:clu_14051:ENSG00000185298.12",0.00237387097669065,0.00333990083307812,0.477232403773397
"chr17:79944107:79944908:clu_13915:ENSG00000167291.15",0.00137243909772239,0.00274038549152191,0.616498004991427
"chr17:80379714:80380831:clu_13970:ENSG00000173821.19",4.5430059721697e-05,0.00242186859880715,0.985033945441161
"chr17:80991981:80994581:clu_13985:ENSG00000176108.9",0.00489441472283964,0.00320116944976225,0.12627787024579
"chr17:80036691:80038123:clu_13920:ENSG00000141519.14",0.00398433123617598,0.0024274992740669,0.100728602615055
"chr17:80178655:80181419:clu_13937:ENSG00000141527.16",0.00307033913025976,0.00260053514823068,0.237739147019836
"chr17:81126817:81127583:clu_13996:ENSG00000181409.11",0.00494001467348144,0.00344758077235082,0.151888391688846
"chr17:80101925:80104555:clu_13929:ENSG00000171298.12",-0.0019816930157367,0.00293830687346539,0.500035658305865
"chr17:81053743:81057881:clu_13987:ENSG00000175866.15",-0.00429893722292564,0.0036838479154545,0.243222789617121
"chr17:80947351:80949443:clu_13982:ENSG00000141564.13",0.00616745301610965,0.00338102333880327,0.0681312179644621
"chr17:80948659:80949443:clu_13982:ENSG00000141564.13",-0.00494262884914086,0.00308011997555268,0.108562678123088
"chr17:81086580:81099928:clu_13990:ENSG00000175866.15",0.00456208242737935,0.00338943615784679,0.178311902349999
"chr17:80101925:80104555:clu_13929:ENSG00000141519.14",-0.00128822883660892,0.00299101723719099,0.666687074967949
"chr17:81445681:81446738:clu_14026:ENSG00000266074.8",-0.012198532174794,0.00345262257058407,0.00041068497185015
"chr17:21028674:21042665:clu_11772:ENSG00000124422.11",0.00160841283704468,0.00480327865406859,0.73773274721907
"chr17:21021226:21028542:clu_11772:ENSG00000124422.11",0.00171207921872427,0.00522900391657566,0.743350421423601
"chr17:20110562:20204333:clu_11758:ENSG00000128487.16",0.00731684196984907,0.00659696076207778,0.26737705484523
"chr17:19924517:19936286:clu_11753:ENSG00000108599.14",0.00279407942043542,0.0053785315313829,0.603420889525909
"chr17:82190527:82193756:clu_14158:ENSG00000176155.18",-0.00586808402366501,0.00331353992252898,0.0765704973986998
"chr17:82324890:82327147:clu_14174:ENSG00000141574.7",0.0019596820736197,0.00484394541680769,0.685798611016465
"chr17:83005210:83014454:clu_14245:ENSG00000175711.8",0.00192298996253254,0.00516390197546677,0.709601848691309
"chr17:82061353:82061618:clu_14132:ENSG00000169718.17",-0.00207808984211422,0.00323909256799014,0.521155379809569
"chr17:82061353:82061557:clu_14132:ENSG00000169718.17",-0.0020217652939598,0.00347596798636544,0.560808559256339
"chr17:18340255:18340732:clu_11687:ENSG00000176974.19",-0.00624395045526052,0.00408976232593316,0.126828917351111
"chr17:18720325:18722237:clu_11703:ENSG00000108448.20",-0.0109140842597782,0.00421005032947524,0.00953121897784537
"chr17:17973753:17973852:clu_11639:ENSG00000171962.17",0.00453916493764135,0.00464447775085096,0.328408203419579
"chr17:18021238:18021422:clu_11642:ENSG00000171953.15",-0.00661885013994083,0.00606821351678751,0.275386801832608
"chr17:18340813:18347496:clu_11687:ENSG00000176974.19",0.000476693560014396,0.00441183803377335,0.91395702607412
"chr17:18240873:18241451:clu_11669:ENSG00000131899.10",0.00853202207971938,0.00436208247360149,0.0504708590124251
"chr17:18865952:18872583:clu_11712:ENSG00000141127.14",-0.00928967365507533,0.00476826818936115,0.0513876864569034
"chr17:45246330:45246505:clu_12680:ENSG00000184922.13",0.0115602143903376,0.00417830985701647,0.00566233258127513
"chr17:45406083:45425564:clu_12694:ENSG00000159314.11",-0.000713480669031458,0.0060997109136107,0.906884153722049
"chr17:45630606:45636283:clu_12709:ENSG00000204650.14",-0.0128977251236625,0.0044363697201382,0.00364598213091116
"chr17:45971945:45978375:clu_12711:ENSG00000186868.15",-0.00365359486492942,0.0046249976223378,0.429547120608133
"chr17:45030179:45034187:clu_12646:ENSG00000172992.11",0.0126700531757703,0.00519882722077544,0.0148056524184237
"chr17:44852562:44853517:clu_12633:ENSG00000108883.12",0.000162895883692678,0.00491935959569054,0.973584292854448
"chr17:45247516:45247875:clu_12676:ENSG00000233483.2",-0.00317116364827215,0.00532433975898234,0.55144412224969
"chr17:37489958:37510677:clu_12151:ENSG00000276023.4",-0.0217708383903191,0.00400465850328163,5.43744625991494e-08
"chr17:37577613:37584648:clu_12158:ENSG00000275066.4",-0.00234141231804361,0.0039989153768737,0.558203604783359
"chr17:37284970:37330173:clu_12143:ENSG00000278540.4",-0.0140493840883993,0.00518016996845271,0.0066848875872676
"chr17:37149974:37151301:clu_12137:ENSG00000278540.4",-0.00690515787739643,0.0035155827915393,0.0495118439066988
"chr17:36602352:36602553:clu_12126:ENSG00000278619.4",0.00694538128211343,0.00384292263487019,0.0707127908867604
"chr17:38465183:38466167:clu_12174:ENSG00000275832.4",-0.0295960136101647,0.00433323402238049,8.49109671463566e-12
"chr17:36595180:36598163:clu_12124:ENSG00000278535.4",0.00755959839081992,0.00375387408787065,0.0440292276258033
"chr17:75630277:75630421:clu_13658:ENSG00000108469.14",-0.00855804614717908,0.00482689576053322,0.0762300812929004
"chr17:75841001:75842433:clu_13708:ENSG00000092929.11",0.0129999521998193,0.00390298897363199,0.000866066372326224
"chr17:75491153:75491303:clu_13589:ENSG00000177728.16",-0.0011568178762761,0.00315753490024443,0.714090936469149
"chr17:76332435:76344671:clu_13766:ENSG00000161542.16",-0.00053857516118627,0.00350997115805651,0.878050137671778
"chr17:75703371:75704756:clu_13666:ENSG00000161526.14",-0.0020816638867475,0.00510768859181608,0.683600427101619
"chr17:77141107:77142646:clu_13814:ENSG00000129657.14",0.00340400617129077,0.0032660049854972,0.297294016657802
"chr17:77206862:77209342:clu_13820:ENSG00000129657.14",-0.000924467182988642,0.00316213315415289,0.770014788899844
"chr17:76344737:76348529:clu_13766:ENSG00000161542.16",-0.00190708660474112,0.00361947745064092,0.598266116082518
"chr17:75926426:75926758:clu_13729:ENSG00000188878.19",-0.00100655266711314,0.00328078923169283,0.758994092987565
"chr17:76474534:76474660:clu_13773:ENSG00000129667.12",-0.000808633288736726,0.00374340133680647,0.828975545334217
"chr17:76545636:76553109:clu_13779:ENSG00000214140.10",-0.00581100187748543,0.00345511278487909,0.092596782857886
"chr17:75691531:75693440:clu_13664:ENSG00000161526.14",0.00408869964366929,0.00400285332462581,0.307043047580376
"chr17:76474534:76474730:clu_13773:ENSG00000129667.12",0.000287226893022168,0.00346606723757472,0.933956307659199
"chr17:75746375:75748841:clu_13682:ENSG00000132470.13",-0.00122814699513902,0.00310424613798568,0.692374652062295
"chr17:78202603:78202703:clu_13869:ENSG00000183077.15",0.00413937718193858,0.0025870304227671,0.109587564300136
"chr17:15993778:15999519:clu_11546:ENSG00000214941.7",-0.000273506895093078,0.00426773282766629,0.948900822207252
"chr17:15980391:15981040:clu_11546:ENSG00000214941.7",-0.001386915058936,0.00423943585007805,0.743557358107828
"chr17:17848859:17850893:clu_11635:ENSG00000175662.17",-0.00064310262499539,0.00489672603283593,0.895511741459895
"chr17:43818110:43820862:clu_12558:ENSG00000161647.18",-0.00288332371597314,0.00468756189735257,0.538488063225211
"chr17:43769814:43774035:clu_12556:ENSG00000108861.8",-0.00294206487048605,0.00446238559013719,0.509701120847661
"chr17:44748465:44750595:clu_12627:ENSG00000161692.17",-0.00266141327572086,0.00339758936795384,0.433436876288175
"chr17:45404096:45404269:clu_12691:ENSG00000159314.11",-0.000871566153323347,0.00425186626431437,0.83758433192632
"chr17:45287364:45289236:clu_12685:ENSG00000006062.14",-0.00024031854571024,0.00525346080520887,0.963513651091436
"chr17:43821058:43823931:clu_12558:ENSG00000161647.18",0.00494652121186785,0.00456580628997644,0.27863804071478
"chr17:44846426:44848102:clu_12632:ENSG00000131097.6",-0.000467727824513997,0.00418397257265441,0.910989626594397
"chr17:62672152:62674063:clu_13211:ENSG00000011028.13",0.00867936992553883,0.00530082181696583,0.101554628165754
"chr17:45136776:45137368:clu_12662:ENSG00000181513.14",0.0262446754978086,0.00619369915000495,2.26205225687393e-05
"chr17:44374760:44374998:clu_12617:ENSG00000005961.17",-0.00294846397135986,0.00382378123325381,0.440655990000439
"chr17:44741452:44747083:clu_12626:ENSG00000161692.17",-0.00455829759634786,0.00466148612146235,0.328141790569751
"chr17:44117704:44123504:clu_12582:ENSG00000108840.15",0.01284753876333,0.00429881280021847,0.00280235980860288
"chr17:44209001:44209352:clu_12598:ENSG00000108312.14",-0.00312044468385306,0.00577113405791436,0.588715274539318
"chr17:44868350:44872446:clu_12638:ENSG00000108883.12",-0.00742381866991052,0.00429506805093633,0.0839072318027415
"chr17:46172232:46223671:clu_12720:ENSG00000120071.13",-0.00247108056793014,0.00404478082700396,0.541245494661723
"chr17:44872570:44875934:clu_12638:ENSG00000108883.12",0.00729510469588072,0.00392065862796073,0.0627888897019664
"chr17:44772462:44772857:clu_12628:ENSG00000073670.13",0.00510643036563289,0.00376218277185556,0.174684245126647
"chr17:44772466:44772857:clu_12628:ENSG00000073670.13",-0.00460518908693768,0.00385544692403093,0.232296866419787
"chr17:43830107:43831244:clu_12560:ENSG00000161647.18",0.00642380363726316,0.00534576178598391,0.22949415875121
"chr17:44774749:44775212:clu_12629:ENSG00000073670.13",0.00279545773052216,0.00312166528709192,0.370518759042424
"chr17:44037538:44040147:clu_12574:ENSG00000161654.9",0.00414374810945625,0.00407466119458675,0.309174716325837
"chr17:44110800:44117494:clu_12582:ENSG00000108840.15",-0.00619735929254924,0.00363362055006511,0.0880899589804336
"chr17:44036300:44037412:clu_12574:ENSG00000161654.9",0.00110816858859272,0.00499520131913807,0.824433276766423
"chr17:44679043:44680585:clu_12622:ENSG00000180329.13",-0.00691535841574845,0.00421976213577499,0.101254315509782
"chr17:44747515:44748341:clu_12627:ENSG00000161692.17",0.00716837381974625,0.00409851416990437,0.080287960192319
"chr17:36512779:36513429:clu_12113:ENSG00000278259.4",0.000310965528275878,0.00484264717620815,0.948799865775657
"chr17:8310863:8311991:clu_11441:ENSG00000198844.10",-0.00241530499059602,0.00329386878122828,0.46339194895773
"chr17:7585797:7585951:clu_11344:ENSG00000129255.15",0.0163438655014609,0.0037402730652483,1.24418214051403e-05
"chr17:7415148:7415511:clu_11320:ENSG00000169992.9",-0.00297435142158175,0.00278808434889012,0.286058426485259
"chr17:75991577:76000141:clu_13737:ENSG00000257949.6",-0.00949830724308593,0.00333226105864199,0.00436630289761997
"chr17:75491900:75492474:clu_13590:ENSG00000177728.16",-0.003789974116295,0.0032392040862771,0.241987882605205
"chr17:75456751:75471800:clu_13586:ENSG00000177728.16",0.00118632766353751,0.00333735504222185,0.722237949737636
"chr17:75628825:75628934:clu_13656:ENSG00000108469.14",0.000679468736983271,0.00396395032693858,0.86389980321659
"chr17:75628762:75628934:clu_13656:ENSG00000108469.14",-0.0016098596713176,0.00390883951973043,0.680448599026531
"chr17:75721563:75724694:clu_13668:ENSG00000132470.13",0.00722995287482851,0.00343171654796053,0.0351346048619344
"chr17:8230651:8231276:clu_11424:ENSG00000178971.13",-0.0145117723822209,0.00283561824109667,3.09325128733384e-07
"chr17:7502701:7503121:clu_11328:ENSG00000181222.15",-0.000477020583837342,0.00521299839393451,0.92709054612366
"chr17:7350430:7350950:clu_11304:ENSG00000072818.11",-0.0054507726476479,0.00378393639493063,0.149725073217474
"chr17:7894608:7894917:clu_11373:ENSG00000170004.16",-0.00443684903741515,0.00352187355315321,0.20774226411912
"chr17:7855284:7855771:clu_11368:ENSG00000167874.6",0.0209214104343554,0.00393515025731565,1.05755042278943e-07
"chr17:7327009:7327165:clu_11301:ENSG00000215041.9",-0.00176066094035698,0.00317036858483981,0.578655986991017
"chr17:20924833:20929431:clu_11766:ENSG00000233098.8",-0.0164424165011267,0.0061284626398229,0.00729738468610419
"chr17:20956353:20956634:clu_11766:ENSG00000233098.8",0.0131245666772346,0.0061906247991601,0.0340000231722942
"chr17:3928327:3928663:clu_11005:ENSG00000074370.17",-0.00696587886739998,0.00366391266532595,0.0572741019458263
"chr17:4966319:4966401:clu_11119:ENSG00000091640.7",-0.00684670279939842,0.00349223531857458,0.0499315116282569
"chr17:4982175:4982757:clu_11124:ENSG00000108509.20",-8.13420374933404e-05,0.00336491197259957,0.980714135783701
"chr17:21296210:21298413:clu_11778:ENSG00000034152.18",-0.0135172453982575,0.00606163009135848,0.0257495206312158
"chr17:21300993:21302143:clu_11779:ENSG00000034152.18",0.00478913617713618,0.00530849991419706,0.36696988936355
"chr17:19931978:19936286:clu_11753:ENSG00000108599.14",0.0106395686158805,0.00556302373651608,0.0558055115232616
"chr17:5453980:5455997:clu_11183:ENSG00000005100.12",-0.000993406577183874,0.00328813138619012,0.762561439108881
"chr17:6894519:6894884:clu_11224:ENSG00000262943.7",-0.00919909485944393,0.00269196615945122,0.000632594494682892
"chr17:42660316:42660639:clu_12450:ENSG00000037042.8",-0.000476765605428317,0.00490106574031039,0.922505669953864
"chr17:42713389:42717976:clu_12475:ENSG00000108799.12",0.00116927205965359,0.00619182399124257,0.850217205517457
"chr17:42660362:42660639:clu_12450:ENSG00000037042.8",-0.00550795472995532,0.00512481535155121,0.282481478166439
"chr17:43013882:43014108:clu_12518:ENSG00000068079.7",-0.00108698216598968,0.00392519103046814,0.781837961858324
"chr17:42105167:42105736:clu_12389:ENSG00000108771.12",-0.00541038033900111,0.00397046359893066,0.17299061002774
"chr17:28927063:28950065:clu_11902:ENSG00000109118.13",0.00279957912277337,0.00498636581030588,0.57449298830767
"chr17:28924302:28926991:clu_11901:ENSG00000109118.13",0.00223541030658165,0.00410638738908604,0.586184170930304
"chr17:28715901:28716903:clu_11873:ENSG00000109113.18",-0.00308621423746514,0.00413999873764511,0.455992110346877
"chr17:28605215:28611143:clu_11843:ENSG00000167524.14",0.00384636266987522,0.00528147755436381,0.466445888106227
"chr17:28605215:28611143:clu_11843:ENSG00000258472.8",0.00384636266987522,0.00528147755436381,0.466445888106227
"chr17:28328733:28329173:clu_11814:ENSG00000109083.13",-0.00712747369242281,0.00460788030633396,0.121911248090368
"chr17:28926873:28926991:clu_11901:ENSG00000109118.13",-0.0127707531856973,0.00497706181953484,0.0102901919237858
"chr17:28910369:28911112:clu_11897:ENSG00000109118.13",-0.00796140324371634,0.0048298047063641,0.0992726046002449
"chr17:28552092:28552338:clu_11832:ENSG00000109103.11",0.0100724273642581,0.00480958226909573,0.0362384619184298
"chr17:28717291:28718122:clu_11873:ENSG00000109113.18",0.00680747312153573,0.00470185388804979,0.147665313962669
"chr17:28686415:28686654:clu_11860:ENSG00000109111.14",-0.00432815802988741,0.00445134236512528,0.330888156968154
"chr17:27597436:27603834:clu_11795:ENSG00000141068.13",-0.00119378645674421,0.00483797624310407,0.805099177665458
"chr17:28688839:28689354:clu_11862:ENSG00000109111.14",-0.00732490288017702,0.00434578243194299,0.0918883038322914
"chr17:27638354:27640643:clu_11802:ENSG00000168961.16",0.0237659971166042,0.00589852312989338,5.5980400200939e-05
"chr17:27638354:27640572:clu_11802:ENSG00000168961.16",-0.0150592489997143,0.00566895979285829,0.00789706077965002
"chr17:1007312:1009679:clu_10809:ENSG00000159842.14",0.00821483240948317,0.00309003143189644,0.00784905681921022
"chr17:149192:149856:clu_10773:ENSG00000272636.3",-0.00687409524784908,0.0034423466749719,0.0458337376601441
"chr17:562745:586270:clu_10793:ENSG00000141252.19",-0.00266107583691908,0.00249602005744812,0.286365971251308
"chr17:156377:161415:clu_10775:ENSG00000272636.3",-0.0046367627807238,0.00437010504637901,0.288681443927431
"chr17:748032:752618:clu_10797:ENSG00000179409.10",-0.000519464672941412,0.00301286621788472,0.863110929798914
"chr17:5356573:5361208:clu_11169:ENSG00000029725.16",-0.000887499701122333,0.003031588491138,0.769712701540456
"chr17:5416682:5419354:clu_11178:ENSG00000108559.11",0.00440805580601931,0.00351197010904671,0.209423638250598
"chr17:5533988:5539415:clu_11193:ENSG00000091592.15",0.000111270347346533,0.00313404794074016,0.971678083476418
"chr17:5354490:5356508:clu_11169:ENSG00000029725.16",-0.0106734324447214,0.00333075989475632,0.00135295546009184
"chr17:5354490:5361208:clu_11169:ENSG00000029725.16",0.00821941220950367,0.00382808597669685,0.0317826431835604
"chr17:748032:752133:clu_10797:ENSG00000179409.10",0.00577908990791115,0.00257644678099338,0.0248938167542888
"chr17:162190:164130:clu_10776:ENSG00000272636.3",0.0010634404525175,0.00319247103392797,0.739052096079929
"chr17:740600:741301:clu_10799:ENSG00000167695.14",0.00351481780357533,0.00272600406177612,0.197270767365787
"chr17:1058045:1058745:clu_10817:ENSG00000159842.14",-0.000849560746513053,0.00232814019174727,0.715178875023834
"chr17:1516118:1516456:clu_10836:ENSG00000132376.19",0.00124622106551297,0.00234197999897963,0.594640914264317
"chr17:1058867:1067077:clu_10817:ENSG00000159842.14",0.00179879172761954,0.00233032741391788,0.440170607998631
"chr17:16819633:16819935:clu_11591:ENSG00000226145.7",-0.00100164989396585,0.00424835270449797,0.813608266656182
"chr17:81712519:81714953:clu_14065:ENSG00000183048.11",-0.00139645296524681,0.00329307580809967,0.671523996643424
"chr17:38815741:38820901:clu_12212:ENSG00000273559.4",-0.0197494445231316,0.00389846506265021,4.0636012921258e-07
"chr17:38779720:38779852:clu_12206:ENSG00000276293.4",-0.00621873362717488,0.00403088749609669,0.122886511047939
"chr17:4545175:4545259:clu_11049:ENSG00000132382.14",0.00604376574169227,0.00387763914617699,0.119086357758886
"chr17:3731183:3732368:clu_10984:ENSG00000083457.11",-0.00458318720266739,0.00273268731425937,0.0935088129949113
"chr17:4896342:4896429:clu_11101:ENSG00000141503.15",0.00154044598174313,0.00329245116541475,0.639876069287055
"chr17:3935277:3936267:clu_11007:ENSG00000074370.17",-0.00194535728297784,0.003145985791781,0.536336904957935
"chr17:4676507:4676753:clu_11061:ENSG00000141456.14",-0.00322403423118801,0.0033881752065586,0.341322836500825
"chr17:1714014:1716130:clu_10864:ENSG00000186594.14",-0.00774767092632678,0.0030899382998414,0.012162748610972
"chr17:1558559:1561199:clu_10840:ENSG00000174238.14",0.00980277099354762,0.00327595737139543,0.00276849761433207
"chr17:778744:785877:clu_10802:ENSG00000167699.13",0.0218871840511032,0.00284488544010219,1.43218770176645e-14
"chr17:1714014:1716130:clu_10864:ENSG00000185561.9",-0.00768883337133491,0.00311571021491047,0.0135960427671671
"chr17:2036686:2036835:clu_10893:ENSG00000108963.17",0.00398107731822763,0.00278900067614181,0.153458665586379
"chr17:1483725:1484148:clu_10831:ENSG00000197879.14",-0.00869875215671698,0.00360042813819947,0.0156906516666279
"chr17:1649505:1649577:clu_10853:ENSG00000167705.11",0.00693020594262009,0.00296326965096113,0.0193508391551724
"chr17:803806:819439:clu_10803:ENSG00000167693.16",-0.000348914646171689,0.00316566296651401,0.912236085146158
"chr17:1471336:1471907:clu_10828:ENSG00000197879.14",-0.00851454800268902,0.00291339973849147,0.00347181089583748
"chr17:2036653:2036835:clu_10893:ENSG00000108963.17",-0.0031497388890609,0.00278358069390253,0.257826972252574
"chr17:4982227:4982757:clu_11124:ENSG00000108509.20",-0.00242278146012134,0.00335704625333578,0.470478726105084
"chr17:5480144:5480387:clu_11186:ENSG00000072849.10",0.00338462900242746,0.00329851402397786,0.304841054985721
"chr17:4940726:4940873:clu_11109:ENSG00000108523.15",0.00366586609231237,0.00306699394643514,0.231984073613339
"chr17:5480543:5481101:clu_11186:ENSG00000072849.10",-0.00279743880205648,0.00270447930073758,0.30096209223894
"chr17:4896588:4896694:clu_11102:ENSG00000141503.15",0.00562080508790462,0.00303375430814197,0.0639174060235854
"chr17:4070924:4072608:clu_11022:ENSG00000074755.14",0.00215894350981869,0.00418264718259976,0.605737933018996
"chr17:4592448:4592929:clu_11055:ENSG00000188176.11",-0.00802710935381486,0.00347831690467841,0.0210126690916672
"chr17:5480582:5481296:clu_11187:ENSG00000072849.10",0.00713919588627192,0.00345202719432398,0.0386290290028176
"chr17:3664272:3664679:clu_10975:ENSG00000213977.7",-0.00548421534644189,0.0026740719120521,0.0402780972264788
"chr17:76487909:76501353:clu_13777:ENSG00000129667.12",0.00438407519874626,0.00296583553985649,0.139356319665573
"chr17:75671863:75690671:clu_13664:ENSG00000161526.14",-0.00511986918194054,0.00347316882440698,0.140449164001932
"chr17:75752577:75753765:clu_13685:ENSG00000132470.13",0.014915841444966,0.00413898000564213,0.000313661025965528
"chr17:75737444:75739672:clu_13677:ENSG00000132470.13",-0.00282150823001607,0.00373628863061149,0.450150977550106
"chr17:75493593:75493699:clu_13592:ENSG00000177728.16",-0.00399859373918563,0.00371973355753378,0.282389152115261
"chr17:78191060:78205946:clu_13869:ENSG00000183077.15",-0.00359548291179442,0.0034440485843579,0.296499335365765
"chr17:8828990:8829706:clu_11463:ENSG00000276231.4",0.00152284268290229,0.00329714259880391,0.644176412621245
"chr17:5474789:5480054:clu_11185:ENSG00000072849.10",-0.00157726036958068,0.00382348969777566,0.679959397959688
"chr17:5485216:5486069:clu_11188:ENSG00000072849.10",-0.00152303111212755,0.0029139596796635,0.601205875656987
"chr17:5486684:5488196:clu_11189:ENSG00000167842.15",0.00396295786303973,0.00302300702208543,0.189880601933396
"chr17:5485216:5485863:clu_11188:ENSG00000072849.10",0.000522418155412231,0.00310966528875897,0.866584699118384
"chr17:6623097:6623509:clu_11209:ENSG00000198920.9",0.00206745948902243,0.00310991130872026,0.506180386839865
"chr17:6623097:6623607:clu_11209:ENSG00000198920.9",-0.000862991882262391,0.00318874284047232,0.786670214766748
"chr17:7559702:7560049:clu_11334:ENSG00000161955.16",0.00734917506854429,0.00348712546765115,0.0350728178844005
"chr17:6538082:6556385:clu_11205:ENSG00000198920.9",-0.000260331667498855,0.00297076782142632,0.930169878894194
"chr17:7890491:7890571:clu_11370:ENSG00000170004.16",0.00462607087201164,0.0029842279784466,0.121099899235927
"chr17:6538082:6556385:clu_11205:ENSG00000091622.15",-0.000260331667498855,0.00297076782142632,0.930169878894194
"chr17:8016554:8020128:clu_11397:ENSG00000132518.6",0.00270211339144266,0.00291722699244281,0.354310394025233
"chr17:6760601:6761886:clu_11219:ENSG00000132530.16",-0.0107868242862761,0.00291273668115866,0.000212788036520029
"chr17:7076152:7076733:clu_11241:ENSG00000132514.13",-0.00427413816900305,0.00290968705278145,0.141850698292103
"chr17:7586838:7587161:clu_11345:ENSG00000129255.15",-0.00846027412157516,0.00374163304261092,0.0237519460812629
"chr17:7314597:7314959:clu_11285:ENSG00000132522.15",-0.009294160232946,0.00311644332039884,0.00286094108396651
"chr17:1006169:1007165:clu_10808:ENSG00000159842.14",0.00206348388505753,0.00255608005168971,0.419502574278722
"chr17:1745058:1745175:clu_10877:ENSG00000167711.13",-0.0025659795658369,0.00301434860916891,0.394627672072179
"chr17:2188515:2214139:clu_10899:ENSG00000070366.13",-0.00397974833188487,0.00301363329121276,0.186640949169786
"chr17:1513979:1516456:clu_10836:ENSG00000132376.19",0.000825091477739223,0.0022385408447066,0.712437443992709
"chr17:1006120:1007165:clu_10808:ENSG00000159842.14",0.000832639762235385,0.00263330348773538,0.75185382072409
"chr17:1635617:1636709:clu_10847:ENSG00000074660.15",0.00284507924427132,0.00438832386896305,0.516771942613288
"chr17:1830126:1842803:clu_10883:ENSG00000132383.11",-0.000766011180241454,0.00268365768424806,0.775310511086579
"chr17:39285573:39297127:clu_12230:ENSG00000108306.11",-0.0106534163847475,0.00378541737740486,0.00488789145502622
"chr17:38479883:38482022:clu_12178:ENSG00000275832.4",-0.00427749494068967,0.00432124129866411,0.322234517863203
"chr17:39556187:39556286:clu_12243:ENSG00000167258.13",0.00710226323029407,0.0047857556118028,0.137797728697494
"chr17:38815097:38820901:clu_12212:ENSG00000273559.4",0.00366725671712741,0.00376784219645826,0.330402124789692
"chr17:38686901:38706054:clu_12188:ENSG00000275532.1",-0.0146191117375286,0.00364499474423449,6.05297558416984e-05
"chr17:38361775:38364752:clu_12171:ENSG00000274211.4",0.00831956314512421,0.00437306854409401,0.0571117852960812
"chr17:39070016:39077913:clu_12217:ENSG00000161381.13",0.0182274315702752,0.00406687717752608,7.39733325594294e-06
"chr17:38703757:38706054:clu_12188:ENSG00000275532.1",-0.0627066104464634,0.00492710146920496,0
"chr17:39744984:39745243:clu_12272:ENSG00000141738.13",0.00379178090167393,0.00609829034502543,0.534088056280303
"chr17:67875744:67891844:clu_13383:ENSG00000171634.16",-0.00520264135878504,0.0037647328453957,0.166989598578098
"chr17:45404096:45404445:clu_12691:ENSG00000159314.11",-0.00185862832378042,0.00595275247438473,0.754865680788635
"chr17:47897927:47915312:clu_12797:ENSG00000167182.13",-0.0127084257052994,0.00648861372623401,0.0501627770651614
"chr17:47896293:47915312:clu_12797:ENSG00000167182.13",0.00250583040111076,0.00496745956119218,0.613945836657229
"chr17:62688664:62688852:clu_13215:ENSG00000011028.13",0.00588996200299835,0.00490144690111757,0.229488221537256
"chr17:63493659:63493922:clu_13234:ENSG00000159640.15",0.00908975563622336,0.00459238572843971,0.0477810987169306
"chr17:63830501:63830725:clu_13271:ENSG00000087191.12",0.00578768810638385,0.00777778130544506,0.456797232317833
"chr17:63667060:63681766:clu_13247:ENSG00000198909.7",-0.00240204274237291,0.00481127390194275,0.617601188618043
"chr17:62688664:62688857:clu_13215:ENSG00000011028.13",-0.0060757941892436,0.004957835173002,0.220389382402272
"chr17:63698938:63699028:clu_13250:ENSG00000136490.8",0.0010288436957438,0.00468333082782109,0.826118788759266
"chr17:63726695:63728334:clu_13258:ENSG00000266173.6",0.0151750676691877,0.00491621019294549,0.00202363818259343
"chr17:35002789:35004273:clu_12054:ENSG00000005156.11",-0.000612141473057749,0.00360876769373308,0.865304133411964
"chr17:35002789:35002995:clu_12054:ENSG00000005156.11",-0.000382415326130353,0.00382555684452047,0.92037345359529
"chr17:28642078:28642275:clu_11854:ENSG00000007202.14",-0.00365396699431286,0.00388216595839676,0.346592822315885
"chr17:80422245:80423520:clu_13975:ENSG00000173818.16",-0.0014927721537884,0.0028546875577966,0.601030185416837
"chr17:82062973:82063468:clu_14135:ENSG00000169718.17",0.00101874772765353,0.00352493077199161,0.772572100045196
"chr17:82037013:82037631:clu_14117:ENSG00000169738.7",-0.00970918418928549,0.00264678248439806,0.000244171470379251
"chr17:82059030:82059948:clu_14129:ENSG00000169718.17",0.0139933472987643,0.00389361253931096,0.00032573496774535
"chr17:82172860:82175566:clu_14156:ENSG00000176155.18",0.00981346015488764,0.00347226896644921,0.00470981854592745
"chr17:81109084:81115770:clu_13992:ENSG00000175866.15",0.00412766112679777,0.00464118434218939,0.373812248841664
"chr17:82253244:82255429:clu_14168:ENSG00000141551.14",-0.00393755575328419,0.00524229368092942,0.452584558572926
"chr17:82195364:82198337:clu_14159:ENSG00000176155.18",-0.00146635942338967,0.00388476296778077,0.705828573013917
"chr17:82253244:82253664:clu_14168:ENSG00000141551.14",-0.00503497780406394,0.00587795755764714,0.391673570294403
"chr17:82063518:82064126:clu_14135:ENSG00000169718.17",0.00282331752233589,0.00318647095784396,0.37559989707526
"chr17:82058818:82059948:clu_14129:ENSG00000169718.17",-0.0127581655528165,0.00349388595883585,0.000260643078625389
"chr17:81085715:81086443:clu_13989:ENSG00000175866.15",0.00157862991591621,0.00333752254144756,0.636217079554215
"chr17:81085725:81086443:clu_13989:ENSG00000175866.15",-0.000857217544110773,0.00317958688228401,0.787467777561174
"chr17:81086580:81086934:clu_13990:ENSG00000175866.15",0.00208786267172487,0.00349560583525951,0.550319076641915
"chr17:19958571:19962840:clu_11754:ENSG00000108599.14",0.010629991200122,0.00561556496580693,0.0583643414686066
"chr17:19343461:19343790:clu_11719:ENSG00000108641.14",-0.0256778596981742,0.00783481762770327,0.00104766488581098
"chr17:20232405:20236860:clu_11759:ENSG00000128487.16",-0.00458739912943448,0.00754801825090515,0.543345295114099
"chr17:19648843:19648935:clu_11739:ENSG00000072210.18",0.00322754579933325,0.00467553052262735,0.490001906416269
"chr17:20232405:20245926:clu_11759:ENSG00000128487.16",0.00809801966155377,0.00648072689156164,0.211462433885147
"chr17:59891041:59892697:clu_13141:ENSG00000108423.14",-0.00779385035065579,0.00593851082745442,0.189376760483137
"chr17:60073886:60076130:clu_13155:ENSG00000068097.14",0.00381029717003554,0.00691765308356613,0.581765447122075
"chr17:59878334:59880894:clu_13141:ENSG00000108423.14",-0.00122905275864467,0.00657571374673653,0.851732855634313
"chr17:59866749:59878103:clu_13141:ENSG00000108423.14",-0.00784521740454066,0.00725181306766241,0.279328779990313
"chr17:58504488:58504779:clu_13106:ENSG00000108389.9",0.00811607459262673,0.0031306029068145,0.00952823708157502
"chr17:58720812:58732484:clu_13120:ENSG00000108384.14",0.00165208390079593,0.00502433800199217,0.742294591734071
"chr17:58521160:58521254:clu_13110:ENSG00000108387.14",-0.0112758630089825,0.00394266320240716,0.00423693104980249
"chr17:59931722:59934170:clu_13144:ENSG00000108443.13",-0.00395914891758609,0.00508634780326328,0.436340678977367
"chr17:59878334:59886083:clu_13141:ENSG00000108423.14",0.00682698375288804,0.00985201991516831,0.488339238628364
"chr17:59881110:59886083:clu_13141:ENSG00000108423.14",0.00342946513323,0.0064652953615256,0.59580541260194
"chr17:59737543:59738837:clu_13139:ENSG00000062716.12",0.00253030033013805,0.00575669707145122,0.660270091275156
"chr17:41973304:41973475:clu_12378:ENSG00000173786.16",0.00528645069122287,0.00457795010701071,0.248187198122041
"chr17:8552144:8553955:clu_11455:ENSG00000133026.12",-0.0105246528496154,0.00397016312406764,0.00802687807602931
"chr17:7318691:7319050:clu_11291:ENSG00000215041.9",0.0077176202749615,0.00368739195687793,0.036351359819536
"chr17:8289414:8289503:clu_11439:ENSG00000125434.10",0.00187644855597895,0.00324031299809798,0.562525177652748
"chr17:7251218:7252426:clu_11272:ENSG00000170291.14",-0.00996535351774029,0.0028776914379921,0.000534251822764675
"chr17:36501235:36503097:clu_12111:ENSG00000278259.4",-0.00219904370322872,0.0056551402814753,0.697381563895319
"chr17:50167487:50167947:clu_12909:ENSG00000108823.15",-0.00104318164938525,0.00357406874763328,0.770382127334245
"chr17:4985983:4986192:clu_11128:ENSG00000108509.20",0.00447483399466511,0.00299278915021314,0.134860888589417
"chr17:4986286:4987593:clu_11128:ENSG00000108509.20",-0.00197205109310378,0.00298348712321688,0.508619599434628
"chr17:75592840:75594840:clu_13632:ENSG00000266714.6",0.00822815053672223,0.00329407296077841,0.0124943660471427
"chr17:75012872:75017078:clu_13546:ENSG00000167862.9",0.00626203266489874,0.00423824412258588,0.139539953542315
"chr17:75831348:75832966:clu_13701:ENSG00000092929.11",-0.00195782135632094,0.00349625834953428,0.57549569274758
"chr17:75702571:75703311:clu_13666:ENSG00000161526.14",0.00420735361893864,0.00454600226586805,0.354702621655592
"chr17:75614360:75614636:clu_13642:ENSG00000266714.6",0.0163622145144436,0.00347683781308989,2.5254766797822e-06
"chr17:75012872:75017078:clu_13546:ENSG00000109089.7",0.00539023351896354,0.00421871533645473,0.20135681940764
"chr17:75002228:75003183:clu_13546:ENSG00000109089.7",-0.0056498983128277,0.00362417953467391,0.119009284131751
"chr17:76680879:76685072:clu_13795:ENSG00000182534.13",-0.00384436714806399,0.00316785420313649,0.224917477787628
"chr17:75002228:75003183:clu_13546:ENSG00000167862.9",-0.0056498983128277,0.00362417953467391,0.119009284131751
"chr17:75611658:75611886:clu_13639:ENSG00000266714.6",-0.00527479827544192,0.003837853081086,0.16931325122751
"chr17:38779529:38780452:clu_12206:ENSG00000276293.4",0.003444294416736,0.00444189691098526,0.438097011311936
"chr17:39214330:39214791:clu_12227:ENSG00000141750.6",-0.00732428820704603,0.00622570980222725,0.239411771359464
"chr17:39526316:39544249:clu_12242:ENSG00000167258.13",0.00833859851118847,0.00548041313907194,0.128127551855773
"chr17:44187109:44187617:clu_12589:ENSG00000168591.15",-0.00539904870704094,0.00442720541330397,0.222648332287381
"chr17:44154664:44154853:clu_12584:ENSG00000125319.14",-0.00368427022834268,0.00369038594373671,0.318113161184636
"chr17:44183069:44186565:clu_12587:ENSG00000267080.5",-0.0121942059979142,0.00424532626407342,0.00407387986484609
"chr17:43880852:43881090:clu_12566:ENSG00000108852.14",-0.016929906768642,0.00417353961487317,4.98164576452353e-05
"chr17:80117109:80117600:clu_13933:ENSG00000171298.12",0.00162564974611091,0.00257621138750273,0.528025204770102
"chr17:80141381:80141782:clu_13935:ENSG00000141543.9",0.00169763658173765,0.00244357542903256,0.487221593264159
"chr17:80205177:80205333:clu_13941:ENSG00000262580.5",0.00624679284286193,0.00391144282675022,0.11025324728268
"chr17:79950594:79951450:clu_13918:ENSG00000167291.15",-0.00757138420533365,0.00272166518231873,0.00540426779508618
"chr17:80140140:80141319:clu_13935:ENSG00000141543.9",-0.000850285846638073,0.00247850576535818,0.73155039075352
"chr17:69026467:69026976:clu_13435:ENSG00000154258.16",0.00190175028866304,0.00335357088516132,0.570658349236215
"chr17:68985128:68986164:clu_13430:ENSG00000154258.16",-0.0111784622787731,0.00321524254824326,0.000507608679445215
"chr17:68984175:68984885:clu_13429:ENSG00000154258.16",-0.00504083474036942,0.00355022708464235,0.155647679303838
"chr17:67963506:67964212:clu_13390:ENSG00000171634.16",-0.00394186482523643,0.00401859782454044,0.326639330648402
"chr17:69134742:69136092:clu_13446:ENSG00000154262.12",-0.00791755839041611,0.00375366104144569,0.0349195874876773
"chr17:68114525:68125390:clu_13396:ENSG00000237854.3",-0.00262944440905071,0.00320391949648002,0.411819361952189
"chr17:75973785:75978534:clu_13734:ENSG00000161533.11",-0.00533202999168443,0.00364642941237802,0.143669816109868
"chr17:75736386:75736565:clu_13675:ENSG00000132470.13",-0.000682312349987654,0.00336782995689318,0.839450010843056
"chr17:76726879:76726970:clu_13799:ENSG00000181038.13",0.00329899273827691,0.00286100825556777,0.248874488763286
"chr17:75516616:75516746:clu_13608:ENSG00000182173.12",0.00638151562329483,0.00363718992607895,0.0793417681940169
"chr17:78191060:78197135:clu_13869:ENSG00000183077.15",0.00478789915537505,0.00363080547161037,0.187273481673839
"chr17:78191060:78202499:clu_13869:ENSG00000183077.15",-0.00628789931764263,0.00289715008370184,0.0299785221418049
"chr17:78093763:78097745:clu_13847:ENSG00000078687.17",-0.00030700506941037,0.00280526428010372,0.912854372129582
"chr17:78120832:78121013:clu_13850:ENSG00000141524.15",0.001913944576442,0.00251357856004482,0.446393040283186
"chr17:78191060:78197146:clu_13869:ENSG00000183077.15",0.00250078543651655,0.00288432114963708,0.385927002829715
"chr17:78169229:78170817:clu_13863:ENSG00000108639.7",0.00297466920799097,0.00267073352864534,0.265364000239627
"chr17:78404089:78414879:clu_13875:ENSG00000087157.18",-0.00334347331588889,0.0028908522660797,0.247448041059087
"chr17:78093763:78098343:clu_13847:ENSG00000078687.17",0.00483041333653255,0.00330857019619941,0.144298310200592
"chr17:78126648:78126777:clu_13853:ENSG00000141524.15",0.00506682159454091,0.00330144158052494,0.124850151811375
"chr17:79046694:79047538:clu_13895:ENSG00000173918.14",0.000441880317390734,0.00401487230244469,0.912361104967344
"chr17:68103058:68106422:clu_13395:ENSG00000237854.3",-0.002827149231105,0.00337951365892806,0.402842718724184
"chr17:69149088:69149988:clu_13448:ENSG00000154263.17",0.00892787231838801,0.00409276189067273,0.0291552605393874
"chr17:69149088:69149984:clu_13448:ENSG00000154263.17",-0.01162476017706,0.0035320447955296,0.000997514868083305
"chr17:69061917:69062009:clu_13437:ENSG00000154258.16",7.39925836390548e-05,0.00454339472942409,0.987006427130396
"chr17:69091262:69096240:clu_13439:ENSG00000154262.12",-0.00768816399186872,0.00411886758296336,0.0619613437702543
"chr17:68984175:68985053:clu_13429:ENSG00000154258.16",-0.00203115315775137,0.00500790739796804,0.685044465220458
"chr17:68433575:68435620:clu_13408:ENSG00000070540.12",-0.00458937405104,0.00396327582778613,0.246874267135347
"chr17:73088775:73092611:clu_13487:ENSG00000133195.11",0.00387936986582114,0.00218750167986713,0.0761583322240855
"chr17:74249399:74249936:clu_13505:ENSG00000141540.10",-0.000946036072148202,0.00253968908957853,0.709520059108196
"chr17:74250028:74250265:clu_13505:ENSG00000141540.10",0.00216837573593347,0.00253881458022542,0.393055213489449
"chr17:69088258:69089465:clu_13439:ENSG00000154262.12",0.00253674040426549,0.00436233879853204,0.560897279479795
"chr17:76290077:76304415:clu_13759:ENSG00000129646.14",-0.00373362784293509,0.00345467554582156,0.279809977744453
"chr17:76540215:76540505:clu_13778:ENSG00000214140.10",0.00181175845330509,0.00292991885797408,0.536334948522125
"chr17:12666243:12705128:clu_11508:ENSG00000141052.17",-0.0051382879405577,0.00366913933807782,0.161391513568138
"chr17:17803849:17809390:clu_11627:ENSG00000108557.18",-0.0130382254026506,0.00404339620132142,0.0012616077600115
"chr17:17207069:17214985:clu_11608:ENSG00000154803.12",0.0037332453988135,0.0045877911107997,0.415796878975973
"chr17:17809439:17809970:clu_11627:ENSG00000108557.18",0.00887026626430896,0.00430112356458306,0.0391778748586444
"chr17:17174075:17176426:clu_11604:ENSG00000133030.20",-0.033583846532528,0.00751637315228396,7.89203757722845e-06
"chr17:17323245:17333496:clu_11619:ENSG00000205309.13",0.00470759289913,0.00442488770115108,0.287378623467142
"chr17:18291027:18294703:clu_11683:ENSG00000177302.14",-0.00416196470024191,0.00381436983335986,0.27521668227079
"chr17:17577027:17591597:clu_11624:ENSG00000133027.17",0.00168436029954172,0.00481120602172167,0.72627034693853
"chr17:17344908:17346805:clu_11620:ENSG00000205309.13",-0.00255081139374048,0.00350372555246642,0.466596256410881
"chr17:18100659:18101485:clu_11655:ENSG00000108591.9",0.00683813521936278,0.00414835651903087,0.0992713905004391
"chr17:7559893:7560049:clu_11334:ENSG00000161955.16",-0.00522678814411889,0.00320740610189878,0.103186119765241
"chr17:7858831:7883235:clu_11369:ENSG00000183011.13",0.0050949234238074,0.00402765771928721,0.20587698770295
"chr17:7856843:7856985:clu_11369:ENSG00000183011.13",0.00126861735182225,0.0046550057763576,0.785216405463171
"chr17:7834350:7844901:clu_11361:ENSG00000132510.10",-0.00558675614871791,0.00373156272866689,0.13435095488087
"chr17:4676812:4682502:clu_11061:ENSG00000141456.14",0.00235847822612536,0.00347320507057994,0.497106487610146
"chr17:4533432:4533788:clu_11044:ENSG00000183018.8",-0.0152143583830193,0.00297432742573113,3.13364746484801e-07
"chr17:3652589:3652842:clu_10968:ENSG00000262903.1",0.00368343764884672,0.00260587768172364,0.157505430021607
"chr17:7042763:7042930:clu_11238:ENSG00000174326.11",-0.00668800059197743,0.00310428313395668,0.031205459506391
"chr17:7313291:7313906:clu_11284:ENSG00000132522.15",-0.00641555200456457,0.00319925359898886,0.0449280206137407
"chr17:6762041:6762155:clu_11219:ENSG00000132530.16",0.00214047258169159,0.00301318535198781,0.477475523469528
"chr17:8623277:8630654:clu_11458:ENSG00000133026.12",0.0055506517441686,0.0029701862467589,0.0616521590671081
"chr17:7902727:7902867:clu_11377:ENSG00000170004.16",0.00492898172078677,0.00318479999296744,0.121704618828384
"chr17:7902727:7902937:clu_11377:ENSG00000170004.16",-0.00400192900038625,0.00320086685881499,0.211203079119804
"chr17:8175857:8175959:clu_11419:ENSG00000179029.14",0.0120833786730204,0.00308548485552605,8.99552827297034e-05
"chr17:54900923:54903713:clu_13012:ENSG00000141198.14",-0.000421337006677619,0.00339463983149395,0.901221589842143
"chr17:54947312:54949551:clu_13015:ENSG00000141198.14",0.0113905767483034,0.00412312359608452,0.00573414804915506
"chr17:54930206:54936649:clu_13013:ENSG00000141198.14",0.00109292341401413,0.00303738512120092,0.718978914269744
"chr17:45508539:45510244:clu_12703:ENSG00000214425.7",-0.0033222899585942,0.00462747379697047,0.472788763583828
"chr17:44750677:44758306:clu_12627:ENSG00000161692.17",0.00296755635294918,0.00491664056990739,0.546126911577773
"chr17:45622041:45629904:clu_12708:ENSG00000204650.14",-0.00822211477852765,0.00419682995204776,0.0500981413503561
"chr17:45115490:45116632:clu_12654:ENSG00000161714.11",-0.00537214718508046,0.0035077296380326,0.12564169544023
"chr17:45430297:45431621:clu_12695:ENSG00000159314.11",-0.000981430500201287,0.00650004999726776,0.879985066547265
"chr17:65225486:65227275:clu_13339:ENSG00000108370.16",-0.00158406710746097,0.00661008458370033,0.8106062517139
"chr17:64779548:64779981:clu_13321:ENSG00000214176.9",0.00254203397716856,0.00485583620562777,0.600625817546975
"chr17:48026475:48027676:clu_12814:ENSG00000005243.9",0.00176548917631032,0.0087972288822767,0.840943351758433
"chr17:48860449:48862276:clu_12853:ENSG00000136436.14",-0.00332613386906579,0.003758345466287,0.376156899515301
"chr17:48856187:48860314:clu_12853:ENSG00000136436.14",0.00097702112736237,0.00367559994610025,0.79038346566234
"chr17:47953266:47957657:clu_12804:ENSG00000167183.2",0.000999506351955816,0.00455434808566708,0.826290175808045
"chr17:47953263:47957657:clu_12804:ENSG00000167183.2",0.00447283030507261,0.00403455905432291,0.267590140905073
"chr17:48933346:48934479:clu_12859:ENSG00000159210.9",-0.0236372838404122,0.00456461000539686,2.23821317257844e-07
"chr17:50750641:50750747:clu_12977:ENSG00000108848.15",-0.00104657152670572,0.00413150315508134,0.800024842188674
"chr17:50199947:50201411:clu_12914:ENSG00000108821.13",-0.003464910948849,0.00326523777607414,0.288621197718356
"chr17:50551679:50551969:clu_12957:ENSG00000006282.20",0.00243873189308291,0.00333091781665339,0.464076942743409
"chr17:54937226:54938924:clu_13014:ENSG00000141198.14",0.00161833232078602,0.00412424974400772,0.694766855886319
"chr17:42670705:42671003:clu_12456:ENSG00000068137.14",-0.00940545625280758,0.00508583452886465,0.0644081934959432
"chr17:42788797:42793592:clu_12487:ENSG00000126562.16",0.00176170221056301,0.00476086624054687,0.711354053501223
"chr17:42661956:42663377:clu_12451:ENSG00000037042.8",0.0139243332659165,0.00646054370822604,0.0311392928954803
"chr17:44074770:44074969:clu_12576:ENSG00000141349.8",0.00504985247983515,0.00532829971072335,0.343260904062163
"chr17:42990436:42990851:clu_12514:ENSG00000198863.7",-0.019533073902376,0.00482508135665018,5.16048311434147e-05
"chr17:43018206:43018608:clu_12519:ENSG00000108828.15",-0.00358598424141899,0.00520926845107307,0.491210128105996
"chr17:42587864:42592056:clu_12448:ENSG00000141699.10",0.010078232554032,0.00468851513049949,0.0315902384343374
"chr17:42670705:42670994:clu_12456:ENSG00000068137.14",0.00954305124592266,0.0049231360905644,0.0525733447645677
"chr17:42990436:42990848:clu_12514:ENSG00000198863.7",0.0209606839327265,0.00504933942258567,3.30774908494647e-05
"chr17:44080498:44080763:clu_12579:ENSG00000108840.15",0.0075622312804935,0.00440229320825071,0.0858342617603869
"chr17:43371426:43377671:clu_12541:ENSG00000188825.13",0.00225277981840895,0.00307050293257953,0.463141164622928
"chr17:43190776:43193094:clu_12536:ENSG00000188554.13",0.0153815695080278,0.00500589285479984,0.0021213694964175
"chr17:43177998:43179394:clu_12532:ENSG00000188554.13",-0.0198698549796755,0.00521743138671703,0.000139891730187025
"chr17:43175901:43177936:clu_12532:ENSG00000188554.13",0.0165124486572403,0.00481627109528001,0.000606990044021649
"chr17:42955367:42955842:clu_12503:ENSG00000266967.6",-0.00729927020128129,0.00912383291206234,0.423697850993368
"chr17:43848893:43853960:clu_12563:ENSG00000161649.12",0.011246329561776,0.00455702854611542,0.0135905047637156
"chr17:63835567:63836922:clu_13275:ENSG00000108604.15",0.0044556942612024,0.00719193983587302,0.535560692612888
"chr17:62681129:62681837:clu_13214:ENSG00000011028.13",0.00266171049648894,0.00435874038374868,0.541424374143116
"chr17:63726695:63728358:clu_13258:ENSG00000266173.6",-0.00358893875103651,0.00488022313994934,0.462093095631211
"chr17:63491381:63493436:clu_13234:ENSG00000159640.15",0.00020546538117849,0.00427643845517498,0.96167965319008
"chr17:44848252:44850332:clu_12632:ENSG00000131097.6",0.0114564080027811,0.00591154405780168,0.0526266151365993
"chr17:64531018:64531890:clu_13307:ENSG00000258890.6",0.000794383797564814,0.00445771134522731,0.85856245047295
"chr17:64533008:64533117:clu_13308:ENSG00000258890.6",0.00457988102381571,0.00385118444587359,0.234355613431789
"chr17:64547801:64551584:clu_13312:ENSG00000108854.15",-0.000935325184959625,0.00430591880059373,0.82803807483436
"chr17:64531022:64531890:clu_13307:ENSG00000258890.6",-0.0137518863485771,0.00446063975656259,0.00204966226228009
"chr17:64805100:64821767:clu_13324:ENSG00000214176.9",0.00515953124239899,0.00230908131055974,0.0254533506164568
"chr17:63714108:63728358:clu_13258:ENSG00000266173.6",-0.017025210562416,0.00571258257861052,0.00287966096410452
"chr17:64483506:64483964:clu_13297:ENSG00000256525.6",-0.00354619630959913,0.00529572866200144,0.503091574730282
"chr17:64066932:64068190:clu_13286:ENSG00000178607.15",0.00105864746609465,0.00620545886326582,0.864538781486868
"chr17:63699348:63700032:clu_13254:ENSG00000136490.8",0.0100142876427093,0.00472603540560454,0.0340937105580323
"chr17:64068291:64071981:clu_13286:ENSG00000178607.15",-0.00943364605829774,0.00617968060600707,0.126870748556421
"chr17:64533008:64533121:clu_13308:ENSG00000258890.6",-0.0092572387401584,0.00411200451803666,0.0243683442676424
"chr17:67532950:67552257:clu_13374:ENSG00000154217.14",8.58325398233182e-05,0.00300970893040705,0.977248571905793
"chr17:28699255:28699781:clu_11866:ENSG00000109111.14",0.015036889496993,0.00608443017101191,0.0134595779023856
"chr17:30477486:30481143:clu_11953:ENSG00000108587.15",-0.00256127213553437,0.00797040265820863,0.747946762682794
"chr17:29107189:29109858:clu_11910:ENSG00000196535.15",0.0150011154222108,0.00461242876786872,0.00114465229744443
"chr17:29110101:29110436:clu_11910:ENSG00000196535.15",-0.0157733213735909,0.00524707134806048,0.0026460533890027
"chr17:29122253:29124653:clu_11914:ENSG00000196535.15",-0.0121937269328915,0.00477105978394577,0.0105953415288139
"chr17:28766707:28842682:clu_11885:ENSG00000173065.13",-0.00454441203528021,0.0046556184458661,0.329008220025635
"chr17:35845038:35884382:clu_12093:ENSG00000270647.5",0.00158612662865449,0.00411076545032173,0.699609964377215
"chr17:35845038:35884382:clu_12093:ENSG00000270240.2",0.00021715274862962,0.00403485081184224,0.957079151912759
"chr17:31973231:31975482:clu_12004:ENSG00000178691.10",0.00232422382987554,0.00542497209215383,0.668337679590265
"chr17:31887313:31892260:clu_12001:ENSG00000108651.9",0.00888139058121304,0.00439782185450289,0.0434355288487531
"chr17:81665584:81666518:clu_14047:ENSG00000204237.4",0.00558503863286127,0.00361100449584487,0.121942419174353
"chr17:81606814:81608728:clu_14045:ENSG00000182446.13",-0.00163797212848251,0.00303403034580862,0.589288923758677
"chr17:80089884:80095263:clu_13928:ENSG00000141519.14",-0.0030643461178765,0.00263500413595071,0.244854707956153
"chr17:80038186:80039812:clu_13920:ENSG00000141519.14",-0.00653571590959506,0.00258756011155315,0.0115427992343333
"chr17:81458725:81458813:clu_14028:ENSG00000266074.8",-0.00243728163282479,0.00386027597823785,0.527795377485832
"chr17:331717:331803:clu_10783:ENSG00000262061.5",-0.000630804629632738,0.00285934584857895,0.825394931546467
"chr17:331866:333056:clu_10784:ENSG00000262061.5",-0.00606806829847166,0.00327109995043104,0.0635884611058553
"chr17:1100735:1125183:clu_10820:ENSG00000159842.14",-0.00627376606319883,0.00305653859426687,0.0401140886983896
"chr17:1011661:1011846:clu_10812:ENSG00000159842.14",0.00403574635829729,0.00322560428220402,0.210876187260274
"chr17:82083261:82083517:clu_14140:ENSG00000169710.8",-0.00341301552141541,0.00365257854000365,0.350091085010393
"chr17:82019381:82022826:clu_14108:ENSG00000169689.14",-0.00789601959403428,0.00413387519006013,0.0561233100831547
"chr17:82627291:82643949:clu_14208:ENSG00000141580.15",-0.00191939400996112,0.00533723479002664,0.719128853841062
"chr17:81891833:81893552:clu_14078:ENSG00000141552.17",-0.0061802798037245,0.00309456976733673,0.0458103017587795
"chr17:81936193:81936748:clu_14098:ENSG00000183010.16",-0.00277660336487391,0.00337478707053007,0.410650630047035
"chr17:81917719:81917830:clu_14093:ENSG00000187531.13",0.00265567028174194,0.00287822038223664,0.35617509632881
"chr17:82921577:82924939:clu_14229:ENSG00000141556.20",0.00873073468014172,0.00514245834350398,0.089550329125366
"chr17:82923733:82924939:clu_14229:ENSG00000141556.20",-0.00402155417688851,0.00499836077747555,0.421065198211001
"chr17:82621799:82643949:clu_14208:ENSG00000141580.15",0.00698356040717739,0.00523665860884693,0.182337958134649
"chr17:81935516:81936123:clu_14098:ENSG00000183010.16",0.000864927323454102,0.00352207267762184,0.806012491066374
"chr17:82929271:82929362:clu_14235:ENSG00000141556.20",0.000170981029407377,0.00511034703555029,0.973309508278205
"chr17:82061983:82062895:clu_14134:ENSG00000169718.17",0.00660036684977892,0.004129087764195,0.10993066514305
"chr17:82061983:82062861:clu_14134:ENSG00000169718.17",-0.00596776864518803,0.00386704921777157,0.122773583355466
"chr17:83085323:83093167:clu_14251:ENSG00000176845.12",0.00180428813434214,0.00535713505691336,0.736266962804483
"chr17:82393444:82394331:clu_14181:ENSG00000181396.12",-0.00601068983229987,0.0033721704951935,0.0746775917805438
"chr17:82061721:82061901:clu_14133:ENSG00000169718.17",-0.00150256299835105,0.00328435515176399,0.64731815319748
"chr17:36103981:36105225:clu_12102:ENSG00000275302.1",0.00969354092737308,0.00403985143792077,0.0164183966899041
"chr17:10712390:10713126:clu_11489:ENSG00000187824.8",-0.000675007071487613,0.00213253311529276,0.7516015518546
"chr17:42316901:42317182:clu_12415:ENSG00000168610.14",-0.00938453516078813,0.00391511857055044,0.0165299704124582
"chr17:42021671:42022399:clu_12384:ENSG00000168256.17",0.00275099344070012,0.00540105795809824,0.61051151396392
"chr17:41819399:41819530:clu_12358:ENSG00000141756.18",0.00205904372931022,0.00494076370784383,0.676864171951933
"chr17:41966887:41968068:clu_12377:ENSG00000173786.16",-0.00216681588471592,0.00510435700329288,0.671198871672196
"chr17:42316851:42317182:clu_12415:ENSG00000168610.14",0.00641550741832316,0.00394564691170917,0.103955826649645
"chr17:3647522:3648847:clu_10955:ENSG00000040531.14",-0.000844414515308765,0.00273157436962688,0.75722182332237
"chr17:58304399:58305061:clu_13086:ENSG00000005379.15",0.00971043150462722,0.00396940633906651,0.0144323509042732
"chr17:58318452:58319090:clu_13094:ENSG00000005379.15",0.00148498857158052,0.00447356847733871,0.739929121697062
"chr17:27303635:27304780:clu_11788:ENSG00000109046.14",0.00447850699025551,0.00616690973608836,0.467706516994113
"chr17:79092641:79094451:clu_13906:ENSG00000167281.18",0.00221541697760324,0.00377417450391073,0.55720788073239
"chr17:79115748:79235766:clu_13910:ENSG00000167281.18",-0.000786409203102394,0.00300976714140403,0.793872170665913
"chr17:79823874:79826084:clu_13913:ENSG00000262772.1",0.00264989980365262,0.00261307612407487,0.310538816506998
"chr17:28728860:28733983:clu_11875:ENSG00000160602.13",-0.00773875692599172,0.00489480533434877,0.113874782275858
"chr17:28690229:28690921:clu_11863:ENSG00000109111.14",-0.00359214410585329,0.00405360768803573,0.375531432204472
"chr17:28691063:28693696:clu_11863:ENSG00000109111.14",0.00243631268546506,0.00408301975874669,0.5507118147548
"chr17:28686789:28687088:clu_11861:ENSG00000109111.14",-0.00142825461146187,0.00585381086395173,0.807240774407155
"chr17:29082438:29085604:clu_11906:ENSG00000196535.15",-0.00828502065050525,0.00922141415218985,0.368943314735423
"chr17:29117710:29118045:clu_11911:ENSG00000196535.15",-0.0146888216773385,0.00541820689491121,0.00670782819852855
"chr17:29122253:29125893:clu_11914:ENSG00000196535.15",0.00165816025538345,0.00406405079348066,0.683268701366031
"chr17:17180088:17184823:clu_11606:ENSG00000133030.20",0.0228180869016807,0.0100431178820435,0.0230857701801851
"chr17:17228905:17231794:clu_11612:ENSG00000154803.12",0.00380432984565033,0.00392434177742287,0.332336384164103
"chr17:17224143:17226176:clu_11610:ENSG00000154803.12",0.01702423618354,0.0046639883364792,0.000262091771228934
"chr17:16126209:16137311:clu_11560:ENSG00000141027.20",0.00907810493661685,0.00316586595277362,0.00413735281321825
"chr17:16126206:16137311:clu_11560:ENSG00000141027.20",-0.00976631587808421,0.0031690102811116,0.00205739944767902
"chr17:17303817:17306543:clu_11618:ENSG00000205309.13",-0.00364019362088977,0.00364639607152531,0.318134383201707
"chr17:17819725:17820090:clu_11633:ENSG00000072310.16",0.00192618198849905,0.00413465521571344,0.641313721649195
"chr17:17973962:17977582:clu_11639:ENSG00000171962.17",0.000342670368214974,0.00576975640923215,0.952640851807339
"chr17:17817136:17817256:clu_11630:ENSG00000072310.16",0.0095296991330474,0.00488354494194634,0.0510107098438779
"chr17:16101805:16108786:clu_11558:ENSG00000141027.20",0.00163382002329243,0.00467208917975654,0.726565389925512
"chr17:17180669:17184823:clu_11606:ENSG00000133030.20",-0.0197405878437805,0.00553448412892037,0.000361319783069525
"chr17:45139160:45142577:clu_12664:ENSG00000181513.14",0.000789773696433097,0.00357414648763639,0.825116980073184
"chr17:44734163:44736830:clu_12624:ENSG00000161692.17",0.00613100963557982,0.00496594144598739,0.216975035643357
"chr17:46038686:46039027:clu_12717:ENSG00000120071.13",0.00313993678861858,0.0054838118936759,0.566927156482383
"chr17:4981831:4982089:clu_11124:ENSG00000108509.20",0.0103515867092617,0.00439682362847042,0.0185559824293432
"chr17:5111219:5111800:clu_11144:ENSG00000167840.13",-0.0114786995608084,0.00282863672341955,4.94878966360579e-05
"chr17:4082507:4085670:clu_11023:ENSG00000074755.14",-0.0107957679317838,0.00318914407011806,0.00071136370633107
"chr17:4887790:4889647:clu_11090:ENSG00000141503.15",0.000823313820308249,0.00352623199438773,0.815386678080027
"chr17:31379023:31381873:clu_11992:ENSG00000196712.17",0.0100501011005018,0.00518534701110536,0.0526020837015984
"chr17:74737365:74742254:clu_13518:ENSG00000172794.19",0.000783880267108795,0.00314302116283619,0.803048730108459
"chr17:75267630:75268083:clu_13579:ENSG00000125457.13",0.000181022110678572,0.003061805174903,0.952854398605329
"chr17:1646619:1647835:clu_10851:ENSG00000167705.11",-0.00676050212484806,0.00356157602790114,0.0576727538465192
"chr17:1558559:1562656:clu_10840:ENSG00000174238.14",-0.0200267808371281,0.00370491914260001,6.46433852002914e-08
"chr17:2375875:2376137:clu_10925:ENSG00000141258.12",0.00185903110815939,0.00314735484204625,0.5547451673851
"chr17:1484303:1486952:clu_10832:ENSG00000197879.14",-0.0108355907984418,0.00248341746320618,1.28186948772369e-05
"chr17:2329475:2330515:clu_10907:ENSG00000167721.10",0.000229188196171871,0.00234713942786918,0.922213592657324
"chr17:1771515:1771872:clu_10876:ENSG00000132386.10",0.0097740266311648,0.00352374312251302,0.00554121107578887
"chr17:2375875:2376141:clu_10925:ENSG00000141258.12",-0.00203812365363051,0.00304705087659074,0.503569461652243
"chr17:78823183:78827245:clu_13882:ENSG00000055483.19",0.00612988634216705,0.00382756901440451,0.109264221450574
"chr17:2957794:2963430:clu_10949:ENSG00000132359.14",-0.00244794756375483,0.00329930469229366,0.458112405950086
"chr17:3637316:3647444:clu_10955:ENSG00000040531.14",0.0049166447954061,0.00353499011379942,0.164270591780013
"chr17:3899761:3903202:clu_10998:ENSG00000108405.3",0.00298757804984369,0.00351550468381735,0.395420129203823
"chr17:3899024:3899634:clu_10998:ENSG00000108405.3",-0.00129050969943041,0.00366073467937969,0.724442687248722
"chr17:4167911:4169198:clu_11029:ENSG00000185722.16",0.0115068923607082,0.00302429518645389,0.000141908570372329
"chr17:3655962:3656856:clu_10968:ENSG00000262903.1",0.00336300092763456,0.00402497445905038,0.403417402950741
"chr17:2962714:2963430:clu_10949:ENSG00000132359.14",0.00227148184907331,0.00287959693386491,0.43021758465835
"chr17:4596977:4597172:clu_11056:ENSG00000188176.11",-0.00232992637022684,0.00283438896107122,0.411065121407697
"chr17:3690680:3690956:clu_10982:ENSG00000083454.21",-0.00314233939161864,0.00268800640941912,0.242394653388997
"chr17:4206486:4207933:clu_11036:ENSG00000185722.16",0.00647844025950252,0.00354295203271863,0.0674680932524941
"chr17:37614353:37618281:clu_12161:ENSG00000278053.4",-0.0405037939810745,0.00409783249785246,0
"chr17:81692553:81693503:clu_14056:ENSG00000185359.12",0.0019927952639978,0.00394072071020003,0.613072114346684
"chr17:7308113:7309615:clu_11282:ENSG00000132507.17",0.00522018240877571,0.00303436883169935,0.0853684812803233
"chr17:6599320:6600380:clu_11207:ENSG00000198920.9",-0.00384511807949339,0.00300725184683876,0.201032576190889
"chr17:6641100:6641753:clu_11213:ENSG00000129235.10",-0.000148907620720739,0.00289937317735671,0.959039808402874
"chr17:5515044:5515473:clu_11191:ENSG00000091592.15",-0.00182702268562947,0.00318783277876773,0.566560905531387
"chr17:10691964:10692764:clu_11486:ENSG00000133028.10",0.000916117021471357,0.00286728596918638,0.749342326511993
"chr17:10706550:10710834:clu_11492:ENSG00000170222.11",-0.000685572314902767,0.00324076037403387,0.832460658656922
"chr17:10706554:10710834:clu_11492:ENSG00000170222.11",0.000140768855110574,0.00307515048824832,0.963488589345518
"chr17:9917341:9918001:clu_11479:ENSG00000007237.18",-0.00176092703971917,0.0033070321691334,0.59439389373151
"chr17:19556062:19560188:clu_11734:ENSG00000142494.13",-0.00188851847313815,0.00608864165152947,0.756431121784544
"chr17:30984760:30997242:clu_11975:ENSG00000181481.13",0.0140853874433496,0.00409929564242107,0.000590260617232552
"chr17:12995978:12996547:clu_11517:ENSG00000006744.18",0.00352467506510185,0.00335107843320554,0.292889844350194
"chr17:16048988:16057514:clu_11553:ENSG00000141027.20",0.00353023322090855,0.00439965251210545,0.42232791607783
"chr17:16048985:16057514:clu_11553:ENSG00000141027.20",-0.0037950160873572,0.00433596841406509,0.381442945012656
"chr17:16428387:16428817:clu_11577:ENSG00000187688.14",0.00475862585717169,0.00484378549028196,0.325893575495088
"chr17:17477265:17491279:clu_11621:ENSG00000141026.5",-0.00210436773297584,0.00434778956711433,0.628379734494153
"chr17:19555909:19555995:clu_11733:ENSG00000142494.13",0.0094999741566347,0.00481649010555056,0.0485656416189313
"chr17:29569625:29571591:clu_11919:ENSG00000167543.15",-0.00792704349075519,0.00599512313597795,0.18608536479871
"chr17:30631895:30633098:clu_11962:ENSG00000248121.8",-0.00154049810077467,0.00357346512842928,0.666400282626448
"chr17:30117332:30118080:clu_11944:ENSG00000126653.17",-0.00151759315105899,0.00519080071406421,0.770009819025097
"chr17:29569359:29571591:clu_11919:ENSG00000167543.15",0.00931079030739717,0.00472996579891704,0.0490141175218122
"chr17:30631895:30633098:clu_11962:ENSG00000250462.8",-0.000326869127737755,0.00348534623303949,0.925280874775829
"chr17:35411927:35420274:clu_12066:ENSG00000172123.12",0.0158266299208311,0.00393000960412252,5.64636298262533e-05
"chr17:36013308:36013632:clu_12100:ENSG00000274736.4",-0.00465831286129784,0.00434713165337067,0.283907322462127
"chr17:35136215:35136362:clu_12058:ENSG00000073536.17",0.0074689704360119,0.00401533951100975,0.0628700612552132
"chr17:36507139:36507399:clu_12112:ENSG00000278259.4",0.000596597069140211,0.0034690972323408,0.863457393435443
"chr17:36507139:36507391:clu_12112:ENSG00000278259.4",-0.00138983362953174,0.00351345052475622,0.692418490933192
"chr17:36494006:36495223:clu_12108:ENSG00000273611.4",-0.00250314019032862,0.003790891759831,0.50905889950223
"chr17:36494006:36497606:clu_12108:ENSG00000273611.4",0.00152182412025334,0.00371730740899563,0.68225433769539
"chr17:36486785:36492813:clu_12106:ENSG00000273611.4",0.00840747787205986,0.00339980535926732,0.0134010697190177
"chr17:40189375:40190434:clu_12311:ENSG00000108352.11",0.000957550873165935,0.00516755584761045,0.852993316915286
"chr17:40141234:40141570:clu_12303:ENSG00000108349.16",-0.0160755335044322,0.00570355991865232,0.00482472968523584
"chr17:40142100:40161753:clu_12303:ENSG00000108349.16",0.00215643458298319,0.00468559172869835,0.645353482986917
"chr17:41955317:41961382:clu_12376:ENSG00000204815.9",-0.00252249745196044,0.00523377356067953,0.62983056852298
"chr17:41893174:41897749:clu_12367:ENSG00000131473.16",0.00179221447945188,0.0044189016336674,0.685051832742342
"chr17:41949349:41955217:clu_12376:ENSG00000204815.9",-0.00208103854325133,0.00453534514813336,0.646342611267032
"chr17:42000570:42017340:clu_12382:ENSG00000168259.14",0.00713713392346673,0.00689440593378463,0.300572477961217
"chr17:41803431:41806796:clu_12353:ENSG00000141696.12",-0.00125195928795227,0.00351839772934515,0.721966215393067
"chr17:41802979:41803287:clu_12353:ENSG00000141696.12",0.00405857673555492,0.00338324516085307,0.230290610382598
"chr17:41935749:41936473:clu_12374:ENSG00000204815.9",0.00892464903197687,0.00457023549664608,0.0508460699171022
"chr17:40129627:40131537:clu_12302:ENSG00000188895.11",-0.00520464559873389,0.00423772976044158,0.219383774441829
"chr17:41806879:41807859:clu_12354:ENSG00000141696.12",0.000174957835652427,0.00420921169255696,0.966845105440599
"chr17:41835642:41835859:clu_12365:ENSG00000141698.16",5.27341469293198e-06,0.00648789343859734,0.999351472748015
"chr17:40181373:40181616:clu_12309:ENSG00000108352.11",-0.0157535145798636,0.00540909419996344,0.00358648450043775
"chr17:46082542:46094560:clu_12718:ENSG00000120071.13",0.00286575917951919,0.00516090862946628,0.578701853203436
"chr17:47142022:47142229:clu_12749:ENSG00000004897.11",0.00845246715512191,0.00520723632620277,0.104543327560035
"chr17:44848252:44849106:clu_12632:ENSG00000131097.6",0.00717684864677432,0.00515983152285176,0.164253461596388
"chr17:44320436:44321058:clu_12610:ENSG00000013306.15",-0.00532932530688981,0.00803943437229204,0.507395855616125
"chr17:50170188:50170640:clu_12910:ENSG00000108823.15",-0.000134132737439388,0.0043178984195473,0.975218215038511
"chr17:50169254:50170064:clu_12910:ENSG00000108823.15",-0.0026504658954666,0.0047304615955883,0.575276519440109
"chr17:50864163:50866058:clu_12979:ENSG00000141232.4",0.00719439963709119,0.00362317056949092,0.0470706365625461
"chr17:50550115:50550230:clu_12955:ENSG00000006282.20",-0.00153230016634354,0.0037139280307295,0.67991282985934
"chr17:47138891:47141853:clu_12748:ENSG00000004897.11",-0.000181626068293148,0.00477318867000027,0.969646774411493
"chr17:47942051:47943306:clu_12801:ENSG00000108439.9",0.0104907111720739,0.00563753905334989,0.0627629412806
"chr17:47056753:47072472:clu_12743:ENSG00000262879.5",0.0446390694469613,0.0119519743602539,0.000187812243662044
"chr17:47170042:47171917:clu_12746:ENSG00000004897.11",-0.0158987118303778,0.00493661180512363,0.00127935226088061
"chr17:50995533:50996565:clu_12992:ENSG00000008294.20",-0.00114348807401238,0.00318625747336266,0.719683924718521
"chr17:51217416:51218930:clu_13003:ENSG00000011258.15",-0.00418392490556021,0.00441666338869405,0.343483661236109
"chr17:58692632:58694931:clu_13118:ENSG00000108384.14",0.00308788726959756,0.00379176117312727,0.415434420657511
"chr17:58526978:58529115:clu_13114:ENSG00000108387.14",0.0044530760758858,0.00545064025938132,0.413938599799632
"chr17:56997055:57000855:clu_13049:ENSG00000121064.12",-0.00570282427746523,0.00359070214574181,0.112236643202471
"chr17:58210724:58210980:clu_13083:ENSG00000011143.16",-0.00254554151752381,0.0038718641358804,0.510894193816444
"chr17:63437560:63445898:clu_13228:ENSG00000008283.15",-0.00070754442377976,0.00558820782412925,0.899246046271488
"chr17:63822168:63822665:clu_13266:ENSG00000108592.16",-0.0073798626406349,0.00492488997190166,0.134007872574897
"chr17:63834800:63835412:clu_13274:ENSG00000108604.15",-0.034667709775944,0.00594644486960428,5.54309409483977e-09
"chr17:69140748:69141745:clu_13447:ENSG00000154262.12",0.00437495376951937,0.00451222257979454,0.332256659523291
"chr17:69140748:69141745:clu_13447:ENSG00000154263.17",0.00608011996305907,0.00465301127783521,0.191312418913653
"chr17:47377903:47379182:clu_12758:ENSG00000178852.15",-0.0139152070991032,0.00473170250231631,0.00327317504487779
"chr17:48048462:48050607:clu_12817:ENSG00000082641.15",0.0273306379746208,0.00503345650946451,5.64187595530896e-08
"chr17:63798099:63800468:clu_13263:ENSG00000198231.12",0.00904540798372542,0.00633056552553018,0.153048285010499
"chr17:63800617:63805071:clu_13264:ENSG00000198231.12",0.00647215759225517,0.00589208731251793,0.2720084628445
"chr17:63830935:63831020:clu_13271:ENSG00000087191.12",0.0256080226660224,0.00631189691628475,4.96849463678117e-05
"chr17:63706739:63707247:clu_13257:ENSG00000266173.6",-0.00486139410171727,0.00440222773870378,0.269461642792376
"chr17:63607464:63607802:clu_13245:ENSG00000136463.7",-0.00187589664709303,0.00606121570828469,0.756947437889344
"chr17:63418407:63419999:clu_13224:ENSG00000170921.15",-0.011701990879815,0.00508116939575849,0.0212782035051617
"chr17:63929888:63931335:clu_13279:ENSG00000007312.12",0.0201603529611659,0.00511046496633874,7.98280908023141e-05
"chr17:64863018:64868462:clu_13328:ENSG00000176809.10",0.00122863644733057,0.00412695516408417,0.76592439476148
"chr17:13005070:13005753:clu_11520:ENSG00000006744.18",-0.000378546277363137,0.00329709587056878,0.908594111785484
"chr17:49220326:49222091:clu_12866:ENSG00000108798.8",0.0114070533233716,0.00387968010055374,0.00327995573279749
"chr17:67675542:67692572:clu_13377:ENSG00000154217.14",-0.00339948478552434,0.00374296602169733,0.363755199241527
"chr17:29116455:29118045:clu_11911:ENSG00000196535.15",0.00156880817972268,0.00536115640999994,0.769808833210604
"chr17:28673618:28674283:clu_11857:ENSG00000109111.14",-0.00024800219438387,0.00736229834498661,0.973127996597308
"chr17:29593735:29607742:clu_11928:ENSG00000198720.12",-0.0134246315297029,0.00658052260938523,0.0413447953969269
"chr17:28673510:28674283:clu_11857:ENSG00000109111.14",-0.00169517766041388,0.00635983919815355,0.789820195016285
"chr17:29115840:29118045:clu_11911:ENSG00000196535.15",0.0300436944642528,0.00663281991245176,5.91092331447829e-06
"chr17:28329371:28330443:clu_11815:ENSG00000109083.13",0.00663259631646636,0.00457516600289455,0.147143527384485
"chr17:4016466:4017577:clu_11015:ENSG00000074755.14",-0.0056779314916226,0.00365355195449442,0.120164064204862
"chr17:4307123:4366271:clu_11039:ENSG00000132388.12",0.00589525571614002,0.00344669460751284,0.0871903623234358
"chr17:2665456:2666016:clu_10936:ENSG00000007168.12",0.00287026642537485,0.00298056304375671,0.335550181132713
"chr17:2638320:2665372:clu_10936:ENSG00000007168.12",-0.00144326708737888,0.00293063143629995,0.622382536866511
"chr17:3720402:3723288:clu_10983:ENSG00000083457.11",-0.00825401707151321,0.00351861129042846,0.0189854425017852
"chr17:3880434:3882528:clu_10995:ENSG00000004660.14",0.00446829435949524,0.00436452520269564,0.305941282991104
"chr17:36535592:36537094:clu_12118:ENSG00000277161.1",-0.0050761334525282,0.00324483688170664,0.117730124555247
"chr17:4185046:4189382:clu_11035:ENSG00000185722.16",-0.00333275195141609,0.00398854195768932,0.403390368637469
"chr17:3904929:3905220:clu_11001:ENSG00000108405.3",0.00457636084098161,0.00301493314013596,0.129040126163346
"chr17:50166077:50167368:clu_12909:ENSG00000108823.15",-0.00526287269629456,0.00386453907874586,0.173249299965254
"chr17:50352130:50353630:clu_12918:ENSG00000015532.9",0.00294651829176944,0.00404151939214246,0.465963725670931
"chr17:48723313:48724328:clu_12843:ENSG00000229637.3",0.00948023869299662,0.00365693143793234,0.00953081551306489
"chr17:35779323:35795267:clu_12086:ENSG00000271447.5",0.00445653235705204,0.00395989428530477,0.26041236951058
"chr17:29615857:29615945:clu_11934:ENSG00000167549.18",0.00170365438821043,0.0059932387281283,0.776209047450837
"chr17:29568830:29569018:clu_11918:ENSG00000167543.15",-0.00478536594425607,0.00458862913992419,0.297006257253317
"chr17:29615854:29615945:clu_11934:ENSG00000167549.18",-0.00715010849637776,0.00593573161131938,0.228362558997711
"chr17:28859113:28859203:clu_11888:ENSG00000132591.11",-2.1832206693957e-05,0.00463329329767106,0.996240359703414
"chr17:29611643:29611876:clu_11932:ENSG00000198720.12",-0.000570876649249417,0.00559002481092155,0.918658115692674
"chr17:29611643:29611928:clu_11932:ENSG00000198720.12",0.0043581342228188,0.00580804874741114,0.453037213787397
"chr17:28898892:28899127:clu_11895:ENSG00000167536.13",-0.00266316280664422,0.00507222440115797,0.599549613778513
"chr17:42953778:42954876:clu_12502:ENSG00000266967.6",0.00218638612317251,0.00886902405746476,0.805280220656607
"chr17:42971696:42979170:clu_12509:ENSG00000267060.5",-0.00450507716507603,0.00458916942180547,0.326259526634224
"chr17:39635726:39635816:clu_12247:ENSG00000131771.13",0.00164259113347744,0.00639696668720126,0.797351261924877
"chr17:38779529:38780447:clu_12206:ENSG00000276293.4",-0.00281457382667929,0.00436913846449593,0.519449486432189
"chr17:39637231:39653481:clu_12247:ENSG00000131748.15",-0.00650462470260628,0.00666486935071971,0.329085862398974
"chr17:39635726:39635816:clu_12247:ENSG00000131748.15",0.000388920284578161,0.00654119240530993,0.952588039881432
"chr17:39637231:39653481:clu_12247:ENSG00000131771.13",-0.00735045240325109,0.00651169556765924,0.258978943866404
"chr17:39282855:39285478:clu_12230:ENSG00000108306.11",0.0157896441166849,0.00403002659006375,8.92867120840801e-05
"chr17:38720747:38722678:clu_12196:ENSG00000275023.4",0.012467148153105,0.00719547471072283,0.0831601483267682
"chr17:38779529:38779635:clu_12206:ENSG00000276293.4",0.00499446966151514,0.00474388577408946,0.292422352637991
"chr17:65177803:65179996:clu_13338:ENSG00000108370.16",0.0118622197618042,0.00563614940675956,0.0353202725374538
"chr17:63479100:63479769:clu_13229:ENSG00000159640.15",-0.0117235480686347,0.00480982039398063,0.0147925240222437
"chr17:63787270:63792412:clu_13262:ENSG00000198231.12",-0.0166738324593965,0.00578373377259611,0.00394052758354424
"chr17:63435243:63435688:clu_13226:ENSG00000008283.15",-0.0146341611344331,0.00560163337141745,0.00898876705592444
"chr17:5223484:5233824:clu_11156:ENSG00000261879.5",0.00370979183672463,0.00395554882535633,0.348311058358855
"chr17:57980786:57981873:clu_13072:ENSG00000136451.8",-0.000596652085645227,0.00329237539264134,0.856193033232123
"chr17:7550978:7556778:clu_11333:ENSG00000239697.10",-0.00398398404325763,0.00302605858964222,0.187986559064394
"chr17:7553825:7556778:clu_11333:ENSG00000239697.10",0.00749268184581712,0.00424547371335153,0.0775866995073204
"chr17:7313721:7313906:clu_11284:ENSG00000132522.15",-0.00444342434402022,0.00500593545330878,0.374739181207339
"chr17:7923631:7923711:clu_11383:ENSG00000170049.9",0.00599963438695691,0.0033158839963635,0.0703947879256351
"chr17:7626614:7626753:clu_11351:ENSG00000141504.11",-0.0069858679740675,0.00468327806497935,0.135787772967262
"chr17:7626614:7626707:clu_11351:ENSG00000141504.11",0.00496234171171307,0.00454495806286862,0.274905881104268
"chr17:7317370:7317461:clu_11288:ENSG00000215041.9",-0.00306809225621386,0.0040283583584749,0.446284765204757
"chr17:7851394:7851478:clu_11365:ENSG00000132510.10",0.00122312663219851,0.00318446842345788,0.700910775827688
"chr17:8445040:8445711:clu_11448:ENSG00000166579.15",0.00117693329332182,0.0030330768767476,0.697991765569925
"chr17:7851394:7851475:clu_11365:ENSG00000132510.10",0.0036918150953335,0.00333363603258782,0.268102027821826
"chr17:30289482:30291311:clu_11948:ENSG00000108578.14",-0.00409498183219536,0.00565550261673404,0.469022538480596
"chr17:29608110:29608195:clu_11929:ENSG00000198720.12",0.00995209732481672,0.00780970101394371,0.202548256410226
"chr17:30266954:30271271:clu_11945:ENSG00000108578.14",0.00752294377456035,0.00564427348344395,0.182582553614405
"chr17:30784443:30785919:clu_11966:ENSG00000176390.11",-0.00215361923945024,0.00450862347849246,0.632887458394155
"chr17:42323354:42323573:clu_12417:ENSG00000168610.14",0.00205375335474116,0.00591195198509245,0.728298299907902
"chr17:42329776:42331472:clu_12418:ENSG00000168610.14",-0.00520864561890651,0.00443067921995307,0.239760248256792
"chr17:42323354:42323453:clu_12417:ENSG00000168610.14",-0.00349301308894178,0.00601231973933265,0.561256671945124
"chr17:4170861:4172556:clu_11030:ENSG00000185722.16",0.00269418706813537,0.00421092030179871,0.522296416236849
"chr17:5485213:5486069:clu_11188:ENSG00000072849.10",-0.00177594301676897,0.00298741709634196,0.552194852746965
"chr17:3885730:3892939:clu_10996:ENSG00000004660.14",-0.00134275708129178,0.0030811859572555,0.662987438956572
"chr17:80376958:80377762:clu_13969:ENSG00000173821.19",-0.00165559720035045,0.00422542143179425,0.695192514887592
"chr17:3818572:3821249:clu_10988:ENSG00000074356.16",-0.00303414972059824,0.00267740300174581,0.25711198428513
"chr17:4972536:4972769:clu_11122:ENSG00000108509.20",-0.00703130709964243,0.00357056941034551,0.0489255698865111
"chr17:3821352:3821953:clu_10988:ENSG00000074356.16",0.00436888358504013,0.00285293300027772,0.12567904978562
"chr17:4940360:4940873:clu_11109:ENSG00000108523.15",-0.000698733339444214,0.00353194805636359,0.843176288907933
"chr17:21075957:21090268:clu_11773:ENSG00000236819.1",-0.0126921462389677,0.00387673483719061,0.00106064067610057
"chr17:21188855:21190948:clu_11776:ENSG00000109016.17",-0.00507349461000039,0.00404507590057888,0.209754909601683
"chr17:20297077:20306023:clu_11760:ENSG00000128487.16",-0.00086730269401718,0.00480122560123113,0.856648636147426
"chr17:21012935:21015752:clu_11771:ENSG00000124422.11",-0.00262550786461555,0.00522614031594294,0.615400313070619
"chr17:19924517:19931805:clu_11753:ENSG00000108599.14",0.0135407502520956,0.00580111679965742,0.0195872060039057
"chr17:21211227:21214091:clu_11777:ENSG00000178307.9",-0.0134121411882041,0.00697356854378291,0.0544446019238565
"chr17:28631681:28631820:clu_11848:ENSG00000007202.14",-0.00588998731809701,0.00512293638745978,0.250255603575168
"chr17:28329276:28330443:clu_11815:ENSG00000109083.13",-0.0100080830777633,0.00418742201748773,0.0168467902970898
"chr17:28584745:28585102:clu_11841:ENSG00000076382.16",0.000356994517468094,0.00364602078463793,0.922001010241066
"chr17:28631678:28631820:clu_11848:ENSG00000007202.14",0.0106131268354355,0.00551011222734453,0.0540896304018561
"chr17:28716058:28717213:clu_11873:ENSG00000109113.18",-0.00409634420980183,0.00399060835557132,0.304657766028542
"chr17:28715901:28715993:clu_11873:ENSG00000109113.18",0.000560755247057018,0.00557168437437116,0.919833260139981
"chr17:28910369:28910712:clu_11897:ENSG00000109118.13",0.00759516469303336,0.00504780836379653,0.13241511162604
"chr17:29575142:29575288:clu_11921:ENSG00000108262.15",-0.00646089512218673,0.00514507145834542,0.209208624073346
"chr17:28738245:28738671:clu_11877:ENSG00000160602.13",0.0076236903636062,0.00538781904955325,0.157072500838837
"chr17:28927063:28944503:clu_11902:ENSG00000109118.13",-0.0169228184168726,0.00688278498323145,0.0139434596799394
"chr17:29672129:29676820:clu_11941:ENSG00000141298.17",0.00840727838755294,0.00614688240040658,0.171396456982241
"chr17:30481263:30484214:clu_11953:ENSG00000108587.15",-0.0113076225912506,0.00547575571598896,0.0389197684888051
"chr17:31249119:31258344:clu_11987:ENSG00000196712.17",-0.0111494150673283,0.00605961179465669,0.0657747945889779
"chr17:30904529:30906168:clu_11970:ENSG00000172171.10",-0.00747556873037473,0.00438740594693946,0.0884054040585713
"chr17:31201485:31206240:clu_11985:ENSG00000196712.17",0.000380241837745511,0.00553983911180411,0.945278006086759
"chr17:32031458:32034910:clu_12007:ENSG00000185158.12",-0.000776477426341827,0.0048138101034787,0.871855510644935
"chr17:32334605:32334775:clu_12019:ENSG00000108666.9",0.00968788766959748,0.00391311621880628,0.0132957574582564
"chr17:32208309:32224616:clu_12014:ENSG00000126858.16",0.00443900139893056,0.00456053216348642,0.330378571992619
"chr17:32928237:32933174:clu_12039:ENSG00000006042.11",0.00317361335432556,0.00419769246021689,0.449626649549242
"chr17:34928117:34928962:clu_12041:ENSG00000132141.13",-0.00209468156868325,0.00291980487087903,0.473124456061257
"chr17:35984452:35985748:clu_12098:ENSG00000276409.4",0.00637628000548334,0.00613522092309019,0.298669410384749
"chr17:34992692:34994276:clu_12048:ENSG00000005156.11",0.000453863158741143,0.00414916637852075,0.912895870076942
"chr17:35872464:35878528:clu_12094:ENSG00000271503.5",0.00657895590706684,0.00437870675341584,0.132971033128426
"chr17:35026561:35063576:clu_12045:ENSG00000185379.20",0.00154460696474535,0.00418010158446682,0.711744478056749
"chr17:35026561:35063576:clu_12045:ENSG00000092871.16",-0.000273745895779653,0.00428660599649338,0.949081101351122
"chr17:38755990:38760431:clu_12203:ENSG00000277791.4",0.00363670546546904,0.00662449242537697,0.583020043975854
"chr17:38760608:38762411:clu_12203:ENSG00000277791.4",-0.00104230504041452,0.00664062452374464,0.875277249095664
"chr17:38361775:38366287:clu_12171:ENSG00000274211.4",0.00525743048774819,0.00450912684518762,0.243633402443845
"chr17:38709575:38710054:clu_12190:ENSG00000275023.4",0.00452714005526062,0.00412059925305342,0.271916133450195
"chr17:37210490:37221724:clu_12141:ENSG00000278540.4",-0.00472640277880825,0.00371493059916183,0.203276436536285
"chr17:38450723:38451306:clu_12175:ENSG00000276170.4",-0.0132106281695816,0.00404075185069261,0.00107795240995523
"chr17:38549210:38551155:clu_12185:ENSG00000277363.4",0.00157560062725546,0.00489569055501859,0.747578307742957
"chr17:37121490:37122531:clu_12135:ENSG00000278540.4",-0.0152422831369318,0.00765183266071157,0.0463734600607524
"chr17:36986731:36988519:clu_12131:ENSG00000275700.4",-0.011185811525751,0.00307698803319143,0.000277644406653565
"chr17:40488969:40489881:clu_12325:ENSG00000131746.12",0.0274449788147959,0.00779653269217815,0.000431299832659326
"chr17:40032090:40032649:clu_12291:ENSG00000008838.19",0.00515456680719734,0.00493255370943124,0.296018455017207
"chr17:39192094:39193648:clu_12223:ENSG00000067191.15",-0.0079119337196364,0.00442144681487874,0.0735432568441352
"chr17:42290022:42295619:clu_12408:ENSG00000126561.16",0.00494434328095076,0.0047618857850211,0.299122856541562
"chr17:42022472:42022565:clu_12384:ENSG00000168256.17",0.0101794118288499,0.00499735921081453,0.0416542308892097
"chr17:42308333:42310507:clu_12414:ENSG00000126561.16",0.00560924063689999,0.00454965323678079,0.217615276625789
"chr17:41820461:41820707:clu_12360:ENSG00000141756.18",0.00444217401321587,0.00451416617974448,0.325089972602822
"chr17:42000570:42003359:clu_12382:ENSG00000168259.14",0.00247430955586982,0.00643082875945775,0.700417094279981
"chr17:41820461:41820947:clu_12360:ENSG00000141756.18",-0.00333000855658868,0.00442617471987174,0.451843865792582
"chr17:42680401:42681993:clu_12461:ENSG00000267042.1",0.0044686193848138,0.00365659252854362,0.221680396376293
"chr17:42820841:42823748:clu_12493:ENSG00000126581.12",-0.00629759058758789,0.00614261189743729,0.305254630550346
"chr17:42490637:42494334:clu_12428:ENSG00000033627.16",0.000790870348963074,0.00438373297771139,0.856830510430475
"chr17:42820841:42823705:clu_12493:ENSG00000126581.12",0.00518915511334913,0.00650453633459333,0.425001192959244
"chr17:43148783:43166980:clu_12533:ENSG00000267002.2",0.00130146935977078,0.00641251357876246,0.839168051594438
"chr17:42487367:42490487:clu_12428:ENSG00000033627.16",-0.00332020232489316,0.00460648214558594,0.471052613866674
"chr17:42306447:42307402:clu_12412:ENSG00000126561.16",0.00303761611440351,0.00424260102940385,0.474003897955686
"chr17:44195828:44196034:clu_12593:ENSG00000087152.15",0.003790086892645,0.00579603756811429,0.513169794653168
"chr17:62681937:62682235:clu_13214:ENSG00000011028.13",0.00282390105916693,0.00474398358227188,0.551670056618452
"chr17:62536337:62552302:clu_13204:ENSG00000146872.17",-0.00964222325045115,0.00619359904449497,0.11951689365951
"chr17:63524369:63530091:clu_13236:ENSG00000173826.14",-0.00339608144667013,0.00559590086487623,0.543925673721009
"chr17:63434594:63435086:clu_13225:ENSG00000008283.15",0.00971824754886167,0.00738642793406606,0.188278194679267
"chr17:63837044:63837146:clu_13276:ENSG00000108604.15",-0.0156563515593946,0.0051573135789527,0.00239932531070397
"chr17:63837044:63837195:clu_13276:ENSG00000108604.15",0.0154730348759224,0.00489180616934158,0.00156124706362415
"chr17:63833170:63833296:clu_13272:ENSG00000108604.15",0.00939256743571836,0.00525469630546855,0.0738629264049521
"chr17:64786724:64787248:clu_13323:ENSG00000214176.9",0.00638649343320902,0.00472584107589153,0.176567889116173
"chr17:64449355:64452597:clu_13293:ENSG00000271605.5",-0.0136015145276367,0.00442413562269072,0.00210934096922444
"chr17:64348322:64352390:clu_13291:ENSG00000261371.5",0.00201042569875797,0.00514746997936866,0.696118213814614
"chr17:64869166:64892529:clu_13328:ENSG00000176809.10",0.00415620457762322,0.00516396830248712,0.420907955602227
"chr17:68114525:68115061:clu_13396:ENSG00000237854.3",0.00597259811512784,0.00404772140072707,0.14006587756252
"chr17:68539966:68540849:clu_13415:ENSG00000108950.11",-0.00640675533505842,0.00439124642215291,0.144569695452825
"chr17:69012083:69016253:clu_13433:ENSG00000154258.16",-0.00280884281786573,0.00521630220765838,0.590249889597101
"chr17:69148925:69149033:clu_13447:ENSG00000154263.17",0.00382586961989648,0.00455376314076378,0.400821147245245
"chr17:69148925:69149033:clu_13447:ENSG00000154262.12",0.00504429848771503,0.0045360474742152,0.266117895156375
"chr17:68989118:68989813:clu_13431:ENSG00000154258.16",0.0045816171137443,0.00362781546641371,0.206620269172961
"chr17:69325817:69327052:clu_13473:ENSG00000154265.15",-0.00604106074618379,0.00346557727064427,0.0813054148419531
"chr17:68876703:68877711:clu_13420:ENSG00000141338.13",0.0059255368526714,0.00447508810200682,0.185464441257798
"chr17:68876703:68877519:clu_13420:ENSG00000141338.13",-0.00446903716496019,0.00452749857188315,0.323599753957511
"chr17:72431224:72592203:clu_13481:ENSG00000227036.6",-0.000840433409554657,0.00283104963714465,0.766571234292782
"chr17:74862947:74863076:clu_13529:ENSG00000161513.11",0.00515920383138853,0.00276755445140666,0.0622972337738833
"chr17:74864931:74865719:clu_13532:ENSG00000161513.11",0.00508969920330018,0.00326745362540015,0.119305346531354
"chr17:75209985:75211992:clu_13560:ENSG00000125450.10",0.00596156864569798,0.00329190213185673,0.0701439606586891
"chr17:75491852:75492239:clu_13590:ENSG00000177728.16",0.00592775512038004,0.00381097484629923,0.119840539127933
"chr17:75457477:75471800:clu_13586:ENSG00000177728.16",-0.00542359999098988,0.0036026032803129,0.132204080656208
"chr17:74954365:74955792:clu_13539:ENSG00000167861.15",0.00295837414040616,0.00455309329395255,0.515853469384192
"chr17:74952360:74953006:clu_13537:ENSG00000167861.15",-0.00213598278344798,0.00303540042701243,0.481625468186802
"chr17:75590385:75590907:clu_13629:ENSG00000266714.6",-0.000847765176751906,0.00369518051926632,0.818538946537763
"chr17:75225829:75226056:clu_13562:ENSG00000125450.10",-0.00634626649556422,0.00376043716372123,0.0914802373484505
"chr17:75088044:75089151:clu_13552:ENSG00000170190.15",-0.00428995663785946,0.00353772417460773,0.225270646378245
"chr17:75042277:75046925:clu_13550:ENSG00000167863.11",-0.0114916078045974,0.00607911140486014,0.0587120548967184
"chr17:75486426:75487932:clu_13588:ENSG00000177728.16",0.00194063745717826,0.0036187209424617,0.591767000533218
"chr17:75603312:75610166:clu_13635:ENSG00000266714.6",0.0033831306841679,0.00353778331317316,0.338928042186709
"chr17:74790296:74790956:clu_13526:ENSG00000109066.13",0.00557503547024017,0.00350661707965795,0.111866028824481
"chr17:75623822:75623949:clu_13651:ENSG00000266714.6",-0.000952416060674756,0.00402174438267722,0.812799028538737
"chr17:75809039:75809760:clu_13690:ENSG00000132478.9",-0.0106740909313546,0.0042210187065702,0.0114454861863892
"chr17:75488910:75489266:clu_13588:ENSG00000177728.16",-0.0010113870784818,0.00331297004297485,0.760152083237729
"chr17:75499118:75499262:clu_13600:ENSG00000177728.16",0.00268990578231591,0.00383095682862476,0.482585713756825
"chr17:75629475:75629708:clu_13657:ENSG00000108469.14",-0.00261824877746434,0.00407105573121595,0.520134856141991
"chr17:75960375:75978534:clu_13734:ENSG00000161533.11",0.000725728999557443,0.00332071295177699,0.827003612055081
"chr17:75661066:75661606:clu_13660:ENSG00000108469.14",0.0019848085315968,0.00385472103286023,0.606620603605484
"chr17:76727213:76729690:clu_13799:ENSG00000181038.13",0.00163279453004313,0.00317238224057595,0.606769416880039
"chr17:76064171:76067217:clu_13749:ENSG00000167881.14",0.00307004199543433,0.00325824831116354,0.34607133325752
"chr17:76010543:76011576:clu_13741:ENSG00000167880.7",-0.00641389220308279,0.00446678808710756,0.151028811379636
"chr17:76098018:76101271:clu_13745:ENSG00000182473.21",0.00683740544545498,0.00370357912098448,0.0648687490780051
"chr17:76045386:76046038:clu_13746:ENSG00000167881.14",-0.00530491922663829,0.00427872121104516,0.215035486046773
"chr17:75753974:75754576:clu_13685:ENSG00000132470.13",-0.00771130127979265,0.00357222477176714,0.030874760013491
"chr17:76091235:76094414:clu_13758:ENSG00000182473.21",-0.00146221906294352,0.0040519141267653,0.718195743239461
"chr17:75614033:75614199:clu_13641:ENSG00000266714.6",-0.00598179542552382,0.0044616585616786,0.180014249787918
"chr17:77143659:77190803:clu_13815:ENSG00000129657.14",0.00797960838619855,0.00317444901884277,0.0119472453595085
"chr17:75614360:75614563:clu_13642:ENSG00000266714.6",0.00115686126188967,0.0044313614282714,0.794044489197461
"chr17:75498323:75498456:clu_13598:ENSG00000177728.16",0.000242825414365612,0.00360408956042501,0.946283197519738
"chr17:75498323:75498444:clu_13598:ENSG00000177728.16",-0.00306718859582049,0.00361105256145472,0.395664830127906
"chr17:75843519:75844221:clu_13709:ENSG00000092929.11",2.87547312462746e-05,0.00360460041748284,0.993635157819808
"chr17:76557857:76557970:clu_13784:ENSG00000163597.14",-0.00565798570399894,0.00306642750157157,0.065017286617979
"chr17:77190952:77191181:clu_13816:ENSG00000129657.14",5.57080023588712e-05,0.00310604056001605,0.985690408340299
"chr17:76385169:76385451:clu_13768:ENSG00000176170.13",0.00158876051168718,0.00311310102974762,0.609808664147548
"chr17:76087720:76088060:clu_13756:ENSG00000182473.21",0.0035949624215881,0.00345010942618656,0.297418613106662
"chr17:76545636:76546016:clu_13779:ENSG00000214140.10",-0.00339862467286619,0.00293914078838875,0.247545088216408
"chr17:76085797:76086080:clu_13755:ENSG00000182473.21",-0.00471231798266058,0.00336982428370728,0.161996928311314
"chr17:76086145:76087654:clu_13755:ENSG00000182473.21",0.00443151392749964,0.00337484769457997,0.18914911213596
"chr17:76397891:76398255:clu_13769:ENSG00000175931.12",0.00422401525317168,0.00365569745820626,0.247901760267377
"chr17:78075278:78077185:clu_13845:ENSG00000078687.17",0.000816160685758541,0.00268974965947451,0.761559368175557
"chr17:78138188:78138349:clu_13860:ENSG00000167895.14",0.00474992905647671,0.00304275801949786,0.118509499972171
"chr17:78119392:78120653:clu_13850:ENSG00000141524.15",-0.00447668295148451,0.00263405304487637,0.0892171672256248
"chr17:78133542:78133853:clu_13856:ENSG00000167895.14",-0.00308254027328306,0.00287049474063485,0.282880625049293
"chr17:78392665:78398252:clu_13873:ENSG00000087157.18",0.00228328667884878,0.00239639890008474,0.340691878097166
"chr17:1640040:1640448:clu_10849:ENSG00000074660.15",0.00317377079876202,0.00215163681435826,0.140199236916588
"chr17:1057102:1057970:clu_10816:ENSG00000159842.14",-0.000645995753823776,0.00255652880881378,0.800511860216468
"chr17:1844686:1853101:clu_10884:ENSG00000132383.11",0.00261533198219416,0.00265865089502788,0.325259877076042
"chr17:1732831:1733527:clu_10868:ENSG00000167716.18",-0.00418851474459549,0.0025093294585931,0.0950823284254342
"chr17:2363599:2364059:clu_10914:ENSG00000141258.12",0.00916214985936045,0.00304338564554059,0.00260807401472773
"chr17:7041908:7041996:clu_11238:ENSG00000174326.11",0.0087189804636601,0.00312746900829959,0.00530556494411916
"chr17:64764548:64771684:clu_13321:ENSG00000214176.9",-0.00720855114545816,0.00362734658266455,0.0468914430384441
"chr17:64329722:64341634:clu_13291:ENSG00000261371.5",-0.006341061851081,0.00467063899496156,0.174576888685322
"chr17:45395849:45395983:clu_12686:ENSG00000159314.11",-0.0116420156514699,0.00349391023551688,0.000861970588124206
"chr17:45395849:45395966:clu_12686:ENSG00000159314.11",0.0117498329679726,0.00371372906047201,0.0015567522825739
"chr17:45241634:45241847:clu_12674:ENSG00000184922.13",0.00222291571553799,0.00559534742692141,0.69116150938879
"chr17:46172232:46192823:clu_12720:ENSG00000120071.13",0.00903792067132158,0.00401578070572596,0.0244108105745749
"chr17:46984069:46998700:clu_12740:ENSG00000262879.5",-0.00522311716428452,0.00442153844710413,0.237487717044696
"chr17:48048864:48050607:clu_12817:ENSG00000082641.15",-0.0278462082578162,0.00495928676765555,1.9660510108821e-08
"chr17:47157124:47157230:clu_12752:ENSG00000004897.11",-0.00648587895369723,0.00532816312090892,0.223496805263053
"chr17:48543747:48543894:clu_12830:ENSG00000173917.10",-0.0117685062229085,0.00377430881745933,0.00182048214647279
"chr17:47899303:47918452:clu_12796:ENSG00000234494.7",0.0211072114454144,0.00421671187305494,5.56856533884265e-07
"chr17:47899303:47918452:clu_12796:ENSG00000264920.1",0.020630838195552,0.00416682222668337,7.37510692183641e-07
"chr17:48548463:48549889:clu_12832:ENSG00000230148.8",-0.00115748870263402,0.00561640377119637,0.836720046765268
"chr17:48849377:48851089:clu_12852:ENSG00000136436.14",0.00307192482955868,0.00321753836427036,0.339707270231681
"chr17:47344292:47345016:clu_12757:ENSG00000178852.15",-0.000390840519983343,0.00596067301972787,0.947720282408613
"chr17:48543747:48544517:clu_12830:ENSG00000173917.10",-0.0081004363840427,0.0049214146800678,0.099772635644932
"chr17:50108232:50108319:clu_12904:ENSG00000005882.11",0.0020674046364703,0.00338703668159997,0.54160518876931
"chr17:50461287:50461633:clu_12926:ENSG00000167107.12",-0.0225890537521774,0.00379972137272525,2.76585609970681e-09
"chr17:49823295:49826000:clu_12889:ENSG00000136504.11",-0.00766504617992335,0.00232953143307793,0.00100051778331745
"chr17:50076681:50076974:clu_12898:ENSG00000005884.17",-0.00198802575206086,0.00337751048650467,0.556125048877193
"chr17:50548161:50548283:clu_12953:ENSG00000006282.20",0.00949754538371697,0.00302056097739986,0.0016648551619729
"chr17:49701510:49701830:clu_12883:ENSG00000121073.13",-0.00918719990268316,0.0047367775693304,0.0524348397763665
"chr17:50170666:50175257:clu_12912:ENSG00000108823.15",-0.00332206069519142,0.00322115644984672,0.302388217376395
"chr17:50673658:50675362:clu_12967:ENSG00000108846.15",-0.00848455977028985,0.0040464452671888,0.0360118672134009
"chr17:50464294:50464526:clu_12930:ENSG00000167107.12",0.000359160783782453,0.00334840206884301,0.914580068518406
"chr17:50385291:50388060:clu_12925:ENSG00000108829.9",-0.00108843235027837,0.00334007913301822,0.744522541461121
"chr17:51056482:51079584:clu_12995:ENSG00000008294.20",-0.00496449165405919,0.00505144817226915,0.325712860283829
"chr17:51068012:51079584:clu_12995:ENSG00000008294.20",-0.00516170413647184,0.00445017451695066,0.246094398409269
"chr17:51195361:51201592:clu_13000:ENSG00000011258.15",0.00218896957386954,0.0044048591171465,0.619228339722792
"chr17:54939020:54947261:clu_13014:ENSG00000141198.14",-0.00104149320955646,0.00441031389531137,0.813316701706608
"chr17:54952112:54961119:clu_13017:ENSG00000166260.10",0.00489402232282514,0.00523316805151431,0.349688826314067
"chr17:55043325:55043612:clu_13022:ENSG00000166263.13",-0.000451140628822913,0.00385692184594491,0.906884549903701
"chr17:55043325:55047089:clu_13022:ENSG00000166263.13",0.00731460674814937,0.00348646963095785,0.0359053110164692
"chr17:55721135:55722619:clu_13030:ENSG00000166292.11",-0.0073346238389807,0.00411476402900777,0.0746654759718783
"chr17:55774859:55776035:clu_13033:ENSG00000141179.13",-0.000541775606007026,0.00459334174775957,0.906108837120563
"chr17:57086537:57105441:clu_13052:ENSG00000121057.12",0.00201977319923193,0.00320195755336355,0.52817571997467
"chr17:58214387:58214741:clu_13084:ENSG00000011143.16",0.0114746714759717,0.0047131584327546,0.0149081203599695
"chr17:57772196:57834496:clu_13064:ENSG00000265542.5",0.00454454191212406,0.00312355848206324,0.145690151069312
"chr17:56795180:56814869:clu_13034:ENSG00000214226.8",0.00187183767177475,0.00379177926526661,0.621548569423842
"chr17:58305458:58305540:clu_13086:ENSG00000005379.15",-0.00103489995500974,0.00334967323930507,0.757355381189113
"chr17:58302447:58305061:clu_13086:ENSG00000005379.15",-0.0220268100295255,0.00389240254683688,1.52325023705657e-08
"chr17:58506871:58507123:clu_13107:ENSG00000108389.9",-0.0148926693215677,0.00539399722789704,0.00576298129942687
"chr17:58724100:58732481:clu_13120:ENSG00000108384.14",-0.00560928607094213,0.00453090412580128,0.215713870634425
"chr17:57866544:57867241:clu_13066:ENSG00000180891.12",-0.0127715207379136,0.00496514886341381,0.0101044804605954
"chr17:58720812:58724040:clu_13120:ENSG00000108384.14",0.00427339090836176,0.00541378938739309,0.429905716257111
"chr17:58347241:58347529:clu_13102:ENSG00000213246.6",-0.00492943783720428,0.00420724645129611,0.241335931206584
"chr17:58310158:58310512:clu_13091:ENSG00000005379.15",0.0044117824755031,0.00379310236537003,0.244786246110765
"chr17:58347584:58351402:clu_13102:ENSG00000213246.6",-0.00049701430478383,0.0043879977814508,0.909819066907464
"chr17:58309380:58309967:clu_13090:ENSG00000005379.15",-0.0121656083713649,0.00372691001357706,0.00109749871614484
"chr17:58692788:58694931:clu_13118:ENSG00000108384.14",-0.00480323880586531,0.00467049287758579,0.303751245460017
"chr17:58531551:58531961:clu_13114:ENSG00000108387.14",0.00141419848334845,0.00498075275763837,0.776461970974596
"chr17:59331824:59353215:clu_13131:ENSG00000175155.8",0.0103259533526737,0.00716828240591202,0.149724311982562
"chr17:59353526:59388327:clu_13131:ENSG00000175155.8",0.00420986413403287,0.00702394337436898,0.548933468182889
"chr17:60212098:60213581:clu_13163:ENSG00000170832.12",-0.00513782396296469,0.00484473263107897,0.288918597064674
"chr17:59930174:59930358:clu_13144:ENSG00000108443.13",0.00138989101175486,0.00663725347775333,0.834130096757791
"chr17:60066386:60067434:clu_13154:ENSG00000068097.14",-0.00714260591121299,0.00665269973795751,0.282983970577384
"chr17:59817773:59838295:clu_13140:ENSG00000062716.12",0.028178363943675,0.00671445614551901,2.70866866881603e-05
"chr17:59958444:59960068:clu_13150:ENSG00000189050.15",-0.00365845982576341,0.00583197291693757,0.530455499573554
"chr17:59570663:59573116:clu_13133:ENSG00000108406.9",-0.0160429351305474,0.00785392465921983,0.0410856355580543
"chr17:60633977:60647892:clu_13173:ENSG00000170836.11",0.00736929868676909,0.005381950169998,0.17091745950387
"chr17:59566794:59570518:clu_13133:ENSG00000108406.9",-0.00278897112866739,0.00581232009441265,0.631342702706603
"chr17:59062648:59064355:clu_13124:ENSG00000108395.13",-0.00823712974187201,0.00634386150489176,0.194135845326926
"chr17:59015799:59017296:clu_13122:ENSG00000108395.13",0.0209218143216003,0.00571519969686167,0.000251495729667539
"chr17:59112345:59154956:clu_13130:ENSG00000182628.12",-0.00569722507335641,0.00611925607350981,0.351836854857036
"chr17:62522273:62536170:clu_13203:ENSG00000146872.17",0.00782182275655909,0.00582005158783443,0.178966532654931
"chr17:40348464:40349784:clu_12317:ENSG00000131759.17",0.00825612052399943,0.00462251323492629,0.0740883342594829
"chr17:50166077:50167947:clu_12909:ENSG00000108823.15",0.0139279560769714,0.00382863189630138,0.000274932503015468
"chr17:64781543:64785222:clu_13322:ENSG00000214176.9",0.0139804512529688,0.00451680455599369,0.00196674677463626
"chr17:63699395:63700032:clu_13254:ENSG00000136490.8",0.00688225207692832,0.00570904686798176,0.228010603099701
"chr17:64562966:64571798:clu_13314:ENSG00000108854.15",0.0118800821564632,0.00632530145784985,0.0603559514199794
"chr17:64323845:64329700:clu_13291:ENSG00000261371.5",0.0103151449073439,0.00576810141248477,0.0737262458333316
"chr17:63483173:63483460:clu_13231:ENSG00000159640.15",0.0103058324328149,0.00420817354543424,0.0143251990776676
"chr17:1675322:1675620:clu_10859:ENSG00000174231.16",-0.00279281735852626,0.00332190374568276,0.400500353313474
"chr17:1513554:1513872:clu_10835:ENSG00000132376.19",-0.000355336513133665,0.00261940160705162,0.892093544245356
"chr17:1646989:1647835:clu_10851:ENSG00000167705.11",0.00413924097975582,0.002396162793818,0.0840876592852225
"chr17:36953907:36986617:clu_12131:ENSG00000275700.4",0.0233005346671086,0.00316656700211634,1.86295423532101e-13
"chr17:81893614:81894467:clu_14078:ENSG00000141552.17",0.00904724579656026,0.00379758325908842,0.0172016367108667
"chr17:82428645:82433658:clu_14190:ENSG00000169660.15",0.00301425335096667,0.0036742494412076,0.412003764056346
"chr17:81637406:81642307:clu_14046:ENSG00000182612.10",-0.00303827098217523,0.00281177122636711,0.279895500650785
"chr17:82080590:82080692:clu_14138:ENSG00000169710.8",0.00029422354906348,0.00402052080030635,0.941662517834131
"chr17:81701131:81701538:clu_14063:ENSG00000185359.12",-0.00553894887796625,0.00329072126482597,0.092335978293393
"chr17:82696853:82698455:clu_14211:ENSG00000141542.10",-0.000925060593468463,0.00428290640682762,0.828996336206666
"chr17:82437363:82440997:clu_14191:ENSG00000169660.15",0.00776825398855345,0.00689580062485085,0.259945684278967
"chr17:82060961:82061209:clu_14131:ENSG00000169718.17",-0.00296791286490188,0.00365551319130611,0.416848746818416
"chr17:81701131:81701508:clu_14063:ENSG00000185359.12",0.0002159294967095,0.00300443593020681,0.94270518300474
"chr17:82080574:82080692:clu_14138:ENSG00000169710.8",-0.00205151871426157,0.00423260664142225,0.627893478411262
"chr17:82060954:82061209:clu_14131:ENSG00000169718.17",0.00215589604395649,0.00371509270954635,0.561707292147918
"chr17:83014519:83035035:clu_14246:ENSG00000175711.8",-0.00475680359882529,0.00464642565566938,0.305950796345748
"chr17:7586078:7586692:clu_11344:ENSG00000129255.15",0.00155162282292014,0.0037595377705342,0.679814421713318
"chr17:7565764:7566927:clu_11338:ENSG00000161956.12",-0.00717678501511866,0.00346944856905663,0.0385867861194962
"chr17:1535518:1538869:clu_10838:ENSG00000174238.14",0.00783742532010189,0.00386044119158207,0.0423373294877786
"chr17:281854:319420:clu_10780:ENSG00000181031.15",0.00740201761146047,0.00311746401769199,0.0175788553765678
"chr17:247285:281768:clu_10780:ENSG00000181031.15",0.000856060518950387,0.00303468983087264,0.777873271732
"chr17:1369741:1400047:clu_10824:ENSG00000108953.16",-0.000811389270281966,0.00290072549047047,0.779692772952899
"chr17:1009784:1010729:clu_10811:ENSG00000159842.14",0.0109810562660318,0.00261875143196575,2.74996834112029e-05
"chr17:1732776:1733527:clu_10868:ENSG00000167716.18",-0.000974002439051648,0.00271870782937931,0.720149252543599
"chr17:1553149:1558529:clu_10840:ENSG00000174238.14",-0.0016061966841916,0.00305507778457801,0.599064298142185
"chr17:327579:386197:clu_10782:ENSG00000181031.15",-0.00971559926176008,0.00320400149629954,0.00242671385240845
"chr17:2337745:2361637:clu_10910:ENSG00000141258.12",-0.00513315335639832,0.00389552338451521,0.187602186731948
"chr17:1762113:1766903:clu_10873:ENSG00000132386.10",-0.00603865329463542,0.00300205930491474,0.0442722835847821
"chr17:1154238:1179667:clu_10821:ENSG00000159842.14",-0.00135219756885541,0.00271385215654644,0.618302460987418
"chr17:2376815:2376964:clu_10926:ENSG00000141258.12",0.000287687653636005,0.00340036306089192,0.932575438659005
"chr17:1365058:1369709:clu_10824:ENSG00000108953.16",-0.0112927778860842,0.00288817236980157,9.2292956611173e-05
"chr17:1365058:1400047:clu_10824:ENSG00000108953.16",0.00602078138781089,0.00296323495895881,0.0421711526165025
"chr17:2701733:2701914:clu_10944:ENSG00000132361.16",-0.00621730355436266,0.0029171957158838,0.0330676998537346
"chr17:4071446:4072608:clu_11022:ENSG00000074755.14",0.00471196291919169,0.00304073907367095,0.121234895163878
"chr17:2344660:2361637:clu_10910:ENSG00000141258.12",-0.0030917235519209,0.00309948636730728,0.318524080744304
"chr17:3650261:3652467:clu_10968:ENSG00000262903.1",-0.00399370882927829,0.00318085354353775,0.209280519179967
"chr17:4952147:4952795:clu_11115:ENSG00000108515.17",-0.00458515340234669,0.00388985391196383,0.238498957580479
"chr17:4718345:4718612:clu_11066:ENSG00000141480.17",-0.00114910083862531,0.00372054511134342,0.757433489680937
"chr17:4718023:4718261:clu_11066:ENSG00000141480.17",-0.0051794494669353,0.00348500478053935,0.137223544442633
"chr17:4986286:4986954:clu_11128:ENSG00000108509.20",-0.00440705634095356,0.00396764376855738,0.26667640511553
"chr17:4960111:4960234:clu_11117:ENSG00000091640.7",-0.00157151702461235,0.00317036588175386,0.620113508378149
"chr17:5481142:5481296:clu_11187:ENSG00000072849.10",0.00666605292338883,0.0032016118088202,0.037333993283556
"chr17:4960318:4960459:clu_11117:ENSG00000091640.7",-0.000675549687824014,0.00325057224893669,0.835365729261534
"chr17:4953845:4955075:clu_11115:ENSG00000108515.17",0.00206739200982354,0.0034592956474587,0.550084304788522
"chr17:4235890:4242256:clu_11037:ENSG00000185722.16",0.00286761019102647,0.00313375143982079,0.360153499209634
"chr17:4817055:4817146:clu_11082:ENSG00000129219.13",-0.0045053648192601,0.00493614800133033,0.36138515280732
"chr17:4217118:4235772:clu_11037:ENSG00000185722.16",0.000301797044978765,0.00303026217960693,0.920666365718485
"chr17:7559702:7559846:clu_11334:ENSG00000161955.16",0.00103160528218272,0.00298074481199539,0.729275252354504
"chr17:7323723:7323814:clu_11296:ENSG00000215041.9",-0.000525920633958254,0.0028184401724693,0.851974350828168
"chr17:7078113:7078746:clu_11242:ENSG00000132514.13",-0.0142846124522008,0.00407672251011361,0.000458419606015115
"chr17:6470408:6471161:clu_11201:ENSG00000091622.15",-0.00469745768252285,0.00331129075907093,0.156010326383231
"chr17:7565587:7565717:clu_11338:ENSG00000161956.12",0.00152834944376372,0.00333707783016275,0.646959374151876
"chr17:7262343:7262611:clu_11275:ENSG00000181885.18",-0.00583647798977357,0.00320172803711339,0.0683162692529746
"chr17:7247177:7247277:clu_11270:ENSG00000175826.11",0.002005032214362,0.00289210506790956,0.48813523740794
"chr17:7247182:7247277:clu_11270:ENSG00000175826.11",-0.00338784251376059,0.00285545308525683,0.235445990544206
"chr17:6624861:6628117:clu_11210:ENSG00000198920.9",-0.00395349310807404,0.00283751249155007,0.163530480444935
"chr17:7900033:7900298:clu_11375:ENSG00000170004.16",-0.0138734930585322,0.00377743229514342,0.000239971966083385
"chr17:7254803:7256857:clu_11273:ENSG00000170291.14",-0.00363334785089455,0.00346572257872043,0.294469728511539
"chr17:7257038:7258588:clu_11273:ENSG00000170291.14",0.0067958740820089,0.00335754792588667,0.0429641126157956
"chr17:7348475:7348995:clu_11303:ENSG00000072818.11",0.00131352786997637,0.0029806429155841,0.659440268643021
"chr17:7002620:7012196:clu_11230:ENSG00000215067.9",0.00265005105568142,0.00393843539255211,0.501030640265316
"chr17:7230797:7234069:clu_11262:ENSG00000004975.11",0.00660484464674505,0.00381706373895009,0.0835683036706408
"chr17:10647280:10647363:clu_11483:ENSG00000109063.14",0.00538382478345998,0.00323972640132819,0.096549944669408
"chr17:10715588:10723270:clu_11489:ENSG00000187824.8",0.000589881775143651,0.00205212123396062,0.773767957964572
"chr17:12125371:12129139:clu_11506:ENSG00000065559.14",0.00373349266658576,0.00411534652913381,0.364294582076983
"chr17:12739328:12744183:clu_11510:ENSG00000141052.17",-0.000985569780236211,0.00346903505484842,0.776330009006808
"chr17:12736336:12739203:clu_11510:ENSG00000141052.17",0.000828503952869051,0.00316602083672902,0.793563382888803
"chr17:15987368:15993757:clu_11546:ENSG00000214941.7",0.00200039585215056,0.00418240085076255,0.632444604178548
"chr17:15680953:15682854:clu_11540:ENSG00000221926.11",-0.000528608309203985,0.00386336463879058,0.891168417999181
"chr17:15986892:15987266:clu_11546:ENSG00000214941.7",0.00281913164818244,0.00483630093947408,0.559953405729325
"chr17:16217461:16299888:clu_11565:ENSG00000108474.16",0.00492507826319462,0.00471179884156832,0.295900524145868
"chr17:16149517:16151946:clu_11561:ENSG00000141027.20",0.00252852961781606,0.00392539204500792,0.519480097431989
"chr17:17276164:17281132:clu_11617:ENSG00000141030.12",0.00717026802400822,0.00400597744375012,0.0734712332248537
"chr17:16787122:16787935:clu_11587:ENSG00000188933.14",0.000799142583400575,0.00535619592222429,0.881396092261819
"chr17:16796234:16798242:clu_11588:ENSG00000188933.14",-0.00166009370392769,0.00395724040748535,0.674844965593731
"chr17:16151616:16151946:clu_11561:ENSG00000141027.20",-0.00373371071869498,0.00447165806557649,0.403733292333451
"chr17:17221628:17223922:clu_11610:ENSG00000154803.12",-0.000780341991064855,0.00420113022948564,0.852644166852662
"chr17:17509545:17512509:clu_11623:ENSG00000133027.17",-0.00492124126661714,0.00457782880691448,0.282367364120265
"chr17:18238214:18238456:clu_11668:ENSG00000131899.10",0.00850413967331105,0.00617789970772437,0.168653830720277
"chr17:18292852:18294703:clu_11683:ENSG00000177302.14",0.00052840192944063,0.00485020460747258,0.913246704798461
"chr17:18238214:18238462:clu_11668:ENSG00000131899.10",-0.00761283580043372,0.00599023012354987,0.20377299731302
"chr17:18291027:18292645:clu_11683:ENSG00000177302.14",-0.00877473510310816,0.0040210859370162,0.0290962178664821
"chr17:17798513:17803756:clu_11626:ENSG00000108557.18",-0.01607515856187,0.00523871174936562,0.00215112750019342
"chr17:17042971:17057636:clu_11597:ENSG00000133030.20",0.000437475273368306,0.00438409433314278,0.920513492024041
"chr17:17304477:17306543:clu_11618:ENSG00000205309.13",0.00376191476973797,0.00429776141242939,0.381400036349727
"chr17:17817916:17818260:clu_11631:ENSG00000072310.16",-0.0193250245388796,0.00343790370654764,1.89673831085813e-08
"chr17:17724159:17792933:clu_11626:ENSG00000108557.18",0.0250388842677103,0.00657326353121531,0.000139416396050307
"chr17:46768799:46769783:clu_12735:ENSG00000108379.9",0.00069901653519444,0.0045839107079033,0.878797725737519
"chr17:47379253:47389223:clu_12758:ENSG00000178852.15",-0.011857611888381,0.00599182241297762,0.0478198521736851
"chr17:5480459:5481101:clu_11186:ENSG00000072849.10",-0.0100639345227338,0.00333463397160042,0.00254446589070889
"chr17:4282921:4289230:clu_11038:ENSG00000132388.12",0.0103451219492841,0.00302355603462663,0.00062274833145326
"chr17:4719420:4720216:clu_11067:ENSG00000141480.17",-0.000960848024297615,0.0038521262123319,0.803025735487098
"chr17:43018206:43018592:clu_12519:ENSG00000108828.15",0.00441967494665604,0.00518817133211398,0.394283314040107
"chr17:42114282:42114358:clu_12394:ENSG00000108773.10",-0.00308228482493029,0.00605238165904965,0.610564324327992
"chr17:42724424:42727635:clu_12476:ENSG00000108799.12",0.0064962304543203,0.00424803132406917,0.126206647635799
"chr17:42105989:42107604:clu_12389:ENSG00000108771.12",0.00596266609251539,0.00378725814522649,0.115394584814769
"chr17:42672392:42673176:clu_12459:ENSG00000068137.14",0.00966587769359119,0.0039235728754716,0.013757264459565
"chr17:42112205:42112605:clu_12393:ENSG00000108771.12",-0.0047608301786441,0.00470498995207028,0.311601028502003
"chr17:42118403:42119054:clu_12398:ENSG00000108773.10",0.01306436780406,0.00721646895535156,0.0702408141881676
"chr17:42118403:42119245:clu_12398:ENSG00000108773.10",-0.0138195477424182,0.00761512125848197,0.0695622074006245
"chr17:42712485:42717976:clu_12475:ENSG00000108799.12",-0.013942992016706,0.00553414908206735,0.0117539532357609
"chr17:42979444:42979550:clu_12510:ENSG00000267060.5",-0.00722674279607757,0.00527271667204848,0.170502207371657
"chr17:42849290:42849601:clu_12499:ENSG00000131480.8",0.00952775268138546,0.00517536933246271,0.0656244542996579
"chr17:42849371:42849601:clu_12499:ENSG00000131480.8",-0.00978575452867162,0.00475814626843365,0.0397216649505767
"chr17:50106069:50106794:clu_12903:ENSG00000005882.11",0.00768072991086657,0.00366441200850274,0.03607922940189
"chr17:18701445:18704129:clu_11702:ENSG00000108448.20",0.0065103612381303,0.00515838754061614,0.206915572684432
"chr17:18347656:18353672:clu_11688:ENSG00000176974.19",0.0152507320436996,0.00642543175740464,0.0176206175484147
"chr17:18911251:18928811:clu_11708:ENSG00000141127.14",0.00489436637807216,0.0051159221232196,0.338722282238991
"chr17:7932138:7932928:clu_11387:ENSG00000170037.13",0.00775600271461578,0.00371732002247606,0.036937871253546
"chr17:17814410:17814835:clu_11628:ENSG00000072310.16",0.00650384066444895,0.0061548521463462,0.290647901840668
"chr17:28715122:28715219:clu_11871:ENSG00000109113.18",0.00165604825804878,0.00397527354438477,0.676980339735196
"chr17:27604728:27605434:clu_11796:ENSG00000141068.13",0.0191898263811759,0.00495399430625873,0.000107236349019546
"chr17:28715122:28715195:clu_11871:ENSG00000109113.18",-0.00268636158481419,0.00388992049414679,0.489819776808628
"chr17:28349162:28350438:clu_11820:ENSG00000004142.11",-0.00272341890282407,0.00499615149760822,0.585682440952531
"chr17:29103664:29107080:clu_11909:ENSG00000196535.15",-0.0202683506713733,0.0068620767192273,0.003140135902023
"chr17:28748178:28748262:clu_11880:ENSG00000076604.14",-0.00899754967412889,0.00557646814351142,0.106639102764618
"chr17:67737145:67737508:clu_13380:ENSG00000130935.9",0.003801713780891,0.00338542369557876,0.261452176246907
"chr17:19337748:19343790:clu_11719:ENSG00000108641.14",-0.00202268346895881,0.0064042519546328,0.752128159246857
"chr17:18727758:18731070:clu_11705:ENSG00000108448.20",0.0103191613765312,0.00559531093618368,0.0651464755503767
"chr17:18731235:18732039:clu_11705:ENSG00000108448.20",-0.00909676201749535,0.00629660331270231,0.148539527403445
"chr17:16426877:16427449:clu_11576:ENSG00000187688.14",-0.0055986813469058,0.00528058188326108,0.289035668013089
"chr17:15440285:15503098:clu_11534:ENSG00000175106.16",0.000430370964980033,0.0037723767143005,0.909170545754695
"chr17:15440285:15503098:clu_11534:ENSG00000239704.10",-0.00163755959124911,0.00381956199597292,0.668119958884732
"chr17:44187109:44187676:clu_12589:ENSG00000168591.15",0.00405276886802413,0.00611770654763239,0.507673007118769
"chr17:42853364:42854448:clu_12500:ENSG00000131471.6",-0.00172873028750644,0.00610112136361456,0.776911373087613
"chr17:44093834:44110729:clu_12582:ENSG00000108840.15",-0.00946714676937473,0.00419588017108854,0.0240521128220125
"chr17:1578323:1583204:clu_10842:ENSG00000167703.14",0.00940811763653322,0.00330699721896551,0.00444236281470045
"chr17:623674:627174:clu_10794:ENSG00000141252.19",-0.00769406571864445,0.00285743665350866,0.0070887465404873
"chr17:45115487:45116632:clu_12654:ENSG00000161714.11",-0.00277657168210271,0.00377831958924808,0.462418998489141
"chr17:45247516:45247701:clu_12676:ENSG00000233483.2",0.00558852624397967,0.00517060589431088,0.279774438252293
"chr17:44304207:44307292:clu_12606:ENSG00000267750.5",-0.00361527485218654,0.00225716361986102,0.109224329127349
"chr17:44345334:44349162:clu_12614:ENSG00000030582.17",0.000574003183877303,0.00411198912089061,0.888981900914765
"chr17:75620020:75620246:clu_13647:ENSG00000266714.6",0.00395464118650124,0.00341295757410178,0.246572846333754
"chr17:75059605:75062120:clu_13551:ENSG00000180901.10",-0.00334767998690776,0.00373182763553446,0.369685945195277
"chr17:75703859:75704756:clu_13666:ENSG00000161526.14",0.00729929679513939,0.00397407843365639,0.0662502208173928
"chr17:39067959:39069856:clu_12216:ENSG00000161381.13",-0.00139042126528861,0.00387907268163763,0.720012817038963
"chr17:17995759:18004363:clu_11645:ENSG00000171962.17",-0.00495971487400256,0.00557998634137044,0.374089093026006
"chr17:44738424:44747083:clu_12626:ENSG00000161692.17",-0.00136905622449179,0.00463965108136081,0.767934746007271
"chr17:5007084:5007263:clu_11137:ENSG00000129250.11",-0.000192423930140323,0.00384734767500604,0.960110676069208
"chr17:5007342:5007467:clu_11137:ENSG00000129250.11",-0.00107538628633818,0.00369911935938758,0.77126995981894
"chr17:5426299:5428071:clu_11180:ENSG00000129197.14",0.00300519322382364,0.00345978822414594,0.385062606162396
"chr17:4167193:4167335:clu_11029:ENSG00000185722.16",-0.000147035180755832,0.00367638905182794,0.96809754610291
"chr17:4818106:4818297:clu_11083:ENSG00000129219.13",-0.00182362183185548,0.00299413212152312,0.542481189285123
"chr17:4896796:4897204:clu_11103:ENSG00000141503.15",0.000796592448993496,0.0033748136503746,0.813401301519594
"chr17:4896813:4897204:clu_11103:ENSG00000141503.15",0.000391664718736868,0.00304007365967017,0.897489035735591
"chr17:48028510:48029125:clu_12814:ENSG00000005243.9",-0.00533684235359261,0.00459329579504333,0.245285641847883
"chr17:46932199:46935029:clu_12738:ENSG00000108433.16",0.0100305458685194,0.00444310993624896,0.0239736863117224
"chr17:48057121:48057344:clu_12819:ENSG00000082641.15",-0.0176712361186501,0.00541989131756843,0.00111239089477366
"chr17:16317908:16325800:clu_11568:ENSG00000108474.16",0.0105392236894343,0.00433875465249765,0.0151367921265709
"chr17:49704226:49705124:clu_12884:ENSG00000121073.13",0.00167527225239848,0.00325665356251305,0.606961700325289
"chr17:219736:247111:clu_10780:ENSG00000181031.15",-0.0191793329675777,0.00315236355832852,1.1713869874086e-09
"chr17:48894449:48895156:clu_12855:ENSG00000159199.13",-0.0130599721815376,0.00532586881215406,0.0141994857375273
"chr17:15607683:15612701:clu_11536:ENSG00000241322.10",0.0026093679551082,0.00352967813754471,0.45974602100084
"chr17:16439414:16439660:clu_11578:ENSG00000175061.17",0.00413420638225149,0.00448074760136489,0.356184440436873
"chr17:75288461:75289354:clu_13583:ENSG00000125454.11",-0.000389002561449515,0.00429223828304499,0.927787147768099
"chr17:75624639:75624771:clu_13654:ENSG00000266714.6",0.00015854188623954,0.00354527684250217,0.964331142645514
"chr17:74352137:74352219:clu_13510:ENSG00000196169.14",-0.00137343455225246,0.00280568301145815,0.624474455233522
"chr17:75570255:75570348:clu_13621:ENSG00000073350.13",-0.00433962216260775,0.00354463559759268,0.2208470772246
"chr17:19414887:19415038:clu_11730:ENSG00000128482.15",0.00346768764506135,0.00524409773398429,0.508448575019203
"chr17:19378630:19378896:clu_11722:ENSG00000166484.19",0.00048236346136378,0.00420099684728927,0.908586852160644
"chr17:18882683:18889822:clu_11713:ENSG00000141127.14",0.00725978439321205,0.00421532294469858,0.0850266270326649
"chr17:19415207:19415286:clu_11730:ENSG00000128482.15",-0.00249840282691205,0.00493524018791013,0.612690050320885
"chr17:82382723:82382914:clu_14177:ENSG00000260011.2",-0.00934039219191739,0.00315657671737955,0.00308613184756035
"chr17:82090564:82090882:clu_14146:ENSG00000169710.8",0.00865512765648662,0.00474022206317889,0.0678667185818229
"chr17:82658713:82659580:clu_14210:ENSG00000141542.10",0.0076544394026,0.00433750680399902,0.0776126034981113
"chr17:81717072:81717399:clu_14067:ENSG00000183048.11",0.00300636936405859,0.00398997693714666,0.451161293170729
"chr17:81985607:82009037:clu_14101:ENSG00000169696.15",0.00712912668553968,0.00392077052235827,0.0690186962644219
"chr17:81229476:81230544:clu_14009:ENSG00000167302.10",0.000311293280892729,0.0037256999022286,0.933411863026943
"chr17:81892106:81893552:clu_14078:ENSG00000141552.17",-0.0021496064043234,0.00383744921101573,0.575366601506253
"chr17:82033599:82033699:clu_14113:ENSG00000169750.8",8.62797749152119e-05,0.00415546844470813,0.983434754636535
"chr17:81192392:81192476:clu_14003:ENSG00000141577.13",0.00214596274900945,0.00307312891283628,0.48499024437573
"chr17:82418740:82419749:clu_14187:ENSG00000169660.15",0.00740831544369585,0.00398681512876484,0.0631400635900956
"chr17:81191335:81192318:clu_14002:ENSG00000141577.13",-0.00415737953412189,0.0030615773634321,0.174488821554671
"chr17:81914530:81914614:clu_14092:ENSG00000187531.13",-0.00166239536846468,0.0031993753308968,0.603342409744018
"chr17:81915681:81917615:clu_14093:ENSG00000187531.13",-0.0022175118291118,0.00293968996175198,0.450647927321726
"chr17:82033603:82033699:clu_14113:ENSG00000169750.8",-0.0013413215241028,0.00420535803517788,0.74976035681825
"chr17:81192593:81193926:clu_14003:ENSG00000141577.13",-0.00225806535830671,0.00321571931782828,0.48255691727191
"chr17:30784892:30787439:clu_11965:ENSG00000264538.6",-0.00731301690325782,0.00507100990545297,0.14926785092357
"chr17:31033365:31033924:clu_11979:ENSG00000266865.6",-0.0133542501368538,0.00478028568826112,0.00521234252098823
"chr17:30601012:30607552:clu_11959:ENSG00000248121.8",-0.00719528846876449,0.00563457882744516,0.201606551454435
"chr17:37151421:37155683:clu_12137:ENSG00000278540.4",-0.0163108391561059,0.00422602376882784,0.000113564217574136
"chr17:39109391:39139654:clu_12220:ENSG00000161381.13",0.000449647329925007,0.00418927724169448,0.91452487451502
"chr17:38810400:38810468:clu_12210:ENSG00000273559.4",0.0258767997549229,0.00448460061061801,7.92029353213763e-09
"chr17:67025000:67030466:clu_13361:ENSG00000108878.4",-0.00854528782121198,0.00420580932508779,0.0421757268792634
"chr17:67025000:67030466:clu_13361:ENSG00000075461.5",-0.00855410695380636,0.00417058866387637,0.0402615857409215
"chr17:68540723:68540849:clu_13415:ENSG00000108950.11",-0.00448327874331598,0.00362341234204271,0.21597258843138
"chr17:2283735:2292552:clu_10902:ENSG00000070366.13",0.00107083809246468,0.00270340082412743,0.692025520882103
"chr17:778744:782166:clu_10802:ENSG00000167699.13",-0.0111885534161317,0.00275980636456868,5.03259357692576e-05
"chr17:39515808:39517440:clu_12240:ENSG00000167258.13",0.00123126343752747,0.00463179721933386,0.79037133767071
"chr17:19841547:19843121:clu_11750:ENSG00000083290.19",-0.000126229484604527,0.0041348926914483,0.975646063207134
"chr17:43522226:43523628:clu_12550:ENSG00000067596.10",0.00885845801555978,0.00458724573533816,0.0534699383671634
"chr17:44320731:44321058:clu_12610:ENSG00000013306.15",-0.00115613414080049,0.00303786858325362,0.703519293291078
"chr17:44320436:44320622:clu_12610:ENSG00000013306.15",-0.00152427648690734,0.00319942070673605,0.633773302423607
"chr17:43643660:43661066:clu_12555:ENSG00000005102.12",0.0110490897874375,0.00480024765682139,0.0213478671925768
"chr17:64855889:64859442:clu_13327:ENSG00000176809.10",-0.00345437482750737,0.0045255454503889,0.445281078524366
"chr17:63774376:63775108:clu_13262:ENSG00000198231.12",-0.00475923021750541,0.00476369621778091,0.317764419207158
"chr17:63728413:63741741:clu_13259:ENSG00000266173.6",0.000522985422397298,0.00524519477633435,0.920576521219874
"chr17:20205912:20227413:clu_11758:ENSG00000128487.16",0.0165822867593088,0.00558450233681918,0.0029844008212575
"chr17:19738453:19738996:clu_11742:ENSG00000108602.17",0.000451576446616537,0.00556168152115193,0.935287488446034
"chr17:39713269:39715286:clu_12259:ENSG00000141736.13",-0.00012268998363423,0.00466047407470564,0.978997600653792
"chr17:38719327:38719517:clu_12194:ENSG00000275023.4",0.0135055929358218,0.0041291448267046,0.00107245008276002
"chr17:38428548:38458102:clu_12172:ENSG00000275832.4",-0.00704868938142897,0.00417177675244703,0.0911019645655188
"chr17:38720747:38721878:clu_12196:ENSG00000275023.4",0.0104051918630646,0.00387861704066082,0.00730290099989384
"chr17:64482999:64485728:clu_13297:ENSG00000256525.6",0.00793624310344701,0.0081107388080347,0.327834089601279
"chr17:63800617:63805044:clu_13264:ENSG00000198231.12",-0.00577878721328445,0.0064132694017306,0.367552548769943
"chr17:74955332:74955792:clu_13539:ENSG00000167861.15",0.00442873738247307,0.00427707995108377,0.3004549914273
"chr17:75181188:75182382:clu_13558:ENSG00000188612.11",-0.000306784031087551,0.00318943359515874,0.923371561930854
"chr17:76274243:76275819:clu_13761:ENSG00000129646.14",-0.00558132060024756,0.0030546466136507,0.0676760854729918
"chr17:41996424:41997115:clu_12383:ENSG00000168259.14",-0.00555592217682669,0.00462240918276497,0.229381437177523
"chr17:42536655:42538339:clu_12432:ENSG00000108784.9",0.00559419868885067,0.00503225326224508,0.266280601200529
"chr17:42564577:42565227:clu_12437:ENSG00000068120.14",-0.00530993748804886,0.00721179242714234,0.461557028102486
"chr17:42022640:42023654:clu_12384:ENSG00000168256.17",0.00205898249219302,0.00463323455695946,0.65675761730645
"chr17:41994944:41996311:clu_12383:ENSG00000168259.14",0.00433103408795384,0.00465026809149202,0.351671778439954
"chr17:75241516:75241615:clu_13570:ENSG00000125447.16",-0.00592605077636569,0.00363508458586085,0.103051336210321
"chr17:75960375:75973625:clu_13734:ENSG00000161533.11",0.00538103151004377,0.00410734482898194,0.190162086722148
"chr17:75571100:75571667:clu_13623:ENSG00000073350.13",-0.00343137641453914,0.00375297462513557,0.360554791430481
"chr17:75621408:75621473:clu_13649:ENSG00000266714.6",-0.000209825511655874,0.00371474074877272,0.954955792016767
"chr17:75131105:75131181:clu_13556:ENSG00000125458.6",-0.0067580801929034,0.00478192370705266,0.1575806000617
"chr17:75621408:75621501:clu_13649:ENSG00000266714.6",0.000438663192539036,0.0034800630023035,0.899692061325486
"chr17:18235537:18236607:clu_11666:ENSG00000131899.10",0.00930167880855275,0.00622471032348673,0.135093272726312
"chr17:19382946:19383078:clu_11723:ENSG00000166484.19",-0.0102066623665356,0.00582031035176735,0.079494176758677
"chr17:18234175:18234273:clu_11664:ENSG00000131899.10",0.000947574875528141,0.00444899361961621,0.831337615975608
"chr17:39738392:39742252:clu_12267:ENSG00000141738.13",0.00105553177083439,0.00507424495134026,0.835215299867875
"chr17:32931402:32931475:clu_12039:ENSG00000006042.11",-0.00552364892543553,0.00355441732796954,0.120178752902389
"chr17:47695695:47696079:clu_12779:ENSG00000198933.9",-0.0198912999508031,0.00482070534114972,3.68771462353479e-05
"chr17:44321558:44321700:clu_12611:ENSG00000013306.15",-0.00116264565414769,0.00427091444246407,0.785449745719284
"chr17:45476073:45477900:clu_12700:ENSG00000225190.10",0.00483083066029128,0.00518728184427506,0.351706868088704
"chr17:44152777:44154556:clu_12583:ENSG00000125319.14",0.00750400257152258,0.00468868581892362,0.109499010309908
"chr17:44181720:44186565:clu_12587:ENSG00000267080.5",-0.00644515222516351,0.00378546128311262,0.0886416715553553
"chr17:44321767:44322419:clu_12611:ENSG00000013306.15",-0.000603044516810112,0.00376497079026176,0.872745247390026
"chr17:45139160:45143443:clu_12664:ENSG00000181513.14",-0.00218601587009324,0.00350305970176968,0.532607597515382
"chr17:48162566:48170609:clu_12827:ENSG00000141293.15",-0.00844242444681908,0.00332897535671874,0.0112112986463332
"chr17:45396580:45396668:clu_12688:ENSG00000159314.11",-0.00508059971772301,0.00501576928570635,0.311095832369769
"chr17:44345605:44349158:clu_12614:ENSG00000030582.17",0.0069514028929116,0.00445760687780075,0.118890554795483
"chr17:45396585:45396668:clu_12688:ENSG00000159314.11",0.00425068229721736,0.00498569637739568,0.393894785540096
"chr17:44708938:44709304:clu_12623:ENSG00000161692.17",0.00186169116417512,0.00413065861971758,0.652205202251215
"chr17:40628993:40630208:clu_12327:ENSG00000073584.18",-0.0107619809717232,0.00468812693027235,0.0216997785670985
"chr17:40131584:40132034:clu_12302:ENSG00000188895.11",0.00790404518118329,0.00496544788380646,0.111427602379389
"chr17:41771859:41786588:clu_12352:ENSG00000173801.16",-0.00218008025917103,0.00413498495647229,0.598035197734291
"chr17:40020353:40021955:clu_12286:ENSG00000008838.19",-0.00186115563811549,0.00538244685746238,0.729506218637529
"chr17:17972974:17973665:clu_11639:ENSG00000171962.17",-0.0125758894809492,0.00639188809715498,0.0491283050851289
"chr17:82440613:82440997:clu_14191:ENSG00000169660.15",0.0073000967706952,0.0067407793477282,0.27881943705865
"chr17:82017113:82017309:clu_14106:ENSG00000169696.15",-0.00524275456208909,0.00345332262839599,0.128969815110005
"chr17:81123343:81124727:clu_13995:ENSG00000181409.11",-0.00619893916631004,0.00313140384025319,0.0477480575969647
"chr17:82419883:82424419:clu_14188:ENSG00000169660.15",-0.00439644862442317,0.00423382104814595,0.299078500394118
"chr17:82571870:82582741:clu_14204:ENSG00000141568.20",-0.000654252551954056,0.00358121628208009,0.855041229823107
"chr17:81122823:81123194:clu_13995:ENSG00000181409.11",0.0033999083502211,0.00303499840193774,0.262614065750309
"chr17:82079608:82079810:clu_14137:ENSG00000169710.8",-0.00568415561600416,0.00520567152327538,0.274870059057579
"chr17:82028683:82029019:clu_14111:ENSG00000169683.7",0.00546082828948271,0.0034478612315047,0.113232262790926
"chr17:81891863:81893552:clu_14078:ENSG00000141552.17",0.00233600769503503,0.0030577305358711,0.444886426855919
"chr17:81907257:81907554:clu_14088:ENSG00000185813.10",0.0115315140962843,0.00390162977668888,0.0031209856353257
"chr17:81906898:81907554:clu_14088:ENSG00000185813.10",-0.00821732407318436,0.0034546242179929,0.0173764088633456
"chr17:82028683:82029093:clu_14111:ENSG00000169683.7",-0.00212357402826924,0.00336251362955457,0.527685137852185
"chr17:82584188:82585904:clu_14204:ENSG00000141568.20",0.00065050311891199,0.00368417021858425,0.859848466643394
"chr17:82446696:82450700:clu_14194:ENSG00000178927.17",-0.00540204750075707,0.00374896484266785,0.149600571626028
"chr17:47181637:47189146:clu_12747:ENSG00000004897.11",0.00429199421863811,0.00560581225252278,0.44389477051304
"chr17:29621423:29622688:clu_11939:ENSG00000167549.18",-0.00675819809255693,0.00574482474564583,0.239436026922105
"chr17:36492899:36493926:clu_12107:ENSG00000273611.4",-0.0044936361894982,0.00454066132112391,0.32234837560989
"chr17:35824198:35833907:clu_12089:ENSG00000270647.5",0.00439116623086497,0.00524089013229358,0.402105689608606
"chr17:1100735:1108934:clu_10820:ENSG00000159842.14",0.00676925882029137,0.00263470501556301,0.0101914105293106
"chr17:1677694:1678518:clu_10860:ENSG00000174231.16",0.00590792044257921,0.00257166850103809,0.0216010767040574
"chr17:1013164:1031598:clu_10815:ENSG00000159842.14",-0.00379723987871164,0.00294004562965724,0.196510206820687
"chr17:1013164:1050050:clu_10815:ENSG00000159842.14",0.0045613057216731,0.00290274837487415,0.116095609913909
"chr17:2377953:2378880:clu_10927:ENSG00000141258.12",-0.00512703863845384,0.00341458086186093,0.133222844728483
"chr17:2464350:2467761:clu_10932:ENSG00000127804.12",-0.00607956808252547,0.00302619259248041,0.0445389853701645
"chr17:1659396:1659841:clu_10856:ENSG00000174231.16",0.00154862933334355,0.00268541266889367,0.564154247716102
"chr17:2407230:2414395:clu_10929:ENSG00000070444.14",-0.0104648995389704,0.00340080216788857,0.00208965129949579
"chr17:1659548:1659841:clu_10856:ENSG00000174231.16",-0.00214511424712115,0.00256766854082585,0.403474128015505
"chr17:2407230:2414395:clu_10929:ENSG00000127804.12",-0.0109550906539426,0.00338823391150351,0.00122379865446276
"chr17:2377953:2379036:clu_10927:ENSG00000141258.12",0.00402751975826005,0.00310660455523939,0.194824675946085
"chr17:81695223:81695786:clu_14059:ENSG00000185359.12",-0.00289452726845305,0.00316749437303332,0.360810181096029
"chr17:82012283:82016476:clu_14105:ENSG00000169696.15",0.00528586791785261,0.00318469546372055,0.0969603564885965
"chr17:81189975:81190639:clu_14001:ENSG00000141577.13",-0.00123315007221071,0.00321646262204649,0.701432813890978
"chr17:81189975:81190650:clu_14001:ENSG00000141577.13",-0.000546448715022222,0.00320928781083935,0.864796999658308
"chr17:81695067:81695164:clu_14059:ENSG00000185359.12",0.00393067731776782,0.00310369555942962,0.205351780217795
"chr17:82748977:82750417:clu_14221:ENSG00000167363.13",0.0132872264166002,0.00404739255295311,0.00102741377398041
"chr17:82061717:82061901:clu_14133:ENSG00000169718.17",0.00303146563171437,0.0033790822419633,0.369651197457301
"chr17:45137988:45143443:clu_12664:ENSG00000181513.14",-0.00994907685595144,0.00458801563390452,0.0301212451821463
"chr17:45219632:45219934:clu_12658:ENSG00000267121.5",-0.006089670328821,0.00566931954617735,0.282757770830367
"chr17:45248048:45248185:clu_12683:ENSG00000233483.2",0.0108240621498737,0.00481683472008681,0.0246316094684716
"chr17:4539967:4541463:clu_11046:ENSG00000132382.14",0.00189105180916221,0.00368959061329927,0.608275212151611
"chr17:37328986:37330173:clu_12143:ENSG00000278540.4",0.00895635879081943,0.00459361940017255,0.0512072381191476
"chr17:37284970:37289418:clu_12143:ENSG00000278540.4",-0.00960551660689774,0.00469786268227477,0.0408887111555347
"chr17:37289528:37330173:clu_12143:ENSG00000278540.4",-0.00255418373504297,0.00476920850078527,0.592264646733235
"chr17:37440662:37444696:clu_12148:ENSG00000276234.4",0.00334343242677372,0.00471271880748992,0.478046049836775
"chr17:80092176:80095263:clu_13928:ENSG00000141519.14",0.000266296106962907,0.00257940519932871,0.917773012797403
"chr17:58557850:58559453:clu_13115:ENSG00000121101.15",0.0170558853143463,0.00479511800026562,0.000375218180468595
"chr17:58307941:58308541:clu_13090:ENSG00000005379.15",0.0124611884889948,0.00366235627843684,0.000667709373300296
"chr17:58557047:58557799:clu_13115:ENSG00000121101.15",-0.00478119954582685,0.00393330574036344,0.224149631730484
"chr17:58208174:58208513:clu_13081:ENSG00000011143.16",0.00135392388889658,0.00410875776009847,0.741761570058209
"chr17:80376963:80377762:clu_13969:ENSG00000173821.19",0.00203836480890121,0.00354466616462059,0.56525661752311
"chr17:81683126:81683536:clu_14048:ENSG00000214087.8",0.000464679098729595,0.00349345821733775,0.894182252478204
"chr17:81717491:81717694:clu_14068:ENSG00000183048.11",-2.62924119376848e-05,0.00419808348969638,0.995002916816856
"chr17:80306468:80307128:clu_13960:ENSG00000173821.19",0.00649800698879711,0.00286512997406839,0.0233314998407891
"chr17:81057794:81057881:clu_13987:ENSG00000175866.15",-0.000453677490901407,0.00386262779628244,0.906501031692126
"chr17:7078885:7080052:clu_11243:ENSG00000132514.13",-0.00103035070446576,0.00344573870606021,0.764923475392514
"chr17:7467327:7467612:clu_11324:ENSG00000174282.11",-0.000205442171133298,0.00327451917378193,0.94997382726573
"chr17:49821790:49823202:clu_12889:ENSG00000136504.11",0.00861308439843143,0.00264746560604338,0.00114060175015385
"chr17:48936242:48936855:clu_12860:ENSG00000159210.9",0.00598252826429876,0.0064300050232753,0.352159865920494
"chr17:47973693:47973931:clu_12807:ENSG00000108465.14",0.0174872362164168,0.00569019238553488,0.00211759418462854
"chr17:47973650:47973931:clu_12807:ENSG00000108465.14",-0.021714640059141,0.00596489880087712,0.000272210835506104
"chr17:2700782:2701140:clu_10942:ENSG00000132361.16",-0.00315112700956402,0.00284823405417093,0.268577600402548
"chr17:2700825:2701140:clu_10942:ENSG00000132361.16",0.00254779386427619,0.00267458441031224,0.340795666332868
"chr17:3689630:3690070:clu_10981:ENSG00000083454.21",0.00477756990302697,0.00324621751881522,0.141092621783667
"chr17:16040491:16046951:clu_11552:ENSG00000141027.20",-0.000415289446423705,0.00537531014850102,0.938417749395975
"chr17:16348685:16349140:clu_11570:ENSG00000166582.9",0.00282346180371108,0.00515888717220031,0.584172263797494
"chr17:16040494:16046951:clu_11552:ENSG00000141027.20",0.00274193290839147,0.00388366684000963,0.480177870284324
"chr17:63437560:63446245:clu_13228:ENSG00000008283.15",-0.00703687151484371,0.00584594531033895,0.228698465833589
"chr17:50893858:50908836:clu_12980:ENSG00000229980.4",-0.00372276126468907,0.00405288854074489,0.35833351309343
"chr17:79083931:79084538:clu_13902:ENSG00000167280.16",-0.00393913884653806,0.00313834565975311,0.209419190160815
"chr17:48893456:48895156:clu_12855:ENSG00000159199.13",0.0182716692165019,0.00791517550952814,0.0209749469019767
"chr17:49312845:49316826:clu_12870:ENSG00000198740.8",-0.00279008388597887,0.00348717200712267,0.42365326602843
"chr17:31017003:31021049:clu_11977:ENSG00000266865.6",0.00787689666628735,0.00419085487617909,0.0601702342843494
"chr17:30971746:30984617:clu_11975:ENSG00000181481.13",-0.00846312037102107,0.00517351643355455,0.101870033163268
"chr17:31008803:31021049:clu_11977:ENSG00000266865.6",0.00678061832430089,0.00330813773285656,0.0403958280502265
"chr17:44350577:44350691:clu_12615:ENSG00000030582.17",0.00270097052328927,0.00618282420716302,0.662219693031309
"chr17:44350585:44350691:clu_12615:ENSG00000030582.17",0.00182752701422858,0.00674344650745115,0.786384986180516
"chr17:82052459:82053274:clu_14123:ENSG00000169727.12",-0.00754820787254819,0.00347237488544363,0.0297210381916837
"chr17:81665584:81666277:clu_14047:ENSG00000204237.4",0.00382433986332115,0.00336387435929914,0.255586169332385
"chr17:81905154:81905670:clu_14086:ENSG00000185813.10",0.00246208873959833,0.00423338282340963,0.560843576822943
"chr17:80962577:80962928:clu_13984:ENSG00000141564.13",-0.00345800221192694,0.00280827349532875,0.218187377016872
"chr17:80961480:80962461:clu_13984:ENSG00000141564.13",0.00397861473493943,0.00293234881162967,0.174844348353992
"chr17:17814410:17814615:clu_11628:ENSG00000072310.16",6.64617794772556e-05,0.00402789423905832,0.986835200135344
"chr17:17814747:17814835:clu_11628:ENSG00000072310.16",-0.00251546657963424,0.00395378653333021,0.524634932838863
"chr17:16009200:16025017:clu_11550:ENSG00000011295.15",-0.00249717679831914,0.00454352810832521,0.58258564301784
"chr17:16068121:16070165:clu_11556:ENSG00000141027.20",-0.00551063512525702,0.00408910140780171,0.177774316396128
"chr17:16065694:16067894:clu_11556:ENSG00000141027.20",0.0118013102448602,0.00365655387555705,0.0012490299338731
"chr17:16065019:16065485:clu_11555:ENSG00000141027.20",7.12606939230961e-05,0.00388043549497328,0.985348394034575
"chr17:17224511:17226176:clu_11610:ENSG00000154803.12",-0.0076194760329359,0.00461153904913896,0.0984809180255944
"chr17:50070930:50071311:clu_12893:ENSG00000005884.17",-0.000303315931598896,0.00335185702496881,0.927896325459313
"chr17:50167487:50167582:clu_12909:ENSG00000108823.15",0.00363061187458998,0.00357035173373107,0.309211504345088
"chr17:19920118:19931805:clu_11753:ENSG00000108599.14",-0.0105207401332868,0.00392571248796297,0.00736316477244381
"chr17:16040494:16046990:clu_11552:ENSG00000141027.20",-0.00289380001857552,0.0040354328454936,0.473313752671383
"chr17:50549487:50549985:clu_12954:ENSG00000006282.20",0.00444676928030962,0.00382670841369497,0.245221230357393
"chr17:49622876:49636759:clu_12882:ENSG00000121067.17",-0.0128845390232043,0.0031721514189818,4.87027348857749e-05
"chr17:37021014:37056601:clu_12133:ENSG00000275700.4",-0.00195732444153141,0.00460811855342133,0.671014803238972
"chr17:69051139:69060866:clu_13437:ENSG00000154258.16",0.00854897067307999,0.00372520803767933,0.0217389981935148
"chr17:2371415:2372190:clu_10917:ENSG00000141258.12",-0.00345687523359992,0.00305063555645629,0.257144722354391
"chr17:3494459:3498891:clu_10957:ENSG00000108381.10",0.0031242160411789,0.0028076923799034,0.265822494468284
"chr17:28634086:28634517:clu_11850:ENSG00000007202.14",-0.00783825811774152,0.00536647405519418,0.144125956886666
"chr17:2068931:2081810:clu_10896:ENSG00000070366.13",0.00418830424823248,0.00303111776583666,0.167042672378261
"chr17:1627920:1628794:clu_10846:ENSG00000167703.14",0.000673422460500536,0.00235765386880467,0.775159643766773
"chr17:75089304:75093589:clu_13552:ENSG00000170190.15",0.00217585745367788,0.00363539175995678,0.549492508399581
"chr17:75241696:75242336:clu_13571:ENSG00000125447.16",0.00285178657920951,0.00423256958357008,0.500456322997918
"chr17:75225829:75226023:clu_13562:ENSG00000125450.10",-0.00570619871161656,0.00368488628887289,0.121492019220898
"chr17:75266967:75267538:clu_13578:ENSG00000125457.13",-0.00922950348701812,0.00402935723506967,0.0219886019472972
"chr17:81559416:81560582:clu_14040:ENSG00000182446.13",-0.00178954959489554,0.00289098522165404,0.535909581367304
"chr17:81996065:81996420:clu_14101:ENSG00000169696.15",-0.0119228163088218,0.00286401400474949,3.14128922065393e-05
"chr17:81716050:81716812:clu_14066:ENSG00000183048.11",-0.00133033011794834,0.00392458070146912,0.734629451342098
"chr17:81693965:81694256:clu_14058:ENSG00000185359.12",-0.000718725638662664,0.00379318776774521,0.849718194824863
"chr17:81108509:81108968:clu_13992:ENSG00000175866.15",-0.00749073539719157,0.00452860225989857,0.0981083445488402
"chr17:80245256:80246154:clu_13953:ENSG00000181045.14",-0.000710541131983079,0.00318740055752021,0.823596354093424
"chr17:8289984:8290603:clu_11438:ENSG00000125434.10",-0.00256415795591759,0.00305319789769936,0.401005406286339
"chr17:8265468:8265556:clu_11433:ENSG00000178921.13",-0.00436671222478352,0.00284856379189654,0.125287624769845
"chr17:7906697:7906869:clu_11379:ENSG00000170004.16",0.0144169438245738,0.00383607472643856,0.000171103031010866
"chr17:7907031:7907126:clu_11379:ENSG00000170004.16",-0.0079048311419856,0.00405100893756552,0.0510185106245097
"chr17:76487909:76500936:clu_13777:ENSG00000129667.12",0.00176727935888427,0.00315542120301596,0.575426805861658
"chr17:77307197:77402059:clu_13830:ENSG00000184640.17",-0.000889850070444501,0.00450015039776127,0.843250173288271
"chr17:78399537:78400735:clu_13874:ENSG00000087157.18",0.000141605365391704,0.00243610086424766,0.953646771257822
"chr17:44807469:44830062:clu_12631:ENSG00000182963.9",-0.00409357530078085,0.00394464738238212,0.299384396753287
"chr17:45081752:45086508:clu_12648:ENSG00000136448.11",-0.00494700877252691,0.00482795905869208,0.305524401389871
"chr17:44865065:44867807:clu_12636:ENSG00000108883.12",0.00346268353876266,0.00684118423951009,0.612749491465538
"chr17:82392534:82398196:clu_14181:ENSG00000181396.12",-0.000312315896100979,0.00331389070735834,0.924914954548417
"chr17:82870380:82884145:clu_14227:ENSG00000141556.20",0.000705121253092052,0.00458031677320578,0.877652346837532
"chr17:82876981:82884145:clu_14227:ENSG00000141556.20",-0.000283834377379422,0.00439910755567671,0.948555466225852
"chr17:82625483:82627204:clu_14209:ENSG00000141580.15",-0.0121510517905113,0.00418570807037035,0.0036962319894992
"chr17:82587272:82601303:clu_14205:ENSG00000141568.20",0.00143072548842812,0.00475187213245212,0.763348384334245
"chr17:81565607:81567417:clu_14041:ENSG00000182446.13",0.00797541911559713,0.00345703977603074,0.0210543629058771
"chr17:83079985:83084938:clu_14250:ENSG00000176845.12",-0.0200565292183123,0.00548572386151254,0.000256049787007995
"chr17:75702571:75703138:clu_13666:ENSG00000161526.14",0.00301404436729652,0.00502375221943609,0.548533691659495
"chr17:75286802:75289354:clu_13583:ENSG00000125454.11",0.00847646820290976,0.0041989210514543,0.0435157777948058
"chr17:75523779:75524262:clu_13613:ENSG00000182173.12",-0.00300106964015275,0.00522228222988726,0.56551699891699
"chr17:82468896:82478800:clu_14198:ENSG00000141562.17",-0.00282874263129138,0.0037564874830084,0.451432708571806
"chr17:82255328:82255429:clu_14168:ENSG00000141551.14",0.00933387493417631,0.00357321010991718,0.00899663602618195
"chr17:81684891:81685605:clu_14052:ENSG00000185359.12",0.00614437955000263,0.00338895455081121,0.0698224943440358
"chr17:82054975:82055165:clu_14126:ENSG00000169727.12",0.0111740658312259,0.00334756526640408,0.000843934594933593
"chr17:81688827:81690674:clu_14055:ENSG00000185359.12",-0.00440191084123324,0.00419932141146182,0.294526491905578
"chr17:82054975:82055162:clu_14126:ENSG00000169727.12",-0.011033735340594,0.00323569389878489,0.000649614700959478
"chr17:82458508:82459992:clu_14196:ENSG00000141562.17",-0.00647523172160415,0.00324222100897541,0.0458078847702953
"chr17:18335675:18340043:clu_11686:ENSG00000176974.19",0.0162857996304693,0.00390467537676626,3.03470917337734e-05
"chr17:17819454:17819544:clu_11632:ENSG00000072310.16",-0.0148884797771593,0.00528333170779179,0.00483223563492441
"chr17:17817916:17819013:clu_11631:ENSG00000072310.16",0.0234419172870031,0.00585857784957634,6.29958947350184e-05
"chr17:74766976:74768147:clu_13520:ENSG00000109062.11",-0.00690086357166273,0.00256392564125998,0.00711266987029679
"chr17:47414919:47415912:clu_12762:ENSG00000178852.15",0.0258734403264893,0.00451057555372413,9.68399216372262e-09
"chr17:81642448:81644992:clu_14046:ENSG00000182612.10",0.00785004790798376,0.00281798697901361,0.00534133558524907
"chr17:81544120:81545746:clu_14037:ENSG00000185504.16",-0.0122870082714354,0.00306156931947254,5.98747315616599e-05
"chr17:81693752:81693870:clu_14057:ENSG00000185359.12",-0.0029249595354177,0.00269961981481168,0.27859945641541
"chr17:81083532:81084832:clu_13988:ENSG00000175866.15",0.00186889341519934,0.00374334171775827,0.617597617473793
"chr17:32338351:32339813:clu_12020:ENSG00000108666.9",0.012020036041331,0.0034482679927077,0.000490633940826712
"chr17:75568839:75568978:clu_13619:ENSG00000073350.13",-0.00381371394541292,0.00431566222546023,0.376862780064515
"chr17:75592541:75592679:clu_13631:ENSG00000266714.6",-0.00316358379269496,0.00259782645024319,0.223307191722941
"chr17:76574539:76585684:clu_13790:ENSG00000070731.10",-0.00637722429170654,0.00301611501490959,0.0344825124685176
"chr17:75699871:75702480:clu_13665:ENSG00000161526.14",-0.00339104635343179,0.00418437087143282,0.417705896643117
"chr17:75574495:75574610:clu_13626:ENSG00000073350.13",-0.00182959571195212,0.0040249300570578,0.649421615036827
"chr17:28950246:28950895:clu_11903:ENSG00000109118.13",0.0104113653851564,0.0047313189569715,0.0277699717107706
"chr17:29124688:29125893:clu_11914:ENSG00000196535.15",-0.00685627187127792,0.00466983075630017,0.14204837173513
"chr17:39217173:39217867:clu_12229:ENSG00000141750.6",-0.000354520847062596,0.00525197206149463,0.946181732033027
"chr17:38736170:38738353:clu_12198:ENSG00000277258.4",-0.00492181039381628,0.00441347492725779,0.264774127262889
"chr17:39083540:39087607:clu_12219:ENSG00000161381.13",-0.0119871524763936,0.00546140798929176,0.0281719794369832
"chr17:38779529:38779852:clu_12206:ENSG00000276293.4",-0.0140769089570385,0.00590771332676811,0.0171814498851894
"chr17:18242822:18243908:clu_11672:ENSG00000131899.10",0.00199895231728375,0.00471582653729428,0.671652129857096
"chr17:17893810:17898596:clu_11637:ENSG00000175662.17",0.000420416759965086,0.00434950384417649,0.92299755335075
"chr17:28834326:28842682:clu_11885:ENSG00000173065.13",0.00774182028907734,0.00528321487248962,0.142822283639937
"chr17:29617374:29617478:clu_11937:ENSG00000167549.18",-0.00331624378110087,0.00625520447622327,0.596002711297806
"chr17:29619189:29619651:clu_11939:ENSG00000167549.18",0.016849976323673,0.00459570640237189,0.000245930817418083
"chr17:28882237:28882337:clu_11892:ENSG00000132589.15",-0.0176574089563282,0.00487615092431899,0.000293264996327536
"chr17:68250480:68250794:clu_13401:ENSG00000196704.11",-0.00715573090763233,0.00338781324404548,0.0346695067187263
"chr17:4999046:4999850:clu_11133:ENSG00000129250.11",-0.00195827175964481,0.00468093683756562,0.675690951360578
"chr17:7387457:7388406:clu_11310:ENSG00000174292.12",-0.000858122230630934,0.00268362362348764,0.749148367930879
"chr17:36599050:36599671:clu_12125:ENSG00000278535.4",0.0160599894390517,0.00370130569581109,1.4312829576868e-05
"chr17:3660326:3664195:clu_10975:ENSG00000213977.7",0.0026757987822649,0.00329644767998445,0.416951223618271
"chr17:3930434:3935192:clu_11007:ENSG00000074370.17",0.00122046788842766,0.00288327257068523,0.672081806470215
"chr17:4981831:4982757:clu_11124:ENSG00000108509.20",-0.0046234031740854,0.00337591722194481,0.170835212586172
"chr17:42661956:42662973:clu_12451:ENSG00000037042.8",-0.00126719572475874,0.00807761605467307,0.875341440273922
"chr17:42586891:42587834:clu_12448:ENSG00000141699.10",0.00932750108253283,0.00544443745188407,0.0866726831987645
"chr17:42569303:42569507:clu_12442:ENSG00000108788.11",0.0169672243243043,0.00736760650181603,0.0212816951839576
"chr17:42292061:42295619:clu_12408:ENSG00000126561.16",0.00080547556142189,0.0044351945742418,0.855888822653331
"chr17:40020482:40021955:clu_12286:ENSG00000008838.19",0.00897483500927463,0.00728983954772044,0.218269381461054
"chr17:59075714:59079754:clu_13126:ENSG00000108395.13",0.0315384575626365,0.00546965333486035,8.113665628251e-09
"chr17:59012446:59015610:clu_13122:ENSG00000108395.13",-0.025538369905899,0.00504817681689402,4.2161700986032e-07
"chr17:59685808:59687001:clu_13138:ENSG00000141367.11",-0.0140919777031604,0.01683650881572,0.402598583366646
"chr17:79632739:79644137:clu_13911:ENSG00000167281.18",0.0036937836193457,0.00311357653770432,0.235485110969544
"chr17:79084686:79085234:clu_13903:ENSG00000167280.16",-0.00244650631525972,0.00241097634224557,0.310231327593696
"chr17:78997644:78997840:clu_13893:ENSG00000171302.16",0.000861354744905453,0.00264779874297443,0.744946653045874
"chr17:78191060:78194739:clu_13869:ENSG00000183077.15",-0.00183706033426377,0.00271068461251658,0.497955054686058
"chr17:32035639:32045700:clu_12008:ENSG00000185158.12",0.00745249976079388,0.00438977403310356,0.0895652415661876
"chr17:43216589:43216697:clu_12539:ENSG00000184988.8",0.00675486534491669,0.00431978942041674,0.117887459692742
"chr17:42810928:42811655:clu_12492:ENSG00000126581.12",0.00791091451574555,0.00612801285310021,0.196723487563353
"chr17:44467114:44474829:clu_12620:ENSG00000186566.12",0.00531569319329246,0.00490167732756385,0.278159066943563
"chr17:42796322:42796481:clu_12490:ENSG00000126562.16",0.00817566060541301,0.00641218497643979,0.202302355379579
"chr17:16348685:16349024:clu_11570:ENSG00000166582.9",0.00217809823989795,0.00387612084612841,0.574165531767084
"chr17:78077334:78079395:clu_13845:ENSG00000078687.17",-0.00107193382713516,0.00264412487986587,0.685181954209787
"chr17:78187433:78190970:clu_13868:ENSG00000183077.15",-0.000186140151408884,0.00305711676989193,0.951448816492537
"chr17:28856582:28857939:clu_11886:ENSG00000132591.11",0.011752529169833,0.00696051635519827,0.0913236301431009
"chr17:81701131:81701244:clu_14063:ENSG00000185359.12",0.00258276341598368,0.00379599623716157,0.496256627977517
"chr17:45468593:45475100:clu_12699:ENSG00000225190.10",0.0113961156945745,0.00412864199617833,0.00577557902151438
"chr17:42563322:42564446:clu_12436:ENSG00000068120.14",-0.00335789360826832,0.00613172539431649,0.583948580921999
"chr17:7322866:7322954:clu_11294:ENSG00000215041.9",-0.00285961376251383,0.00323705060448895,0.377019647098486
"chr17:7260985:7261821:clu_11271:ENSG00000181885.18",0.00691136289366091,0.00311773402151662,0.0266374168502711
"chr17:36486966:36492818:clu_12106:ENSG00000273611.4",-0.00360511505995274,0.00421368181821844,0.392233659741725
"chr17:75504693:75504812:clu_13602:ENSG00000177303.9",-0.00816232588149366,0.00415004261719477,0.0492056594808064
"chr17:75568839:75568961:clu_13619:ENSG00000073350.13",0.00041964447272406,0.00543793427352007,0.938488440868756
"chr17:47828670:47831460:clu_12783:ENSG00000159111.12",-0.00986879450364629,0.00508887010421122,0.0524660454501246
"chr17:47828670:47829139:clu_12783:ENSG00000159111.12",-0.00146305626423118,0.00500668843374376,0.770118150586655
"chr17:47132374:47137152:clu_12745:ENSG00000004897.11",0.0112714353675117,0.0052248187739791,0.030983283224239
"chr17:47129521:47132257:clu_12745:ENSG00000004897.11",-0.010667020931112,0.00540742373975815,0.0485340503343294
"chr17:30900562:30904066:clu_11969:ENSG00000172171.10",0.00477285378088167,0.00394056685358568,0.225814950390681
"chr17:30510909:30519939:clu_11955:ENSG00000108587.15",0.0127704376226538,0.00570485018570893,0.0251869775882582
"chr17:50071518:50071986:clu_12893:ENSG00000005884.17",-0.0106932032976622,0.00324645347922874,0.000988390288028329
"chr17:49636809:49668027:clu_12882:ENSG00000121067.17",0.00342627637297944,0.00413459065032007,0.407282248714292
"chr17:49619385:49621946:clu_12880:ENSG00000121067.17",-0.000100057143783374,0.00486277025013359,0.983583757171567
"chr17:51219044:51220330:clu_13004:ENSG00000011258.15",-0.00165139821415128,0.00353046647218874,0.639958817969188
"chr17:57867692:57868150:clu_13067:ENSG00000180891.12",-3.26845384515325e-05,0.00384390119068761,0.993215701166615
"chr17:57867415:57868150:clu_13067:ENSG00000180891.12",-0.00104514212724745,0.00339651051776862,0.758302589527177
"chr17:78997963:79005372:clu_13893:ENSG00000171302.16",0.0034732169700419,0.00391299772432369,0.374750426916701
"chr17:64481446:64482919:clu_13296:ENSG00000256525.6",0.00407858891205872,0.00402192342579889,0.310540214350262
"chr17:63632802:63634709:clu_13246:ENSG00000198909.7",-0.0221635048320565,0.00669612673854234,0.000933295600572426
"chr17:64480389:64482919:clu_13296:ENSG00000256525.6",0.00404585806893819,0.00501353902930693,0.419674289143307
"chr17:75592301:75592428:clu_13631:ENSG00000266714.6",3.13593028317936e-05,0.00205464028376812,0.987822621624974
"chr17:76088122:76088464:clu_13756:ENSG00000182473.21",-0.00128883669710298,0.00369046425285934,0.726913418261314
"chr17:30631927:30633098:clu_11962:ENSG00000250462.8",0.00254374550802814,0.00776060508541296,0.743080507289364
"chr17:30631927:30633098:clu_11962:ENSG00000248121.8",0.000247502791562571,0.00960698420765137,0.979446535051628
"chr17:82783714:82797757:clu_14224:ENSG00000141556.20",-0.00855516777672286,0.00316693713495034,0.00690479916016895
"chr17:82424503:82428030:clu_14188:ENSG00000169660.15",-0.00218554038794894,0.00387253801789147,0.572503035285468
"chr17:81717861:81719831:clu_14069:ENSG00000183048.11",-0.000190130616092771,0.0035574182141164,0.957376366232225
"chr17:50608019:50609882:clu_12960:ENSG00000006283.17",0.00242907826929685,0.00292308328199962,0.40597439043079
"chr17:50746702:50749219:clu_12977:ENSG00000108848.15",0.00247195224698147,0.0032397915238071,0.445464994722499
"chr17:50532844:50536421:clu_12946:ENSG00000049283.17",-0.00272435896773353,0.00377721341288585,0.470748581728189
"chr17:18004494:18006183:clu_11646:ENSG00000171962.17",-0.00153928140484466,0.00447098048366505,0.7306336643848
"chr17:17907531:17972262:clu_11638:ENSG00000175662.17",-0.00774927420171137,0.00736474782926493,0.292702409791854
"chr17:2365666:2367271:clu_10917:ENSG00000141258.12",0.00993128608156372,0.00309601654412737,0.00133771872102328
"chr17:74481326:74484001:clu_13515:ENSG00000167851.13",-0.00448503225244795,0.00372934191214967,0.229118101662957
"chr17:80214765:80217032:clu_13947:ENSG00000181523.12",-0.00848086666602008,0.00315829542230933,0.00724718724998963
"chr17:75784984:75791760:clu_13690:ENSG00000132478.9",0.00666623276563036,0.00387946932364263,0.0857353011833611
"chr17:56895604:56895926:clu_13040:ENSG00000121060.16",-0.00641614569112005,0.00341065338451226,0.0599437391932872
"chr17:1647957:1648799:clu_10852:ENSG00000167705.11",0.00226729102405826,0.0029740661383189,0.445848791479003
"chr17:632841:653291:clu_10795:ENSG00000141252.19",-0.00889684784325528,0.00302719918290522,0.00329304855606782
"chr17:58696859:58703196:clu_13119:ENSG00000108384.14",-0.00737536383258914,0.00748592642928203,0.324510810143033
"chr17:60048388:60049580:clu_13153:ENSG00000068097.14",0.00166712970741781,0.00630279855329202,0.791389837529403
"chr17:42718617:42719105:clu_12475:ENSG00000108799.12",0.010864756637819,0.00507445371375283,0.0322684566838055
"chr17:17345312:17346805:clu_11620:ENSG00000205309.13",0.000835413470917403,0.00452966135629072,0.853674746787129
"chr17:38498954:38500597:clu_12181:ENSG00000275832.4",-0.0133656109521466,0.00403301290275503,0.000919546918823122
"chr17:38722227:38722678:clu_12196:ENSG00000275023.4",-0.00483190587729912,0.00411845063750968,0.240702023637527
"chr17:82445960:82450700:clu_14194:ENSG00000178927.17",-0.0103606518522155,0.00412261275530451,0.0119666047614362
"chr17:82478918:82481082:clu_14199:ENSG00000141562.17",-0.00401782522533126,0.00447166403710401,0.368914863782523
"chr17:81665584:81665998:clu_14047:ENSG00000204237.4",0.00432823722534916,0.00297944371343809,0.146307128268511
"chr17:82480544:82481082:clu_14199:ENSG00000141562.17",-0.000645107495355318,0.00466027134425622,0.889902940181502
"chr17:81909602:81911267:clu_14090:ENSG00000185813.10",-0.00779277470288589,0.00427953236170929,0.0686158697979072
"chr17:1011985:1012474:clu_10813:ENSG00000159842.14",-0.000862818755831488,0.00270953814169949,0.750153039576277
"chr17:35809576:35817716:clu_12087:ENSG00000270647.5",0.00713471955358244,0.00432361789259264,0.0989074607459238
"chr17:35810063:35817716:clu_12087:ENSG00000270647.5",-0.00753720618030282,0.0043713569361689,0.084667097776753
"chr17:2376852:2379146:clu_10923:ENSG00000263345.1",-0.00736328978173422,0.003032197059099,0.0151669523001117
"chr17:2394154:2394875:clu_10931:ENSG00000070444.14",-0.00494313523061787,0.00341456364890596,0.147711504861441
"chr17:2335730:2336037:clu_10909:ENSG00000167721.10",0.000422236075909969,0.00303107106504218,0.889211036516197
"chr17:2336140:2336331:clu_10909:ENSG00000167721.10",-0.00453093874553717,0.00324936176648409,0.163194182570328
"chr17:17505848:17509434:clu_11622:ENSG00000133027.17",0.0164769743428944,0.00470639499837928,0.000463558176679202
"chr17:19024383:19035958:clu_11715:ENSG00000154016.13",0.00405009675209322,0.00436730662536942,0.353735934099411
"chr17:42111497:42111725:clu_12392:ENSG00000108771.12",-0.0154517928651357,0.00568200256555492,0.006539506967006
"chr17:68992266:68993016:clu_13432:ENSG00000154258.16",-0.00450797363935012,0.00372058555577665,0.225653987567396
"chr17:16234070:16283996:clu_11565:ENSG00000108474.16",-0.00887316084972484,0.00565398949516899,0.116563424218831
"chr17:16024582:16025017:clu_11550:ENSG00000011295.15",-0.00903845549178213,0.00378145342198403,0.0168388905732982
"chr17:42573623:42574099:clu_12445:ENSG00000131470.14",0.0118224109742111,0.00472408513835284,0.0123291021360225
"chr17:42507627:42513861:clu_12430:ENSG00000033627.16",-0.00181728340862261,0.00559296778921065,0.745239411914185
"chr17:42582806:42583498:clu_12447:ENSG00000141699.10",0.00182447600809614,0.00636252447041722,0.774301088247876
"chr17:30608562:30610889:clu_11961:ENSG00000248121.8",-0.015498680984469,0.00619159396842279,0.0123082546422941
"chr17:30953350:30954478:clu_11973:ENSG00000184060.10",0.0127799549578524,0.00338874787832728,0.000162405036647884
"chr17:78119046:78119297:clu_13851:ENSG00000141524.15",-0.00241416414695123,0.0027462989613231,0.379368234676731
"chr17:18348440:18353672:clu_11688:ENSG00000176974.19",0.00885745875489387,0.00495381513628816,0.0737747933312697
"chr17:18356000:18360414:clu_11689:ENSG00000176974.19",0.00144546173914639,0.00559549649782551,0.796155389420872
"chr17:17203098:17205860:clu_11607:ENSG00000179598.5",-0.00989513107634709,0.00385831778140242,0.0103287920518801
"chr17:18024704:18026319:clu_11648:ENSG00000171953.15",-0.000829199972704817,0.00412549413162783,0.840703188839571
"chr17:16788126:16796043:clu_11587:ENSG00000188933.14",-0.00168475207992661,0.0044187820828387,0.703002402360948
"chr17:50550115:50550208:clu_12955:ENSG00000006282.20",-0.0124984778988969,0.00451227848907753,0.00560766449576211
"chr17:50550312:50550536:clu_12955:ENSG00000006282.20",0.0104763437824899,0.00465077225085252,0.0242841883003605
"chr17:81110955:81115770:clu_13992:ENSG00000175866.15",0.00363496702541375,0.00336142729663107,0.279529863763031
"chr17:82083425:82083517:clu_14140:ENSG00000169710.8",-0.000763909747802426,0.00358072951287008,0.831062448410149
"chr17:81665584:81666155:clu_14047:ENSG00000204237.4",-0.00832693597052347,0.00301235633407112,0.00570520681893205
"chr17:82051964:82052256:clu_14123:ENSG00000169727.12",-0.00656131289959133,0.00388684547879774,0.0913955381173708
"chr17:75703705:75703808:clu_13666:ENSG00000161526.14",0.00174804867222156,0.00630984024759566,0.781752978368529
"chr17:76040978:76043829:clu_13744:ENSG00000167881.14",0.00781896148493599,0.00358261525604789,0.0290746332033964
"chr17:82458830:82459992:clu_14196:ENSG00000141562.17",-0.0113687009885557,0.00368459854974173,0.00203233933458691
"chr17:82719541:82720272:clu_14214:ENSG00000141560.14",0.0148101729013984,0.00489534523752561,0.00248338814911486
"chr17:82458517:82459992:clu_14196:ENSG00000141562.17",0.00301743776479026,0.00285354091037105,0.290312508420764
"chr17:31045549:31071912:clu_11980:ENSG00000266865.6",0.00863749397617579,0.00491257176341027,0.0787062041409827
"chr17:74763520:74766936:clu_13520:ENSG00000109062.11",0.00660228959992924,0.00353922039777711,0.0621163399513056
"chr17:75020657:75020921:clu_13549:ENSG00000167862.9",-0.00146287149286683,0.00429982869808766,0.733693699533323
"chr17:58304399:58304611:clu_13086:ENSG00000005379.15",0.00252293935543044,0.00366985262588883,0.491782175626048
"chr17:58319294:58320109:clu_13095:ENSG00000005379.15",0.0146084424846713,0.00403435993810015,0.000293459443086008
"chr17:63099246:63193991:clu_13221:ENSG00000170921.15",0.00189611133895053,0.00470521064308643,0.68696206925616
"chr17:61403207:61404421:clu_13183:ENSG00000121068.13",0.0118857565979943,0.00587098009731039,0.0429194779682222
"chr17:62688960:62689894:clu_13216:ENSG00000011028.13",-0.00189392963702025,0.00545986601759203,0.728679915849694
"chr17:3664793:3668488:clu_10976:ENSG00000213977.7",-0.00727324188325303,0.00334716842161375,0.0297838049408684
"chr17:213923:215654:clu_10779:ENSG00000181031.15",-0.00810224160277075,0.00358401492605345,0.0237802773789739
"chr17:215802:219623:clu_10779:ENSG00000181031.15",0.00413978209681212,0.00342906660304381,0.227331227328211
"chr17:63707418:63710491:clu_13257:ENSG00000266173.6",0.00463891506433066,0.00454046114645655,0.306930636560238
"chr17:64452866:64457400:clu_13294:ENSG00000271605.5",-0.00526015028919964,0.00384818077446354,0.171650787641794
"chr17:81847068:81847243:clu_14077:ENSG00000185624.14",0.00604083790800824,0.00441286554145133,0.171025841029782
"chr17:81551203:81551732:clu_14039:ENSG00000185504.16",-0.000594162023044172,0.00345718078383952,0.863545107634736
"chr17:81847072:81847243:clu_14077:ENSG00000185624.14",-0.00389273179723484,0.0043449883610644,0.370299201012296
"chr17:82447621:82450700:clu_14194:ENSG00000178927.17",0.00875806367640175,0.00426587563307751,0.0400675532688531
"chr17:38682122:38686794:clu_12188:ENSG00000275532.1",0.0508156259567404,0.00399286694472554,0
"chr17:39193797:39194884:clu_12223:ENSG00000067191.15",-0.00614031101927915,0.00396461045919484,0.121434515925025
"chr17:39191593:39194884:clu_12223:ENSG00000067191.15",0.0112635179378307,0.0048750701266545,0.0208642501449606
"chr17:82472698:82478571:clu_14198:ENSG00000141562.17",-0.00194771176766912,0.00468626811569506,0.677687306398558
"chr17:82484930:82485497:clu_14202:ENSG00000141562.17",0.00136303422070483,0.00331811758981405,0.681229908710454
"chr17:82244831:82244929:clu_14162:ENSG00000141551.14",-0.000649104735734106,0.0052895286670863,0.902332751626182
"chr17:8292355:8292523:clu_11440:ENSG00000125434.10",-0.00229679236369108,0.00349087032472193,0.510575003450803
"chr17:47971171:47971362:clu_12805:ENSG00000108465.14",-0.002374959197876,0.00501848990860761,0.636040679030932
"chr17:47828670:47831311:clu_12783:ENSG00000159111.12",0.0191253584380407,0.00449498547699608,2.09216351818586e-05
"chr17:82441889:82442177:clu_14193:ENSG00000169660.15",-0.000907732264829095,0.00475023839087019,0.848453563013487
"chr17:82054049:82054498:clu_14125:ENSG00000169727.12",-0.00215495711674406,0.00407791201714642,0.597189677425857
"chr17:81906898:81907204:clu_14088:ENSG00000185813.10",0.00788557894960279,0.00404524462176445,0.0512541915925394
"chr17:82054049:82054510:clu_14125:ENSG00000169727.12",0.00232938738041662,0.00429737996596664,0.587785252892914
"chr17:82441266:82441800:clu_14193:ENSG00000169660.15",-0.00470222940023687,0.00487513288745971,0.334778478876295
"chr17:81717491:81717784:clu_14068:ENSG00000183048.11",0.0004533813561606,0.003232952568072,0.888472302290983
"chr17:82011605:82012156:clu_14104:ENSG00000169696.15",-0.000498605131662097,0.00417300844123593,0.90489241065737
"chr17:80381727:80382979:clu_13971:ENSG00000173821.19",-0.00341002876716898,0.00293842289086036,0.245846816685413
"chr17:48032233:48032686:clu_12815:ENSG00000005243.9",0.0116451082200336,0.00422370301249379,0.00583191893639967
"chr17:51168343:51169937:clu_12997:ENSG00000243678.11",-0.0011432934002846,0.00503402684684574,0.820335804412715
"chr17:51170049:51171487:clu_12997:ENSG00000243678.11",0.000180926223494871,0.00485043844385787,0.970245005024696
"chr17:63542434:63543576:clu_13237:ENSG00000173826.14",-0.00310591058134134,0.0045666920731343,0.496426822368764
"chr17:82443822:82444447:clu_14192:ENSG00000178927.17",0.000192607922472821,0.00434139563966334,0.964613110367421
"chr17:82009184:82009486:clu_14102:ENSG00000169696.15",-0.00432942329319452,0.00330595962513918,0.190337478051908
"chr17:81682149:81683536:clu_14048:ENSG00000214087.8",-0.00298144750599443,0.00432805685318013,0.490908136198304
"chr17:82449292:82449431:clu_14194:ENSG00000178927.17",-0.00781163246983502,0.00353144193719043,0.0269650428739932
"chr17:82009191:82009486:clu_14102:ENSG00000169696.15",0.00344716984880361,0.00323612201896912,0.28677806947433
"chr17:76721933:76723772:clu_13798:ENSG00000070495.14",-0.000252688372662399,0.0027161617209084,0.925878602592314
"chr17:76724058:76725467:clu_13798:ENSG00000070495.14",0.00153630864862877,0.002876693232188,0.593304385430534
"chr17:41827626:41828790:clu_12362:ENSG00000141698.16",-0.00119106529113213,0.0048407886250791,0.805645246603729
"chr17:8238242:8238392:clu_11428:ENSG00000178971.13",0.00373100641378676,0.00309426034333315,0.227901185191925
"chr17:8292588:8294433:clu_11440:ENSG00000125434.10",0.000299968175865064,0.00425731800714667,0.943827994963464
"chr17:44074770:44075310:clu_12576:ENSG00000141349.8",-0.00865866181658053,0.00882103612163016,0.326300704334383
"chr17:61040892:61074920:clu_13180:ENSG00000141376.22",-0.0115768049028145,0.00530850423922529,0.0291979497176564
"chr17:29122253:29165942:clu_11914:ENSG00000196535.15",0.00127271213267191,0.00556814260792766,0.81920289580875
"chr17:28651577:28655287:clu_11852:ENSG00000132581.9",0.00742421164735066,0.00563305116719726,0.187512549716203
"chr17:4940360:4940487:clu_11109:ENSG00000108523.15",0.00590287278365947,0.00306565429888784,0.0541686530254433
"chr17:60073279:60073746:clu_13155:ENSG00000068097.14",-0.000388881888745111,0.00558789649876703,0.944517123221431
"chr17:59866749:59874539:clu_13141:ENSG00000108423.14",-0.0125800850174244,0.00617169896517259,0.041514903465622
"chr17:82240062:82248875:clu_14162:ENSG00000141551.14",0.0063778791153889,0.00465307783051955,0.170474839715344
"chr17:2670331:2672655:clu_10937:ENSG00000007168.12",-0.00361631680130986,0.00342266914863639,0.290704241703318
"chr17:49707444:49707730:clu_12885:ENSG00000121104.7",0.00453306239888594,0.00341094605356379,0.183856182425915
"chr17:49707444:49707730:clu_12885:ENSG00000121073.13",-0.0009328940636677,0.00348073756160547,0.788686846946825
"chr17:50737479:50738137:clu_12975:ENSG00000108848.15",0.00864293618099258,0.00380739275378221,0.023205119003317
"chr17:39184383:39184784:clu_12222:ENSG00000067191.15",-0.00402763240025743,0.00363321600042382,0.267620698794698
"chr17:37621520:37624344:clu_12163:ENSG00000278053.4",-0.00508026995165291,0.00409344262985479,0.214577986229979
"chr17:38318735:38322126:clu_12170:ENSG00000278845.4",-0.00212101940187868,0.00361896816492987,0.5578190559378
"chr17:80214328:80214615:clu_13947:ENSG00000181523.12",-0.000889209844792481,0.00289667877761035,0.75886190798426
"chr17:80217192:80220226:clu_13948:ENSG00000181523.12",-0.00614855083603293,0.00266534986612247,0.0210634244082449
"chr17:80195333:80195558:clu_13938:ENSG00000141527.16",-0.00446296957312392,0.00328077678417699,0.173722579339708
"chr17:29040790:29044859:clu_11904:ENSG00000179761.11",0.00597445955958831,0.00542952795222597,0.271173359611087
"chr17:28649276:28651486:clu_11852:ENSG00000132581.9",-0.0119253236360242,0.00630925489692674,0.0587403282531025
"chr17:28766707:28812209:clu_11885:ENSG00000173065.13",-0.0033178019571294,0.00426767180653255,0.436907072085598
"chr17:28914037:28917285:clu_11900:ENSG00000109118.13",-0.00189450139465832,0.00606987750310383,0.754952929679741
"chr17:28858486:28858576:clu_11887:ENSG00000132591.11",-0.000907541968589741,0.00497876607754612,0.855361025113448
"chr17:18377983:18380902:clu_11690:ENSG00000214860.4",-0.00143667494176748,0.00406915814775388,0.724040149675202
"chr17:82236231:82236729:clu_14164:ENSG00000141526.16",0.00576569507788441,0.00364124829716855,0.113321407553779
"chr17:82251527:82252434:clu_14166:ENSG00000141551.14",-0.00358914467921344,0.00479739803072493,0.454373288669494
"chr17:82037088:82037450:clu_14117:ENSG00000169738.7",-0.0131475893582262,0.00472973532412108,0.00543969510805609
"chr17:9701685:9709956:clu_11477:ENSG00000154914.16",0.00490530720559441,0.00324682347967074,0.130838920798709
"chr17:28388276:28388360:clu_11826:ENSG00000004139.13",-0.00494489703295242,0.00472742833105054,0.295560348877976
"chr17:28360238:28360529:clu_11824:ENSG00000244045.12",-0.00290517766015002,0.0041213832737235,0.480870266889449
"chr17:3840205:3843086:clu_10991:ENSG00000074356.16",0.00232745153968516,0.00282536340514402,0.410069868972091
"chr17:3829368:3840100:clu_10991:ENSG00000074356.16",-0.00153115454031723,0.00272990204560125,0.574877576686908
"chr17:4559057:4559558:clu_11053:ENSG00000167741.10",-0.00352225112863483,0.00378321993185101,0.351843532095774
"chr17:58213869:58214259:clu_13084:ENSG00000011143.16",1.51500976168209e-05,0.00380549926443507,0.996823545029895
"chr17:40487457:40488546:clu_12325:ENSG00000131746.12",-0.00148214301358664,0.00896586590381716,0.868700363870684
"chr17:62447766:62448575:clu_13200:ENSG00000087995.15",0.00740958440452675,0.005843347810795,0.204784543572368
"chr17:18173921:18178717:clu_11662:ENSG00000091536.16",-0.00336702078477737,0.00628198259252944,0.591971959858687
"chr17:18858261:18865469:clu_11711:ENSG00000141127.14",-0.00646402184190909,0.00470737705794177,0.169699973287099
"chr17:17882863:17893661:clu_11637:ENSG00000175662.17",0.00514083390989795,0.00467356646332167,0.271340437839548
"chr17:2365666:2371262:clu_10917:ENSG00000141258.12",0.00761131265583211,0.00404693747605617,0.0600047576761513
"chr17:1749137:1752586:clu_10872:ENSG00000167711.13",0.0004499414201548,0.00281322044947662,0.872929755113749
"chr17:32018054:32020697:clu_12006:ENSG00000185158.12",0.00843287817058926,0.00423692313945235,0.0465545190113239
"chr17:44747515:44750595:clu_12627:ENSG00000161692.17",-0.00470394666651054,0.00425797167498705,0.269272770759959
"chr17:44036300:44036862:clu_12574:ENSG00000161654.9",-0.00998994820995681,0.00508952032508892,0.049663988774326
"chr17:45396284:45396487:clu_12687:ENSG00000159314.11",0.0170739008613636,0.00517631929432865,0.00097215477534407
"chr17:44117704:44123254:clu_12582:ENSG00000108840.15",0.00434211036527517,0.00370058893737008,0.240652843128847
"chr17:49846006:49846145:clu_12890:ENSG00000204584.1",0.00513750556672557,0.00357691940080747,0.150918884102159
"chr17:75592602:75592679:clu_13631:ENSG00000266714.6",0.00360120734244353,0.00437724876992499,0.410672796413332
"chr17:44187743:44189022:clu_12589:ENSG00000168591.15",0.00481521534440088,0.00424108086012865,0.256218411300032
"chr17:44321558:44322419:clu_12611:ENSG00000013306.15",0.0162120543605846,0.00704381064720225,0.0213575816791113
"chr17:44213282:44213637:clu_12603:ENSG00000108312.14",-0.00553627832097851,0.00482703989890821,0.251410428533731
"chr17:2376815:2376959:clu_10926:ENSG00000141258.12",-0.00140258656406693,0.00316245618459396,0.657395602247709
"chr17:7393509:7394104:clu_11313:ENSG00000187838.16",-0.00330180441046684,0.0033384485476651,0.322651593775207
"chr17:16086442:16087172:clu_11557:ENSG00000141027.20",-0.0103066427245243,0.00509979868717591,0.043280788594802
"chr17:18722332:18727525:clu_11704:ENSG00000108448.20",-0.00251511855617139,0.00575594118797056,0.662140042895239
"chr17:64781039:64781434:clu_13321:ENSG00000214176.9",-0.00343761175888752,0.00458396934885331,0.453302695721433
"chr17:63830189:63830271:clu_13270:ENSG00000087191.12",-0.00504711004695198,0.00562852652935866,0.369878043124447
"chr17:64006735:64020523:clu_13284:ENSG00000108622.10",-0.00139717013141009,0.00583912164162334,0.81089045059236
"chr17:64974641:64975560:clu_13334:ENSG00000214174.8",0.00393081123389818,0.00410623193889571,0.338426251647699
"chr17:63829949:63830133:clu_13270:ENSG00000087191.12",0.00652670685587931,0.00530099192444881,0.21823921215989
"chr17:74772576:74772896:clu_13523:ENSG00000109065.11",0.00399607962630253,0.00292992528379419,0.17260392572403
"chr17:63775178:63787034:clu_13262:ENSG00000198231.12",0.0246076618132744,0.0065428423665975,0.000169232154482502
"chr17:62600820:62602042:clu_13207:ENSG00000146872.17",0.0142569680615478,0.00515637777544614,0.00569368921437263
"chr17:63634801:63646034:clu_13246:ENSG00000198909.7",-0.00322838546694226,0.00541771593439675,0.551245912527003
"chr17:58526313:58531480:clu_13114:ENSG00000108387.14",-0.00884122078867419,0.00466039821010852,0.0578153260813801
"chr17:35012149:35016370:clu_12045:ENSG00000092871.16",-0.00063364598883593,0.00499382976858938,0.89903080103356
"chr17:35012149:35016370:clu_12045:ENSG00000185379.20",-7.20371487135536e-05,0.00493690505007929,0.988358032283979
"chr17:76531691:76537400:clu_13781:ENSG00000161544.9",-0.00137804838100921,0.00325329442890499,0.671868124346762
"chr17:50169254:50170143:clu_12910:ENSG00000108823.15",0.00935302633525888,0.00380007291241364,0.0138444013411491
"chr17:2701737:2701914:clu_10944:ENSG00000132361.16",0.00506140308786508,0.00271305749865064,0.062101322523625
"chr17:32473945:32474764:clu_12030:ENSG00000108671.9",0.007762564374223,0.00302454151461328,0.0102722929905756
"chr17:31021162:31021910:clu_11977:ENSG00000266865.6",0.00165624205011622,0.00446982813470733,0.710981522869951
"chr17:31032506:31033295:clu_11979:ENSG00000266865.6",-0.00123629708639673,0.00407462955884965,0.761574857756383
"chr17:30997331:30997457:clu_11976:ENSG00000181481.13",0.0111981107879536,0.00382018287019072,0.00337544150480318
"chr17:32360967:32362914:clu_12023:ENSG00000010244.18",-0.0136729859532748,0.00745032627169056,0.0664731352450338
"chr17:32284817:32288792:clu_12015:ENSG00000141314.12",-0.00669979478469172,0.00325878333025273,0.0397903179081752
"chr17:30949370:30953288:clu_11973:ENSG00000184060.10",-0.0123906470897222,0.00394158819888276,0.00166902130590263
"chr17:42794668:42794775:clu_12488:ENSG00000126562.16",-0.00982945232508354,0.00805496257309859,0.22235204028478
"chr17:42728952:42730828:clu_12477:ENSG00000108799.12",-0.0122760382157632,0.00529806137099282,0.0204993107977103
"chr17:43013882:43014113:clu_12518:ENSG00000068079.7",-0.000278594618294914,0.00403167250563636,0.944908826929537
"chr17:42673320:42673399:clu_12459:ENSG00000068137.14",-0.00125301437366845,0.00564950272921505,0.824475826140177
"chr17:50700716:50707521:clu_12974:ENSG00000154945.6",0.000772934055652644,0.00492008057772985,0.875167735989664
"chr17:49701922:49702858:clu_12883:ENSG00000121073.13",-0.00520916400775366,0.00604515027968894,0.388847343467822
"chr17:67959875:67964212:clu_13390:ENSG00000171634.16",-0.0134451338104791,0.00620677679938535,0.0302957359916606
"chr17:61393747:61400216:clu_13187:ENSG00000267131.1",0.0104260009165935,0.0054435464021077,0.0554548060170922
"chr17:61393747:61400216:clu_13187:ENSG00000267280.5",0.0104260009165935,0.0054435464021077,0.0554548060170922
"chr17:51021365:51031681:clu_12993:ENSG00000008294.20",-0.00262050835968082,0.00368952393750692,0.477545089543318
"chr17:50538197:50539187:clu_12949:ENSG00000049283.17",-0.000702301343184622,0.00389844586001495,0.857035551093517
"chr17:16434969:16436789:clu_11577:ENSG00000187688.14",-0.00108553331364796,0.00497551969966104,0.827292872119271
"chr17:38786920:38790238:clu_12208:ENSG00000276293.4",-0.00106110741823763,0.00454819934702411,0.815526322815153
"chr17:39657852:39658405:clu_12249:ENSG00000131748.15",0.00219493518072827,0.00467095693173535,0.638418430934822
"chr17:76531691:76550862:clu_13781:ENSG00000161544.9",0.000965844043476005,0.00349250415337675,0.782127416620385
"chr17:75833045:75834075:clu_13702:ENSG00000092929.11",-0.000417126595957842,0.00398641506473532,0.916663837607028
"chr17:75836696:75836801:clu_13704:ENSG00000092929.11",0.00298290097221197,0.00345971356258202,0.38858765738305
"chr17:76276767:76277163:clu_13762:ENSG00000129646.14",-0.000840380390179415,0.00301027785071426,0.78011407908458
"chr17:67875020:67886128:clu_13383:ENSG00000171634.16",-0.00768334221332893,0.00498871195962567,0.123524894066512
"chr17:75596899:75601438:clu_13634:ENSG00000266714.6",0.0022064501205103,0.00427423282688703,0.605699839959563
"chr17:75624447:75624547:clu_13653:ENSG00000266714.6",0.00144543646483746,0.00359577643293371,0.687697465243324
"chr17:75624447:75624543:clu_13653:ENSG00000266714.6",0.00652240593328721,0.00333041178158396,0.0501786062355175
"chr17:75836918:75839839:clu_13705:ENSG00000092929.11",-0.00327410426788882,0.0032411312551824,0.31241226710889
"chr17:82781721:82797757:clu_14224:ENSG00000141556.20",0.00958242224007502,0.0030839448347207,0.00188870883962933
"chr17:82738640:82740763:clu_14219:ENSG00000167363.13",-0.00694000308002984,0.00501834590463363,0.16668743180428
"chr17:12987152:12990032:clu_11513:ENSG00000006740.16",0.000994529144419806,0.00303153935637517,0.74286571274805
"chr17:5521012:5521524:clu_11192:ENSG00000091592.15",0.00311594673814943,0.00300439932558484,0.299676195982062
"chr17:8071685:8073159:clu_11406:ENSG00000275011.1",0.0112002173529732,0.00278215278965171,5.6796974946427e-05
"chr17:8444357:8444954:clu_11448:ENSG00000166579.15",0.0120642728653633,0.00444944524744612,0.00669976115150661
"chr17:44075087:44075310:clu_12576:ENSG00000141349.8",0.00744347899375833,0.00587297501884233,0.205008012492589
"chr17:58526313:58526932:clu_13114:ENSG00000108387.14",-0.00640586765809373,0.00444829465666044,0.149846834315932
"chr17:62552397:62553663:clu_13204:ENSG00000146872.17",0.00480817648036306,0.00451564332440464,0.286974517296452
"chr17:45248003:45255135:clu_12681:ENSG00000267278.5",-0.00344738660482393,0.00552789313186861,0.532867441733768
"chr17:45220075:45220268:clu_12658:ENSG00000267121.5",0.00608859087449555,0.00430456921783738,0.157230299181685
"chr17:46929584:46931102:clu_12738:ENSG00000108433.16",-0.00428634359207324,0.00513759572750791,0.404106745765915
"chr17:45136776:45137019:clu_12662:ENSG00000181513.14",-0.00597128240526989,0.00433443454000797,0.168315034342662
"chr17:46935169:46938599:clu_12738:ENSG00000108433.16",-0.0103678709622418,0.00513427931720593,0.0434515822601732
"chr17:79950575:79951450:clu_13918:ENSG00000167291.15",0.00217702738508943,0.00275139511572588,0.428801088132929
"chr17:78976156:78976995:clu_13891:ENSG00000108679.12",-0.00781421545436286,0.00334234249627768,0.0193900622425027
"chr17:76754204:76767386:clu_13808:ENSG00000092931.11",0.00188072540101762,0.00334496380236033,0.573941727424144
"chr17:78399537:78400677:clu_13874:ENSG00000087157.18",0.00517284465157246,0.00230342862838932,0.0247222568172508
"chr17:76572802:76573195:clu_13788:ENSG00000070731.10",-0.00195462857936315,0.00316237543048089,0.536516858007199
"chr17:82441266:82441744:clu_14193:ENSG00000169660.15",-0.0018888828877323,0.00446789772625511,0.672464749083747
"chr17:82036061:82036191:clu_14114:ENSG00000169738.7",-0.00749773624453768,0.00348940546271742,0.0316570355932456
"chr17:82201952:82207847:clu_14161:ENSG00000176155.18",0.00608157588107373,0.00474864564542755,0.200300139905715
"chr17:82468896:82472564:clu_14198:ENSG00000141562.17",-0.00376900663964695,0.00424231570808008,0.374308721475643
"chr17:41935543:41936473:clu_12374:ENSG00000204815.9",-0.0108332225433658,0.00454269175867322,0.0170903388340793
"chr17:43000102:43002673:clu_12515:ENSG00000131469.12",-0.00137807752296858,0.0101063823859107,0.891538944681265
"chr17:42565047:42565227:clu_12437:ENSG00000068120.14",0.00653508900287056,0.00534673101924383,0.221609776799495
"chr17:42660707:42663377:clu_12451:ENSG00000037042.8",-0.00015968345995117,0.00487070808453131,0.973846482859318
"chr17:73209768:73212678:clu_13495:ENSG00000133193.12",-0.000446210489796116,0.0023431796885137,0.848972598559166
"chr17:21535538:21573226:clu_11786:ENSG00000266050.2",0.0144915442204996,0.00504970682258708,0.0041075835990787
"chr17:21535538:21573226:clu_11786:ENSG00000212719.10",0.0149206558938185,0.00506436998613492,0.00321702459039719
"chr17:78973222:78974688:clu_13890:ENSG00000108679.12",-0.00343540956447783,0.00255644989936144,0.179006466266522
"chr17:78404089:78414952:clu_13875:ENSG00000087157.18",0.00225940912973746,0.00271297195397609,0.404947952632407
"chr17:44848017:44848102:clu_12632:ENSG00000131097.6",0.014926617276912,0.00579166199218185,0.00995870866010362
"chr17:3885730:3894227:clu_10996:ENSG00000004660.14",-1.02539652553763e-05,0.0034177448890985,0.997606179350479
"chr17:75727505:75727651:clu_13670:ENSG00000132470.13",-0.0019252999815507,0.00420635077525132,0.647158894876505
"chr17:35423068:35432188:clu_12067:ENSG00000172123.12",0.000303209566004567,0.00409717789515032,0.941006811501125
"chr17:75320553:75321659:clu_13584:ENSG00000177885.13",-0.00209255032377185,0.00426568978275037,0.623742070895142
"chr17:78005079:78031516:clu_13842:ENSG00000078687.17",-0.00819620281384918,0.00285821574689545,0.00413605695011154
"chr17:79077497:79077663:clu_13897:ENSG00000167280.16",-0.00286362446591987,0.00252084188508938,0.255965183548894
"chr17:79077497:79077667:clu_13897:ENSG00000167280.16",0.00173818818509748,0.00248149427577329,0.483639899794419
"chr17:68395193:68401360:clu_13404:ENSG00000141337.12",0.00430444126931152,0.00380226410526252,0.257603663623859
"chr17:79080364:79080925:clu_13899:ENSG00000167280.16",-0.00227980685851889,0.00333045654057585,0.4936387625011
"chr17:80013605:80035795:clu_13919:ENSG00000167291.15",-0.00446117209548417,0.00267305503179603,0.0951290020892575
"chr17:80013609:80035795:clu_13919:ENSG00000167291.15",-0.00173714186974394,0.00276760261055937,0.530219966935331
"chr17:79949823:79950411:clu_13917:ENSG00000167291.15",-0.00590557626848757,0.00299115100355798,0.0483420623550826
"chr17:73203146:73203632:clu_13493:ENSG00000166685.11",0.0035280255811452,0.00277305907719518,0.203284157670808
"chr17:74963078:74963740:clu_13543:ENSG00000167861.15",0.00552094916483502,0.0040825043023865,0.176265375833326
"chr17:74344955:74346378:clu_13509:ENSG00000196169.14",0.000499476520400136,0.0031839871608767,0.875346201017605
"chr17:74346524:74347777:clu_13509:ENSG00000196169.14",-0.00727929535722308,0.00294594767443816,0.013475389708572
"chr17:75016592:75017078:clu_13546:ENSG00000167862.9",0.00535253490832852,0.00384761041804374,0.164185329332817
"chr17:75623834:75623949:clu_13651:ENSG00000266714.6",-0.00456444674621204,0.00329541138469664,0.166024449083849
"chr17:75016592:75017078:clu_13546:ENSG00000109089.7",0.0061388502825189,0.00384610684170005,0.11046187475308
"chr17:75728473:75729265:clu_13671:ENSG00000132470.13",-0.00216759410007895,0.00433779977308397,0.617287054377423
"chr17:74740878:74742254:clu_13518:ENSG00000172794.19",0.00455607725666677,0.0029707722023035,0.125119718878808
"chr17:75278335:75283423:clu_13582:ENSG00000125454.11",0.00456285040223647,0.00357341289390569,0.201641558188947
"chr17:75755850:75756429:clu_13686:ENSG00000132470.13",0.00235259031304479,0.00456896418774923,0.60661821252607
"chr17:77211125:77211950:clu_13821:ENSG00000129657.14",0.00207703291996752,0.00323094604756903,0.520317568736885
"chr17:78091607:78092933:clu_13846:ENSG00000078687.17",0.00591233416240037,0.00279456385520079,0.0343741248209739
"chr17:78093124:78093620:clu_13846:ENSG00000078687.17",-0.00235910591376835,0.00293389729067871,0.421347274549632
"chr17:78185187:78190970:clu_13868:ENSG00000183077.15",0.00278487554863175,0.00295835542689394,0.346520736479784
"chr17:76626095:76626651:clu_13792:ENSG00000070526.14",-0.00212686631323541,0.00372686214360891,0.568212826345355
"chr17:82923733:82924136:clu_14229:ENSG00000141556.20",-0.0042655051378466,0.00683409982884912,0.532528913688751
"chr17:82440334:82440997:clu_14191:ENSG00000169660.15",-0.00845421795282885,0.00562343913554227,0.132738696682714
"chr17:81982676:81983554:clu_14100:ENSG00000169696.15",0.00303249473269452,0.0029648804532671,0.306400024676364
"chr17:81869957:81871298:clu_14081:ENSG00000141522.11",0.000129702633359082,0.00374172407747817,0.972347771941011
"chr17:81935144:81935337:clu_14097:ENSG00000183010.16",0.00669427507816761,0.00384538347939382,0.0817080854507751
"chr17:81399917:81426800:clu_14025:ENSG00000266074.8",-0.00910086996352804,0.00362002171811771,0.0119357777815844
"chr17:81888583:81889182:clu_14083:ENSG00000183684.7",-0.0141873202316976,0.00416655837771124,0.000661530668202848
"chr17:81589104:81596116:clu_14044:ENSG00000182446.13",0.00632614962502907,0.0036710025049563,0.0848386694323738
"chr17:81914530:81914604:clu_14092:ENSG00000187531.13",0.000661605574623568,0.00301796355460708,0.826476713979209
"chr17:81914702:81915440:clu_14092:ENSG00000187531.13",-0.00131057576719026,0.00294917776450921,0.656762931280478
"chr17:82582934:82584013:clu_14204:ENSG00000141568.20",-0.00161605422457337,0.00440874026719913,0.713949552336085
"chr17:82854265:82870224:clu_14226:ENSG00000141556.20",-0.0177417168363823,0.00445595647109353,6.84606321135206e-05
"chr17:82237893:82238702:clu_14164:ENSG00000141526.16",-0.0059511481390883,0.00374703409328772,0.112234570041717
"chr17:82924231:82924939:clu_14229:ENSG00000141556.20",0.00523525827301963,0.00823142961850291,0.524770955624405
"chr17:82228529:82235983:clu_14163:ENSG00000141526.16",-0.00704997183780141,0.00422858162372135,0.0954708560854147
"chr17:82814934:82870224:clu_14226:ENSG00000141556.20",0.0114870022690304,0.00500955341166413,0.0218468982967062
"chr17:15682951:15683036:clu_11540:ENSG00000221926.11",-0.00326260120304047,0.00348355458960424,0.348978536834062
"chr17:16149517:16151590:clu_11561:ENSG00000141027.20",0.00490102644874155,0.00364521308444529,0.17878343586906
"chr17:16087345:16091863:clu_11557:ENSG00000141027.20",0.00439487733306542,0.00415992558259316,0.290749066402718
"chr17:17213856:17214985:clu_11608:ENSG00000154803.12",0.000515063390467758,0.00469171378778742,0.912582660969824
"chr17:16234070:16284021:clu_11565:ENSG00000108474.16",-0.00453870257146835,0.00422788778730028,0.283039941068968
"chr17:17203098:17204010:clu_11607:ENSG00000179598.5",0.00833843284045203,0.0041524558743748,0.0446355780276092
"chr17:16820099:16820619:clu_11592:ENSG00000226145.7",-0.00827320906158573,0.00601665622980853,0.169115639357713
"chr17:17577027:17591531:clu_11624:ENSG00000133027.17",0.00144723527732348,0.00494561614762985,0.769805038481747
"chr17:16198719:16215362:clu_11564:ENSG00000141027.20",-0.000570904306679328,0.00416090025677153,0.89086724165103
"chr17:17866419:17866876:clu_11636:ENSG00000175662.17",0.00557750250815923,0.00497943012534781,0.262667486139359
"chr17:17138429:17142627:clu_11599:ENSG00000133030.20",0.00479233308900101,0.00876911873749329,0.584721527647728
"chr17:17138075:17142627:clu_11599:ENSG00000133030.20",-0.00275759396030581,0.0085732296452949,0.74771656629408
"chr17:2172859:2186663:clu_10898:ENSG00000070366.13",0.0059666628793325,0.00273575333472242,0.0291838259127256
"chr17:2085901:2172658:clu_10898:ENSG00000070366.13",-0.000891608376106602,0.00278660264656806,0.748996750721574
"chr17:3925438:3928663:clu_11005:ENSG00000074370.17",-0.00233513490903886,0.00278419309963743,0.401631195577005
"chr17:2372488:2372756:clu_10921:ENSG00000141258.12",0.0014355647551845,0.00283901145763717,0.613097771548733
"chr17:2300664:2303014:clu_10903:ENSG00000070366.13",0.00133445275329538,0.00297380271307504,0.653622010086903
"chr17:4154860:4156866:clu_11028:ENSG00000167740.9",0.00722696591444946,0.00344905728047292,0.0361403095010313
"chr17:4890308:4890517:clu_11091:ENSG00000141503.15",-0.000598902847527803,0.00285049679116397,0.833585936922108
"chr17:5332152:5335184:clu_11166:ENSG00000029725.16",-0.00321015288567342,0.00283139589044666,0.25689086517375
"chr17:6635171:6640637:clu_11211:ENSG00000198920.9",0.000430661957139408,0.00269457049621132,0.873018278838375
"chr17:7350237:7350950:clu_11304:ENSG00000072818.11",0.000444818532290226,0.0030875749164735,0.885447338776864
"chr17:7252082:7252426:clu_11272:ENSG00000170291.14",0.0176904004441572,0.00278851948600293,2.23857710146547e-10
"chr17:7388704:7388788:clu_11310:ENSG00000174292.12",-0.00455441661152822,0.00271156100393987,0.0930295134815345
"chr17:5462546:5468571:clu_11184:ENSG00000005100.12",0.00300443578138861,0.00303209114308738,0.321744612701944
"chr17:7291182:7292026:clu_11280:ENSG00000006047.12",2.64623918495967e-05,0.00292431167438108,0.99277996051841
"chr17:7235840:7235930:clu_11263:ENSG00000040633.12",0.00610117203882183,0.00330419874134229,0.0648209976276167
"chr17:7689315:7689590:clu_11357:ENSG00000141499.16",-0.00355433279871843,0.0035696909657012,0.319397086848659
"chr17:7191358:7192945:clu_11247:ENSG00000132535.18",0.00572839373979081,0.00302380106903034,0.058167331202809
"chr17:7689322:7689590:clu_11357:ENSG00000141499.16",-0.00402995904249726,0.00333890024895384,0.227442935280667
"chr17:7559756:7559846:clu_11334:ENSG00000161955.16",0.00895352421850111,0.004527855062598,0.0479928515982634
"chr17:7559297:7559851:clu_11334:ENSG00000161955.16",0.00933124971664084,0.00418001030092647,0.025591780874603
"chr17:8228892:8229302:clu_11422:ENSG00000178971.13",0.00676291985905156,0.0030592117632074,0.0270584213016668
"chr17:7403390:7403658:clu_11316:ENSG00000205544.3",0.0144558627306937,0.00321578772933924,6.9478818937041e-06
"chr17:7855284:7855403:clu_11368:ENSG00000167874.6",0.0109362841257788,0.00357497836568821,0.00221988976674725
"chr17:1714453:1716130:clu_10864:ENSG00000185561.9",-0.00150305569054453,0.00290293644965164,0.604618202671809
"chr17:1714453:1716130:clu_10864:ENSG00000186594.14",-0.00150305569054453,0.00290293644965164,0.604618202671809
"chr17:9568470:9575792:clu_11473:ENSG00000170310.14",0.00108072953050584,0.00337595876071646,0.748873410403475
"chr17:1766994:1769852:clu_10874:ENSG00000132386.10",0.00543877852528352,0.00277030272105424,0.0496178989838191
"chr17:1766994:1769716:clu_10874:ENSG00000132386.10",-0.00452572127756927,0.0028994289025849,0.118547127282641
"chr17:40488969:40495987:clu_12325:ENSG00000131746.12",-0.0134951322317633,0.00565020465520271,0.016920417854411
"chr17:39215230:39216810:clu_12228:ENSG00000141750.6",0.00625371545799034,0.00415375368576034,0.132180778158938
"chr17:39715939:39716301:clu_12260:ENSG00000141736.13",0.00102290838085379,0.00629621470483047,0.870940456060337
"chr17:39989929:39990094:clu_12281:ENSG00000108344.14",-0.00680872889717019,0.00458127323801456,0.137223883540132
"chr17:41819399:41819570:clu_12358:ENSG00000141756.18",-0.0018332248983006,0.0053254987774165,0.730669304771392
"chr17:41516964:41518330:clu_12341:ENSG00000171346.15",0.0211605961269439,0.0101706508771476,0.0374746781472468
"chr17:39177535:39177984:clu_12221:ENSG00000067191.15",0.0127317518625242,0.00463945204171101,0.00606518952531665
"chr17:39178079:39183713:clu_12221:ENSG00000067191.15",0.011142384172147,0.00437565863327372,0.0108825637876728
"chr17:38724976:38730760:clu_12197:ENSG00000275023.4",0.0184800227059832,0.00414598141409987,8.2985366615107e-06
"chr17:42823879:42824155:clu_12496:ENSG00000126581.12",-0.0116905604993678,0.00626996721833231,0.06224689825999
"chr17:42119436:42119551:clu_12399:ENSG00000108773.10",-0.00175684507510449,0.00453067150168802,0.698188439367504
"chr17:42823879:42824133:clu_12496:ENSG00000126581.12",0.0105367544385263,0.00612269036150317,0.0852625513360697
"chr17:42119436:42119537:clu_12399:ENSG00000108773.10",-0.00269233910550199,0.00423262092279576,0.524716028732822
"chr17:42969186:42970289:clu_12507:ENSG00000267060.5",0.00888823687175628,0.0072739031965259,0.221732210070098
"chr17:42495188:42495626:clu_12429:ENSG00000033627.16",0.000300285916518175,0.00685555993829178,0.965062386315835
"chr17:42956504:42957138:clu_12508:ENSG00000266967.6",0.00551925894552255,0.00507713007616303,0.277000378110785
"chr17:42969186:42970289:clu_12507:ENSG00000266967.6",0.00888823687175628,0.0072739031965259,0.221732210070098
"chr17:42956560:42957138:clu_12508:ENSG00000266967.6",-0.00363072453554579,0.00511021989254189,0.477404648001902
"chr17:37542427:37553115:clu_12157:ENSG00000275066.4",0.0131919762840372,0.00347918526535248,0.000149628330506135
"chr17:38878180:38890420:clu_12213:ENSG00000002834.17",0.011518149979536,0.00367041768006049,0.00170044914709899
"chr17:38755990:38762411:clu_12203:ENSG00000277791.4",-0.0152367298744938,0.00423121556476319,0.000316960238851971
"chr17:43883355:43898262:clu_12568:ENSG00000108852.14",-0.00869885389366555,0.00554320882202727,0.116582409847557
"chr17:42793729:42794614:clu_12487:ENSG00000126562.16",0.00282702782675183,0.00529951991326678,0.593722253670933
"chr17:42494473:42495034:clu_12429:ENSG00000033627.16",0.000658704989205331,0.00650929428117558,0.919396037175656
"chr17:43507688:43507809:clu_12546:ENSG00000067596.10",0.0148336066672693,0.00518286427323343,0.00420913068615536
"chr17:42665827:42666087:clu_12453:ENSG00000037042.8",-0.00977299455084489,0.00441762286187328,0.0269477016988394
"chr17:54952112:54953661:clu_13017:ENSG00000166260.10",-0.010948203690294,0.00391828600042954,0.0052039421432265
"chr17:58302447:58305540:clu_13086:ENSG00000005379.15",-0.00403500262749241,0.00449434557455077,0.369294655946463
"chr17:58083683:58087082:clu_13079:ENSG00000264364.2",0.00674956018267732,0.00413642110587135,0.102734452809407
"chr17:58730307:58732484:clu_13120:ENSG00000108384.14",-0.00818969998770411,0.00563658957294693,0.146236791269868
"chr17:60083766:60085103:clu_13157:ENSG00000261040.6",0.00126736202066616,0.00738505596184182,0.863742807325321
"chr17:60456381:60460663:clu_13168:ENSG00000062725.9",-0.000709619776785965,0.00554647202782564,0.898195864228817
"chr17:59954146:59956488:clu_13148:ENSG00000189050.15",-0.0201855640284483,0.00721383902355673,0.00513927006051074
"chr17:61354502:61368327:clu_13181:ENSG00000141376.22",-0.0134482980417328,0.00532196142078729,0.0115059874646054
"chr17:59930174:59931622:clu_13144:ENSG00000108443.13",-0.00120243377956413,0.00764496475368547,0.875020705442908
"chr17:61480319:61482900:clu_13191:ENSG00000121075.9",-0.0140655164419786,0.00450137286252109,0.00177976177126782
"chr17:60656841:60662995:clu_13174:ENSG00000170836.11",-0.0051502119619807,0.00583831355228138,0.377700914155429
"chr17:61084564:61368327:clu_13181:ENSG00000141376.22",0.00558616791019297,0.00465212838801757,0.229837787643754
"chr17:60990235:61015751:clu_13177:ENSG00000141376.22",-0.000643950911908952,0.0047338692115024,0.891797116759638
"chr17:60466459:60479148:clu_13170:ENSG00000062725.9",-0.0182207083453774,0.00886433126297024,0.0398299145677872
"chr17:63752799:63754433:clu_13260:ENSG00000108588.13",-0.00667793108196595,0.00544270197541573,0.219840839058577
"chr17:63929888:63930074:clu_13279:ENSG00000007312.12",0.00458756786571647,0.00455628256613914,0.313998976188895
"chr17:63714108:63728334:clu_13258:ENSG00000266173.6",-0.0087448105121763,0.00459841793863196,0.0572104109595305
"chr17:64973517:64974951:clu_13334:ENSG00000214174.8",0.00818255635674619,0.00557045627382459,0.141854405151015
"chr17:63834575:63834705:clu_13273:ENSG00000108604.15",-0.0156581324028645,0.00569594013848558,0.00597776115600435
"chr17:63837625:63842459:clu_13277:ENSG00000108604.15",-0.0124807805939914,0.00698636443562965,0.0740266611590642
"chr17:64886886:64889681:clu_13328:ENSG00000176809.10",-9.3023566164616e-05,0.00410626576474223,0.981926226056171
"chr17:64822393:64824826:clu_13326:ENSG00000214176.9",0.00193165610450339,0.00353935859416318,0.585227861444468
"chr17:63481738:63482466:clu_13230:ENSG00000159640.15",0.00844639161969607,0.00524507548340018,0.107322121957409
"chr17:64561603:64562883:clu_13313:ENSG00000108854.15",0.00644523940134132,0.00456675600541859,0.158144773853254
"chr17:47820365:47821666:clu_12792:ENSG00000006025.11",0.000572422890837153,0.00599465489081899,0.923926521139098
"chr17:47829236:47831460:clu_12783:ENSG00000159111.12",-0.00743588411100294,0.00492439761785872,0.131041159387986
"chr17:49622876:49646116:clu_12882:ENSG00000121067.17",0.0135236606284224,0.00379319579791417,0.000363520735282008
"chr17:48033944:48036851:clu_12816:ENSG00000005243.9",-0.0022588892557362,0.00510764031040913,0.658303303471637
"chr17:49414333:49414835:clu_12875:ENSG00000167085.11",-0.000860023458134803,0.00429925471038709,0.841449198532178
"chr17:48036925:48037667:clu_12816:ENSG00000005243.9",-0.00412811459615565,0.00604119146510855,0.494399676651886
"chr17:50537501:50537927:clu_12942:ENSG00000250286.1",0.0021831074323059,0.0039660078240764,0.582007576560017
"chr17:43508019:43508339:clu_12547:ENSG00000067596.10",0.00525938256925393,0.00555842080819636,0.34404614574571
"chr17:28697733:28697906:clu_11866:ENSG00000109111.14",0.00119341110577418,0.00471752144008938,0.800288167736755
"chr17:29581836:29581927:clu_11926:ENSG00000108262.15",0.000863269487273011,0.00477336797602074,0.856484347435331
"chr17:30956469:30957835:clu_11974:ENSG00000184060.10",0.00696144857204588,0.00554275444300895,0.209132389489409
"chr17:27882712:27893317:clu_11807:ENSG00000232859.9",0.00247045794008194,0.00469704229402316,0.59891576631762
"chr17:32192299:32193136:clu_12011:ENSG00000126858.16",0.000541812899199316,0.00486348114925452,0.911295720022981
"chr17:32171101:32173831:clu_12010:ENSG00000126858.16",-0.00084605689733062,0.00372069168686482,0.820118653472249
"chr17:28655483:28661726:clu_11852:ENSG00000132581.9",0.0031399398537316,0.00667364219651547,0.637998776064375
"chr17:28349162:28349497:clu_11820:ENSG00000004142.11",-0.000438890185085812,0.00461502293011476,0.924235139151772
"chr17:79482598:79610826:clu_13911:ENSG00000167281.18",-0.00145837184823497,0.00284615375616413,0.608370436150075
"chr17:65887:71366:clu_10772:ENSG00000280279.1",-0.00841901451839362,0.00265302573897086,0.0015068384086474
"chr17:164204:172537:clu_10776:ENSG00000272636.3",-0.0103082368509171,0.00377709451585699,0.00634988663121661
"chr17:18247085:18247169:clu_11674:ENSG00000177731.15",0.00899079154634707,0.00499348803250857,0.0717812072424442
"chr17:18247052:18247169:clu_11674:ENSG00000177731.15",-0.00966988879825227,0.00455697757748015,0.0338380627644489
"chr17:321415:327467:clu_10781:ENSG00000181031.15",-0.00115002123277517,0.00366399358529771,0.753619037079556
"chr17:826078:979319:clu_10806:ENSG00000167693.16",0.00779308221855215,0.00293242690029925,0.00787100290343801
"chr17:36599763:36599972:clu_12125:ENSG00000278535.4",-0.00792685775802464,0.00392508735371186,0.0434314722010353
"chr17:37207800:37221724:clu_12141:ENSG00000278540.4",0.0803231408092443,0.00498728170918916,0
"chr17:37542430:37553115:clu_12157:ENSG00000275066.4",-0.0147922100778185,0.00483142623759133,0.00220109418665981
"chr17:37632298:37642110:clu_12165:ENSG00000278053.4",0.0221895009165553,0.00449310210685992,7.86973815558589e-07
"chr17:37411390:37423509:clu_12147:ENSG00000276234.4",-0.0217490566742689,0.00408111819495986,9.8651431024166e-08
"chr17:37427009:37437738:clu_12147:ENSG00000276234.4",-0.0171785007697033,0.00352019234094793,1.06091625107219e-06
"chr17:36104642:36105225:clu_12102:ENSG00000275302.1",-0.00222633431182137,0.00299407452261275,0.457130530072497
"chr17:37520214:37520538:clu_12153:ENSG00000275066.4",-0.0298399392816582,0.00699742175615927,2.00422905787256e-05
"chr17:37628672:37630030:clu_12164:ENSG00000278053.4",0.00170408160779227,0.00507273216593359,0.73692384816768
"chr17:15708247:15716059:clu_11543:ENSG00000187607.15",-0.00408048521648724,0.00349677976199086,0.243240024482748
"chr17:35845038:35846906:clu_12093:ENSG00000270647.5",-0.00128794471208909,0.00434850083219469,0.7670916144505
"chr17:35845038:35846906:clu_12093:ENSG00000270240.2",-0.00139387350145554,0.00431576797354339,0.746716221473896
"chr17:73209768:73232086:clu_13495:ENSG00000133193.12",-0.00226074657382031,0.00314412615221269,0.472117429339196
"chr17:46938704:46940555:clu_12739:ENSG00000108433.16",0.0135677253055976,0.005738017769791,0.0180528789551699
"chr17:76538507:76540505:clu_13778:ENSG00000214140.10",-0.00279675108146075,0.00407730000788264,0.492755907601641
"chr17:48893456:48894372:clu_12855:ENSG00000159199.13",0.0143477186114554,0.00528027219523821,0.00658306697797484
"chr17:46755369:46755802:clu_12734:ENSG00000073969.18",0.000492227913102075,0.00502275190078306,0.921932573695401
"chr17:45962470:45971859:clu_12711:ENSG00000186868.15",0.00263529626918016,0.00509905523836338,0.605281469390451
"chr17:45034999:45061075:clu_12647:ENSG00000172992.11",-0.00499334019519946,0.00465989500943165,0.283919337548661
"chr17:78997963:78998148:clu_13893:ENSG00000171302.16",0.00408806914386143,0.00268931983095111,0.128482661246465
"chr17:75571783:75571898:clu_13623:ENSG00000073350.13",0.000647386006662852,0.00349695423556301,0.8531282225188
"chr17:75658460:75660955:clu_13660:ENSG00000108469.14",0.00108276203965144,0.00327219894063653,0.740722004898781
"chr17:49220326:49222070:clu_12866:ENSG00000108798.8",-0.0150052678667711,0.00454300157697573,0.000956763884821354
"chr17:327579:352712:clu_10782:ENSG00000181031.15",0.0020376739830115,0.00300759477255801,0.498082754642575
"chr17:748032:749814:clu_10797:ENSG00000179409.10",0.00177637297460824,0.00269994376128473,0.510583356146645
"chr17:2387649:2387857:clu_10924:ENSG00000070444.14",0.00538247218411844,0.00393237018214347,0.171074214837978
"chr17:1513979:1515888:clu_10836:ENSG00000132376.19",-5.71418526086425e-05,0.00249707183035841,0.981743167102331
"chr17:75225237:75225342:clu_13561:ENSG00000125450.10",-0.00670729853317854,0.00374157730710751,0.0730306177630808
"chr17:19571572:19572780:clu_11735:ENSG00000142494.13",-0.00300189727617327,0.00610749684734466,0.62306560733192
"chr17:19786005:19795622:clu_11746:ENSG00000083290.19",-0.00936855825854328,0.0066417189794715,0.15837372072378
"chr17:19786086:19795622:clu_11746:ENSG00000083290.19",0.00365334925468769,0.00637719351240181,0.566727790976153
"chr17:19341326:19343790:clu_11719:ENSG00000108641.14",-0.00728732618921483,0.00701650025685076,0.29899153373856
"chr17:82464430:82468764:clu_14197:ENSG00000141562.17",-0.0107605935748327,0.00388655654145533,0.00562855652974237
"chr17:82323011:82324582:clu_14173:ENSG00000141574.7",-0.0160298999017042,0.00364595185657367,1.09944718904575e-05
"chr17:82064296:82064823:clu_14136:ENSG00000169718.17",0.00211565859792246,0.00295158140888335,0.473504820386032
"chr17:80923673:80925370:clu_13981:ENSG00000141564.13",0.00381095053789686,0.00286624469897924,0.183651065836065
"chr17:80925480:80940496:clu_13981:ENSG00000141564.13",-0.00713306791248244,0.00291430500063679,0.0143809158618575
"chr17:50676588:50677744:clu_12970:ENSG00000108846.15",0.00951022882386591,0.00440797980959673,0.0309665084526568
"chr17:40063092:40074192:clu_12295:ENSG00000126351.12",0.00179871297368536,0.00539263687683137,0.738719301409062
"chr17:40184349:40184581:clu_12310:ENSG00000108352.11",-0.00784010663899214,0.0061755259810435,0.204246837618415
"chr17:38364856:38366287:clu_12171:ENSG00000274211.4",0.0234611068320423,0.00467786422264408,5.29381583014299e-07
"chr17:62481206:62520773:clu_13202:ENSG00000146872.17",0.00401599741193707,0.00435785326310503,0.356761225329386
"chr17:3734949:3739805:clu_10985:ENSG00000083457.11",0.00710918981164613,0.00253678569156404,0.00507176421401134
"chr17:3658175:3659858:clu_10972:ENSG00000040531.14",0.00791732316678198,0.00288947961995493,0.00614295450838154
"chr17:3610972:3615337:clu_10963:ENSG00000197417.7",-0.00581080566195568,0.0028685563187932,0.0427965687966965
"chr17:40129627:40132034:clu_12302:ENSG00000188895.11",0.0137072284469844,0.0054518602469458,0.0119292739973935
"chr17:78202751:78206911:clu_13869:ENSG00000183077.15",0.00128835735308514,0.00307738956701006,0.67546999202138
"chr17:78202751:78204828:clu_13869:ENSG00000183077.15",-0.000774363823411601,0.00284288566341612,0.785324811921406
"chr17:79950578:79951450:clu_13918:ENSG00000167291.15",0.0035204180131989,0.00278853376086281,0.206782578213894
"chr17:80108409:80108489:clu_13931:ENSG00000171298.12",-0.00352262687466371,0.0027354797510518,0.197831369794749
"chr17:80086216:80087607:clu_13925:ENSG00000141519.14",0.000229288947755403,0.00297333271798193,0.938531954521847
"chr17:80082058:80084743:clu_13925:ENSG00000141519.14",-0.00293031175347431,0.00294066416506995,0.319017190226212
"chr17:79942206:79944908:clu_13915:ENSG00000167291.15",-0.00251669137284538,0.00295084961840897,0.393731351237284
"chr17:80373165:80374458:clu_13968:ENSG00000173821.19",-0.00880884000160155,0.00365115210441379,0.015838353567895
"chr17:69190477:69191176:clu_13453:ENSG00000154263.17",0.00710143352876148,0.00360756573721132,0.0490124359516506
"chr17:68543721:68551873:clu_13418:ENSG00000108950.11",0.00559021249198336,0.00441099551815733,0.205035248222117
"chr17:43522226:43526496:clu_12550:ENSG00000067596.10",-0.00489409174168138,0.00368638324708599,0.184305860370985
"chr17:42761358:42761834:clu_12481:ENSG00000131477.10",0.00780798066124066,0.00554030163363056,0.15874468797578
"chr17:43164830:43166980:clu_12533:ENSG00000267002.2",0.00703707661098401,0.00588215597058194,0.231562702469433
"chr17:43167849:43170126:clu_12533:ENSG00000267002.2",-0.00929203636230017,0.00757232768654278,0.219783367235164
"chr17:1484303:1491600:clu_10832:ENSG00000197879.14",-0.00533936993449558,0.00285843790876334,0.0617714379134853
"chr17:1675339:1675620:clu_10859:ENSG00000174231.16",0.00204969479273363,0.00320481243055116,0.522453630765155
"chr17:74466743:74473536:clu_13514:ENSG00000167851.13",-0.00043808841887456,0.00307856498838555,0.886840834686668
"chr17:74350905:74351867:clu_13510:ENSG00000196169.14",-0.00149685025349624,0.00326864476735822,0.646993994517224
"chr17:67966656:67975772:clu_13392:ENSG00000171634.16",-0.00107533874704869,0.00311388618604956,0.729841363597607
"chr17:74795111:74795524:clu_13527:ENSG00000109066.13",-0.00550961473037959,0.00318742888472829,0.0838905341754904
"chr17:74473874:74474532:clu_13514:ENSG00000167851.13",0.00250931235613519,0.00301563131145882,0.405351464637583
"chr17:75326020:75332700:clu_13584:ENSG00000177885.13",-0.011158758812322,0.00392182270271655,0.00443697310644831
"chr17:75611658:75611995:clu_13639:ENSG00000266714.6",0.00908856491524876,0.00433894214903928,0.0362021222742338
"chr17:74744929:74745008:clu_13519:ENSG00000172794.19",-0.0021034066257796,0.00316601382897329,0.506453120974441
"chr17:75754815:75755055:clu_13686:ENSG00000132470.13",0.0014337904293744,0.00679068476228917,0.832777425134046
"chr17:75573980:75574111:clu_13625:ENSG00000073350.13",-0.00185710011322844,0.00476287446960501,0.696601899112498
"chr17:75268192:75270114:clu_13580:ENSG00000125457.13",-0.00559339249448377,0.00420164916217712,0.183110909786097
"chr17:75607216:75610166:clu_13635:ENSG00000266714.6",-0.0009002171752435,0.00274444857380433,0.742901181747718
"chr17:76626095:76626289:clu_13792:ENSG00000070526.14",-0.00265876026050997,0.003014024253458,0.37770668182738
"chr17:75754815:75756429:clu_13686:ENSG00000132470.13",-0.00480102566754204,0.00798722225341374,0.547781190606093
"chr17:75491467:75491691:clu_13590:ENSG00000177728.16",-0.00263928393189201,0.0039429860263691,0.503264760483051
"chr17:75499082:75499262:clu_13600:ENSG00000177728.16",-0.00190592039539766,0.00388674986385419,0.623876676756487
"chr17:76543932:76544232:clu_13779:ENSG00000214140.10",0.000710140812569951,0.00274539893958243,0.79589310944556
"chr17:76727178:76729690:clu_13799:ENSG00000181038.13",-0.00866331199867957,0.00328928951037413,0.00844366221289428
"chr17:75904719:75909468:clu_13721:ENSG00000188878.19",0.0106900083986458,0.00380352337276018,0.00494562660104814
"chr17:75904719:75909468:clu_13721:ENSG00000204316.12",0.0115225402222728,0.00384966513981087,0.00276133981311855
"chr17:77450786:77482144:clu_13831:ENSG00000184640.17",-0.000339425599966953,0.00404384190721681,0.933106985257746
"chr17:78216781:78223465:clu_13870:ENSG00000089685.14",0.00696764582894704,0.00296006559941999,0.0185784959297391
"chr17:77093347:77099018:clu_13813:ENSG00000129657.14",-0.00240570128247494,0.00290722548193591,0.407959140529735
"chr17:82101866:82106270:clu_14151:ENSG00000176155.18",-0.00348665533551712,0.00484954470093934,0.472162176358253
"chr17:82756215:82763965:clu_14222:ENSG00000141556.20",0.0123924341637742,0.00408673554867017,0.00242653411602844
"chr17:82921577:82923652:clu_14229:ENSG00000141556.20",-0.00372353927576947,0.00450261210630302,0.408252285284537
"chr17:82036063:82036191:clu_14114:ENSG00000169738.7",0.00548176622970341,0.00324423269797812,0.0910861751225572
"chr17:81253240:81260238:clu_14017:ENSG00000157637.12",-0.0106765508674205,0.00407455445688022,0.00878527086498171
"chr17:81253235:81260238:clu_14017:ENSG00000157637.12",0.0101181054230513,0.00425511046163112,0.0174128980717085
"chr17:82740854:82741311:clu_14220:ENSG00000167363.13",0.00573391676338157,0.00416758677261856,0.168872350085819
"chr17:82741393:82748855:clu_14220:ENSG00000167363.13",-0.0118941842021283,0.00413464602483399,0.00401842668173091
"chr17:81894624:81899920:clu_14079:ENSG00000141552.17",0.00535048343336154,0.00402051261055951,0.183256035334019
"chr17:81247058:81251493:clu_14016:ENSG00000157637.12",-0.00218881917853529,0.00348557511665429,0.530026868297308
"chr17:82036448:82036544:clu_14115:ENSG00000169738.7",0.00706696584922034,0.00415922530111528,0.0892991594336804
"chr17:81823311:81823412:clu_14073:ENSG00000225663.7",-0.00539535716934181,0.00413071402883527,0.191499491254729
"chr17:82036308:82036384:clu_14115:ENSG00000169738.7",-0.00655209391037716,0.00410699077928426,0.110633654578717
"chr17:81905154:81905382:clu_14086:ENSG00000185813.10",-0.00331739608450017,0.00317112352511144,0.295502671042742
"chr17:82127908:82128493:clu_14155:ENSG00000176155.18",-0.012555490477534,0.00411197538829926,0.00226266901659966
"chr17:82428127:82428558:clu_14188:ENSG00000169660.15",0.0127498754766685,0.00428357141653192,0.00291597896010609
"chr17:82011605:82012231:clu_14104:ENSG00000169696.15",0.00233143161152421,0.00481765399527436,0.628431966857371
"chr17:82752377:82756165:clu_14222:ENSG00000141556.20",0.000299062769982573,0.00529097672926799,0.954925039114315
"chr17:81713506:81714953:clu_14065:ENSG00000183048.11",-0.00235780403058617,0.00325849334835838,0.469319210944975
"chr17:82084384:82084513:clu_14141:ENSG00000169710.8",-0.000895960890864998,0.00334381467532338,0.788741086644106
"chr17:82661047:82664496:clu_14212:ENSG00000141542.10",0.000496149513736918,0.00363411644827355,0.891405878380571
"chr17:81899542:81899920:clu_14079:ENSG00000141552.17",-0.00600397178461802,0.00305215812961209,0.0491689821077209
"chr17:82394543:82398196:clu_14181:ENSG00000181396.12",0.000857115062321218,0.00368129485263443,0.815893588988098
"chr17:82037541:82037631:clu_14117:ENSG00000169738.7",0.00457572310233579,0.00391288848689145,0.242243404650825
"chr17:82900731:82903405:clu_14228:ENSG00000141556.20",-0.000604948351579189,0.00379793645478345,0.873445573758758
"chr17:82893632:82900651:clu_14228:ENSG00000141556.20",0.00106993750741251,0.00364036911013014,0.768827385559943
"chr17:81906898:81906983:clu_14088:ENSG00000185813.10",-0.00526261740039508,0.00421723113080244,0.212073354291218
"chr17:82419883:82424394:clu_14188:ENSG00000169660.15",0.00159764260213464,0.00477514975736518,0.73794620037126
"chr17:82716896:82718906:clu_14213:ENSG00000141560.14",0.0043368535552032,0.00385480874729789,0.26056774013451
"chr17:82064234:82064856:clu_14136:ENSG00000169718.17",-0.00788893997462137,0.00399520496856926,0.0483133247253281
"chr17:82064234:82064823:clu_14136:ENSG00000169718.17",0.00867393631158112,0.00347373327955478,0.0125246484667293
"chr17:82439713:82440473:clu_14191:ENSG00000169660.15",-0.00157618271958401,0.00501716925354312,0.75340121244974
"chr17:10705615:10706438:clu_11491:ENSG00000170222.11",-0.00365384024680251,0.0031928917487404,0.252471429578847
"chr17:10705527:10706438:clu_11491:ENSG00000170222.11",0.00540687158613047,0.00320905445486002,0.0920117310350421
"chr17:327579:333759:clu_10782:ENSG00000181031.15",0.0147128908782403,0.00297815181328286,7.80122076493583e-07
"chr17:15642816:15651091:clu_11538:ENSG00000221926.11",-0.00575663130543668,0.00398219053316738,0.148291070788563
"chr17:15978163:15981040:clu_11546:ENSG00000214941.7",0.0119652979235655,0.00470170999331217,0.0109314618880382
"chr17:15993778:15999503:clu_11546:ENSG00000214941.7",-0.00529240995763175,0.00449812494117079,0.239362641526573
"chr17:16348685:16349931:clu_11570:ENSG00000166582.9",-0.00129966754046625,0.0041869479234672,0.756249728916851
"chr17:16026702:16027374:clu_11551:ENSG00000011295.15",0.00960364083937338,0.00379752642916417,0.0114414076890423
"chr17:16441130:16441368:clu_11579:ENSG00000175061.17",-0.000262588099078583,0.00464898171300868,0.954957095344038
"chr17:16792053:16796043:clu_11587:ENSG00000188933.14",-0.00292838191675549,0.00495947770174231,0.554881117711542
"chr17:3621412:3622544:clu_10964:ENSG00000197417.7",-0.0023607267454189,0.00303614695530365,0.436840042180325
"chr17:3716798:3720307:clu_10983:ENSG00000083457.11",0.0047288021985449,0.00353167221885155,0.180580527267399
"chr17:17577027:17577107:clu_11624:ENSG00000133027.17",-0.00480975158666196,0.00443308276177748,0.27793596342205
"chr17:2334896:2335256:clu_10908:ENSG00000167721.10",-0.00286272007960953,0.00316440467185119,0.365643905554802
"chr17:2365341:2367165:clu_10917:ENSG00000141258.12",0.00585851010546359,0.00318452805239497,0.0658153450802068
"chr17:17172815:17173916:clu_11603:ENSG00000133030.20",0.00420742862992757,0.00511309145443793,0.410579803835308
"chr17:18257019:18258628:clu_11680:ENSG00000177731.15",-0.00751070223768251,0.00627840590763833,0.231589124011743
"chr17:17042971:17075710:clu_11597:ENSG00000133030.20",-0.010825115581116,0.00494786215095359,0.0286814821440776
"chr17:18061975:18065180:clu_11650:ENSG00000141034.9",0.00466298299919653,0.00530192532652216,0.379136399653752
"chr17:17323245:17344794:clu_11619:ENSG00000205309.13",0.00488414217750163,0.00432786669059354,0.259094713002632
"chr17:3663885:3664679:clu_10975:ENSG00000213977.7",-0.00131658346430031,0.00429759610034458,0.759335534182435
"chr17:18330671:18333166:clu_11686:ENSG00000176974.19",-0.0107900740345458,0.00500149257409697,0.0309767845276313
"chr17:18058969:18061845:clu_11650:ENSG00000141034.9",-0.00244159127586625,0.00531431942165638,0.645920882646081
"chr17:18865952:18867282:clu_11712:ENSG00000141127.14",-5.73619515870367e-05,0.00526676354287183,0.991310164135905
"chr17:18347656:18348325:clu_11688:ENSG00000176974.19",-0.0113732597110331,0.00443842174354317,0.0103934804559893
"chr17:18285520:18290557:clu_11683:ENSG00000177302.14",0.0138921233937034,0.00443856388206504,0.00174884287797206
"chr17:18360552:18363372:clu_11689:ENSG00000176974.19",-0.00476866937979873,0.00410374354853785,0.245223648967009
"chr17:3732466:3734817:clu_10984:ENSG00000083457.11",0.00693490688489413,0.00247166805394909,0.00501980953178405
"chr17:4013614:4014090:clu_11013:ENSG00000074755.14",0.00596357110415525,0.00366927735585143,0.104104768205823
"chr17:4013614:4013990:clu_11013:ENSG00000074755.14",-0.00849354288371813,0.00374626989883379,0.0233780146026737
"chr17:4559057:4559343:clu_11053:ENSG00000167741.10",0.00612802753236306,0.00322833304736982,0.0576695066244661
"chr17:4032258:4032828:clu_11017:ENSG00000074755.14",0.00472989762444202,0.00333450868362355,0.156053845778434
"chr17:4815934:4816542:clu_11080:ENSG00000129219.13",0.00798914697273663,0.0044206751225231,0.0707274733078386
"chr17:4815934:4816620:clu_11080:ENSG00000129219.13",-0.00853382424293352,0.00419975741151692,0.0421556523086168
"chr17:2371415:2372147:clu_10917:ENSG00000141258.12",0.00539281507254147,0.00321694308560702,0.0936640258860547
"chr17:5192163:5209750:clu_11155:ENSG00000261879.5",0.00151269754572884,0.00295006691000302,0.608114177071631
"chr17:5106506:5108926:clu_11143:ENSG00000167840.13",0.00497416908364658,0.0040245972518042,0.216480095299354
"chr17:4951914:4952025:clu_11115:ENSG00000108515.17",0.000413238040057494,0.00365317505238429,0.90993739864433
"chr17:5532984:5533292:clu_11193:ENSG00000091592.15",-0.00389087128674962,0.00286809796197176,0.174907278602022
"chr17:5414134:5416513:clu_11177:ENSG00000108559.11",0.00507914191731649,0.00408593721741583,0.213838798549182
"chr17:1714014:1714371:clu_10864:ENSG00000186594.14",0.00613452686842317,0.00284558611991353,0.0310989475216361
"chr17:1714014:1714371:clu_10864:ENSG00000185561.9",0.00613452686842317,0.00284558611991353,0.0310989475216361
"chr17:5335344:5336488:clu_11166:ENSG00000029725.16",-0.00346078396075626,0.00350915798527199,0.32402765944365
"chr17:4951182:4951828:clu_11113:ENSG00000108515.17",-0.00398068999861405,0.00284230483353831,0.161359213232712
"chr17:5455271:5455997:clu_11183:ENSG00000005100.12",-0.00205684393478763,0.00331034926611484,0.534377625319238
"chr17:2300664:2303633:clu_10903:ENSG00000070366.13",0.000632539788605457,0.00287627409847385,0.82593627892143
"chr17:6471355:6472657:clu_11202:ENSG00000091622.15",0.00105580195135649,0.00431749460136495,0.80681229987009
"chr17:7009889:7010059:clu_11230:ENSG00000215067.9",0.0127244216935627,0.00323225016302926,8.26073815745065e-05
"chr17:6895503:6896316:clu_11225:ENSG00000262943.7",0.0108165580682574,0.00255456061242755,2.29351760502317e-05
"chr17:6623571:6628117:clu_11210:ENSG00000198920.9",0.00646601882110243,0.00348419495138965,0.0634800313296183
"chr17:6997081:7000319:clu_11230:ENSG00000215067.9",0.0114980633332409,0.00350159909108574,0.00102468205521034
"chr17:7392880:7393144:clu_11312:ENSG00000187838.16",0.0109341070859847,0.0032830704802579,0.000867052592046891
"chr17:7226639:7227090:clu_11258:ENSG00000004975.11",-0.0173015273369883,0.00485228535777724,0.000362962326081462
"chr17:7226958:7227090:clu_11258:ENSG00000004975.11",0.00288143378394947,0.00431122611799135,0.503906383609054
"chr17:7855284:7855445:clu_11368:ENSG00000167874.6",-0.0212330804093766,0.00394476110648161,7.34166057947405e-08
"chr17:7318172:7318495:clu_11291:ENSG00000215041.9",0.00154792924345642,0.00287778634205222,0.590653772837188
"chr17:7932800:7932928:clu_11387:ENSG00000170037.13",0.00734867368891512,0.00306030319555494,0.0163374091721636
"chr17:7246862:7247064:clu_11269:ENSG00000175826.11",0.00582356949123625,0.00370076642473031,0.11557723755315
"chr17:7246862:7247090:clu_11269:ENSG00000175826.11",-0.00498928397523089,0.00371233299586603,0.17895636351408
"chr17:7627414:7627553:clu_11353:ENSG00000141504.11",-0.0124907430067501,0.00342719179160714,0.000267808052753948
"chr17:7585797:7585946:clu_11344:ENSG00000129255.15",0.00243965729081629,0.00383599473962626,0.52478243078447
"chr17:7592894:7592984:clu_11348:ENSG00000129245.11",0.000747392486357191,0.00462114607327557,0.871516002484651
"chr17:7924062:7924145:clu_11384:ENSG00000170049.9",-0.00426363477797067,0.00390612141799081,0.275041307338818
"chr17:7909384:7910428:clu_11382:ENSG00000170004.16",0.0121054764454446,0.00407345083350484,0.00296060596431424
"chr17:8174272:8174520:clu_11419:ENSG00000179029.14",-0.00913232204894614,0.00363426096776955,0.0119763104010939
"chr17:7934546:7934919:clu_11389:ENSG00000170037.13",-0.0176809131674799,0.0044836029889856,8.03140841477701e-05
"chr17:7934546:7934989:clu_11389:ENSG00000170037.13",0.0197981619205144,0.00439590763437963,6.67580994995198e-06
"chr17:7923544:7923711:clu_11383:ENSG00000170049.9",-0.01167321978939,0.00313938258943885,0.00020055446588696
"chr17:8039302:8039386:clu_11398:ENSG00000179593.15",0.00590271904756653,0.00519735600860952,0.256075549177073
"chr17:7834350:7839906:clu_11361:ENSG00000132510.10",0.0110121757514285,0.00389292624869362,0.00467279134096033
"chr17:7935145:7936238:clu_11390:ENSG00000170037.13",-0.0110212644996177,0.00391984304506497,0.00492866256369584
"chr17:7935145:7936366:clu_11390:ENSG00000170037.13",0.00754481859165644,0.00379278372801158,0.0466729302147574
"chr17:7283862:7283974:clu_11277:ENSG00000181856.14",0.00118657658767036,0.00343990532236284,0.730136058918684
"chr17:7893935:7894127:clu_11372:ENSG00000170004.16",0.00140525310060201,0.00426275799624764,0.741658246092985
"chr17:7392978:7393144:clu_11312:ENSG00000187838.16",-0.00470842116249256,0.0030628157347326,0.124223495060801
"chr17:8258199:8262920:clu_11432:ENSG00000178921.13",0.0119825666179882,0.00380311815142913,0.0016286763693717
"chr17:8506489:8508554:clu_11452:ENSG00000133026.12",-0.00834125433355481,0.00348424427138922,0.0166660937556612
"chr17:8255691:8255805:clu_11430:ENSG00000178921.13",-0.00833811595938689,0.00328520655823156,0.0111462608649203
"chr17:7924500:7925097:clu_11385:ENSG00000170049.9",-0.00369561936720575,0.00307542266515659,0.229494406622618
"chr17:1888851:1891833:clu_10886:ENSG00000132383.11",0.00970793060390988,0.00285504641571279,0.000673191775679705
"chr17:1883944:1888675:clu_10886:ENSG00000132383.11",-0.00823272518081546,0.00293667847574896,0.00505647354628014
"chr17:38705741:38706950:clu_12189:ENSG00000275023.4",0.0137643899055779,0.00457424694838384,0.00262018442112788
"chr17:39716433:39716515:clu_12260:ENSG00000141736.13",-0.0012839297299477,0.00596668429197949,0.829624552534997
"chr17:39660044:39660211:clu_12251:ENSG00000131748.15",-0.00405264743879406,0.00415274656615767,0.32911616257153
"chr17:38890504:38898412:clu_12213:ENSG00000002834.17",-0.0113688551431825,0.00365861661467688,0.00188728633700941
"chr17:39909042:39909756:clu_12275:ENSG00000073605.18",0.00403397914796424,0.00496041878612379,0.416084147718712
"chr17:39139832:39152546:clu_12220:ENSG00000161381.13",-0.000526692689263845,0.00459106846841662,0.908666143317986
"chr17:39550441:39551038:clu_12243:ENSG00000167258.13",-0.000598733942700176,0.00527294692180834,0.909595905305783
"chr17:40331396:40348316:clu_12317:ENSG00000131759.17",0.00302664439507753,0.00583676586488699,0.6040758441867
"chr17:41517609:41518330:clu_12341:ENSG00000171346.15",0.0116670554011907,0.0100884429697221,0.247485974741866
"chr17:38712014:38712691:clu_12191:ENSG00000275023.4",0.00932040996092343,0.00436933389805531,0.0329130734671352
"chr17:38734253:38735492:clu_12195:ENSG00000277258.4",-0.000840897478740961,0.00458605508585672,0.854515829721297
"chr17:37699194:37700983:clu_12166:ENSG00000275410.4",0.00694754482369907,0.0036013927212384,0.0537150672638044
"chr17:42190270:42190624:clu_12401:ENSG00000167925.15",0.00272721503445356,0.00435786783965968,0.531436898263777
"chr17:42190359:42190624:clu_12401:ENSG00000167925.15",-0.00280652645002483,0.00494779458606302,0.570559448636785
"chr17:42020204:42021564:clu_12384:ENSG00000168256.17",-0.00669670501244306,0.00467857187399832,0.15232802279872
"chr17:41772926:41786588:clu_12352:ENSG00000173801.16",0.00664743334899608,0.00639288249065845,0.298424532858614
"chr17:42348539:42388279:clu_12420:ENSG00000168610.14",-0.00683870115509714,0.00392337967742616,0.0813224681099571
"chr17:41514140:41514649:clu_12337:ENSG00000171346.15",-0.00196723903427482,0.00878193407157904,0.822749700803307
"chr17:41936927:41938557:clu_12375:ENSG00000204815.9",-0.00522308637897677,0.00424608996280066,0.218662207126848
"chr17:42510183:42513861:clu_12430:ENSG00000033627.16",-0.00715044524021168,0.00529688280675284,0.177036969981005
"chr17:42513978:42521027:clu_12431:ENSG00000033627.16",-0.00902114359447892,0.0067073788501587,0.178638762070314
"chr17:42687046:42687720:clu_12466:ENSG00000108797.11",0.00452897080655023,0.00474760051799774,0.340109241024259
"chr17:42567655:42568470:clu_12440:ENSG00000108788.11",0.00256150769488087,0.0046769324104449,0.583904987764111
"chr17:41627762:41627887:clu_12346:ENSG00000214514.7",0.00120704768399504,0.00509607088547237,0.812766569438805
"chr17:41515688:41515885:clu_12338:ENSG00000171346.15",0.00733647415671273,0.0129391855529237,0.570716494674569
"chr17:41813279:41817058:clu_12356:ENSG00000141756.18",-0.00851955425705939,0.00523946680502396,0.103942297264145
"chr17:41987694:41987819:clu_12380:ENSG00000168259.14",-0.0121923484773061,0.00644815924575944,0.0586475478335695
"chr17:42227685:42232000:clu_12406:ENSG00000173757.9",-0.00531905200223384,0.00468439757605907,0.256173162651895
"chr17:42568943:42569204:clu_12442:ENSG00000108788.11",-0.00615903641434079,0.00773155359947766,0.425677304763978
"chr17:38463382:38466167:clu_12174:ENSG00000275832.4",0.0352605402602348,0.00424109365821192,1.11022302462516e-16
"chr17:38498510:38498932:clu_12181:ENSG00000275832.4",0.0193959811937284,0.00549588771854279,0.000416848300385575
"chr17:42950728:42951800:clu_12502:ENSG00000266967.6",0.00990931878040747,0.00552708588062473,0.0729945143454533
"chr17:42513978:42514289:clu_12431:ENSG00000033627.16",0.0090282465600968,0.00439807893185252,0.040094843699235
"chr17:42586137:42586765:clu_12448:ENSG00000141699.10",-0.0100727704673469,0.00438589375826095,0.0216399471313721
"chr17:41517165:41518330:clu_12341:ENSG00000171346.15",-0.0108294846668011,0.0060189277707369,0.0719810118477244
"chr17:42814008:42814524:clu_12492:ENSG00000126581.12",0.00390926106922314,0.00586091356762643,0.504768676452978
"chr17:42796578:42796686:clu_12490:ENSG00000126562.16",-0.0126152223779544,0.00659535690046373,0.055780968553712
"chr17:42564175:42564446:clu_12436:ENSG00000068120.14",0.0115330902555746,0.00507904476970313,0.0231639130393149
"chr17:42563322:42563961:clu_12436:ENSG00000068120.14",-0.00808253159391863,0.0052822048473297,0.125981204421553
"chr17:42130590:42154893:clu_12390:ENSG00000108774.14",-0.00218350380923483,0.00442615200340124,0.62178737630678
"chr17:41982401:41983563:clu_12379:ENSG00000168259.14",-0.00570647870556008,0.00697963433925374,0.413591383199303
"chr17:42137878:42154893:clu_12390:ENSG00000108774.14",0.00959272385221473,0.00421765409764477,0.022940646104319
"chr17:42852943:42854448:clu_12500:ENSG00000131471.6",0.0107725265351272,0.00520165074150357,0.0383604516401574
"chr17:42785185:42785266:clu_12485:ENSG00000126562.16",-0.0090783947901865,0.00679657578164033,0.181637317681506
"chr17:41832703:41835070:clu_12363:ENSG00000141698.16",0.00688552802948655,0.0052332785813704,0.188268120080587
"chr17:41830890:41832392:clu_12362:ENSG00000141698.16",0.0068619839696766,0.00588512587248525,0.243619446753776
"chr17:42782930:42783937:clu_12484:ENSG00000126562.16",0.00196276111915215,0.00585185612325896,0.737317107086892
"chr17:43167262:43170126:clu_12533:ENSG00000267002.2",-0.00414475552854773,0.00722941752553092,0.566429368950442
"chr17:41516964:41517083:clu_12341:ENSG00000171346.15",0.0133524429094157,0.00678762560090454,0.0491631152299227
"chr17:43170943:43175791:clu_12531:ENSG00000188554.13",0.000847525852454706,0.0059084885228972,0.885941055668067
"chr17:42837697:42838093:clu_12498:ENSG00000131467.10",-0.00823141375692699,0.00483734288232458,0.0888229667995397
"chr17:42838205:42838731:clu_12498:ENSG00000131467.10",0.00892134565695667,0.00474123443642509,0.0598834988114693
"chr17:42301454:42304342:clu_12410:ENSG00000126561.16",-0.0220181347496078,0.00645781028856535,0.000650735594050933
"chr17:38740442:38748196:clu_12201:ENSG00000277258.4",-0.00338760613111092,0.00453882736996513,0.455449052820102
"chr17:39072485:39077913:clu_12217:ENSG00000161381.13",-0.0136522258680343,0.00454231773663194,0.00265088956045334
"chr17:42727763:42728825:clu_12477:ENSG00000108799.12",0.000564846775728053,0.00415398694226637,0.891839445655164
"chr17:41896649:41897749:clu_12367:ENSG00000131473.16",-0.00771516472685345,0.00651435079128973,0.236281020958378
"chr17:41820023:41820269:clu_12359:ENSG00000141756.18",-0.0126329353423491,0.00601056316825757,0.0355717661909952
"chr17:42702961:42703740:clu_12464:ENSG00000108799.12",-0.00512550140962022,0.004254934482695,0.228357091203721
"chr17:41983636:41984805:clu_12380:ENSG00000168259.14",0.00736579636747752,0.00846593685339896,0.384272563441486
"chr17:38709575:38711847:clu_12190:ENSG00000275023.4",-0.0273698538361483,0.004142400372502,3.91537913202455e-11
"chr17:37733821:37739440:clu_12167:ENSG00000275410.4",-0.043784295650912,0.0032648355891428,0
"chr17:42223556:42224779:clu_12405:ENSG00000173757.9",0.000711632036239369,0.00662853539876112,0.914504286908435
"chr17:38784339:38786823:clu_12207:ENSG00000276293.4",0.0213535140531498,0.00544675953508835,8.83995563588647e-05
"chr17:38780604:38786823:clu_12207:ENSG00000276293.4",-0.0222325191919881,0.00479606813762875,3.55951788189035e-06
"chr17:39744207:39744553:clu_12271:ENSG00000141738.13",0.00619971488519459,0.00489338190199099,0.205169903407668
"chr17:39551142:39564760:clu_12243:ENSG00000167258.13",-0.00430616513879009,0.00565557167112057,0.446416828825508
"chr17:39745788:39746109:clu_12274:ENSG00000141738.13",0.0060213524819312,0.00576645022852046,0.296390849261596
"chr17:39194970:39197412:clu_12224:ENSG00000067191.15",-0.00499685968094811,0.0050239793470301,0.319929896256572
"chr17:45245416:45245632:clu_12678:ENSG00000184922.13",0.00457091230283004,0.00418690497244324,0.274957829118511
"chr17:45234200:45236136:clu_12671:ENSG00000184922.13",0.000320740155951797,0.00498948191532667,0.948744683629656
"chr17:44315609:44316385:clu_12608:ENSG00000108309.13",0.00805603274917975,0.00457939686281957,0.0785451093902262
"chr17:54900923:54903680:clu_13012:ENSG00000141198.14",-0.00528031366700351,0.00470816028656408,0.26206498002405
"chr17:55774859:55822761:clu_13033:ENSG00000141179.13",0.00197838994134605,0.00464099750667814,0.669899822545615
"chr17:45219174:45220268:clu_12658:ENSG00000267121.5",0.00406026047953665,0.00490666875793773,0.407954636318188
"chr17:43898380:43907474:clu_12569:ENSG00000108852.14",-0.004821770061222,0.00479062314060762,0.31417432176804
"chr17:56991171:56994905:clu_13047:ENSG00000121064.12",0.00087042034366547,0.00464727675254904,0.851427884721184
"chr17:56991171:56994981:clu_13047:ENSG00000121064.12",-0.00106551957484761,0.00444148344273537,0.810406437373573
"chr17:43855303:43860896:clu_12564:ENSG00000108852.14",-0.00903195972658759,0.00586323503651815,0.123453222818656
"chr17:45475726:45475888:clu_12700:ENSG00000225190.10",0.00256444669125748,0.00572622309213041,0.654266789719665
"chr17:44084675:44086572:clu_12578:ENSG00000108840.15",0.00420285452353092,0.00639845331310545,0.511274308921432
"chr17:45113012:45113122:clu_12651:ENSG00000161714.11",0.00791651638747952,0.00384691234286601,0.0396008449929448
"chr17:44738424:44741336:clu_12626:ENSG00000161692.17",-0.00369794682565668,0.00481055074141423,0.442061985926534
"chr17:44218296:44218965:clu_12604:ENSG00000108312.14",0.00590200703761704,0.00439084454037195,0.178895958242621
"chr17:43880884:43881090:clu_12566:ENSG00000108852.14",0.0141249188468895,0.00474104225847232,0.00288921360287486
"chr17:43877983:43879275:clu_12564:ENSG00000108852.14",0.0225615396733404,0.00696866593781124,0.00120552609827485
"chr17:57866544:57867338:clu_13066:ENSG00000180891.12",-0.00883242311261689,0.00320135139902739,0.00579843763239896
"chr17:58322776:58322950:clu_13097:ENSG00000005379.15",-0.00202464554198189,0.00457391397424329,0.658018514441384
"chr17:58323039:58323298:clu_13097:ENSG00000005379.15",0.000218277980456608,0.00469348099591455,0.962906450446936
"chr17:58211022:58212378:clu_13083:ENSG00000011143.16",0.00232469490104323,0.00358643168196999,0.516861032266543
"chr17:56995635:56996962:clu_13048:ENSG00000121064.12",0.000960086864567639,0.00340630258001674,0.778053919048908
"chr17:58311994:58316023:clu_13092:ENSG00000005379.15",-0.00502382562075894,0.00506467727982709,0.321229719436745
"chr17:58526978:58531480:clu_13114:ENSG00000108387.14",0.0109024221299081,0.00373772537393614,0.00353574285234159
"chr17:58720812:58734118:clu_13120:ENSG00000108384.14",0.0128094835180667,0.00662899508507811,0.0533173468252048
"chr17:58328121:58337448:clu_13099:ENSG00000265148.5",-0.00773094674233872,0.00524271876454567,0.140318388206117
"chr17:42837697:42838731:clu_12498:ENSG00000131467.10",-0.0113084449977054,0.00989415027648787,0.253062459245724
"chr17:44212006:44212344:clu_12602:ENSG00000108312.14",-0.000902432545408468,0.00422327055684772,0.830795853033233
"chr17:44014537:44014816:clu_12573:ENSG00000091947.9",0.0103519672393065,0.00729352995750775,0.15580117711324
"chr17:58318490:58319090:clu_13094:ENSG00000005379.15",-0.00194548863303386,0.0037274053514825,0.601710858236271
"chr17:59112345:59119319:clu_13130:ENSG00000182628.12",0.029597651716162,0.00598827871341654,7.70885098533292e-07
"chr17:58526978:58531961:clu_13114:ENSG00000108387.14",0.0105413654401202,0.00464904344921049,0.0233641694232873
"chr17:59131367:59155131:clu_13130:ENSG00000182628.12",-0.0236518823747647,0.00539075921863451,1.14668198745171e-05
"chr17:59914703:59926435:clu_13143:ENSG00000108443.13",-0.00675612699679037,0.00705345460418921,0.338140153704653
"chr17:59912804:59914635:clu_13143:ENSG00000108443.13",0.00522809590315812,0.00666492186015822,0.432793891774127
"chr17:43013373:43013476:clu_12517:ENSG00000068079.7",0.0152834723247958,0.00590849473261165,0.00969013926309914
"chr17:43013379:43013476:clu_12517:ENSG00000068079.7",-0.00616860184614266,0.0059103343738866,0.296625317071021
"chr17:44723022:44729905:clu_12624:ENSG00000161692.17",0.00246727062867524,0.00489603151006588,0.614308634760324
"chr17:45405106:45405676:clu_12693:ENSG00000159314.11",-0.00239060461980587,0.00456634705836785,0.600607773587587
"chr17:45405106:45405847:clu_12693:ENSG00000159314.11",-0.00307459387369822,0.00528338068362995,0.560609222959882
"chr17:45116784:45117994:clu_12656:ENSG00000161714.11",-0.00904196123655713,0.00619679398765922,0.144527855160883
"chr17:59697978:59698871:clu_13137:ENSG00000141378.14",0.0162477593049255,0.00674380996873558,0.0159838164711191
"chr17:59697978:59707371:clu_13137:ENSG00000141378.14",0.00184556194669513,0.00620233181035239,0.766039488485131
"chr17:42774327:42774646:clu_12483:ENSG00000131475.6",-0.00340077500922828,0.0059624226686602,0.568428138270288
"chr17:42773878:42774646:clu_12483:ENSG00000131475.6",0.00359849349877077,0.00560461100914716,0.520834579090649
"chr17:60126865:60134756:clu_13158:ENSG00000267248.1",-0.000132932013508871,0.00607950228900315,0.98255515910192
"chr17:45445663:45450618:clu_12697:ENSG00000225190.10",0.00990337554234452,0.00560552525541716,0.0772756713604604
"chr17:45440226:45445470:clu_12697:ENSG00000225190.10",-0.0114047772411668,0.00652032083090896,0.0802715067679831
"chr17:62586226:62596585:clu_13206:ENSG00000146872.17",0.00504046938734019,0.00423505298641538,0.233976206740546
"chr17:63099357:63193991:clu_13221:ENSG00000170921.15",-0.00418337924010067,0.00414968025619679,0.313396443176059
"chr17:62688960:62689522:clu_13216:ENSG00000011028.13",0.00129268810786514,0.00393274910590177,0.742383708182327
"chr17:63487073:63488648:clu_13233:ENSG00000159640.15",0.00132895058474098,0.00573306620945633,0.816689856524606
"chr17:63009626:63073943:clu_13220:ENSG00000170921.15",-0.00536773482499432,0.00742850198705537,0.469933999944111
"chr17:45137454:45137722:clu_12662:ENSG00000181513.14",0.00743227046801797,0.00427334485169531,0.0819967461507729
"chr17:64510280:64514248:clu_13303:ENSG00000258890.6",-0.00885069364707768,0.00607080666843216,0.14486517493722
"chr17:64780464:64780981:clu_13321:ENSG00000214176.9",0.00417080645224526,0.00462020564102398,0.366668266584835
"chr17:64533191:64534585:clu_13309:ENSG00000258890.6",-0.00371413358039134,0.00395259371942171,0.347386878747287
"chr17:64360415:64363149:clu_13292:ENSG00000261371.5",-0.00487281762376036,0.00432434154875094,0.259812424070857
"chr17:64521527:64522702:clu_13306:ENSG00000258890.6",0.00585569730274266,0.00515841992241569,0.256302979248718
"chr17:64006735:64020406:clu_13284:ENSG00000108622.10",-0.0129491908314164,0.00519435400662469,0.0126691766957943
"chr17:64350433:64352390:clu_13291:ENSG00000261371.5",0.00422624120776423,0.00469358240027195,0.367891596862378
"chr17:64855889:64858779:clu_13327:ENSG00000176809.10",0.00600771035631621,0.00412723307693166,0.145495863542184
"chr17:64480389:64481246:clu_13296:ENSG00000256525.6",-0.0105843272603234,0.00454798367559917,0.019951586048901
"chr17:64146000:64146230:clu_13288:ENSG00000266402.3",0.0117219094721124,0.0041425696939502,0.00466029182908034
"chr17:63754518:63756240:clu_13260:ENSG00000108588.13",0.00764429654768262,0.00550705508003219,0.165109173436166
"chr17:64764548:64778009:clu_13321:ENSG00000214176.9",0.00514301723951533,0.00400059659075424,0.19859576635931
"chr17:64750723:64751807:clu_13318:ENSG00000266820.1",-0.00386556735295768,0.00474034797994025,0.414808666957348
"chr17:64940725:64956299:clu_13332:ENSG00000232457.4",-0.000739538285345061,0.00527861858446991,0.888580408575177
"chr17:66132763:66175044:clu_13350:ENSG00000154240.16",-0.00566097695006505,0.00320956454743169,0.0777684386545415
"chr17:64341690:64348260:clu_13291:ENSG00000261371.5",0.0115425841164779,0.00571641461196341,0.0434664412053184
"chr17:64758398:64758529:clu_13320:ENSG00000266820.1",-0.00873063303249898,0.00502168687731461,0.0821076623362167
"chr17:64764548:64778397:clu_13321:ENSG00000214176.9",-0.0022927590105271,0.00339602355276164,0.499592870304217
"chr17:64758379:64758529:clu_13320:ENSG00000266820.1",0.0085245019793738,0.00479433000379076,0.0753975781195164
"chr17:64968381:64972318:clu_13333:ENSG00000214174.8",-0.0152832437629181,0.00435980770960693,0.000455774912961115
"chr17:66030023:66043096:clu_13348:ENSG00000154240.16",-0.000297208103325669,0.0044609928591824,0.946881232572194
"chr17:64593573:64598382:clu_13316:ENSG00000108854.15",0.00367743387892796,0.00396592573197131,0.353792920374109
"chr17:67342263:67344606:clu_13371:ENSG00000197170.9",-0.000979974763817224,0.00359550759508743,0.785195052669111
"chr17:67875020:67875556:clu_13383:ENSG00000171634.16",0.00963340899253926,0.00363494982672658,0.00804398790863203
"chr17:68551951:68554777:clu_13418:ENSG00000108950.11",-0.00281491982466826,0.00335088223295479,0.400878477950092
"chr17:45639520:45640389:clu_12709:ENSG00000204650.14",-0.0118873040837436,0.00585702015927304,0.0423990218696635
"chr17:45639520:45645901:clu_12709:ENSG00000204650.14",0.000434757801501436,0.00576997724083455,0.939937616911774
"chr17:44189299:44189411:clu_12590:ENSG00000168591.15",-0.00296295300705459,0.00490933755933748,0.546153385960272
"chr17:43125770:43138657:clu_12528:ENSG00000198496.10",-0.00959802750361607,0.00615623384428789,0.118978736702432
"chr17:42674875:42675834:clu_12460:ENSG00000068137.14",0.0110559228261492,0.00466158063259457,0.0177059259662671
"chr17:42854733:42855394:clu_12501:ENSG00000131471.6",-0.00544944315950758,0.00728337668438798,0.45433781498285
"chr17:45996664:46010310:clu_12714:ENSG00000186868.15",0.00060533671189306,0.00462747952298107,0.895922857107522
"chr17:46067667:46082441:clu_12718:ENSG00000120071.13",0.00188399379562747,0.00524455817892676,0.719424296355936
"chr17:45978440:45982866:clu_12712:ENSG00000186868.15",0.0067802480266894,0.00461094447441549,0.141434944885424
"chr17:47814707:47815215:clu_12789:ENSG00000006025.11",-0.00819671240340445,0.00656633446160329,0.211923606186539
"chr17:47122619:47123886:clu_12744:ENSG00000004897.11",0.0157364597123422,0.00617139624610307,0.0107752999178206
"chr17:43159068:43159507:clu_12533:ENSG00000267002.2",0.00072033390875867,0.00419687167264968,0.863723770507437
"chr17:47324074:47324454:clu_12755:ENSG00000178852.15",-0.00816044235634578,0.00626770913694128,0.192922654608062
"chr17:47007884:47021582:clu_12741:ENSG00000262879.5",0.00773412482448376,0.00598819719546994,0.196509051564496
"chr17:47699697:47708394:clu_12782:ENSG00000198933.9",-0.00454543871032256,0.00607733187590024,0.454500407853295
"chr17:42674409:42675931:clu_12460:ENSG00000068137.14",-0.00540106196317871,0.00705757134480928,0.444101139066097
"chr17:42987414:42989341:clu_12513:ENSG00000198863.7",0.00781530114313539,0.00570958654727863,0.171060756187041
"chr17:43018799:43021936:clu_12520:ENSG00000108828.15",0.0031123457758123,0.00663142816723159,0.638831878710836
"chr17:42989539:42990317:clu_12513:ENSG00000198863.7",-0.00590784421359941,0.00482273977796902,0.220576159132309
"chr17:44040256:44063801:clu_12575:ENSG00000161654.9",-0.00584641738985895,0.00479424987069045,0.222667952344701
"chr17:47122600:47123886:clu_12744:ENSG00000004897.11",-0.00125299285655078,0.00512979418398756,0.807031071636785
"chr17:46932199:46938599:clu_12738:ENSG00000108433.16",-0.0069592927419781,0.00698439618632074,0.319053024927289
"chr17:47379253:47391437:clu_12758:ENSG00000178852.15",-0.00922560662336877,0.00672635938112912,0.170200399912351
"chr17:47973696:47973931:clu_12807:ENSG00000108465.14",0.018306072256591,0.00587814700760264,0.00184407533200059
"chr17:47619372:47619737:clu_12774:ENSG00000141279.15",-0.00251949596252306,0.00627164951825877,0.687884362867774
"chr17:47370508:47374472:clu_12758:ENSG00000178852.15",-0.00303967422211568,0.005186281691539,0.557809025973055
"chr17:46555206:46555285:clu_12731:ENSG00000238083.7",-0.00696653983321695,0.00943818566186962,0.460439842410752
"chr17:47151918:47154672:clu_12750:ENSG00000004897.11",0.00231138508774788,0.00574352022473748,0.687365001724697
"chr17:48051628:48056419:clu_12819:ENSG00000082641.15",0.0150007332645528,0.006998968547574,0.0320908057529413
"chr17:47172064:47181562:clu_12746:ENSG00000004897.11",-0.0171929082721989,0.00590710879863155,0.00360798558565056
"chr17:47613725:47617239:clu_12773:ENSG00000141279.15",0.00998437224568086,0.00522638584188029,0.0560845684160642
"chr17:48916187:48919663:clu_12857:ENSG00000159202.17",-0.00388143434958479,0.00481478496462174,0.420156909356453
"chr17:47896293:47897815:clu_12797:ENSG00000167182.13",0.0138399761337978,0.00608073068879878,0.0228437154697827
"chr17:49502204:49506299:clu_12877:ENSG00000064300.8",0.0115322298782213,0.00616834058103981,0.0615416308970466
"chr17:48057502:48058295:clu_12820:ENSG00000082641.15",0.0172719432059677,0.00686451230517275,0.011865445664846
"chr17:49846241:49846463:clu_12891:ENSG00000204584.1",0.00721434234471757,0.00364783336333708,0.0479618701626757
"chr17:50077447:50078005:clu_12899:ENSG00000005884.17",0.0046427529070616,0.00323817778508492,0.151642250965378
"chr17:49668078:49675895:clu_12882:ENSG00000121067.17",-0.00122437899532655,0.00429138625526937,0.775406012647587
"chr17:50116090:50117407:clu_12905:ENSG00000167100.14",-0.0127891303746285,0.00430495800330147,0.0029703387480261
"chr17:50168572:50170640:clu_12910:ENSG00000108823.15",0.0115925908678568,0.00382807679884749,0.0024592830115624
"chr17:49312845:49317366:clu_12870:ENSG00000198740.8",-0.00586810654466441,0.00387736332140827,0.130171217553352
"chr17:48919836:48921160:clu_12857:ENSG00000159202.17",0.00743886981213199,0.00505900338562058,0.141447500018327
"chr17:44075451:44075680:clu_12577:ENSG00000141349.8",-0.00503205577731439,0.00399118793728648,0.207383981467684
"chr17:50460872:50461633:clu_12926:ENSG00000167107.12",-0.00069914476129747,0.00379700836104712,0.853911139229875
"chr17:50549186:50549286:clu_12954:ENSG00000006282.20",0.00256943620534812,0.00417206448045141,0.53798240272313
"chr17:49413291:49414835:clu_12875:ENSG00000167085.11",-0.00392917844227793,0.00413783249928122,0.342328719769613
"chr17:50463909:50464218:clu_12929:ENSG00000167107.12",0.00058737649374554,0.00486169901439716,0.903835886296266
"chr17:50657183:50657578:clu_12962:ENSG00000108846.15",0.00990956535100701,0.00632879774266849,0.117397894154962
"chr17:51165681:51166827:clu_12996:ENSG00000243678.11",-0.00382458055275571,0.00566585087493,0.499661051715724
"chr17:50746003:50746542:clu_12976:ENSG00000108848.15",-0.00215876623298118,0.00403461184489428,0.592607199723901
"chr17:44196079:44196396:clu_12593:ENSG00000087152.15",0.00589436352661011,0.00488179386084641,0.227271384587243
"chr17:44151044:44152637:clu_12583:ENSG00000125319.14",0.0144754699240668,0.00485391629468672,0.00286161720066314
"chr17:44074266:44075310:clu_12576:ENSG00000141349.8",0.0115277547899763,0.00721510271128961,0.110104043962189
"chr17:42794668:42794772:clu_12488:ENSG00000126562.16",0.0119095188982605,0.00619689755853518,0.0546244047574418
"chr17:28716061:28716903:clu_11873:ENSG00000109113.18",0.00067798811250402,0.0041413426939752,0.869957753010894
"chr17:28556972:28558476:clu_11834:ENSG00000087111.20",-0.00797666197043748,0.00483947763739279,0.0993016789943763
"chr17:28635609:28636965:clu_11851:ENSG00000007202.14",-0.00472363002398064,0.0046747826902767,0.312280167704269
"chr17:28548705:28552338:clu_11832:ENSG00000109103.11",0.00244018006974922,0.00588402315076336,0.678352116957342
"chr17:29125967:29127852:clu_11914:ENSG00000196535.15",0.000175872839110238,0.00642585074122165,0.978164960404104
"chr17:28043331:28047917:clu_11808:ENSG00000087095.12",-0.00184279869051115,0.00452429073602265,0.683778723364474
"chr17:28359404:28360529:clu_11824:ENSG00000244045.12",-0.00336882461365862,0.00457884493075915,0.461890903309207
"chr17:28859283:28860431:clu_11889:ENSG00000132591.11",-0.00160033434330133,0.00502307299821145,0.750032376968236
"chr17:28747264:28747822:clu_11879:ENSG00000076604.14",0.00642251536023641,0.0063020410019253,0.308147556895094
"chr17:28388276:28388350:clu_11826:ENSG00000004139.13",-0.000307839777104554,0.00518684400935599,0.952673247175458
"chr17:28578528:28578672:clu_11839:ENSG00000076382.16",-0.00858025568162295,0.00531062966596693,0.106164432052884
"chr17:29122253:29127852:clu_11914:ENSG00000196535.15",0.0237393249440149,0.00624865443575375,0.000145216690192518
"chr17:28332181:28335340:clu_11816:ENSG00000109083.13",0.00161669481575772,0.00531170061755129,0.760849964801303
"chr17:28655483:28662046:clu_11852:ENSG00000132581.9",-0.00554986091801158,0.00438836085212116,0.20598698439618
"chr17:28889026:28897526:clu_11894:ENSG00000132589.15",0.00415549797563818,0.00651075150835473,0.523309871917182
"chr17:28717593:28718122:clu_11873:ENSG00000109113.18",0.00996011651553808,0.00693543346864894,0.150968124025637
"chr17:28766707:28834293:clu_11885:ENSG00000173065.13",0.00261736068378482,0.00425724993816632,0.538686278432677
"chr17:28858207:28858374:clu_11886:ENSG00000132591.11",-0.00463130181237608,0.00616973182934583,0.452864042113695
"chr17:29703062:29761150:clu_11942:ENSG00000141298.17",-0.00150115580487339,0.00516164191773222,0.771182008788025
"chr17:27880366:27882569:clu_11807:ENSG00000232859.9",-0.00189006724685095,0.00371271323677452,0.610696302481009
"chr17:27597436:27601360:clu_11795:ENSG00000141068.13",-0.00226997434132553,0.00562337515019785,0.686457169446838
"chr17:30931968:30934185:clu_11972:ENSG00000184060.10",-0.00102203511085323,0.00394730215031719,0.795697037229067
"chr17:30266954:30271321:clu_11945:ENSG00000108578.14",-0.0111702427205397,0.00614669209305945,0.0691746960970483
"chr17:29575470:29575630:clu_11922:ENSG00000108262.15",-0.00513254278676914,0.00628011471581176,0.413774744468618
"chr17:29575898:29576078:clu_11922:ENSG00000108262.15",0.00738778204193565,0.00672786993861411,0.272166791836534
"chr17:29616336:29616702:clu_11936:ENSG00000167549.18",-0.00452531350008256,0.00510079392608925,0.374982932909074
"chr17:29925555:29929938:clu_11943:ENSG00000141298.17",-0.0134622029810584,0.00564557793040925,0.0170996937647454
"chr17:29612006:29612116:clu_11933:ENSG00000198720.12",5.17646106480271e-05,0.00653331087523734,0.993678281611231
"chr17:30477464:30481143:clu_11953:ENSG00000108587.15",0.00252667685071235,0.00547737906438358,0.644588376298833
"chr17:31034412:31045410:clu_11979:ENSG00000266865.6",0.00428803648879632,0.00374791415848905,0.252576868062588
"chr17:31265339:31325820:clu_11988:ENSG00000196712.17",-0.013322826566099,0.00711395290830128,0.0610995896032611
"chr17:31072049:31073441:clu_11981:ENSG00000266865.6",0.00447285691889701,0.00392362956725544,0.254294879366699
"chr17:30610942:30631755:clu_11962:ENSG00000248121.8",-0.00550274941985611,0.00547546180280859,0.314904737595208
"chr17:30631979:30633098:clu_11962:ENSG00000250462.8",0.00359632134442312,0.00402175860916409,0.371206273580799
"chr17:30631979:30633098:clu_11962:ENSG00000248121.8",0.00429496497101867,0.0040938489028615,0.294119945987597
"chr17:30610942:30631755:clu_11962:ENSG00000250462.8",-0.00486583714029837,0.00535881311852882,0.363874787838889
"chr17:30385236:30420841:clu_11949:ENSG00000108582.11",0.00824238560245477,0.0089226620497375,0.355612026185202
"chr17:30879487:30887192:clu_11971:ENSG00000176208.8",0.00861893927154212,0.00413383469968227,0.0370716298745238
"chr17:30607665:30608430:clu_11959:ENSG00000248121.8",-0.00786535052884296,0.00581961019051949,0.176527214464314
"chr17:32454619:32464049:clu_12028:ENSG00000108671.9",0.00990257134641106,0.00477884246573834,0.0382496417087819
"chr17:30993904:30997242:clu_11975:ENSG00000181481.13",-0.015192585748846,0.00441599684401315,0.000580957017326078
"chr17:32211238:32224616:clu_12014:ENSG00000126858.16",-0.00549791781015956,0.00401597325815697,0.170995350473834
"chr17:32341284:32342000:clu_12022:ENSG00000108666.9",-0.00370892989911172,0.00353378051429523,0.293918474321534
"chr17:30784892:30790638:clu_11965:ENSG00000264538.6",-0.0162540497647628,0.006060993211376,0.00732388470495704
"chr17:31024426:31032426:clu_11979:ENSG00000266865.6",0.00977327486122741,0.00498469954167704,0.0499193103247818
"chr17:31360703:31374013:clu_11991:ENSG00000196712.17",-0.0104918762907386,0.00663213352450971,0.11365504168524
"chr17:31360703:31367225:clu_11991:ENSG00000196712.17",-0.00672294142646672,0.00502382987757504,0.180827857481243
"chr17:32173060:32173831:clu_12010:ENSG00000126858.16",0.00402477332105578,0.00532990005023066,0.450170320659342
"chr17:32202900:32203890:clu_12012:ENSG00000126858.16",0.00401588395556712,0.00399390262235274,0.314654357730642
"chr17:27560456:27577492:clu_11792:ENSG00000141068.13",0.01027006058514,0.00645095647923286,0.11137990249728
"chr17:35139314:35139849:clu_12060:ENSG00000073536.17",-0.00872939016784547,0.00355357704830385,0.0140294709173833
"chr17:28385275:28388174:clu_11826:ENSG00000004139.13",0.0127675820458417,0.00498299789237848,0.010400269757778
"chr17:35767919:35768230:clu_12083:ENSG00000271447.5",-0.00452235087392118,0.00478060379455938,0.344159289143357
"chr17:27308748:27309100:clu_11789:ENSG00000109046.14",0.00671187433712451,0.00626958177950655,0.284373712533941
"chr17:28332382:28335340:clu_11816:ENSG00000109083.13",0.00808535820715167,0.00501224306515643,0.1067180636145
"chr17:28319365:28325503:clu_11813:ENSG00000109084.13",-0.0149056548157144,0.00467526027987772,0.00143162538483632
"chr17:64822393:64829161:clu_13326:ENSG00000214176.9",0.000379601855599748,0.00660955856688286,0.95420086931561
"chr17:64514358:64516723:clu_13304:ENSG00000258890.6",0.00306734053496308,0.00467867271987979,0.512081154146407
"chr17:18169621:18171638:clu_11660:ENSG00000091536.16",0.0230519789449587,0.00537493657835512,1.79648419733613e-05
"chr17:18185013:18194955:clu_11663:ENSG00000091542.8",-0.00614846041789931,0.00489176268635316,0.208789560008753
"chr17:49413291:49414242:clu_12875:ENSG00000167085.11",0.00860473537303214,0.00475942190075918,0.0706162925876763
"chr17:79823538:79823795:clu_13913:ENSG00000262772.1",0.00423473497873322,0.00282265027785939,0.133544711450229
"chr17:81127670:81127792:clu_13997:ENSG00000181409.11",-0.00336281417955144,0.0039099615822303,0.38975418990083
"chr17:82956769:82957181:clu_14243:ENSG00000175711.8",-0.00410373443051867,0.0071270513637159,0.56475243602227
"chr17:50354583:50354854:clu_12920:ENSG00000015532.9",0.000460708669110568,0.00328073370480737,0.888321403633262
"chr17:50355056:50355501:clu_12920:ENSG00000015532.9",-0.00206110946115529,0.00313146373512222,0.510413721973699
"chr17:81456585:81457410:clu_14027:ENSG00000266074.8",-0.00651246491244755,0.00365700262673404,0.0749417942567244
"chr17:81936861:81937262:clu_14099:ENSG00000183010.16",0.00577083321507289,0.00398524446688526,0.147603070046071
"chr17:63798099:63799589:clu_13263:ENSG00000198231.12",-0.0296415639048813,0.00618366631259055,1.63875386560708e-06
"chr17:29085648:29086438:clu_11906:ENSG00000196535.15",0.00529789867525761,0.00938372865430196,0.572357068393939
"chr17:29576674:29576863:clu_11923:ENSG00000108262.15",-0.000871220462360924,0.00918015276617127,0.924392182995957
"chr17:30926918:30931889:clu_11972:ENSG00000184060.10",-4.61009669746461e-05,0.00499452645834698,0.992635392406416
"chr17:29576674:29576764:clu_11923:ENSG00000108262.15",0.00747055889606764,0.0101814983044316,0.463108033237417
"chr17:6985540:7009796:clu_11230:ENSG00000215067.9",0.00360006227636134,0.00317116297326808,0.256270649876673
"chr17:59091340:59104293:clu_13129:ENSG00000108395.13",-0.000108125520585882,0.00553933818590513,0.984426622373939
"chr17:38477705:38477828:clu_12177:ENSG00000275832.4",-0.00433208270207117,0.0043032628308971,0.314080301469402
"chr17:3829368:3843086:clu_10991:ENSG00000074356.16",0.00325947691967436,0.00423481127702634,0.441485901099314
"chr17:40818482:40818767:clu_12330:ENSG00000186395.7",0.00287381086536743,0.00436216384818693,0.510021656997761
"chr17:39087702:39105854:clu_12219:ENSG00000161381.13",0.0204739269901873,0.00433605061004158,2.33776251012952e-06
"chr17:40053768:40054361:clu_12294:ENSG00000008838.19",-0.00255087366178808,0.00471605599585355,0.588582507356253
"chr17:64519436:64521402:clu_13305:ENSG00000258890.6",0.00456987562286085,0.00478827517447408,0.339886934181934
"chr17:74764646:74766936:clu_13520:ENSG00000109062.11",0.00577564213180416,0.00483442405851378,0.23220784323415
"chr17:45136232:45136500:clu_12661:ENSG00000181513.14",0.00963138509491249,0.00424590888285914,0.0233053342302342
"chr17:4109863:4112609:clu_11025:ENSG00000074755.14",-0.0114858066475808,0.00423870520827005,0.00673351266926236
"chr17:42756379:42759739:clu_12478:ENSG00000197291.8",0.00358034553659582,0.00554172133530766,0.518233364637521
"chr17:38739682:38740291:clu_12200:ENSG00000277258.4",0.00278902688450551,0.0053446230449828,0.601783196567002
"chr17:38472006:38477579:clu_12177:ENSG00000275832.4",0.00719200081663417,0.00479349464371042,0.133519382309182
"chr17:50077121:50077379:clu_12898:ENSG00000005884.17",0.00613239536881899,0.00330450955738648,0.063486966859753
"chr17:18106486:18107154:clu_11654:ENSG00000108591.9",-0.0231535669589596,0.0041687653857979,2.79111952439237e-08
"chr17:18099093:18099633:clu_11652:ENSG00000108591.9",-0.00279302721465819,0.00535706376003695,0.60210711108756
"chr17:18099077:18099633:clu_11652:ENSG00000108591.9",0.00391700585948608,0.00500701248956259,0.434035941245656
"chr17:82229106:82235983:clu_14163:ENSG00000141526.16",0.00356992797268606,0.00354040443615031,0.313291732218239
"chr17:81545882:81547323:clu_14038:ENSG00000185504.16",0.00502940665632196,0.00348550461251515,0.149034736474617
"chr17:30743369:30758172:clu_11963:ENSG00000264538.6",0.00126212025048863,0.0050691449629992,0.803375559615231
"chr17:82938136:82939367:clu_14237:ENSG00000141556.20",-0.00446844039435209,0.00487856006381112,0.359701366307595
"chr17:28884315:28885857:clu_11894:ENSG00000132589.15",0.00336538250789105,0.00647144836035635,0.603038872839363
"chr17:59838212:59838295:clu_13140:ENSG00000062716.12",-0.0283028386375268,0.00703294848534165,5.71400611854012e-05
"chr17:59958444:59962827:clu_13150:ENSG00000189050.15",-0.0176171670503951,0.00833387117413414,0.0345217922038227
"chr17:37540543:37541972:clu_12156:ENSG00000275066.4",0.00952033250121745,0.00433344023357323,0.0280243308381419
"chr17:38482678:38490102:clu_12179:ENSG00000275832.4",0.00328198042492877,0.00527216649631232,0.533606064213231
"chr17:78135009:78137235:clu_13858:ENSG00000167895.14",-0.0065443556924003,0.00287641997828654,0.0228954992358642
"chr17:19567228:19572780:clu_11735:ENSG00000142494.13",-0.0281277818775415,0.00863275630430872,0.0011209685792658
"chr17:19804830:19809608:clu_11748:ENSG00000083290.19",0.00866916662559158,0.00676374522614562,0.199944046412985
"chr17:19567228:19577327:clu_11735:ENSG00000142494.13",0.00665780881063766,0.00805713177661272,0.408619798108142
"chr17:44708839:44722880:clu_12623:ENSG00000161692.17",0.0107025566169018,0.00502011955558284,0.0330123864536798
"chr17:19963022:19968414:clu_11755:ENSG00000108599.14",0.0143671456458596,0.00632150034981492,0.0230416719881771
"chr17:19962991:19968414:clu_11755:ENSG00000108599.14",-0.0121049601687361,0.00594649946781422,0.0417860450454272
"chr17:18877870:18882568:clu_11713:ENSG00000141127.14",0.00299185407013956,0.00576960602624667,0.604071578078718
"chr17:82009567:82009956:clu_14103:ENSG00000169696.15",0.000881977417270129,0.00365669127459266,0.809403611806327
"chr17:42103798:42104766:clu_12388:ENSG00000108771.12",0.000835073873775115,0.00452862495882807,0.853700461182498
"chr17:28172618:28185179:clu_11809:ENSG00000087095.12",-0.00628825425537956,0.00469406237938918,0.180369305538434
"chr17:28637170:28637836:clu_11851:ENSG00000007202.14",0.00162290344035165,0.00493875347773691,0.74245360190788
"chr17:42785482:42787278:clu_12484:ENSG00000126562.16",-0.00012789560901525,0.00622523147940776,0.98360884186589
"chr17:43027292:43028061:clu_12522:ENSG00000108830.9",0.000154363477186501,0.00467728581896004,0.973672363518036
"chr17:44007494:44007591:clu_12572:ENSG00000161653.10",-0.0057531261472472,0.00429446486626117,0.180355654238916
"chr17:42674409:42674741:clu_12460:ENSG00000068137.14",-0.00809351360106766,0.00664913829586258,0.2235176918338
"chr17:44007773:44008448:clu_12572:ENSG00000161653.10",0.00604746999034049,0.00395399373259121,0.126150777766614
"chr17:43026047:43027183:clu_12522:ENSG00000108830.9",-0.00090102611558822,0.0046757686006699,0.847193001139595
"chr17:42673556:42673643:clu_12459:ENSG00000068137.14",0.00420648785228294,0.00551784145910257,0.445855311842298
"chr17:17819454:17819538:clu_11632:ENSG00000072310.16",0.017458420647109,0.00509469600817969,0.000610775635713989
"chr17:39213132:39213507:clu_12226:ENSG00000141750.6",0.00954241591728158,0.00436288592717812,0.0287294017896588
"chr17:47324523:47326226:clu_12755:ENSG00000178852.15",-0.0149493772814382,0.00485179935284405,0.00206166244122985
"chr17:19566859:19567096:clu_11735:ENSG00000142494.13",0.0148126109641057,0.0065529440562876,0.0237932551913498
"chr17:19783905:19785937:clu_11745:ENSG00000083290.19",-0.00919075646687352,0.0041485872290124,0.0267330127869491
"chr17:28698030:28699781:clu_11866:ENSG00000109111.14",-0.0037505421665206,0.0049225094501718,0.446109720878342
"chr17:40630286:40630714:clu_12327:ENSG00000073584.18",0.00116946850348474,0.00456694884859312,0.797895110550108
"chr17:40628993:40630714:clu_12327:ENSG00000073584.18",0.00759487973386438,0.00535490342413032,0.156102095442613
"chr17:1478192:1478410:clu_10830:ENSG00000197879.14",0.00282710069987405,0.00254615790384464,0.266852587765743
"chr17:1478492:1478616:clu_10830:ENSG00000197879.14",-0.000339683987470885,0.00256629558559508,0.894696745874792
"chr17:47142025:47142229:clu_12749:ENSG00000004897.11",-0.00623706549903609,0.00552000238975948,0.258517234170617
"chr17:48051628:48056386:clu_12819:ENSG00000082641.15",0.0149838300774584,0.00688467271681635,0.0295250558731613
"chr17:42855573:42856275:clu_12501:ENSG00000131471.6",0.00745209649722522,0.00639893099052094,0.244187179853783
"chr17:42665823:42666087:clu_12453:ENSG00000037042.8",0.0151352037021935,0.00532489318130562,0.0044782468448239
"chr17:44157941:44161871:clu_12585:ENSG00000125319.14",-0.00317454528577494,0.0043229218097116,0.462734372859531
"chr17:21126991:21172018:clu_11774:ENSG00000109016.17",-0.0106077443026012,0.00659091251424232,0.107517974519366
"chr17:7322866:7322948:clu_11294:ENSG00000215041.9",0.00344752905160123,0.00330287195179226,0.296579149388673
"chr17:48916187:48921160:clu_12857:ENSG00000159202.17",0.00402756833361658,0.00501273257363691,0.421704502207608
"chr17:45396117:45396207:clu_12687:ENSG00000159314.11",-0.015592187248958,0.00434101901969523,0.000328368416850688
"chr17:44747515:44758306:clu_12627:ENSG00000161692.17",0.000908776949244814,0.00448091073171577,0.839282940777949
"chr17:39511630:39515731:clu_12240:ENSG00000167258.13",-0.00550419160147439,0.00478945811482331,0.250460925275285
"chr17:81237459:81237551:clu_14013:ENSG00000167302.10",-0.0135050788196749,0.00390796573884607,0.000548698290750105
"chr17:21535538:21550996:clu_11786:ENSG00000212719.10",-0.0109069764533247,0.00568665003293805,0.0551114194159694
"chr17:21305128:21313492:clu_11780:ENSG00000034152.18",-0.002408494128794,0.00406175142451962,0.553201660174617
"chr17:21535538:21550996:clu_11786:ENSG00000266050.2",-0.0110931681716921,0.00568591761409699,0.0510582402689672
"chr17:82101866:82113602:clu_14151:ENSG00000176155.18",0.00581821127429516,0.0037206767159617,0.117876097374004
"chr17:63494066:63494372:clu_13235:ENSG00000159640.15",0.0013303749189028,0.00515994864169499,0.79654030008042
"chr17:37437962:37440509:clu_12147:ENSG00000276234.4",-0.00354385130584561,0.00569799211780899,0.533976464636746
"chr17:19567228:19571478:clu_11735:ENSG00000142494.13",-0.0156376110619203,0.00527998157631759,0.00305966491536258
"chr17:67736754:67737071:clu_13380:ENSG00000130935.9",-0.000259020907947586,0.00360573670380383,0.942732598183303
"chr17:42674409:42675834:clu_12460:ENSG00000068137.14",-0.00402779755155876,0.00551557657657678,0.46523209328638
"chr17:42674409:42676402:clu_12460:ENSG00000068137.14",0.00476016221719579,0.00626222685319996,0.447171563891618
"chr17:21298926:21300545:clu_11781:ENSG00000034152.18",-0.000995751514113067,0.00521839698473719,0.848670071858754
"chr17:42202808:42207558:clu_12403:ENSG00000173757.9",-0.00280917892417317,0.0048320270053834,0.560993429084764
"chr17:42202808:42207550:clu_12403:ENSG00000173757.9",0.00111524980434115,0.00501959703506462,0.82417442412319
"chr17:42470218:42477660:clu_12425:ENSG00000033627.16",-0.00808243895252431,0.00523605461459696,0.122682253567857
"chr17:2363599:2364000:clu_10914:ENSG00000141258.12",0.00180223704314542,0.00357497332221484,0.614172829027383
"chr17:76089320:76089675:clu_13758:ENSG00000182473.21",0.00431046160612488,0.00525381744512886,0.411963192148581
"chr17:44093834:44104915:clu_12582:ENSG00000108840.15",0.0066098857232012,0.00674919235295331,0.327402375348687
"chr17:19022144:19024215:clu_11715:ENSG00000154016.13",-0.00828093144375705,0.00440823703893027,0.0603109937169877
"chr17:42308333:42309047:clu_12414:ENSG00000126561.16",0.00407485631996144,0.00400558794176799,0.309014095782113
"chr17:42102312:42104766:clu_12388:ENSG00000108771.12",0.00100353527752133,0.00533790377273159,0.850875275388325
"chr17:41835116:41835203:clu_12364:ENSG00000141698.16",0.00182482309244501,0.00529363522255876,0.73030471637086
"chr17:2594006:2638099:clu_10935:ENSG00000007168.12",0.00165861606392099,0.00417279672383056,0.691011266591629
"chr17:5014837:5019996:clu_11138:ENSG00000129250.11",-0.00501313042598277,0.00388778990638097,0.197239924954617
"chr17:37628672:37629849:clu_12164:ENSG00000278053.4",0.00820072927062908,0.00540401978178434,0.129134459514993
"chr17:64591149:64593440:clu_13315:ENSG00000108854.15",0.00784574085660612,0.00806342566703257,0.330551595832617
"chr17:64551704:64554856:clu_13312:ENSG00000108854.15",-0.00033033870025489,0.00464020340307357,0.943246090700314
"chr17:63918136:63918346:clu_13278:ENSG00000259384.6",0.00826321649696498,0.0055574885335184,0.137051358336197
"chr17:64593573:64593991:clu_13316:ENSG00000108854.15",0.00142221552960147,0.00469884969450615,0.762138979390481
"chr17:4683079:4690888:clu_11062:ENSG00000141456.14",-0.00641691989978223,0.00371318383014306,0.0839622396573129
"chr17:4682952:4690888:clu_11062:ENSG00000141456.14",0.0022216319855932,0.00371714852420331,0.550059459548782
"chr17:17972974:17973852:clu_11639:ENSG00000171962.17",0.00251476079709256,0.00650816394351579,0.699199739085823
"chr17:39079164:39083459:clu_12219:ENSG00000161381.13",-0.00392055063720012,0.00430451762547991,0.362401254176286
"chr17:45478147:45482437:clu_12700:ENSG00000225190.10",0.00473541261826403,0.00532467477981013,0.373823775726261
"chr17:44436545:44438671:clu_12620:ENSG00000186566.12",0.000709172687894234,0.00453781065670911,0.87581168833276
"chr17:63917924:63918017:clu_13278:ENSG00000259384.6",0.0114307156196702,0.00552943293919626,0.0387106817508811
"chr17:64507116:64508592:clu_13302:ENSG00000258890.6",0.00210826539272841,0.00397550919768313,0.595894728415348
"chr17:48032233:48033863:clu_12815:ENSG00000005243.9",0.019619440572221,0.00411818875093702,1.89703546205067e-06
"chr17:47033381:47056460:clu_12742:ENSG00000262879.5",-0.0104241533678314,0.00671043542286563,0.120321804180215
"chr17:7230155:7230285:clu_11261:ENSG00000004975.11",-0.00172734621496717,0.0035572497465424,0.627261613725462
"chr17:82722886:82726480:clu_14215:ENSG00000141560.14",0.00535078698088668,0.00478412789189658,0.26337671111739
"chr17:7582160:7583918:clu_11336:ENSG00000233223.2",0.00108276340621089,0.00343039479601449,0.75227719085223
"chr17:81399917:81401412:clu_14025:ENSG00000266074.8",0.00106376981750483,0.00357733685750293,0.766188919523033
"chr17:81445681:81447036:clu_14026:ENSG00000266074.8",0.00311968520980701,0.0044226753653896,0.480571190051587
"chr17:80349906:80350301:clu_13962:ENSG00000173821.19",-0.00579033110954107,0.00352742498806616,0.100689963254088
"chr17:1012797:1013105:clu_10814:ENSG00000159842.14",0.00916832850063422,0.00271834298509542,0.000744177928321599
"chr17:28717425:28718122:clu_11873:ENSG00000109113.18",-0.00172737187944161,0.00619281562297805,0.780297328525618
"chr17:28633166:28633283:clu_11849:ENSG00000007202.14",0.00399711056316249,0.00709949117271867,0.573425577120042
"chr17:28662342:28673371:clu_11856:ENSG00000109111.14",-0.00635863970101335,0.00472600386570412,0.178477376391381
"chr17:28633162:28633283:clu_11849:ENSG00000007202.14",0.00297085318257766,0.00474565265950238,0.53130462822793
"chr17:43536479:43544975:clu_12553:ENSG00000175832.12",0.00641492621790303,0.00600034008034729,0.285027417108569
"chr17:44071811:44074160:clu_12576:ENSG00000141349.8",0.00594126728731227,0.005194319931224,0.25270625844047
"chr17:39213558:39214233:clu_12226:ENSG00000141750.6",-0.00686229582241345,0.00429606936544088,0.110189296935219
"chr17:18103889:18104623:clu_11656:ENSG00000108591.9",0.00613924552218344,0.00498824777670644,0.218419413499674
"chr17:18248883:18249127:clu_11675:ENSG00000177731.15",0.00442397151422311,0.00719233171233682,0.538491594638327
"chr17:47975638:47975869:clu_12809:ENSG00000108465.14",-0.00175055766347102,0.00556889731219138,0.753258664272064
"chr17:1647957:1648350:clu_10852:ENSG00000167705.11",0.00390596937068851,0.00296356946079287,0.187505362451105
"chr17:1648495:1648799:clu_10852:ENSG00000167705.11",-0.00532664296190271,0.00326704407372349,0.103013474000726
"chr17:4592448:4593822:clu_11055:ENSG00000188176.11",0.00647257009261639,0.0056857793798504,0.254962387672391
"chr17:44795112:44797563:clu_12630:ENSG00000267405.1",-0.0122754010331454,0.00592302989062859,0.0382200696323642
"chr17:38486140:38490102:clu_12179:ENSG00000275832.4",-0.00169639901106434,0.0035884537993491,0.636400005093417
"chr17:42951894:42953724:clu_12502:ENSG00000266967.6",0.0105408351520535,0.0067332007747857,0.117465392415669
"chr17:42784579:42785097:clu_12485:ENSG00000126562.16",0.00414336182483733,0.00496405170788266,0.403901632890922
"chr17:44374470:44374659:clu_12617:ENSG00000005961.17",-0.00167578807242567,0.0040309639425795,0.677608415442201
"chr17:43381660:43388289:clu_12543:ENSG00000188825.13",-0.000513559488821925,0.00477802742075528,0.914405351731014
"chr17:45230687:45232367:clu_12668:ENSG00000184922.13",-0.0037962240294692,0.00620097890573686,0.54040706921288
"chr17:44464544:44467097:clu_12620:ENSG00000186566.12",0.00685254841542989,0.00533564909592417,0.199038692736761
"chr17:44188009:44189022:clu_12589:ENSG00000168591.15",0.00149641800487658,0.00698929536252556,0.830467974836434
"chr17:38809765:38810276:clu_12210:ENSG00000273559.4",0.0155351205203751,0.00649919678957489,0.016833977455557
"chr17:37687392:37699076:clu_12166:ENSG00000275410.4",-0.00259306710168829,0.00427965855251874,0.544577748057506
"chr17:38710178:38711847:clu_12190:ENSG00000275023.4",0.0361656189802294,0.00435750884394236,1.11022302462516e-16
"chr17:45404681:45404924:clu_12692:ENSG00000159314.11",0.00331446451245026,0.00641801807344265,0.605553308019464
"chr17:38491532:38497785:clu_12180:ENSG00000275832.4",-0.00863603816809096,0.00482606396318537,0.0735411056959395
"chr17:50659368:50660923:clu_12964:ENSG00000108846.15",-0.000697791069817734,0.00348851891376382,0.841461012425467
"chr17:36514548:36515113:clu_12115:ENSG00000278259.4",-0.00992167572773889,0.00525712189788232,0.0591222988143427
"chr17:19816920:19825094:clu_11749:ENSG00000083290.19",0.00817110453389542,0.00553664978348307,0.13999192675197
"chr17:19810438:19816749:clu_11749:ENSG00000083290.19",-0.00869838514104708,0.00571803207116478,0.128204620849338
"chr17:61388708:61391977:clu_13182:ENSG00000141376.22",0.00988499444243917,0.00735950321275942,0.179219990048756
"chr17:59700189:59707371:clu_13137:ENSG00000141378.14",0.0107052490473759,0.00720277784960288,0.137208584404264
"chr17:69197122:69201500:clu_13456:ENSG00000154263.17",0.0042566116944339,0.00357480357423428,0.233761152845788
"chr17:27608010:27609196:clu_11798:ENSG00000141068.13",-0.016103995208502,0.00631504185585996,0.0107691683288946
"chr17:28714900:28715032:clu_11870:ENSG00000109113.18",0.00729485892387551,0.00426765325853018,0.0873884867253
"chr17:38318735:38320618:clu_12170:ENSG00000278845.4",0.0474639400018762,0.00439188137893483,0
"chr17:38482678:38486062:clu_12179:ENSG00000275832.4",-0.00590991330810573,0.00342847107370687,0.0847484387255796
"chr17:19920118:19924408:clu_11753:ENSG00000108599.14",-0.000554157573301455,0.00519627166658518,0.915070436913554
"chr17:58999459:59001598:clu_13121:ENSG00000108395.13",0.0201542180425999,0.00550495558289808,0.000251130227401974
"chr17:42470218:42477639:clu_12425:ENSG00000033627.16",0.00112491550025293,0.00558946638495065,0.840498146222767
"chr17:78404089:78419546:clu_13875:ENSG00000087157.18",-0.00906661924911047,0.00358267407654044,0.0113840060394226
"chr17:4189479:4194978:clu_11035:ENSG00000185722.16",-0.00207108406567172,0.00382783564456429,0.588467071735909
"chr17:19782067:19783697:clu_11745:ENSG00000083290.19",0.0155753333996694,0.00549597718824422,0.00459762934142316
"chr17:43167250:43170126:clu_12533:ENSG00000267002.2",-0.00379130284017519,0.00996739962521019,0.703670553874198
"chr17:42810928:42813948:clu_12492:ENSG00000126581.12",-0.00479934837166949,0.0069058695676346,0.487076262439155
"chr17:45097244:45098382:clu_12649:ENSG00000136448.11",0.00473852254919121,0.00640930642837824,0.459713264448923
"chr17:45096285:45097128:clu_12649:ENSG00000136448.11",-0.00916103085921524,0.00679706105223029,0.177724991161785
"chr17:18236939:18237481:clu_11667:ENSG00000131899.10",0.00668602343316085,0.00637088622838195,0.293964060599311
"chr17:18237773:18238067:clu_11667:ENSG00000131899.10",-0.0114157600030845,0.00708035570901427,0.106893524860345
"chr17:37125794:37129365:clu_12136:ENSG00000278540.4",-0.00532436464148234,0.00362983536284913,0.142421314332242
"chr17:37467525:37470400:clu_12149:ENSG00000276234.4",0.0236272231903439,0.00380983088936275,5.5875581939091e-10
"chr17:37122627:37125698:clu_12136:ENSG00000278540.4",0.00285961869351636,0.00361446822413909,0.428851273582486
"chr17:32208309:32209350:clu_12014:ENSG00000126858.16",0.0103417408510927,0.00505255881268614,0.0406745477337696
"chr17:75917842:75917931:clu_13724:ENSG00000188878.19",-0.00262998197822312,0.0040895975366288,0.520165274747646
"chr17:75917850:75917931:clu_13724:ENSG00000188878.19",0.00246664516496789,0.00385252580212813,0.52199902637676
"chr17:75902154:75904222:clu_13720:ENSG00000204316.12",0.00815485166160346,0.00409620418623641,0.0464994328306336
"chr17:783327:787965:clu_10804:ENSG00000171861.10",-0.00092545028180228,0.00277850273160763,0.739077538475183
"chr17:64160933:64171100:clu_13289:ENSG00000136478.7",-0.00200479766415512,0.00532241400080661,0.706418303908469
"chr17:61362805:61363968:clu_13185:ENSG00000267131.1",-0.000219735826141919,0.00520284273599323,0.966312317074439
"chr17:76629711:76637600:clu_13794:ENSG00000070526.14",0.00158768429819779,0.00431581913128508,0.712966038688087
"chr17:63699348:63700984:clu_13254:ENSG00000136490.8",-0.00993111916124459,0.00684664575870689,0.146916718029433
"chr17:48032741:48033211:clu_12815:ENSG00000005243.9",0.00202427884278214,0.00627144215665248,0.746863944662517
"chr17:63766194:63773412:clu_13261:ENSG00000108588.13",-0.00752991053761835,0.00718249631907824,0.29446837047482
"chr17:63415674:63418307:clu_13224:ENSG00000170921.15",0.0108011614450617,0.00588967060801008,0.0666664570185775
"chr17:63604640:63606313:clu_13244:ENSG00000136463.7",0.0145166611414416,0.00571916844005049,0.011140937884149
"chr17:63494470:63496394:clu_13235:ENSG00000159640.15",0.00306701730503158,0.00511877196284556,0.549059173279216
"chr17:63691862:63693549:clu_13252:ENSG00000198909.7",-0.008556596794607,0.00602420352881929,0.155500048482319
"chr17:75277483:75278152:clu_13582:ENSG00000125454.11",-0.0087374412258477,0.00430781011137199,0.0425317705630127
"chr17:63690412:63690993:clu_13249:ENSG00000198909.7",-0.00748460263962224,0.00570407386829748,0.189469403397298
"chr17:64154967:64160801:clu_13289:ENSG00000136478.7",0.00768529371310187,0.00633545793929976,0.225106694274919
"chr17:37620948:37621127:clu_12162:ENSG00000278053.4",-0.0373555740811616,0.00361685653716916,0
"chr17:67136198:67137931:clu_13365:ENSG00000198265.11",0.00492348447773369,0.00338644133998407,0.145979157565185
"chr17:37031685:37056601:clu_12133:ENSG00000275700.4",-0.00136716507200118,0.00366360035360891,0.70901799636194
"chr17:30285480:30286814:clu_11947:ENSG00000108578.14",-0.00444744416502299,0.00721880435016245,0.537834116672995
"chr17:59579879:59586153:clu_13134:ENSG00000108406.9",0.011137975245355,0.0063254261700398,0.078267847512646
"chr17:29167021:29169826:clu_11915:ENSG00000196535.15",0.00813709576001193,0.00514184232964745,0.113529693153032
"chr17:29167021:29180313:clu_11915:ENSG00000196535.15",-0.00393280280325659,0.00476459634983315,0.409132030570066
"chr17:21188863:21190948:clu_11776:ENSG00000109016.17",0.00843980555433058,0.00525628997178511,0.108349011039217
"chr17:59931052:59931622:clu_13144:ENSG00000108443.13",-0.00449425899528837,0.0159651129013739,0.778323099016969
"chr17:75891878:75892011:clu_13716:ENSG00000141569.10",0.000122775873264513,0.00374459410651551,0.973844047687885
"chr17:81894586:81899920:clu_14079:ENSG00000141552.17",0.00440031412043365,0.00399782727546542,0.271037522511152
"chr17:37701177:37704917:clu_12166:ENSG00000275410.4",-0.0232434742934017,0.00413288467741782,1.86551432079796e-08
"chr17:42955224:42956204:clu_12503:ENSG00000266967.6",0.00595939674749038,0.0070584935709941,0.398508859898224
"chr17:47974448:47975085:clu_12808:ENSG00000108465.14",0.0058553707329877,0.00621115137973899,0.345824626310161
"chr17:42586891:42592056:clu_12448:ENSG00000141699.10",-0.00474676403274392,0.00547109723155458,0.385609335190946
"chr17:82246039:82246198:clu_14162:ENSG00000141551.14",0.000655459429799573,0.00565164600148322,0.907670983054878
"chr17:63723326:63726638:clu_13258:ENSG00000266173.6",0.00685665287513442,0.00435990114393745,0.11579699574156
"chr17:61015901:61026866:clu_13178:ENSG00000141376.22",0.00571452619598046,0.00621470262704979,0.357825093330744
"chr17:42998831:42999933:clu_12515:ENSG00000131469.12",0.00407533550438045,0.00977220007960958,0.676653851962684
"chr17:42708916:42709846:clu_12474:ENSG00000108799.12",-0.0255734155586488,0.00669600101806156,0.000133881250852341
"chr17:18607970:18610044:clu_11698:ENSG00000154874.15",0.00815494117997632,0.00514927693428803,0.11326062094875
"chr17:27585661:27588475:clu_11793:ENSG00000141068.13",-0.00583966778522094,0.00622824978360694,0.348444993767974
"chr17:41626839:41627887:clu_12346:ENSG00000214514.7",0.00658505202538658,0.00385703208983743,0.0877691412179696
"chr17:30446020:30449553:clu_11952:ENSG00000108582.11",0.00123985396788931,0.0066890383883119,0.852949750625662
"chr17:81823513:81824287:clu_14073:ENSG00000225663.7",0.00660320718402857,0.00399923294534518,0.0987143966712477
"chr17:19385454:19386760:clu_11726:ENSG00000166482.11",0.00246226579675627,0.00758553271070714,0.74548363974361
"chr17:43517322:43520130:clu_12548:ENSG00000067596.10",-0.00295210429600828,0.00554425669636272,0.594406267806181
"chr17:43832819:43833101:clu_12562:ENSG00000161647.18",-0.00554649526357255,0.00768668990968998,0.470558055012995
"chr17:62035608:62052537:clu_13197:ENSG00000108510.9",-0.00663779601841075,0.00440101087231038,0.131492219108008
"chr17:44187431:44189022:clu_12589:ENSG00000168591.15",0.00937199129914085,0.00503351613709307,0.0626147334563351
"chr17:43532939:43533187:clu_12552:ENSG00000175832.12",-0.00316448763060617,0.00489212049725812,0.517726450308824
"chr17:39067954:39069856:clu_12216:ENSG00000161381.13",-0.00335993753907322,0.00469813584619599,0.47450772231798
"chr17:19329647:19331853:clu_11718:ENSG00000072134.15",-0.00716964855406012,0.00510038887562591,0.159811368301708
"chr17:36515182:36515858:clu_12115:ENSG00000278259.4",0.00702017971643985,0.00455855565451195,0.123560139081726
"chr17:47808990:47809076:clu_12787:ENSG00000006025.11",-0.00871008031895407,0.00544543428158277,0.109705137778609
"chr17:36486785:36486935:clu_12106:ENSG00000273611.4",-0.00902968832341356,0.00335704155533224,0.00715000892280071
"chr17:44084675:44085022:clu_12578:ENSG00000108840.15",0.0217770594866856,0.00603019875962742,0.000304626494477156
"chr17:81536267:81536622:clu_14036:ENSG00000186765.11",-0.000823761786400365,0.00369419231420765,0.82354458672674
"chr17:4881040:4881132:clu_11087:ENSG00000141503.15",0.00294766770446948,0.00394105505009644,0.454497115787971
"chr17:4881040:4881114:clu_11087:ENSG00000141503.15",-0.000650473380442066,0.00421500355327517,0.877354803704625
"chr17:64519436:64520486:clu_13305:ENSG00000258890.6",-0.00642186303606951,0.00513863270028109,0.211401068048138
"chr17:19781104:19781889:clu_11745:ENSG00000083290.19",0.00108180011257997,0.00511498849284384,0.832500175930471
"chr17:45244025:45244176:clu_12677:ENSG00000184922.13",0.000751556625019952,0.00482642473059345,0.876256056516555
"chr17:45244027:45244176:clu_12677:ENSG00000184922.13",-0.00482830296237408,0.0051652095580089,0.349904845000907
"chr17:28624390:28631479:clu_11847:ENSG00000007202.14",0.0152983252055799,0.00658667779270668,0.0201997742696247
"chr17:28858486:28858580:clu_11887:ENSG00000132591.11",0.00188547836532268,0.00408835356734462,0.644667457282463
"chr17:59064405:59070823:clu_13124:ENSG00000108395.13",0.0083319817520458,0.00545239105931569,0.126479380934623
"chr17:28859283:28860577:clu_11889:ENSG00000132591.11",0.00415145756003859,0.00522029727218455,0.426466292383439
"chr17:28885947:28888945:clu_11894:ENSG00000132589.15",0.00866032450704834,0.00489759071376644,0.0770136690465048
"chr17:47708240:47708394:clu_12782:ENSG00000198933.9",0.0158706212036094,0.0114795978838124,0.166816168916379
"chr17:30439077:30442308:clu_11951:ENSG00000108582.11",0.000376999206105222,0.00667245278060307,0.954942824087417
"chr17:8176026:8176200:clu_11419:ENSG00000179029.14",-0.0173091974507994,0.00386884310852422,7.67703558701704e-06
"chr17:30878096:30879423:clu_11971:ENSG00000176208.8",0.00666752028254175,0.00378774793097674,0.078359298596973
"chr17:82017088:82017309:clu_14106:ENSG00000169696.15",0.00766595368695184,0.00345149238109374,0.026347250613531
"chr17:28910833:28911112:clu_11897:ENSG00000109118.13",-0.0102191318500252,0.00677225446363601,0.131306335079105
"chr17:29569359:29571857:clu_11919:ENSG00000167543.15",0.00837140479543205,0.00787914253606255,0.288019362677421
"chr17:17512654:17522280:clu_11623:ENSG00000133027.17",-0.00508304184945419,0.00531363738342612,0.338767637218277
"chr17:28672858:28673371:clu_11856:ENSG00000109111.14",0.00309748008211807,0.00502376823811931,0.537521631210397
"chr17:19386838:19387150:clu_11727:ENSG00000166482.11",-0.00534159030251917,0.00815053677253963,0.512231692748685
"chr17:19386838:19387041:clu_11727:ENSG00000166482.11",0.00705383526916982,0.00765771907402986,0.356977071568866
"chr17:18911251:18923914:clu_11708:ENSG00000141127.14",0.0084925211665337,0.00710585263738293,0.232030552404041
"chr17:18248721:18248800:clu_11675:ENSG00000177731.15",-0.00721959518110528,0.00686465786616643,0.292934904267665
"chr17:19939849:19941826:clu_11756:ENSG00000108599.14",0.0051400501789664,0.00720577113829367,0.475645230608805
"chr17:32008132:32017972:clu_12006:ENSG00000185158.12",-0.00589610487336715,0.00426376504978468,0.166713930164976
"chr17:29116455:29117690:clu_11911:ENSG00000196535.15",0.00899000993300937,0.00657075907619683,0.17125436962307
"chr17:42730918:42745011:clu_12477:ENSG00000108799.12",0.00786159060582575,0.00580190375935966,0.175416952324448
"chr17:63545945:63548802:clu_13240:ENSG00000173826.14",-0.00951273812903839,0.00472641372397011,0.0441487556503133
"chr17:63799625:63800468:clu_13263:ENSG00000198231.12",0.00449859474718168,0.00512144353284921,0.379735291093534
"chr17:63714108:63726638:clu_13258:ENSG00000266173.6",0.0107608609446494,0.0088369496141034,0.223333376959387
"chr17:42956325:42956404:clu_12504:ENSG00000266967.6",0.00879208117903741,0.0053096279217079,0.0977470955261669
"chr17:42956320:42956404:clu_12504:ENSG00000266967.6",-0.00847921785719124,0.00511437172585683,0.0973336666352879
"chr17:28359404:28360151:clu_11824:ENSG00000244045.12",-0.00347460332875369,0.00505944057499578,0.492236232490892
"chr17:37442652:37444696:clu_12148:ENSG00000276234.4",0.0382591109514705,0.00403538871493516,0
"chr17:37440662:37442564:clu_12148:ENSG00000276234.4",-0.00546840153652461,0.00354669168184682,0.123114505458465
"chr17:15708247:15716000:clu_11543:ENSG00000187607.15",-0.000527311161974425,0.00329324112536412,0.872787170299841
"chr17:29578988:29581338:clu_11925:ENSG00000108262.15",-0.0104706252506911,0.00681058682395231,0.12419434187679
"chr17:48922937:48926964:clu_12861:ENSG00000159202.17",0.018020851756611,0.00542606435417172,0.000896427179620796
"chr17:29618971:29619060:clu_11939:ENSG00000167549.18",-0.00683560161527001,0.00573918925084283,0.233638043061519
"chr17:44085155:44086572:clu_12578:ENSG00000108840.15",-0.0156786024028227,0.00549198911080794,0.00430621636593609
"chr17:19739095:19739508:clu_11742:ENSG00000108602.17",-0.00408419214697441,0.00487398079079646,0.402054182699065
"chr17:19796282:19797396:clu_11747:ENSG00000083290.19",-0.00179210352082242,0.00632288041830471,0.776846079640666
"chr17:30420983:30421664:clu_11950:ENSG00000108582.11",0.00661265524788588,0.00979873659838272,0.499772505950645
"chr17:48056598:48057344:clu_12819:ENSG00000082641.15",0.0235826163172028,0.00942960369046288,0.0123873684062412
"chr17:59893325:59910562:clu_13142:ENSG00000108443.13",0.0379759254486801,0.00817313806712409,3.3772635009699e-06
"chr17:45404334:45404445:clu_12691:ENSG00000159314.11",-0.00506892970641297,0.00657048455394804,0.440428579212768
"chr17:19385454:19385834:clu_11726:ENSG00000166482.11",0.0086568557145081,0.0101379641906393,0.393157770939856
"chr17:30116863:30172542:clu_11944:ENSG00000126653.17",0.0061942825066549,0.00752523354810347,0.410431273396558
"chr17:42574210:42577213:clu_12446:ENSG00000131470.14",0.0127756324265198,0.00619182281322616,0.0390834529659575
"chr17:42719207:42720273:clu_12475:ENSG00000108799.12",-0.0154642747682191,0.00741794542065103,0.0370955127577479
"chr17:48112111:48112574:clu_12826:ENSG00000002919.14",0.0227915356325661,0.00679418884936695,0.000794904035804511
"chr17:48112085:48112574:clu_12826:ENSG00000002919.14",-0.0284015865372269,0.00687198888852897,3.58136644161844e-05
"chr17:19595925:19596013:clu_11737:ENSG00000228983.9",0.00491489346090295,0.00529381428444741,0.353188729050151
"chr17:45475726:45477900:clu_12700:ENSG00000225190.10",-0.0119011936882249,0.00534895903667777,0.026084252497637
"chr17:28714710:28714793:clu_11870:ENSG00000109113.18",-0.00911966058916742,0.00451317569415692,0.0433134356420068
"chr17:59817773:59834012:clu_13140:ENSG00000062716.12",-0.029458881137751,0.00763309733133965,0.000113683715208701
"chr17:63579943:63583502:clu_13241:ENSG00000136485.14",0.00582462044181812,0.00618329785511441,0.346196460133531
"chr17:21184463:21188711:clu_11776:ENSG00000109016.17",-0.00479733023865556,0.00657923170324535,0.465902155247915
"chr17:30997662:30998662:clu_11976:ENSG00000181481.13",0.00962509453988823,0.00591313880741151,0.103578521772184
"chr17:43379262:43381273:clu_12542:ENSG00000188825.13",0.00534224721585914,0.00504123804077994,0.28927683619734
"chr17:60126865:60128541:clu_13158:ENSG00000267248.1",0.0010658992713603,0.00605438999312422,0.860251558563651
"chr17:42538755:42543028:clu_12433:ENSG00000108784.9",0.000305951396988137,0.00639641833679743,0.961850393194703
"chr17:59962616:59962827:clu_13150:ENSG00000189050.15",-0.0129963425800581,0.00895704113478284,0.146789936313261
"chr17:19743463:19744968:clu_11743:ENSG00000108602.17",-0.00236478737504918,0.0050402157838287,0.638938295072272
"chr17:63606440:63607287:clu_13244:ENSG00000136463.7",-0.00874416360527898,0.00544533527376207,0.108316075720906
"chr17:59834050:59838295:clu_13140:ENSG00000062716.12",-0.00765133752434396,0.00671033899987491,0.254190015007392
"chr17:54953759:54961119:clu_13017:ENSG00000166260.10",0.0046132224411721,0.00429548914041572,0.282836548190282
"chr17:19415592:19415705:clu_11731:ENSG00000128482.15",0.0156581686827396,0.00761628627277702,0.0397941089081311
"chr17:60887211:60889695:clu_13176:ENSG00000141376.22",-0.000484197603307089,0.00633685476787222,0.939093098505646
"chr17:28715276:28715456:clu_11872:ENSG00000109113.18",0.00180453125260914,0.00554021426238594,0.744639944516273
"chr17:28715214:28715456:clu_11872:ENSG00000109113.18",-0.000657807738859812,0.00576369654807166,0.909135146509693
"chr17:18353817:18355886:clu_11688:ENSG00000176974.19",0.0125090221990417,0.00502455862827755,0.0127895454434059
"chr17:60075833:60076130:clu_13155:ENSG00000068097.14",-0.0154931833643089,0.00745975574580502,0.0378105836496171
"chr17:60046229:60047309:clu_13152:ENSG00000068097.14",-0.0022433217941544,0.00969066490718765,0.816931766624655
"chr17:75573278:75573481:clu_13624:ENSG00000073350.13",0.0107391326785751,0.00504860586601859,0.033407774823578
"chr17:30118173:30127859:clu_11944:ENSG00000126653.17",-0.00273255550334109,0.0116183454701601,0.814058806748116
"chr17:17997634:18004363:clu_11645:ENSG00000171962.17",-0.00195894191710118,0.00555212659527325,0.724217904928072
"chr17:19804830:19810378:clu_11748:ENSG00000083290.19",-0.00617770254382033,0.00704817466595036,0.380760015005982
"chr17:30116863:30118080:clu_11944:ENSG00000126653.17",0.0123108866726616,0.00829693705891179,0.137865458585986
"chr17:43522226:43536412:clu_12550:ENSG00000067596.10",0.000380100200430648,0.00519794068365327,0.941706527162152
"chr17:45024724:45030092:clu_12645:ENSG00000172992.11",-0.000260785999770736,0.00490034104370361,0.957558270900999
"chr17:28856582:28858374:clu_11886:ENSG00000132591.11",-0.0103134791803964,0.0131882238110355,0.434201732756369
"chr17:47335356:47341391:clu_12756:ENSG00000178852.15",0.0133356074039253,0.0049087620824347,0.0065937421206016
"chr17:18253458:18253599:clu_11677:ENSG00000177731.15",-0.00175293007989653,0.00743812132687285,0.813689999956345
"chr17:29082438:29086438:clu_11906:ENSG00000196535.15",0.00537946915740582,0.013243167159384,0.684590402715672
"chr17:60205658:60207021:clu_13162:ENSG00000170832.12",-0.0111530165882573,0.00650554328026002,0.0864577376358935
"chr17:28649276:28655287:clu_11852:ENSG00000132581.9",0.00155616408141828,0.00802448728967235,0.846233106974239
"chr17:47151936:47154672:clu_12750:ENSG00000004897.11",0.0111891180267359,0.00619093882395076,0.0707096188242919
"chr17:59001755:59012328:clu_13121:ENSG00000108395.13",-0.0207472415319075,0.00834464273000277,0.0129081000100234
"chr17:30484770:30490126:clu_11954:ENSG00000108587.15",0.0171847489269265,0.00856383657338949,0.0447853723981849
"chr17:42854733:42855299:clu_12501:ENSG00000131471.6",-0.0135534407666251,0.00966741696248929,0.16092382829445
"chr17:30449748:30451711:clu_11952:ENSG00000108582.11",0.000898582686390879,0.00646079875699148,0.889385122729044
"chr17:19385454:19386310:clu_11726:ENSG00000166482.11",-0.00214066669227079,0.00762599298722955,0.778935433150072
"chr17:19386464:19386760:clu_11726:ENSG00000166482.11",0.00927726165569905,0.00657236887904593,0.15808096297609
"chr17:29133858:29137016:clu_11914:ENSG00000196535.15",0.0141799962759426,0.00713771303354011,0.0469633919286335
"chr17:28911237:28912482:clu_11898:ENSG00000109118.13",-0.0133380022626535,0.00825349499226655,0.106085030900052
"chr17:61084564:61354362:clu_13181:ENSG00000141376.22",0.0097515134550429,0.00633136627032321,0.123513798902702
"chr17:64348322:64350380:clu_13291:ENSG00000261371.5",0.000508682728081334,0.00557920383190669,0.927353707545771
"chr17:39556413:39564760:clu_12243:ENSG00000167258.13",-0.00511685343444099,0.00507860883234358,0.313679895353378
"chr17:21573735:21574240:clu_11786:ENSG00000266050.2",0.00490696781526337,0.00720081799816605,0.495589395359933
"chr17:21573735:21574240:clu_11786:ENSG00000212719.10",0.00496318913903467,0.00698703901283943,0.477491914539622
"chr17:64779669:64779981:clu_13321:ENSG00000214176.9",0.00299713147883135,0.0057748481223408,0.603762515961328
"chr17:43520267:43520751:clu_12549:ENSG00000067596.10",-0.000441008152927424,0.00416449584290921,0.915663972095154
"chr17:43520879:43521369:clu_12549:ENSG00000067596.10",-0.000276373961749736,0.00430508904917856,0.948813336519062
"chr17:59838212:59838312:clu_13140:ENSG00000062716.12",-0.00989079269788833,0.0092828637511722,0.28665453110618
"chr17:28911384:28912482:clu_11898:ENSG00000109118.13",0.0172980175803761,0.00707858209854974,0.0145370170379649
"chr17:27294435:27301788:clu_11788:ENSG00000109046.14",0.00678948751765998,0.00621718152106132,0.274810104059966
"chr17:60198444:60205447:clu_13162:ENSG00000170832.12",0.0163212449989003,0.00703517633534917,0.0203436772047768
"chr17:30431881:30438975:clu_11951:ENSG00000108582.11",0.00954568207290593,0.0107206791403365,0.373251674791755
"chr17:60156715:60157427:clu_13159:ENSG00000167434.9",0.00673035088073825,0.0089349340108649,0.451292178375946
"chr17:59070947:59075647:clu_13125:ENSG00000108395.13",0.0046536596917939,0.00629597566106987,0.45981695190333
"chr17:59935300:59936215:clu_13146:ENSG00000108443.13",0.00524409308944649,0.00878494525254401,0.550546841975165
"chr17:18917536:18923914:clu_11708:ENSG00000141127.14",0.0247462051391464,0.00641165394199444,0.000113588317233737
