"phenotype","causal_b","causal_se","causal_p"
"chr18:48758411:48761390:clu_24514:ENSG00000134030.13",0.00911826844186362,0.00242659413923476,0.00017152305581758
"chr18:47848687:47851274:clu_24506:ENSG00000175387.15",0.00721689277408334,0.00362403239161252,0.0464370908343759
"chr18:48758405:48761390:clu_24514:ENSG00000134030.13",-0.0100573200582946,0.0024997256559483,5.73713702769485e-05
"chr18:47896809:47920072:clu_24509:ENSG00000175387.15",0.000927345400678112,0.00295934415339518,0.754005805499023
"chr18:48817376:48857588:clu_24516:ENSG00000134030.13",-0.00281576069481598,0.00270337960658884,0.297610809359438
"chr18:48948437:48949812:clu_24520:ENSG00000101665.8",-0.00269775176854837,0.00313327047373545,0.389237007612505
"chr18:49802853:49813682:clu_24534:ENSG00000167315.17",-0.0090116201988528,0.00400752592469727,0.0245332310658476
"chr18:49418057:49430255:clu_24527:ENSG00000141627.13",-0.00312732737919125,0.00510530562873652,0.540164546049335
"chr18:49363233:49378567:clu_24525:ENSG00000141627.13",-0.00219707055098487,0.00393481977328155,0.576594316017188
"chr18:49802853:49813817:clu_24534:ENSG00000167315.17",0.00489100971611323,0.00419933635364098,0.24413633500932
"chr18:49391645:49430255:clu_24527:ENSG00000141627.13",-0.00572779583133733,0.00298050028653621,0.0546364028553752
"chr18:48921910:48949812:clu_24520:ENSG00000101665.8",0.00443517812718868,0.00392612488662459,0.25862038915812
"chr18:49286616:49331864:clu_24524:ENSG00000141627.13",0.0131487001820017,0.00281499949957242,2.99821185523186e-06
"chr18:49393742:49430255:clu_24527:ENSG00000141627.13",-0.00240351345034702,0.00358146442059039,0.502158129321391
"chr18:49286613:49331864:clu_24524:ENSG00000141627.13",-0.0157036521373062,0.00290786073058697,6.64872361610946e-08
"chr18:9208803:9211584:clu_24135:ENSG00000101745.16",0.00101462377185271,0.0024796577763611,0.682408339089292
"chr18:9204544:9208657:clu_24134:ENSG00000101745.16",0.00537010769987275,0.00266544761652138,0.0439348969996352
"chr18:45887907:45889798:clu_24477:ENSG00000152223.12",0.00153413987880324,0.00386361233975753,0.691312916543144
"chr18:46105368:46123299:clu_24483:ENSG00000152240.12",-0.00100778873916383,0.00328595647784947,0.759074999117997
"chr18:7926683:7949181:clu_24117:ENSG00000173482.16",0.00155767385200431,0.00328909835675064,0.635794528155693
"chr18:31852504:31852595:clu_24366:ENSG00000153339.13",-0.000252998335924098,0.00367185256611324,0.945067550571635
"chr18:32113860:32123518:clu_24372:ENSG00000134758.13",0.00816472673918831,0.00344707306643076,0.0178557001135983
"chr18:31867476:31870372:clu_24367:ENSG00000153339.13",0.00566539211396592,0.00279417268280875,0.0426037363927183
"chr18:31871120:31873430:clu_24367:ENSG00000153339.13",-0.00474641018012195,0.00279583137249699,0.0895693109174763
"chr18:3456580:3457397:clu_24087:ENSG00000177426.20",-0.000197859896578442,0.00245505189916471,0.935765666048596
"chr18:3451775:3456354:clu_24084:ENSG00000177426.20",0.00301956471852491,0.00332719392593112,0.36412080754982
"chr18:50723520:50725962:clu_24557:ENSG00000141639.11",0.00278526344803673,0.00478930533629938,0.560863790813174
"chr18:50280017:50281363:clu_24548:ENSG00000141644.17",0.000264294002200698,0.0040168520523823,0.947540002124906
"chr18:45739662:45752178:clu_24471:ENSG00000141469.16",-0.00327192560510988,0.00535378075234293,0.541104917984968
"chr18:674406:675321:clu_24041:ENSG00000132199.18",-0.00845590385984102,0.00391413733863446,0.0307456391527262
"chr18:686008:688519:clu_24042:ENSG00000132199.18",-0.00400027302851371,0.00309371550331623,0.196000004736262
"chr18:693178:693882:clu_24043:ENSG00000132199.18",-0.00354430109660586,0.00345606560498711,0.305112885960539
"chr18:690631:693882:clu_24043:ENSG00000132199.18",-0.00113500130435575,0.00420398396370897,0.787173862519971
"chr18:693175:693882:clu_24043:ENSG00000132199.18",-0.00338905442583842,0.00293681670230968,0.248504642936343
"chr18:677444:677743:clu_24041:ENSG00000132199.18",-0.00307134663053248,0.00347862365696326,0.377279460885265
"chr18:690745:691068:clu_24043:ENSG00000132199.18",-0.00055858830752622,0.00282103112230951,0.843038367173901
"chr18:690631:691068:clu_24043:ENSG00000132199.18",0.00624233513410222,0.00303647528381837,0.0398034098686287
"chr18:686008:688574:clu_24042:ENSG00000132199.18",-0.000976222883210137,0.00316067782243288,0.757424191149661
"chr18:675402:683246:clu_24041:ENSG00000132199.18",0.00853711981861416,0.00595252965518846,0.151515111419046
"chr18:675402:677345:clu_24041:ENSG00000132199.18",-0.00375732721129815,0.00340335056021442,0.269589544274515
"chr18:5293327:5293972:clu_24098:ENSG00000198081.10",-0.0013476742545108,0.00297869871621469,0.650954017300411
"chr18:5294001:5294801:clu_24098:ENSG00000198081.10",0.00163659014689276,0.0029163344387681,0.574674464867254
"chr18:50273471:50273564:clu_24544:ENSG00000141644.17",2.84538005373482e-05,0.00398799713959274,0.994307253808782
"chr18:50269818:50272677:clu_24542:ENSG00000141644.17",0.00528337418290555,0.00387882649507654,0.173164325966612
"chr18:50269818:50272677:clu_24542:ENSG00000172361.5",0.00531804524725183,0.00387595223169567,0.170044260113802
"chr18:50273426:50273564:clu_24544:ENSG00000141644.17",-0.00429271877006834,0.00389059619171237,0.269871913811315
"chr18:49488566:49489359:clu_24528:ENSG00000177576.11",-0.00339870166687872,0.00525807275151679,0.518034693116447
"chr18:49491584:49491736:clu_24529:ENSG00000265681.7",-0.00856960821372872,0.00363189095399941,0.0182973877241889
"chr18:49488566:49489359:clu_24528:ENSG00000265681.7",-0.00339870166687872,0.00525807275151679,0.518034693116447
"chr18:75211916:75285448:clu_24736:ENSG00000179981.9",-0.000384903435805823,0.00321898086525729,0.904821350837319
"chr18:75211243:75285448:clu_24736:ENSG00000179981.9",0.00254457814226237,0.00385196886955676,0.508874280139797
"chr18:58863750:58865304:clu_24636:ENSG00000074657.13",0.000909056860154235,0.00302387487894081,0.763699337046083
"chr18:58723251:58733397:clu_24631:ENSG00000172175.12",-0.00526929017626557,0.00269675491957174,0.0507086261187086
"chr18:58865385:58865470:clu_24636:ENSG00000074657.13",0.00015587844295242,0.00298347882453633,0.958331716596685
"chr18:58723251:58726270:clu_24631:ENSG00000172175.12",0.0098383999997609,0.0033104444036566,0.00295936778672135
"chr18:59140035:59148179:clu_24651:ENSG00000166562.8",0.000524476339940278,0.00350643561251972,0.881099655877972
"chr18:58948229:58953518:clu_24638:ENSG00000074657.13",0.00366294213567847,0.00363878748584565,0.314108716407893
"chr18:58828703:58831686:clu_24635:ENSG00000267593.1",-0.00591897548823918,0.00266510868364249,0.0263568299924231
"chr18:79253541:79277054:clu_24766:ENSG00000166377.19",-0.00396177137021298,0.00230283113984416,0.0853612812127049
"chr18:79977701:79986602:clu_24792:ENSG00000141759.14",-0.00978194321716301,0.00309649075197951,0.00158288873767332
"chr18:79986750:79988240:clu_24792:ENSG00000141759.14",-0.0156013412792404,0.00400056798369606,9.62795109422654e-05
"chr18:79934022:79943329:clu_24789:ENSG00000122490.18",-0.0172331109346724,0.0043345684238604,7.0161163309379e-05
"chr18:11689939:11752853:clu_24167:ENSG00000141404.15",0.00129009898415339,0.00284586284197526,0.650315185944455
"chr18:12438624:12438890:clu_24189:ENSG00000267199.1",-0.00160316895443675,0.00244911596438711,0.512731202715807
"chr18:48619745:48636614:clu_24512:ENSG00000134030.13",0.0012235069171536,0.002601340304678,0.638114178270102
"chr18:48619745:48625189:clu_24512:ENSG00000134030.13",-0.00428678823871197,0.003158950829188,0.17477196058364
"chr18:2796521:2800523:clu_24072:ENSG00000101596.14",0.00381361862526664,0.00297188496557995,0.199410721178431
"chr18:2752552:2760652:clu_24068:ENSG00000101596.14",-0.00177413469167148,0.00271702488896827,0.513775868372794
"chr18:3466357:3467127:clu_24085:ENSG00000266835.5",-0.003999488917021,0.00238354847190667,0.0933557334190952
"chr18:2772372:2775734:clu_24070:ENSG00000101596.14",0.00282287206727216,0.00261464794065908,0.280303618314446
"chr18:48041123:48185934:clu_24510:ENSG00000184828.9",0.00476206050473163,0.00358363602254207,0.183902455490039
"chr18:35468742:35497719:clu_24408:ENSG00000153391.15",0.00634468911187317,0.00542441687658443,0.242140369313984
"chr18:36744193:36746945:clu_24435:ENSG00000134775.15",0.00427593868396933,0.00393401186686886,0.277074132091451
"chr18:36742856:36744032:clu_24435:ENSG00000134775.15",-0.00014934655060587,0.00374669590943555,0.968204049205193
"chr18:35972840:35974896:clu_24413:ENSG00000141428.16",0.00514862231415539,0.00352462505603493,0.144082016303489
"chr18:35468742:35497719:clu_24408:ENSG00000267583.5",0.00634468911187317,0.00542441687658443,0.242140369313984
"chr18:70006484:70017407:clu_24715:ENSG00000176225.13",-0.00289826351262273,0.00257804843057534,0.260924657786754
"chr18:49097515:49163685:clu_24522:ENSG00000141627.13",-0.00561577158458739,0.00269340915858409,0.0370688459376517
"chr18:47134704:47136339:clu_24504:ENSG00000167220.11",0.00913065941341511,0.00325843649533627,0.00507617394479931
"chr18:63656061:63656831:clu_24687:ENSG00000057149.15",0.00465188942571952,0.00328828542995902,0.157160753665809
"chr18:63712693:63720013:clu_24693:ENSG00000206072.12",0.00469573497961521,0.00433359089169747,0.278556941930042
"chr18:63656986:63657270:clu_24687:ENSG00000057149.15",-0.00706389619688187,0.00335584607743799,0.0352954532209875
"chr18:63703006:63710179:clu_24691:ENSG00000206072.12",-0.0017139578033033,0.00389766649456733,0.660125811254677
"chr18:22169682:22171108:clu_24265:ENSG00000141448.8",9.82555324615091e-05,0.00596946939706763,0.986867671577633
"chr18:32124845:32126693:clu_24372:ENSG00000134758.13",-0.00179334683430269,0.00319913405170105,0.575088947228656
"chr18:54187837:54188874:clu_24571:ENSG00000134046.11",-0.00487633527748447,0.00688653683552102,0.478885094284947
"chr18:41955359:41957570:clu_24450:ENSG00000078142.12",0.0102911598524473,0.00316482531292323,0.00114704617330197
"chr18:76491689:76492176:clu_24740:ENSG00000265778.2",0.000208286495760411,0.00239063828503643,0.930571443891245
"chr18:34884776:34887766:clu_24393:ENSG00000134769.21",-0.000728155997896621,0.00647275538372866,0.910430519860273
"chr18:34851928:34858285:clu_24390:ENSG00000134769.21",-0.00660522382837673,0.00456121615128277,0.147581317049537
"chr18:76990060:77016832:clu_24751:ENSG00000197971.14",0.000729045968007001,0.00256388932917089,0.77614096568087
"chr18:77017268:77066298:clu_24751:ENSG00000197971.14",-0.00299043247087758,0.00269461559995546,0.267093524480321
"chr18:76984894:76988877:clu_24752:ENSG00000197971.14",-0.00422149556455417,0.00211694990325115,0.0461367009866283
"chr18:76880316:76881284:clu_24745:ENSG00000130856.15",-0.00343767560495144,0.0025490720970265,0.177465862074513
"chr18:76362557:76378855:clu_24738:ENSG00000101493.10",0.00215060727311217,0.00338252310963002,0.52490696477098
"chr18:11895277:11896984:clu_24171:ENSG00000154889.16",-0.00270525880651292,0.00326194126144259,0.406911966135374
"chr18:11981765:11999054:clu_24176:ENSG00000141401.11",-0.00826015074756632,0.00331045517838665,0.0125896551340778
"chr18:58934614:58939445:clu_24638:ENSG00000074657.13",0.00628455366788789,0.00317089863596625,0.0474851506194548
"chr18:59152685:59155688:clu_24652:ENSG00000166562.8",0.00209267118379653,0.00330796945684928,0.526985072298903
"chr18:59152612:59155688:clu_24652:ENSG00000166562.8",0.00305532970151023,0.00344062992840831,0.374532883505771
"chr18:57731832:57761825:clu_24617:ENSG00000081923.11",-0.00803457279073517,0.00283123254855122,0.00454205565742005
"chr18:57697867:57701039:clu_24616:ENSG00000081923.11",-0.00119055478118589,0.00275987002640488,0.666191549964076
"chr18:58733980:58734307:clu_24633:ENSG00000172175.12",0.00342262012814737,0.0030671186891155,0.264461817709139
"chr18:58733574:58734451:clu_24633:ENSG00000172175.12",0.00112949694601988,0.00307651547071055,0.713518214835732
"chr18:58694908:58697177:clu_24625:ENSG00000267476.1",-0.000258114578850765,0.00259563111697001,0.92078738903419
"chr18:58953799:58979055:clu_24638:ENSG00000074657.13",-0.00357576926641447,0.00336633900256464,0.288138970422092
"chr18:45739662:45748172:clu_24471:ENSG00000141469.16",-0.00157356505967727,0.00629037211460168,0.802467849775119
"chr18:46450400:46450704:clu_24490:ENSG00000141622.13",0.000995523423792513,0.00289157044552134,0.730632199708987
"chr18:46450799:46455974:clu_24490:ENSG00000141622.13",-0.000867239348673098,0.00348442602581668,0.803445747556484
"chr18:45993703:45997749:clu_24480:ENSG00000152229.18",-0.00140520121117136,0.00335737492351664,0.675551147604137
"chr18:32092886:32111754:clu_24372:ENSG00000134758.13",0.013891101705068,0.00451736101470238,0.00210468716939527
"chr18:23560480:23561360:clu_24298:ENSG00000141458.12",0.00135531616432455,0.00355436106220515,0.702972660707672
"chr18:23519174:23520202:clu_24287:ENSG00000141452.9",-0.00338076083853951,0.00329182816498602,0.304412837995629
"chr18:23520313:23524130:clu_24287:ENSG00000141452.9",0.00419273355517394,0.00335543549964229,0.211469519379739
"chr18:22914306:22915420:clu_24266:ENSG00000101773.18",-0.00741449673668255,0.0034863878027989,0.0334451177689106
"chr18:23533517:23534446:clu_24284:ENSG00000141458.12",-0.00458126725237284,0.00452469572511874,0.311297691534631
"chr18:23365668:23368715:clu_24275:ENSG00000134490.13",-0.00197230764237162,0.00419088845592338,0.63791353433244
"chr18:24196200:24225042:clu_24334:ENSG00000141447.17",-0.00547750992995432,0.00369668425868001,0.138410569780219
"chr18:24341658:24366892:clu_24337:ENSG00000141447.17",0.00497164212660903,0.00297224577395435,0.094388581211141
"chr18:24225198:24239220:clu_24336:ENSG00000141447.17",-0.00233108927029981,0.00351187947762976,0.506835883515239
"chr18:24426792:24427919:clu_24339:ENSG00000154059.9",-0.00670828467570912,0.00397908722128127,0.0918178927677458
"chr18:24366966:24368287:clu_24338:ENSG00000141447.17",-0.0029254502159009,0.00314804208747483,0.352737798400025
"chr18:76809504:76822016:clu_24743:ENSG00000264278.1",0.00405287635611721,0.00244252277370736,0.0970554940058994
"chr18:36780188:36781799:clu_24436:ENSG00000134779.14",-0.00143714809128939,0.00223127106957403,0.51951454392658
"chr18:57642052:57668006:clu_24612:ENSG00000267040.6",-0.00574343877304963,0.00342654764500325,0.0937070470047879
"chr18:57573365:57580073:clu_24607:ENSG00000066926.10",0.00474721898166341,0.00268925094020572,0.0775205868552163
"chr18:57573365:57580055:clu_24607:ENSG00000066926.10",-0.00497550211765346,0.00284721778738748,0.0805513123996853
"chr18:58044708:58165788:clu_24618:ENSG00000049759.17",-0.00219474636391618,0.00369414524860739,0.552435332974477
"chr18:58333892:58335478:clu_24622:ENSG00000049759.17",-0.00168052476716152,0.00320978325996257,0.600582301983888
"chr18:58351045:58357194:clu_24623:ENSG00000049759.17",-0.000678876237402381,0.0038804906940398,0.861122082555733
"chr18:58953282:58953518:clu_24638:ENSG00000074657.13",-0.0129511999762812,0.00500289035409772,0.00963268111265037
"chr18:57642052:57668006:clu_24612:ENSG00000267787.5",-0.00574343877304963,0.00342654764500325,0.0937070470047879
"chr18:69011104:69054030:clu_24713:ENSG00000150636.17",-0.00243187886191549,0.00294500391696901,0.408937854579325
"chr18:68700485:68701745:clu_24708:ENSG00000166479.9",-0.00452920338074958,0.00306885789942008,0.139981587916109
"chr18:76528963:76557975:clu_24741:ENSG00000263812.5",-0.00233044165640007,0.00243846605313607,0.339223895174902
"chr18:76816171:76816755:clu_24743:ENSG00000264278.1",-0.00280262810806102,0.0019736675188387,0.155604696830484
"chr18:13105079:13116374:clu_24221:ENSG00000101639.18",0.000955140276722485,0.00426116863979988,0.822640710810843
"chr18:12439106:12447544:clu_24189:ENSG00000267199.1",0.00681398160076554,0.00215756111627287,0.00158753653399468
"chr18:12308349:12308687:clu_24180:ENSG00000176014.12",0.00988851385887852,0.00378510415238252,0.00898876066988896
"chr18:12443575:12447544:clu_24189:ENSG00000267199.1",-0.00405553679148692,0.00321177203681609,0.206693405155295
"chr18:12308795:12310943:clu_24180:ENSG00000176014.12",-0.0104799425780994,0.00312817200178032,0.000807587541990173
"chr18:12443272:12443393:clu_24189:ENSG00000267199.1",-0.00914391230191751,0.00303549978205197,0.0025925475097347
"chr18:54283015:54283743:clu_24578:ENSG00000101751.10",0.00361177753553788,0.00296481889449421,0.223143474437779
"chr18:54283015:54283922:clu_24578:ENSG00000101751.10",-0.00291328523058408,0.00254067019699259,0.251522112577391
"chr18:10472061:10475887:clu_24158:ENSG00000154856.12",0.00276500835938228,0.00332904550608253,0.406216073252176
"chr18:10455039:10471530:clu_24158:ENSG00000154856.12",0.00227452645946024,0.00305602908544465,0.456710041015467
"chr18:10526158:10530770:clu_24159:ENSG00000134265.12",-0.00410599200935231,0.00302629424159804,0.174853591406592
"chr18:58149559:58165788:clu_24618:ENSG00000049759.17",0.00497191198479099,0.00311358527301724,0.110300340341248
"chr18:58044708:58045072:clu_24618:ENSG00000049759.17",-0.00722180020986695,0.00409111468251811,0.0775234005363008
"chr18:57554952:57559145:clu_24605:ENSG00000066926.10",-0.000604739295647578,0.00263941283431335,0.818776524573462
"chr18:32045732:32065902:clu_24371:ENSG00000101695.8",-0.00256849022101962,0.0032622407072677,0.43108328646822
"chr18:31901025:31907460:clu_24368:ENSG00000153339.13",0.00147637952902798,0.00459728623430485,0.748103140346781
"chr18:49379758:49391593:clu_24526:ENSG00000141627.13",-0.00603127266818232,0.00358905449532834,0.0928673007539914
"chr18:63711394:63712565:clu_24692:ENSG00000206072.12",-0.00417197845837234,0.0047444829241694,0.379220970316873
"chr18:14232637:14234687:clu_24240:ENSG00000186481.16",4.51597761507287e-05,0.00303081181279569,0.988111780890722
"chr18:13682105:13726329:clu_24230:ENSG00000177150.12",0.00132699266243932,0.00308190019113034,0.666776599286229
"chr18:14250407:14338698:clu_24242:ENSG00000186481.16",0.000831893203581852,0.00312756180978073,0.790248624959076
"chr18:54271485:54273926:clu_24574:ENSG00000101751.10",0.00981350209206016,0.00359619935426267,0.00635548833852539
"chr18:54287411:54291833:clu_24579:ENSG00000101751.10",-0.015222038424113,0.00326441554795685,3.11600862379358e-06
"chr18:54907862:54917913:clu_24582:ENSG00000166510.13",-0.00121172694386002,0.00513850514614509,0.813577684949685
"chr18:54287411:54320273:clu_24579:ENSG00000101751.10",0.0105437269766548,0.00383235481555833,0.00593701703925842
"chr18:58335537:58341038:clu_24622:ENSG00000049759.17",0.00540221441643279,0.0035110566131515,0.12389483259204
"chr18:63399323:63400048:clu_24681:ENSG00000119541.9",-0.00410995482070042,0.00355140179139101,0.247159298171055
"chr18:63720986:63722995:clu_24694:ENSG00000206072.12",-0.0102339534827793,0.00379814248806956,0.00705022050128823
"chr18:63335358:63338800:clu_24678:ENSG00000119537.15",0.00340302237590351,0.00372279316339062,0.360661882780345
"chr18:63391076:63393409:clu_24681:ENSG00000119541.9",0.00436665964489765,0.00359444315104503,0.224428572557585
"chr18:63720155:63720831:clu_24693:ENSG00000206072.12",-0.00642095126462523,0.00318054299700356,0.0435056879453478
"chr18:55585352:55587045:clu_24593:ENSG00000196628.15",-0.00245602932529138,0.00441199596583218,0.577752370679706
"chr18:51067187:51076638:clu_24568:ENSG00000141646.13",0.000853198081655784,0.00321020047160346,0.790410806302495
"chr18:50974561:50984487:clu_24564:ENSG00000141646.13",-0.00282692945649125,0.00283204936094732,0.318186189513483
"chr18:11897620:11906203:clu_24172:ENSG00000154889.16",-0.00444446739770876,0.00373843901567454,0.234496153518176
"chr18:11886621:11886713:clu_24170:ENSG00000154889.16",0.00111897516067115,0.00298851721610193,0.708088245154459
"chr18:66511685:66513303:clu_24698:ENSG00000071991.8",0.00146922332320048,0.00550110083336789,0.789409061922382
"chr18:66509246:66511568:clu_24699:ENSG00000071991.8",-0.00655471358127364,0.00364749014166487,0.0723280556986505
"chr18:54189011:54204998:clu_24572:ENSG00000134046.11",0.0298743304467771,0.00523886991001519,1.18105929480805e-08
"chr18:54205157:54224018:clu_24572:ENSG00000134046.11",-0.0369287113927969,0.00548489376800267,1.6642465183736e-11
"chr18:54283815:54283922:clu_24578:ENSG00000101751.10",0.00575202628612965,0.00300030082882616,0.0552188970148281
"chr18:50269915:50272677:clu_24542:ENSG00000141644.17",-0.0072491725386305,0.00450134111322645,0.107300246617045
"chr18:50269915:50272677:clu_24542:ENSG00000172361.5",-0.00846066663833078,0.00455324512612487,0.0631460259682207
"chr18:49491833:49492458:clu_24529:ENSG00000265681.7",-0.00136297244538199,0.00379910415100196,0.719773488532018
"chr18:2747647:2750043:clu_24067:ENSG00000101596.14",0.00384038057624798,0.00254249445475133,0.13092163555881
"chr18:2740821:2743761:clu_24066:ENSG00000101596.14",0.00748729570064657,0.00262323825395166,0.00431428189863325
"chr18:3262237:3272884:clu_24082:ENSG00000118680.12",0.000187750825827487,0.0024187530130771,0.938127959152037
"chr18:2775924:2777806:clu_24070:ENSG00000101596.14",-0.000117729528358971,0.00252860451961606,0.962864637166515
"chr18:3262756:3272884:clu_24082:ENSG00000118680.12",-0.000264837352857712,0.00249357275375851,0.915417330823211
"chr18:62282444:62285449:clu_24672:ENSG00000134444.13",-0.00125914046177634,0.00306148393674274,0.680864036384252
"chr18:62070506:62072673:clu_24659:ENSG00000197563.10",-0.0046973191334565,0.00308938258721601,0.128392438545058
"chr18:62282444:62287351:clu_24672:ENSG00000134444.13",0.00662297620214997,0.00303708177094781,0.0292053210011537
"chr18:62045979:62070390:clu_24659:ENSG00000197563.10",-0.00726062392968198,0.0039021126767982,0.0627878982927449
"chr18:62045979:62072673:clu_24659:ENSG00000197563.10",0.00413606532653664,0.00295564172103061,0.161699120439203
"chr18:62576652:62584446:clu_24676:ENSG00000141664.9",-0.00144210160527206,0.00342847001050546,0.674028635564685
"chr18:54269661:54271360:clu_24573:ENSG00000101751.10",-0.0133643128127889,0.00477436756283898,0.00512326150616904
"chr18:166819:180236:clu_24021:ENSG00000101557.14",-0.0015045044411127,0.00345154670253664,0.662914491467347
"chr18:166819:178933:clu_24021:ENSG00000101557.14",-0.00114407713267026,0.00296799671944053,0.699888371137966
"chr18:683380:688574:clu_24042:ENSG00000132199.18",0.000937209457520406,0.00291854766730077,0.748118044448175
"chr18:226901:244302:clu_24026:ENSG00000079134.11",0.000320809793903183,0.00395734322530898,0.935388699479606
"chr18:675402:678696:clu_24041:ENSG00000132199.18",0.00197233078696356,0.00411316901548395,0.631571513556555
"chr18:46105368:46118181:clu_24483:ENSG00000152240.12",-0.00440800419586249,0.00272535281724358,0.105790497537297
"chr18:3594484:3597176:clu_24089:ENSG00000262001.1",0.00244886855635651,0.00236581135275963,0.30061881271156
"chr18:3594484:3597176:clu_24089:ENSG00000177337.7",0.00241666137053191,0.00237178202729466,0.308239901485727
"chr18:3594240:3596579:clu_24089:ENSG00000262001.1",0.00274352146237906,0.00241460256695225,0.255864201782004
"chr18:3594240:3596579:clu_24089:ENSG00000177337.7",0.00274352146237906,0.00241460256695225,0.255864201782004
"chr18:26078160:26087501:clu_24346:ENSG00000141380.13",0.00172812434810648,0.00294375138710381,0.557171245389934
"chr18:26501250:26548891:clu_24351:ENSG00000134504.12",0.00337622454734625,0.00368956532263083,0.360152890068244
"chr18:26032532:26035005:clu_24348:ENSG00000141380.13",-0.00101046243288382,0.0034835961183139,0.771768020999182
"chr18:26476659:26501072:clu_24351:ENSG00000134504.12",0.00623561823103084,0.00367049879477327,0.0893478938951515
"chr18:68681110:68682925:clu_24705:ENSG00000166479.9",-0.00134524982276415,0.00407976849520199,0.741598842359416
"chr18:57630518:57641559:clu_24611:ENSG00000267040.6",0.00650532366134074,0.00400168138159665,0.104024646918286
"chr18:57669482:57671468:clu_24614:ENSG00000081923.11",0.00211773890799967,0.00362231886288235,0.558792329341449
"chr18:11886781:11886917:clu_24170:ENSG00000154889.16",0.0036457168827117,0.00388465586348332,0.347991833631905
"chr18:63978476:63979801:clu_24695:ENSG00000166401.14",0.00706387312382816,0.00311595471910222,0.023390151697209
"chr18:5419877:5423378:clu_24102:ENSG00000082397.17",0.00354195799837273,0.00298694586987802,0.235696321042447
"chr18:36040865:36067254:clu_24418:ENSG00000141425.17",0.00220173854659764,0.00382113075084256,0.56447947320023
"chr18:35975095:35977410:clu_24414:ENSG00000141428.16",0.00382495695782968,0.00381290596303811,0.315783389245239
"chr18:34882201:34890300:clu_24393:ENSG00000134769.21",0.00887635235632199,0.00475713294791555,0.0620548284624841
"chr18:34858398:34863966:clu_24391:ENSG00000134769.21",-0.0158765720783621,0.0043264747281535,0.00024289945535827
"chr18:56603056:56610993:clu_24595:ENSG00000091164.12",0.00959136514693235,0.00439636298216153,0.0291347042828561
"chr18:56962529:57020745:clu_24602:ENSG00000091157.13",0.000214463212585179,0.00437720813924751,0.960922934694309
"chr18:45731655:45737466:clu_24467:ENSG00000267193.5",0.0025464952173588,0.00247448937924684,0.303433028502066
"chr18:58954334:58979055:clu_24638:ENSG00000074657.13",0.00435365944991516,0.00419936844441407,0.299856355616924
"chr18:58863166:58865304:clu_24636:ENSG00000074657.13",0.00362831986497125,0.00362594224043251,0.316993278922419
"chr18:697355:706470:clu_24044:ENSG00000132199.18",-0.00388471554660735,0.00268852248099973,0.14847872333158
"chr18:732965:736808:clu_24045:ENSG00000176105.13",0.00139859678316377,0.00308281271358876,0.650062360390247
"chr18:625032:627097:clu_24034:ENSG00000079101.16",0.00449971446139,0.00292937975429705,0.124522711439676
"chr18:627529:633298:clu_24034:ENSG00000079101.16",-0.00519164616297642,0.00310507518438888,0.0945268334640924
"chr18:724632:732834:clu_24045:ENSG00000176105.13",-0.00133106046704102,0.00309258376969471,0.666901776203479
"chr18:691276:692770:clu_24043:ENSG00000132199.18",-0.00068900275473423,0.00347677759085483,0.842909866860774
"chr18:12014373:12028043:clu_24179:ENSG00000141401.11",-0.00106748956031665,0.00365137331916327,0.770016820053858
"chr18:55257391:55259949:clu_24588:ENSG00000196628.15",-0.00335130557699149,0.00349770638400491,0.337990267417945
"chr18:57602943:57605857:clu_24609:ENSG00000134440.11",-0.0156189365354854,0.00482178959687563,0.00119848435483372
"chr18:55254700:55257315:clu_24588:ENSG00000196628.15",0.00154112995031116,0.00320453037472543,0.630571760212166
"chr18:9513289:9516845:clu_24141:ENSG00000017797.12",-0.00186380851060155,0.0028909247647014,0.519115043770386
"chr18:9549338:9550052:clu_24143:ENSG00000154845.15",-0.00648317505723544,0.00253607620788966,0.0105767477591769
"chr18:9547952:9549197:clu_24143:ENSG00000154845.15",0.00589683978200752,0.00245260221758755,0.0162025974221027
"chr18:9475691:9512991:clu_24141:ENSG00000017797.12",0.00617071931571978,0.00285057503712756,0.0304085291027273
"chr18:12948232:12951855:clu_24205:ENSG00000085415.15",0.00533359271806245,0.00348776235643251,0.12620730164687
"chr18:12971251:12978752:clu_24208:ENSG00000085415.15",-0.00855882404498358,0.00431634281393895,0.0473799497661709
"chr18:12984190:12985240:clu_24209:ENSG00000085415.15",0.00304217672342838,0.00378602899504781,0.421670166422553
"chr18:13666713:13671862:clu_24230:ENSG00000177150.12",-0.00316837557011152,0.00292418000170095,0.278582524784727
"chr18:21651763:21656861:clu_24257:ENSG00000158201.9",-0.00106838899121947,0.00438101137361315,0.807332963258686
"chr18:14085076:14124350:clu_24235:ENSG00000175322.11",-0.00571616177699508,0.00377288114248508,0.129755836121127
"chr18:36167222:36171047:clu_24423:ENSG00000134759.13",0.00138661866038883,0.00218121310986502,0.524965554669741
"chr18:35290391:35291010:clu_24402:ENSG00000257267.3",0.00846807491164665,0.00472165790340018,0.0729004050850405
"chr18:36139613:36141137:clu_24421:ENSG00000134759.13",-0.00248056014345049,0.00259190064121723,0.33854559493477
"chr18:36138872:36139419:clu_24421:ENSG00000134759.13",-0.00579236999596564,0.00223401063095427,0.00951947394583186
"chr18:79718016:79753652:clu_24787:ENSG00000060069.16",-0.00804116489870657,0.00425962163307908,0.0590574974204785
"chr18:79359462:79372825:clu_24771:ENSG00000166377.19",0.00249416288977096,0.00317227252816336,0.431727757051943
"chr18:678737:683246:clu_24041:ENSG00000132199.18",0.0116517730808935,0.00408139964098107,0.00430575144868939
"chr18:23814502:23815188:clu_24309:ENSG00000053747.15",0.00682835321917451,0.00369808933930232,0.0648262590578209
"chr18:23545149:23548006:clu_24296:ENSG00000141458.12",-0.000312163244806947,0.00384843626810601,0.935351047037482
"chr18:24156999:24159472:clu_24335:ENSG00000154040.20",-0.00460427341915732,0.00279856540859192,0.099923151319411
"chr18:9583275:9584515:clu_24148:ENSG00000154845.15",-0.00145004461622564,0.00287987477517253,0.614606027642055
"chr18:9614270:9614478:clu_24152:ENSG00000154845.15",-0.00419077951096612,0.00273792311648061,0.125857950079613
"chr18:3604215:3606554:clu_24089:ENSG00000262001.1",0.00230489121079141,0.00265937919615749,0.386104908972082
"chr18:3467270:3472843:clu_24086:ENSG00000266835.5",-0.00227433729709428,0.00331963827238186,0.493270724075743
"chr18:3474142:3478756:clu_24086:ENSG00000266835.5",0.00164227365725044,0.00314866498046268,0.601964344858689
"chr18:3604215:3606554:clu_24089:ENSG00000177337.7",0.00230489121079141,0.00265937919615749,0.386104908972082
"chr18:3450070:3450322:clu_24084:ENSG00000177426.20",-0.00945462282771936,0.00331295529432936,0.00431951623933102
"chr18:21536185:21539920:clu_24253:ENSG00000141446.10",-0.0079649407910666,0.00494851840974591,0.107493792025594
"chr18:21664230:21681761:clu_24258:ENSG00000158201.9",0.00467301555944371,0.00518343300398114,0.36730708226092
"chr18:50916243:50917347:clu_24558:ENSG00000082212.12",0.00391054247023621,0.00383701692933562,0.308125986745653
"chr18:51030623:51046920:clu_24564:ENSG00000141646.13",0.00477544323109471,0.00391506992876824,0.222556107702524
"chr18:51030623:51046920:clu_24564:ENSG00000141642.8",0.00271695814457401,0.00371953011889787,0.465110668841728
"chr18:13621271:13643359:clu_24228:ENSG00000168675.18",0.000611435998253751,0.0030383713976595,0.840512424204495
"chr18:13069856:13072755:clu_24215:ENSG00000101639.18",-0.00132941726715308,0.0032890045263925,0.686065287641382
"chr18:13103588:13103875:clu_24220:ENSG00000101639.18",0.00729803261694616,0.00433220483259155,0.0920657555008574
"chr18:12817365:12821336:clu_24202:ENSG00000175354.18",0.00280416326895505,0.00387998913449542,0.469849150569427
"chr18:79154555:79193183:clu_24764:ENSG00000166377.19",-0.00800147499123964,0.00270465236330507,0.00309228896149394
"chr18:79348196:79359354:clu_24770:ENSG00000166377.19",0.00166219607139994,0.00261696068708206,0.525322243828767
"chr18:78977429:78977555:clu_24757:ENSG00000263146.2",-0.0195876858102968,0.00304784577497815,1.30377042495411e-10
"chr18:79718016:79736355:clu_24787:ENSG00000060069.16",-0.00115464918124711,0.00276714762380004,0.67648053479124
"chr18:80079808:80095288:clu_24797:ENSG00000267127.7",0.00416022951860534,0.00378351211495504,0.271520313774506
"chr18:79347925:79348132:clu_24770:ENSG00000166377.19",0.000340877612495911,0.00277807991428884,0.902342609484142
"chr18:78995462:78996891:clu_24760:ENSG00000256463.8",0.0100717947978564,0.00255795957483971,8.23578691481197e-05
"chr18:80148254:80148554:clu_24801:ENSG00000267270.5",-0.00373746887966746,0.00369957025757789,0.312378374461976
"chr18:80079808:80095288:clu_24797:ENSG00000261126.7",0.00416022951860534,0.00378351211495504,0.271520313774506
"chr18:78995462:79002289:clu_24760:ENSG00000256463.8",-0.00959034214281323,0.0028733660827725,0.000844846185404702
"chr18:48942555:48948384:clu_24520:ENSG00000101665.8",-0.00349159641820398,0.00306113922907718,0.254028119205387
"chr18:47136449:47150378:clu_24503:ENSG00000167220.11",0.00566616754999723,0.00348269319981611,0.103747726695481
"chr18:46891054:46917322:clu_24494:ENSG00000078043.15",-0.00765261286723049,0.0030175377203233,0.011211217598622
"chr18:42049605:42057883:clu_24457:ENSG00000078142.12",-0.00536480230779037,0.00436216468889076,0.218753790230717
"chr18:11897356:11897526:clu_24172:ENSG00000154889.16",0.000407288214781196,0.00230244766401643,0.859591979903347
"chr18:11897620:11905738:clu_24172:ENSG00000154889.16",-0.000912880464803174,0.0029041833780506,0.753268191718958
"chr18:11905953:11906203:clu_24172:ENSG00000154889.16",-0.00148031211577309,0.002303773080748,0.520509733819915
"chr18:11906309:11908201:clu_24172:ENSG00000154889.16",0.000419375645287816,0.00243005128603894,0.862982416578314
"chr18:11897356:11905738:clu_24172:ENSG00000154889.16",-0.000252032320765251,0.00304917221006696,0.934125086986809
"chr18:11897356:11906203:clu_24172:ENSG00000154889.16",-0.00186095630776288,0.00243131367777929,0.444026336948811
"chr18:74255775:74256830:clu_24727:ENSG00000166347.18",-0.00410465262603982,0.00310997117739928,0.186889703330758
"chr18:45889940:45899404:clu_24477:ENSG00000152223.12",0.00192869018510704,0.00329457396318792,0.558269282952216
"chr18:45876342:45878376:clu_24475:ENSG00000152223.12",0.000465138225226979,0.00287047225459874,0.871272461419858
"chr18:45876339:45878376:clu_24475:ENSG00000152223.12",0.000917601139949938,0.00308476090688836,0.766113322578961
"chr18:9588853:9593768:clu_24149:ENSG00000154845.15",-0.00299936067858232,0.00256243926956608,0.24179580965433
"chr18:9550398:9553322:clu_24144:ENSG00000154845.15",0.0015524806177863,0.00275910438688696,0.573655826532025
"chr18:9593874:9595018:clu_24149:ENSG00000154845.15",0.00442543592077085,0.00261492681770207,0.0905745580406601
"chr18:3116515:3119869:clu_24077:ENSG00000101605.12",-0.00795870866322342,0.00261915869285498,0.00237640134025241
"chr18:2601485:2606415:clu_24058:ENSG00000080986.12",-0.00396150576917701,0.00324313541281546,0.221894914870539
"chr18:3119995:3126701:clu_24077:ENSG00000101605.12",0.00518432044788551,0.00259810699715518,0.0459968488263246
"chr18:2539145:2540667:clu_24053:ENSG00000101574.14",-0.00219037830262789,0.0024335206781146,0.368074396247662
"chr18:62291631:62298790:clu_24673:ENSG00000134444.13",-0.00680661414158758,0.00320778323707928,0.033845641820644
"chr18:62139075:62140420:clu_24663:ENSG00000197563.10",-0.00405723142654297,0.00312843399299122,0.194669404544787
"chr18:62140479:62143306:clu_24663:ENSG00000197563.10",0.00622968911863669,0.00312047455758993,0.0458913170800819
"chr18:35264455:35290084:clu_24400:ENSG00000268573.1",-0.00162172412228647,0.00423371495582721,0.701682760068805
"chr18:35242884:35243152:clu_24397:ENSG00000186812.12",-0.00203587014302163,0.00315539276588128,0.518795382712427
"chr18:35264455:35290084:clu_24400:ENSG00000186814.13",-0.00162172412228647,0.00423371495582721,0.701682760068805
"chr18:46855615:46864164:clu_24493:ENSG00000078043.15",0.00754153484840669,0.00372856320176305,0.043110449320694
"chr18:46864248:46890580:clu_24493:ENSG00000078043.15",-0.0121133601148391,0.00375894092506038,0.00127056753961485
"chr18:47108785:47112977:clu_24502:ENSG00000167220.11",-0.0170345376405457,0.00686873344569387,0.0131378161245683
"chr18:47136449:47137235:clu_24503:ENSG00000167220.11",0.00295775536571564,0.00407903616836457,0.468383730503728
"chr18:2666232:2666870:clu_24061:ENSG00000101596.14",0.00321831908499176,0.00248036692954114,0.194453244962293
"chr18:2667031:2673281:clu_24062:ENSG00000101596.14",0.00412994297167547,0.00369478044612601,0.263661973088011
"chr18:8122316:8143647:clu_24118:ENSG00000173482.16",0.00616336222880926,0.00366794353821499,0.092892773973182
"chr18:8371006:8371760:clu_24122:ENSG00000173482.16",-0.000657849827710414,0.00264134820282571,0.803315645569131
"chr18:5433556:5433903:clu_24104:ENSG00000082397.17",-0.000916420419805654,0.0031512830833078,0.771197659537665
"chr18:63716152:63720013:clu_24693:ENSG00000206072.12",0.00745360786846233,0.00319291026513569,0.0195735064764069
"chr18:21659343:21664118:clu_24258:ENSG00000158201.9",-0.00330834911717115,0.00844656274134965,0.695294719889143
"chr18:8371810:8376046:clu_24122:ENSG00000173482.16",0.000849959490829814,0.00335167062235194,0.799810170440153
"chr18:9137096:9182382:clu_24133:ENSG00000101745.16",0.00181402859322799,0.00287002414223086,0.527347413368031
"chr18:8371006:8376046:clu_24122:ENSG00000173482.16",-0.000681709262651222,0.00277555177060182,0.805982476034447
"chr18:8625994:8633189:clu_24126:ENSG00000206418.3",0.00568502347975058,0.00424603017954472,0.180602181267842
"chr18:9136965:9182382:clu_24133:ENSG00000101745.16",0.000650614703143216,0.00242589568370815,0.788548712579163
"chr18:8380427:8384561:clu_24124:ENSG00000173482.16",-0.00157010129559093,0.00352183650007409,0.655728063950907
"chr18:8379340:8380296:clu_24124:ENSG00000173482.16",-0.00166273211027003,0.00353186551810429,0.637797754896687
"chr18:8296455:8314781:clu_24121:ENSG00000173482.16",-0.00476184715958302,0.00289016840814203,0.0994343761566083
"chr18:58939621:58948067:clu_24638:ENSG00000074657.13",0.00278303058330871,0.00270288321005045,0.303173138446142
"chr18:59140035:59148065:clu_24651:ENSG00000166562.8",-0.0115534840897646,0.00340192914393583,0.00068339250582039
"chr18:59140035:59149513:clu_24651:ENSG00000166562.8",-0.000892332818926943,0.003317380756851,0.787939565686301
"chr18:58939621:58953518:clu_24638:ENSG00000074657.13",0.00259315325267581,0.002926436378061,0.375556650533949
"chr18:50271540:50272677:clu_24542:ENSG00000172361.5",0.00456574913336209,0.00393675701939017,0.246140760229585
"chr18:50968114:50968432:clu_24561:ENSG00000141642.8",0.00335146568549354,0.00325089567032228,0.302570788960823
"chr18:50271540:50272677:clu_24542:ENSG00000141644.17",0.00534497072411008,0.00389173097689058,0.169622648749363
"chr18:51052725:51054781:clu_24565:ENSG00000141646.13",0.00656547980613052,0.00440746326323611,0.13632212806874
"chr18:50968114:50974397:clu_24561:ENSG00000141642.8",-0.00384487269804607,0.00335520936686018,0.251819476291489
"chr18:50284839:50285002:clu_24552:ENSG00000154832.14",0.000652069038608497,0.0039576954373908,0.869133060432787
"chr18:2606507:2608700:clu_24059:ENSG00000080986.12",-0.00541903809669568,0.00453409806599049,0.232018884475672
"chr18:2555038:2563797:clu_24055:ENSG00000101574.14",0.00445563178879164,0.00313596429326563,0.155369929233936
"chr18:2722663:2724899:clu_24063:ENSG00000101596.14",-0.00171990685930879,0.00274062577897135,0.530292280062054
"chr18:2718434:2722519:clu_24063:ENSG00000101596.14",-0.00195762613272255,0.00255535798137505,0.443624630111964
"chr18:2911182:2913067:clu_24073:ENSG00000132205.10",-0.000187386535338304,0.00336997074004224,0.955656643807257
"chr18:49118926:49163685:clu_24522:ENSG00000141627.13",-0.0175871728600055,0.00371708020104072,2.22923578685474e-06
"chr18:49282175:49286434:clu_24523:ENSG00000141627.13",0.00553389279425871,0.00323375059177428,0.087027149601233
"chr18:49097515:49118744:clu_24522:ENSG00000141627.13",0.0120814001003734,0.00343783895092263,0.00044100984282569
"chr18:50277204:50279876:clu_24547:ENSG00000141644.17",-0.00122175870706928,0.00336220182142767,0.716320637959602
"chr18:50286858:50287423:clu_24555:ENSG00000154832.14",0.000623936788135187,0.00417149675303502,0.881102740003972
"chr18:50272955:50273564:clu_24544:ENSG00000141644.17",0.00717406068528952,0.00406136149536844,0.0773258037820648
"chr18:11893576:11896984:clu_24171:ENSG00000154889.16",0.00663433121483782,0.00316536763710635,0.0360900204434644
"chr18:23001729:23016828:clu_24270:ENSG00000101773.18",0.00600589142704853,0.00503664049789513,0.233088777012406
"chr18:23557190:23560231:clu_24298:ENSG00000141458.12",-0.000683717506457171,0.0040073653504012,0.864526332406561
"chr18:23506642:23533355:clu_24283:ENSG00000141458.12",0.00576926649142025,0.00319511306883808,0.0709725098321405
"chr18:79372882:79373898:clu_24771:ENSG00000166377.19",-0.00395537101090453,0.00284259529674899,0.164084556921165
"chr18:80183150:80202710:clu_24802:ENSG00000178184.15",0.00289523813818151,0.00681695732070148,0.671047216647967
"chr18:79696070:79697860:clu_24784:ENSG00000060069.16",-0.0074047934231043,0.00467830331796858,0.113468278459634
"chr18:79347925:79359354:clu_24770:ENSG00000166377.19",-0.00233313466625301,0.00362641056580349,0.519982094887177
"chr18:80036710:80037330:clu_24798:ENSG00000101546.12",0.000381984052941556,0.00328716448174543,0.907490290112814
"chr18:79069529:79096476:clu_24761:ENSG00000166377.19",-0.000525219910511057,0.00266098809886677,0.843531920412924
"chr18:79359462:79373898:clu_24771:ENSG00000166377.19",0.000808282293056804,0.00333087466880982,0.808265948425353
"chr18:9553422:9557221:clu_24144:ENSG00000154845.15",-0.000956022376713835,0.00263442077278756,0.716682116668133
"chr18:58700591:58709378:clu_24629:ENSG00000172175.12",-0.0023044587051854,0.00291967880834229,0.429945448258603
"chr18:58709556:58709976:clu_24629:ENSG00000172175.12",0.00495056007572818,0.00287902129235186,0.0855181251716725
"chr18:23617827:23619395:clu_24300:ENSG00000154065.16",-0.00888770176452739,0.00435598465108639,0.0413161982749694
"chr18:24430384:24437955:clu_24340:ENSG00000154059.9",-0.00192187835692844,0.00346658133915351,0.57930400844808
"chr18:24118232:24123834:clu_24330:ENSG00000168234.12",0.000265550601090016,0.00366934015590682,0.942307360242421
"chr18:23921585:23928123:clu_24323:ENSG00000053747.15",0.0073496570003887,0.00411774945696824,0.0742820304045807
"chr18:24172483:24178013:clu_24334:ENSG00000141447.17",0.00513198822091665,0.00407448777325772,0.207834652758707
"chr18:23847668:23857844:clu_24317:ENSG00000053747.15",0.00170174860703667,0.00349144344593781,0.625971023349081
"chr18:24066140:24069157:clu_24328:ENSG00000168234.12",0.00276408089334324,0.00348072892537906,0.42713152253544
"chr18:42004541:42013442:clu_24453:ENSG00000078142.12",0.00774102564373604,0.00512658152410325,0.131049021637903
"chr18:42020705:42027443:clu_24452:ENSG00000078142.12",-0.0010423811730491,0.00392677258686855,0.790659019301854
"chr18:46216595:46253697:clu_24487:ENSG00000152242.10",0.00885372946139325,0.00358921490916215,0.0136341951113703
"chr18:45748425:45752178:clu_24471:ENSG00000141469.16",0.00218329497101716,0.00413198092351177,0.597229084715647
"chr18:66505302:66508995:clu_24698:ENSG00000071991.8",-0.00553862464267542,0.00440261255870692,0.208380416886968
"chr18:23784157:23810366:clu_24307:ENSG00000053747.15",-0.0059662793074013,0.00379193314383002,0.115623072089846
"chr18:23777619:23784023:clu_24306:ENSG00000053747.15",0.00751249943051331,0.00478434183568019,0.116362470528271
"chr18:24015038:24064140:clu_24327:ENSG00000168234.12",-0.00562926376316159,0.00373048331540411,0.131301218772708
"chr18:23907935:23909153:clu_24322:ENSG00000053747.15",-0.000382046524651238,0.00331737921891905,0.908314209333127
"chr18:24069271:24080585:clu_24328:ENSG00000168234.12",-0.0017690490746937,0.00377330680658993,0.639189327374482
"chr18:23873215:23876294:clu_24319:ENSG00000053747.15",0.00112604639339133,0.00465992758179989,0.809055550733746
"chr18:23905624:23907550:clu_24322:ENSG00000053747.15",-0.00137427135869235,0.00354456055220781,0.698228611081167
"chr18:23815240:23815468:clu_24309:ENSG00000053747.15",-0.00886592102769202,0.00358279863798789,0.013339302815635
"chr18:23516423:23517195:clu_24286:ENSG00000141452.9",0.00284924675578336,0.00397884192767969,0.473929906173181
"chr18:23524482:23526637:clu_24288:ENSG00000141452.9",-0.0059027923147944,0.00449216843202166,0.188839986873128
"chr18:23516423:23518890:clu_24286:ENSG00000141452.9",0.00172369872950381,0.00436053102008648,0.692624745643757
"chr18:23466276:23467399:clu_24278:ENSG00000101782.14",0.013627270732565,0.00358632210643892,0.000144818778001654
"chr18:62254813:62255407:clu_24666:ENSG00000134444.13",0.00415986039633288,0.00291985671628179,0.154249828981836
"chr18:62235491:62244764:clu_24665:ENSG00000134444.13",0.00353581112953803,0.0042931636131574,0.410171962864758
"chr18:41516555:41520384:clu_24448:ENSG00000267313.7",-0.00653469938386805,0.00386815645672423,0.0911509273777721
"chr18:55279656:55321670:clu_24589:ENSG00000196628.15",0.00842989548323701,0.00514507214224231,0.101329799612631
"chr18:13731934:13734464:clu_24231:ENSG00000101654.17",-0.00501024311215884,0.00365408907159976,0.170333414084722
"chr18:13726729:13730627:clu_24231:ENSG00000101654.17",0.000332890178025161,0.00344390097005701,0.922995781417816
"chr18:13073185:13087017:clu_24216:ENSG00000101639.18",-0.00817105066085655,0.00330677628779543,0.0134735083416216
"chr18:13114251:13116374:clu_24221:ENSG00000101639.18",-0.00166968201291951,0.00291986657563078,0.567433737779526
"chr18:13072845:13073009:clu_24216:ENSG00000101639.18",0.00952974557882023,0.00336879450858346,0.00467185683668947
"chr18:12785844:12794384:clu_24201:ENSG00000175354.18",-0.00536050445046593,0.00295153822129271,0.0693438163884509
"chr18:12817365:12825810:clu_24202:ENSG00000175354.18",0.00654225883426383,0.00336028751882591,0.0515426187497947
"chr18:12825944:12830943:clu_24202:ENSG00000175354.18",-0.00468522488303818,0.00296342577111124,0.113874277254344
"chr18:12367382:12370849:clu_24184:ENSG00000141385.9",0.0012697768913015,0.003056925926587,0.67786590027848
"chr18:12785844:12793482:clu_24201:ENSG00000175354.18",0.00419042810819645,0.00329871793854432,0.203970587355321
"chr18:13069856:13071039:clu_24215:ENSG00000101639.18",-0.0057911313622928,0.00277595981886815,0.0369629896466631
"chr18:30994496:30996791:clu_24356:ENSG00000134762.16",0.0010509674639659,0.00405672660687353,0.795582885593404
"chr18:31855807:31857540:clu_24365:ENSG00000153339.13",-0.00401126163866276,0.00347049805550063,0.24775590152097
"chr18:31853945:31855660:clu_24365:ENSG00000153339.13",0.00540137428749555,0.00343864499468634,0.116232441359601
"chr18:74155207:74155306:clu_24726:ENSG00000075336.11",-0.000812565752413925,0.00256496923710113,0.751400246221495
"chr18:74155224:74155306:clu_24726:ENSG00000075336.11",0.00137492369147428,0.00261274072618343,0.598722791540246
"chr18:2747647:2750350:clu_24067:ENSG00000101596.14",-0.00139429850061345,0.00350747853410791,0.690982856898654
"chr18:2927811:2928591:clu_24074:ENSG00000101577.9",0.000631602319824549,0.00290882615709794,0.828104651610093
"chr18:2928660:2929065:clu_24074:ENSG00000101577.9",0.00237719835270444,0.00308290349373487,0.440653145768239
"chr18:68677193:68679463:clu_24704:ENSG00000166479.9",0.00239555035133928,0.00384351274851168,0.533106397317662
"chr18:42049605:42064740:clu_24457:ENSG00000078142.12",-0.00969179086927821,0.00455559426518598,0.0333828600213619
"chr18:76988527:76988877:clu_24752:ENSG00000197971.14",0.0031018908902731,0.00213613800560993,0.146473165231872
"chr18:76928106:76935980:clu_24747:ENSG00000130856.15",-0.00603316698051887,0.00314512681881262,0.0550782124865108
"chr18:76809504:76816755:clu_24743:ENSG00000264278.1",0.00104397364133664,0.00263989471604931,0.692503191135798
"chr18:58696487:58700441:clu_24628:ENSG00000172175.12",-0.006168601596863,0.00340399194026212,0.0699604084336296
"chr18:58931755:58934433:clu_24638:ENSG00000074657.13",0.00110055917284318,0.00313779324745083,0.725781125774847
"chr18:57551374:57554260:clu_24604:ENSG00000066926.10",0.00195119152942514,0.00350741789688042,0.578002873155602
"chr18:68897428:68897578:clu_24713:ENSG00000150636.17",0.00272073630106889,0.0029593584990923,0.357903687142416
"chr18:62232427:62244764:clu_24665:ENSG00000134444.13",0.00734343659340389,0.00374465605078105,0.0498738494901295
"chr18:62264145:62266701:clu_24670:ENSG00000134444.13",0.00396827817466455,0.00349962983669604,0.256830754865646
"chr18:23833988:23836981:clu_24314:ENSG00000053747.15",0.00170365046601141,0.00562156751730646,0.761847090183522
"chr18:68700485:68710021:clu_24708:ENSG00000166479.9",0.00255183355784888,0.00393069068618848,0.516204316544049
"chr18:3450070:3450182:clu_24084:ENSG00000177426.20",-0.00500796287214001,0.00338518534452691,0.139039778405517
"chr18:62161385:62163531:clu_24662:ENSG00000197563.10",-0.000482516726871335,0.00344263309830901,0.888534201367787
"chr18:26459925:26501072:clu_24351:ENSG00000134504.12",0.00300183624619976,0.00368136805080499,0.414835808758233
"chr18:50285928:50286022:clu_24554:ENSG00000154832.14",0.002019116338573,0.00321865785827464,0.53045196156929
"chr18:49391645:49393645:clu_24527:ENSG00000141627.13",0.00806570501612429,0.00352738678123888,0.0222194727127641
"chr18:50974561:50984487:clu_24564:ENSG00000141642.8",-0.0033222320392667,0.0029308980158957,0.256995872679115
"chr18:50275245:50275600:clu_24545:ENSG00000141644.17",-0.000806597485068642,0.00497646014546787,0.87124082625589
"chr18:50285928:50286539:clu_24554:ENSG00000154832.14",0.0087856103543106,0.00325942126837226,0.00702934133259936
"chr18:58252054:58315982:clu_24621:ENSG00000049759.17",0.0127657127220427,0.00628504846061574,0.0422424181915002
"chr18:57559243:57562874:clu_24605:ENSG00000066926.10",0.00235733136763809,0.00269113020091875,0.381049970084354
"chr18:57701313:57704555:clu_24616:ENSG00000081923.11",0.000618067370476671,0.00285843148789679,0.828811543214823
"chr18:57675022:57684036:clu_24615:ENSG00000081923.11",0.000729100033475911,0.00445176233029537,0.869906034598426
"chr18:49787361:49791470:clu_24533:ENSG00000167315.17",0.00112421498316654,0.00386348592135679,0.771063082171759
"chr18:76443211:76491447:clu_24739:ENSG00000101493.10",0.000751791899413703,0.00264120430761609,0.775920106259852
"chr18:31830989:31839312:clu_24363:ENSG00000153339.13",-0.00256065184825048,0.00392741377393379,0.514404774941787
"chr18:2796521:2802528:clu_24072:ENSG00000101596.14",-0.000180756183863363,0.00299700013491852,0.95190684929313
"chr18:2760739:2762105:clu_24068:ENSG00000101596.14",-0.000718218537330975,0.00264929060038677,0.786315324717431
"chr18:35264455:35290131:clu_24400:ENSG00000268573.1",0.00806649974122049,0.0043550874216982,0.0639968840473248
"chr18:35264455:35290131:clu_24400:ENSG00000186814.13",0.00867258646809825,0.00430048219647164,0.0437315887049621
"chr18:23556613:23557117:clu_24297:ENSG00000141458.12",-0.00176921013922894,0.00456693831922068,0.698463631544934
"chr18:23773587:23775792:clu_24305:ENSG00000053747.15",-0.000346933951085279,0.0032146354433417,0.914056562536148
"chr18:23819997:23821907:clu_24311:ENSG00000053747.15",-6.99931322319388e-05,0.00351010247846171,0.984090852285942
"chr18:23775923:23777557:clu_24305:ENSG00000053747.15",0.000532040976047036,0.00361404229862959,0.882962378294861
"chr18:23601309:23612092:clu_24299:ENSG00000154065.16",0.00117644773979597,0.0033453631856564,0.725089378461369
"chr18:23819997:23822252:clu_24311:ENSG00000053747.15",-0.000256058390845297,0.00307447337740708,0.933624700670295
"chr18:23556664:23557117:clu_24297:ENSG00000141458.12",0.00262674434972625,0.00450660543398984,0.55998391877336
"chr18:23847668:23851381:clu_24317:ENSG00000053747.15",0.00216266815689394,0.00398835386371351,0.58764918356417
"chr18:63338883:63344410:clu_24678:ENSG00000119537.15",-0.00602461775738257,0.00365556251240948,0.0993385968272257
"chr18:616757:617988:clu_24033:ENSG00000079101.16",0.00275919898465023,0.00378169721676762,0.465622968767962
"chr18:335230:346295:clu_24031:ENSG00000158270.11",0.00402948886683309,0.00294437585058413,0.171143881504508
"chr18:333143:334742:clu_24031:ENSG00000158270.11",-0.0016610400878803,0.00276352123107262,0.547800502052901
"chr18:662320:669072:clu_24038:ENSG00000176890.15",-0.00615253539816909,0.00310002190868734,0.04718066295248
"chr18:748018:751705:clu_24046:ENSG00000176105.13",0.0017082867912759,0.00476621629190935,0.720032237445949
"chr18:179037:180236:clu_24021:ENSG00000101557.14",-0.000761000150933862,0.00287404965660839,0.791176456546429
"chr18:694334:697240:clu_24044:ENSG00000132199.18",0.00116522253807791,0.00277454109343548,0.674507760576477
"chr18:51076776:51077252:clu_24569:ENSG00000141646.13",-0.00104019444293187,0.00334424574114495,0.755770156869961
"chr18:54164700:54188874:clu_24571:ENSG00000134046.11",0.0180066228999544,0.00399920923207703,6.71442657673715e-06
"chr18:68681110:68681293:clu_24705:ENSG00000166479.9",0.00627195489245644,0.00420629599871534,0.13593855443603
"chr18:68684485:68687667:clu_24706:ENSG00000166479.9",0.00166812699485855,0.00384239559407709,0.664188788683923
"chr18:54187854:54188874:clu_24571:ENSG00000134046.11",0.00184359895110809,0.00517130632097302,0.721462062080603
"chr18:79396351:79410403:clu_24775:ENSG00000131196.17",0.00013227425552325,0.0031681863668948,0.966697371753411
"chr18:79336711:79337279:clu_24769:ENSG00000166377.19",0.00644841644908423,0.00272132046498399,0.0178077728413555
"chr18:79207012:79253381:clu_24765:ENSG00000166377.19",-0.00738444541961514,0.00297308848605685,0.0130002513099893
"chr18:78977690:78977808:clu_24757:ENSG00000263146.2",-0.00438590164683113,0.00373438668669482,0.240209339044197
"chr18:78977429:78978786:clu_24757:ENSG00000263146.2",-0.00839594096719356,0.00454406499761232,0.064649829061157
"chr18:23001729:23006363:clu_24270:ENSG00000101773.18",-0.0125899971771215,0.00450337860922152,0.00517909489033708
"chr18:23933935:23939223:clu_24325:ENSG00000053747.15",-0.000635579878533701,0.00368350192673709,0.863006944602527
"chr18:23016924:23022129:clu_24270:ENSG00000101773.18",0.00770505371851529,0.00452606414898665,0.0886852895238192
"chr18:24016740:24019860:clu_24327:ENSG00000168234.12",0.00685894054054165,0.00432685673235563,0.112920520032567
"chr18:14244784:14249432:clu_24241:ENSG00000186481.16",-0.000573925621639143,0.00337100643278536,0.864810784054777
"chr18:13008631:13012973:clu_24211:ENSG00000101639.18",-0.00665121196973465,0.00359477955070528,0.0642786834381798
"chr18:13015448:13017188:clu_24212:ENSG00000101639.18",-0.00165094021352098,0.00361046592185006,0.647480481100039
"chr18:13017336:13018480:clu_24212:ENSG00000101639.18",0.00821538293131395,0.00397533840612339,0.0387730806329322
"chr18:14227760:14232525:clu_24240:ENSG00000186481.16",0.00505935283878644,0.00311920218420997,0.104802874760868
"chr18:14085076:14132275:clu_24235:ENSG00000175322.11",-0.000255125023786948,0.00347846678131866,0.94153229754369
"chr18:13621271:13645127:clu_24228:ENSG00000168675.18",0.0037086136166392,0.00346032935932553,0.283831605941719
"chr18:14106409:14124350:clu_24235:ENSG00000175322.11",-0.00521086209444786,0.00381256552508271,0.171700541239276
"chr18:36138872:36141137:clu_24421:ENSG00000134759.13",0.005151458306717,0.00288125372498427,0.073788515426905
"chr18:36170196:36171047:clu_24423:ENSG00000134759.13",-0.00603068499212309,0.00492537717462805,0.220797298290277
"chr18:35243474:35245262:clu_24398:ENSG00000186812.12",0.0105030621436821,0.00348605657950784,0.002587831811667
"chr18:36170438:36171047:clu_24423:ENSG00000134759.13",-0.00231503242523706,0.00356790194172163,0.516435471399781
"chr18:36138426:36138795:clu_24421:ENSG00000134759.13",0.00483684459965792,0.00426801423007688,0.257097727265004
"chr18:36167222:36170063:clu_24423:ENSG00000134759.13",-0.00274383479050396,0.00457995756941134,0.549108791682359
"chr18:36164531:36167101:clu_24422:ENSG00000134759.13",0.0090463814043158,0.00593510052561497,0.127454500670595
"chr18:35254402:35257928:clu_24398:ENSG00000186812.12",-0.0055219276975376,0.00504960348759131,0.274158140852063
"chr18:55351003:55403454:clu_24590:ENSG00000196628.15",-0.0162244537997874,0.00387817545269579,2.87020304989838e-05
"chr18:70114599:70121556:clu_24719:ENSG00000176225.13",0.00426802234087874,0.00331679257699021,0.198166776407111
"chr18:68681545:68682925:clu_24705:ENSG00000166479.9",0.00208781622043309,0.00383410004998047,0.586070759587732
"chr18:54945477:54959336:clu_24586:ENSG00000166510.13",-0.00700667681182209,0.00442828009735336,0.113590931828861
"chr18:54936958:54937957:clu_24584:ENSG00000166510.13",0.00374363598487202,0.0034526862373608,0.27824614537549
"chr18:48539312:48539758:clu_24511:ENSG00000134030.13",-0.00024735848618402,0.00318095850332218,0.938017176666512
"chr18:48041123:48137007:clu_24510:ENSG00000184828.9",-0.00265237480145649,0.00421649550562916,0.529318138821085
"chr18:26087577:26090501:clu_24347:ENSG00000141380.13",-0.000293545550681389,0.00312154846815872,0.925078620715873
"chr18:74593839:74596428:clu_24733:ENSG00000264247.1",0.00692873702317304,0.00276018259341086,0.0120647117839436
"chr18:63403826:63407432:clu_24683:ENSG00000119541.9",-0.0066169363338436,0.00300802725025771,0.027823967214315
"chr18:63981838:63983579:clu_24696:ENSG00000166401.14",0.00998251960302437,0.00338317813406478,0.0031712270313764
"chr18:74496431:74497509:clu_24728:ENSG00000133313.14",-0.00609710576355131,0.00347318542002077,0.0791773261716895
"chr18:66535107:66543971:clu_24701:ENSG00000071991.8",0.00590773809417358,0.00364871913353516,0.105420033145665
"chr18:68687765:68688540:clu_24707:ENSG00000166479.9",0.00626289471860505,0.00385683235805263,0.104409071602992
"chr18:70005267:70006381:clu_24715:ENSG00000176225.13",0.00646273568959214,0.00291539429021129,0.0266393498462978
"chr18:59157665:59158632:clu_24653:ENSG00000166562.8",0.00410797484186283,0.00342456390470255,0.230309705996318
"chr18:59155807:59157608:clu_24653:ENSG00000166562.8",-0.000168196113935253,0.00384020964616875,0.965064879177806
"chr18:58863750:58865470:clu_24636:ENSG00000074657.13",0.000786471113032765,0.00320970466102433,0.806433882921841
"chr18:58864934:58865304:clu_24636:ENSG00000074657.13",0.00218402362068478,0.00272516714033226,0.422884256984897
"chr18:58920633:58939445:clu_24638:ENSG00000074657.13",0.00333831370887346,0.00285522548402152,0.242325308122906
"chr18:59225715:59230404:clu_24654:ENSG00000134443.9",-0.00382839882120152,0.00262856800062542,0.14526605958211
"chr18:59225734:59230404:clu_24654:ENSG00000134443.9",0.00617438163485285,0.00278472375656573,0.0266071680892574
"chr18:58814074:58831686:clu_24635:ENSG00000267593.1",-1.67289140632625e-05,0.00312644512515069,0.995730717148957
"chr18:59353301:59354519:clu_24656:ENSG00000074695.5",-0.00807962221985355,0.00322892706915817,0.0123402487731786
"chr18:12429436:12431150:clu_24187:ENSG00000141391.13",0.00437313646925019,0.00287871462263966,0.128730237905612
"chr18:12429433:12431150:clu_24187:ENSG00000141391.13",-0.00599187750063632,0.00290180322909933,0.0389342890775669
"chr18:10718259:10731407:clu_24163:ENSG00000154864.11",0.00255115973228309,0.00298408719213982,0.39259471223856
"chr18:12363856:12366965:clu_24183:ENSG00000141385.9",0.0112118959863564,0.00317705352062932,0.000417096362581026
"chr18:12360051:12363782:clu_24183:ENSG00000141385.9",-0.00889853552711683,0.00302710617051635,0.00328617205758674
"chr18:23368750:23370216:clu_24275:ENSG00000134490.13",0.0157692424626515,0.00380519012675126,3.41090603009908e-05
"chr18:34827676:34848296:clu_24387:ENSG00000134769.21",0.00879112812076911,0.00472636964847896,0.0628831140517994
"chr18:32938091:32974547:clu_24374:ENSG00000166960.16",-0.00309235623052649,0.00526352278012402,0.556863282140764
"chr18:225139:225236:clu_24025:ENSG00000079134.11",0.00645609392304311,0.004617967481372,0.16210166273529
"chr18:225139:225337:clu_24025:ENSG00000079134.11",-0.00557946603876302,0.00439780367402338,0.20455031215046
"chr18:10702171:10704394:clu_24162:ENSG00000154864.11",0.00358899121245113,0.00259854490756602,0.167231553614579
"chr18:36786982:36798449:clu_24436:ENSG00000134779.14",-0.0102879756784105,0.0032961766328539,0.00180125094767014
"chr18:36800311:36807847:clu_24437:ENSG00000134779.14",0.0096422275879613,0.0042265195203253,0.0225269429104428
"chr18:37067545:37160200:clu_24442:ENSG00000150477.14",0.00623713015304551,0.00378788551257883,0.0996404062270202
"chr18:36164667:36167101:clu_24422:ENSG00000134759.13",-0.00292218419527669,0.00431545622876677,0.498314755592482
"chr18:36780188:36798449:clu_24436:ENSG00000134779.14",-0.000198898108409402,0.00344347435683546,0.953939099525851
"chr18:36787079:36798449:clu_24436:ENSG00000134779.14",-0.0052745332261589,0.00350401115588042,0.132250981788453
"chr18:36693423:36717832:clu_24431:ENSG00000134775.15",-0.0120303118837311,0.00397576717095842,0.00247886437573663
"chr18:2750122:2750350:clu_24067:ENSG00000101596.14",-0.00334743849486951,0.00267192506566154,0.210271584535315
"chr18:2544759:2547355:clu_24053:ENSG00000101574.14",-0.00518365748727927,0.00231331689568578,0.0250396776312923
"chr18:24179835:24181145:clu_24334:ENSG00000141447.17",-0.00505633927673118,0.00369593421680432,0.171286562594273
"chr18:25350947:25352005:clu_24344:ENSG00000198795.10",-0.00409197757303113,0.00421863443696229,0.332058051517084
"chr18:25322187:25350907:clu_24344:ENSG00000198795.10",0.00131625671639012,0.00333315073058766,0.69291768796912
"chr18:57706587:57731627:clu_24616:ENSG00000081923.11",0.000284159239908776,0.00329476196082815,0.931271057252032
"chr18:48761689:48817221:clu_24515:ENSG00000134030.13",0.0175179186269243,0.00565535476359603,0.0019510716638288
"chr18:9319120:9322062:clu_24138:ENSG00000264964.1",0.00136604939100169,0.00197943140550418,0.49011739600718
"chr18:10455039:10485462:clu_24158:ENSG00000154856.12",0.00745693662009414,0.00361079045514708,0.0389058572163917
"chr18:9563046:9563378:clu_24146:ENSG00000154845.15",0.00763442412264463,0.00247916930168454,0.00207398281232241
"chr18:12695351:12697223:clu_24198:ENSG00000101624.10",-0.00208371396334241,0.00345514759064542,0.546458636942166
"chr18:2909819:2911058:clu_24073:ENSG00000132205.10",-0.00499165304396528,0.00285585470071919,0.0804871296751323
"chr18:24334330:24341547:clu_24337:ENSG00000141447.17",0.000607106521656776,0.00376952235361727,0.872048807943331
"chr18:70065922:70073906:clu_24718:ENSG00000176225.13",-0.00104179637680553,0.00328422408220368,0.751082493907462
"chr18:50917508:50918110:clu_24558:ENSG00000082212.12",0.00427812797141441,0.00387494154527056,0.269571587878898
"chr18:50974561:51046920:clu_24564:ENSG00000141646.13",-0.000347019480308482,0.00353424390477124,0.921783204298041
"chr18:50974561:51046920:clu_24564:ENSG00000141642.8",-9.6375541319525e-05,0.00345664634883288,0.97775688135077
"chr18:50912950:50916168:clu_24558:ENSG00000082212.12",-0.00324373427825548,0.00350753718768631,0.355075307188867
"chr18:45999534:46005469:clu_24481:ENSG00000152229.18",-0.00716099593753745,0.00400325864256699,0.0736483639209585
"chr18:45724273:45724950:clu_24469:ENSG00000141469.16",-0.00178841262790092,0.00456992930796834,0.695543268661765
"chr18:50932360:50940288:clu_24559:ENSG00000082212.12",-0.000928124373194489,0.00490417677299543,0.849895456002168
"chr18:50269818:50271469:clu_24542:ENSG00000172361.5",-0.00182170301946318,0.00461090885171872,0.692779823116803
"chr18:50269818:50271469:clu_24542:ENSG00000141644.17",-0.0028593152838448,0.00449819598057466,0.524999208705272
"chr18:3084027:3085045:clu_24076:ENSG00000101605.12",-0.00261438544583398,0.00285746204399908,0.36022696522561
"chr18:3594240:3594420:clu_24089:ENSG00000262001.1",0.00615606689271637,0.00318900121196168,0.0535565591123495
"chr18:3594240:3594420:clu_24089:ENSG00000177337.7",0.00615606689271637,0.00318900121196168,0.0535565591123495
"chr18:3467296:3478756:clu_24086:ENSG00000266835.5",-0.000358079717281144,0.00322986891418727,0.911723326732572
"chr18:3085132:3086038:clu_24076:ENSG00000101605.12",0.00260082532553201,0.00288381338668666,0.367125828718496
"chr18:9815222:9845582:clu_24153:ENSG00000168461.12",0.00203385575983601,0.00282614119094111,0.471735451702979
"chr18:9360071:9396280:clu_24140:ENSG00000128791.11",0.00784683804666099,0.00298252006116058,0.00851485030793075
"chr18:9595153:9614226:clu_24150:ENSG00000154845.15",0.00100568111461498,0.00274425371119738,0.714015901387164
"chr18:10468652:10471530:clu_24158:ENSG00000154856.12",-0.00030179320569169,0.00244242988082802,0.901661535272376
"chr18:9595102:9614226:clu_24150:ENSG00000154845.15",-0.000183100602950409,0.00272217880510628,0.946372714980532
"chr18:21773728:21778103:clu_24260:ENSG00000101752.11",-0.00221044618343214,0.00616515996022354,0.719940485350804
"chr18:79375426:79377247:clu_24773:ENSG00000166377.19",-0.00442761718302233,0.00312282940997666,0.156242651224182
"chr18:79113354:79114994:clu_24762:ENSG00000166377.19",0.0145711978984677,0.0033026319196815,1.02422138097413e-05
"chr18:79330104:79336628:clu_24768:ENSG00000166377.19",-0.0230374569930217,0.00327259880405342,1.9293455721936e-12
"chr18:10773629:10784784:clu_24165:ENSG00000154864.11",0.00681729584963103,0.00262854797694902,0.00949880729080432
"chr18:9937066:9950395:clu_24156:ENSG00000101558.13",0.000961967342392935,0.0032040477332625,0.763997892720596
"chr18:36127016:36129114:clu_24419:ENSG00000141424.12",-0.00364337180676297,0.00404811551901774,0.368111332473071
"chr18:36124700:36126219:clu_24419:ENSG00000141424.12",-9.65198854072414e-05,0.00365620298794438,0.978939139155671
"chr18:45727418:45730300:clu_24469:ENSG00000141469.16",0.0128161740545208,0.00442275994108997,0.0037581715529883
"chr18:46216595:46240005:clu_24487:ENSG00000152242.10",-0.0124249946247062,0.00307091789196927,5.20958264091931e-05
"chr18:45725013:45731015:clu_24469:ENSG00000141469.16",0.0026091872848196,0.00433810324293848,0.547534918770203
"chr18:45852649:45855573:clu_24474:ENSG00000152223.12",0.000644237648994666,0.00362770188660103,0.859046262194413
"chr18:44869283:44949881:clu_24462:ENSG00000152217.16",0.00410867149974082,0.00419293899908002,0.327134237950565
"chr18:5241812:5243594:clu_24097:ENSG00000263753.6",0.00285717707057683,0.00263233872843895,0.277738374518186
"chr18:5241889:5243594:clu_24097:ENSG00000263753.6",-0.00270942864161374,0.00245298690017692,0.269357814825059
"chr18:34884776:34890300:clu_24393:ENSG00000134769.21",-2.20139751443627e-05,0.00476679442668431,0.996315228457097
"chr18:35291232:35305976:clu_24402:ENSG00000257267.3",-0.00636174805558905,0.00523034049625179,0.223864479661426
"chr18:35340733:35344370:clu_24405:ENSG00000172466.15",-0.00283757809741832,0.00529974609786883,0.592361023252166
"chr18:35340733:35344360:clu_24405:ENSG00000172466.15",0.00590635183304254,0.00442241044663709,0.181696286722399
"chr18:35263657:35263945:clu_24399:ENSG00000186814.13",0.00279627700178207,0.00425834294501207,0.511400537868456
"chr18:23601309:23617732:clu_24299:ENSG00000154065.16",0.000405144247532168,0.00392228622865501,0.917730524956909
"chr18:22949713:22968806:clu_24268:ENSG00000101773.18",-0.00122524688530342,0.00495747791473145,0.804791168516125
"chr18:23899455:23901127:clu_24320:ENSG00000053747.15",0.00678796925369014,0.00393306330848053,0.0843701952933927
"chr18:22968918:22975153:clu_24268:ENSG00000101773.18",-0.00381756200379751,0.00467344323666638,0.414006829431827
"chr18:23847668:23851474:clu_24317:ENSG00000053747.15",-0.00639261218603315,0.00514143507013696,0.2137382496822
"chr18:23901323:23903009:clu_24320:ENSG00000053747.15",-0.0037304385777696,0.0042407614514758,0.379042200876244
"chr18:70140188:70142288:clu_24721:ENSG00000176225.13",0.000616586101735802,0.00332588640331143,0.852923146263407
"chr18:36652929:36658075:clu_24429:ENSG00000134775.15",0.00237920641359937,0.00406739013861131,0.55858356040307
"chr18:36709391:36717832:clu_24431:ENSG00000134775.15",0.0051334051101971,0.00412781117605238,0.213641541350977
"chr18:36164667:36167156:clu_24422:ENSG00000134759.13",0.00225768769387176,0.00378465238051803,0.550816099731764
"chr18:62279856:62280646:clu_24671:ENSG00000134444.13",-0.00086809247176607,0.00401692340843342,0.828902945374488
"chr18:79113354:79126267:clu_24762:ENSG00000166377.19",0.00249564093397672,0.00346724259503919,0.471662404034733
"chr18:79207012:79213962:clu_24765:ENSG00000166377.19",-0.00501592790966978,0.00282011774994265,0.0753014966622775
"chr18:46118316:46119926:clu_24483:ENSG00000152240.12",-0.00877951394609052,0.0034392222597252,0.0106872670341318
"chr18:44701832:44869230:clu_24460:ENSG00000152217.16",-0.00825664982715372,0.00476154891805027,0.082913462483764
"chr18:8624998:8625801:clu_24126:ENSG00000206418.3",-0.00258010387272665,0.00466537111290203,0.580240858989689
"chr18:22168383:22169409:clu_24264:ENSG00000266010.1",0.000315440488653841,0.00485015823687098,0.948144418168647
"chr18:21530490:21532473:clu_24252:ENSG00000141446.10",0.00223319101486006,0.00504745580715133,0.658171603492382
"chr18:21508279:21508387:clu_24249:ENSG00000141449.14",-0.0116854298115668,0.00773349696821592,0.130784632823673
"chr18:21532660:21536042:clu_24252:ENSG00000141446.10",0.00067367842518939,0.0051609060920648,0.896143234246209
"chr18:57731829:57802998:clu_24617:ENSG00000081923.11",0.000670687382970171,0.00306793263608076,0.826952178929367
"chr18:34679592:34755976:clu_24385:ENSG00000134769.21",-0.00378004838693276,0.00509902653234369,0.458494915866747
"chr18:34864062:34866111:clu_24392:ENSG00000134769.21",0.0159646822170534,0.00560115100378387,0.00436848390395039
"chr18:34864062:34875239:clu_24392:ENSG00000134769.21",-0.00737509475701516,0.00497158299142255,0.137954893137783
"chr18:34882201:34884728:clu_24393:ENSG00000134769.21",-0.00202047044118302,0.00606438527345958,0.739006061859246
"chr18:45038655:45063079:clu_24463:ENSG00000152217.16",0.00471900859002352,0.00394642998638977,0.231787710318071
"chr18:44681021:44701175:clu_24459:ENSG00000152217.16",0.0080380786081307,0.00373480386937812,0.031380894855772
"chr18:44953340:45038485:clu_24463:ENSG00000152217.16",-0.0106810140378951,0.00392899787878229,0.00655769754663493
"chr18:33267052:33267202:clu_24378:ENSG00000166960.16",0.00775537680411322,0.0047694828950669,0.103940841473641
"chr18:33412110:33439962:clu_24379:ENSG00000166960.16",0.00229869345456391,0.00398949559535801,0.56448913748335
"chr18:31832173:31839312:clu_24363:ENSG00000153339.13",0.000436264073469412,0.00523330782212703,0.93356293309358
"chr18:30994372:30996791:clu_24356:ENSG00000134762.16",-0.00762167577261346,0.00354006914310477,0.0313207452924086
"chr18:55464137:55585280:clu_24592:ENSG00000196628.15",0.00884627854002928,0.00523726787955082,0.0911999252589154
"chr18:56603052:56610993:clu_24595:ENSG00000091164.12",-0.00085784778108425,0.00321116523577096,0.789357270835267
"chr18:70004236:70005198:clu_24715:ENSG00000176225.13",-0.00271632671272997,0.00266162307763114,0.307466392148406
"chr18:58733574:58733882:clu_24633:ENSG00000172175.12",-0.00374736803891828,0.00321277102116782,0.243453774917561
"chr18:33397208:33412031:clu_24379:ENSG00000166960.16",0.00325614463944843,0.00373332826793362,0.383108670351999
"chr18:33348975:33356324:clu_24376:ENSG00000166960.16",-0.00525793096909472,0.00469446342251985,0.262701785840759
"chr18:32974681:33211896:clu_24375:ENSG00000166960.16",0.00772785242363612,0.00470568733732729,0.100540960592228
"chr18:23467526:23473429:clu_24278:ENSG00000101782.14",-0.0146733592109249,0.00380497777686969,0.000115088565896149
"chr18:74496431:74499882:clu_24728:ENSG00000133313.14",0.00634728634012378,0.00289550975818496,0.0283713044749327
"chr18:79968183:79970440:clu_24793:ENSG00000226742.3",0.0100271139105126,0.00514687331720607,0.0513916105120278
"chr18:79916479:79919184:clu_24789:ENSG00000122490.18",0.00929278498987585,0.00281469162855675,0.000961595214187927
"chr18:79904183:79915387:clu_24789:ENSG00000122490.18",-0.00117473521872629,0.00343551253107754,0.732396908621272
"chr18:79486937:79527528:clu_24777:ENSG00000131196.17",-0.0127158771856162,0.00264203905652481,1.48753645734523e-06
"chr18:80036710:80037247:clu_24798:ENSG00000101546.12",0.00403788960166642,0.00330033593627659,0.221149072384288
"chr18:79964786:79970440:clu_24793:ENSG00000226742.3",-0.00740683033403219,0.00351038701964873,0.0348604729309635
"chr18:79964786:79966612:clu_24793:ENSG00000226742.3",-0.00725565106113856,0.0054067128871454,0.179605449082333
"chr18:79949636:79950724:clu_24791:ENSG00000122490.18",0.00158831229089672,0.0040436410779831,0.69447267094295
"chr18:79904183:79919184:clu_24789:ENSG00000122490.18",-0.00282012674438276,0.00398594944321909,0.479245290637404
"chr18:79736521:79753652:clu_24787:ENSG00000060069.16",0.00641702952887741,0.0037206697431851,0.0845820151764625
"chr18:79486630:79527528:clu_24777:ENSG00000131196.17",0.0140557516785972,0.00284650514745918,7.89691814939708e-07
"chr18:9337352:9359972:clu_24139:ENSG00000128791.11",-0.00542777845053813,0.00281912525491052,0.0541866665913756
"chr18:8624998:8633189:clu_24126:ENSG00000206418.3",0.00296766506424969,0.00416329452018403,0.475959308721417
"chr18:54284065:54287281:clu_24577:ENSG00000101751.10",0.0162798696772607,0.00486801737377789,0.000825051951507838
"chr18:23466276:23473429:clu_24278:ENSG00000101782.14",0.00464265793296456,0.00478896084164435,0.332320731811877
"chr18:13726729:13731476:clu_24231:ENSG00000101654.17",0.00138700056417228,0.00403881987464225,0.731284556260129
"chr18:13030608:13037237:clu_24213:ENSG00000101639.18",-9.71937913324107e-05,0.00443140841501246,0.982501453008953
"chr18:12658773:12663458:clu_24196:ENSG00000128789.20",-0.00919810035056588,0.00367314490140417,0.0122746497896721
"chr18:12337535:12344132:clu_24181:ENSG00000141385.9",-0.00323120738548869,0.00272473943157272,0.235670650878091
"chr18:31849739:31852446:clu_24364:ENSG00000153339.13",0.00295693151446239,0.0034209776895796,0.387394134167602
"chr18:31852663:31853849:clu_24364:ENSG00000153339.13",-0.000407107833839344,0.00351233285901691,0.907725374836877
"chr18:62268948:62273980:clu_24669:ENSG00000134444.13",0.00753444134210497,0.0033412202713025,0.0241335235884235
"chr18:23504447:23515856:clu_24282:ENSG00000141452.9",-0.00026748998513332,0.00524257494719578,0.959307484349375
"chr18:24156042:24159472:clu_24335:ENSG00000154040.20",0.00419641879685379,0.00306789318124227,0.17135892005051
"chr18:23530132:23530229:clu_24291:ENSG00000141452.9",-0.00518738401518481,0.00453741700416666,0.25293645235914
"chr18:24080939:24082913:clu_24331:ENSG00000168234.12",0.00243096243704825,0.00359219929254339,0.498574909585245
"chr18:24239382:24271622:clu_24336:ENSG00000141447.17",0.00698741280690637,0.00339146217141083,0.0393703405252988
"chr18:23530297:23530511:clu_24292:ENSG00000141452.9",0.00161962012988781,0.00371220494451094,0.662621991190976
"chr18:23309744:23352196:clu_24274:ENSG00000134490.13",-0.00249263479173744,0.00340632539940898,0.464311103675829
"chr18:50984563:50986619:clu_24564:ENSG00000141642.8",-0.0017342340819063,0.00443002735958609,0.695447979120097
"chr18:50940386:50947017:clu_24560:ENSG00000082212.12",-0.000987283670868161,0.00376670241710888,0.793238008593709
"chr18:50984563:50986619:clu_24564:ENSG00000141646.13",-0.00116666002913509,0.00451377206816788,0.796046701409163
"chr18:47115348:47134496:clu_24503:ENSG00000167220.11",-4.78257684165881e-05,0.00404101334968122,0.990557182539043
"chr18:46815349:46818278:clu_24491:ENSG00000078043.15",-0.00714102079364983,0.00430087759958467,0.0968413198191556
"chr18:70048188:70051411:clu_24717:ENSG00000176225.13",0.00319478503417175,0.00360357458630962,0.375315845045958
"chr18:70030981:70047971:clu_24717:ENSG00000176225.13",-0.00189704871791171,0.0037367687333132,0.61168416470857
"chr18:46812615:46815312:clu_24492:ENSG00000078043.15",0.00417139214602256,0.00342374173645747,0.223082520715788
"chr18:45725013:45730300:clu_24469:ENSG00000141469.16",0.00653198662707727,0.00455002547628261,0.151118068652749
"chr18:633435:641327:clu_24035:ENSG00000079101.16",-0.00520260509921126,0.00376426888377833,0.166940258364328
"chr18:2927811:2929065:clu_24074:ENSG00000101577.9",-0.000523814651591848,0.00308623631366459,0.865225598414028
"chr18:3215251:3219803:clu_24079:ENSG00000101605.12",0.00112869904455871,0.00230361964640916,0.624156809134131
"chr18:2909819:2913067:clu_24073:ENSG00000132205.10",0.000965010215465055,0.00304423582155553,0.751246727883914
"chr18:47930446:47930800:clu_24509:ENSG00000175387.15",-0.00463439343622901,0.00347565757092609,0.182405136929016
"chr18:47115348:47130244:clu_24503:ENSG00000167220.11",-0.00749609425890256,0.0038245094327148,0.0499940858945459
"chr18:5395147:5395609:clu_24099:ENSG00000082397.17",0.00584685205708831,0.00261318800843698,0.025257579702707
"chr18:5394793:5395067:clu_24099:ENSG00000082397.17",-0.00259454477475115,0.00288704027342478,0.368819548695146
"chr18:5406968:5410566:clu_24101:ENSG00000082397.17",0.00203902299288086,0.0025151265707382,0.417535716483103
"chr18:5410619:5419711:clu_24101:ENSG00000082397.17",0.00128037531411716,0.00254687643596893,0.615158497873073
"chr18:5419931:5423378:clu_24102:ENSG00000082397.17",-0.00101748899369645,0.00269658951609303,0.705932549013305
"chr18:36835376:36844208:clu_24440:ENSG00000150477.14",-0.00279191361778422,0.00375823509219895,0.457554990615784
"chr18:36625749:36649316:clu_24429:ENSG00000134775.15",-0.00575983716935488,0.00477855514251832,0.228067752400511
"chr18:36130071:36133238:clu_24420:ENSG00000134759.13",0.000444004593172319,0.00345118992530786,0.897632535031899
"chr18:36031097:36067254:clu_24418:ENSG00000141425.17",0.00135997239883909,0.00374262065633431,0.716325249814479
"chr18:36027310:36030808:clu_24417:ENSG00000141425.17",-0.0123233942620772,0.00552708461900287,0.0257715286586127
"chr18:36133316:36136307:clu_24420:ENSG00000134759.13",0.00301039806700099,0.00374205748781862,0.421121719216423
"chr18:51054993:51058125:clu_24566:ENSG00000141646.13",0.00761867093176826,0.00355450087622245,0.0320820369444633
"chr18:50912950:50917347:clu_24558:ENSG00000082212.12",0.00129816125626085,0.00509815076512181,0.799005988128263
"chr18:23535675:23536673:clu_24294:ENSG00000141458.12",-0.00126347981683317,0.00606478377228362,0.834970869432071
"chr18:23535700:23536673:clu_24294:ENSG00000141458.12",-0.00149808461450225,0.00557188053402675,0.788033439603506
"chr18:23477086:23477179:clu_24280:ENSG00000101782.14",0.00718225107618214,0.00388545809113572,0.064530721578245
"chr18:13542460:13543019:clu_24226:ENSG00000168675.18",-0.00104389821968731,0.00322742589703712,0.746357444790392
"chr18:13760208:13762039:clu_24233:ENSG00000101654.17",0.00502284631059269,0.00396383722659088,0.205095349701313
"chr18:13071212:13072755:clu_24215:ENSG00000101639.18",0.00257634073320216,0.00297961840556904,0.387228399923848
"chr18:31068212:31068894:clu_24357:ENSG00000134755.14",-0.00200546605089785,0.0035949898787643,0.576946636744261
"chr18:31068212:31068299:clu_24357:ENSG00000134755.14",-0.00268454882277242,0.00477824286035359,0.574233470645839
"chr18:46891054:46903527:clu_24494:ENSG00000078043.15",0.0037587616772877,0.00349398008859472,0.282024663165466
"chr18:47053046:47054399:clu_24499:ENSG00000167216.16",-0.002244676104869,0.00291195275779281,0.440796391900807
"chr18:47053046:47054396:clu_24499:ENSG00000167216.16",0.0018113993188186,0.00292152530566158,0.535245701601813
"chr18:13099581:13100305:clu_24218:ENSG00000101639.18",0.00875001502517888,0.00406992313584834,0.0315614290933345
"chr18:5293327:5295813:clu_24098:ENSG00000198081.10",-0.0049027108914916,0.00283873062458606,0.0841535496928234
"chr18:5239049:5241699:clu_24096:ENSG00000263753.6",0.00781153808804948,0.00297380758076699,0.00861970593586237
"chr18:5239049:5240648:clu_24096:ENSG00000263753.6",-0.0013619688712349,0.00317116675357807,0.66757023468759
"chr18:5241255:5241699:clu_24096:ENSG00000263753.6",-0.00492992301278319,0.00330686215556025,0.136009809742523
"chr18:50932360:50939570:clu_24559:ENSG00000082212.12",-0.000462129636342375,0.00361361613746284,0.898239470115797
"chr18:51049324:51054781:clu_24565:ENSG00000141646.13",-0.0083582031324751,0.00347218852740881,0.0160759860070003
"chr18:50272738:50272824:clu_24543:ENSG00000141644.17",0.00629615694016335,0.00356541344032232,0.0774129403747943
"chr18:50269915:50271469:clu_24542:ENSG00000172361.5",0.00620349950090627,0.00368610914881944,0.0923867612407974
"chr18:50269915:50271469:clu_24542:ENSG00000141644.17",0.00685256359447924,0.00364727119688961,0.060269167926382
"chr18:49912173:49929512:clu_24539:ENSG00000167306.19",0.00476145056670557,0.00437857723325044,0.276841338223893
"chr18:49929598:49936252:clu_24539:ENSG00000167306.19",-0.00353881643265292,0.00360042812653056,0.325662724117509
"chr18:49491584:49491746:clu_24529:ENSG00000265681.7",0.00672655927211781,0.00327545657311088,0.0400120074558769
"chr18:9845691:9859228:clu_24154:ENSG00000168461.12",-0.00179376916996586,0.00394707549693795,0.649501195967918
"chr18:3252325:3253233:clu_24081:ENSG00000101608.12",-0.00659426438219176,0.00355985139532403,0.0639685803517677
"chr18:3126897:3131375:clu_24078:ENSG00000101605.12",-0.000765159648470484,0.00238932433090453,0.748785633649995
"chr18:2800740:2802528:clu_24072:ENSG00000101596.14",0.00113989454010924,0.00266689257151955,0.669070352396144
"chr18:3247909:3253233:clu_24081:ENSG00000101608.12",0.00363054620363396,0.0036169655076999,0.315496854074896
"chr18:31666372:31684312:clu_24361:ENSG00000118276.11",-0.00624342472798534,0.00322523334343305,0.0528915163049489
"chr18:58865579:58896425:clu_24637:ENSG00000074657.13",0.00120717711144368,0.00288074910026695,0.675179793845305
"chr18:59155807:59158632:clu_24653:ENSG00000166562.8",0.00549618902846503,0.00427344747572732,0.198399326642828
"chr18:62275473:62280646:clu_24671:ENSG00000134444.13",-0.00949850861320664,0.00417034741893897,0.022748628368675
"chr18:79973856:79976718:clu_24792:ENSG00000141759.14",-0.00319211775338842,0.00700149903323996,0.648448090998209
"chr18:80067308:80069798:clu_24794:ENSG00000261126.7",0.0195485094821391,0.00374870231277408,1.84074817388691e-07
"chr18:80048193:80069798:clu_24794:ENSG00000101546.12",-0.0142666211698066,0.0043648038968383,0.00108096453268403
"chr18:80034653:80036668:clu_24794:ENSG00000101546.12",0.00255326442999434,0.00573268607737065,0.656040032669785
"chr18:79973856:79977598:clu_24792:ENSG00000141759.14",0.0246160809527063,0.00613313857713545,5.97948588343389e-05
"chr18:79729069:79736355:clu_24787:ENSG00000060069.16",0.0119017173714602,0.00386269806308691,0.00206173117633257
"chr18:80048193:80069798:clu_24794:ENSG00000261126.7",-0.0142666211698066,0.0043648038968383,0.00108096453268403
"chr18:80067308:80069798:clu_24794:ENSG00000101546.12",0.01878704380811,0.00372114517757658,4.44765224205668e-07
"chr18:80034653:80036668:clu_24794:ENSG00000261126.7",0.00255326442999434,0.00573268607737065,0.656040032669785
"chr18:79976787:79977598:clu_24792:ENSG00000141759.14",-0.0206374209502606,0.00777650348915303,0.00795868611686745
"chr18:36800311:36805374:clu_24437:ENSG00000134779.14",-0.00186386201776522,0.00372663882545246,0.616972558546796
"chr18:36805502:36807847:clu_24437:ENSG00000134779.14",0.0033483585028771,0.00360078881453974,0.352425022344348
"chr18:36127016:36129101:clu_24419:ENSG00000141424.12",-0.00979488849358472,0.00497266281098515,0.0488673541432498
"chr18:49864380:49872167:clu_24537:ENSG00000167306.19",0.00402952211736225,0.00309517969932756,0.192960771731511
"chr18:50285247:50285749:clu_24553:ENSG00000154832.14",0.0122685669899274,0.00454598699388657,0.00695965482970695
"chr18:50285247:50285325:clu_24553:ENSG00000154832.14",-0.00133743179477261,0.00412038137935079,0.745491910476452
"chr18:49853647:49856813:clu_24536:ENSG00000167306.19",0.0097555922200783,0.00489733358599186,0.0463687342590512
"chr18:50285351:50285749:clu_24553:ENSG00000154832.14",0.00432908940704092,0.00386067425152202,0.262147469991195
"chr18:50286858:50287587:clu_24555:ENSG00000154832.14",-0.00221982496132284,0.00434264732502865,0.609233002448932
"chr18:49863327:49864141:clu_24537:ENSG00000167306.19",-0.00227911880351116,0.00343306880272586,0.506772135689501
"chr18:3247587:3253233:clu_24081:ENSG00000101608.12",0.00565353789154251,0.003025138324059,0.061643312060836
"chr18:3456580:3457365:clu_24087:ENSG00000177426.20",-0.000114813322569936,0.00233400222911966,0.960766599070858
"chr18:51076776:51078256:clu_24569:ENSG00000141646.13",0.0011729822756385,0.0041165212905995,0.77568625770647
"chr18:50286257:50286539:clu_24554:ENSG00000154832.14",-0.00652910136806841,0.00316004135336825,0.0388148582126584
"chr18:50269811:50271469:clu_24542:ENSG00000141644.17",-0.0107110949007021,0.00389998685688829,0.00602451984046048
"chr18:50269811:50271469:clu_24542:ENSG00000172361.5",-0.0119926874773125,0.00396265635404994,0.00247463125338676
"chr18:2589310:2590018:clu_24057:ENSG00000080986.12",0.00198420080305426,0.00289164736676679,0.492597381166047
"chr18:2539145:2544195:clu_24053:ENSG00000101574.14",-0.000480177176983056,0.00242552774510431,0.84307000362417
"chr18:10540399:10546326:clu_24160:ENSG00000134265.12",0.000229071400093118,0.00313511927465171,0.941753400630138
"chr18:76928106:76937156:clu_24747:ENSG00000130856.15",0.00237723345191417,0.00304011144786278,0.434240419969358
"chr18:76936061:76937156:clu_24747:ENSG00000130856.15",0.00611146476705715,0.00274302890414384,0.0258806032821363
"chr18:47870564:47896521:clu_24508:ENSG00000175387.15",-0.00851961189149007,0.0031170747940211,0.00627208239577748
"chr18:46815349:46820933:clu_24491:ENSG00000078043.15",-0.0169532565555165,0.00409791343800164,3.51805543322703e-05
"chr18:47896809:47930800:clu_24509:ENSG00000175387.15",0.00571243120853704,0.00338955405103772,0.0919298087720224
"chr18:47098663:47099243:clu_24501:ENSG00000167216.16",0.00656200262344194,0.00387287616548163,0.0901990451092686
"chr18:47896809:47930361:clu_24509:ENSG00000175387.15",0.00633113707514598,0.00415279364194621,0.12737164541846
"chr18:12367117:12367276:clu_24184:ENSG00000141385.9",-0.00314203501528182,0.00286358737132425,0.272537650352635
"chr18:12836891:12859164:clu_24203:ENSG00000175354.18",-0.0155355175776226,0.00306308478781461,3.93959442290814e-07
"chr18:13671973:13681605:clu_24230:ENSG00000177150.12",-0.000752166681833459,0.00415830182226044,0.85645930455387
"chr18:13057733:13059082:clu_24214:ENSG00000101639.18",-0.00880432837792685,0.00275407891421721,0.00138945690534797
"chr18:12836891:12840714:clu_24203:ENSG00000175354.18",0.0128223822597352,0.00344590327346916,0.000198395262639983
"chr18:13113705:13114130:clu_24221:ENSG00000101639.18",-0.00909408974139318,0.00350485423146456,0.00946700199814476
"chr18:12370926:12371592:clu_24184:ENSG00000141385.9",0.00154031410000642,0.00349394940406384,0.659320245223995
"chr18:68687765:68691295:clu_24707:ENSG00000166479.9",0.00583070871184597,0.00463260034087363,0.208165648290482
"chr18:42015566:42020638:clu_24454:ENSG00000078142.12",0.00431018846705067,0.00465648068447578,0.354637152766527
"chr18:641541:644910:clu_24036:ENSG00000079101.16",0.00261612531300263,0.00315904500769815,0.407592333570858
"chr18:41957758:41962489:clu_24450:ENSG00000078142.12",-0.00432773722276514,0.00365875335713549,0.236870679126738
"chr18:45734402:45739163:clu_24470:ENSG00000141469.16",-0.00499354309365003,0.00512986138126414,0.33034136547353
"chr18:45922600:45923268:clu_24478:ENSG00000152223.12",0.00312944300591755,0.00361009049515197,0.386018728573157
"chr18:63705346:63710179:clu_24691:ENSG00000206072.12",-0.00899952679488671,0.00499503164443219,0.0715933025668087
"chr18:62558770:62560587:clu_24674:ENSG00000141664.9",-0.00396164823110658,0.0033003990226349,0.230001760918539
"chr18:8247919:8296368:clu_24120:ENSG00000173482.16",-0.000739666456124633,0.00292771392031027,0.800544091028878
"chr18:63983721:63985093:clu_24696:ENSG00000166401.14",-0.00540874980948651,0.00307434576789392,0.078523623493156
"chr18:44680395:44701175:clu_24459:ENSG00000152217.16",-0.0066801132269818,0.00412524618142711,0.10537740892042
"chr18:35241109:35242391:clu_24397:ENSG00000186812.12",0.00275446148655439,0.00402821358180975,0.494106320660384
"chr18:35241109:35243152:clu_24397:ENSG00000186812.12",0.000341231522781202,0.00416520008442909,0.93470683030908
"chr18:26689971:26703392:clu_24352:ENSG00000265369.3",-0.00294258387551181,0.00310147663759359,0.342738277806677
"chr18:77066385:77105211:clu_24753:ENSG00000197971.14",0.00330301650590333,0.00264546527475391,0.211826827322507
"chr18:76937343:76947521:clu_24748:ENSG00000130856.15",-0.00565635086626653,0.00307598303230652,0.0659334508666952
"chr18:54904415:54907786:clu_24582:ENSG00000166510.13",0.00798467609808748,0.00492572939710366,0.105014645584783
"chr18:2547529:2552695:clu_24054:ENSG00000101574.14",0.00132068049476079,0.00269761417938578,0.624435711507543
"chr18:35478349:35479300:clu_24408:ENSG00000267583.5",-0.0105097146044289,0.00334046651095755,0.00165417205300633
"chr18:35243293:35245262:clu_24398:ENSG00000186812.12",0.0121787568546783,0.00476914463283771,0.010659838330602
"chr18:35478349:35479300:clu_24408:ENSG00000153391.15",-0.0112807166741125,0.00346508992368546,0.00113179503703364
"chr18:36033837:36040807:clu_24418:ENSG00000141425.17",-0.00311274235701236,0.00424880589200198,0.463792787468091
"chr18:36031097:36033708:clu_24418:ENSG00000141425.17",0.0062930353200201,0.00354549867551042,0.0759083582317339
"chr18:55279656:55350359:clu_24589:ENSG00000196628.15",-0.00463370068138882,0.00539608433926328,0.390497556137629
"chr18:23531133:23531625:clu_24293:ENSG00000141452.9",0.004603869269777,0.00399801418196363,0.249510558570695
"chr18:23646287:23649083:clu_24303:ENSG00000154065.16",0.00442383444017879,0.00517763338410753,0.392876498426704
"chr18:2762236:2763637:clu_24068:ENSG00000101596.14",0.0045743358389961,0.00285514991723808,0.109125742310502
"chr18:26501250:26546728:clu_24351:ENSG00000134504.12",-0.0129936057305665,0.0043922245030118,0.00309320802116408
"chr18:49097515:49114508:clu_24522:ENSG00000141627.13",-0.000353231389470701,0.0041437304016686,0.932066790249299
"chr18:49114615:49118744:clu_24522:ENSG00000141627.13",0.00344803134424769,0.00333792479626422,0.301610203538059
"chr18:49491584:49492275:clu_24529:ENSG00000265681.7",0.00243777666892773,0.00511721592186533,0.633798481844559
"chr18:24438040:24440496:clu_24340:ENSG00000154059.9",0.00238169161252539,0.00318474157635184,0.454553930480355
"chr18:74256853:74260915:clu_24727:ENSG00000166347.18",-0.000369766881515413,0.00353278979890035,0.916639964801315
"chr18:75202340:75208850:clu_24735:ENSG00000180011.6",-0.0082911231444137,0.00288539380656612,0.00405976002794939
"chr18:74255775:74260915:clu_24727:ENSG00000166347.18",0.00168505870498569,0.00326719446756059,0.606028352900762
"chr18:59148223:59149513:clu_24651:ENSG00000166562.8",0.00206244943324215,0.00327214226563819,0.52849469194814
"chr18:68897428:69010934:clu_24713:ENSG00000150636.17",-0.00182994260101025,0.00270246967003327,0.498318942213491
"chr18:23022270:23026143:clu_24270:ENSG00000101773.18",-0.000728999455197298,0.0046638650761588,0.875790245205046
"chr18:21020239:21023620:clu_24247:ENSG00000067900.7",0.0117888974778293,0.0083529041374466,0.158140512977695
"chr18:36625749:36658075:clu_24429:ENSG00000134775.15",-0.00495811438348994,0.00497960459668612,0.319403534731748
"chr18:36658188:36681436:clu_24429:ENSG00000134775.15",0.00530963200806986,0.00359584880038388,0.139782767208034
"chr18:35480563:35497719:clu_24408:ENSG00000153391.15",0.00896888194601145,0.00462579052444504,0.0525151826284841
"chr18:35480563:35497719:clu_24408:ENSG00000267583.5",0.0118835042975323,0.00463344648597445,0.0103258361332047
"chr18:54938097:54940997:clu_24584:ENSG00000166510.13",-0.0107441107121413,0.00470437039546028,0.0223799182955489
"chr18:13038579:13040830:clu_24213:ENSG00000101639.18",-0.00525390902776598,0.00343911943399255,0.126589476480073
"chr18:13117643:13124632:clu_24222:ENSG00000101639.18",0.00738944574389002,0.00330330218279203,0.0252871559914307
"chr18:12009987:12014265:clu_24178:ENSG00000141401.11",0.00784829502732644,0.00371094991764526,0.034438309327031
"chr18:9945058:9950395:clu_24156:ENSG00000101558.13",0.00360853828988456,0.00320234740718877,0.259809456670267
"chr18:54888118:54889224:clu_24581:ENSG00000041353.9",0.0102465684033932,0.00417100650950977,0.0140251851768413
"chr18:62162329:62163531:clu_24662:ENSG00000197563.10",-0.00455938760921386,0.00496060696968662,0.358033385833572
"chr18:66529966:66534986:clu_24700:ENSG00000071991.8",-0.000712830298850416,0.00336182834301474,0.83207856264777
"chr18:66532712:66534986:clu_24700:ENSG00000071991.8",-0.00120430545091451,0.00356035599247637,0.735171617122227
"chr18:13278188:13387341:clu_24224:ENSG00000168675.18",-0.00838014536405591,0.0037222246954252,0.0243614265579243
"chr18:12337535:12340201:clu_24181:ENSG00000141385.9",0.00172395167102889,0.0038433697277435,0.653754773996284
"chr18:12351413:12353005:clu_24182:ENSG00000141385.9",0.00664859851168441,0.00289508803872094,0.0216467404202403
"chr18:12338580:12344049:clu_24180:ENSG00000176014.12",-0.00506669605175755,0.00467490487174034,0.278450245468588
"chr18:36205276:36213366:clu_24425:ENSG00000075643.5",0.0116105345218304,0.00304950307373847,0.000140462209638703
"chr18:36138426:36141137:clu_24421:ENSG00000134759.13",0.00175752184852389,0.00554429433996477,0.751246265151435
"chr18:683380:685921:clu_24042:ENSG00000132199.18",0.00399642074483694,0.00343950474084953,0.245268978491621
"chr18:21015479:21020151:clu_24246:ENSG00000067900.7",-0.00271146563372595,0.0109533592639088,0.804485317345954
"chr18:80079808:80080781:clu_24797:ENSG00000261126.7",-0.00324165298275525,0.00469639888742482,0.490041851544026
"chr18:80042219:80044212:clu_24795:ENSG00000101546.12",0.0102174140250668,0.0040387369552279,0.0114110064132747
"chr18:80069906:80070238:clu_24796:ENSG00000261126.7",-6.35242470250275e-05,0.00370501530992746,0.986320560505658
"chr18:79729069:79753652:clu_24787:ENSG00000060069.16",0.00350375063024342,0.00390533294427914,0.369627791003085
"chr18:79919400:79930228:clu_24789:ENSG00000122490.18",0.0141203080582891,0.00354174084105071,6.69628114523535e-05
"chr18:80082492:80095288:clu_24797:ENSG00000267127.7",-0.00236533639727558,0.00378850716466152,0.532400882424342
"chr18:80079808:80080781:clu_24797:ENSG00000267127.7",-0.00324165298275525,0.00469639888742482,0.490041851544026
"chr18:80037506:80038505:clu_24795:ENSG00000101546.12",-0.00519660214240601,0.00479797729523149,0.278772092744516
"chr18:80082492:80095288:clu_24797:ENSG00000261126.7",-0.00160747555364082,0.00368164964257519,0.662388199540171
"chr18:79904183:79933969:clu_24789:ENSG00000122490.18",0.000378906528763352,0.00435058375625827,0.930597381577771
"chr18:80038617:80042135:clu_24795:ENSG00000101546.12",-0.00369914773433224,0.00343421779616234,0.281415855354817
"chr18:58953799:58954234:clu_24638:ENSG00000074657.13",-0.00342464526810332,0.00417834407801043,0.412434011198313
"chr18:62114639:62138243:clu_24661:ENSG00000197563.10",0.00216106279681109,0.00362247445607513,0.550793913735563
"chr18:62107085:62109834:clu_24661:ENSG00000197563.10",-0.00552475662658884,0.00348125937684484,0.112512775032298
"chr18:50272955:50273124:clu_24544:ENSG00000141644.17",-0.00461572219725351,0.00346208587775176,0.182459611877555
"chr18:49856890:49863227:clu_24536:ENSG00000167306.19",7.29832088990761e-05,0.00416736867989113,0.9860273463913
"chr18:36844302:36885557:clu_24440:ENSG00000150477.14",0.00470226348558151,0.00332062164226608,0.156752295484493
"chr18:63703006:63705261:clu_24691:ENSG00000206072.12",0.00523839281843345,0.00430207416192934,0.223359460527724
"chr18:62280442:62280646:clu_24671:ENSG00000134444.13",0.00226977637324546,0.00470476832097482,0.629492212336785
"chr18:62161385:62162253:clu_24662:ENSG00000197563.10",-0.00250569123308887,0.00346139931655702,0.46912992051201
"chr18:26084175:26087501:clu_24346:ENSG00000141380.13",-0.00190792604244301,0.00342744325405029,0.577758658480827
"chr18:26035923:26038555:clu_24349:ENSG00000141380.13",-0.00225879258013174,0.00424208412684468,0.594398874798288
"chr18:70060042:70065829:clu_24718:ENSG00000176225.13",0.0048935323400421,0.00315784503288046,0.121227234524544
"chr18:54284013:54287281:clu_24577:ENSG00000101751.10",-0.00939468554534096,0.00565239506206516,0.0964984106017256
"chr18:76362557:76370528:clu_24738:ENSG00000101493.10",-0.00042306900627736,0.00309250730621818,0.891185303471242
"chr18:45736648:45739163:clu_24470:ENSG00000141469.16",-0.00762292973656401,0.00352285562916139,0.0304758942123379
"chr18:47130328:47134496:clu_24503:ENSG00000167220.11",0.00425675292777528,0.00275105203054826,0.121786530649032
"chr18:46109784:46118181:clu_24483:ENSG00000152240.12",-0.00495699938515098,0.00349282316214111,0.155841988230145
"chr18:45734402:45736456:clu_24470:ENSG00000141469.16",0.00530001912920163,0.00336909111690673,0.115688663305085
"chr18:79451816:79461311:clu_24776:ENSG00000131196.17",0.0100419598659214,0.0032968458107249,0.00231962228320415
"chr18:23530612:23531625:clu_24293:ENSG00000141452.9",-0.0069567667592045,0.00369176051913945,0.0595104052162913
"chr18:47067119:47069220:clu_24500:ENSG00000167216.16",0.00240225262557273,0.00402808986496548,0.550924649475609
"chr18:12951905:12955463:clu_24206:ENSG00000085415.15",-0.00217094276133401,0.00349956663289953,0.53502990343082
"chr18:13037301:13038370:clu_24213:ENSG00000101639.18",0.000120382521545476,0.00453709025934513,0.978832229243315
"chr18:12821425:12824023:clu_24202:ENSG00000175354.18",0.00354677935731973,0.00411264882023511,0.388463292101944
"chr18:12311053:12329146:clu_24180:ENSG00000176014.12",-0.00809661510791345,0.0054779051314405,0.139394521323105
"chr18:47134704:47136302:clu_24504:ENSG00000167220.11",-0.00298645966315566,0.00300333265931094,0.320036972226555
"chr18:46818447:46820933:clu_24491:ENSG00000078043.15",0.0200345033546499,0.00542746164943778,0.000223092341990916
"chr18:6927584:6928120:clu_24112:ENSG00000265933.5",0.000552221228947357,0.00253593971720879,0.827617649489615
"chr18:54942799:54945388:clu_24585:ENSG00000166510.13",-0.0161604850300135,0.00423030507735489,0.000133359663037069
"chr18:13103967:13104984:clu_24220:ENSG00000101639.18",-0.0133770705229003,0.00364337603586773,0.000241023507693616
"chr18:12821425:12825810:clu_24202:ENSG00000175354.18",-0.0045238131617414,0.00385110703776108,0.24012330974614
"chr18:11886621:11886917:clu_24170:ENSG00000154889.16",0.0052965721204214,0.00313597188848457,0.0912245876507788
"chr18:12496102:12506477:clu_24194:ENSG00000134278.15",0.0133191343334072,0.00322875716537086,3.70479891980136e-05
"chr18:13113705:13116374:clu_24221:ENSG00000101639.18",-0.000103065086938562,0.00398725023009309,0.979378047449544
"chr18:2778239:2784450:clu_24071:ENSG00000101596.14",-0.00274139968601395,0.00280347974950804,0.328145515654555
"chr18:2777915:2778169:clu_24071:ENSG00000101596.14",-0.000833545343043995,0.00256294422121556,0.74500730213506
"chr18:2763789:2769694:clu_24069:ENSG00000101596.14",-0.00137592780785171,0.0040151275107444,0.731834729485905
"chr18:26944366:27024116:clu_24355:ENSG00000154080.13",0.00423268424220698,0.00348301619814732,0.224276359696544
"chr18:46125791:46128075:clu_24485:ENSG00000152240.12",0.00338581663784869,0.00317843585956812,0.286764543652219
"chr18:677872:678696:clu_24041:ENSG00000132199.18",0.0080039766666279,0.00457808432673551,0.0804078654438736
"chr18:9577191:9583117:clu_24148:ENSG00000154845.15",0.00268770950003262,0.00311914090281937,0.388862193081567
"chr18:31658089:31666256:clu_24361:ENSG00000118276.11",0.0034010598287688,0.00347615988219659,0.327878661566023
"chr18:3880140:4005116:clu_24091:ENSG00000170579.16",0.00179162910286378,0.00243771001990117,0.462361420188414
"chr18:23534559:23535469:clu_24285:ENSG00000141458.12",0.00782825613327572,0.00521937297818748,0.133654276254517
"chr18:23385067:23399566:clu_24277:ENSG00000134490.13",-0.00314952856553708,0.00379337652801874,0.406385872210446
"chr18:5394793:5395609:clu_24099:ENSG00000082397.17",0.0019255798133178,0.00254481851374138,0.449249478856101
"chr18:78977932:78978463:clu_24757:ENSG00000263146.2",0.00790596015038854,0.00357171654122762,0.0268638567771499
"chr18:79307234:79329141:clu_24767:ENSG00000166377.19",-0.00928691776601273,0.00297968143991773,0.00182857473836662
"chr18:14078298:14084877:clu_24236:ENSG00000175322.11",0.00263097666293224,0.00327140000962987,0.421260867128974
"chr18:63407499:63410290:clu_24683:ENSG00000119541.9",0.00637131309617422,0.00364130817109034,0.0801645849867966
"chr18:59355658:59359031:clu_24657:ENSG00000074695.5",-0.0015250143077534,0.00351568133056444,0.664451912227383
"chr18:58195733:58245427:clu_24619:ENSG00000049759.17",0.00586680195210501,0.00500126583857556,0.24077037880911
"chr18:57731829:57761825:clu_24617:ENSG00000081923.11",-0.000832856529334304,0.00300615716316495,0.781741538170927
"chr18:5428465:5433469:clu_24103:ENSG00000082397.17",-0.00369410124598814,0.00289631509777302,0.202150480526465
"chr18:50243116:50250758:clu_24540:ENSG00000172361.5",0.00274616836063753,0.00341126057598255,0.420802155107921
"chr18:50272955:50273334:clu_24544:ENSG00000141644.17",-0.00483224785020043,0.00354534862487237,0.172888051031761
"chr18:13019206:13029663:clu_24213:ENSG00000101639.18",-0.00580360348828041,0.00326119943701727,0.0751428036303159
"chr18:13056698:13057585:clu_24214:ENSG00000101639.18",0.00834934577729299,0.00336177172917664,0.0130056432763483
"chr18:12353158:12356694:clu_24182:ENSG00000141385.9",-0.00788483906840946,0.00345431502079057,0.0224536064022669
"chr18:2718434:2724899:clu_24063:ENSG00000101596.14",0.00181418137448535,0.00251048937792687,0.469900760975016
"chr18:76443211:76490681:clu_24739:ENSG00000101493.10",0.00984489141365626,0.00271114560136195,0.000282034078663895
"chr18:76809504:76816104:clu_24743:ENSG00000264278.1",0.000837378122509127,0.00238981167993437,0.726042259773042
"chr18:245832:246324:clu_24026:ENSG00000079134.11",0.000557213868637907,0.00359768095684865,0.876914816182928
"chr18:180339:192842:clu_24022:ENSG00000101557.14",-0.000413512449971473,0.00389860320293996,0.915529335231431
"chr18:192900:196637:clu_24022:ENSG00000101557.14",-0.00125989187480083,0.00361645239822557,0.727556442567709
"chr18:683395:685921:clu_24042:ENSG00000132199.18",-0.00404929467235365,0.00360689607813253,0.261584664479452
"chr18:667752:669072:clu_24038:ENSG00000176890.15",-0.00545344056214276,0.00369836118122445,0.140331959496108
"chr18:54942803:54945388:clu_24585:ENSG00000166510.13",0.013785402937807,0.0041154694078275,0.000809122526348127
"chr18:54280903:54282837:clu_24576:ENSG00000101751.10",-0.00752418578464392,0.00433586203759524,0.082680969953652
"chr18:54164700:54166076:clu_24571:ENSG00000134046.11",0.00755278825949158,0.0049901277999095,0.130141011199096
"chr18:54277855:54280667:clu_24576:ENSG00000101751.10",-0.0042550146034855,0.00461869613575483,0.356915309507521
"chr18:32974681:33136027:clu_24375:ENSG00000166960.16",-0.000847659909680957,0.00408881686294512,0.835766373402036
"chr18:34593538:34679468:clu_24384:ENSG00000134769.21",-0.0101282370037446,0.00399085922436001,0.0111532989742256
"chr18:34848383:34851831:clu_24389:ENSG00000134769.21",0.0104111522625478,0.00545556860278992,0.056345570385395
"chr18:58981617:58983972:clu_24639:ENSG00000074657.13",-0.00902563326486027,0.00354768896739428,0.0109563448476456
"chr18:58979167:58981470:clu_24639:ENSG00000074657.13",0.0120885407332721,0.00335906523170944,0.000319712055563137
"chr18:7774271:7888106:clu_24116:ENSG00000173482.16",-0.00544044445652964,0.00288193814737637,0.0590564577345384
"chr18:59148231:59149513:clu_24651:ENSG00000166562.8",-0.00267158535076493,0.00353970963247796,0.450400778866832
"chr18:58920633:58934433:clu_24638:ENSG00000074657.13",-0.00598584986442477,0.00339456157283717,0.0778390086581805
"chr18:2544286:2544653:clu_24053:ENSG00000101574.14",-0.000278168055637694,0.00247077126644692,0.910360773778632
"chr18:6876208:6882137:clu_24109:ENSG00000088756.12",0.00437106143048242,0.00282805561107055,0.122199605182609
"chr18:645097:649898:clu_24036:ENSG00000079101.16",-0.00369158065662878,0.00311401339871584,0.235830248946617
"chr18:669173:670692:clu_24038:ENSG00000176890.15",0.0079398819278911,0.00337982145867103,0.0188137180747459
"chr18:74593839:74598230:clu_24733:ENSG00000264247.1",-0.00868785995986096,0.0032375121830016,0.00728562432833268
"chr18:9584828:9588089:clu_24148:ENSG00000154845.15",0.00132148468483991,0.00293655967732773,0.652702379383833
"chr18:10455039:10468469:clu_24158:ENSG00000154856.12",0.00167355127087517,0.0029184181671312,0.566343668846101
"chr18:9124996:9126831:clu_24132:ENSG00000178127.12",-0.0076584170781402,0.00367822558690625,0.0373337441369258
"chr18:9124983:9126831:clu_24132:ENSG00000178127.12",0.00464759754186284,0.00359932000070193,0.196619353130474
"chr18:48921910:48942481:clu_24520:ENSG00000101665.8",-0.00200961246734522,0.00332619076713184,0.545725069643892
"chr18:46240187:46253697:clu_24487:ENSG00000152242.10",0.00193373318650818,0.00346276017491363,0.576546055946149
"chr18:63712693:63716035:clu_24693:ENSG00000206072.12",-0.000655467908679165,0.00493871459327838,0.894414551582983
"chr18:63331901:63338800:clu_24678:ENSG00000119537.15",0.00194712415995191,0.00460685788701121,0.672544990091416
"chr18:57735592:57737762:clu_24612:ENSG00000267040.6",-0.00486570216527133,0.00279974514965657,0.0822268576581349
"chr18:57735592:57737762:clu_24612:ENSG00000267787.5",-0.00486570216527133,0.00279974514965657,0.0822268576581349
"chr18:58726333:58733397:clu_24631:ENSG00000172175.12",-0.00447471976941886,0.00341487108281996,0.190073158035142
"chr18:76370595:76371467:clu_24738:ENSG00000101493.10",0.00498637510007658,0.00314713724010089,0.113099046919111
"chr18:76371571:76378855:clu_24738:ENSG00000101493.10",-0.00178747368043482,0.00279897727490195,0.523072302995681
"chr18:75202340:75208420:clu_24735:ENSG00000180011.6",0.00310512085287485,0.00444823784134013,0.485141929003962
"chr18:42058051:42064740:clu_24457:ENSG00000078142.12",-0.00105428776354924,0.00526994693907447,0.841436300983245
"chr18:41970456:41984945:clu_24451:ENSG00000078142.12",0.00294282670458148,0.00592786813311739,0.619584503562991
"chr18:47077461:47099243:clu_24501:ENSG00000167216.16",-0.00547250504199126,0.00416647695301829,0.189027649670798
"chr18:74511233:74512448:clu_24731:ENSG00000133313.14",-0.00673316314778448,0.00360888477155931,0.0620807574511433
"chr18:74511013:74512448:clu_24731:ENSG00000133313.14",0.00649887606395981,0.00341561701015498,0.0570804060975348
"chr18:49785351:49787291:clu_24532:ENSG00000167315.17",-0.00299851874945188,0.00406865195551825,0.461133969183753
"chr18:49853647:49863227:clu_24536:ENSG00000167306.19",-0.000454141571184924,0.00363210917921803,0.900495667398892
"chr18:32268765:32270217:clu_24373:ENSG00000141441.15",-0.0103906715881679,0.00369560251890231,0.00492909736995251
"chr18:31913522:31916272:clu_24370:ENSG00000153339.13",-0.00554352381723569,0.00294326309273709,0.0596378021395728
"chr18:31909760:31913369:clu_24370:ENSG00000153339.13",0.00526461511379026,0.00295523932938351,0.0748387446840221
"chr18:76528963:76530384:clu_24741:ENSG00000263812.5",0.00635180215426066,0.00284741911344287,0.0256995099778861
"chr18:76362557:76371467:clu_24738:ENSG00000101493.10",-0.00254835189972646,0.00401766143447333,0.525893298324636
"chr18:45882487:45884617:clu_24476:ENSG00000152223.12",-0.00471968751673485,0.00295046958016967,0.109678592970872
"chr18:45882431:45884617:clu_24476:ENSG00000152223.12",0.000164272098017837,0.00287555394154862,0.954443937787098
"chr18:33245428:33266916:clu_24378:ENSG00000166960.16",-0.00940715925875889,0.00420717681529116,0.0253531428809211
"chr18:13030608:13048859:clu_24213:ENSG00000101639.18",-0.00284868556571284,0.00495889491705865,0.565656725884024
"chr18:12356831:12358670:clu_24182:ENSG00000141385.9",-0.00129959813099689,0.00298283856017786,0.663060397409801
"chr18:58865579:58918271:clu_24637:ENSG00000074657.13",0.000830356228460382,0.00278976334661982,0.765974914057768
"chr18:58896622:58918271:clu_24637:ENSG00000074657.13",-0.00179147591611139,0.00331365737714838,0.588759862743453
"chr18:62275473:62280360:clu_24671:ENSG00000134444.13",-0.0108958403159162,0.00419759784038482,0.00943895724255772
"chr18:76565634:76610845:clu_24741:ENSG00000263812.5",0.00208260323825656,0.00221986790511892,0.34815942181551
"chr18:62239479:62244764:clu_24665:ENSG00000134444.13",-0.00666365780677098,0.00403569241079357,0.098701663234555
"chr18:254355:259180:clu_24028:ENSG00000079134.11",-0.00133879313031828,0.0031587776319242,0.671687856575079
"chr18:79718016:79728907:clu_24787:ENSG00000060069.16",-0.0271472714215326,0.0035160288607435,1.15463194561016e-14
"chr18:23551727:23554758:clu_24296:ENSG00000141458.12",-0.00376062061257315,0.00401976765318376,0.349514284520404
"chr18:23601309:23609224:clu_24299:ENSG00000154065.16",-0.00693898272256846,0.00419761024139449,0.098314719603156
"chr18:23904694:23905522:clu_24321:ENSG00000053747.15",-0.00608782510572782,0.00516896823263348,0.238890673109004
"chr18:23617827:23619531:clu_24300:ENSG00000154065.16",0.00707513709931094,0.00457310888358032,0.121834898124493
"chr18:23905624:23909153:clu_24322:ENSG00000053747.15",0.00668406964582099,0.00342435699119736,0.0509477468032
"chr18:23530297:23530387:clu_24292:ENSG00000141452.9",-0.00254090473062964,0.00397432205057411,0.522608044780528
"chr18:24080773:24082913:clu_24331:ENSG00000168234.12",4.13408194856178e-05,0.00470941452539743,0.992995991796825
"chr18:23851573:23857844:clu_24317:ENSG00000053747.15",-0.0107772094834151,0.0046299097490057,0.0199261046863703
"chr18:23548108:23551627:clu_24296:ENSG00000141458.12",0.00257582235962161,0.00386196390703451,0.5047899246521
"chr18:26501250:26657360:clu_24351:ENSG00000134504.12",0.0019002131405398,0.00334675627398453,0.570186012928325
"chr18:77105286:77132580:clu_24754:ENSG00000197971.14",-0.00494745244087283,0.0030863331152054,0.108930329403437
"chr18:26917350:26944329:clu_24355:ENSG00000154080.13",-0.00624556457539907,0.00373790408064707,0.0947466825980475
"chr18:23758511:23763405:clu_24304:ENSG00000053747.15",-0.00123948503607828,0.00376580531812233,0.742048291136156
"chr18:23541433:23543455:clu_24295:ENSG00000141458.12",-0.00259275261410916,0.00500193329247529,0.604214024756622
"chr18:23504447:23507985:clu_24282:ENSG00000141452.9",-0.010168675442476,0.00520300546780549,0.0506557123417398
"chr18:62232427:62234880:clu_24665:ENSG00000134444.13",0.00219936627527845,0.00328909559476305,0.503696944801619
"chr18:62298860:62305414:clu_24673:ENSG00000134444.13",0.00501623111325687,0.0031870430145776,0.115500114792976
"chr18:62252754:62254692:clu_24666:ENSG00000134444.13",-0.00170398400737792,0.00355673661064234,0.631877190672882
"chr18:62264145:62264729:clu_24670:ENSG00000134444.13",-0.00210486067843015,0.00396885953669861,0.59587347373549
"chr18:51076776:51077307:clu_24569:ENSG00000141646.13",0.0161377546938,0.00373484374706644,1.55418918136307e-05
"chr18:49802853:49813732:clu_24534:ENSG00000167315.17",0.00532024914226599,0.00353984266780979,0.132848834149854
"chr18:51077419:51078256:clu_24569:ENSG00000141646.13",-0.00856546406257846,0.00450490569042296,0.0572543933494239
"chr18:74508928:74509139:clu_24730:ENSG00000133313.14",0.0150959525830346,0.0034706816921401,1.36408391141485e-05
"chr18:8114827:8122242:clu_24118:ENSG00000173482.16",0.00484469877506281,0.00310082258120775,0.118195793507346
"chr18:66572316:66603954:clu_24703:ENSG00000071991.8",-0.00453292252912176,0.00546511982535885,0.406862353719656
"chr18:9562075:9562922:clu_24146:ENSG00000154845.15",-0.00144305551034248,0.00271646198122884,0.595262106971907
"chr18:10534496:10539762:clu_24159:ENSG00000134265.12",0.00264168544959027,0.00327017741817438,0.419199363755073
"chr18:9102797:9117838:clu_24131:ENSG00000178127.12",0.0126352000847841,0.00409495214710098,0.0020317264202423
"chr18:9115902:9117838:clu_24131:ENSG00000178127.12",-0.0137201399302274,0.00434263290169267,0.0015809115339791
"chr18:32066009:32068298:clu_24371:ENSG00000101695.8",-0.00179899950939114,0.0039223189185832,0.646480409252983
"chr18:31830989:31832084:clu_24363:ENSG00000153339.13",-0.00455570686505447,0.00409972346928088,0.266472389005876
"chr18:31839457:31846716:clu_24363:ENSG00000153339.13",0.00163701223815382,0.00322425624657063,0.611651274373923
"chr18:32123574:32124734:clu_24372:ENSG00000134758.13",-0.000852324142801807,0.0034775408098554,0.806383703003828
"chr18:11999187:12009883:clu_24177:ENSG00000141401.11",0.000336762556277237,0.00309154392107061,0.913257837982859
"chr18:54919376:54928800:clu_24583:ENSG00000166510.13",-0.00311959310589447,0.00399234206963204,0.434570656562006
"chr18:56611097:56613836:clu_24596:ENSG00000091164.12",0.00097102233896669,0.00472402508085643,0.837142605692138
"chr18:56611097:56614424:clu_24596:ENSG00000091164.12",-0.0015472362240075,0.00371488480652873,0.6770467862195
"chr18:10534496:10538860:clu_24159:ENSG00000134265.12",0.00679988417192352,0.00267216501809963,0.0109368628731626
"chr18:58920633:58931646:clu_24638:ENSG00000074657.13",0.00116096260002578,0.002624943226706,0.658285854810822
"chr18:55229076:55232509:clu_24587:ENSG00000196628.15",3.04345802976338e-05,0.00489822921363129,0.995042468527195
"chr18:55229076:55232521:clu_24587:ENSG00000196628.15",-0.00571399151877758,0.00483187987754232,0.236983273559379
"chr18:3447797:3456354:clu_24084:ENSG00000177426.20",-0.000717663778019416,0.00316953169072733,0.820870256242408
"chr18:79919400:79943329:clu_24789:ENSG00000122490.18",-0.0154321493278288,0.0059844947794467,0.00991761034690508
"chr18:80160606:80202710:clu_24802:ENSG00000178184.15",0.00276456474941546,0.005019718686609,0.58181125347285
"chr18:45800890:45855573:clu_24474:ENSG00000152223.12",0.00334448174852453,0.00333311715305192,0.31566327420432
"chr18:9475176:9512991:clu_24141:ENSG00000017797.12",0.00834768658902954,0.00315760180408196,0.00820103126115213
"chr18:8807060:8812979:clu_24128:ENSG00000168502.17",0.00177728956262658,0.00236878003967067,0.453075593521557
"chr18:56626457:56638343:clu_24598:ENSG00000091164.12",0.00109200755483327,0.00461004544883483,0.812753253759248
"chr18:35480563:35487386:clu_24408:ENSG00000267583.5",0.0151024497320679,0.00415137891384401,0.00027483196775735
"chr18:35446955:35466624:clu_24408:ENSG00000153391.15",0.000663708796737583,0.00514916332393853,0.897439597434876
"chr18:35446955:35466624:clu_24408:ENSG00000267583.5",-0.00213546109251789,0.00492158643110229,0.664363311433269
"chr18:35480563:35487386:clu_24408:ENSG00000153391.15",0.014877772250094,0.004234403325473,0.000442167301620278
"chr18:36835376:36885557:clu_24440:ENSG00000150477.14",-0.00511007903007351,0.00324327984862928,0.115120341170923
"chr18:47046527:47052880:clu_24496:ENSG00000167216.16",-0.0025731994885059,0.00369777647622263,0.486505542574476
"chr18:74496431:74499937:clu_24728:ENSG00000133313.14",0.00141941130144633,0.00264905627984118,0.592084532848469
"chr18:3467270:3473954:clu_24086:ENSG00000266835.5",-0.00283034919021468,0.00321066029141208,0.378021617620421
"chr18:42043817:42049531:clu_24456:ENSG00000078142.12",-0.000590145111232813,0.00498190896243365,0.905705067778873
"chr18:70109717:70114445:clu_24719:ENSG00000176225.13",-0.0055338370560908,0.00378118238215303,0.14332507161524
"chr18:70289090:70324543:clu_24723:ENSG00000170677.5",0.00177124089480745,0.00279676276338018,0.526525838852152
"chr18:12793574:12794384:clu_24201:ENSG00000175354.18",0.000188196890318216,0.00283707603842521,0.947111272580527
"chr18:12817365:12818944:clu_24202:ENSG00000175354.18",0.0117977730060556,0.0029626886334495,6.83041162999887e-05
"chr18:9559604:9561980:clu_24145:ENSG00000154845.15",0.00733294999356295,0.00249906989340555,0.00334331435778423
"chr18:50275728:50275835:clu_24546:ENSG00000141644.17",-0.000310963165493266,0.00499299383229591,0.950339933453126
"chr18:49837802:49839144:clu_24535:ENSG00000167306.19",-0.00327947302992344,0.00411631375184224,0.425624456425122
"chr18:49839294:49841365:clu_24535:ENSG00000167306.19",0.00107455274376098,0.00418944860127291,0.79757230353107
"chr18:51054993:51059866:clu_24566:ENSG00000141646.13",0.00134166368762517,0.00477904565204674,0.77891072345214
"chr18:25195244:25224345:clu_24343:ENSG00000198795.10",0.00400144973865987,0.00371500597795632,0.281433573038878
"chr18:34816014:34818164:clu_24388:ENSG00000134769.21",0.00621162570455605,0.00629503959937213,0.323765571687303
"chr18:31909013:31909667:clu_24369:ENSG00000153339.13",0.01054940136719,0.00408907346453015,0.00988288775516422
"chr18:31909010:31909667:clu_24369:ENSG00000153339.13",-0.00600446246953836,0.00394197101959183,0.127705363384806
"chr18:57571540:57573246:clu_24606:ENSG00000066926.10",0.0016128818841137,0.0038925291438263,0.678615462093999
"chr18:57704668:57706490:clu_24616:ENSG00000081923.11",0.0012036878604951,0.00323119974683846,0.709505417351998
"chr18:58333892:58341038:clu_24622:ENSG00000049759.17",-0.000503610866035603,0.00518522541589479,0.922627763549537
"chr18:57655417:57661174:clu_24613:ENSG00000081923.11",0.00623007636806802,0.00557668803757515,0.263924113960962
"chr18:3459747:3467127:clu_24085:ENSG00000266835.5",-0.000326301957153371,0.00349907257266851,0.925701901808491
"chr18:3450070:3456354:clu_24084:ENSG00000177426.20",0.00856905861547449,0.00307433423313711,0.00531510214153341
"chr18:47869436:47870475:clu_24508:ENSG00000175387.15",0.00647341302831478,0.00310887761629038,0.0373210319640468
"chr18:47920169:47930361:clu_24509:ENSG00000175387.15",-0.014614971630465,0.00355052157817358,3.8502208391078e-05
"chr18:79143860:79154504:clu_24763:ENSG00000166377.19",-0.00801453596057426,0.00316277639006306,0.0112762567018182
"chr18:79126375:79143802:clu_24763:ENSG00000166377.19",0.00962810603954285,0.00283707751138327,0.000689626335070304
"chr18:79303716:79306986:clu_24767:ENSG00000166377.19",0.00840900842737549,0.00288275808143301,0.00353414552833231
"chr18:79374101:79377247:clu_24773:ENSG00000166377.19",-0.000592389352241717,0.0035212843941675,0.866401518860449
"chr18:79374101:79375394:clu_24773:ENSG00000166377.19",0.00932063787077825,0.00288826958907837,0.00125066414781783
"chr18:11885816:11886499:clu_24170:ENSG00000154889.16",0.00383598786775904,0.0033843180536238,0.257021287701716
"chr18:11897356:11908201:clu_24172:ENSG00000154889.16",0.00144174295957465,0.00293796767439741,0.623618849895297
"chr18:68689981:68691295:clu_24707:ENSG00000166479.9",-0.00192150191030118,0.0038478073767375,0.617514660106765
"chr18:49391642:49430255:clu_24527:ENSG00000141627.13",0.000579030205475957,0.00368871695859184,0.875265862576965
"chr18:24179835:24196125:clu_24334:ENSG00000141447.17",-0.00247364848352228,0.00360053240910023,0.492068251189616
"chr18:42029441:42033826:clu_24455:ENSG00000078142.12",0.00245408119793376,0.00456306541905759,0.590705354806065
"chr18:48539831:48619538:clu_24511:ENSG00000134030.13",-0.00169136812012941,0.0032387067080944,0.601506263497563
"chr18:35339073:35339829:clu_24403:ENSG00000172466.15",0.00620345929064208,0.0051051434171507,0.224313049452034
"chr18:35337770:35339829:clu_24403:ENSG00000172466.15",-0.0028160349153926,0.00422987187861438,0.505571254443521
"chr18:12340401:12344132:clu_24181:ENSG00000141385.9",-0.00480372800323105,0.00434378747676837,0.268776438600579
"chr18:79904183:79943329:clu_24789:ENSG00000122490.18",0.0122291110845181,0.00512265225846161,0.016974407405436
"chr18:79715528:79717535:clu_24786:ENSG00000060069.16",-0.00687333305391123,0.00312471966045466,0.0278307494301248
"chr18:79943462:79949519:clu_24791:ENSG00000122490.18",-0.00562025513284367,0.00381813179659433,0.141023343924973
"chr18:79943462:79950724:clu_24791:ENSG00000122490.18",-6.24809430670882e-05,0.0041380033481014,0.987952961516943
"chr18:3452382:3456354:clu_24084:ENSG00000177426.20",0.00398685755849416,0.00291326566027227,0.17114987744766
"chr18:3467296:3473954:clu_24086:ENSG00000266835.5",-0.000138141997795302,0.00350807216255726,0.968588762453678
"chr18:50262219:50266336:clu_24542:ENSG00000141644.17",-0.0121768529545772,0.00464599069019697,0.00876882404866952
"chr18:50262219:50266336:clu_24542:ENSG00000172361.5",-0.0121768529545772,0.00464599069019697,0.00876882404866952
"chr18:31645479:31657976:clu_24360:ENSG00000118276.11",-0.00619396615776911,0.00313055494349107,0.0478664535966444
"chr18:607099:612765:clu_24033:ENSG00000079101.16",-0.00412795144133339,0.00370132586067855,0.264737775497755
"chr18:5443880:5445140:clu_24103:ENSG00000082397.17",0.0038577627427562,0.00267725022585667,0.149601021951593
"chr18:9563044:9563378:clu_24146:ENSG00000154845.15",-0.00280578971381062,0.00277878567871186,0.312630451306644
"chr18:79930311:79943329:clu_24789:ENSG00000122490.18",0.0268955681875596,0.00405116657439504,3.15885095858448e-11
"chr18:79154555:79176813:clu_24764:ENSG00000166377.19",0.00311507543990154,0.00264961050321168,0.23972558540006
"chr18:79400479:79410403:clu_24775:ENSG00000131196.17",-0.00219547533088667,0.00319686150211374,0.492234231381903
"chr18:79943462:79947267:clu_24791:ENSG00000122490.18",-0.00414491705703913,0.00397460967799528,0.297018311315988
"chr18:35245351:35254232:clu_24398:ENSG00000186812.12",-0.0059682745964675,0.00398261636437418,0.133982274702645
"chr18:36215977:36220055:clu_24425:ENSG00000075643.5",-0.0102717791661274,0.00303351108658064,0.000708929250804125
"chr18:35243293:35254232:clu_24398:ENSG00000186812.12",-0.00609339728965089,0.00409382222794365,0.136635632584226
"chr18:36807934:36818894:clu_24438:ENSG00000134779.14",-0.0024849402187505,0.00367999332571792,0.499512676726661
"chr18:21664230:21683920:clu_24258:ENSG00000158201.9",0.0124278293791738,0.00583913592710886,0.0333065937361831
"chr18:46812612:46815312:clu_24492:ENSG00000078043.15",-0.0069099145224387,0.00344585719730963,0.0449329356143175
"chr18:45748425:45749778:clu_24471:ENSG00000141469.16",-0.00135519193506422,0.00340628594373833,0.690740526216153
"chr18:35005553:35070195:clu_24396:ENSG00000166974.12",-0.00814157959208979,0.00526696670556946,0.122157351109557
"chr18:35041661:35070195:clu_24396:ENSG00000166974.12",0.00858627894301186,0.00448691297564867,0.0556678005118447
"chr18:36033837:36067254:clu_24418:ENSG00000141425.17",0.000650442671767311,0.00469082767066156,0.889716721040522
"chr18:46122590:46123299:clu_24483:ENSG00000152240.12",0.00506084273412549,0.00329921851816925,0.12504147008107
"chr18:50283324:50283515:clu_24550:ENSG00000154832.14",-0.000665682288635212,0.00362997473368104,0.854496080268268
"chr18:50939640:50940288:clu_24559:ENSG00000082212.12",-0.000533201357552195,0.00328431043807257,0.871031787134883
"chr18:24181279:24196125:clu_24334:ENSG00000141447.17",-0.00492099110229246,0.00353589180195065,0.164005510278183
"chr18:23618788:23619531:clu_24300:ENSG00000154065.16",-0.0065921570969157,0.00405046221808994,0.103629385397729
"chr18:23867917:23871431:clu_24319:ENSG00000053747.15",-0.00481928544345029,0.00509362233644006,0.344076622872245
"chr18:24239382:24280842:clu_24336:ENSG00000141447.17",-0.01266482572482,0.00386815525038521,0.00105989528726236
"chr18:26068557:26078076:clu_24345:ENSG00000141380.13",-0.000219465715639524,0.00345368035406847,0.949332158480759
"chr18:26057742:26078076:clu_24345:ENSG00000141380.13",-0.00140364743506559,0.00385440023423003,0.715732907698035
"chr18:76984894:76988495:clu_24752:ENSG00000197971.14",0.00927622834170603,0.00261636082063394,0.000391913856154225
"chr18:58149569:58165788:clu_24618:ENSG00000049759.17",0.00652474451090307,0.00344088042723572,0.0579279546897383
"chr18:59349236:59351412:clu_24655:ENSG00000074695.5",-0.00922410947626091,0.00481077625654955,0.0551890584031065
"chr18:62255478:62257948:clu_24667:ENSG00000134444.13",-0.00157405138677194,0.00404633011149778,0.697270849523505
"chr18:62252754:62255407:clu_24666:ENSG00000134444.13",-0.00177546340595336,0.00302950723596004,0.557837325698193
"chr18:14124476:14132275:clu_24235:ENSG00000175322.11",0.00702597042449537,0.00361704646555158,0.0520813593234358
"chr18:13730755:13731476:clu_24231:ENSG00000101654.17",-0.000502861162006567,0.00477937788685181,0.916205388203149
"chr18:13666713:13681605:clu_24230:ENSG00000177150.12",-0.000799804058606905,0.00318459582498098,0.801699883744629
"chr18:2590162:2595416:clu_24057:ENSG00000080986.12",-0.00232186997555929,0.00317002208291759,0.463896394497433
"chr18:79715528:79717810:clu_24786:ENSG00000060069.16",0.0250422854979021,0.00459517253161863,5.04564761083515e-08
"chr18:31068344:31068894:clu_24357:ENSG00000134755.14",0.0057439892831927,0.00396070408598764,0.146990352125125
"chr18:32092235:32092700:clu_24372:ENSG00000134758.13",0.00612649642607623,0.00405489169368549,0.130816409015102
"chr18:32092886:32123518:clu_24372:ENSG00000134758.13",-0.00960184835987706,0.00482548343743297,0.0466106554117576
"chr18:36260175:36266749:clu_24427:ENSG00000075643.5",-0.00601666880970213,0.00415535373224948,0.147636125022536
"chr18:36249000:36251159:clu_24426:ENSG00000075643.5",-0.00500273135243938,0.00516460023384682,0.332715852670933
"chr18:47157537:47176187:clu_24505:ENSG00000134049.5",0.00875746211765643,0.00385100812362154,0.0229617769531718
"chr18:46105368:46122467:clu_24483:ENSG00000152240.12",-0.0058839165907859,0.0046149083605455,0.202316265118344
"chr18:47156232:47157436:clu_24505:ENSG00000134049.5",-0.0105221336602091,0.00395141720093093,0.00774759799559011
"chr18:46821072:46827959:clu_24491:ENSG00000078043.15",0.00579633434571676,0.00367128277887305,0.114374870728693
"chr18:45739662:45748376:clu_24471:ENSG00000141469.16",-0.00132147029923449,0.00396658097980399,0.739020326609972
"chr18:47077461:47098173:clu_24501:ENSG00000167216.16",0.0154016611762796,0.00367211682649801,2.73813672444501e-05
"chr18:45870742:45876236:clu_24475:ENSG00000152223.12",-0.00016624065014131,0.00308508175942814,0.957026524271844
"chr18:50283361:50283515:clu_24550:ENSG00000154832.14",0.00413783772382803,0.00354556108713612,0.243191242217887
"chr18:50277204:50279883:clu_24547:ENSG00000141644.17",0.00437543356557191,0.00368865801383613,0.235548953238002
"chr18:50664504:50715079:clu_24556:ENSG00000141639.11",-0.00472454463035264,0.00461917756210951,0.306397317533312
"chr18:49802853:49813469:clu_24534:ENSG00000167315.17",0.0010390882841543,0.00257436176857473,0.6864852090863
"chr18:24172483:24179738:clu_24334:ENSG00000141447.17",-0.00127670746108738,0.00477758314002361,0.789293059127605
"chr18:26038659:26039289:clu_24349:ENSG00000141380.13",9.62501819775645e-05,0.00388915755735661,0.980255699500603
"chr18:58734381:58735202:clu_24634:ENSG00000172175.12",-0.00172839065645469,0.0035906272025112,0.630259404478765
"chr18:58734566:58735202:clu_24634:ENSG00000172175.12",0.00151167313539762,0.0035848552913602,0.673256292049315
"chr18:63403826:63410290:clu_24683:ENSG00000119541.9",0.00522123482286823,0.00511794074409353,0.307641800780441
"chr18:58165861:58227830:clu_24619:ENSG00000049759.17",0.00130097112424343,0.00450788463004118,0.772888239125711
"chr18:58954042:58979055:clu_24638:ENSG00000074657.13",0.00121627263523773,0.00410723111455349,0.76713112302074
"chr18:58165861:58245427:clu_24619:ENSG00000049759.17",-0.0055869459927294,0.00369411230516151,0.130434162317799
"chr18:13643412:13645127:clu_24228:ENSG00000168675.18",-0.00301244334419826,0.00305659913759623,0.324352046459225
"chr18:12817365:12819214:clu_24202:ENSG00000175354.18",0.007323772571425,0.00452137488070397,0.105272891910027
"chr18:12311053:12324809:clu_24180:ENSG00000176014.12",0.00819545069865809,0.00340760194105075,0.0161702837159855
"chr18:12427111:12427221:clu_24186:ENSG00000141391.13",-9.29008177651865e-05,0.00365564908335304,0.979725583934442
"chr18:11886778:11886917:clu_24170:ENSG00000154889.16",-0.0104176777676667,0.00272038897224263,0.00012841381866735
"chr18:12459928:12463351:clu_24192:ENSG00000134278.15",-0.00109953386346464,0.00365758417085625,0.763706174069191
"chr18:12658343:12658574:clu_24195:ENSG00000128789.20",-0.0011790915661715,0.00282903360698716,0.676837538225921
"chr18:12658205:12658574:clu_24195:ENSG00000128789.20",0.00173417641050044,0.00278286739473903,0.53317825939679
"chr18:3129519:3131375:clu_24078:ENSG00000101605.12",-0.00132218042514692,0.00309238340128885,0.668971262928941
"chr18:2738545:2739432:clu_24064:ENSG00000101596.14",-0.00134760786865342,0.00283059503154446,0.634012807895211
"chr18:22933564:22936754:clu_24267:ENSG00000101773.18",-0.00563520371432441,0.00592200825877311,0.341315246445299
"chr18:35468742:35478282:clu_24408:ENSG00000267583.5",-0.00401497618045522,0.00425716562670152,0.345624556452819
"chr18:35468742:35478282:clu_24408:ENSG00000153391.15",-0.00406764449072332,0.00425079088826643,0.338610286792874
"chr18:23371470:23373712:clu_24275:ENSG00000134490.13",-0.0136587440156881,0.00416345014431994,0.00103575117567078
"chr18:23526765:23527795:clu_24289:ENSG00000141452.9",0.00528108447102096,0.00422457509501388,0.211267935489246
"chr18:23527901:23529179:clu_24289:ENSG00000141452.9",-0.00445286428906629,0.0040409417095537,0.270488942727152
"chr18:49491584:49492258:clu_24529:ENSG00000265681.7",0.00163894016494327,0.00443679224100733,0.711831427023436
"chr18:49044204:49097402:clu_24521:ENSG00000141627.13",-0.00829396821331952,0.00388859958806017,0.0329334757607852
"chr18:24440618:24443049:clu_24341:ENSG00000154059.9",0.00478990146953517,0.00541461471169485,0.376359124723267
"chr18:26459925:26476515:clu_24351:ENSG00000134504.12",-0.00934831794043443,0.0044926522814372,0.0374520720053361
"chr18:68698031:68710021:clu_24708:ENSG00000166479.9",-0.00347511483838778,0.00368110865264574,0.345149065706996
"chr18:13754147:13762039:clu_24233:ENSG00000101654.17",-0.00520684279150239,0.00377122501801975,0.167378365759411
"chr18:9221999:9235638:clu_24136:ENSG00000101745.16",0.0040748811709159,0.00326917932348467,0.212597820133644
"chr18:8786091:8796232:clu_24127:ENSG00000168502.17",-0.00649149616414718,0.00336810676320018,0.0539369287634037
"chr18:8793120:8796232:clu_24127:ENSG00000168502.17",-0.00171853301942992,0.00284917221133011,0.546396112619513
"chr18:51058456:51059866:clu_24566:ENSG00000141646.13",-0.00593698787409174,0.00378900212801306,0.117138040551127
"chr18:70121700:70127502:clu_24720:ENSG00000176225.13",-0.000180465142620578,0.00274867287057266,0.947652202881187
"chr18:70127741:70128358:clu_24720:ENSG00000176225.13",-0.00159119617935506,0.00278236446535241,0.567398991395956
"chr18:56696462:56717964:clu_24601:ENSG00000091157.13",-0.000244417528854155,0.00405072047681723,0.951885423550782
"chr18:21536185:21560859:clu_24253:ENSG00000141446.10",-0.00292474568194283,0.00479168859128513,0.541610832353812
"chr18:63985245:63986874:clu_24697:ENSG00000166401.14",-0.00211518328456295,0.00346841981822094,0.541967392179517
"chr18:9570683:9577064:clu_24147:ENSG00000154845.15",-0.00029242560411421,0.00368774668136448,0.936796747126707
"chr18:36797050:36798449:clu_24436:ENSG00000134779.14",0.00510907619037722,0.0035404917390404,0.149008806485073
"chr18:36164667:36167153:clu_24422:ENSG00000134759.13",-0.0066965075968148,0.00424501979399629,0.11468112482224
"chr18:12699203:12699830:clu_24199:ENSG00000101624.10",8.95005769825982e-05,0.00316382041861623,0.977431840072251
"chr18:12699165:12699830:clu_24199:ENSG00000101624.10",-0.00433418457901434,0.00322944480605276,0.179568924129047
"chr18:13105079:13113586:clu_24221:ENSG00000101639.18",0.00257031095595916,0.00305635980224642,0.40036399819821
"chr18:12506641:12512454:clu_24194:ENSG00000134278.15",-0.014315939053559,0.00323154508410032,9.42068145415309e-06
"chr18:13218988:13278105:clu_24223:ENSG00000168675.18",0.00452454056827652,0.00400816865983675,0.258969603026204
"chr18:13114251:13116377:clu_24221:ENSG00000101639.18",-0.000393342143317337,0.00422618573387762,0.925845875753506
"chr18:12975882:12978752:clu_24208:ENSG00000085415.15",0.000719145473656561,0.00472415593946954,0.879007667568786
"chr18:2563859:2566821:clu_24056:ENSG00000101574.14",-0.0105108975109178,0.0029870080731003,0.000433386604343333
"chr18:252612:254273:clu_24028:ENSG00000079134.11",-0.00197250427310155,0.0031866618646336,0.535924508409143
"chr18:694334:706470:clu_24044:ENSG00000132199.18",0.00172373684032686,0.0031459069390804,0.5837399574677
"chr18:21564317:21566146:clu_24254:ENSG00000141446.10",0.00796978025565463,0.00611255468021847,0.192288868602605
"chr18:21568094:21573314:clu_24254:ENSG00000141446.10",-0.00189401900527927,0.00697463488464187,0.785961775439981
"chr18:45724273:45734274:clu_24469:ENSG00000141469.16",5.05389767510509e-06,0.00534801186902957,0.999245995254795
"chr18:46123364:46124822:clu_24484:ENSG00000152240.12",-0.00683222898022062,0.00345359474820029,0.0478954447590378
"chr18:23532284:23533355:clu_24283:ENSG00000141458.12",0.00118076491543354,0.00371052647651459,0.750317821654219
"chr18:23530132:23530207:clu_24291:ENSG00000141452.9",0.0039861677103816,0.0048397994639008,0.41015409011574
"chr18:33356346:33370050:clu_24376:ENSG00000166960.16",-0.00666623117275326,0.00485193857513534,0.169462953900015
"chr18:33223219:33224775:clu_24377:ENSG00000166960.16",0.00875098179828427,0.00485725744874695,0.0716036036406117
"chr18:42067513:42081123:clu_24457:ENSG00000078142.12",-0.0087554585356423,0.00546435316843029,0.109092301021802
"chr18:48539312:48619538:clu_24511:ENSG00000134030.13",-0.00284905899978216,0.00361261335507907,0.430321214712403
"chr18:70139716:70140100:clu_24721:ENSG00000176225.13",0.00363298418270156,0.00295417839033453,0.218780173894396
"chr18:61606654:61606851:clu_24658:ENSG00000267175.5",-0.0038227550777022,0.0045239857096522,0.398112424560513
"chr18:61606654:61606851:clu_24658:ENSG00000267279.1",-0.00367043013505008,0.00462930155202892,0.427854094556224
"chr18:63344493:63350888:clu_24678:ENSG00000119537.15",-0.00288258955059883,0.00414294686919841,0.486565107649128
"chr18:9775357:9792154:clu_24153:ENSG00000168461.12",-0.00519277990528495,0.00234991103658941,0.0271206266342209
"chr18:9915065:9931810:clu_24155:ENSG00000101558.13",-0.00631899368954246,0.00304204357410178,0.0377812606914987
"chr18:9914335:9931810:clu_24155:ENSG00000101558.13",0.00623529757390347,0.00299945175188424,0.0376345943041227
"chr18:2772372:2777806:clu_24070:ENSG00000101596.14",-0.0075133091093653,0.00282881720684461,0.0079076050742708
"chr18:3596675:3597176:clu_24089:ENSG00000177337.7",-0.00132873753996449,0.00269927121905834,0.622537048774042
"chr18:3596675:3597176:clu_24089:ENSG00000262001.1",-0.00133564983497573,0.00267885883502554,0.618068880460061
"chr18:12012215:12014265:clu_24178:ENSG00000141401.11",-0.00556710919838101,0.003180239944494,0.080026697898104
"chr18:12454483:12463351:clu_24192:ENSG00000134278.15",0.00483868897349812,0.00422139035102027,0.251699536234097
"chr18:12009987:12012170:clu_24178:ENSG00000141401.11",0.00283533425901363,0.00319424404188474,0.374735191795318
"chr18:13612774:13621117:clu_24225:ENSG00000168675.18",-0.00774617833743485,0.00347295922442285,0.025719179167047
"chr18:597129:606978:clu_24032:ENSG00000079101.16",-0.00125942002984373,0.00334406424017702,0.706460788815661
"chr18:3594484:3596579:clu_24089:ENSG00000177337.7",-0.00613437321655163,0.00224280782981458,0.00623554553198036
"chr18:3594484:3596579:clu_24089:ENSG00000262001.1",-0.00635027778372299,0.00223225151221211,0.0044441273554563
"chr18:5393478:5394677:clu_24099:ENSG00000082397.17",0.00183894252217636,0.0030061202151673,0.540714516074934
"chr18:247957:252539:clu_24027:ENSG00000079134.11",-0.00279260595067108,0.00565849973926274,0.621642320563747
"chr18:224200:224924:clu_24024:ENSG00000079134.11",-0.00119179905017914,0.00322427954546367,0.7116562069676
"chr18:224179:224924:clu_24024:ENSG00000079134.11",9.17249319970739e-05,0.00338383704287444,0.978374565742767
"chr18:8376597:8378265:clu_24123:ENSG00000173482.16",0.00399181175976705,0.00339469025387439,0.239635369810351
"chr18:9221999:9254211:clu_24136:ENSG00000101745.16",-0.000394948876137198,0.00282612662599076,0.888858168297753
"chr18:10472061:10485462:clu_24158:ENSG00000154856.12",-0.00422060325340428,0.00330517057254015,0.201612882930965
"chr18:79461366:79467450:clu_24776:ENSG00000131196.17",-0.00930538188792981,0.00333808687002283,0.00530936352005462
"chr18:31638760:31645355:clu_24360:ENSG00000118276.11",0.00143303823521261,0.00325847343479541,0.660090499560272
"chr18:36687178:36693209:clu_24430:ENSG00000134775.15",0.00100159772027822,0.00344147245051784,0.771022598966299
"chr18:36755311:36760608:clu_24432:ENSG00000134775.15",0.0116092903558563,0.00468063998594592,0.0131279829213984
"chr18:24083081:24114554:clu_24329:ENSG00000168234.12",-0.00902614939085295,0.00357362242156155,0.0115444933626988
"chr18:41482577:41501120:clu_24447:ENSG00000267313.7",0.00355912713789187,0.00406353786596355,0.381101214991999
"chr18:41481267:41481882:clu_24447:ENSG00000267313.7",-0.00766990957164867,0.00359770199590384,0.033015783903377
"chr18:24015754:24016587:clu_24327:ENSG00000168234.12",-0.00399460443159052,0.00420152716401023,0.341731000040451
"chr18:24015038:24019860:clu_24327:ENSG00000168234.12",-0.00368315177014627,0.00534852962993751,0.49105686551699
"chr18:23629951:23634051:clu_24302:ENSG00000154065.16",0.00308539533644491,0.00472564093410271,0.51381742406324
"chr18:23507054:23507985:clu_24282:ENSG00000141452.9",-0.00326978840553779,0.0048053795146848,0.496223797349433
"chr18:23634149:23638849:clu_24302:ENSG00000154065.16",-0.00152776581563373,0.00352341342516829,0.664576099504233
"chr18:48636685:48663752:clu_24512:ENSG00000134030.13",0.000642745625636591,0.00287428850255808,0.823053749743521
"chr18:50284562:50284720:clu_24551:ENSG00000154832.14",0.00266239920933985,0.00363599944760411,0.464026294129284
"chr18:50284562:50284732:clu_24551:ENSG00000154832.14",-0.00237731077562284,0.0036970507574427,0.52020529601488
"chr18:23931201:23931420:clu_24324:ENSG00000053747.15",0.00161932370912384,0.00629372752002553,0.796953616918698
"chr18:76491689:76492757:clu_24740:ENSG00000265778.2",0.00690550229779065,0.00318348599410735,0.0300702570172114
"chr18:74508928:74510813:clu_24730:ENSG00000133313.14",-0.0141424889524362,0.00312351364114892,5.96150457699007e-06
"chr18:62266749:62268869:clu_24668:ENSG00000134444.13",0.0013328840049632,0.00317698118163517,0.674818464369846
"chr18:66509218:66511568:clu_24699:ENSG00000071991.8",0.00532004059408861,0.00387533731398769,0.169816333845807
"chr18:57615975:57620569:clu_24610:ENSG00000134440.11",-0.00172603556283311,0.00308082021182798,0.575307589864222
"chr18:57620651:57621708:clu_24610:ENSG00000134440.11",0.00691676011327286,0.00405037753444088,0.087695212383054
"chr18:59349236:59353202:clu_24655:ENSG00000074695.5",0.00974455132152937,0.0046834434143238,0.0374670337290089
"chr18:58814074:58827159:clu_24635:ENSG00000267593.1",0.00728682401425814,0.00270932386902185,0.00715514343293044
"chr18:58863686:58865470:clu_24636:ENSG00000074657.13",0.00927971639062964,0.00524333532520394,0.0767585082858522
"chr18:58863686:58865304:clu_24636:ENSG00000074657.13",0.0059773590870191,0.00364280449260857,0.100824946300159
"chr18:62575550:62576512:clu_24676:ENSG00000141664.9",-0.00739645700490091,0.00332783513530345,0.0262425685743851
"chr18:50269818:50271309:clu_24542:ENSG00000172361.5",0.00197170257122468,0.00447394087460919,0.659424236529722
"chr18:50275981:50276378:clu_24546:ENSG00000141644.17",-0.00502896646348699,0.00456421964875828,0.270538221647839
"chr18:50269818:50271309:clu_24542:ENSG00000141644.17",0.000524395501203438,0.00438711660929846,0.90485485033627
"chr18:80202018:80202710:clu_24802:ENSG00000178184.15",-0.00427251813895589,0.00517645426356976,0.40915848237387
"chr18:3450505:3456354:clu_24084:ENSG00000177426.20",-0.0039214674911624,0.00297859187076729,0.187989241907906
"chr18:35241690:35242391:clu_24397:ENSG00000186812.12",0.00167496246437664,0.00466754413561494,0.719705021561172
"chr18:23477268:23479317:clu_24281:ENSG00000101782.14",0.00713907591813161,0.0040113989074723,0.0751255079560358
"chr18:23479424:23481172:clu_24281:ENSG00000101782.14",-0.00829206595307628,0.00404464051200897,0.0403510929159977
"chr18:264092:265303:clu_24029:ENSG00000079134.11",0.00503355376788015,0.0039302348809544,0.20028994464851
"chr18:691276:693882:clu_24043:ENSG00000132199.18",0.00255709226458285,0.0041373510896268,0.536541993816815
"chr18:677872:683246:clu_24041:ENSG00000132199.18",-0.00237379651587121,0.00413096174845321,0.565537961245887
"chr18:158714:163308:clu_24020:ENSG00000101557.14",-0.00804835575105252,0.00423279994605697,0.057246240361269
"chr18:260304:260718:clu_24029:ENSG00000079134.11",0.00430097687931771,0.00398905152322535,0.280946578154552
"chr18:2656261:2666157:clu_24061:ENSG00000101596.14",-0.00018886877677704,0.00263994323461565,0.942965808777284
"chr18:5393478:5395067:clu_24099:ENSG00000082397.17",0.000449263746539993,0.0036463330527785,0.901941013117029
"chr18:5438110:5443838:clu_24103:ENSG00000082397.17",0.000685827053743052,0.00366468080162154,0.851546868367199
"chr18:6080951:6093355:clu_24105:ENSG00000154655.15",0.00306348335162525,0.00308423089709376,0.320576919725224
"chr18:5969562:6080881:clu_24105:ENSG00000154655.15",0.00193314936163678,0.00296458110021563,0.51434840828963
"chr18:6873775:6876131:clu_24109:ENSG00000088756.12",-0.00201275801417185,0.00273128941932434,0.461167390195639
"chr18:6928219:6928437:clu_24113:ENSG00000265933.5",0.00079501353455183,0.00391599665503253,0.839121816344981
"chr18:8253414:8296368:clu_24120:ENSG00000173482.16",-0.00407199802777296,0.002876773002157,0.156929501212592
"chr18:8143779:8244058:clu_24119:ENSG00000173482.16",0.000598068425360356,0.00381326629817229,0.875371828143314
"chr18:6896626:6908960:clu_24110:ENSG00000088756.12",0.00113983234341879,0.00290656440580556,0.694941510597106
"chr18:8114827:8143647:clu_24118:ENSG00000173482.16",-0.00383019580681148,0.00347012520536823,0.269695958924874
"chr18:9522509:9524594:clu_24142:ENSG00000017797.12",-0.00212649465026063,0.00362661702614707,0.557635194933512
"chr18:8813233:8818963:clu_24129:ENSG00000168502.17",-0.00589644761490306,0.00362052384376537,0.10339406852924
"chr18:9195698:9204476:clu_24134:ENSG00000101745.16",0.00334733780192042,0.00329387410871787,0.3095192785905
"chr18:10677875:10680199:clu_24161:ENSG00000154864.11",0.00687550669373507,0.00338529143431282,0.0422556001870974
"chr18:10800475:10801390:clu_24166:ENSG00000154864.11",0.00194999029530223,0.00296146434269512,0.510245957450065
"chr18:9708444:9775278:clu_24153:ENSG00000168461.12",-0.00113197652365647,0.0032244140967333,0.72554014580403
"chr18:12421629:12427041:clu_24186:ENSG00000141391.13",0.00279760247720518,0.00373539972855258,0.453891400479068
"chr18:12971251:12975733:clu_24208:ENSG00000085415.15",0.00282853426475074,0.00396291470345394,0.475381174602462
"chr18:13087646:13089456:clu_24217:ENSG00000101639.18",-1.94003521460782e-05,0.00387613194331748,0.996006540270011
"chr18:12311053:12325067:clu_24180:ENSG00000176014.12",0.00567609305864435,0.00458957787639017,0.216185361934155
"chr18:12963371:12971153:clu_24207:ENSG00000085415.15",-0.00377732133461533,0.00535714746383087,0.480748394758405
"chr18:13438384:13484037:clu_24225:ENSG00000168675.18",-0.00253684494900404,0.00417058029257014,0.543007448844543
"chr18:13543070:13543315:clu_24227:ENSG00000168675.18",0.00560807885121444,0.00324029979278683,0.083500218793876
"chr18:22984990:22989221:clu_24269:ENSG00000101773.18",-0.00835612040142319,0.00506864598983032,0.099231605839759
"chr18:23006432:23016828:clu_24270:ENSG00000101773.18",0.00868267795774106,0.00390455507028992,0.0261665860276383
"chr18:21664230:21702316:clu_24258:ENSG00000158201.9",0.00643610487932888,0.00614722860547635,0.295102839704958
"chr18:21560990:21564203:clu_24254:ENSG00000141446.10",0.00635506133331296,0.00738300127545703,0.389365079735448
"chr18:21566206:21567980:clu_24254:ENSG00000141446.10",0.0136754281284111,0.00663787224846786,0.0393782196670159
"chr18:21622801:21623748:clu_24256:ENSG00000167088.10",-0.00242381101548095,0.00539742554883992,0.653382614489519
"chr18:21612443:21623748:clu_24256:ENSG00000167088.10",-0.00349034556933792,0.0050139403755301,0.486348512505245
"chr18:23214054:23234608:clu_24271:ENSG00000134508.12",-0.00933716739420873,0.00431681472997667,0.0305430124557183
"chr18:23237245:23252960:clu_24271:ENSG00000134508.12",0.0087713588003227,0.00388378644690626,0.0239172769177326
"chr18:23612190:23617732:clu_24299:ENSG00000154065.16",0.000337019110522047,0.00352461577963598,0.923823428196457
"chr18:23837089:23838781:clu_24315:ENSG00000053747.15",-0.00442771198199924,0.00365613120249815,0.225881033881004
"chr18:23858829:23861646:clu_24318:ENSG00000053747.15",0.00307714402732144,0.00554931367447442,0.579230591043052
"chr18:23508041:23509193:clu_24282:ENSG00000141452.9",-0.000600224669852485,0.00479820164449416,0.900449391779335
"chr18:23816487:23819841:clu_24310:ENSG00000053747.15",-0.00104715075060553,0.00435144499304275,0.80983075614893
"chr18:23876407:23881936:clu_24319:ENSG00000053747.15",0.0155009028642087,0.00545911946513496,0.00451912185166181
"chr18:24178195:24179738:clu_24334:ENSG00000141447.17",0.00156396462988975,0.00381260028564455,0.681652316298429
"chr18:26057742:26068494:clu_24345:ENSG00000141380.13",-0.00585880723051256,0.00436849756937374,0.179872000380562
"chr18:26035127:26035831:clu_24349:ENSG00000141380.13",0.00518835928585149,0.00386065226422977,0.178978321136038
"chr18:32268768:32270217:clu_24373:ENSG00000141441.15",0.00361478327412991,0.00395958751555054,0.361285064355707
"chr18:34827676:34829041:clu_24387:ENSG00000134769.21",-0.0076148865628084,0.00566628339370159,0.178982534803848
"chr18:33215695:33223106:clu_24377:ENSG00000166960.16",-0.0107670293693746,0.00441674497240523,0.0147779792544284
"chr18:35486114:35487386:clu_24408:ENSG00000267583.5",-0.00415150917652799,0.00476076973571087,0.383194859832495
"chr18:35486114:35487386:clu_24408:ENSG00000153391.15",-0.00302939434284606,0.00483466117964587,0.530922058579654
"chr18:34710445:34755976:clu_24385:ENSG00000134769.21",-0.00524251097287805,0.00547780296219128,0.338543893915613
"chr18:34493514:34679468:clu_24384:ENSG00000134769.21",0.00766421322295716,0.00540452017402549,0.156158159619051
"chr18:35478349:35497719:clu_24408:ENSG00000267583.5",-0.00152134012138657,0.0049093603679626,0.756647947779667
"chr18:35478349:35497719:clu_24408:ENSG00000153391.15",-0.00258247622863334,0.00491419153319863,0.599225954782142
"chr18:36187681:36195257:clu_24424:ENSG00000075643.5",0.00422025208611132,0.00333795332139976,0.20611401770787
"chr18:35264455:35267476:clu_24400:ENSG00000186814.13",-0.000800194006236369,0.00456001571966925,0.860702062881716
"chr18:35264455:35267476:clu_24400:ENSG00000268573.1",-0.000800194006236369,0.00456001571966925,0.860702062881716
"chr18:36718715:36730646:clu_24431:ENSG00000134775.15",0.00595828980435908,0.00477037264110469,0.211657837954471
"chr18:35263240:35263513:clu_24399:ENSG00000186814.13",0.000627363693921528,0.00498745827394429,0.899899535781094
"chr18:36693423:36709095:clu_24431:ENSG00000134775.15",0.0072720892667919,0.0046020597464445,0.114065327411863
"chr18:35972907:35974940:clu_24413:ENSG00000141428.16",0.00919817076033483,0.00458908580018101,0.0450317267488065
"chr18:36681570:36687128:clu_24430:ENSG00000134775.15",0.00853732536838903,0.00331111330953407,0.00992632924789449
"chr18:35677757:35683391:clu_24410:ENSG00000141429.13",0.00106885072380903,0.00399535556727234,0.789066273472852
"chr18:35663802:35677591:clu_24410:ENSG00000141429.13",-7.6405033474287e-05,0.00386853959386027,0.984242520466434
"chr18:36760782:36769265:clu_24432:ENSG00000134775.15",-0.0133397051994256,0.00506574249244388,0.00845554186074626
"chr18:37067545:37084125:clu_24442:ENSG00000150477.14",-0.00426964993041519,0.00443344052263164,0.335519598241237
"chr18:37084232:37160200:clu_24442:ENSG00000150477.14",-0.00703336073799116,0.00384044451993632,0.0670420014034685
"chr18:36818973:36828683:clu_24439:ENSG00000134779.14",0.00464487825875999,0.00306886520018607,0.13014023106468
"chr18:42033957:42037692:clu_24455:ENSG00000078142.12",0.00641923316260244,0.00497587207789333,0.197025666165258
"chr18:41985107:41987812:clu_24451:ENSG00000078142.12",-0.00518539292241683,0.00452640627734907,0.251966011608303
"chr18:45730471:45731015:clu_24469:ENSG00000141469.16",0.00357622735825725,0.00414032420996126,0.387722277853211
"chr18:46174330:46215811:clu_24486:ENSG00000152242.10",-0.00202787949789048,0.00381527633330636,0.595061423448385
"chr18:45855687:45857853:clu_24474:ENSG00000152223.12",-0.00765923182395252,0.00382633638643767,0.0453154798377852
"chr18:45992202:45993605:clu_24480:ENSG00000152229.18",0.00483777110144013,0.00385723605991803,0.209766904864549
"chr18:46946923:47046457:clu_24496:ENSG00000167216.16",-0.000430890610938162,0.00361617893644342,0.905151503641456
"chr18:49797594:49802687:clu_24534:ENSG00000167315.17",0.00120588420296904,0.00328525516347695,0.713574616836466
"chr18:50269811:50272677:clu_24542:ENSG00000141644.17",0.0102830510153923,0.00444019147217212,0.0205635868439187
"chr18:49044204:49093217:clu_24521:ENSG00000141627.13",0.00321689996621106,0.00450145486753042,0.474834231880182
"chr18:50269811:50272677:clu_24542:ENSG00000172361.5",0.0102830510153923,0.00444019147217212,0.0205635868439187
"chr18:49272303:49281997:clu_24523:ENSG00000141627.13",-0.00366814373322509,0.00334618393011699,0.272983818629061
"chr18:50275045:50275129:clu_24544:ENSG00000141644.17",0.0058659364057352,0.00363396989180668,0.106485113744825
"chr18:48942552:48948384:clu_24520:ENSG00000101665.8",-0.00334390682350351,0.00305101242360624,0.273079175055362
"chr18:50287508:50287587:clu_24555:ENSG00000154832.14",0.000525082213475593,0.00389380514731854,0.89272994677471
"chr18:54270032:54271360:clu_24573:ENSG00000101751.10",0.0140110062825229,0.00438816220041192,0.00140846914030957
"chr18:55257388:55259949:clu_24588:ENSG00000196628.15",0.000588042442589367,0.00421070199202451,0.888933172661196
"chr18:56624461:56626361:clu_24597:ENSG00000091164.12",-0.00197163696252507,0.00633457019400178,0.755610336105028
"chr18:56624461:56626162:clu_24597:ENSG00000091164.12",-0.00641323399900166,0.00716955926149513,0.371049712519607
"chr18:58221757:58245427:clu_24619:ENSG00000049759.17",0.00194489960227849,0.00358509932935406,0.58747733167365
"chr18:58735329:58741865:clu_24632:ENSG00000172175.12",-0.00373473203020757,0.00258034831967521,0.147791882392797
"chr18:57550846:57551315:clu_24604:ENSG00000066926.10",0.00167456048529922,0.00347687749935313,0.630070450669032
"chr18:58733574:58734307:clu_24633:ENSG00000172175.12",0.00339537325350727,0.00334547863945817,0.310146803270298
"chr18:58710072:58710921:clu_24630:ENSG00000172175.12",0.00457589580147123,0.00314885533623772,0.146170063321856
"chr18:62264852:62266701:clu_24670:ENSG00000134444.13",0.00236941943839119,0.00343735419282435,0.490625127683945
"chr18:63397253:63399242:clu_24682:ENSG00000119541.9",0.00220045556227273,0.00354085615390775,0.534305346548822
"chr18:63393549:63397034:clu_24682:ENSG00000119541.9",-0.00357765266187951,0.0035543131095037,0.314143118767868
"chr18:62291631:62305414:clu_24673:ENSG00000134444.13",0.00616749015806052,0.00453850478669103,0.174170178505037
"chr18:62161385:62186844:clu_24662:ENSG00000197563.10",0.00615294202117932,0.00379572325398723,0.105013422252537
"chr18:62279856:62280360:clu_24671:ENSG00000134444.13",-0.000572498581402716,0.00342683054383761,0.867320021559235
"chr18:63411578:63422233:clu_24684:ENSG00000119541.9",-0.00315440433606571,0.00515462932477868,0.540567126866742
"chr18:62163656:62186844:clu_24662:ENSG00000197563.10",-0.00211882781096632,0.0040126398512776,0.597472703994435
"chr18:63970170:63978299:clu_24695:ENSG00000166401.14",-0.00583673373998639,0.00425369503491491,0.170014837368708
"chr18:66554524:66568416:clu_24702:ENSG00000071991.8",-0.00458951033541891,0.00418453281866527,0.27273773906733
"chr18:79451126:79451676:clu_24778:ENSG00000131196.17",0.00567872658281924,0.00337657575574879,0.0926075439011339
"chr18:8247919:8253227:clu_24120:ENSG00000173482.16",0.0048929691357663,0.00285483733812919,0.0865430124111711
"chr18:21683965:21702316:clu_24258:ENSG00000158201.9",-0.00193892102947795,0.00494903480074498,0.695222539382226
"chr18:62275473:62279774:clu_24671:ENSG00000134444.13",0.00434042839748356,0.00435104988722815,0.318493315046132
"chr18:63985245:63986963:clu_24697:ENSG00000166401.14",0.00773886961001234,0.00441250809916733,0.0794565128242412
"chr18:2739520:2740703:clu_24065:ENSG00000101596.14",-0.000159039445247443,0.00308237774001952,0.958850326572092
"chr18:756835:812384:clu_24048:ENSG00000176105.13",0.00103489339660639,0.00294245041275001,0.725054699367258
"chr18:756835:812114:clu_24048:ENSG00000176105.13",9.84575821185416e-05,0.00313465312695904,0.97494304265092
"chr18:68701790:68710021:clu_24708:ENSG00000166479.9",0.00111146428883449,0.00370454484113594,0.764156393204753
"chr18:70017674:70020615:clu_24716:ENSG00000176225.13",-0.0078837215164831,0.00485963396488365,0.104741888416005
"chr18:74593839:74597258:clu_24733:ENSG00000264247.1",0.00256583130095182,0.00318427829017353,0.420369070805604
"chr18:76816842:76822016:clu_24743:ENSG00000264278.1",-0.00367180174348698,0.00290252091463567,0.205857398655505
"chr18:30994372:30994454:clu_24356:ENSG00000134762.16",0.00382302552176709,0.00360556731287295,0.289002778478777
"chr18:58710953:58714083:clu_24630:ENSG00000172175.12",-0.00614095030491296,0.00318997366685431,0.0542195153901216
"chr18:58979167:58983972:clu_24639:ENSG00000074657.13",0.00727374594419991,0.00450783433535717,0.106618817033196
"chr18:63367859:63381377:clu_24680:ENSG00000267390.1",0.00169582876592326,0.00441739879710572,0.701054350369249
"chr18:80038617:80044212:clu_24795:ENSG00000101546.12",-0.0043220806018276,0.00402301788924878,0.282671263086642
"chr18:79949655:79950724:clu_24791:ENSG00000122490.18",-0.000201502341518131,0.00424004232702044,0.962095871506537
"chr18:79947341:79950724:clu_24791:ENSG00000122490.18",0.0133278347570418,0.00530333951120538,0.0119674624063222
"chr18:79717676:79717810:clu_24786:ENSG00000060069.16",0.00545652345425249,0.00299447265681283,0.0684248786588267
"chr18:12452512:12453068:clu_24193:ENSG00000134278.15",0.00255695062925175,0.00423109824996495,0.545628816970626
"chr18:46091851:46095053:clu_24482:ENSG00000152234.15",0.0112868318159462,0.00482580008429228,0.0193430983141005
"chr18:46091851:46094980:clu_24482:ENSG00000152234.15",-0.0104297046272402,0.00523563272058437,0.0463642632352144
"chr18:63331901:63335257:clu_24678:ENSG00000119537.15",-0.000194094684827195,0.0042827583052247,0.963852231523389
"chr18:24114647:24118125:clu_24330:ENSG00000168234.12",-0.00118167100648501,0.00397245607502443,0.766110687376919
"chr18:23822375:23824423:clu_24312:ENSG00000053747.15",-0.00754663967146511,0.00362567375605862,0.0373932145642354
"chr18:58979155:58981470:clu_24639:ENSG00000074657.13",-0.00392301462526881,0.00300667678276571,0.1919719749858
"chr18:35489385:35497719:clu_24408:ENSG00000267583.5",-0.0014241724188647,0.00438654601833509,0.745432132350517
"chr18:35489385:35497719:clu_24408:ENSG00000153391.15",-0.00124549026467222,0.00428633641245351,0.771378512961455
"chr18:58248937:58252001:clu_24620:ENSG00000049759.17",0.00474391606668934,0.0038709988658551,0.220386213396111
"chr18:56626266:56626361:clu_24597:ENSG00000091164.12",0.00496591292215891,0.00520616036646124,0.340157936670959
"chr18:51048860:51049295:clu_24565:ENSG00000141646.13",0.00275869591436065,0.00368820037774636,0.454472908761741
"chr18:13438384:13621117:clu_24225:ENSG00000168675.18",-0.00504487164407146,0.00339962209555253,0.137821995685812
"chr18:63362868:63367011:clu_24679:ENSG00000119537.15",-0.0159070208830439,0.00483431228076192,0.00100030362715087
"chr18:79930311:79933969:clu_24789:ENSG00000122490.18",0.0131628239435506,0.00514519158957362,0.010519234360203
"chr18:58681336:58696366:clu_24627:ENSG00000172175.12",-0.00708959902572559,0.00404003138728558,0.0792870883278651
"chr18:66511685:66529845:clu_24698:ENSG00000071991.8",0.00827891468870247,0.00505914764077643,0.101750711401882
"chr18:36755311:36769265:clu_24432:ENSG00000134775.15",0.00860806028477353,0.00607382104842692,0.156412860054358
"chr18:35254381:35263513:clu_24399:ENSG00000186814.13",-0.00309784570626738,0.00480300448780896,0.518939624186626
"chr18:23646405:23646514:clu_24303:ENSG00000154065.16",0.00363597275942504,0.00525103193579553,0.488667245777329
"chr18:11885912:11886499:clu_24170:ENSG00000154889.16",0.00243855581001138,0.00291177735990004,0.40232271656882
"chr18:260304:264026:clu_24029:ENSG00000079134.11",0.00424674262847129,0.00403929684691101,0.293094701026233
"chr18:57620648:57621708:clu_24610:ENSG00000134440.11",-0.000732999760762009,0.00362657541362877,0.839823702145716
"chr18:54828700:54877567:clu_24580:ENSG00000041353.9",-0.00749862206554275,0.00531596565607055,0.158366980981809
"chr18:54166166:54188874:clu_24571:ENSG00000134046.11",0.0123878825596732,0.00558604778238181,0.0265789050642579
"chr18:9562075:9563378:clu_24146:ENSG00000154845.15",-0.00533881004264008,0.00320832530628025,0.096102667223271
"chr18:62558776:62560587:clu_24674:ENSG00000141664.9",0.00241589205163261,0.00337618101056348,0.474257231553497
"chr18:23473483:23474948:clu_24279:ENSG00000101782.14",0.015905243279546,0.0052987979774194,0.00268503012420918
"chr18:23526765:23529179:clu_24289:ENSG00000141452.9",-0.00673020563101581,0.00404096257674788,0.095813908910652
"chr18:23842521:23842611:clu_24316:ENSG00000053747.15",-0.0064665809505508,0.00534751644458927,0.226559869342422
"chr18:23473626:23474948:clu_24279:ENSG00000101782.14",-0.0151035704175507,0.00524909766963357,0.00401011333727275
"chr18:12408007:12421540:clu_24185:ENSG00000141391.13",-0.000466492151159255,0.00359605709824986,0.896785400976966
"chr18:80202932:80247277:clu_24803:ENSG00000178184.15",-0.00251368397263421,0.00478827643531197,0.599606587911648
"chr18:3459747:3466258:clu_24085:ENSG00000266835.5",0.000812963337012984,0.00236649031885323,0.731198848333106
"chr18:23618788:23619395:clu_24300:ENSG00000154065.16",-0.000395834080400817,0.00378878412334301,0.916792226866061
"chr18:23370261:23371422:clu_24275:ENSG00000134490.13",0.00780715477498691,0.00535725836818234,0.145032445783983
"chr18:5434121:5438035:clu_24103:ENSG00000082397.17",-0.000279958496889885,0.00324839023113237,0.931320337174091
"chr18:45917819:45922341:clu_24478:ENSG00000152223.12",-0.00338425309178634,0.00346761391509999,0.329084198950743
"chr18:68698031:68700405:clu_24708:ENSG00000166479.9",0.00207792868395134,0.00316573776727041,0.511579304356994
"chr18:607099:617988:clu_24033:ENSG00000079101.16",0.00374756709135341,0.00306384400439776,0.221269805303327
"chr18:12817265:12825810:clu_24202:ENSG00000175354.18",0.00334713819830293,0.00383846336212492,0.383208640973544
"chr18:80047425:80048114:clu_24800:ENSG00000261126.7",-0.0211306626218834,0.0044445182308636,1.99115292243146e-06
"chr18:36769426:36774206:clu_24433:ENSG00000134775.15",-0.00657406418412624,0.00390273788170689,0.092089917341599
"chr18:9263888:9275524:clu_24137:ENSG00000101745.16",-0.000421179271991596,0.00326198153317479,0.897264584834138
"chr18:46120060:46122467:clu_24483:ENSG00000152240.12",0.00886080237234755,0.00373457975323797,0.0176616084689952
"chr18:45884811:45887751:clu_24477:ENSG00000152223.12",-0.00247647466371169,0.00383247405570567,0.518161678872432
"chr18:47869436:47896521:clu_24508:ENSG00000175387.15",0.00809340411112705,0.00325349357441737,0.0128606791682747
"chr18:12311053:12344049:clu_24180:ENSG00000176014.12",-0.00731954758227685,0.00495336747001665,0.139490447555618
"chr18:12433000:12437572:clu_24188:ENSG00000267108.1",0.00335813140994635,0.00392905688622285,0.392721973441323
"chr18:13042334:13048859:clu_24213:ENSG00000101639.18",0.0089471186979802,0.00421601991725038,0.0338233113112459
"chr18:5397426:5406765:clu_24100:ENSG00000082397.17",0.00383009340431063,0.00327866134401738,0.242730870192847
"chr18:50273863:50274186:clu_24544:ENSG00000141644.17",0.0048727974013703,0.00335913471750179,0.146888241246474
"chr18:5401043:5406777:clu_24100:ENSG00000082397.17",-3.22899693426797e-05,0.00335125670321793,0.992312355734397
"chr18:5397426:5406777:clu_24100:ENSG00000082397.17",0.00154574530347479,0.00297297444747717,0.603110794362298
"chr18:9792235:9814020:clu_24153:ENSG00000168461.12",-0.00450974153840028,0.00269000703568576,0.093644316487532
"chr18:13542985:13543315:clu_24227:ENSG00000168675.18",-0.0186583037471266,0.00485974901125225,0.000123357741937169
"chr18:26078160:26082363:clu_24346:ENSG00000141380.13",-0.00513410512981303,0.00408939832810716,0.209309237906167
"chr18:79977701:80033851:clu_24792:ENSG00000141759.14",-0.0034250137787792,0.00481612316036636,0.476987713028621
"chr18:2777915:2784450:clu_24071:ENSG00000101596.14",0.00475912834225689,0.00461828042706877,0.302776331390558
"chr18:9195698:9208657:clu_24134:ENSG00000101745.16",-0.00645666438016275,0.00389474469858862,0.0973600902847591
"chr18:7567891:7774149:clu_24115:ENSG00000173482.16",0.00446317269524101,0.00457660123051705,0.329453349338598
"chr18:9937066:9944924:clu_24156:ENSG00000101558.13",-0.00900256277334906,0.00296360771654976,0.00238388053005678
"chr18:54277853:54280667:clu_24576:ENSG00000101751.10",0.00204715501179454,0.00481070000492276,0.670441594365879
"chr18:79176907:79193183:clu_24764:ENSG00000166377.19",-0.000381548476604966,0.00300678386551252,0.899022809665153
"chr18:79919400:79923912:clu_24789:ENSG00000122490.18",0.00586735464113055,0.00459564868933538,0.201701268047111
"chr18:12408007:12420325:clu_24185:ENSG00000141391.13",0.000812880918073955,0.00329002250077478,0.804850508409718
"chr18:12420493:12421540:clu_24185:ENSG00000141391.13",-0.00109301033910037,0.00325458167262943,0.736993464035368
"chr18:12955609:12963160:clu_24206:ENSG00000085415.15",0.00390023423718076,0.00338105066540068,0.248681887638412
"chr18:13100512:13103509:clu_24219:ENSG00000101639.18",0.00351944135615014,0.00480160695840222,0.46357577386021
"chr18:13542460:13542934:clu_24226:ENSG00000168675.18",-0.00475245719539954,0.00335660129321124,0.156818270384873
"chr18:79919400:79933969:clu_24789:ENSG00000122490.18",0.00137636473752751,0.0037130231402604,0.710871611250565
"chr18:79096649:79110355:clu_24762:ENSG00000166377.19",0.00101326772538353,0.00356716172898129,0.776368747346041
"chr18:80069906:80079687:clu_24796:ENSG00000261126.7",0.00780599133449744,0.00450748564383079,0.0833120352142862
"chr18:79214038:79253381:clu_24765:ENSG00000166377.19",0.0128632009595642,0.00282477540538754,5.2708629957321e-06
"chr18:23522906:23533355:clu_24283:ENSG00000141458.12",-0.0136754222142412,0.00513905577512159,0.00778911831989992
"chr18:23503720:23504371:clu_24282:ENSG00000141452.9",0.000272183060025439,0.00419477413264361,0.948264587990585
"chr18:23638947:23646189:clu_24302:ENSG00000154065.16",-0.00532929591264867,0.00481670810229953,0.268545335628284
"chr18:23430677:23437781:clu_24277:ENSG00000134490.13",0.0055392281557403,0.004120245422287,0.178821410595242
"chr18:45731204:45734274:clu_24469:ENSG00000141469.16",-0.00465599281510719,0.00352651384066983,0.186740876533398
"chr18:23504447:23506970:clu_24282:ENSG00000141452.9",0.00726629318000735,0.00492921377540095,0.14044706888999
"chr18:23253936:23257227:clu_24273:ENSG00000134508.12",-0.00603016987999134,0.00485737803945257,0.214441236929398
"chr18:23871661:23876294:clu_24319:ENSG00000053747.15",-0.00945824858416889,0.00473828224742559,0.0459192865070267
"chr18:47865133:47868323:clu_24507:ENSG00000175387.15",0.00499938820442102,0.00326645853340588,0.125887454275923
"chr18:47851327:47865059:clu_24507:ENSG00000175387.15",-0.00318786631024453,0.00323262441754707,0.324057425304464
"chr18:50267663:50272677:clu_24542:ENSG00000172361.5",0.00527915315104561,0.00391423924671192,0.17743181213504
"chr18:50267663:50272677:clu_24542:ENSG00000141644.17",0.00518452517526828,0.00391234751347927,0.185114805284785
"chr18:51058244:51058340:clu_24567:ENSG00000141646.13",0.000712673904408902,0.00395924915337493,0.85715077236327
"chr18:50726175:50729158:clu_24557:ENSG00000141639.11",-0.00130599357132943,0.00367638738093861,0.722411080686806
"chr18:54166166:54187714:clu_24571:ENSG00000134046.11",-0.00511055873216764,0.00536374889614124,0.340693418807226
"chr18:265530:267966:clu_24030:ENSG00000079134.11",0.00278510385678793,0.00501973202682851,0.579010136204844
"chr18:58863166:58865470:clu_24636:ENSG00000074657.13",-0.0044624839993155,0.00377498988265624,0.23715882963363
"chr18:78977429:78978463:clu_24757:ENSG00000263146.2",-0.000635504142492573,0.00371344993323922,0.864117004246558
"chr18:48711695:48757919:clu_24513:ENSG00000134030.13",0.000982139366539795,0.00418523599545033,0.814466722156948
"chr18:58245508:58248899:clu_24620:ENSG00000049759.17",-0.00509487755480265,0.00361589712697949,0.158828748582149
"chr18:12454483:12459755:clu_24192:ENSG00000134278.15",-0.00204723865269476,0.004781033250458,0.668505483587175
"chr18:12691487:12695254:clu_24198:ENSG00000101624.10",-0.00539175581846574,0.00308535814585517,0.080545451461032
"chr18:47063361:47067021:clu_24500:ENSG00000167216.16",-0.00154404746880381,0.00451302631130445,0.732252098240964
"chr18:11825015:11862395:clu_24168:ENSG00000141404.15",-0.000722321085461335,0.00406820551258802,0.859074233081371
"chr18:12439106:12443393:clu_24189:ENSG00000267199.1",-0.00330069679389371,0.00305352698520986,0.279721278685487
"chr18:12433000:12437575:clu_24188:ENSG00000267108.1",-0.00266828718811006,0.00350995289193691,0.447131469309657
"chr18:13387762:13438244:clu_24225:ENSG00000168675.18",0.00537273124550681,0.00371376396504923,0.147978782729432
"chr18:13754147:13759942:clu_24233:ENSG00000101654.17",0.00598798211316058,0.00383361559824346,0.11829569811304
"chr18:14234815:14243012:clu_24241:ENSG00000186481.16",-0.000553249568948076,0.00384769261008588,0.885668383084852
"chr18:12859254:12884073:clu_24204:ENSG00000175354.18",-0.00352475037470454,0.00357666726358641,0.324386110484015
"chr18:12859254:12862640:clu_24204:ENSG00000175354.18",0.00415574682248312,0.0037503458393581,0.267819943849485
"chr18:13103588:13104984:clu_24220:ENSG00000101639.18",0.00946924185651052,0.00690439271236064,0.1702251330562
"chr18:260759:264026:clu_24029:ENSG00000079134.11",-0.0117929237329061,0.00384301487213151,0.00215017835023201
"chr18:223505:224084:clu_24023:ENSG00000079134.11",-0.00521528466726488,0.00369497011565314,0.158110445753822
"chr18:9182519:9195551:clu_24134:ENSG00000101745.16",-0.000827082836867295,0.00363234693054325,0.819880020212228
"chr18:226901:246324:clu_24026:ENSG00000079134.11",-0.00639680546070134,0.00482173226902105,0.184620757756347
"chr18:79710436:79712972:clu_24785:ENSG00000060069.16",-0.0185079199374652,0.00483212215804437,0.000128047155866784
"chr18:79977701:79988240:clu_24792:ENSG00000141759.14",-0.00952800034997617,0.00567816059036154,0.0933454872819036
"chr18:21540009:21560859:clu_24253:ENSG00000141446.10",5.77966056492268e-05,0.0051346893651876,0.991019116784228
"chr18:21540700:21560859:clu_24253:ENSG00000141446.10",0.0139420310629924,0.00578325359726834,0.0159193607365337
"chr18:35290391:35305976:clu_24402:ENSG00000257267.3",-0.00539391547999267,0.00636237769566741,0.396558847202522
"chr18:35692320:35702897:clu_24411:ENSG00000141429.13",-0.00441829203006351,0.00507050283646702,0.383551302367336
"chr18:35993300:36026900:clu_24416:ENSG00000141425.17",-0.00163551602764144,0.00574556347542054,0.775906781822929
"chr18:36257073:36260037:clu_24427:ENSG00000075643.5",0.00502549117176134,0.00397608084830994,0.206254854488263
"chr18:35972907:35974896:clu_24413:ENSG00000141428.16",0.0019552298995438,0.00423848672636788,0.644580681629342
"chr18:36625749:36681436:clu_24429:ENSG00000134775.15",-0.000556178011269198,0.0052528501013322,0.915676619632214
"chr18:23838878:23839785:clu_24315:ENSG00000053747.15",2.81628733513973e-05,0.00355923521945418,0.993686709090191
"chr18:22929437:22936754:clu_24267:ENSG00000101773.18",-0.00164176529730825,0.00632162442192051,0.795090380404428
"chr18:49491584:49492458:clu_24529:ENSG00000265681.7",0.00116061068240997,0.0043419153599953,0.789235224433475
"chr18:23609291:23612092:clu_24299:ENSG00000154065.16",-0.00288566013762428,0.00423857963804949,0.495992806481255
"chr18:49880455:49894941:clu_24538:ENSG00000167306.19",0.00198791957437531,0.00631221557224423,0.752813176235146
"chr18:50715223:50721938:clu_24557:ENSG00000141639.11",-0.00371122245515598,0.00364948392608058,0.309192888132126
"chr18:50273863:50274977:clu_24544:ENSG00000141644.17",-0.00678326992746301,0.00575674666848518,0.238670428567557
"chr18:50722099:50725962:clu_24557:ENSG00000141639.11",0.00301830621270971,0.00429768250758955,0.482485740650253
"chr18:50274353:50274977:clu_24544:ENSG00000141644.17",-0.00563414127659517,0.00370590424738744,0.12843186242312
"chr18:23784157:23796023:clu_24307:ENSG00000053747.15",0.00923485062956255,0.00444062749105049,0.0375597212527005
"chr18:23543569:23544344:clu_24295:ENSG00000141458.12",0.00514608723618234,0.0049816826805242,0.301603050647515
"chr18:26035127:26038555:clu_24349:ENSG00000141380.13",-0.00816092646011659,0.00552336119728927,0.139533885033414
"chr18:21516754:21518034:clu_24251:ENSG00000141449.14",0.0114709075396667,0.00686241189895579,0.0946118568223207
"chr18:36769426:36779448:clu_24433:ENSG00000134775.15",-0.00663882646199101,0.00410564609386803,0.105878452926889
"chr18:58227907:58245427:clu_24619:ENSG00000049759.17",-0.00284380487842169,0.00353869727904272,0.42161043333634
"chr18:35487439:35489332:clu_24408:ENSG00000153391.15",0.0107124687347889,0.00510224671743891,0.0357676402177758
"chr18:35487439:35489332:clu_24408:ENSG00000267583.5",0.00834898148783509,0.00490037459050885,0.0884290125165744
"chr18:21518234:21520688:clu_24251:ENSG00000141449.14",-0.0129742652936261,0.00805827108673825,0.107385697047184
"chr18:23530612:23531020:clu_24293:ENSG00000141452.9",-0.000363237947028317,0.00398587143122469,0.927388202132604
"chr18:751804:756557:clu_24047:ENSG00000176105.13",-0.00658071096701766,0.00393525754677709,0.0944762100138813
"chr18:50974561:50984096:clu_24564:ENSG00000141642.8",-0.000685478522581893,0.00383718818488473,0.858219724176324
"chr18:50974561:50984096:clu_24564:ENSG00000141646.13",-0.00172565043323022,0.00386149507819184,0.654956934561294
"chr18:68689054:68689948:clu_24707:ENSG00000166479.9",-0.0021363439307201,0.00415110913363277,0.606801724486543
"chr18:76492333:76492757:clu_24740:ENSG00000265778.2",-0.00573549890005256,0.00285194164625452,0.0443164113570124
"chr18:55403518:55461019:clu_24591:ENSG00000196628.15",0.00206390951847268,0.00587128054072385,0.725193546111745
"chr18:55587136:55588038:clu_24593:ENSG00000196628.15",-0.00412588519578426,0.00502700571825723,0.411792055477721
"chr18:54274090:54277703:clu_24575:ENSG00000101751.10",0.010418321075967,0.00541783564481806,0.0544841498646028
"chr18:23931201:23932160:clu_24324:ENSG00000053747.15",0.000530568144320414,0.00714646242383644,0.940817773316349
"chr18:247908:252539:clu_24027:ENSG00000079134.11",-0.00368398909230466,0.00550271483280712,0.503185676446645
"chr18:63658630:63659399:clu_24686:ENSG00000057149.15",-0.00487852479346663,0.00445434977122836,0.2734171351602
"chr18:41970456:41987812:clu_24451:ENSG00000078142.12",0.00654022223581315,0.00459019720894658,0.154208140377935
"chr18:23509279:23515856:clu_24282:ENSG00000141452.9",0.0101049094245642,0.00476645044882437,0.0340054353724482
"chr18:79973856:79988240:clu_24792:ENSG00000141759.14",-0.00532339212243951,0.00637112513641796,0.403408238463206
"chr18:12012349:12014265:clu_24178:ENSG00000141401.11",0.000956087736808376,0.00383910653526719,0.80333051632782
"chr18:23399647:23421367:clu_24277:ENSG00000134490.13",-0.00467500055022522,0.0047079523671661,0.320709555992531
"chr18:21612443:21622725:clu_24256:ENSG00000167088.10",0.00345251159866062,0.00534309994154589,0.51817402763679
"chr18:21659343:21663678:clu_24258:ENSG00000158201.9",-0.0100994959687843,0.00835976376765073,0.227005792728054
"chr18:21779685:21791374:clu_24261:ENSG00000101752.11",-0.0161419694422805,0.00636496993197463,0.0112106327537672
"chr18:20960206:20966917:clu_24244:ENSG00000067900.7",0.012810956076808,0.0207381076104865,0.536740461934375
"chr18:13218094:13278105:clu_24223:ENSG00000168675.18",-0.00982228755782623,0.00455550652365081,0.0310731166778654
"chr18:80183150:80201964:clu_24802:ENSG00000178184.15",0.00106073557473537,0.00516651679173165,0.837330232184656
"chr18:21540009:21540577:clu_24253:ENSG00000141446.10",-0.00482380816828069,0.00863164096821381,0.576262860888742
"chr18:21006597:21006699:clu_24245:ENSG00000067900.7",-0.00637819832590107,0.0128840462075912,0.620567497507971
