"phenotype","causal_b","causal_se","causal_p"
"chr20:25491525:25496663:clu_26649:ENSG00000101004.14",0.0187550428279769,0.00679187018470572,0.00575548524449332
"chr20:25222978:25223103:clu_26630:ENSG00000197586.12",0.0175659375269944,0.00593465674368801,0.00307747830502481
"chr20:25196254:25206522:clu_26625:ENSG00000197586.12",-0.0179269935521914,0.00478318549302853,0.000178307551644608
"chr20:25624135:25634049:clu_26653:ENSG00000213742.6",0.00961676630582724,0.00711357124644606,0.176410485727116
"chr20:25248421:25259237:clu_26632:ENSG00000100994.11",0.00926865763789301,0.00481021312407939,0.0539957740872773
"chr20:25479206:25480161:clu_26646:ENSG00000101004.14",0.044058487617475,0.00887991188115847,6.99182318264491e-07
"chr20:25455786:25458383:clu_26643:ENSG00000101004.14",0.00415452887796845,0.00584749287593746,0.477406302221632
"chr20:25195867:25207076:clu_26625:ENSG00000197586.12",-0.0167970833136577,0.00604401269031795,0.00545050869236985
"chr20:25195867:25207079:clu_26625:ENSG00000197586.12",-0.00507742780212204,0.00451935322146925,0.261231356517601
"chr20:25218614:25222838:clu_26628:ENSG00000197586.12",-0.00800514841298171,0.00457824779038328,0.080374381216493
"chr20:64060135:64062430:clu_27664:ENSG00000237371.1",0.0117633892486344,0.00300951161264232,9.27799188121803e-05
"chr20:62307828:62308021:clu_27474:ENSG00000130706.12",-0.00568649694879082,0.00276930418289609,0.0400335284819564
"chr20:62312050:62312173:clu_27481:ENSG00000130702.15",-0.00171476990306678,0.00214252638688172,0.423508336329226
"chr20:63667553:63672556:clu_27591:ENSG00000258366.7",0.00649743694553008,0.00295458730462307,0.0278707162051995
"chr20:63737902:63738008:clu_27612:ENSG00000203896.9",0.0102858069616309,0.00290508215360736,0.000399180255251319
"chr20:62312316:62312400:clu_27481:ENSG00000130702.15",-0.00159191249802224,0.00218135750484265,0.465524274009097
"chr20:62548000:62549439:clu_27522:ENSG00000174403.15",-0.0033375130740507,0.00306005947393994,0.27541840240076
"chr20:62337938:62338016:clu_27502:ENSG00000130702.15",0.00215764294910478,0.00248623462743833,0.385484331628421
"chr20:62335126:62335217:clu_27501:ENSG00000130702.15",0.00532937586907711,0.00253382058275084,0.0354398624655429
"chr20:63687130:63687638:clu_27595:ENSG00000258366.7",0.00999208539175541,0.00357782220135446,0.0052256537390124
"chr20:62307828:62307983:clu_27474:ENSG00000130706.12",0.00581679986097205,0.00300692378945228,0.0530555306256916
"chr20:62165514:62172682:clu_27456:ENSG00000184402.14",0.00299903532314925,0.0024684553835325,0.224387409517142
"chr20:62272259:62273309:clu_27467:ENSG00000130703.15",-0.00545247262079306,0.00247584957376981,0.0276467158998231
"chr20:64060135:64062430:clu_27664:ENSG00000171703.16",0.0117633892486344,0.00300951161264232,9.27799188121803e-05
"chr20:64063384:64063892:clu_27665:ENSG00000171703.16",-0.00624042573438686,0.00382737915101203,0.103002264136052
"chr20:62334621:62335021:clu_27501:ENSG00000130702.15",-0.00414977521309988,0.00252495053834812,0.100277969456597
"chr20:62353251:62362400:clu_27507:ENSG00000130702.15",0.00410950477733602,0.0026590456633222,0.122229940592093
"chr20:62914406:62926432:clu_27550:ENSG00000101191.16",0.00812064022239046,0.00175695149601132,3.8004715883222e-06
"chr20:37931804:37933539:clu_26960:ENSG00000132821.11",-0.00273795770279567,0.00342796416030308,0.424457157580015
"chr20:37123799:37129032:clu_26935:ENSG00000101353.14",-0.0110079198187559,0.00420357661564536,0.0088264688251215
"chr20:38421098:38426419:clu_26984:ENSG00000196756.11",-0.00436146131188688,0.00299797695288178,0.145724228002534
"chr20:38246126:38260498:clu_26980:ENSG00000149633.11",0.002528639888691,0.00317415092252817,0.425663013337088
"chr20:37198492:37199050:clu_26938:ENSG00000118705.16",0.0037744348781802,0.00413644033814397,0.361514083476608
"chr20:37223969:37225688:clu_26940:ENSG00000118705.16",0.00572602435089095,0.00476571453837732,0.229555815163825
"chr20:37999328:38000405:clu_26963:ENSG00000101407.12",0.00633260038834746,0.00299583220486461,0.0345320599547531
"chr20:37999328:38002628:clu_26963:ENSG00000101407.12",-0.000398808816449578,0.00277541940264952,0.885742763524044
"chr20:37199225:37203885:clu_26938:ENSG00000118705.16",-0.00816055970172466,0.00410866118008322,0.0470128264274876
"chr20:37223973:37225688:clu_26940:ENSG00000118705.16",-0.00769129806559721,0.00540265747486947,0.154558281271454
"chr20:21215648:21229011:clu_26598:ENSG00000088970.15",-0.010851547010797,0.00563530761117907,0.0541499333573352
"chr20:21348253:21348341:clu_26602:ENSG00000088930.7",0.00208859502016756,0.00607619557685985,0.731046337957808
"chr20:21205530:21214535:clu_26598:ENSG00000088970.15",-0.00103924790784068,0.00493122521015725,0.8330835915325
"chr20:21230997:21232734:clu_26599:ENSG00000088970.15",-0.00121352590727094,0.00470375365479572,0.79641388625437
"chr20:20396734:20412027:clu_26586:ENSG00000188559.13",-0.00223101048237415,0.00317490259657356,0.482241465723125
"chr20:21136552:21145565:clu_26597:ENSG00000088970.15",-0.00222757357362934,0.00441273143846435,0.61369505869996
"chr20:19935607:19956615:clu_26577:ENSG00000132669.12",-0.00405776844166525,0.00306324003542294,0.185282115472543
"chr20:62327406:62327529:clu_27494:ENSG00000130702.15",0.000863664508774941,0.00303329450643326,0.775852377995846
"chr20:62127701:62129785:clu_27451:ENSG00000149657.19",0.00152322638680465,0.00336703461115744,0.650985140605222
"chr20:62325546:62326677:clu_27493:ENSG00000130702.15",0.00923101953960397,0.00350541298302343,0.00845443126867806
"chr20:62311307:62311386:clu_27479:ENSG00000130702.15",0.00385568933533537,0.0036181149847923,0.28657625075769
"chr20:62133188:62133290:clu_27452:ENSG00000149657.19",0.0114329153423116,0.00228287323307461,5.49627324319957e-07
"chr20:62336786:62336904:clu_27502:ENSG00000130702.15",0.00641454819120723,0.00270518520707939,0.0177302028715458
"chr20:21357792:21365421:clu_26606:ENSG00000088930.7",-0.00566427295638071,0.00486757442356089,0.244555886986407
"chr20:41098824:41100658:clu_27024:ENSG00000226648.1",-0.000320559037377758,0.00359403050300214,0.928929263687125
"chr20:41413515:41414607:clu_27050:ENSG00000124177.14",-0.0073626844720779,0.00467218110440725,0.115059000789345
"chr20:41348844:41349092:clu_27041:ENSG00000132793.11",-0.00442814244696347,0.00358029059074031,0.216157292487864
"chr20:41101289:41133487:clu_27024:ENSG00000226648.1",0.000891570019496049,0.00361514588426593,0.805201737851528
"chr20:41357447:41357882:clu_27046:ENSG00000132793.11",0.0108459185961485,0.00446229332758565,0.0150750722548307
"chr20:41348887:41349089:clu_27041:ENSG00000132793.11",-0.00567886920211115,0.00357414138722849,0.112088281188928
"chr20:41185201:41202057:clu_27037:ENSG00000174306.21",0.0109879292310951,0.00397111767597957,0.00565814581963842
"chr20:41357772:41357882:clu_27046:ENSG00000132793.11",-0.00368858343999623,0.00380845858102025,0.332782751753853
"chr20:41168870:41169079:clu_27033:ENSG00000124181.14",-0.00681115101270549,0.0041923884252905,0.104237809913557
"chr20:41201384:41202057:clu_27037:ENSG00000174306.21",0.000299082399207834,0.0039180750659102,0.939153365056915
"chr20:41348844:41349089:clu_27041:ENSG00000132793.11",0.00231629557843516,0.00438226293209006,0.59710965641158
"chr20:46398771:46406548:clu_27197:ENSG00000062598.17",-0.00681265886167308,0.0028886767987837,0.0183538441853731
"chr20:46474688:46476232:clu_27202:ENSG00000225849.2",0.0012940905253765,0.00298297894349616,0.664415602490783
"chr20:47224556:47227203:clu_27220:ENSG00000101040.19",-0.00444989655059222,0.00327150380060126,0.173766924859287
"chr20:46386275:46389039:clu_27195:ENSG00000062598.17",-0.00045570859934064,0.00419794389587333,0.913555303433634
"chr20:45835116:45838268:clu_27139:ENSG00000124104.18",0.00445924143699704,0.00416894603471672,0.284784623380978
"chr20:47310204:47318951:clu_27223:ENSG00000101040.19",0.00393575422612074,0.00368042688649161,0.284901006198613
"chr20:45824834:45827246:clu_27136:ENSG00000101470.9",0.00174739488865004,0.00322677756481778,0.588142745355122
"chr20:45848675:45855159:clu_27138:ENSG00000101473.16",0.01177242093467,0.0042468506539496,0.00557069545329203
"chr20:45843721:45844263:clu_27137:ENSG00000101473.16",-0.003516360448511,0.00452095384768201,0.436691812720456
"chr20:46484718:46485529:clu_27202:ENSG00000225849.2",0.0027711207029658,0.00329213561480101,0.399933763269047
"chr20:45952760:45953689:clu_27168:ENSG00000198026.7",-0.00298441787874522,0.00337196587846281,0.376120151858287
"chr20:46394532:46406548:clu_27197:ENSG00000062598.17",0.00466525037522299,0.00313838331204555,0.137143246497567
"chr20:46394503:46398697:clu_27197:ENSG00000062598.17",-0.00831236820447413,0.00430234449676428,0.0533526601463492
"chr20:41365157:41366468:clu_27049:ENSG00000183798.4",0.00211925751593962,0.00416469611752632,0.610848634141653
"chr20:41348887:41349092:clu_27041:ENSG00000132793.11",0.00598315054353915,0.00393960854550763,0.128833741020996
"chr20:41352220:41352608:clu_27042:ENSG00000132793.11",-0.00916278277525144,0.00397636168354749,0.0212050676655436
"chr20:41340949:41345796:clu_27038:ENSG00000132793.11",0.00376515311097093,0.00471736706495479,0.424785098546826
"chr20:59969023:59970076:clu_27433:ENSG00000124215.16",0.000556898692082201,0.00270988669399243,0.837176604077341
"chr20:59994489:59995833:clu_27435:ENSG00000124215.16",-0.00121120099035428,0.00276467264277862,0.661314343567954
"chr20:60001590:60002813:clu_27436:ENSG00000124215.16",-0.00169836837391914,0.00397885172570327,0.669489406735235
"chr20:59958795:59968967:clu_27432:ENSG00000124215.16",0.00495462948378418,0.00235415634042375,0.0353234753675994
"chr20:60002866:60006713:clu_27436:ENSG00000124215.16",0.00203518394842608,0.00337888154416787,0.546957995629676
"chr20:60031426:60033486:clu_27437:ENSG00000124215.16",0.00406141949233325,0.00408944203215822,0.320638035617085
"chr20:60002866:60004485:clu_27436:ENSG00000124215.16",-0.00352675080658076,0.00389463729023048,0.365179249059948
"chr20:50928825:50930826:clu_27314:ENSG00000101126.15",0.00313111382059675,0.00311586906624781,0.314948559842538
"chr20:50841900:50875997:clu_27312:ENSG00000124243.17",0.00140938400023701,0.00274787245191217,0.608021217522104
"chr20:50894512:50902017:clu_27313:ENSG00000101126.15",-0.00274702125655021,0.0031366424223549,0.381147468178046
"chr20:50172469:50172923:clu_27293:ENSG00000231742.5",0.0067615812179727,0.003410400553903,0.047408158670026
"chr20:50082914:50096672:clu_27290:ENSG00000244687.11",0.00430104676081489,0.00606941732001013,0.478546386329833
"chr20:49884066:49886752:clu_27286:ENSG00000197818.11",0.00546708827288204,0.00327733159582109,0.0952854951478258
"chr20:49228888:49230199:clu_27265:ENSG00000124228.14",-0.00128500902250156,0.00365664088713377,0.725274863447827
"chr20:49884066:49886594:clu_27286:ENSG00000197818.11",-0.00700999476312253,0.00348432636769089,0.0442341547709512
"chr20:50578629:50579168:clu_27300:ENSG00000196396.9",0.00766101820910658,0.00279660505782412,0.00615515491747143
"chr20:49278716:49279104:clu_27273:ENSG00000177410.12",-0.00518385938950554,0.00329219002436182,0.115350418073717
"chr20:49230349:49233306:clu_27265:ENSG00000124228.14",-0.001391378119913,0.00329003366190712,0.672363147761304
"chr20:49550189:49568043:clu_27278:ENSG00000124212.5",-0.0059061368005225,0.00406656919727001,0.146400550867265
"chr20:49849680:49850810:clu_27282:ENSG00000197818.11",-0.00203013834146372,0.00360678261832604,0.573525560552775
"chr20:50574654:50578420:clu_27300:ENSG00000196396.9",-0.00704345641264728,0.0026963181765709,0.00899485243583376
"chr20:49278738:49279104:clu_27273:ENSG00000177410.12",0.00520343172906672,0.00360708488766212,0.149144821282865
"chr20:49174269:49179122:clu_27263:ENSG00000124214.19",-0.000522802650983732,0.00331683203986446,0.874755391143193
"chr20:50276390:50277491:clu_27297:ENSG00000224397.5",0.00211372387240184,0.00289247358749019,0.464921562358152
"chr20:49908592:49915380:clu_27288:ENSG00000158480.10",0.00145601101058743,0.00347261927949695,0.675009154805637
"chr20:38948000:38951539:clu_27010:ENSG00000101452.14",0.000791035107719121,0.00439348959813862,0.85711558354565
"chr20:38426052:38426419:clu_26984:ENSG00000196756.11",-8.55471133862351e-05,0.00308631883078393,0.977886930838291
"chr20:38422368:38426419:clu_26984:ENSG00000196756.11",0.000638993916514581,0.00227346100681924,0.77865933140713
"chr20:38426048:38426419:clu_26984:ENSG00000196756.11",-0.00612447155171262,0.00305956789725811,0.0453122760943636
"chr20:38013857:38033404:clu_26964:ENSG00000101407.12",-0.00391050859059169,0.00340894094247582,0.251326664221979
"chr20:38426503:38431041:clu_26985:ENSG00000196756.11",-0.00127222078409363,0.00308418693076601,0.679974483496388
"chr20:38421098:38425935:clu_26984:ENSG00000196756.11",-9.48502030598019e-06,0.00242841085805989,0.996883586649447
"chr20:38421098:38422096:clu_26984:ENSG00000196756.11",-0.00445265169161784,0.00393315473478589,0.257600174011086
"chr20:38422241:38426419:clu_26984:ENSG00000196756.11",0.000790015875417391,0.00220894041597874,0.720609207593061
"chr20:38639386:38641726:clu_27002:ENSG00000124143.10",-0.000461361048573749,0.00414347800594675,0.911341721748772
"chr20:38948000:38951539:clu_27010:ENSG00000101447.14",0.000791035107719121,0.00439348959813862,0.85711558354565
"chr20:38629650:38634620:clu_27000:ENSG00000124143.10",-0.00443580983733995,0.00418514806345929,0.289193204389253
"chr20:38421098:38422092:clu_26984:ENSG00000196756.11",0.00138003458650107,0.00233251786825197,0.554084872805011
"chr20:38434626:38435197:clu_26986:ENSG00000196756.11",0.000437727856608908,0.00194409930873557,0.821857024131322
"chr20:38450447:38450533:clu_26990:ENSG00000174365.19",0.00559942013890213,0.00450630386640121,0.214024518871122
"chr20:38006397:38011515:clu_26964:ENSG00000101407.12",0.00391092421516474,0.00356366834912859,0.272447621787519
"chr20:38421098:38422087:clu_26984:ENSG00000196756.11",0.000917096031427269,0.00248514838675501,0.712104847183374
"chr20:38422241:38425935:clu_26984:ENSG00000196756.11",-0.00260328794715418,0.0026238893334572,0.321125075517236
"chr20:38434626:38435027:clu_26986:ENSG00000196756.11",0.00112563623853404,0.00181765676539142,0.535732730461507
"chr20:38421098:38422291:clu_26984:ENSG00000196756.11",-0.000752905598001618,0.00217202895763004,0.728864046711184
"chr20:56513428:56516935:clu_27352:ENSG00000022277.12",0.00913044972882676,0.00322217827498952,0.00460230892577007
"chr20:57175007:57183722:clu_27358:ENSG00000101144.12",-0.00226610105666406,0.00315070519840605,0.471995433149093
"chr20:56516989:56517106:clu_27352:ENSG00000022277.12",-0.00691884478386526,0.00301508993842849,0.0217480803674862
"chr20:349832:355326:clu_26244:ENSG00000125841.12",0.00222443765467665,0.00294206494136063,0.449600989090545
"chr20:349363:353210:clu_26244:ENSG00000125841.12",0.00123545371644299,0.00303138616627682,0.683601103187223
"chr20:505229:543672:clu_26258:ENSG00000101266.17",-0.00102027273280955,0.00253307643945339,0.687110016064535
"chr20:427492:427927:clu_26248:ENSG00000125826.20",-0.00151932652162445,0.00261232314986965,0.560836303431981
"chr20:10656458:10658468:clu_26490:ENSG00000101384.11",0.00137093690100622,0.0034174919779351,0.688307537495257
"chr20:10407726:10408628:clu_26483:ENSG00000125863.18",0.00471220961221572,0.0034369239570407,0.170358007665041
"chr20:10652598:10656398:clu_26490:ENSG00000101384.11",-0.0107761911459957,0.00289588276626675,0.000198269591098366
"chr20:10299412:10306129:clu_26482:ENSG00000132639.12",-0.000591122867976968,0.00296009724328787,0.841717473298012
"chr20:6015490:6031285:clu_26458:ENSG00000088766.11",-0.00106064778953186,0.00229681376567742,0.644231248082577
"chr20:35632923:35658930:clu_26883:ENSG00000214078.12",0.00838573131048894,0.00404856203226126,0.038332043300997
"chr20:35627413:35628444:clu_26879:ENSG00000214078.12",-0.0144143793403842,0.00401434307638507,0.000329766578222368
"chr20:35734257:35738968:clu_26895:ENSG00000131051.22",-0.0139199906357083,0.00505867923920708,0.0059285983229812
"chr20:35142478:35146825:clu_26836:ENSG00000088298.12",-0.0214083405417095,0.00443963185465977,1.42056013585634e-06
"chr20:35626381:35626735:clu_26878:ENSG00000214078.12",-0.0108291555547498,0.00441983696113757,0.0142806402743428
"chr20:35218061:35236081:clu_26837:ENSG00000126005.16",0.0263684157683091,0.00554530257437101,1.9835750852959e-06
"chr20:36654839:36656360:clu_26916:ENSG00000101079.20",0.00179959169863764,0.00669766246118861,0.788168618662582
"chr20:35626381:35626567:clu_26878:ENSG00000214078.12",0.0111907693600328,0.00459874863799377,0.0149561995253994
"chr20:35542941:35543658:clu_26859:ENSG00000125991.19",-0.00573056287209013,0.00339028470922078,0.0909725701537992
"chr20:35584093:35595477:clu_26867:ENSG00000088340.15",0.0117783239400008,0.00331846925324264,0.000386220941137494
"chr20:35542941:35547412:clu_26859:ENSG00000125991.19",0.00551628337390881,0.002744459201596,0.0444342594969778
"chr20:35632923:35664802:clu_26883:ENSG00000214078.12",-0.0287775343555147,0.00448198478624357,1.35638278386807e-10
"chr20:35626803:35627280:clu_26879:ENSG00000214078.12",0.000204864571695359,0.00314195218036919,0.948012407104182
"chr20:35142478:35146825:clu_26836:ENSG00000126005.16",-0.0198603288238759,0.00438328099524796,5.87252641071068e-06
"chr20:35627413:35630439:clu_26879:ENSG00000214078.12",-0.021283927403365,0.00402151767813578,1.20648069978913e-07
"chr20:35713096:35713294:clu_26893:ENSG00000131051.22",-0.0109106395337942,0.0054889087709672,0.0468381138640874
"chr20:35124034:35126251:clu_26835:ENSG00000088298.12",-0.00172030420415678,0.00520877812952927,0.74119580635063
"chr20:35542941:35543661:clu_26859:ENSG00000125991.19",-0.00960526309755973,0.00370590575139628,0.00954530526089048
"chr20:35713096:35714185:clu_26893:ENSG00000131051.22",0.0164434833332589,0.00642263068152474,0.0104599554508603
"chr20:35659014:35664802:clu_26883:ENSG00000214078.12",-0.00412001715437113,0.00421790465405011,0.328671945879456
"chr20:35631163:35631268:clu_26881:ENSG00000214078.12",0.00466038975978989,0.00649990639775822,0.473378190720231
"chr20:35732135:35738968:clu_26895:ENSG00000131051.22",0.00955089203279838,0.00424085937679256,0.0243151692405117
"chr20:35626826:35627280:clu_26879:ENSG00000214078.12",-0.0156193866597481,0.00413608654520187,0.000159131555063419
"chr20:16371761:16378805:clu_26526:ENSG00000089177.18",0.00402167063337869,0.0029178730634637,0.16811425927309
"chr20:1458274:1464329:clu_26284:ENSG00000196209.12",0.00538569893397415,0.00281288704418054,0.0555369383447276
"chr20:1458274:1464329:clu_26284:ENSG00000088833.17",0.00567905932600066,0.00277707629948792,0.0408570487778261
"chr20:410025:410412:clu_26246:ENSG00000125826.20",-0.00496915620032401,0.0031186624569204,0.111079152605127
"chr20:1164476:1166227:clu_26270:ENSG00000125818.17",0.0028322929964946,0.00288933672373642,0.32695919808712
"chr20:416044:417526:clu_26246:ENSG00000125826.20",-0.00298038086715488,0.0033306651969031,0.370877693222667
"chr20:1463441:1464329:clu_26284:ENSG00000196209.12",-0.00322447637589943,0.00285275109948558,0.258348091024811
"chr20:1463441:1464329:clu_26284:ENSG00000088833.17",-0.0029199147310286,0.00284923996914673,0.305455311988979
"chr20:1164476:1165029:clu_26270:ENSG00000125818.17",-0.00506095081316542,0.00290842596980927,0.0818415337269424
"chr20:63689865:63690087:clu_27599:ENSG00000258366.7",-0.0092565254636927,0.00323082911411144,0.0041692770862678
"chr20:62464991:62465340:clu_27516:ENSG00000130700.6",-0.003661061980599,0.0037896414291067,0.334008747641315
"chr20:62323856:62324080:clu_27491:ENSG00000130702.15",-0.0106469588373696,0.00245189199472838,1.40970487207959e-05
"chr20:63695854:63696760:clu_27604:ENSG00000243509.4",-0.00127657039332514,0.00363145675316937,0.725189861017092
"chr20:64001239:64010200:clu_27657:ENSG00000101161.7",0.00476937369185892,0.00364640393811445,0.190884719020557
"chr20:63196734:63202287:clu_27560:ENSG00000149658.17",0.0116893511851016,0.00288848839349593,5.19059627801521e-05
"chr20:62331729:62332372:clu_27497:ENSG00000130702.15",-0.00853247495899256,0.00305066629933768,0.00515920249650881
"chr20:63697191:63697328:clu_27604:ENSG00000243509.4",-0.0117074645680441,0.00326755576827711,0.000339745360817156
"chr20:63690210:63690294:clu_27599:ENSG00000258366.7",0.00975901318240861,0.00281604272575779,0.000529234564049408
"chr20:63709164:63733219:clu_27609:ENSG00000197114.11",-0.00786444197027863,0.00305832564854739,0.0101263073027416
"chr20:63695854:63696764:clu_27604:ENSG00000243509.4",-0.00670153940024058,0.00308210958694871,0.0296799698621029
"chr20:63561274:63561350:clu_27580:ENSG00000130589.16",0.00201199726246745,0.0026811289809886,0.452996298009226
"chr20:62310311:62310419:clu_27477:ENSG00000130702.15",0.00116357154695052,0.00268343468985421,0.664569660534628
"chr20:63689132:63689502:clu_27598:ENSG00000258366.7",-0.00623204253568076,0.00295120769497274,0.034712850757542
"chr20:62323991:62324080:clu_27491:ENSG00000130702.15",0.0114517237535069,0.00247858615687333,3.8325104938508e-06
"chr20:63674093:63678069:clu_27594:ENSG00000258366.7",-0.0023880638976013,0.0033957186005183,0.481895415353923
"chr20:63534315:63534938:clu_27576:ENSG00000101213.6",-0.00925104959005401,0.00273382896698187,0.000714596709932902
"chr20:63203807:63213864:clu_27560:ENSG00000149658.17",-0.0152263125584424,0.00281287332752416,6.19492779296849e-08
"chr20:62331129:62332372:clu_27497:ENSG00000130702.15",0.00490983352894877,0.00310498905326835,0.113815764745649
"chr20:63882820:63889190:clu_27625:ENSG00000101152.10",-0.00834730974376613,0.00355472942280543,0.0188630479497133
"chr20:63882820:63889190:clu_27625:ENSG00000101150.17",-0.00890254893118521,0.00351400664188014,0.0112946879068968
"chr20:62336786:62337590:clu_27502:ENSG00000130702.15",-0.00147255096822504,0.00276498798795829,0.594330944241784
"chr20:63276200:63276480:clu_27564:ENSG00000101199.12",0.00105524695226352,0.00233791778468472,0.651728757215472
"chr20:63717506:63733219:clu_27609:ENSG00000197114.11",-0.0145806889373827,0.0035164560033049,3.37720206150527e-05
"chr20:51012416:51013729:clu_27318:ENSG00000026559.13",-0.00514245581134544,0.00285501148951194,0.0716708592755853
"chr20:50904001:50930826:clu_27314:ENSG00000101126.15",-0.00105265967536211,0.00336297861001876,0.754269960552819
"chr20:51610165:51613677:clu_27321:ENSG00000054793.13",0.00977055916346695,0.00313690503112566,0.00184123908962686
"chr20:37022826:37032665:clu_26928:ENSG00000080839.11",0.00831918232004767,0.00384331076225056,0.030419291404416
"chr20:37102835:37108599:clu_26931:ENSG00000101353.14",-0.00142320617873147,0.00363092140136136,0.695081618124694
"chr20:37067121:37067233:clu_26930:ENSG00000080839.11",0.000491825347653969,0.00327929663522117,0.880781251359675
"chr20:37137970:37141162:clu_26935:ENSG00000101353.14",0.011038869493619,0.00317360569745394,0.000504535554799568
"chr20:37141314:37143717:clu_26935:ENSG00000101353.14",0.00721438824102285,0.00318383865850592,0.0234550403527372
"chr20:36930875:36935029:clu_26927:ENSG00000101347.8",-0.00065482294094876,0.00509463184064275,0.897728019204117
"chr20:37522438:37522667:clu_26954:ENSG00000053438.8",0.00740039824140402,0.00385525870139103,0.0549135712116118
"chr20:36607818:36609601:clu_26914:ENSG00000101084.17",-0.00633333432223442,0.00701353759696245,0.366517580672764
"chr20:36771473:36773662:clu_26920:ENSG00000149636.15",0.0027170719226639,0.00447704353561296,0.543924067438555
"chr20:38130369:38130814:clu_26969:ENSG00000198959.11",-0.00466333857814201,0.00368683625138287,0.205920849645259
"chr20:36545068:36548032:clu_26913:ENSG00000101335.9",-0.00316831842380582,0.0084814558012822,0.708732944449709
"chr20:36608000:36609601:clu_26914:ENSG00000101084.17",0.00822331803351376,0.00671020711370434,0.220389178720968
"chr20:38130369:38131093:clu_26969:ENSG00000198959.11",0.0049157187990744,0.00337648310301174,0.145428695902781
"chr20:37236709:37238402:clu_26943:ENSG00000118705.16",-0.000278069308414525,0.00725996959661313,0.969447121001094
"chr20:37213865:37216057:clu_26939:ENSG00000118705.16",0.000863947960422317,0.00444245148800204,0.84580358011901
"chr20:37213865:37223878:clu_26939:ENSG00000118705.16",-0.00350163449900113,0.00418197141612078,0.402414575517131
"chr20:36935189:36941039:clu_26927:ENSG00000101347.8",0.000229851987861586,0.00464425438809924,0.960527461323339
"chr20:36548193:36549077:clu_26913:ENSG00000101335.9",0.0057566801806526,0.00788294650287755,0.465225097099289
"chr20:59999663:60002813:clu_27436:ENSG00000124215.16",-0.00952147034676371,0.00397168714450041,0.0165147518753371
"chr20:34951860:34955727:clu_26814:ENSG00000100983.9",-0.00470406425105328,0.00608749596901173,0.439675042071602
"chr20:34941829:34942931:clu_26812:ENSG00000100983.9",0.0195192050856873,0.0078300911783775,0.0126724086862586
"chr20:34997167:34999034:clu_26822:ENSG00000100991.11",-0.023605119959084,0.00486034314004768,1.19371678464208e-06
"chr20:34516461:34526272:clu_26784:ENSG00000125971.16",0.000866044690267357,0.00605550595671845,0.886276181968545
"chr20:34031604:34072066:clu_26764:ENSG00000125970.11",0.0102586480033722,0.00510232829190098,0.0443696562845207
"chr20:35002641:35003107:clu_26822:ENSG00000100991.11",0.03524221321846,0.00890445888180493,7.5638066342032e-05
"chr20:35016139:35021190:clu_26830:ENSG00000100991.11",0.00755756253914718,0.00585027707358318,0.196416076477782
"chr20:35057571:35069296:clu_26833:ENSG00000100991.11",0.0198773822916538,0.0069946553070583,0.0044860210308777
"chr20:34077245:34077370:clu_26766:ENSG00000125970.11",0.00897114043847034,0.0104968205073477,0.392743208521176
"chr20:34098633:34103439:clu_26769:ENSG00000125977.6",0.00426048419369428,0.00499483102294495,0.39367114722888
"chr20:35021356:35035123:clu_26830:ENSG00000100991.11",3.01479282730966e-05,0.00412165018537104,0.99416390257948
"chr20:34928951:34929401:clu_26809:ENSG00000100983.9",-0.0125067955264319,0.0047218983482905,0.00808069155885827
"chr20:35009178:35010187:clu_26828:ENSG00000100991.11",-0.0220329692030315,0.00474585377960818,3.44098203497456e-06
"chr20:34558908:34559347:clu_26786:ENSG00000101460.12",0.0362152795631267,0.00612824839360668,3.4301321782948e-09
"chr20:35008747:35010187:clu_26828:ENSG00000100991.11",0.0236170332235033,0.00353829207623075,2.47740716829981e-11
"chr20:35057571:35068399:clu_26833:ENSG00000100991.11",-0.0263016867406903,0.00524152409330631,5.22267536884335e-07
"chr20:35008747:35009032:clu_26828:ENSG00000100991.11",-0.0218939290789418,0.00365230069224725,2.04039374285259e-09
"chr20:59895597:59896429:clu_27426:ENSG00000196074.12",-0.00301232408048354,0.00305179438524206,0.323610026701305
"chr20:59881023:59881437:clu_27424:ENSG00000196074.12",0.00152371129522537,0.00262134813187835,0.561058427781951
"chr20:59321193:59324331:clu_27420:ENSG00000124205.15",0.00138831632749682,0.00323492107839748,0.667802831814744
"chr20:59875469:59878008:clu_27423:ENSG00000196074.12",0.000420255542346536,0.00306135043531703,0.890811194205679
"chr20:59881492:59881945:clu_27424:ENSG00000196074.12",-0.00151309344308776,0.00257868704469125,0.557358905091834
"chr20:408779:410412:clu_26246:ENSG00000125826.20",-0.00508868782049478,0.00420076737448177,0.225753244496067
"chr20:58343799:58353273:clu_27385:ENSG00000124209.3",-0.00272400171691366,0.00264284401406514,0.302677550404325
"chr20:58311122:58343718:clu_27385:ENSG00000124209.3",-0.0019701067714919,0.002567786487558,0.442939235821485
"chr20:56636754:56637728:clu_27356:ENSG00000087510.6",0.00678476378081213,0.00285137952163716,0.017337690304706
"chr20:41061490:41076171:clu_27021:ENSG00000198900.5",0.00180428022940298,0.00375934915082114,0.631266615387997
"chr20:41352422:41352606:clu_27042:ENSG00000132793.11",0.000351632417739906,0.003140906337868,0.910861043742332
"chr20:41172289:41172558:clu_27035:ENSG00000124181.14",0.00890798874655216,0.00361595938234181,0.0137580167664186
"chr20:41357957:41358237:clu_27046:ENSG00000132793.11",-0.00159219035887076,0.00402004015031832,0.69205833321263
"chr20:41356034:41357040:clu_27044:ENSG00000132793.11",-0.00100622638668635,0.00358128450017973,0.778734934598502
"chr20:41352867:41354645:clu_27042:ENSG00000132793.11",-0.00583827347914797,0.00355733830490013,0.100757664327168
"chr20:41347647:41348619:clu_27040:ENSG00000132793.11",0.00659166477057274,0.00401101052495126,0.100301742815224
"chr20:41352220:41352606:clu_27042:ENSG00000132793.11",0.00385158327757425,0.00333995254911424,0.248834447001845
"chr20:41076294:41077582:clu_27021:ENSG00000198900.5",-0.000634277243348296,0.00386046821945732,0.869494509664394
"chr20:41166859:41167852:clu_27032:ENSG00000124181.14",0.00557185277215301,0.00439005033253498,0.204369668777713
"chr20:49511179:49513080:clu_27276:ENSG00000124212.5",-0.0100713006779468,0.003561298900062,0.00468419680974808
"chr20:50940933:50941129:clu_27316:ENSG00000000419.12",0.00407661353515471,0.00339519335436326,0.229867037010544
"chr20:49508064:49511028:clu_27276:ENSG00000124212.5",0.00958267478347304,0.00337810283680017,0.00455819773840549
"chr20:49850844:49855438:clu_27282:ENSG00000197818.11",0.000663040496625239,0.00331189392599373,0.841324324760301
"chr20:47757463:47786048:clu_27244:ENSG00000196562.14",0.00227538581848592,0.00249930477305253,0.362607642123017
"chr20:47659721:47661773:clu_27237:ENSG00000196562.14",0.00771618532496459,0.00268195258974817,0.00401377064505581
"chr20:47684581:47690126:clu_27242:ENSG00000196562.14",0.00393248939636049,0.00390353190512642,0.313733810605464
"chr20:47690295:47702519:clu_27242:ENSG00000196562.14",6.61702168340836e-05,0.00361014794295934,0.985376433534063
"chr20:32366466:32367727:clu_26726:ENSG00000171456.16",0.00591660525019515,0.00458951004219063,0.197343037114142
"chr20:32161365:32165295:clu_26719:ENSG00000101337.15",-0.00599781709611973,0.00482291309002175,0.213643580738106
"chr20:32371874:32372164:clu_26727:ENSG00000171456.16",-0.00584480204405843,0.00522044697045078,0.262885103603896
"chr20:38426503:38427680:clu_26985:ENSG00000196756.11",0.00748819329820378,0.00513641565760498,0.144878150162047
"chr20:37521403:37522667:clu_26954:ENSG00000053438.8",-0.00663375384366349,0.00375774157198238,0.0775038544112848
"chr20:38756039:38761653:clu_27007:ENSG00000101442.9",0.00606480499556001,0.00412757789239435,0.141741269375169
"chr20:38756039:38765402:clu_27007:ENSG00000101442.9",-0.00408927466872535,0.00424904191007342,0.335849099581366
"chr20:38750239:38752131:clu_27006:ENSG00000101442.9",0.000964662224176771,0.00300622025440762,0.748294708622102
"chr20:38431112:38434504:clu_26986:ENSG00000196756.11",0.00075304558314969,0.00358653263722575,0.833695151544075
"chr20:38213743:38218244:clu_26976:ENSG00000149633.11",0.00886333992882426,0.00388427410556109,0.0224980598835131
"chr20:32359334:32366384:clu_26725:ENSG00000171456.16",-0.00407759997823949,0.00542365525979998,0.452160701187639
"chr20:32429431:32429901:clu_26729:ENSG00000171456.16",0.010405013803049,0.00491702967143126,0.0343347935574283
"chr20:34105545:34112096:clu_26770:ENSG00000125977.6",0.00795421549718875,0.00674584153211999,0.23834692362107
"chr20:33680416:33686004:clu_26760:ENSG00000101412.12",0.00389380974036913,0.00413234399087267,0.346051206895209
"chr20:32430053:32431321:clu_26729:ENSG00000171456.16",0.0062825533084987,0.00532446824853278,0.238024061152373
"chr20:34078553:34079910:clu_26767:ENSG00000125970.11",-0.00269526726048251,0.00780263206805353,0.729770735203734
"chr20:32474742:32475288:clu_26733:ENSG00000197183.14",0.003381592209311,0.00533652460275645,0.526296615296068
"chr20:32728139:32743308:clu_26737:ENSG00000149600.11",-0.00508611064190048,0.00374621691503831,0.17456974868417
"chr20:33680416:33686004:clu_26760:ENSG00000101417.11",0.00389380974036913,0.00413234399087267,0.346051206895209
"chr20:34078553:34084661:clu_26767:ENSG00000125970.11",0.00589515420641908,0.00798630681657809,0.460418598691576
"chr20:57368812:57373475:clu_27363:ENSG00000101146.12",0.0019365798342955,0.00241381658306773,0.422385482478844
"chr20:57659697:57710460:clu_27370:ENSG00000124225.15",0.00297227393601081,0.00269921261128601,0.270825580072133
"chr20:57659697:57709474:clu_27370:ENSG00000124225.15",-0.00130348901378954,0.00303646417628882,0.667720506922268
"chr20:4175263:4177351:clu_26421:ENSG00000088826.17",-0.00056820011453242,0.00326016319545258,0.861640867120146
"chr20:3576997:3578582:clu_26382:ENSG00000088812.17",-0.00604955186665862,0.00416727046843383,0.146590023929749
"chr20:2467758:2492699:clu_26302:ENSG00000125835.18",0.00232108170220117,0.00355287719687288,0.513565245519188
"chr20:2860151:2860239:clu_26333:ENSG00000215305.9",-0.00164657091638705,0.00275557042178184,0.550145125146652
"chr20:2493577:2493778:clu_26304:ENSG00000088876.11",0.0024229428367719,0.00349791546923122,0.488509181797823
"chr20:3822293:3823871:clu_26413:ENSG00000125843.10",-0.00107112762775783,0.00279136161572551,0.701178990553082
"chr20:3822293:3823871:clu_26413:ENSG00000088888.17",-0.00107112762775783,0.00279136161572551,0.701178990553082
"chr20:2795416:2795599:clu_26326:ENSG00000088882.7",-0.00660231214060083,0.0034021540905025,0.0523035347477344
"chr20:3846903:3854558:clu_26413:ENSG00000088888.17",-0.00216247894057334,0.00296070381595521,0.46514966603002
"chr20:2467758:2492699:clu_26302:ENSG00000088876.11",0.00235771951412299,0.00364747838678872,0.518022206919798
"chr20:2965202:2986765:clu_26343:ENSG00000132670.20",0.0039357104663203,0.00331750504644747,0.235485494302106
"chr20:2965202:2975215:clu_26343:ENSG00000132670.20",-0.00434745822055643,0.00332581917329553,0.191150165852905
"chr20:3673496:3673583:clu_26389:ENSG00000149451.17",-0.00361964949771755,0.00386704261784399,0.349260192094547
"chr20:3846903:3854558:clu_26413:ENSG00000125843.10",-0.00187820658873036,0.00297938991750137,0.528433089813283
"chr20:2758485:2758909:clu_26325:ENSG00000088881.20",-0.000677346678737304,0.00312885732220085,0.828610712293252
"chr20:3671985:3672537:clu_26387:ENSG00000149451.17",0.00232307513498753,0.00313686542868663,0.458952907169312
"chr20:57351358:57354032:clu_27359:ENSG00000101146.12",-0.00529331703092273,0.00242641234500315,0.0291434552779984
"chr20:57351422:57354032:clu_27359:ENSG00000101146.12",0.00545459058955974,0.00221950401158326,0.0139879825026006
"chr20:62319013:62319684:clu_27487:ENSG00000130702.15",-0.000273630540827436,0.00221662642597088,0.901755049175382
"chr20:62322758:62323456:clu_27489:ENSG00000130702.15",0.00273952910174485,0.00192628865145798,0.154974017210537
"chr20:62010165:62012815:clu_27449:ENSG00000130699.18",-0.00457998668369677,0.00307942491916205,0.136939195059238
"chr20:62260125:62263616:clu_27465:ENSG00000130703.15",-0.00434145532536289,0.00260056457628004,0.0950325879577848
"chr20:62310081:62310178:clu_27476:ENSG00000130702.15",-0.00116797812729916,0.00251691701468605,0.642611130066211
"chr20:62319013:62319443:clu_27487:ENSG00000130702.15",-0.00407379304174577,0.00238701774659238,0.0878879669163085
"chr20:62256221:62259981:clu_27465:ENSG00000130703.15",0.00841114462450186,0.00279871315258569,0.00265265414336735
"chr20:62310081:62310193:clu_27476:ENSG00000130702.15",0.00136973979582019,0.00256496411538827,0.593328328376244
"chr20:62319569:62319684:clu_27487:ENSG00000130702.15",0.00214628934248985,0.00231192827284208,0.353223638931786
"chr20:62322168:62322269:clu_27489:ENSG00000130702.15",-0.00492278178349161,0.00212769961212106,0.0206861655480591
"chr20:60006787:60031231:clu_27437:ENSG00000124215.16",0.00205471092961684,0.00409054575971089,0.615451386437076
"chr20:5109445:5111500:clu_26433:ENSG00000089063.14",0.00439997164620475,0.00241826642639941,0.068839224235374
"chr20:5111605:5112961:clu_26433:ENSG00000089063.14",0.000597980927974738,0.00231603653956438,0.796259124349881
"chr20:4884823:4899555:clu_26429:ENSG00000089057.14",2.91623642012527e-05,0.00281381282012237,0.991730870140497
"chr20:6006614:6009775:clu_26457:ENSG00000088766.11",-0.00451535580800913,0.00326683924674852,0.166916821154337
"chr20:5109445:5112961:clu_26433:ENSG00000089063.14",-0.000650596539856028,0.0032665750953825,0.842131495156522
"chr20:5109445:5111496:clu_26433:ENSG00000089063.14",0.00347176391926594,0.00278378136268083,0.212346322397445
"chr20:5575978:5578380:clu_26442:ENSG00000125772.12",-0.00069714558606374,0.00364323075558422,0.848248513055483
"chr20:4885909:4899555:clu_26429:ENSG00000089057.14",0.00186722577949224,0.00283579818934361,0.510250270255663
"chr20:20017449:20022456:clu_26581:ENSG00000173418.11",-0.00660035039170597,0.00293198385428675,0.0243757159087317
"chr20:23395185:23397072:clu_26613:ENSG00000125814.17",-0.00136471549944989,0.0041201404685818,0.740470509763507
"chr20:23365747:23368762:clu_26611:ENSG00000125812.15",-0.00858029911917687,0.003673070679218,0.019491156221901
"chr20:25339004:25339227:clu_26641:ENSG00000100997.18",0.00410683706106625,0.00439082919697782,0.349622625509519
"chr20:25222978:25224101:clu_26630:ENSG00000197586.12",-0.0229894185842058,0.00552748231754858,3.19487085868042e-05
"chr20:25281112:25282033:clu_26635:ENSG00000100994.11",-0.00914408122673736,0.00447079336758704,0.0408260058175405
"chr20:25015230:25020010:clu_26623:ENSG00000154930.14",0.0140668652349711,0.00397708919102138,0.000404737901010255
"chr20:24964022:24969526:clu_26616:ENSG00000101474.11",0.00620087793148329,0.00574915315724708,0.280778389576754
"chr20:25209925:25213263:clu_26626:ENSG00000197586.12",-0.0141493698961889,0.00373370936373639,0.000150872997326967
"chr20:24964022:24968892:clu_26616:ENSG00000101474.11",-0.00379956527859795,0.00444259786191301,0.392408592998819
"chr20:21205584:21214535:clu_26598:ENSG00000088970.15",-0.0134618934859561,0.00571270487151553,0.0184488983971277
"chr20:3871472:3873666:clu_26415:ENSG00000125779.21",-0.000619997825734384,0.00307482560296085,0.840200716911121
"chr20:3760186:3767663:clu_26401:ENSG00000101220.17",-0.00338606663575811,0.00288685879616533,0.240826191253398
"chr20:3869139:3873794:clu_26415:ENSG00000125779.21",-4.07369235726103e-05,0.00291059966955948,0.988833125501405
"chr20:3110314:3115305:clu_26355:ENSG00000185019.16",-0.00155279676478647,0.00315587753282576,0.62269581910596
"chr20:3750907:3751511:clu_26404:ENSG00000132622.10",-0.00605258010555471,0.00356037127106182,0.0891336228524792
"chr20:3871472:3873794:clu_26415:ENSG00000088888.17",0.00332017652923501,0.00287263862967853,0.247765707418351
"chr20:3800498:3800743:clu_26407:ENSG00000101224.17",0.00194545776266755,0.00282896716935273,0.491646831925414
"chr20:3675105:3677067:clu_26392:ENSG00000149451.17",-0.00130540794886462,0.0039040178671582,0.738096220322681
"chr20:3864788:3865683:clu_26415:ENSG00000088888.17",0.000582779888712925,0.00262097052806801,0.824039325551217
"chr20:3671953:3672134:clu_26387:ENSG00000149451.17",-0.00296276865550716,0.00402645582815988,0.46183693337057
"chr20:3871472:3873666:clu_26415:ENSG00000088888.17",-0.00155017559242124,0.00318476059709031,0.626436982430678
"chr20:4183654:4187270:clu_26425:ENSG00000088826.17",-0.00223064707410577,0.00327572837957958,0.495895433965499
"chr20:3800865:3800971:clu_26407:ENSG00000101224.17",-0.00269606458161919,0.00276850811312395,0.330139461347155
"chr20:3675102:3677067:clu_26392:ENSG00000149451.17",-0.00788483706822607,0.00348073576001617,0.0234955736395607
"chr20:4186832:4187270:clu_26425:ENSG00000088826.17",-0.000650908089880231,0.00347562508807286,0.851442676989399
"chr20:3864788:3865683:clu_26415:ENSG00000125779.21",-0.000311787206346114,0.0026281361314902,0.905565054772453
"chr20:3871472:3873794:clu_26415:ENSG00000125779.21",0.00332017652923501,0.00287263862967853,0.247765707418351
"chr20:4183654:4187270:clu_26425:ENSG00000230176.2",-0.00236287054311254,0.00329960604713947,0.473925364968319
"chr20:3801388:3801722:clu_26408:ENSG00000101224.17",0.00449256542681586,0.00368581643558315,0.222890000209711
"chr20:3869139:3871287:clu_26415:ENSG00000088888.17",0.00793161006260922,0.00279698448872634,0.00457150809413576
"chr20:3889728:3907926:clu_26415:ENSG00000125779.21",-0.00170359276850013,0.00291767428251808,0.559296182123527
"chr20:3869139:3871287:clu_26415:ENSG00000125779.21",0.00757571045433888,0.00273716964137545,0.00564504820279443
"chr20:3801802:3801924:clu_26408:ENSG00000101224.17",-0.00300848274201045,0.00365496488930618,0.410438505288872
"chr20:3889728:3907926:clu_26415:ENSG00000088888.17",-0.00255274271288125,0.00301856705048376,0.397731111407953
"chr20:3869139:3873794:clu_26415:ENSG00000088888.17",0.000250147952015856,0.00290326261604559,0.931338448813064
"chr20:4186832:4187270:clu_26425:ENSG00000230176.2",-0.000650908089880231,0.00347562508807286,0.851442676989399
"chr20:19799747:19889566:clu_26576:ENSG00000233895.1",0.00280358327606024,0.00292373418241509,0.337606614328869
"chr20:19799747:19889566:clu_26576:ENSG00000132669.12",0.00317556572390752,0.00292249478147469,0.277216212927193
"chr20:45857980:45876714:clu_27141:ENSG00000132801.6",0.00109208744126472,0.00357038910250861,0.759700957074089
"chr20:47298872:47310056:clu_27222:ENSG00000101040.19",0.00329627186965303,0.00341355455002443,0.334223318029627
"chr20:45892323:45892398:clu_27146:ENSG00000064601.16",-0.0110657178194556,0.00358031368730333,0.0019967732836812
"chr20:45824834:45833251:clu_27136:ENSG00000101470.9",-0.00233456683137254,0.00317521663829408,0.462189401248875
"chr20:46596342:46599971:clu_27210:ENSG00000158296.13",0.00124990440716254,0.0038359995516817,0.744548901853924
"chr20:45892027:45892273:clu_27146:ENSG00000064601.16",0.0096884629265898,0.00370315036114499,0.00888947041441823
"chr20:47352740:47353005:clu_27226:ENSG00000231119.2",-0.00104628466179813,0.00260533101496366,0.687983027606436
"chr20:45795443:45801074:clu_27133:ENSG00000101457.12",0.000384748807280989,0.00348963409337013,0.912207326146203
"chr20:47352744:47353005:clu_27226:ENSG00000231119.2",0.00397781980634126,0.00254379704827812,0.117880246032454
"chr20:47298947:47310056:clu_27222:ENSG00000101040.19",-0.00296439139339274,0.00342345481866821,0.386541500213578
"chr20:45939339:45940475:clu_27155:ENSG00000100982.11",0.0116270579565708,0.00365599339474583,0.00147136244187285
"chr20:46067181:46068502:clu_27179:ENSG00000124160.11",0.00107239451671116,0.00407892767080873,0.792619260138731
"chr20:45957680:45957835:clu_27169:ENSG00000198026.7",0.00227261203913295,0.00363368411224599,0.531689422054949
"chr20:46352185:46354882:clu_27186:ENSG00000080189.14",-0.00376502334943166,0.00380550353837193,0.322485705167817
"chr20:46352226:46354882:clu_27186:ENSG00000080189.14",0.000459001139759958,0.00367799598518469,0.900684633831777
"chr20:45940612:45940809:clu_27155:ENSG00000100982.11",-0.00837312716057846,0.00335370681593439,0.0125362614371217
"chr20:46068638:46070210:clu_27179:ENSG00000124160.11",0.00431782338969265,0.00390262938763742,0.268558498957188
"chr20:45953948:45957835:clu_27169:ENSG00000198026.7",-0.00847863541760721,0.00415456618944984,0.0412707886542408
"chr20:46126701:46128138:clu_27183:ENSG00000101017.13",-0.00668390209704007,0.00345388182852075,0.0529675341701712
"chr20:46393143:46393529:clu_27199:ENSG00000062598.17",0.00354947300424036,0.00279659636343407,0.204365546341667
"chr20:45840458:45840639:clu_27139:ENSG00000124104.18",0.00868788919173012,0.00331953520329914,0.00886542500045795
"chr20:46122756:46126640:clu_27183:ENSG00000101017.13",-0.00203460052538153,0.00425030337644715,0.632155363787173
"chr20:46393601:46394049:clu_27199:ENSG00000062598.17",-0.0058774160068273,0.00337253245153222,0.0813806577736843
"chr20:33379691:33383480:clu_26744:ENSG00000101391.20",-0.00174578814339855,0.00343929588758244,0.611733574337908
"chr20:33659550:33659653:clu_26754:ENSG00000125967.16",-0.0152751412363332,0.0040506143649024,0.000162550523862381
"chr20:32358832:32366384:clu_26725:ENSG00000171456.16",0.0191986061673993,0.00503762461942153,0.000138381454918179
"chr20:33658834:33659497:clu_26754:ENSG00000125967.16",0.0142222651101047,0.00376685841690541,0.000159603508327444
"chr20:32802470:32807762:clu_26738:ENSG00000088305.18",0.0199332487761964,0.00473539360110304,2.56029886758213e-05
"chr20:32429431:32431321:clu_26729:ENSG00000171456.16",0.00734249819659098,0.00488665651352357,0.132952355411406
"chr20:32360806:32366384:clu_26725:ENSG00000171456.16",-0.0263823159684095,0.00539981418292986,1.03019037001051e-06
"chr20:33370629:33374115:clu_26743:ENSG00000101391.20",0.00643259924386868,0.00418183182571768,0.123993552837884
"chr20:32052486:32071662:clu_26708:ENSG00000101336.13",0.0207404005985934,0.00442547984776443,2.77797448300365e-06
"chr20:32431176:32431321:clu_26729:ENSG00000171456.16",-0.0281942526368476,0.00415388341225769,1.14137588269614e-11
"chr20:32094016:32099004:clu_26712:ENSG00000101336.13",0.00241327215815554,0.00703956770502418,0.731737346183461
"chr20:33397084:33401428:clu_26746:ENSG00000101391.20",0.0269111485074637,0.00427374660879625,3.03751690466925e-10
"chr20:31863981:31864215:clu_26698:ENSG00000149599.15",0.0024444968378762,0.00682661454921416,0.720280957344494
"chr20:3022824:3024472:clu_26346:ENSG00000132670.20",0.00180806841422736,0.00323792717591074,0.576569189842922
"chr20:2653393:2654414:clu_26307:ENSG00000101361.16",-0.00531862196804137,0.00328370681663301,0.105296602885414
"chr20:3167961:3173455:clu_26358:ENSG00000088899.14",-3.78486158795358e-05,0.00388847995305965,0.992233893505348
"chr20:2755824:2758396:clu_26325:ENSG00000088881.20",0.00400279589369022,0.00286885272023211,0.162937402562789
"chr20:2706264:2707947:clu_26321:ENSG00000088881.20",-0.00207086792795647,0.00351326597921167,0.555564541255742
"chr20:2706264:2706740:clu_26321:ENSG00000088881.20",0.00212215291910781,0.00367163833494473,0.563274055878136
"chr20:2859807:2860054:clu_26333:ENSG00000215305.9",-0.00369757534713519,0.00329745500958866,0.262142243029352
"chr20:3604262:3615828:clu_26383:ENSG00000088812.17",0.00118280648980938,0.00352883461719316,0.737486806477448
"chr20:2755824:2758909:clu_26325:ENSG00000088881.20",-0.000516170875470727,0.00288923696614527,0.85821016944545
"chr20:10601819:10621314:clu_26487:ENSG00000149346.14",0.000778473771365846,0.00287797515509728,0.786780563743667
"chr20:10408803:10420528:clu_26484:ENSG00000125863.18",0.00112308630805703,0.00258547692073685,0.664010597013173
"chr20:10641892:10642488:clu_26488:ENSG00000101384.11",-0.000469759236858678,0.00310059132385034,0.879576311614513
"chr20:10297050:10299268:clu_26482:ENSG00000132639.12",0.00038690377441735,0.00254325181522333,0.879084751651941
"chr20:63693283:63694319:clu_27600:ENSG00000258366.7",-0.000787598811860156,0.00289321481629975,0.785450771906217
"chr20:64257051:64259942:clu_27672:ENSG00000203880.11",-0.036310485095683,0.00419152898237777,0
"chr20:63942492:63944397:clu_27636:ENSG00000198276.15",-0.000426443380706599,0.00349814764584878,0.902973872683777
"chr20:63693283:63694372:clu_27600:ENSG00000258366.7",-0.00145857420030979,0.00296208149313988,0.622425796589279
"chr20:63689132:63689750:clu_27598:ENSG00000258366.7",-0.0245327310857413,0.0023563917833134,0
"chr20:63981734:63983047:clu_27656:ENSG00000101161.7",-0.0312325311386237,0.00459453877225289,1.06264996801997e-11
"chr20:63627392:63628245:clu_27585:ENSG00000232442.1",0.0301363767395466,0.00381577397301123,2.88657986402541e-15
"chr20:64255870:64259942:clu_27672:ENSG00000203880.11",0.0119446100922787,0.00369678800905223,0.00123324317546136
"chr20:62909158:62909699:clu_27549:ENSG00000101191.16",0.00180809494799868,0.00346053369094078,0.601329066477726
"chr20:63674093:63678145:clu_27594:ENSG00000258366.7",-0.022656647831293,0.00264751448962207,0
"chr20:63869441:63873668:clu_27624:ENSG00000101150.17",0.0121575112963183,0.00302852387153212,5.96134682505634e-05
"chr20:63674093:63678214:clu_27594:ENSG00000258366.7",0.0179297612248231,0.00308143950345621,5.93313431718201e-09
"chr20:63709164:63709311:clu_27609:ENSG00000197114.11",-0.0336339512242495,0.00372507707355276,0
"chr20:62859526:62860125:clu_27543:ENSG00000101190.12",0.0102308784487502,0.00240755329236406,2.14255863237867e-05
"chr20:45949398:45949485:clu_27163:ENSG00000198026.7",0.00314628185671535,0.00408691119904628,0.441392756380947
"chr20:44972158:44978443:clu_27111:ENSG00000101109.11",-0.0057822534647309,0.0028420047610806,0.041894306015226
"chr20:44589866:44598616:clu_27090:ENSG00000168734.13",0.000224911853537607,0.00324655156518919,0.944769010312933
"chr20:44919277:44921594:clu_27103:ENSG00000101104.12",0.00246389001785221,0.00490805534303878,0.615660894473796
"chr20:45960732:45960864:clu_27172:ENSG00000198026.7",0.00453893233241262,0.00430789689275945,0.292052037178621
"chr20:44512994:44513879:clu_27087:ENSG00000132824.13",-0.00268070200402596,0.00315030126045784,0.394805390391989
"chr20:44624329:44626456:clu_27095:ENSG00000196839.12",0.0031750079639933,0.0038220573252176,0.406139438613005
"chr20:45802055:45803333:clu_27134:ENSG00000101457.12",-0.00595428623560956,0.00444718366824405,0.180606742275225
"chr20:45408938:45409932:clu_27120:ENSG00000244274.7",0.0129550013340135,0.00377227362478097,0.000594154848888584
"chr20:45941207:45943097:clu_27156:ENSG00000100982.11",-0.0109182520464294,0.00480982076863006,0.0232081014878188
"chr20:45427545:45429445:clu_27127:ENSG00000124155.17",0.00396670553270211,0.00320752675334767,0.216203434791204
"chr20:45409036:45409932:clu_27120:ENSG00000244274.7",-0.0130385001330508,0.00399713489256724,0.00110644169190588
"chr20:45893311:45893988:clu_27147:ENSG00000064601.16",-0.00711729193700936,0.00349302464581849,0.0415926765745244
"chr20:45427545:45429481:clu_27127:ENSG00000124155.17",-0.00514805561807729,0.00323874726247951,0.111942898235008
"chr20:44966603:44972078:clu_27110:ENSG00000101109.11",-0.00830554639929417,0.00392184742900768,0.0341950790392636
"chr20:45848675:45857188:clu_27138:ENSG00000101473.16",0.0087183326520018,0.00362658911913585,0.0162166214910802
"chr20:9371295:9372303:clu_26475:ENSG00000101333.16",-0.0012034885411552,0.00291312625849104,0.679514215061458
"chr20:9457489:9459635:clu_26478:ENSG00000101333.16",0.00319116100069997,0.0031698119008872,0.31406207478336
"chr20:10621414:10622659:clu_26487:ENSG00000149346.14",-0.0032388073472994,0.00272998034159887,0.235470347646276
"chr20:7982621:7983794:clu_26465:ENSG00000125827.8",0.000173723607504557,0.00319195907925738,0.95659625309291
"chr20:8649449:8657184:clu_26467:ENSG00000182621.17",0.00251769915870348,0.00318925844881284,0.429860203360769
"chr20:8649449:8651413:clu_26467:ENSG00000182621.17",0.00261658389304466,0.00356529385695411,0.463007168649988
"chr20:38447623:38448666:clu_26988:ENSG00000174365.19",-0.00782118632580035,0.00339735625890101,0.0213273349159835
"chr20:38983776:38988813:clu_27012:ENSG00000101452.14",-0.00383744622478934,0.00415054349600001,0.355192354163849
"chr20:38962407:38969081:clu_27010:ENSG00000101452.14",0.00173475394889994,0.00453003532125377,0.701760614657161
"chr20:38962407:38969081:clu_27010:ENSG00000101447.14",0.00173475394889994,0.00453003532125377,0.701760614657161
"chr20:58996801:58997603:clu_27406:ENSG00000101160.13",-0.00394501249211593,0.00356991430855793,0.269128374230547
"chr20:58883029:58884847:clu_27405:ENSG00000225806.7",-0.00217513206658252,0.00260291039289919,0.403349670191572
"chr20:56359191:56360182:clu_27344:ENSG00000124098.9",0.00469587942128316,0.00295637879491234,0.112198413738813
"chr20:56359191:56365087:clu_27344:ENSG00000124098.9",-0.0063709715537458,0.00287858538335388,0.0268817921876894
"chr20:2484653:2492699:clu_26302:ENSG00000088876.11",0.00264175192726824,0.00355349151223083,0.457224839029805
"chr20:1455132:1458200:clu_26283:ENSG00000088833.17",-0.00547562187876303,0.00390309611656248,0.160649080323001
"chr20:2500742:2508800:clu_26305:ENSG00000088876.11",0.00394666717531489,0.00301097283559491,0.1899383642248
"chr20:3043665:3044408:clu_26351:ENSG00000125787.11",-0.000910924818941427,0.00246294203179733,0.71149253095381
"chr20:2835709:2836039:clu_26330:ENSG00000132635.16",-0.00941835850995345,0.00668659800891456,0.158970445760025
"chr20:2484653:2492699:clu_26302:ENSG00000125835.18",0.00244016769040001,0.00345059221378915,0.479458607379196
"chr20:2860863:2860970:clu_26334:ENSG00000215305.9",-0.00184581375736788,0.00283876848080387,0.515552463715528
"chr20:2862130:2862579:clu_26337:ENSG00000215305.9",-0.00165290993501567,0.00363914363915413,0.649682728597889
"chr20:2708020:2709574:clu_26322:ENSG00000088881.20",-0.000699488479272188,0.00285148676257618,0.806219053574698
"chr20:2655542:2655934:clu_26308:ENSG00000101361.16",-0.00237961297220714,0.00370166334109467,0.520321664824343
"chr20:2709642:2748549:clu_26322:ENSG00000088881.20",-0.00181983665295306,0.00288067589540748,0.527557134539075
"chr20:2500742:2508881:clu_26305:ENSG00000088876.11",-0.00399957403864766,0.00314978780318837,0.204158879945815
"chr20:56392815:56395521:clu_27347:ENSG00000101138.11",-0.00209768498816245,0.00309867098757857,0.498429557142959
"chr20:56392713:56395521:clu_27347:ENSG00000101138.11",0.00306747696675642,0.00311428792300442,0.324639313298892
"chr20:50830380:50876486:clu_27312:ENSG00000124243.17",-0.00243078419848471,0.00346548982800686,0.483037285398219
"chr20:50595504:50596140:clu_27303:ENSG00000042062.11",-0.00984875826412619,0.00285572537513604,0.000563132816208678
"chr20:41169175:41169457:clu_27034:ENSG00000124181.14",-0.00077363277368151,0.00396196033948155,0.845185379415379
"chr20:47236516:47238758:clu_27221:ENSG00000101040.19",-0.00241202070961509,0.00407008030421869,0.553433892700928
"chr20:46118394:46121820:clu_27181:ENSG00000101017.13",0.000951394974402432,0.00344034268531642,0.782132759209577
"chr20:45952729:45953689:clu_27168:ENSG00000198026.7",-0.00165902593656958,0.00427684581583011,0.698083558774173
"chr20:45950595:45952147:clu_27166:ENSG00000198026.7",0.00774207592762213,0.00458207857191517,0.0910963183551038
"chr20:45843772:45844263:clu_27137:ENSG00000101473.16",0.0067155752264639,0.00452720565325962,0.137972955821659
"chr20:50904001:50928651:clu_27314:ENSG00000101126.15",0.00689757161394385,0.0031261137463996,0.0273534486092941
"chr20:50597710:50602072:clu_27305:ENSG00000042062.11",0.00507893856674881,0.00373475882754296,0.173858178180669
"chr20:50931449:50944357:clu_27315:ENSG00000259456.3",-0.00303933467118376,0.00356384917355977,0.393757136114472
"chr20:50593196:50594553:clu_27301:ENSG00000042062.11",-0.0103226143958746,0.00307551360412534,0.000789679356038908
"chr20:10658722:10663963:clu_26491:ENSG00000101384.11",-0.00596803684496445,0.003214657293247,0.0633811898777085
"chr20:41160153:41162452:clu_27029:ENSG00000124181.14",0.0118046993697172,0.0044948442755506,0.00863249178205538
"chr20:41363861:41365035:clu_27048:ENSG00000183798.4",-0.00260465050193543,0.00393292378828197,0.507799329536731
"chr20:41174011:41174467:clu_27036:ENSG00000124181.14",-0.00210107647726055,0.0049914840171509,0.673804572541911
"chr20:41160153:41162374:clu_27029:ENSG00000124181.14",-0.00407408108497033,0.00467315188377223,0.383314310279728
"chr20:41484607:41487665:clu_27054:ENSG00000124177.14",7.30108328872264e-05,0.00290607101632156,0.979956412520645
"chr20:18527611:18530680:clu_26565:ENSG00000101310.14",0.00372655059253521,0.00360144758974451,0.300791814173483
"chr20:18306393:18315072:clu_26555:ENSG00000125846.15",0.00555887127463296,0.00347046903173435,0.109207875686588
"chr20:18412853:18414348:clu_26556:ENSG00000089091.16",0.000396742803190182,0.00168041890288207,0.813356967052473
"chr20:17951595:17952587:clu_26543:ENSG00000089006.16",-0.0101501715778475,0.00354765606626887,0.00422184073739373
"chr20:18507990:18510822:clu_26564:ENSG00000101310.14",-0.00227857594914259,0.00307225682285996,0.458292186306437
"chr20:50596263:50597580:clu_27304:ENSG00000042062.11",0.00251859726594028,0.00319397128827407,0.430376673880615
"chr20:50902109:50903889:clu_27314:ENSG00000101126.15",-0.0131658238705075,0.00384161331439603,0.000609929350904981
"chr20:50936262:50942031:clu_27316:ENSG00000000419.12",0.00993721426330712,0.00314992635058717,0.00160638465078244
"chr20:41414981:41415186:clu_27050:ENSG00000124177.14",-0.000712107441424658,0.00356600182205607,0.841720285228735
"chr20:41413515:41415186:clu_27050:ENSG00000124177.14",0.00492497196095403,0.00384326231930176,0.20003350849476
"chr20:41352220:41352338:clu_27042:ENSG00000132793.11",0.00150954048280557,0.00359888166173419,0.674889406710762
"chr20:56471669:56472326:clu_27351:ENSG00000022277.12",-0.000516669776052693,0.00347111384448487,0.881673250582665
"chr20:35049990:35054976:clu_26832:ENSG00000100991.11",-0.026342595199899,0.00572423820374949,4.18575748939443e-06
"chr20:35010288:35013008:clu_26829:ENSG00000100991.11",-0.0297634644034362,0.00526391088457644,1.56528886519069e-08
"chr20:35002641:35003097:clu_26822:ENSG00000100991.11",0.01311413770576,0.00653796844623399,0.0448730100303411
"chr20:35013066:35016008:clu_26829:ENSG00000100991.11",0.0364613054988255,0.0053284349926172,7.7671202802776e-12
"chr20:34921866:34923323:clu_26808:ENSG00000131069.19",-0.0264406808177533,0.00771307745317438,0.00060797248756439
"chr20:34882989:34923323:clu_26808:ENSG00000131069.19",0.0141083447615612,0.00607144808032843,0.0201405108764329
"chr20:35049994:35054976:clu_26832:ENSG00000100991.11",0.0214898893465155,0.00511698713781609,2.67250762762128e-05
"chr20:35021332:35035123:clu_26830:ENSG00000100991.11",-0.00196882460037026,0.00425584065543622,0.643638859756748
"chr20:35176446:35176698:clu_26839:ENSG00000101000.5",-0.00737526196135882,0.00266882897127154,0.00571881717841827
"chr20:34996836:34997065:clu_26822:ENSG00000100991.11",-0.0353972125338492,0.00562020624365358,3.01111580114366e-10
"chr20:34928951:34931336:clu_26809:ENSG00000100983.9",-0.0105321085406765,0.00642502223082463,0.101164741192471
"chr20:35739017:35740525:clu_26896:ENSG00000131051.22",-0.00464494149164924,0.00731081547795619,0.525198843379306
"chr20:35617586:35617779:clu_26877:ENSG00000061656.9",5.57294783984664e-05,0.00727656836107917,0.993889254729398
"chr20:34363349:34369394:clu_26776:ENSG00000078747.14",0.00065556854555961,0.0051465889598291,0.89864025334547
"chr20:35632923:35655202:clu_26883:ENSG00000214078.12",0.0346806350835372,0.00634969422470871,4.71383123645808e-08
"chr20:34931417:34931939:clu_26809:ENSG00000100983.9",0.0289728680357896,0.00597217401135216,1.22648614264698e-06
"chr20:34519498:34526268:clu_26784:ENSG00000125971.16",0.0198780597254668,0.00627032181300891,0.00152343618857564
"chr20:11919176:11919718:clu_26496:ENSG00000132640.14",-0.00326667176850954,0.00355147830644952,0.357674042375367
"chr20:32017883:32017979:clu_26705:ENSG00000101331.15",0.00942361400820183,0.00601564250377452,0.117227330145297
"chr20:32084543:32086628:clu_26711:ENSG00000101336.13",-0.00817474394811635,0.00635686328778405,0.198453067013353
"chr20:33628435:33629719:clu_26751:ENSG00000078699.21",-0.00518654922953996,0.0047551118935731,0.275391147357739
"chr20:33367008:33370499:clu_26742:ENSG00000101391.20",0.00685587233577372,0.00409543111530961,0.0941248097861811
"chr20:32369123:32372164:clu_26727:ENSG00000171456.16",-0.0137124070022184,0.00601169575788544,0.0225511147230817
"chr20:33625017:33628350:clu_26751:ENSG00000078699.21",-0.00187498373165481,0.00502934199478586,0.709290637715694
"chr20:33367005:33370499:clu_26742:ENSG00000101391.20",-0.00416607414188888,0.00421972311706776,0.323502384050335
"chr20:59037280:59038466:clu_27419:ENSG00000101166.15",0.000128407858366143,0.00309361272577988,0.966891383926329
"chr20:59322452:59324331:clu_27420:ENSG00000124205.15",0.00614539971054868,0.00368962751785247,0.0957954816791439
"chr20:58701158:58705498:clu_27396:ENSG00000215440.11",-0.00225493610948326,0.00222532990311822,0.310914887965865
"chr20:59037299:59038466:clu_27419:ENSG00000101166.15",-0.00515408689444297,0.00265568221170416,0.0522853347552501
"chr20:59036760:59038466:clu_27419:ENSG00000101166.15",-0.00723496109215488,0.00382628200741353,0.0586431226387688
"chr20:31554829:31559611:clu_26689:ENSG00000101294.16",0.0170691714655495,0.0063995789442171,0.00764785122009703
"chr20:31722348:31722618:clu_26695:ENSG00000171552.12",-0.0144511474505265,0.00472962616969421,0.00224721299147812
"chr20:31862742:31862884:clu_26697:ENSG00000149599.15",-0.0280961764445358,0.00693407687003473,5.08036811973644e-05
"chr20:31476785:31477804:clu_26684:ENSG00000233354.1",0.0169481010217842,0.00854885541931958,0.0474233707801621
"chr20:31476785:31477804:clu_26684:ENSG00000088320.3",0.0169481010217842,0.00854885541931958,0.0474233707801621
"chr20:31568224:31569120:clu_26690:ENSG00000101294.16",-0.0618233530482447,0.011855025827271,1.83867985836805e-07
"chr20:31550121:31554746:clu_26689:ENSG00000101294.16",-0.00547431035720248,0.00681064108141542,0.421519524418566
"chr20:43460598:43460703:clu_27058:ENSG00000124193.14",0.00548776493478526,0.00356897906246865,0.12413940550341
"chr20:43515415:43516093:clu_27059:ENSG00000185513.14",-0.00315551992125316,0.00266079856696371,0.235650081635288
"chr20:43605216:43613850:clu_27073:ENSG00000101052.12",0.00596431743858828,0.00354539462322745,0.0925161444030425
"chr20:43458509:43459153:clu_27057:ENSG00000124193.14",0.00992049720234814,0.00417038623414578,0.0173692955074254
"chr20:45775602:45777075:clu_27132:ENSG00000124116.18",-0.00181637334512856,0.00398362786302634,0.648419033935722
"chr20:45416694:45418852:clu_27121:ENSG00000124155.17",0.00684809829578293,0.00335313208880021,0.0411218817209539
"chr20:45794017:45795345:clu_27133:ENSG00000101457.12",0.0010108070586891,0.00343004640512873,0.768229214331768
"chr20:45945030:45945711:clu_27158:ENSG00000100982.11",-0.0029630175613712,0.00326098498303255,0.363547282758856
"chr20:44621147:44622829:clu_27093:ENSG00000196839.12",-0.00477419132698426,0.00418976793100158,0.254499566403857
"chr20:46122756:46128138:clu_27183:ENSG00000101017.13",0.00070750904981177,0.00408470831757869,0.862486994334203
"chr20:45471417:45479942:clu_27128:ENSG00000101443.17",-0.00760912775953838,0.00634078374688297,0.230127870797251
"chr20:44943579:44948730:clu_27108:ENSG00000025772.7",0.0034826802250887,0.00348272370126326,0.317316549127178
"chr20:2654308:2654414:clu_26307:ENSG00000101361.16",0.00367239925334003,0.00337134957776061,0.276023161203602
"chr20:3167181:3167738:clu_26358:ENSG00000088899.14",-0.00358919946219185,0.00361117560689658,0.320264539713864
"chr20:2752545:2755743:clu_26324:ENSG00000088881.20",-0.0019092956123033,0.00403986149454745,0.636488502030485
"chr20:3203416:3204537:clu_26363:ENSG00000198171.12",-0.00660665763855157,0.00310092453932483,0.0331266882426369
"chr20:2693782:2705577:clu_26319:ENSG00000088881.20",0.00807195680699162,0.00312562545982802,0.00980847196214052
"chr20:3304543:3315033:clu_26376:ENSG00000088854.12",0.000514316924142271,0.00286801377456737,0.857679683300187
"chr20:3674284:3677067:clu_26392:ENSG00000149451.17",0.00721798305191542,0.00316213442133859,0.0224521693342296
"chr20:3203416:3203500:clu_26363:ENSG00000198171.12",-0.00294465761764066,0.00344827667073579,0.393132411932727
"chr20:8741573:8757046:clu_26469:ENSG00000182621.17",0.0090464501035052,0.00451466504077944,0.0450923363826279
"chr20:25465051:25467389:clu_26645:ENSG00000101004.14",0.0143803281489551,0.00410018887985161,0.000452788174959196
"chr20:25209925:25210003:clu_26626:ENSG00000197586.12",0.023411699389283,0.00402363794015372,5.93637583534701e-09
"chr20:25498346:25498948:clu_26649:ENSG00000101004.14",0.0232803036286406,0.00376062139660423,5.99557736791212e-10
"chr20:25314970:25317048:clu_26640:ENSG00000100997.18",0.000949090825374131,0.00443018388234636,0.830365496614016
"chr20:25645648:25673852:clu_26654:ENSG00000213742.6",-0.00192586776670965,0.00766426941582832,0.801598630660606
"chr20:25046872:25048085:clu_26624:ENSG00000154930.14",-0.00459802955695598,0.00389035884950728,0.237243909792893
"chr20:25300884:25301332:clu_26637:ENSG00000100997.18",0.0232468649554413,0.00359383030187475,9.8948849114322e-11
"chr20:25309575:25314925:clu_26640:ENSG00000100997.18",-0.0150340550773686,0.004172093591627,0.000313985131534356
"chr20:26009889:26019076:clu_26661:ENSG00000204556.4",0.022105481987429,0.00524039580918778,2.46167763309213e-05
"chr20:24584993:24665346:clu_26615:ENSG00000101463.5",-0.00915448637505978,0.00403207496371963,0.0231823716828977
"chr20:25015230:25030759:clu_26623:ENSG00000154930.14",-0.00283082385160278,0.0049539016456693,0.56770603193672
"chr20:25300884:25303550:clu_26637:ENSG00000100997.18",0.0438016676273575,0.00586161038136739,7.86037901434611e-14
"chr20:25222426:25222838:clu_26628:ENSG00000197586.12",-0.0427447397085138,0.00718676407224714,2.71931077655552e-09
"chr20:45419395:45419504:clu_27122:ENSG00000124155.17",-0.00458060128782494,0.00431813271513368,0.288788581090369
"chr20:46394532:46398697:clu_27197:ENSG00000062598.17",0.00528933627310106,0.00257720183116842,0.0401350535405652
"chr20:45424579:45425574:clu_27126:ENSG00000124155.17",-0.00524376935425653,0.00424775516430971,0.217024045808828
"chr20:45911463:45912079:clu_27151:ENSG00000100979.14",-0.000550631773942175,0.00564801836373176,0.922336366466557
"chr20:44901833:44902898:clu_27102:ENSG00000166913.12",-0.00420216243160055,0.00405264406018919,0.29978524653763
"chr20:44955620:44958337:clu_27107:ENSG00000101104.12",0.0132395324192254,0.00473404474430138,0.00516332018663634
"chr20:45419395:45419508:clu_27122:ENSG00000124155.17",9.94867031878556e-05,0.00478297307532924,0.983405053770408
"chr20:45888873:45890250:clu_27144:ENSG00000124257.6",-0.0120501635317796,0.00265219098358107,5.53343604525747e-06
"chr20:44938191:44938674:clu_27107:ENSG00000101104.12",-0.000876447346214455,0.00361162769347734,0.808258120486234
"chr20:45424579:45427422:clu_27126:ENSG00000124155.17",0.00486404468748371,0.00444220870796674,0.273533782152798
"chr20:45774444:45775417:clu_27131:ENSG00000124116.18",0.00973372880686321,0.0033586025861722,0.00375372895448023
"chr20:46357773:46358387:clu_27188:ENSG00000080189.14",0.0101230507821678,0.0035331968618351,0.0041684461553414
"chr20:44955220:44956386:clu_27109:ENSG00000025772.7",0.00568185465910164,0.00403883273843404,0.159484884031961
"chr20:45835116:45840448:clu_27139:ENSG00000124104.18",0.00850970472615538,0.00348276975390116,0.014550699763212
"chr20:45835109:45840639:clu_27139:ENSG00000124104.18",-0.00222376433015452,0.0040583141327574,0.583724357078387
"chr20:44938748:44939126:clu_27107:ENSG00000101104.12",0.00327222998470968,0.00297331227510174,0.27109970960431
"chr20:25023092:25023466:clu_26623:ENSG00000154930.14",5.82523360773117e-05,0.0042843136049916,0.989151772761118
"chr20:23394999:23397072:clu_26613:ENSG00000125814.17",-0.00710182708881009,0.00364147380731812,0.0511449288886053
"chr20:41423700:41425178:clu_27051:ENSG00000124177.14",-0.00682510910734533,0.00393678981703629,0.0829759892496108
"chr20:41205066:41268990:clu_27037:ENSG00000174306.21",0.00116373866447458,0.0043974537195488,0.791287413901969
"chr20:38227240:38228147:clu_26978:ENSG00000149633.11",-0.00296959899090603,0.00361882829130863,0.411875959170803
"chr20:38213743:38216860:clu_26976:ENSG00000149633.11",0.000412354999358383,0.0040858573569768,0.919611970173973
"chr20:38983776:38988793:clu_27012:ENSG00000101452.14",-0.000604564455761893,0.0037285514563091,0.871191991207346
"chr20:38217474:38218158:clu_26976:ENSG00000149633.11",-0.00471961585336529,0.00468770416718411,0.314027275421855
"chr20:38493132:38497353:clu_26991:ENSG00000170471.14",-0.00333189167469917,0.00527960283330713,0.527983273998266
"chr20:38895710:38900581:clu_27009:ENSG00000101445.9",6.7856055811832e-05,0.00305940977373066,0.982304802337741
"chr20:51012416:51022870:clu_27318:ENSG00000026559.13",-0.00352745434865052,0.00277277168114478,0.203310495205086
"chr20:51010364:51012359:clu_27318:ENSG00000026559.13",-0.00135126581629696,0.00281233986585379,0.630887951876048
"chr20:52187071:52191591:clu_27328:ENSG00000020256.19",-0.00356010200882506,0.00354958233456937,0.31587840624227
"chr20:23367097:23368762:clu_26611:ENSG00000125812.15",0.000975144371762653,0.0038149636167662,0.798251687963967
"chr20:2923285:2947982:clu_26342:ENSG00000132670.20",-0.000162772591239599,0.0026114820927657,0.950300370020994
"chr20:2796443:2796527:clu_26327:ENSG00000088882.7",-0.00408196877661583,0.00352107458241982,0.246335424652174
"chr20:3873911:3874040:clu_26415:ENSG00000125779.21",0.00407693595515575,0.00262011259833736,0.119704393895884
"chr20:2923285:2964272:clu_26342:ENSG00000132670.20",0.000701948814249943,0.00303917966893266,0.817340796041573
"chr20:3798463:3800288:clu_26406:ENSG00000101224.17",-0.00192966108743502,0.0034981273522929,0.58120401414015
"chr20:3820702:3822102:clu_26412:ENSG00000275491.1",0.000876559283934047,0.0030165333040952,0.771368745264831
"chr20:3873911:3874040:clu_26415:ENSG00000088888.17",0.00407793899939954,0.00265978548092743,0.125230668305031
"chr20:3820702:3822102:clu_26412:ENSG00000125843.10",3.93995103076895e-05,0.00304543356327541,0.989677862471658
"chr20:3802376:3802910:clu_26409:ENSG00000101224.17",0.00160993444052118,0.00304442160174993,0.596934103082224
"chr20:3758678:3760007:clu_26400:ENSG00000101220.17",-0.000402263243197974,0.0027018092563161,0.881643100646669
"chr20:3802376:3802730:clu_26409:ENSG00000101224.17",-0.000835785456785145,0.00309404869238106,0.78706270868496
"chr20:2988474:3005056:clu_26344:ENSG00000132670.20",-0.00356120404231824,0.00308723297094475,0.248694480068738
"chr20:8802173:8881622:clu_26470:ENSG00000182621.17",-0.0034309971249845,0.00346364226985761,0.321893194747385
"chr20:9401590:9405313:clu_26476:ENSG00000101333.16",-0.000541646982659983,0.0025997286538963,0.834957640578727
"chr20:9405348:9407917:clu_26476:ENSG00000101333.16",0.00182334237081968,0.00308521206518252,0.554524321360038
"chr20:25014073:25015138:clu_26622:ENSG00000154930.14",-0.00288521013954892,0.00455311552379853,0.52629084183053
"chr20:19886780:19889566:clu_26576:ENSG00000233895.1",0.00688961527189359,0.00339790204810067,0.0426002148795902
"chr20:18480509:18481619:clu_26562:ENSG00000132664.11",0.00591477125359384,0.00332232145839934,0.0750247915889665
"chr20:19886780:19889566:clu_26576:ENSG00000132669.12",0.00787821486001341,0.00342318390812572,0.0213673919602936
"chr20:19281087:19515488:clu_26572:ENSG00000185052.11",0.00257413819516462,0.00355029648470141,0.468422094869358
"chr20:18480509:18481623:clu_26562:ENSG00000132664.11",-0.00582637172134381,0.0038156587287478,0.126770080396147
"chr20:35632923:35664760:clu_26883:ENSG00000214078.12",0.0108121804553203,0.00495804721031888,0.0292031216363724
"chr20:35277297:35277390:clu_26840:ENSG00000126005.16",-0.0147191747858423,0.00395810227462606,0.000200214693567458
"chr20:35474852:35475502:clu_26853:ENSG00000126001.15",0.0140786667748615,0.00436678125332815,0.00126396820323416
"chr20:36653701:36656360:clu_26916:ENSG00000101079.20",0.00697665995146018,0.00663013641094382,0.292678022164663
"chr20:35465825:35466039:clu_26849:ENSG00000126001.15",-0.0094540313365056,0.00536125507941352,0.0778332343647494
"chr20:35735081:35738968:clu_26895:ENSG00000131051.22",-0.00916062701442281,0.00544772739413252,0.092656096973359
"chr20:36684475:36687492:clu_26918:ENSG00000101079.20",0.000646109529233631,0.00370879690205456,0.86170042241213
"chr20:35729365:35731941:clu_26894:ENSG00000131051.22",-0.00778257905576735,0.0145031331962404,0.59153452220358
"chr20:35126375:35142373:clu_26835:ENSG00000088298.12",0.00743659764451882,0.00615044743794948,0.226618705270328
"chr20:36244926:36255578:clu_26908:ENSG00000131043.11",-0.00361524635235207,0.00681173958002002,0.595600622916425
"chr20:35601989:35602107:clu_26872:ENSG00000088340.15",-0.00400066722123608,0.00510794510254424,0.43349535078266
"chr20:35732135:35734186:clu_26895:ENSG00000131051.22",-0.0101437489041472,0.00516833836516002,0.0496843906822604
"chr20:36660384:36661817:clu_26917:ENSG00000101079.20",0.0155380741239147,0.00513484151309256,0.00247805327016459
"chr20:35579456:35582039:clu_26867:ENSG00000088340.15",-0.00552777374673699,0.00552500502896781,0.317068053502381
"chr20:35474052:35475502:clu_26853:ENSG00000126001.15",-0.0216326972399794,0.00362212642435233,2.3382431546537e-09
"chr20:50940933:50941105:clu_27316:ENSG00000000419.12",-0.000268487570855347,0.00335967446879756,0.936305052486611
"chr20:51789141:51791333:clu_27324:ENSG00000101115.12",-0.00536991786397949,0.0029537671554722,0.0690657278052621
"chr20:52164757:52165864:clu_27327:ENSG00000020256.19",0.000194187441360533,0.00294329683084805,0.947396800591165
"chr20:52166025:52186832:clu_27327:ENSG00000020256.19",0.0017993924490409,0.00294036162243087,0.540562253658964
"chr20:57659697:57700016:clu_27370:ENSG00000124225.15",0.00199262277340748,0.00350286021783559,0.569453921379866
"chr20:58667597:58667987:clu_27390:ENSG00000124222.22",-0.00233129890686171,0.00253998604664531,0.358703026280227
"chr20:58418363:58440907:clu_27387:ENSG00000124164.15",-0.0103282003105789,0.00379229767314606,0.00646005276058537
"chr20:58667608:58667987:clu_27390:ENSG00000124222.22",0.00198535543114721,0.00260021081084592,0.445143601770875
"chr20:58895684:58903531:clu_27404:ENSG00000087460.24",-0.00186348600765687,0.00490216503037629,0.703844978469241
"chr20:3027197:3027707:clu_26347:ENSG00000132670.20",0.00745944766856863,0.00404331243275991,0.0650542255483543
"chr20:2840827:2859719:clu_26333:ENSG00000215305.9",0.000646880453446773,0.00337640835485229,0.848064680923174
"chr20:2658522:2658759:clu_26311:ENSG00000101365.20",-0.000543665907364595,0.00392015540862199,0.889699242248563
"chr20:3110314:3121384:clu_26355:ENSG00000185019.16",0.00890468345148041,0.00378514934877764,0.0186461054072531
"chr20:4182848:4183494:clu_26424:ENSG00000088826.17",-0.000394088780843846,0.00296915225449494,0.894408726945645
"chr20:2706037:2706209:clu_26320:ENSG00000088881.20",0.00438318726706127,0.00407675467476273,0.282300496981279
"chr20:3218632:3221841:clu_26365:ENSG00000125877.12",-0.00417748597313827,0.00255977674570123,0.102685220414249
"chr20:3213226:3213985:clu_26364:ENSG00000125877.12",-0.00595023202859069,0.00274893905646886,0.0304217175998289
"chr20:3375126:3376178:clu_26380:ENSG00000088854.12",-8.95611847478046e-05,0.00541172908536557,0.986796045474091
"chr20:3218632:3221420:clu_26365:ENSG00000125877.12",0.00010943352983848,0.00267482538083791,0.967365730783996
"chr20:3672329:3672537:clu_26387:ENSG00000149451.17",-0.00360568971310654,0.00318055513050906,0.25693434676217
"chr20:2752545:2755426:clu_26324:ENSG00000088881.20",-0.00719536094246179,0.00358916931201407,0.0449905621259928
"chr20:3228428:3228512:clu_26366:ENSG00000088836.12",0.00353670716940765,0.003042945760032,0.245128130405683
"chr20:31863981:31864953:clu_26698:ENSG00000149599.15",0.00959093649506556,0.00516276328770986,0.0632096707903625
"chr20:31666086:31721655:clu_26694:ENSG00000171552.12",0.0204205304697327,0.00930752047428768,0.0282367184049626
"chr20:32136173:32141541:clu_26714:ENSG00000101337.15",0.00592703774758436,0.00436476001956099,0.174485957011062
"chr20:31797515:31798365:clu_26696:ENSG00000088325.15",0.00694152851430172,0.00585751625730452,0.235992354813009
"chr20:31666086:31666991:clu_26694:ENSG00000171552.12",-0.0239804296132399,0.00639233620592584,0.000175825795657447
"chr20:32109755:32133013:clu_26713:ENSG00000101337.15",-0.0139798290800658,0.00507856045689902,0.00591033402623031
"chr20:43591054:43594693:clu_27071:ENSG00000101052.12",0.00444627180566509,0.00289073587514367,0.12402154808275
"chr20:43591029:43594693:clu_27071:ENSG00000101052.12",-0.00401979651741346,0.00279646958622471,0.150589021794584
"chr20:62798668:62798853:clu_27530:ENSG00000101189.6",0.0164364456637362,0.00283675054704404,6.8684294918242e-09
"chr20:64056877:64056972:clu_27664:ENSG00000237371.1",-0.013554630557119,0.00364472896440898,0.000200038352307197
"chr20:63700702:63701190:clu_27605:ENSG00000101246.19",-0.0133837219807777,0.00591092844016044,0.0235597593715916
"chr20:62319795:62320559:clu_27488:ENSG00000130702.15",-0.00133228591065075,0.00315629571240793,0.672948908335256
"chr20:63535059:63537085:clu_27576:ENSG00000101213.6",-0.0058334421035824,0.00277218308442877,0.0353542597319221
"chr20:62003878:62006510:clu_27446:ENSG00000130699.18",0.00168184819413865,0.00283658695527399,0.553239633978648
"chr20:64057655:64062430:clu_27664:ENSG00000171703.16",0.00761510402163013,0.00380822439586336,0.0455384082244501
"chr20:62798668:62798975:clu_27530:ENSG00000101189.6",-0.0143775707455385,0.00283573025838035,3.97507461946667e-07
"chr20:63674051:63678145:clu_27594:ENSG00000258366.7",0.0142860263843891,0.00356678649548215,6.19405526224304e-05
"chr20:62549641:62550623:clu_27522:ENSG00000174403.15",0.000973843435202454,0.00291547545609888,0.738360241883017
"chr20:63275640:63276480:clu_27564:ENSG00000101199.12",2.5615958798598e-05,0.00272919110815783,0.992511232398647
"chr20:62941620:62942987:clu_27552:ENSG00000101193.7",-0.0166722415273364,0.00265043399817592,3.1668634381532e-10
"chr20:64057655:64062430:clu_27664:ENSG00000237371.1",0.00761510402163013,0.00380822439586336,0.0455384082244501
"chr20:64056877:64056972:clu_27664:ENSG00000171703.16",-0.013554630557119,0.00364472896440898,0.000200038352307197
"chr20:63685597:63685791:clu_27592:ENSG00000258366.7",0.00471685400922117,0.00280982887341245,0.0932109229448647
"chr20:62320669:62320739:clu_27488:ENSG00000130702.15",0.00333523497869926,0.00320934411734384,0.298699477588228
"chr20:62336786:62337804:clu_27502:ENSG00000130702.15",0.00189396745420827,0.00289283549191389,0.512654679434691
"chr20:63532687:63533551:clu_27575:ENSG00000101213.6",-0.00823778871882287,0.00244721146768914,0.000762130698006791
"chr20:63941208:63943653:clu_27636:ENSG00000198276.15",0.00382403756700391,0.00496573441395638,0.441249475516562
"chr20:63931182:63931465:clu_27631:ENSG00000101152.10",-0.00813553942816143,0.00409035085645194,0.0467057480714147
"chr20:62665088:62666380:clu_27525:ENSG00000101187.15",0.00525334721030984,0.00284078378779986,0.0644203099877486
"chr20:62338608:62340890:clu_27503:ENSG00000130702.15",0.0093084901461355,0.00320571857227902,0.00368764764125917
"chr20:62549917:62551426:clu_27522:ENSG00000174403.15",0.00570328549995142,0.00291291972573804,0.0502385259944224
"chr20:63597860:63602965:clu_27583:ENSG00000101216.10",-0.00356567370726789,0.00398154884148788,0.370493466546647
"chr20:63682658:63685523:clu_27592:ENSG00000258366.7",0.00872362172067087,0.00311053838880958,0.00503888174843947
"chr20:62304577:62306197:clu_27472:ENSG00000130706.12",-0.00847169741345241,0.00256130909755365,0.000941107261038798
"chr20:63946643:63948225:clu_27641:ENSG00000198276.15",0.00262090703718423,0.00293188301637403,0.371357729720262
"chr20:63275640:63276091:clu_27564:ENSG00000101199.12",-0.00105145146555577,0.00257429297527597,0.682948606725043
"chr20:63975532:63975692:clu_27654:ENSG00000130590.13",0.00269413680556253,0.00475313037557507,0.570841134701395
"chr20:63945975:63946161:clu_27639:ENSG00000198276.15",0.000120326755953799,0.00339376477017772,0.971716734513601
"chr20:63945988:63946161:clu_27639:ENSG00000198276.15",-0.0049292463017054,0.00304108586417545,0.105042597769429
"chr20:63942489:63943653:clu_27636:ENSG00000198276.15",-0.00932035176772306,0.00374938877432996,0.0129248851751049
"chr20:62819982:62821181:clu_27540:ENSG00000092758.15",0.0131766526649939,0.00369395362966324,0.000360972149443639
"chr20:62308178:62308368:clu_27475:ENSG00000130706.12",0.000393792993861659,0.00317611900930179,0.901326683393661
"chr20:62324554:62325316:clu_27492:ENSG00000130702.15",0.00465399069235426,0.00227032142151489,0.0403716619480524
"chr20:62316041:62316671:clu_27484:ENSG00000130702.15",-0.00242494320461683,0.00262735034211398,0.356027270708725
"chr20:62308470:62308655:clu_27475:ENSG00000130706.12",0.00273577757743105,0.00322569582422607,0.396371069286265
"chr20:5973196:5977876:clu_26455:ENSG00000125885.13",-0.000913410476649988,0.0027096592157322,0.736045869787444
"chr20:4686736:4699211:clu_26427:ENSG00000171867.16",0.0018382784575796,0.00304868674079008,0.546526068982404
"chr20:5189838:5190102:clu_26438:ENSG00000101290.13",-0.00322302746750986,0.00295831258824463,0.275941514582403
"chr20:3213226:3213319:clu_26364:ENSG00000125877.12",-0.000425625843093159,0.00287325651377881,0.882237329700904
"chr20:2752545:2755627:clu_26324:ENSG00000088881.20",-0.00671927107918341,0.00338579547365343,0.0471948667404986
"chr20:2840827:2843134:clu_26333:ENSG00000215305.9",-0.00107302929461178,0.00337230433160215,0.750341767054251
"chr20:2664005:2664153:clu_26314:ENSG00000101365.20",-0.00474715601497947,0.00376702281997269,0.207601640567799
"chr20:3801802:3801983:clu_26408:ENSG00000101224.17",-0.00282035615114593,0.00316610150781502,0.373037673690959
"chr20:2658522:2659525:clu_26311:ENSG00000101365.20",-0.00381735474669066,0.0038752638055703,0.324596199058834
"chr20:3209617:3213258:clu_26364:ENSG00000125877.12",0.0051160404698599,0.00270600612601677,0.0586745371823452
"chr20:2863100:2863290:clu_26338:ENSG00000215305.9",0.000294529445594144,0.00328979962962025,0.928662238285555
"chr20:2797342:2797968:clu_26328:ENSG00000088882.7",0.00345509260780154,0.0031508859529464,0.272839734963935
"chr20:18041723:18056657:clu_26550:ENSG00000125850.10",-0.00368683629815324,0.00307603937228365,0.230696733692198
"chr20:17970370:17988166:clu_26546:ENSG00000125871.13",0.00494571523608071,0.00418554409467084,0.237357213788127
"chr20:17954223:17955365:clu_26543:ENSG00000089006.16",-0.0023844735306206,0.00301294028195963,0.428704299692531
"chr20:17660528:17679995:clu_26538:ENSG00000125844.15",0.000338410191091574,0.00386675198783993,0.930259821435269
"chr20:18288604:18305668:clu_26555:ENSG00000125846.15",0.000353563635548473,0.00317412799140332,0.911307709455052
"chr20:18056877:18057535:clu_26550:ENSG00000125850.10",0.00522503624663944,0.00339629746525434,0.123938451456029
"chr20:17952710:17953996:clu_26543:ENSG00000089006.16",-0.000823526615418131,0.0030333728805123,0.786015150148121
"chr20:17947645:17948890:clu_26540:ENSG00000089006.16",-0.00275031713319866,0.00469551970991296,0.558055485719348
"chr20:20635617:20637363:clu_26595:ENSG00000188559.13",-0.000587830130295316,0.00346006981241809,0.865096902514929
"chr20:20637501:20639785:clu_26595:ENSG00000188559.13",-7.58568155488553e-05,0.00325700935416155,0.981418686909677
"chr20:10747214:10753031:clu_26493:ENSG00000224961.1",0.00571170182634705,0.00321118133075266,0.075290308121995
"chr20:50942126:50945847:clu_27316:ENSG00000000419.12",-0.00314256869518444,0.00329528865573255,0.340258276058338
"chr20:38641808:38643704:clu_27002:ENSG00000124143.10",0.0171587950112421,0.00378069049378128,5.66464742568495e-06
"chr20:38448093:38448662:clu_26988:ENSG00000174365.19",0.00419514124219025,0.00495605918774461,0.397292198062517
"chr20:37996462:37999188:clu_26962:ENSG00000101407.12",0.00314146551732795,0.00499852603487646,0.529690608932575
"chr20:33660395:33666581:clu_26756:ENSG00000125967.16",0.0135161214036016,0.00415051636821535,0.00112798295311523
"chr20:33660395:33669375:clu_26756:ENSG00000125967.16",-0.0159503233165917,0.00433517386255953,0.000233892338890818
"chr20:33408888:33412186:clu_26748:ENSG00000101400.5",0.0144303901576562,0.0031907423030216,6.10901289810339e-06
"chr20:34715365:34727259:clu_26793:ENSG00000198646.13",-0.0189016933741964,0.00540057952390132,0.000465366422397584
"chr20:34727407:34732559:clu_26793:ENSG00000198646.13",0.019333507974986,0.00477724381052796,5.18781358443965e-05
"chr20:33385770:33392142:clu_26745:ENSG00000101391.20",-0.0040680695912623,0.00449601052247756,0.365562009447995
"chr20:33636708:33640344:clu_26753:ENSG00000078699.21",-0.0127167346543462,0.00479917472055689,0.00805453194539418
"chr20:33394066:33395013:clu_26746:ENSG00000101391.20",-0.0181895878348685,0.00581198395806505,0.00175003188557488
"chr20:33410331:33412186:clu_26748:ENSG00000101400.5",-0.011501825359095,0.00400037691130283,0.00403790296776241
"chr20:34516461:34519420:clu_26784:ENSG00000125971.16",0.0125969863686888,0.00610183749374139,0.0389743254967648
"chr20:33669712:33670684:clu_26757:ENSG00000125967.16",0.0167609665596597,0.00525191169971807,0.00141583661415201
"chr20:33636708:33637688:clu_26753:ENSG00000078699.21",0.0143505585811866,0.0052848233788014,0.00661901216781413
"chr20:33629914:33636640:clu_26752:ENSG00000078699.21",0.00759754007541804,0.00380247617716341,0.0457111669807301
"chr20:44475991:44479985:clu_27084:ENSG00000124120.10",-0.00123493316605593,0.00313756879419788,0.693879655199782
"chr20:43515159:43515292:clu_27059:ENSG00000185513.14",0.00342313114505273,0.00387132179676859,0.376573144119541
"chr20:44197739:44202961:clu_27082:ENSG00000132823.10",-0.00243426581508485,0.00257645966495844,0.344755695561288
"chr20:44206998:44210696:clu_27082:ENSG00000132823.10",-0.00520587309801991,0.00323340805454254,0.107392041180571
"chr20:44625684:44626456:clu_27095:ENSG00000196839.12",0.00236869526886471,0.00353544918362557,0.502867830614878
"chr20:44054526:44065712:clu_27077:ENSG00000124191.17",-0.0045155203391954,0.00446351026714763,0.311704339513036
"chr20:44924256:44930460:clu_27104:ENSG00000101104.12",0.00251505489147926,0.00400032832404773,0.529537543570799
"chr20:44478647:44479985:clu_27084:ENSG00000124120.10",-0.0011497051604658,0.00365807388574164,0.753298899428586
"chr20:44211077:44214888:clu_27083:ENSG00000223891.5",0.00266197928393492,0.0033812785635113,0.431123808565487
"chr20:44933185:44935391:clu_27106:ENSG00000101104.12",0.00253756757481489,0.00476444743037033,0.59430717813787
"chr20:44938191:44958337:clu_27107:ENSG00000101104.12",0.00519527328036784,0.00341993850489728,0.128734037480904
"chr20:44938748:44952643:clu_27107:ENSG00000101104.12",0.00324313176132437,0.00399059090301312,0.4163931660102
"chr20:44624329:44625569:clu_27095:ENSG00000196839.12",-0.00596947210088964,0.00363997770516209,0.101010384310889
"chr20:44203074:44206881:clu_27082:ENSG00000132823.10",0.00387736053781201,0.00268379495228943,0.1485335873592
"chr20:44938191:44952643:clu_27107:ENSG00000101104.12",0.00085350370207019,0.0034084529171708,0.802271883481682
"chr20:44064857:44065712:clu_27077:ENSG00000124191.17",0.00342867802759072,0.00315121858745452,0.27657378539853
"chr20:44715450:44719897:clu_27099:ENSG00000064205.10",0.0048971931240084,0.00444512399869608,0.270592115534915
"chr20:44564340:44589797:clu_27089:ENSG00000168734.13",-0.00341136398717877,0.00395701050085357,0.388628982446405
"chr20:43540815:43548147:clu_27066:ENSG00000185513.14",0.00412480123757857,0.00392354521356846,0.293123383475463
"chr20:44924256:44930518:clu_27104:ENSG00000101104.12",-0.00126612878672729,0.00391670895240159,0.746495743861777
"chr20:51729978:51768302:clu_27323:ENSG00000054793.13",0.00769347591288143,0.00389924520981426,0.0484878165153289
"chr20:50084254:50113107:clu_27290:ENSG00000244687.11",0.00059837404315303,0.00433274455905855,0.890157369313013
"chr20:49845119:49849579:clu_27281:ENSG00000197818.11",0.00289127503668575,0.00418991568093537,0.490159184568165
"chr20:49154071:49174195:clu_27263:ENSG00000124214.19",0.00661905124447673,0.00354000639536403,0.0615136650168782
"chr20:49839599:49845036:clu_27281:ENSG00000197818.11",0.000616639905810355,0.00444482077090224,0.889661747030179
"chr20:49023181:49025313:clu_27254:ENSG00000124198.8",-0.00112379859675087,0.00342500616993968,0.74282411748358
"chr20:49174269:49188116:clu_27263:ENSG00000124214.19",-0.00431616416110187,0.00390021190728631,0.268445873611545
"chr20:49223433:49224945:clu_27264:ENSG00000124228.14",-0.0031915187633665,0.00410290038606805,0.436646282232479
"chr20:48973284:48974766:clu_27253:ENSG00000124198.8",-0.0107547550822027,0.00390821319734434,0.00592625005782788
"chr20:49647078:49656568:clu_27280:ENSG00000158470.5",0.00189680558614132,0.00432438517576553,0.660929569155286
"chr20:49280570:49289045:clu_27274:ENSG00000177410.12",-0.00371720958125852,0.00442804888863094,0.401206202267441
"chr20:49233405:49233568:clu_27266:ENSG00000124228.14",0.00273893695204771,0.00329329977443508,0.405595525138098
"chr20:49280570:49280903:clu_27274:ENSG00000177410.12",0.000941015666360017,0.00410537643603843,0.818701472596313
"chr20:25489985:25491351:clu_26648:ENSG00000101004.14",-0.0196402611382903,0.00523765347672706,0.000176961092554606
"chr20:44217682:44224821:clu_27083:ENSG00000223891.5",0.00830702489497817,0.00373539276610689,0.0261572463562708
"chr20:44614707:44618288:clu_27091:ENSG00000168734.13",-0.00980118549939074,0.00378899209391066,0.00968851016502492
"chr20:44936730:44936894:clu_27107:ENSG00000101104.12",-0.00246105134214006,0.00254853675577191,0.334208186143745
"chr20:44936730:44938061:clu_27107:ENSG00000101104.12",0.00331669622374093,0.00280067319667191,0.236314257537426
"chr20:44936730:44958337:clu_27107:ENSG00000101104.12",-0.00329895455706038,0.0032262396853066,0.306526061023288
"chr20:45406135:45408460:clu_27117:ENSG00000244274.7",0.0100766638958517,0.00332671972365964,0.00245357394907952
"chr20:44930726:44932342:clu_27105:ENSG00000101104.12",0.00932161548690656,0.00329920842780281,0.00472201959037721
"chr20:45853984:45855159:clu_27138:ENSG00000101473.16",-0.00529363301177153,0.00469950598948702,0.259986392023318
"chr20:44936976:44938061:clu_27107:ENSG00000101104.12",-0.000978422830824918,0.00243034422381984,0.687252728417974
"chr20:44938748:44958337:clu_27107:ENSG00000101104.12",-0.000249501542770824,0.00401569822511473,0.950458074695964
"chr20:44936730:44937826:clu_27107:ENSG00000101104.12",-0.00558868029034691,0.00481777694748755,0.246043817498791
"chr20:45418979:45419295:clu_27121:ENSG00000124155.17",0.0033636119368792,0.00346523973035927,0.331711530467481
"chr20:44614707:44618285:clu_27091:ENSG00000168734.13",0.00921639365780271,0.00349726046453118,0.00840584764672869
"chr20:45960525:45960616:clu_27171:ENSG00000198026.7",0.00343170934850332,0.00316303130489332,0.277946806946012
"chr20:44724992:44727087:clu_27099:ENSG00000064205.10",-0.00402609258096176,0.00348685473244888,0.248234280192111
"chr20:45960368:45960449:clu_27171:ENSG00000198026.7",-0.00320333875274317,0.00323050587491815,0.321397353018853
"chr20:45406135:45408460:clu_27117:ENSG00000204070.9",0.0105269682951826,0.00327322175893304,0.00129951105173165
"chr20:20605412:20611315:clu_26594:ENSG00000188559.13",-0.00631484073930889,0.00344442057811353,0.0667500086472383
"chr20:21145654:21161871:clu_26597:ENSG00000088970.15",0.00698935068160361,0.00564490813927675,0.2156533761917
"chr20:19799747:19871082:clu_26576:ENSG00000233895.1",0.00433837339748541,0.00356680871457169,0.223863833346033
"chr20:19799747:19871082:clu_26576:ENSG00000132669.12",0.00341882427145846,0.00336226852282161,0.309238727482558
"chr20:21356665:21357736:clu_26605:ENSG00000088930.7",0.00370228508673325,0.0051672239812213,0.473686358180364
"chr20:32208065:32215269:clu_26720:ENSG00000101346.13",-0.0199113709051799,0.00567112072845111,0.000446404846579318
"chr20:32210192:32215269:clu_26720:ENSG00000101346.13",-0.000168667761982083,0.00430505399799493,0.968747666833858
"chr20:46123219:46126640:clu_27183:ENSG00000101017.13",-0.0019401978371152,0.00325356422889837,0.550954817997321
"chr20:47661896:47663070:clu_27238:ENSG00000196562.14",-0.0104994180739066,0.00343646705263417,0.00224839802387033
"chr20:45939123:45939215:clu_27154:ENSG00000100982.11",-0.000837354409680145,0.00369998574706581,0.820958085806534
"chr20:47661896:47663453:clu_27238:ENSG00000196562.14",0.00573863822716235,0.00294492527708968,0.0513368476868709
"chr20:46592529:46596157:clu_27209:ENSG00000158296.13",0.00836592679261607,0.00394797211918604,0.0340867451811644
"chr20:47282217:47283571:clu_27225:ENSG00000101040.19",0.00541099049107755,0.00358475207071019,0.131184787023714
"chr20:47172867:47179798:clu_27218:ENSG00000064655.18",-0.00315008655436734,0.0030846275004471,0.307149718430938
"chr20:38532859:38535086:clu_26993:ENSG00000170471.14",0.00522838304085795,0.00398509213671516,0.189525031978459
"chr20:37400294:37401602:clu_26949:ENSG00000197122.11",-0.00333817941427057,0.00395528893590897,0.398681336456302
"chr20:38447623:38448662:clu_26988:ENSG00000174365.19",0.00729798554479201,0.00561116169448771,0.1933887761348
"chr20:37174116:37179223:clu_26937:ENSG00000101353.14",-0.000383756612225903,0.00371974467925683,0.917830064842357
"chr20:38447623:38447930:clu_26988:ENSG00000174365.19",-0.00950324559118622,0.0038555567952245,0.0137082881439484
"chr20:53975430:53985287:clu_27336:ENSG00000064787.13",-0.00716445615208189,0.00274563164361023,0.00907006744081029
"chr20:53583168:53593756:clu_27333:ENSG00000171940.13",-0.010244770810986,0.00263571971121692,0.000101533846475821
"chr20:53583168:53594107:clu_27333:ENSG00000171940.13",0.0194929517630485,0.00314799772618977,5.93397442294474e-10
"chr20:41169526:41170112:clu_27034:ENSG00000124181.14",-0.00391263421844495,0.00406164050252965,0.335390085817503
"chr20:50172788:50172923:clu_27293:ENSG00000231742.5",-0.00257053826216683,0.00312329366785066,0.41049569017628
"chr20:25288225:25288425:clu_26636:ENSG00000100994.11",0.00402143439553826,0.00434609272706867,0.354810501535726
"chr20:25274723:25276646:clu_26634:ENSG00000100994.11",0.0177843225496045,0.00573734468196503,0.00193685372159103
"chr20:25489985:25490236:clu_26648:ENSG00000101004.14",0.0223694986042478,0.00600209616407016,0.000193812641436475
"chr20:25274723:25276200:clu_26634:ENSG00000100994.11",-0.00984144156181546,0.00539714662086822,0.0682348552117317
"chr20:25284251:25288028:clu_26636:ENSG00000100994.11",0.0158196648545929,0.00498925929766513,0.0015204898493395
"chr20:25284251:25288425:clu_26636:ENSG00000100994.11",-0.0248328768439904,0.00543218555375252,4.84398240530037e-06
"chr20:25470095:25478923:clu_26645:ENSG00000101004.14",0.023798831598682,0.00514031679036395,3.65952750935872e-06
"chr20:25295030:25302219:clu_26637:ENSG00000100997.18",-0.0312827578649116,0.0035373073273936,0
"chr20:25510740:25512834:clu_26651:ENSG00000101004.14",-0.0190043643214401,0.0034367714836893,3.20752797655643e-08
"chr20:25210193:25213263:clu_26626:ENSG00000197586.12",0.0257798443087593,0.00385206584125435,2.19431139925064e-11
"chr20:25300884:25302219:clu_26637:ENSG00000100997.18",0.0311683165804927,0.00627928442461484,6.91722545242968e-07
"chr20:25498346:25500840:clu_26649:ENSG00000101004.14",-0.0246910852978082,0.00529488679163039,3.11338715197618e-06
"chr20:56399357:56403468:clu_27349:ENSG00000101138.11",0.00371524522546892,0.00277087341564443,0.179978580846868
"chr20:57659697:57711324:clu_27370:ENSG00000124225.15",0.00255168479234429,0.00302903833144831,0.399559862343422
"chr20:44720121:44724738:clu_27099:ENSG00000064205.10",-0.00150882257712967,0.00528658545329057,0.775333202683741
"chr20:44582731:44589797:clu_27089:ENSG00000168734.13",0.00298014628235841,0.00351228843707524,0.396164399668868
"chr20:43596522:43603760:clu_27072:ENSG00000101052.12",0.0065108308666594,0.00311820702103803,0.0367974121321913
"chr20:43514776:43515009:clu_27059:ENSG00000185513.14",6.88761944763546e-05,0.00358671160641568,0.984679037281365
"chr20:44484530:44486596:clu_27085:ENSG00000124120.10",-6.84964950197005e-05,0.00347124450349218,0.984256727146212
"chr20:43603889:43604183:clu_27072:ENSG00000101052.12",-0.00520416033813735,0.00296610149201338,0.0793370625934119
"chr20:25213406:25214867:clu_26626:ENSG00000197586.12",-0.00794568787857033,0.00372878744980413,0.0330970565093668
"chr20:25215711:25216648:clu_26627:ENSG00000197586.12",-0.00817188951618843,0.00513024045600149,0.111185709923212
"chr20:26018912:26019076:clu_26661:ENSG00000204556.4",-0.0052276174223042,0.00503911067954216,0.299545410380108
"chr20:25012664:25012812:clu_26621:ENSG00000154930.14",-0.000848684918223123,0.00502071480508976,0.865767796891077
"chr20:25012939:25013536:clu_26621:ENSG00000154930.14",0.000940797872257228,0.00457606356099072,0.837110341956353
"chr20:25195867:25206522:clu_26625:ENSG00000197586.12",0.021935307250404,0.00512152211080723,1.84418007538323e-05
"chr20:25526598:25585455:clu_26652:ENSG00000101004.14",0.00566333191432896,0.00424670169275326,0.182340346524868
"chr20:25048181:25057769:clu_26624:ENSG00000154930.14",0.0181217461353078,0.00399201963529525,5.63895889960087e-06
"chr20:25030958:25048085:clu_26624:ENSG00000154930.14",-0.0178913912924163,0.00408241401012229,1.17297208794831e-05
"chr20:25215711:25216652:clu_26627:ENSG00000197586.12",0.014541176322574,0.005741881574303,0.011326017692538
"chr20:39010404:39014880:clu_27017:ENSG00000101452.14",0.0099161205560241,0.00288321247103486,0.00058330431294773
"chr20:38752300:38754957:clu_27006:ENSG00000101442.9",0.002143557390089,0.0032437644454054,0.508725190757804
"chr20:38562697:38565356:clu_26996:ENSG00000170471.14",0.00916476300448683,0.00392268052597403,0.0194728966377263
"chr20:38639386:38643704:clu_27002:ENSG00000124143.10",-0.00742238393911552,0.0051904003369556,0.15271085601141
"chr20:39010404:39010512:clu_27017:ENSG00000101452.14",-0.00989937096087582,0.00307284780047067,0.00127493692647029
"chr20:48650206:48650894:clu_27247:ENSG00000124126.13",0.0059068658660217,0.0039254819029921,0.132388561309195
"chr20:50084254:50096672:clu_27290:ENSG00000244687.11",7.09556995602575e-05,0.00321607426341184,0.982397836661486
"chr20:48747880:48827642:clu_27250:ENSG00000124126.13",-0.00162708997624431,0.00283661238983672,0.566236338138414
"chr20:49874821:49877981:clu_27284:ENSG00000197818.11",-0.00261071882760857,0.0036649107872562,0.476244753591843
"chr20:48963898:48965875:clu_27252:ENSG00000124198.8",0.000406789999169165,0.00426604473989093,0.924032615348938
"chr20:49864844:49874705:clu_27284:ENSG00000197818.11",-0.00238421702770708,0.00372619718660285,0.522268420090894
"chr20:48747880:48827642:clu_27250:ENSG00000278231.1",-0.00190030760936812,0.00285837092761846,0.506164409432818
"chr20:48963898:48965872:clu_27252:ENSG00000124198.8",-0.00025567923390524,0.00391645800618154,0.947948452684238
"chr20:49941711:49945382:clu_27289:ENSG00000124226.10",0.00043217914687389,0.00415783632906003,0.917214360417056
"chr20:49936552:49941561:clu_27289:ENSG00000124226.10",-0.00454688008477908,0.00386155494655534,0.239006417057394
"chr20:50130947:50143502:clu_27291:ENSG00000240849.10",-0.00104755705306795,0.00345974726239854,0.762054270939796
"chr20:47658392:47659399:clu_27233:ENSG00000196562.14",0.00645608816281253,0.00328030944034451,0.0490526349599076
"chr20:46367560:46368891:clu_27191:ENSG00000062598.17",0.00691280986531095,0.0040419216445944,0.0872144688951163
"chr20:47736942:47757189:clu_27243:ENSG00000196562.14",-0.00252027674945473,0.00310795768472878,0.417416842804569
"chr20:46687231:46689132:clu_27212:ENSG00000172315.5",0.000814422091254427,0.00369839053002777,0.825707711528214
"chr20:47210897:47212642:clu_27219:ENSG00000101040.19",-0.000334898568220005,0.00350906610293768,0.923966862317506
"chr20:46355178:46355802:clu_27187:ENSG00000080189.14",-0.00273903695961743,0.00340420475122073,0.421048199243816
"chr20:47220324:47221314:clu_27219:ENSG00000101040.19",0.00201392262831441,0.003066003258779,0.511273514079005
"chr20:46687231:46689127:clu_27212:ENSG00000172315.5",-0.000335057251205855,0.00374812870725708,0.92876942065491
"chr20:41457428:41473322:clu_27053:ENSG00000124177.14",-0.00208399434895475,0.00346810008928936,0.547904095396713
"chr20:41205066:41268979:clu_27037:ENSG00000174306.21",-0.0104341044029353,0.00350292889135022,0.00289492891464116
"chr20:41174011:41174127:clu_27036:ENSG00000124181.14",-0.00113926163755537,0.00342524791083406,0.73943091338763
"chr20:41345995:41347552:clu_27039:ENSG00000132793.11",0.0017995874364601,0.0039256018999687,0.646648344390344
"chr20:41473517:41483309:clu_27053:ENSG00000124177.14",0.000914312896396604,0.00357168922497906,0.797959386600094
"chr20:41101353:41112782:clu_27026:ENSG00000198900.5",-0.0142697107184942,0.00441671229031944,0.00123425056985704
"chr20:63661943:63662546:clu_27590:ENSG00000258366.7",0.017927370237122,0.00330823492204273,5.99287387492708e-08
"chr20:63593082:63595610:clu_27582:ENSG00000101216.10",-0.00192071288936797,0.0031893574977104,0.547023944567054
"chr20:63944734:63945083:clu_27637:ENSG00000198276.15",-0.00985320844480431,0.00354632812571027,0.00546230399372161
"chr20:63700702:63702136:clu_27605:ENSG00000101246.19",-0.00872505727836949,0.00326638043165228,0.00755873642720373
"chr20:63928452:63929312:clu_27630:ENSG00000101152.10",0.000786511757188934,0.00343915929028617,0.81910751284961
"chr20:63942492:63943653:clu_27636:ENSG00000198276.15",-0.0145640309529037,0.00342016816815651,2.06006561803695e-05
"chr20:1375603:1392834:clu_26276:ENSG00000125775.14",0.00482087020060338,0.00380856968054933,0.205586321884951
"chr20:1320435:1329085:clu_26276:ENSG00000125775.14",0.00309233427686572,0.00434823615120968,0.476979014363035
"chr20:1296421:1297145:clu_26274:ENSG00000101298.13",0.00336623885204988,0.00324263534366612,0.299215016897197
"chr20:499305:499525:clu_26256:ENSG00000101266.17",-0.00223616234245079,0.00287430410928556,0.436578500216276
"chr20:6085287:6087777:clu_26461:ENSG00000101311.15",-0.00257700836870792,0.00304778612493003,0.397812469262346
"chr20:5983165:5984781:clu_26456:ENSG00000125885.13",-0.000624858210634025,0.00279842809941959,0.823310588244128
"chr20:6006834:6009775:clu_26457:ENSG00000088766.11",-0.00270292175629355,0.00388152287295992,0.486205908621888
"chr20:6006552:6009775:clu_26457:ENSG00000088766.11",0.000951253953269518,0.00358967054003932,0.791011337413806
"chr20:39021935:39023690:clu_27018:ENSG00000101452.14",0.00570967395529346,0.00466194161756167,0.220672585229567
"chr20:38748853:38750007:clu_27005:ENSG00000101442.9",0.0136738489063985,0.00388731067576096,0.000435533721430903
"chr20:38748853:38750010:clu_27005:ENSG00000101442.9",-0.00786171186719266,0.00362321930707705,0.0300209416635888
"chr20:1455870:1458200:clu_26283:ENSG00000088833.17",0.00174593424473198,0.00307905530767629,0.570689935216758
"chr20:2975241:2986765:clu_26343:ENSG00000132670.20",-0.00235617607069065,0.00327723130075153,0.472169729487234
"chr20:3027841:3035585:clu_26348:ENSG00000132670.20",-0.00703468296330368,0.00440089097698831,0.109938883554523
"chr20:3027841:3034901:clu_26348:ENSG00000132670.20",0.0102207019713177,0.0043602831002508,0.0190758442193675
"chr20:3221466:3221841:clu_26365:ENSG00000125877.12",-0.000222662603278571,0.00289002573116187,0.938587589381565
"chr20:5580131:5584281:clu_26443:ENSG00000125772.12",0.00497824592911292,0.00271604655444632,0.0668172137875277
"chr20:5578611:5580008:clu_26443:ENSG00000125772.12",-0.00117881772352527,0.00275806773349782,0.669082839057992
"chr20:5951023:5952011:clu_26452:ENSG00000125885.13",0.00241434286846992,0.00295610786214196,0.414082570203056
"chr20:5951077:5952011:clu_26452:ENSG00000125885.13",-0.000717320731159809,0.00311323446217522,0.817773096784823
"chr20:31869597:31870317:clu_26700:ENSG00000149599.15",-0.0077772281266568,0.00524882080572135,0.138417584132969
"chr20:31722348:31723864:clu_26695:ENSG00000171552.12",0.0141252806462132,0.00800265732867485,0.0775513661512094
"chr20:31864338:31864953:clu_26698:ENSG00000149599.15",-0.0155568221524076,0.00628670070733524,0.0133400170597227
"chr20:31550121:31559611:clu_26689:ENSG00000101294.16",-0.0269297068630891,0.00732940283879877,0.000238593887414984
"chr20:31637962:31639018:clu_26692:ENSG00000131055.4",0.00119337808188319,0.00604434052001442,0.843485367551321
"chr20:47665953:47666260:clu_27239:ENSG00000196562.14",0.00251530248049256,0.00275840709495026,0.361838338521871
"chr20:47649109:47650985:clu_27235:ENSG00000124151.18",0.00222069812842771,0.00268493717832223,0.408183215249673
"chr20:56472415:56473301:clu_27351:ENSG00000022277.12",-0.00496439756187163,0.00386714123227365,0.199233515912983
"chr20:18305178:18305681:clu_26555:ENSG00000125846.15",-0.00192016122014485,0.00352217118939549,0.585640672904862
"chr20:18288604:18289899:clu_26555:ENSG00000125846.15",-0.000188443214168487,0.00354713493110436,0.957631937124902
"chr20:18567596:18569236:clu_26567:ENSG00000232388.4",0.000846191154201005,0.00334590972123422,0.800343044595429
"chr20:18567596:18569239:clu_26567:ENSG00000232388.4",0.000234885552923196,0.00321291421752409,0.941721210817752
"chr20:18494063:18497069:clu_26563:ENSG00000089050.15",0.00721409107614201,0.00384996998125195,0.0609573759326409
"chr20:41354737:41354825:clu_27043:ENSG00000132793.11",0.00597498992620948,0.00404988040298912,0.140118545146902
"chr20:41354737:41354820:clu_27043:ENSG00000132793.11",-0.0066468705598768,0.00407958335870051,0.103249246425535
"chr20:38161599:38165189:clu_26974:ENSG00000198959.11",-0.00817083786823225,0.00348238212580713,0.0189590175782108
"chr20:38156089:38161420:clu_26974:ENSG00000198959.11",0.00788386468756987,0.0035755229296649,0.0274573009909471
"chr20:37365277:37384150:clu_26946:ENSG00000197122.11",-0.000666739062691064,0.00445389280443403,0.881002847611969
"chr20:21387006:21389273:clu_26608:ENSG00000088930.7",-0.006566686296628,0.00423523995973385,0.121024569575449
"chr20:5186859:5189067:clu_26437:ENSG00000101290.13",0.00857146654379242,0.00311960668122183,0.00600311316309088
"chr20:5963359:5967436:clu_26454:ENSG00000125885.13",-0.000582099232348274,0.00303171782497535,0.84773977415221
"chr20:5173659:5175183:clu_26435:ENSG00000101290.13",-0.00743669376926412,0.00278637852393873,0.00760896862186977
"chr20:5958726:5963274:clu_26454:ENSG00000125885.13",0.000373827335684385,0.0028740057735605,0.896509557159791
"chr20:57659697:57710467:clu_27370:ENSG00000124225.15",-0.000954180457371887,0.00295173579383366,0.746497742946943
"chr20:21163159:21205491:clu_26598:ENSG00000088970.15",0.00631955999605249,0.00532080296178076,0.234948489240702
"chr20:20505534:20511254:clu_26588:ENSG00000188559.13",0.00186189001307243,0.00378050106723335,0.622367186173733
"chr20:16336015:16356330:clu_26523:ENSG00000089177.18",0.00225691340963617,0.00257490430120669,0.380756210435897
"chr20:39034317:39038499:clu_27019:ENSG00000101452.14",-0.00919041108216901,0.00403289347828722,0.0226752200323077
"chr20:38972651:38983699:clu_27011:ENSG00000101452.14",-0.000150911909629066,0.00407785161736924,0.970478866171119
"chr20:38765518:38766238:clu_27008:ENSG00000101442.9",-0.00436729654864161,0.00381284263958544,0.252036267202105
"chr20:38765518:38766257:clu_27008:ENSG00000101442.9",0.00548430423043828,0.0038114151050626,0.15017446844115
"chr20:50608738:50609293:clu_27306:ENSG00000042062.11",-0.0002435500552256,0.00376257798163971,0.948389318649801
"chr20:49849680:49855438:clu_27282:ENSG00000197818.11",0.0009475003084738,0.00357865248581533,0.791190848960573
"chr20:9372403:9380054:clu_26475:ENSG00000101333.16",-0.000341830992998454,0.00300639663713453,0.909474638109803
"chr20:9459810:9468571:clu_26478:ENSG00000101333.16",-0.000532731807050797,0.00282401407178558,0.850372262194285
"chr20:46128236:46128330:clu_27184:ENSG00000101017.13",-0.000309979897439143,0.00355372205731251,0.930491216130208
"chr20:44932432:44933057:clu_27105:ENSG00000101104.12",-0.00268800866481558,0.00411446031490788,0.513557919990279
"chr20:44887742:44901531:clu_27101:ENSG00000166913.12",0.00188477064106053,0.00306424765177306,0.53849904570529
"chr20:45953948:45957586:clu_27169:ENSG00000198026.7",0.0027990480296543,0.00372717952430903,0.452662956445108
"chr20:44502581:44503815:clu_27086:ENSG00000132824.13",0.00214246849544085,0.00367570410212745,0.559978831095036
"chr20:45253147:45253575:clu_27115:ENSG00000124107.5",0.00500833375292382,0.00398397727424302,0.208710527556704
"chr20:45407779:45408460:clu_27117:ENSG00000204070.9",-0.00417808092781907,0.00375464868346088,0.265804876022287
"chr20:45943765:45944245:clu_27157:ENSG00000100982.11",-0.00442458372070625,0.0040189189624234,0.270923304566501
"chr20:45835116:45840639:clu_27139:ENSG00000124104.18",-0.0128616296062228,0.00366961271666633,0.000456776951826887
"chr20:45420693:45421383:clu_27125:ENSG00000124155.17",-0.0120515196631887,0.00421065144331755,0.00420776567238501
"chr20:44501300:44503815:clu_27086:ENSG00000132824.13",-0.00373753017899126,0.00341775669245333,0.274146951605744
"chr20:45407779:45408460:clu_27117:ENSG00000244274.7",-0.00404520265842219,0.00381847969412082,0.289428943232802
"chr20:53256571:53487144:clu_27329:ENSG00000182463.15",-0.00173387179573156,0.00305375479264063,0.570181937986198
"chr20:53569264:53575727:clu_27332:ENSG00000171940.13",-0.0055767630978077,0.0033344707484512,0.094433994864455
"chr20:41425394:41426093:clu_27052:ENSG00000124177.14",-0.00489714228657926,0.00382476645526392,0.200412644475948
"chr20:41425389:41426093:clu_27052:ENSG00000124177.14",0.0014671724329272,0.00402185182210601,0.71526054022819
"chr20:46121898:46122233:clu_27181:ENSG00000101017.13",0.00214707038975833,0.00353453749929551,0.543549389488656
"chr20:46355241:46356574:clu_27187:ENSG00000080189.14",-0.0012980714740508,0.00421057130767009,0.757862678264969
"chr20:32369123:32428128:clu_26727:ENSG00000171456.16",0.00487424494825202,0.00454714244285126,0.283748851603008
"chr20:31547606:31548677:clu_26687:ENSG00000101294.16",0.0100818266644445,0.00600089441307641,0.0929468096483135
"chr20:31862742:31863907:clu_26697:ENSG00000149599.15",0.0229336849963408,0.00570483862727234,5.8188021885397e-05
"chr20:32451573:32452236:clu_26731:ENSG00000197183.14",0.00224764933955356,0.00393470373532855,0.567838831333265
"chr20:31867153:31869564:clu_26699:ENSG00000149599.15",0.0410498363404989,0.00647508887619684,2.30278685009466e-10
"chr20:31640097:31644768:clu_26693:ENSG00000131055.4",-0.0218933942442906,0.00472641357316791,3.61910876001126e-06
"chr20:32073361:32073719:clu_26709:ENSG00000101336.13",-0.029734767137008,0.00524869067279819,1.46871955708505e-08
"chr20:32025919:32028995:clu_26706:ENSG00000101331.15",-0.00512140942299495,0.00464177199460299,0.269883590586164
"chr20:31640097:31643404:clu_26693:ENSG00000131055.4",0.0110291144919579,0.00471593388555471,0.0193514053969689
"chr20:32073361:32073716:clu_26709:ENSG00000101336.13",0.0259747351105312,0.00505117345473451,2.71370730220433e-07
"chr20:32326884:32327556:clu_26724:ENSG00000101350.7",0.0041660171800868,0.00488466219988814,0.393727388499234
"chr20:32150875:32155103:clu_26717:ENSG00000101337.15",-0.00820761440221831,0.00444561474854667,0.0648592383679828
"chr20:18159265:18161820:clu_26552:ENSG00000149474.13",0.000803563441166705,0.00246226996723866,0.744159059506108
"chr20:18159265:18161823:clu_26552:ENSG00000149474.13",0.000147232010910333,0.00254934718310952,0.953945512745241
"chr20:17497023:17498820:clu_26530:ENSG00000125864.13",-0.00273914224381603,0.00278556557343082,0.325442921579154
"chr20:17495029:17496938:clu_26530:ENSG00000125864.13",0.00224685413426316,0.00292418069089749,0.44226711042189
"chr20:17988298:17989939:clu_26546:ENSG00000125871.13",0.00759766807690933,0.00430111120762957,0.0773215450446699
"chr20:17957037:17968700:clu_26544:ENSG00000089006.16",-0.00295405078707018,0.0042430376007752,0.486296502713969
"chr20:17948976:17949064:clu_26541:ENSG00000089006.16",-0.00230692097501272,0.00370344725078979,0.533342486542444
"chr20:18138051:18142208:clu_26551:ENSG00000232838.3",-0.000858995561135861,0.00311526328194421,0.782749530167128
"chr20:17949103:17950132:clu_26541:ENSG00000089006.16",0.00334262528675073,0.00374401668431137,0.371968980008095
"chr20:18138051:18142208:clu_26551:ENSG00000149474.13",-0.000858995561135861,0.00311526328194421,0.782749530167128
"chr20:59321193:59322372:clu_27420:ENSG00000124205.15",-0.00128710179427398,0.00345481384014579,0.709481043905411
"chr20:59322417:59324331:clu_27420:ENSG00000124205.15",0.00258427956185807,0.00338893496382227,0.445723503376121
"chr20:51607584:51608518:clu_27321:ENSG00000054793.13",-0.00128906975628186,0.00296928632946547,0.664190744450066
"chr20:50942126:50945737:clu_27316:ENSG00000000419.12",0.00437355796169896,0.00321316324739472,0.173470145275766
"chr20:50876093:50876486:clu_27312:ENSG00000124243.17",-0.00335344014801279,0.00324653728502769,0.301637466935585
"chr20:3022220:3022689:clu_26346:ENSG00000132670.20",0.0011241261957735,0.00258858448597309,0.664097544318084
"chr20:3021428:3022054:clu_26346:ENSG00000132670.20",0.00245160658138999,0.00305240517744876,0.421875287066949
"chr20:3044568:3044700:clu_26352:ENSG00000125787.11",0.000684711006481801,0.00282889320006078,0.808747608729541
"chr20:3167181:3167777:clu_26358:ENSG00000088899.14",-0.00283883430000174,0.00340315523639786,0.404181171317885
"chr20:2752545:2755640:clu_26324:ENSG00000088881.20",0.00111875697247132,0.00279346186521444,0.688794743207747
"chr20:3340639:3343676:clu_26378:ENSG00000088854.12",0.000242807008253875,0.00329517469115746,0.94126053688097
"chr20:41358034:41358237:clu_27046:ENSG00000132793.11",-0.0183203536550696,0.00527744977996941,0.000517673764624527
"chr20:59996054:59996631:clu_27435:ENSG00000124215.16",-0.00917713201044818,0.00266383540953617,0.000570885709532787
"chr20:10648722:10649061:clu_26489:ENSG00000101384.11",0.00308095027606874,0.00352172370916688,0.381660118544456
"chr20:8371450:8628294:clu_26466:ENSG00000182621.17",0.00535460794143354,0.0034694435345382,0.12274292426078
"chr20:38562697:38565359:clu_26996:ENSG00000170471.14",-0.00819893256441051,0.0040648685283165,0.0436931323871589
"chr20:23394999:23395139:clu_26613:ENSG00000125814.17",0.00257376805271626,0.00363406053657087,0.478799473129597
"chr20:17660528:17682028:clu_26538:ENSG00000125844.15",-0.00622702736899609,0.00369116378421982,0.0916015774100937
"chr20:19758327:19799622:clu_26575:ENSG00000233895.1",-0.00025390481807226,0.00332310550595527,0.939096187516255
"chr20:19757939:19799622:clu_26575:ENSG00000233895.1",0.00179371905824858,0.00374507860243544,0.631971604197733
"chr20:17968457:17968700:clu_26544:ENSG00000089006.16",0.00409738273735374,0.00348851234110647,0.240180469219622
"chr20:41084568:41092472:clu_27022:ENSG00000198900.5",-0.00580308957821641,0.00569308142144842,0.308049586207222
"chr20:41162725:41162958:clu_27030:ENSG00000124181.14",0.000342710492527824,0.00424012953394772,0.935580746559165
"chr20:45962182:45963473:clu_27173:ENSG00000198026.7",0.0035307423034636,0.00403689557605867,0.381781686840205
"chr20:46575685:46583572:clu_27207:ENSG00000158296.13",-0.0017243693113892,0.00407282370864749,0.672014952099296
"chr20:45950069:45950219:clu_27165:ENSG00000198026.7",-0.00182685078915964,0.00412740802300211,0.658044568515629
"chr20:47097168:47143059:clu_27217:ENSG00000064655.18",-0.00241130424937356,0.00310730340509064,0.437741991888476
"chr20:45946384:45947263:clu_27160:ENSG00000100982.11",-0.000825099288370115,0.004377848821697,0.850507134681089
"chr20:46355279:46355802:clu_27187:ENSG00000080189.14",0.00136047930358579,0.00369578351590903,0.712786285300439
"chr20:45963990:45965628:clu_27173:ENSG00000198026.7",-0.00323167518439955,0.00421305621127414,0.443044673398356
"chr20:38225781:38227154:clu_26978:ENSG00000149633.11",-0.00548135202958599,0.00377252772043458,0.146233377018055
"chr20:37933589:37943981:clu_26960:ENSG00000132821.11",0.00596511166879284,0.00341654789563153,0.0808201557234304
"chr20:46357702:46358387:clu_27188:ENSG00000080189.14",0.00325835840905413,0.00423752013542755,0.441934579490954
"chr20:47649097:47650982:clu_27235:ENSG00000124151.18",-0.0130112294536747,0.00349426188891753,0.000196402932636897
"chr20:46394089:46394405:clu_27196:ENSG00000062598.17",-0.000518854662411304,0.00454045324478962,0.909020783050395
"chr20:46386275:46387338:clu_27195:ENSG00000062598.17",-0.007340458202459,0.0037230139256264,0.048650256451601
"chr20:47658392:47659697:clu_27233:ENSG00000196562.14",-0.00651989537441835,0.00386993977613226,0.0920361002740437
"chr20:47659730:47661773:clu_27237:ENSG00000196562.14",-0.0060889276418052,0.00311615482659405,0.050702693111803
"chr20:41487808:41488428:clu_27054:ENSG00000124177.14",0.0031884754858601,0.00300176420694043,0.288144666207064
"chr20:6087883:6088965:clu_26462:ENSG00000101311.15",-0.00403723024015513,0.00298814710312423,0.17666933016238
"chr20:6089089:6094939:clu_26462:ENSG00000101311.15",0.00292666312964438,0.00273961761621387,0.285396791458901
"chr20:5750479:5772862:clu_26446:ENSG00000171984.14",-0.0055218536590268,0.00254418137960052,0.0299776756510468
"chr20:3910830:3912458:clu_26418:ENSG00000125779.21",0.0031719971625785,0.00285209723372726,0.266068051097911
"chr20:3912634:3916927:clu_26418:ENSG00000125779.21",-0.000586829671601623,0.00301296335521529,0.845574360476316
"chr20:3673903:3674064:clu_26390:ENSG00000149451.17",-0.00508043105195867,0.00294827555805284,0.0848546563426678
"chr20:3820758:3822102:clu_26412:ENSG00000125843.10",-0.000247916040173011,0.00277062492489829,0.928700297811145
"chr20:3802808:3802910:clu_26409:ENSG00000101224.17",-0.000150873966165743,0.00262166486014197,0.954107942723977
"chr20:3671345:3671419:clu_26386:ENSG00000149451.17",0.00140340513520392,0.00329553391264352,0.670216704205924
"chr20:2861280:2861776:clu_26335:ENSG00000215305.9",0.0015128529472929,0.00377347498799707,0.688480711249395
"chr20:4183654:4195282:clu_26425:ENSG00000230176.2",-0.00555143556768394,0.00338747284515765,0.101252147449635
"chr20:3820758:3822102:clu_26412:ENSG00000275491.1",-0.000247916040173011,0.00277062492489829,0.928700297811145
"chr20:4183654:4195282:clu_26425:ENSG00000088826.17",-0.00518584574146089,0.00334837753141083,0.121438522688162
"chr20:33562674:33606956:clu_26749:ENSG00000078699.21",0.0125003353891434,0.00563982590119028,0.0266613868112948
"chr20:33658834:33659653:clu_26754:ENSG00000125967.16",0.00233945511095318,0.00458929164940849,0.61021689461385
"chr20:34098633:34103462:clu_26769:ENSG00000125977.6",-0.0101179845657667,0.00428211014888949,0.0181350012561148
"chr20:35630490:35630901:clu_26880:ENSG00000214078.12",0.00692730481809947,0.00573924652469404,0.227429844884009
"chr20:35498716:35500049:clu_26856:ENSG00000126001.15",0.0022780558907787,0.00484858490823882,0.638469811794327
"chr20:35556748:35556973:clu_26860:ENSG00000125991.19",0.0010016217826464,0.0066506649920007,0.880287508935706
"chr20:35500169:35501845:clu_26856:ENSG00000126001.15",0.00703069510687446,0.00583634135643344,0.228341986601997
"chr20:35681981:35690413:clu_26886:ENSG00000244005.12",-0.0122234765625866,0.00518762448161412,0.0184591824836664
"chr20:36173954:36175551:clu_26902:ENSG00000088367.21",-0.010183152028511,0.00524005926152311,0.0519765832625236
"chr20:35280118:35284176:clu_26842:ENSG00000242372.6",0.0157251197690594,0.00583235539163329,0.007013831617109
"chr20:35476595:35477868:clu_26854:ENSG00000126001.15",-0.00782878759896344,0.00476674901871334,0.100512391772343
"chr20:35713857:35714185:clu_26893:ENSG00000131051.22",-0.0165543059001616,0.00755962558918793,0.0285364626202944
"chr20:35474052:35474794:clu_26853:ENSG00000126001.15",0.00874237083236406,0.00545913618662663,0.109283886982698
"chr20:34845491:34848502:clu_26799:ENSG00000131067.16",0.0247167386488815,0.00890982137113245,0.00553545991442739
"chr20:35674617:35675045:clu_26885:ENSG00000244005.12",0.00480031976398018,0.00539236322272514,0.373354719134036
"chr20:35505005:35507738:clu_26857:ENSG00000126001.15",0.00262149274925031,0.00561984019511553,0.640878365936525
"chr20:35507851:35508035:clu_26857:ENSG00000126001.15",-0.00517438580894845,0.0057748237805624,0.370239473116749
"chr20:36497066:36499242:clu_26910:ENSG00000080845.17",0.00464497339806749,0.00548556046209068,0.397126852790388
"chr20:34863548:34863680:clu_26806:ENSG00000131067.16",0.0138084365857384,0.00446340282487184,0.00197676179956907
"chr20:35630795:35630901:clu_26880:ENSG00000214078.12",-0.0147880173612993,0.00562440702338722,0.0085571403548752
"chr20:35115933:35117698:clu_26834:ENSG00000088298.12",0.000413274513585437,0.0064358143196682,0.94879919497465
"chr20:35556271:35556973:clu_26860:ENSG00000125991.19",-0.00129079805125341,0.00696935125937267,0.853063818992449
"chr20:35710420:35713019:clu_26892:ENSG00000131051.22",0.012375418385825,0.00439519943147631,0.00486760777952688
"chr20:35655344:35658930:clu_26883:ENSG00000214078.12",0.00304712580144416,0.00557664348386139,0.58478511921786
"chr20:35659014:35664760:clu_26883:ENSG00000214078.12",-0.00894490184686509,0.00509399692089937,0.079093662789502
"chr20:35578967:35579056:clu_26867:ENSG00000088340.15",0.00793308836256997,0.00585129442154156,0.175168066350981
"chr20:35582411:35583128:clu_26869:ENSG00000088340.15",-0.0215024154120743,0.00672507604505537,0.00138696988935538
"chr20:34863548:34872647:clu_26806:ENSG00000131067.16",-0.0294376011745197,0.0052349661977563,1.8738182561151e-08
"chr20:35927879:35931249:clu_26901:ENSG00000025293.16",-0.00111150293100906,0.00503267733694383,0.825203638490129
"chr20:35917662:35927780:clu_26901:ENSG00000025293.16",0.000597190143117938,0.00514775848388669,0.907644819463995
"chr20:34715365:34732559:clu_26793:ENSG00000198646.13",-0.00544260758279583,0.00647177834953136,0.400361612303135
"chr20:35674617:35675125:clu_26885:ENSG00000244005.12",0.0108550822711414,0.00556478719345993,0.051095911366011
"chr20:347142:349249:clu_26244:ENSG00000125841.12",-0.00618040914626184,0.00291893073432182,0.034229830207962
"chr20:408779:417526:clu_26246:ENSG00000125826.20",-0.00256532391698207,0.00348576932833291,0.46176601914738
"chr20:50173017:50176281:clu_27294:ENSG00000231742.5",-0.00859751217146694,0.00354068703815321,0.0151737850044348
"chr20:50129690:50130856:clu_27291:ENSG00000240849.10",0.00137663060897583,0.00328041995043607,0.674740626987751
"chr20:50936262:50940865:clu_27316:ENSG00000000419.12",0.00329061875161759,0.00351867571611079,0.349692088512135
"chr20:50173017:50173202:clu_27294:ENSG00000231742.5",0.0119919735237901,0.0036634833038962,0.00106269447346008
"chr20:50096820:50115485:clu_27290:ENSG00000244687.11",0.00184710193221009,0.00360205385686714,0.608097305993655
"chr20:38991515:38992356:clu_27013:ENSG00000101452.14",-0.00522268646922833,0.00376885958443447,0.165824121977047
"chr20:38447012:38447466:clu_26987:ENSG00000174365.19",0.00581765428243801,0.00311131694062194,0.0615065124596421
"chr20:38988917:38991454:clu_27013:ENSG00000101452.14",0.00680681160709809,0.00449154628590492,0.129652973722596
"chr20:46358763:46363900:clu_27189:ENSG00000080189.14",-0.00228414748248692,0.00313767658889305,0.466629403660689
"chr20:47628023:47633496:clu_27229:ENSG00000124151.18",-0.000324943366240691,0.00359781310398214,0.92803538196306
"chr20:46123219:46128138:clu_27183:ENSG00000101017.13",0.000153126550155451,0.003326326119064,0.963282562624942
"chr20:46729488:46733756:clu_27215:ENSG00000197496.5",-0.000911670979936498,0.00383645073564714,0.8121650087528
"chr20:58240610:58243512:clu_27382:ENSG00000124224.16",-0.00600404427470778,0.00272008137100244,0.0272928849186216
"chr20:58668127:58670512:clu_27391:ENSG00000124222.22",0.000176881568610665,0.00354377001943832,0.960191408375551
"chr20:37757656:37765197:clu_26956:ENSG00000132792.18",5.11128745988781e-05,0.00346719269093495,0.988238122297535
"chr20:38567232:38569888:clu_26997:ENSG00000170471.14",0.00208287285145175,0.00495771027761658,0.674391956637098
"chr20:39006356:39010280:clu_27016:ENSG00000101452.14",-0.00468067547679369,0.00361332934616746,0.195185270316641
"chr20:38649816:38650682:clu_27004:ENSG00000124143.10",0.00191632325408155,0.00310324258654647,0.536889904227325
"chr20:38554076:38558295:clu_26995:ENSG00000170471.14",-0.00256378869005774,0.00381843514646727,0.501950511686517
"chr20:38551223:38553867:clu_26995:ENSG00000170471.14",-0.00034761589959405,0.00372352356329011,0.925620182789949
"chr20:38648698:38649757:clu_27003:ENSG00000124143.10",0.00187205494273373,0.00457772043833187,0.682576968803999
"chr20:58889353:58895612:clu_27403:ENSG00000087460.24",-0.0075300308239131,0.00353720691944761,0.0332702321729257
"chr20:58652087:58659623:clu_27389:ENSG00000124222.22",-0.00870036651010957,0.00302295522760505,0.00400078684884886
"chr20:58668127:58669291:clu_27391:ENSG00000124222.22",-0.00280031971515055,0.00288138939376958,0.331118022631729
"chr20:58891865:58895612:clu_27403:ENSG00000087460.24",0.00792959787001401,0.00342382548290077,0.0205579808219252
"chr20:58691780:58693737:clu_27394:ENSG00000215440.11",-0.00537988771949743,0.00312418643903951,0.0850672762344663
"chr20:58669453:58670512:clu_27391:ENSG00000124222.22",0.00547186348870032,0.00301619606174786,0.0696530330601852
"chr20:58992020:58992998:clu_27414:ENSG00000101158.13",0.00911130588225761,0.00263856722911861,0.000554129499738099
"chr20:57365442:57366807:clu_27361:ENSG00000101146.12",0.0090575341701026,0.0037181227132269,0.0148486171610939
"chr20:13788652:13793160:clu_26513:ENSG00000101247.17",0.00914842093733393,0.00350802738862289,0.00911119823904349
"chr20:62661175:62664934:clu_27525:ENSG00000101187.15",0.00812380157682204,0.00259670752316046,0.00175700529648937
"chr20:62007636:62009052:clu_27448:ENSG00000130699.18",0.000435202304558309,0.00287272538687465,0.879585591899032
"chr20:62669078:62671750:clu_27528:ENSG00000101187.15",0.00731957704599464,0.00242782022772038,0.00257084298935384
"chr20:62313010:62313088:clu_27483:ENSG00000130702.15",0.00167923645206201,0.00280695985568306,0.549679617742535
"chr20:62312780:62312888:clu_27483:ENSG00000130702.15",-0.00170215419331375,0.00277117858616538,0.539060211579614
"chr20:45899670:45899836:clu_27148:ENSG00000100979.14",0.00814318745636881,0.00366394044704061,0.0262480635712472
"chr20:45899685:45899836:clu_27148:ENSG00000100979.14",-0.00471117653470884,0.00345182659362485,0.172304661826288
"chr20:45025130:45075018:clu_27112:ENSG00000101109.11",-0.00509017248910044,0.00502917572615911,0.31147657863212
"chr20:46021886:46023369:clu_27177:ENSG00000124140.13",-0.000104574675208603,0.00293727724264444,0.971599243702393
"chr20:44916871:44918906:clu_27103:ENSG00000101104.12",0.00486891716730543,0.00417177890925716,0.24316669674962
"chr20:45470532:45479986:clu_27128:ENSG00000101443.17",-0.00163503220396834,0.00340464019087856,0.631059295221031
"chr20:44932713:44933057:clu_27105:ENSG00000101104.12",0.000869150534668501,0.00371150639194844,0.81484733940425
"chr20:45969691:45971210:clu_27176:ENSG00000198026.7",-0.00179063140030049,0.00368450380305536,0.626974372058056
"chr20:46128224:46128330:clu_27184:ENSG00000101017.13",-0.00273985498636497,0.00298188184382835,0.358182306682206
"chr20:44912853:44918906:clu_27103:ENSG00000101104.12",0.00584720176508518,0.00419065281251842,0.162926550441685
"chr20:45802057:45803333:clu_27134:ENSG00000101457.12",0.00698580241673104,0.00342016548761856,0.0410986447624876
"chr20:44531978:44589797:clu_27089:ENSG00000168734.13",0.0011401636886902,0.00353917234217429,0.7473349260436
"chr20:44582731:44585100:clu_27089:ENSG00000168734.13",-0.00057661497995236,0.00291526240690877,0.843207967178695
"chr20:44720113:44724738:clu_27099:ENSG00000064205.10",0.00343793433409749,0.0038063950026058,0.366419985431092
"chr20:46394503:46406548:clu_27197:ENSG00000062598.17",0.00901557638221387,0.00365623969558141,0.0136705498366142
"chr20:45945883:45946049:clu_27159:ENSG00000100982.11",0.00113885456938603,0.00461041082240508,0.804894275398398
"chr20:45945883:45946029:clu_27159:ENSG00000100982.11",-0.000911492081011641,0.00444852245943972,0.837652041575401
"chr20:43540815:43540934:clu_27066:ENSG00000185513.14",0.0013922278996791,0.00351160571159454,0.691762203281166
"chr20:43540308:43540753:clu_27066:ENSG00000185513.14",-0.0032498954782405,0.00345978257123325,0.347558682621921
"chr20:36771193:36771425:clu_26920:ENSG00000149636.15",-0.00787386553081412,0.00458013728348188,0.0855901419580137
"chr20:36768042:36770873:clu_26920:ENSG00000149636.15",-0.00364307339098734,0.00414618787100319,0.379587751649442
"chr20:51010364:51022870:clu_27318:ENSG00000026559.13",0.00643868625948179,0.00293150979190889,0.0280653223612098
"chr20:50904001:50904766:clu_27314:ENSG00000101126.15",0.0062011188660661,0.003088574330422,0.0446687025749035
"chr20:20531795:20535745:clu_26590:ENSG00000188559.13",0.00313250821462941,0.00335483054068722,0.350442833071333
"chr20:20535803:20536656:clu_26590:ENSG00000188559.13",-0.00106082340920681,0.003370096382604,0.752932197145251
"chr20:41185201:41201286:clu_27037:ENSG00000174306.21",-0.00272371881788114,0.00562690981170795,0.628348729611636
"chr20:6119572:6122774:clu_26464:ENSG00000101311.15",-0.0029487434275746,0.00263485850334417,0.263085617018098
"chr20:16041278:16044571:clu_26522:ENSG00000172264.16",0.000360495625390197,0.00381914451485928,0.924797991736009
"chr20:13814515:13816463:clu_26516:ENSG00000101247.17",0.00773664444239137,0.00433615218806936,0.0743881115222335
"chr20:13766924:13769907:clu_26510:ENSG00000089048.14",0.00374787389326692,0.00399576303478212,0.348263938188203
"chr20:13801683:13801818:clu_26515:ENSG00000101247.17",-0.0018703338120904,0.00394429906387862,0.635366839115402
"chr20:38623558:38626995:clu_26999:ENSG00000124143.10",0.00342249969994319,0.00385657338121004,0.374838955460112
"chr20:2838746:2839192:clu_26331:ENSG00000132635.16",-0.000699581286146419,0.00424000177987639,0.86894751053976
"chr20:3165152:3165560:clu_26357:ENSG00000088899.14",0.00441997715731686,0.00385020628881958,0.250974960891073
"chr20:2948024:2964272:clu_26342:ENSG00000132670.20",-0.00158360919356527,0.00280965413208953,0.573005036458402
"chr20:1922645:1924764:clu_26296:ENSG00000198053.11",0.00288720925644247,0.00216414444553389,0.182167428946662
"chr20:1320435:1329085:clu_26276:ENSG00000088832.16",0.00428559318725404,0.00421801787586379,0.309619561800385
"chr20:1320435:1392834:clu_26276:ENSG00000088832.16",-0.00429020683495984,0.00353384508746696,0.224734876309473
"chr20:1458274:1463335:clu_26284:ENSG00000196209.12",0.00709257359642635,0.00271516750942148,0.00899603460695086
"chr20:2839271:2839789:clu_26332:ENSG00000132635.16",0.0049462137466506,0.00361476579360834,0.171206963531165
"chr20:3165152:3165497:clu_26357:ENSG00000088899.14",-0.00252458435178818,0.00359651752905274,0.482708807144593
"chr20:1458274:1463335:clu_26284:ENSG00000088833.17",0.00680939018138094,0.002675545979976,0.010926304090677
"chr20:3115466:3121384:clu_26355:ENSG00000185019.16",0.00258578173285484,0.00351972269868998,0.462549658055577
"chr20:1320435:1392834:clu_26276:ENSG00000125775.14",-0.00486570000963431,0.00366377550072999,0.184159519898391
"chr20:25221333:25222838:clu_26628:ENSG00000197586.12",0.00348735316142934,0.00659848994215648,0.597146960140451
"chr20:44066107:44066730:clu_27077:ENSG00000124191.17",0.00506791889255647,0.00297786293926799,0.0887807926924234
"chr20:43515415:43515919:clu_27059:ENSG00000185513.14",-0.00126270449051221,0.00308870096008153,0.682676094617282
"chr20:53953695:53955078:clu_27336:ENSG00000064787.13",0.000981136332850448,0.00329365962926502,0.765789886064375
"chr20:53944996:53953432:clu_27335:ENSG00000064787.13",0.000930874647627506,0.00346868518810336,0.788418167468657
"chr20:19975787:19990006:clu_26579:ENSG00000132669.12",-0.00194602583123944,0.00465829171898152,0.676126070842305
"chr20:18443464:18448984:clu_26558:ENSG00000089091.16",0.00560959545715385,0.0030689437288338,0.067570762591885
"chr20:1443911:1445666:clu_26280:ENSG00000088833.17",-0.00185578608526905,0.0031644725448186,0.557577151938529
"chr20:10284772:10292882:clu_26482:ENSG00000132639.12",-0.00148111692822133,0.00297063541785155,0.618071141592821
"chr20:5977379:5977876:clu_26455:ENSG00000125885.13",0.00532116816836021,0.00454829937674911,0.24203123891282
"chr20:6015490:6032012:clu_26458:ENSG00000088766.11",0.000868368472261113,0.0048639426098156,0.858305342602893
"chr20:5986131:5987282:clu_26456:ENSG00000125885.13",0.00418553559105121,0.0026487202965881,0.114058670838411
"chr20:3749318:3749508:clu_26402:ENSG00000132622.10",-0.005698616672873,0.00309176292338334,0.0653055151668739
"chr20:3749318:3749750:clu_26402:ENSG00000132622.10",0.00341608339985332,0.00319624707332298,0.285169031570557
"chr20:3672626:3672721:clu_26387:ENSG00000149451.17",-0.00256967137896063,0.00367998632604877,0.485000315691361
"chr20:3231548:3233514:clu_26372:ENSG00000088836.12",0.009038550640431,0.00364190341003305,0.0130713092414427
"chr20:3359593:3374048:clu_26379:ENSG00000088854.12",-0.000186728101764196,0.00348865628197334,0.957314120390478
"chr20:41512995:41514805:clu_27055:ENSG00000124177.14",0.00368019635161728,0.00366802709442284,0.315707619269181
"chr20:41172289:41172421:clu_27035:ENSG00000124181.14",-0.015122922523137,0.00420004494338034,0.000317413714191028
"chr20:41170269:41172193:clu_27035:ENSG00000124181.14",0.00614691956650852,0.00433823315730517,0.156506976136229
"chr20:41514952:41533050:clu_27055:ENSG00000124177.14",-0.00135865450137648,0.00338842138808564,0.68844239014322
"chr20:54208124:54214351:clu_27342:ENSG00000101132.9",0.0104527450092033,0.00317595840649944,0.000997575313111176
"chr20:51608626:51610101:clu_27321:ENSG00000054793.13",-0.00270975073095049,0.00279096558530565,0.331597677723284
"chr20:10652250:10652468:clu_26490:ENSG00000101384.11",0.00535740808472645,0.00327149260725146,0.101504410730357
"chr20:10408803:10412530:clu_26484:ENSG00000125863.18",4.95282365297553e-05,0.00464695925422611,0.991496145131567
"chr20:10413931:10420528:clu_26484:ENSG00000125863.18",0.00194720332559542,0.00450418258953153,0.6655160958717
"chr20:53953695:53975389:clu_27336:ENSG00000064787.13",-0.00285675431736808,0.00447924408982442,0.52361951353783
"chr20:45892027:45892398:clu_27146:ENSG00000064601.16",-0.00250072492092355,0.00424687508268247,0.55596940043701
"chr20:45967634:45967734:clu_27175:ENSG00000198026.7",-0.00154968890063869,0.00345243647621478,0.653526746713635
"chr20:46122756:46127979:clu_27183:ENSG00000101017.13",0.00119953582804442,0.00419924871756144,0.775142476814864
"chr20:45470532:45479942:clu_27128:ENSG00000101443.17",0.00451719404989664,0.00575129871099631,0.43220643945459
"chr20:45967631:45967734:clu_27175:ENSG00000198026.7",0.00368246071864494,0.00366784398917873,0.31538579495034
"chr20:45365686:45408460:clu_27117:ENSG00000204070.9",-1.51598067499994e-05,0.00514229416428981,0.997647789518982
"chr20:46512140:46512540:clu_27206:ENSG00000198185.11",-0.00192252919689885,0.00406451342515412,0.636210660898223
"chr20:44952704:44958337:clu_27107:ENSG00000101104.12",-0.0064137073311512,0.00356498701887439,0.0720055616651467
"chr20:45365686:45408460:clu_27117:ENSG00000244274.7",-0.000866148407463105,0.00528084588998273,0.86971777482516
"chr20:46118394:46122233:clu_27181:ENSG00000101017.13",-0.00930646183616337,0.00620571831935961,0.133702734954093
"chr20:46609057:46610446:clu_27210:ENSG00000158296.13",-0.00277257794290365,0.00418420132114646,0.507567456474395
"chr20:46199559:46210307:clu_27185:ENSG00000149654.9",0.00458007631121218,0.00319582264267012,0.151816486793734
"chr20:46600037:46610446:clu_27210:ENSG00000158296.13",0.00298673516118904,0.0036069936078941,0.407647819848141
"chr20:35176446:35215893:clu_26839:ENSG00000101000.5",0.00474778445310558,0.00300276650717185,0.11384677526502
"chr20:35672844:35673601:clu_26884:ENSG00000244005.12",0.00532819309083339,0.00613278212176664,0.384953680128214
"chr20:35146935:35147152:clu_26836:ENSG00000088298.12",-0.0194344486561522,0.00628049591638792,0.001972027145282
"chr20:35669685:35672755:clu_26884:ENSG00000244005.12",-0.00465713494074722,0.00572650878898289,0.416069565698435
"chr20:35618720:35618923:clu_26877:ENSG00000061656.9",0.017058630194653,0.00556341184744863,0.00216785630732652
"chr20:35146935:35147152:clu_26836:ENSG00000126005.16",-0.0195252060365741,0.00657093719206026,0.00296397908364443
"chr20:34754832:34757220:clu_26796:ENSG00000198646.13",-0.012291289909279,0.00580453668034908,0.0342147553840224
"chr20:35003616:35004458:clu_26825:ENSG00000100991.11",-0.0300605819561951,0.00822486948398623,0.000257342421045026
"chr20:34926281:34926877:clu_26810:ENSG00000131069.19",0.00315633274309149,0.00495880255206862,0.524443364772085
"chr20:47665956:47666260:clu_27239:ENSG00000196562.14",-0.00565445792860228,0.00324753482175462,0.0816566050503784
"chr20:17954117:17955365:clu_26543:ENSG00000089006.16",0.00340468811532123,0.00318595449119691,0.285224884157832
"chr20:17955475:17956933:clu_26543:ENSG00000089006.16",-0.0012411149573235,0.00325030107483054,0.70257548377716
"chr20:17680075:17682028:clu_26538:ENSG00000125844.15",-0.00701623670360111,0.00338907929789518,0.0384290693505474
"chr20:13801873:13808842:clu_26515:ENSG00000101247.17",-0.00586817445239255,0.00321991803285447,0.068385093717282
"chr20:13801683:13808842:clu_26515:ENSG00000101247.17",0.0059664467451076,0.00340566965055062,0.079788273422593
"chr20:13534141:13559008:clu_26508:ENSG00000089123.15",-0.000176226121056755,0.00317034619105857,0.955671804174165
"chr20:13788652:13793180:clu_26513:ENSG00000101247.17",-0.0100455047353743,0.00334159273685036,0.00264532689617059
"chr20:38260356:38288716:clu_26981:ENSG00000101425.12",-0.00691366296381843,0.00343251553350696,0.0439918976276059
"chr20:44197739:44206881:clu_27082:ENSG00000132823.10",-0.00248219633207827,0.00417408621589853,0.552065283061446
"chr20:43528745:43529264:clu_27060:ENSG00000185513.14",0.00464462466927978,0.00265449692755766,0.0801667510890745
"chr20:44054526:44066730:clu_27077:ENSG00000124191.17",0.00865561513588209,0.00407575437277926,0.0336965600363656
"chr20:43528745:43529203:clu_27060:ENSG00000185513.14",-0.00497907355569341,0.00272157927845432,0.0673278043973384
"chr20:41164006:41164081:clu_27031:ENSG00000124181.14",0.00328680008292182,0.00364978605326518,0.36782977859372
"chr20:44564340:44582585:clu_27089:ENSG00000168734.13",0.00364060867341856,0.00365097211475033,0.318686146108938
"chr20:43618353:43618940:clu_27074:ENSG00000101052.12",-0.00645170781314152,0.00318091689455506,0.0425343183875523
"chr20:50594714:50595369:clu_27302:ENSG00000042062.11",-0.0020802230960991,0.00338817727383338,0.539238292708648
"chr20:50608738:50608912:clu_27306:ENSG00000042062.11",0.00422394890930085,0.00346755086864209,0.223172255514494
"chr20:50818282:50830279:clu_27311:ENSG00000124243.17",0.000916069157190691,0.00303199190106979,0.762549583696943
"chr20:50630856:50691126:clu_27310:ENSG00000042062.11",-0.00437207250284643,0.00320856806887454,0.17300097747737
"chr20:41551360:41618340:clu_27056:ENSG00000124177.14",0.000431915485917828,0.00331091074313211,0.896208694740373
"chr20:54208558:54214351:clu_27342:ENSG00000101132.9",-0.00705611465221357,0.00342995357616927,0.0396665947415638
"chr20:9068903:9217390:clu_26473:ENSG00000101333.16",-0.00208366436853643,0.00298777615568713,0.485554746842882
"chr20:8790261:8881622:clu_26470:ENSG00000182621.17",0.000740235933294658,0.00314497330463272,0.813920688468698
"chr20:13816546:13816875:clu_26516:ENSG00000101247.17",-0.00880582162192878,0.00380721222696235,0.0207263978800735
"chr20:11890954:11918334:clu_26494:ENSG00000132640.14",0.00181356938771645,0.00326639946270336,0.578744383648486
"chr20:13483337:13528446:clu_26507:ENSG00000089123.15",-0.00629471823381194,0.00398150937378033,0.113880799225991
"chr20:13160132:13164754:clu_26502:ENSG00000172296.12",-0.00157876943705259,0.00372089509944652,0.67134828438138
"chr20:13798500:13801486:clu_26514:ENSG00000101247.17",0.00297142877577961,0.0033348686581995,0.372919389267813
"chr20:20503506:20504951:clu_26588:ENSG00000188559.13",-0.0044783777704274,0.0060896296658283,0.462089511747072
"chr20:1915455:1921395:clu_26296:ENSG00000198053.11",0.00128908349552148,0.00190324156144228,0.49820963623518
"chr20:276879:277044:clu_26239:ENSG00000196476.11",-0.000442663560099377,0.00401739913481584,0.912261387516556
"chr20:499305:499833:clu_26256:ENSG00000101266.17",0.00414639903318394,0.0027651952417041,0.133745021658472
"chr20:381169:388011:clu_26245:ENSG00000101255.10",0.00538918299983049,0.00296194229186624,0.0688388366558291
"chr20:1934754:1937320:clu_26297:ENSG00000198053.11",0.00220082385515703,0.00279306975801029,0.43072081369528
"chr20:1934766:1937320:clu_26297:ENSG00000198053.11",-0.00129380971485263,0.00307668667826033,0.674105281858768
"chr20:1375603:1392834:clu_26276:ENSG00000088832.16",0.00644852433029269,0.00385702398485048,0.094545784940424
"chr20:1455037:1458200:clu_26283:ENSG00000088833.17",0.00754871240086992,0.00287102051632576,0.00855662638924437
"chr20:1458274:1466720:clu_26284:ENSG00000196209.12",0.00420024463091429,0.00274957993745445,0.12661311796492
"chr20:1372240:1375491:clu_26276:ENSG00000088832.16",-0.00210164662135482,0.00363217027467181,0.56284555892062
"chr20:1458274:1466720:clu_26284:ENSG00000088833.17",0.00396785928704476,0.00276188231877843,0.150817360319576
"chr20:1372240:1375491:clu_26276:ENSG00000125775.14",-0.00277875444404613,0.00359369315147076,0.439385766026991
"chr20:4970919:5001406:clu_26431:ENSG00000089057.14",-0.00388018453920614,0.00213204106308827,0.0687683049670851
"chr20:5106222:5109332:clu_26432:ENSG00000089063.14",0.00262463880427779,0.00348092049168363,0.450844951718009
"chr20:5943683:5943948:clu_26450:ENSG00000089195.14",0.00378839261235287,0.00309362145801199,0.220732819083313
"chr20:4970915:5001406:clu_26431:ENSG00000089057.14",0.00413892274244688,0.00213285449988484,0.0523122040788838
"chr20:5943683:5943827:clu_26450:ENSG00000089195.14",-0.00396456314657392,0.00320621904669563,0.216264273658334
"chr20:6028725:6031285:clu_26458:ENSG00000088766.11",-0.00306708321492138,0.00361174647878041,0.395771845541831
"chr20:13110217:13117506:clu_26501:ENSG00000172296.12",0.00240192716133406,0.00334673403693678,0.472946679567073
"chr20:13117725:13126591:clu_26501:ENSG00000172296.12",0.00117950674370965,0.00367955276357138,0.748546056416361
"chr20:6031370:6032012:clu_26458:ENSG00000088766.11",-0.0019854233265678,0.00319280522518454,0.534045160642406
"chr20:2486763:2492699:clu_26302:ENSG00000088876.11",0.00135850828180283,0.00333636481694766,0.683874192594746
"chr20:2486763:2492699:clu_26302:ENSG00000125835.18",0.00075190463784407,0.00328008653606524,0.818687692174265
"chr20:3209033:3213169:clu_26364:ENSG00000125877.12",0.00339982587964601,0.00333351556069412,0.307779680167029
"chr20:9365514:9371214:clu_26474:ENSG00000101333.16",0.00149802949247799,0.00340873645993456,0.660322698140551
"chr20:59867847:59868835:clu_27422:ENSG00000196074.12",0.00445588572619787,0.00271507518678476,0.100763218031272
"chr20:25023092:25030759:clu_26623:ENSG00000154930.14",-0.00270197644219648,0.00751235773303488,0.719093258565199
"chr20:25213406:25214904:clu_26626:ENSG00000197586.12",0.000931715950480304,0.00368122973687751,0.800191630730857
"chr20:25012664:25013536:clu_26621:ENSG00000154930.14",-0.0109132561819661,0.00754358059823294,0.147982519673802
"chr20:24971576:24973645:clu_26618:ENSG00000101474.11",-0.00581946167700996,0.00699057049094107,0.405141972717649
"chr20:25490018:25491351:clu_26648:ENSG00000101004.14",-0.0111477463356967,0.00533393561720082,0.0366208161285629
"chr20:25479206:25479564:clu_26646:ENSG00000101004.14",-0.00129228759909221,0.00771043198423217,0.866896012221283
"chr20:25317078:25323325:clu_26640:ENSG00000100997.18",0.0146164417782142,0.00627959969430447,0.0199329681021239
"chr20:35117853:35118598:clu_26834:ENSG00000088298.12",-0.00690775551445689,0.00606758336112737,0.25492469951549
"chr20:33384873:33385650:clu_26744:ENSG00000101391.20",0.0117365971732453,0.00471809511758722,0.0128618732843814
"chr20:34860363:34861445:clu_26805:ENSG00000131067.16",-0.00715159980926566,0.00721419500178299,0.321527724770911
"chr20:33994131:34031522:clu_26764:ENSG00000125970.11",-0.0125367285851922,0.00544894009171327,0.02140493921793
"chr20:33408888:33410135:clu_26748:ENSG00000101400.5",0.0119644743118084,0.00490279242543911,0.014673495365541
"chr20:34925766:34926877:clu_26810:ENSG00000131069.19",0.0446142620990965,0.00846948219970168,1.38181757258771e-07
"chr20:34851368:34852155:clu_26801:ENSG00000131067.16",-0.0322535422062413,0.00784615753804658,3.94386883478814e-05
"chr20:34065160:34072066:clu_26764:ENSG00000125970.11",-0.0147562542330269,0.00479039691646525,0.00206734994523583
"chr20:34031604:34065044:clu_26764:ENSG00000125970.11",-0.0130145139962361,0.0040488479333977,0.00130728997823271
"chr20:34852061:34852155:clu_26801:ENSG00000131067.16",0.0204100983130963,0.00559375996301026,0.00026354383733096
"chr20:35134949:35137880:clu_26835:ENSG00000088298.12",0.00453228013779048,0.00751461210494801,0.546422906266565
"chr20:34854923:34856623:clu_26803:ENSG00000131067.16",-0.00132374635768574,0.0061667273105764,0.830032831556256
"chr20:35134155:35134738:clu_26835:ENSG00000088298.12",0.0161977567101875,0.00717406660428078,0.0239568346804535
"chr20:34854923:34856806:clu_26803:ENSG00000131067.16",-0.000427425514961743,0.00594667792672014,0.942700309857735
"chr20:62202843:62203084:clu_27462:ENSG00000101181.17",-0.00440156448167807,0.00179198532468538,0.0140395334697778
"chr20:4181976:4182089:clu_26423:ENSG00000088826.17",6.15843793524916e-05,0.00288941609435166,0.982995351378734
"chr20:3671496:3671581:clu_26386:ENSG00000149451.17",-0.000164612163558369,0.0031494628407219,0.958316152657889
"chr20:3229706:3230187:clu_26369:ENSG00000088836.12",-0.00162272245756559,0.00340370214632966,0.633538593140714
"chr20:3035488:3035585:clu_26348:ENSG00000132670.20",0.00512607260397663,0.00455748498158342,0.260691139777137
"chr20:3738717:3740815:clu_26396:ENSG00000132622.10",-0.00219087036597217,0.00300166830094497,0.465460950643738
"chr20:2873760:2923207:clu_26341:ENSG00000132670.20",-0.00294967345068898,0.00335581132996664,0.379414962472776
"chr20:2838929:2839192:clu_26331:ENSG00000132635.16",0.00120501176365716,0.00297996272792273,0.685939612480122
"chr20:3740912:3742284:clu_26396:ENSG00000132622.10",0.00357907539190142,0.00298886137865825,0.231122950326879
"chr20:2748630:2749620:clu_26323:ENSG00000088881.20",0.000743343344325778,0.0042186541710143,0.860133752008519
"chr20:2749518:2749721:clu_26323:ENSG00000088881.20",0.00443230588808639,0.00340300810484756,0.192756778668812
"chr20:3229011:3229095:clu_26367:ENSG00000088836.12",0.00641166259659261,0.00350673547614494,0.0674917887082001
"chr20:2461793:2462636:clu_26300:ENSG00000125835.18",-0.000829105603453678,0.00452515614607449,0.854624276217827
"chr20:2461939:2462636:clu_26300:ENSG00000125835.18",-0.00153182861917153,0.00447247139216028,0.731973438184089
"chr20:2911033:2923207:clu_26341:ENSG00000132670.20",0.00369325531678,0.00348114637181365,0.28872136229357
"chr20:59999663:60001343:clu_27436:ENSG00000124215.16",0.00408719460356195,0.0033734106399504,0.225668909542663
"chr20:50940933:50942031:clu_27316:ENSG00000000419.12",-0.000225731022191614,0.00297593590630141,0.939536756521997
"chr20:51391451:51398643:clu_27319:ENSG00000101096.19",-0.000766630373622525,0.00305231339378139,0.801687536177508
"chr20:58997753:59001465:clu_27407:ENSG00000101160.13",0.002867833267026,0.0027381703999896,0.294936415592223
"chr20:58993764:58994110:clu_27416:ENSG00000101158.13",-0.00412202903362314,0.00376999575512062,0.274228030043535
"chr20:58694592:58698684:clu_27395:ENSG00000215440.11",0.00194150741546755,0.00272429481683812,0.476053567842278
"chr20:58993112:58993449:clu_27415:ENSG00000101158.13",0.00443088954203555,0.00329165782454221,0.17827135169217
"chr20:58993675:58994110:clu_27416:ENSG00000101158.13",0.0059801633238546,0.00380607890317376,0.11613301840994
"chr20:33623296:33624764:clu_26751:ENSG00000078699.21",0.0107716763366646,0.0056701317500203,0.0574695582099911
"chr20:34393881:34408651:clu_26778:ENSG00000078747.14",-0.000393595618920341,0.00877581466375661,0.964226840838943
"chr20:33757343:33758716:clu_26761:ENSG00000131061.13",0.00637186996486259,0.00495296804607432,0.198277310288467
"chr20:33757322:33758716:clu_26761:ENSG00000131061.13",-0.00628833512613721,0.00496134392494646,0.204988685538401
"chr20:33382179:33383480:clu_26744:ENSG00000101391.20",0.017675361148404,0.00470640399467109,0.000172928117901483
"chr20:53953695:53957432:clu_27336:ENSG00000064787.13",-0.00195168161555163,0.0027360182710964,0.47564209727004
"chr20:8790261:8802056:clu_26470:ENSG00000182621.17",0.00192278206722817,0.00313572023054061,0.539752871135338
"chr20:53985499:53995012:clu_27337:ENSG00000064787.13",0.00133317612570245,0.00419593870860719,0.750689658827943
"chr20:58701158:58705253:clu_27396:ENSG00000215440.11",0.00211949217618051,0.00249348263230667,0.39531796493405
"chr20:37289686:37298763:clu_26944:ENSG00000101363.12",-0.0129574553145346,0.00477519439702868,0.00665780276599282
"chr20:37931804:37943981:clu_26960:ENSG00000132821.11",0.00347723424004777,0.00453795155217964,0.443523778984133
"chr20:38331090:38334430:clu_26982:ENSG00000101425.12",0.000492755923595068,0.00319668758736503,0.877494786957212
"chr20:37347236:37365204:clu_26945:ENSG00000197122.11",0.00128400629311263,0.00394199777910083,0.744632606806053
"chr20:38002776:38006197:clu_26963:ENSG00000101407.12",-0.00578622107621249,0.00341963554175621,0.0906349488548317
"chr20:37067297:37067986:clu_26930:ENSG00000080839.11",-0.00145336858402779,0.00386889594633842,0.707173688969696
"chr20:37298879:37301208:clu_26944:ENSG00000101363.12",-0.00491622687248807,0.00455163637593375,0.280097219222924
"chr20:45333069:45348325:clu_27116:ENSG00000124145.6",0.0129955360009512,0.00530161832248343,0.0142365211037094
"chr20:38969214:38972559:clu_27011:ENSG00000101452.14",0.00372231779856117,0.00403603979062855,0.356387838244935
"chr20:38535207:38539776:clu_26993:ENSG00000170471.14",-0.0045817218527403,0.00386956347368349,0.236396828463558
"chr20:20505173:20505411:clu_26588:ENSG00000188559.13",-0.00289064677166836,0.00447254602214744,0.518079256874044
"chr20:25259338:25269129:clu_26632:ENSG00000100994.11",-0.00987908256923618,0.00532014042128117,0.0633223382672695
"chr20:44589866:44614534:clu_27090:ENSG00000168734.13",0.00205688013928976,0.00293872800590536,0.483976069257375
"chr20:44531978:44582585:clu_27089:ENSG00000168734.13",-0.00378033343674371,0.003802618892284,0.320154983838411
"chr20:17615523:17615926:clu_26534:ENSG00000125844.15",0.0017982174628431,0.0029064971137628,0.536121332716529
"chr20:17615529:17615926:clu_26534:ENSG00000125844.15",-0.000681623658568859,0.00283178980876114,0.809784395011873
"chr20:17636729:17641797:clu_26537:ENSG00000125844.15",0.00220394713406337,0.00311806199634134,0.47967065926519
"chr20:16731766:16732164:clu_26528:ENSG00000125870.10",-0.000753723285360306,0.00381747687898454,0.843483096852557
"chr20:17643127:17658596:clu_26537:ENSG00000125844.15",0.000204531392626624,0.00327975661023643,0.950274747235554
"chr20:17957037:17961140:clu_26544:ENSG00000089006.16",0.00430765276528531,0.00286281536665356,0.132403515704209
"chr20:17957037:17968375:clu_26544:ENSG00000089006.16",-0.00138693922354683,0.00324909436011036,0.66947439546792
"chr20:56373556:56381433:clu_27345:ENSG00000087586.17",-0.00152534231454848,0.0026957351862395,0.571505700281295
"chr20:47678804:47682994:clu_27241:ENSG00000196562.14",0.00195495693585734,0.00332958336251784,0.557104570009478
"chr20:49260577:49263334:clu_27271:ENSG00000124201.14",0.00859617467944394,0.00314465929929771,0.00626500887994996
"chr20:49263483:49264716:clu_27271:ENSG00000124201.14",-0.0055504935872505,0.00324382163954317,0.0870632015637141
"chr20:49235088:49236150:clu_27268:ENSG00000124228.14",0.00632483044715674,0.00372157905231711,0.0892246681764567
"chr20:49249711:49251527:clu_27269:ENSG00000124201.14",-0.00319651786171832,0.00423314626120332,0.450179186813593
"chr20:37492949:37495585:clu_26952:ENSG00000166619.12",-0.00721835218347114,0.00399734723351138,0.0709518312834125
"chr20:37289686:37316308:clu_26944:ENSG00000101363.12",0.0263363273737275,0.00490541382020628,7.92495689072581e-08
"chr20:37230059:37232296:clu_26942:ENSG00000118705.16",-0.0078522105292615,0.00597973274364866,0.189136663394745
"chr20:37147909:37155063:clu_26936:ENSG00000101353.14",-0.0117163136506462,0.00444195236587052,0.00834828066336246
"chr20:18449069:18452615:clu_26559:ENSG00000089091.16",-0.00263539138183069,0.00281652961438565,0.349434139759872
"chr20:17660528:17679999:clu_26538:ENSG00000125844.15",0.00388752956484798,0.00300469715783615,0.195728489462565
"chr20:6009912:6015361:clu_26458:ENSG00000088766.11",0.00420272777316008,0.00303660314344833,0.166351494875811
"chr20:49135931:49151582:clu_27262:ENSG00000124214.19",0.00447123022718993,0.00470970924827446,0.342435317276072
"chr20:10292999:10296925:clu_26482:ENSG00000132639.12",-0.0007246582570344,0.00382640755369071,0.849792296091973
"chr20:53957497:53975389:clu_27336:ENSG00000064787.13",-0.00664557532519083,0.00337750811268095,0.0491144083147651
"chr20:45887145:45887536:clu_27143:ENSG00000149634.4",0.00901649818751925,0.00370603916381146,0.0149775942406318
"chr20:45416654:45419295:clu_27121:ENSG00000124155.17",-0.00677635975308758,0.00328973734697514,0.0394130492120659
"chr20:45841956:45843527:clu_27137:ENSG00000101473.16",0.0030747985062415,0.00378651136870543,0.416768707738158
"chr20:45894072:45894650:clu_27147:ENSG00000064601.16",-0.00806196198517847,0.00390432764786311,0.038934503486151
"chr20:44924256:44930521:clu_27104:ENSG00000101104.12",-0.00568298776481133,0.00486726350522662,0.242970563294495
"chr20:14329327:14337404:clu_26520:ENSG00000125848.9",0.0006943813299629,0.00369360765267729,0.85088023978722
"chr20:38448730:38450336:clu_26989:ENSG00000174365.19",-0.00415751453980075,0.00420008244959351,0.322240117458044
"chr20:25288483:25290481:clu_26636:ENSG00000100994.11",0.0148556659965056,0.00511701576395579,0.00369383154446656
"chr20:25281110:25282033:clu_26635:ENSG00000100994.11",0.00840612559542355,0.00485827195970794,0.0835819229378353
"chr20:38326432:38327588:clu_26982:ENSG00000101425.12",0.00946638972862568,0.00362877073845104,0.0090885748591133
"chr20:39028499:39030704:clu_27018:ENSG00000101452.14",0.00511750210480252,0.00367086677445026,0.16329179039393
"chr20:23365747:23367003:clu_26611:ENSG00000125812.15",0.00233793522359426,0.00375690125834588,0.533741896481221
"chr20:23369741:23370137:clu_26612:ENSG00000125812.15",0.00451408018364786,0.00438962575230901,0.303784304241353
"chr20:3671985:3672134:clu_26387:ENSG00000149451.17",-0.00474453681420602,0.00316345604184473,0.133667409717765
"chr20:3668997:3669299:clu_26384:ENSG00000149451.17",0.00396532909356485,0.00197120671875546,0.0442594617891143
"chr20:3669000:3669299:clu_26384:ENSG00000149451.17",-0.00397739249801479,0.0019199170282071,0.0382982690495111
"chr20:2861280:2861615:clu_26335:ENSG00000215305.9",-0.00308201387868698,0.00300114167710678,0.304445352766423
"chr20:59867847:59868413:clu_27422:ENSG00000196074.12",0.007934262074709,0.00333893621136071,0.0174879773817672
"chr20:59893593:59895437:clu_27426:ENSG00000196074.12",0.00455022719663851,0.00301074290727363,0.130704299568137
"chr20:59907424:59911750:clu_27428:ENSG00000196074.12",-0.00022678671830575,0.00249412486788001,0.927549504539187
"chr20:32215451:32216609:clu_26721:ENSG00000101346.13",0.00194893654320604,0.00508228074391698,0.701366299966926
"chr20:32074721:32079774:clu_26710:ENSG00000101336.13",0.00182879991849422,0.00434007320477305,0.67348100722929
"chr20:30391308:30393551:clu_26673:ENSG00000149531.15",0.0190647458969819,0.00967520522706087,0.0487840062165996
"chr20:32019409:32022660:clu_26706:ENSG00000101331.15",0.0026635543093456,0.00556952967554522,0.632481639789632
"chr20:30398045:30399222:clu_26674:ENSG00000149531.15",0.00775188422796457,0.00562225457613553,0.167960836070819
"chr20:30398045:30404268:clu_26674:ENSG00000149531.15",-0.0117910019991788,0.00683329468610369,0.0844333981314289
"chr20:31639099:31639933:clu_26692:ENSG00000131055.4",0.00388489871365063,0.00631866133974489,0.538667396097585
"chr20:32133126:32136074:clu_26714:ENSG00000101337.15",0.000512276060751757,0.00487542299844302,0.916317763121555
"chr20:419731:419918:clu_26247:ENSG00000125826.20",0.00215990489009587,0.0028636565572441,0.450700810872709
"chr20:50931449:50933724:clu_27315:ENSG00000259456.3",-0.00369120041275576,0.00248213841661424,0.136987085147255
"chr20:50933827:50944357:clu_27315:ENSG00000259456.3",0.000575391508984132,0.00291591836907692,0.843571092255848
"chr20:16371761:16374257:clu_26526:ENSG00000089177.18",0.00319046748513399,0.00265107065905434,0.228796904028658
"chr20:17625602:17625821:clu_26536:ENSG00000125844.15",0.00230058387653443,0.00428242661920572,0.591119101435647
"chr20:16730164:16731668:clu_26527:ENSG00000125870.10",0.00254883965679521,0.00299213586413051,0.394299443495288
"chr20:16730064:16731668:clu_26527:ENSG00000125870.10",-0.000663478698690598,0.00292759904281288,0.820712278668145
"chr20:63701895:63702136:clu_27605:ENSG00000101246.19",0.00174790150689433,0.00311631447292033,0.574874303454017
"chr20:62284169:62285536:clu_27470:ENSG00000130703.15",0.00181758733586046,0.00299407548407489,0.543810236170451
"chr20:62953272:62956765:clu_27554:ENSG00000101194.17",0.00959268392856255,0.00341709854241368,0.00499649016545678
"chr20:62284169:62286583:clu_27470:ENSG00000130703.15",0.00596389674320597,0.00371160501142795,0.108092938606784
"chr20:62154465:62158672:clu_27453:ENSG00000184402.14",0.00454964686890556,0.00249824006085844,0.0685854587392458
"chr20:62195949:62197852:clu_27460:ENSG00000101181.17",0.0082576739726997,0.00246946511291616,0.000826059420046654
"chr20:62312050:62312400:clu_27481:ENSG00000130702.15",0.00685071291701729,0.00478023530474005,0.151819835061231
"chr20:62337727:62338016:clu_27502:ENSG00000130702.15",-0.0038555883247658,0.00315915621049917,0.222294797287795
"chr20:63695650:63695778:clu_27603:ENSG00000258366.7",0.00948163593192854,0.00293865124485485,0.00125302655608073
"chr20:62310311:62310665:clu_27477:ENSG00000130702.15",0.00250682442607985,0.00305577399277302,0.412012837214462
"chr20:62333706:62333901:clu_27499:ENSG00000130702.15",0.00285198325358319,0.00402222306941861,0.478289440276249
"chr20:63659504:63661298:clu_27588:ENSG00000258366.7",0.00265889103100803,0.00268423452936945,0.321901264711747
"chr20:62336786:62338016:clu_27502:ENSG00000130702.15",-0.00227270437616952,0.00328597991151402,0.489165494059218
"chr20:62183057:62188790:clu_27459:ENSG00000101181.17",0.00236531245840722,0.00281681520848718,0.401070097907774
"chr20:34929590:34931336:clu_26809:ENSG00000100983.9",0.00259793991734066,0.00588286579789601,0.658770517282952
"chr20:35003616:35003873:clu_26825:ENSG00000100991.11",0.0366789059011076,0.00827538273493053,9.32369864936611e-06
"chr20:35560364:35560540:clu_26861:ENSG00000088340.15",0.0113782694157671,0.00387370055547324,0.00331070207199091
"chr20:35561937:35563854:clu_26863:ENSG00000088340.15",0.0144465519437927,0.00584622206855525,0.0134701201298271
"chr20:35674617:35680737:clu_26885:ENSG00000244005.12",-0.000459756129151009,0.00787918076934061,0.953469241480368
"chr20:34073866:34075874:clu_26765:ENSG00000125970.11",-0.00138464671437009,0.00644065953691698,0.829778828939615
"chr20:34876823:34882794:clu_26807:ENSG00000131069.19",0.0105394882834046,0.00756050860391298,0.163312041329692
"chr20:35467555:35469890:clu_26851:ENSG00000126001.15",0.00180693278051601,0.00478892054068289,0.705939335871602
"chr20:34736758:34746807:clu_26794:ENSG00000198646.13",0.00698492783409732,0.00668043630231826,0.29575517763991
"chr20:18306393:18315069:clu_26555:ENSG00000125846.15",-0.00490493168120582,0.00361504299721376,0.174841132782043
"chr20:18288604:18297985:clu_26555:ENSG00000125846.15",0.000419115346246602,0.00298052069212254,0.888171598354072
"chr20:38900684:38902668:clu_27009:ENSG00000101445.9",0.000399975176678104,0.00291751923849015,0.89095627983155
"chr20:38066256:38089726:clu_26968:ENSG00000101413.11",0.00172245173857653,0.00429067561135277,0.688095703382896
"chr20:38532859:38535074:clu_26993:ENSG00000170471.14",0.0026865788576635,0.00448902358028783,0.549521479376239
"chr20:38231325:38239528:clu_26979:ENSG00000149633.11",-0.00825661220814458,0.00411954916221853,0.0450431362272963
"chr20:38088011:38089726:clu_26968:ENSG00000101413.11",0.00839630613387599,0.00419614831883634,0.0453971837331666
"chr20:3230845:3230933:clu_26371:ENSG00000088836.12",-0.00586908461243225,0.00302908404999637,0.0526748094154639
"chr20:3746031:3748217:clu_26398:ENSG00000132622.10",-0.00593180906926147,0.00487625438896267,0.223806565423464
"chr20:2861899:2862054:clu_26335:ENSG00000215305.9",0.000787938989030777,0.00293212728876257,0.788140502696729
"chr20:3861504:3862254:clu_26414:ENSG00000088888.17",0.00393405348329477,0.00284213164297725,0.166299930782311
"chr20:3673496:3673745:clu_26389:ENSG00000149451.17",0.000896299277736606,0.00418948443183713,0.830593664693828
"chr20:3671345:3671581:clu_26386:ENSG00000149451.17",0.00276464318168303,0.00312262069698827,0.375962546977078
"chr20:3166360:3166705:clu_26359:ENSG00000088899.14",0.00865529232922182,0.00344028716700362,0.0118741217937586
"chr20:3964024:3974332:clu_26419:ENSG00000101236.16",-0.00392161748909138,0.00290601789653899,0.17718234766039
"chr20:3669637:3671006:clu_26385:ENSG00000149451.17",-0.00104665794936852,0.0029023913196006,0.718384156560609
"chr20:4686508:4699211:clu_26427:ENSG00000171867.16",-0.00499970747432629,0.0031758860322176,0.115424651504811
"chr20:4686512:4699211:clu_26427:ENSG00000171867.16",0.00603985591763315,0.00336696250013939,0.0728356800972664
"chr20:3017913:3024472:clu_26346:ENSG00000132670.20",-0.00147147010495526,0.00282741627424516,0.602764434097997
"chr20:3857809:3862254:clu_26414:ENSG00000088888.17",-0.00320182028591412,0.00288332594101506,0.266800532714235
"chr20:2836314:2838232:clu_26330:ENSG00000132635.16",-0.00184533795082951,0.0053438152594783,0.729852171613457
"chr20:37120618:37120899:clu_26934:ENSG00000101353.14",-0.000808034858654416,0.00421398644072641,0.847937488296737
"chr20:34860042:34860254:clu_26805:ENSG00000131067.16",0.000953239111003876,0.00677382787201871,0.888088106087782
"chr20:35618998:35619195:clu_26877:ENSG00000061656.9",0.000119771223540589,0.00565012646340727,0.983087731892265
"chr20:35016139:35035123:clu_26830:ENSG00000100991.11",-0.0219295967474103,0.00669187788333592,0.00104898994927816
"chr20:34863730:34872647:clu_26806:ENSG00000131067.16",0.0309336869641237,0.00604429268519061,3.09064335235476e-07
"chr20:34073635:34075874:clu_26765:ENSG00000125970.11",-0.00541128474608442,0.00765578053883259,0.479676237769834
"chr20:47639202:47639577:clu_27234:ENSG00000124151.18",0.00704582208013753,0.00358502998415769,0.0493742777952108
"chr20:49124605:49135833:clu_27261:ENSG00000124214.19",-0.00417720655669286,0.00464532550674735,0.368531252891166
"chr20:47210897:47220258:clu_27219:ENSG00000101040.19",0.000889687022071987,0.00350447286780358,0.799594560291379
"chr20:48688804:48690947:clu_27249:ENSG00000124126.13",-0.00357831314456896,0.00403878598249287,0.375624363274624
"chr20:17643127:17658605:clu_26537:ENSG00000125844.15",-0.00115001134657457,0.00352120653762278,0.743973603326946
"chr20:17620370:17620715:clu_26535:ENSG00000125844.15",-0.00519370388309899,0.00507402879481048,0.306030949516798
"chr20:18298062:18298289:clu_26555:ENSG00000125846.15",0.00309592706088786,0.00326420617853535,0.342901863631732
"chr20:18162945:18181710:clu_26553:ENSG00000149474.13",0.000835684160023953,0.00309865065790478,0.787396503833108
"chr20:5561530:5565017:clu_26439:ENSG00000125772.12",-0.00435619596983176,0.00302682900692872,0.150095394199812
"chr20:5558819:5559940:clu_26439:ENSG00000125772.12",0.00330571957502144,0.00299802230739994,0.270186393091066
"chr20:6116044:6119404:clu_26463:ENSG00000101311.15",0.00265913100576414,0.00317194787937748,0.401846818188263
"chr20:1370072:1372076:clu_26277:ENSG00000088832.16",-0.0013824871940108,0.00279311558388439,0.620626661721267
"chr20:348063:349249:clu_26244:ENSG00000125841.12",-0.00404458043554976,0.00282263171267295,0.151883232230673
"chr20:1371147:1372076:clu_26277:ENSG00000088832.16",0.00465344045267577,0.00255092749202479,0.0681195594843051
"chr20:1300711:1304878:clu_26275:ENSG00000101298.13",-0.00162082947027234,0.00300353261037318,0.589444606153344
"chr20:427492:428491:clu_26248:ENSG00000125826.20",-0.000769808564840657,0.00298951833682966,0.796790854834891
"chr20:322565:325142:clu_26243:ENSG00000225377.5",0.00452637227704628,0.00325905181941244,0.164874806385306
"chr20:1455719:1458200:clu_26283:ENSG00000088833.17",-0.00123855405821703,0.00337214586739689,0.713403021563806
"chr20:1455132:1455714:clu_26283:ENSG00000088833.17",-0.000330605450192114,0.00359174009203677,0.926661460637562
"chr20:47661616:47661773:clu_27237:ENSG00000196562.14",0.00113930356783897,0.00352111523184021,0.746268697460103
"chr20:47210897:47221314:clu_27219:ENSG00000101040.19",-0.00435251636217377,0.00349115178518028,0.212497282132529
"chr20:13587370:13623446:clu_26508:ENSG00000089123.15",0.0044932729284501,0.00367354711958005,0.221275743009111
"chr20:13587370:13600543:clu_26508:ENSG00000089123.15",-5.01498445195473e-05,0.004040564592764,0.990097235563091
"chr20:49094963:49096349:clu_27258:ENSG00000124207.16",-0.00237243608029534,0.00412392831461623,0.565098239832896
"chr20:49028668:49032049:clu_27255:ENSG00000124198.8",0.000140540458355016,0.0032372819724933,0.965372232214854
"chr20:49094963:49096176:clu_27258:ENSG00000124207.16",0.00211871614038118,0.00417279368862225,0.611632016019053
"chr20:49092127:49094140:clu_27256:ENSG00000124207.16",-0.00111526430234533,0.00369487798001248,0.762773555217715
"chr20:49091022:49092046:clu_27256:ENSG00000124207.16",0.00220793512176231,0.00350370340708415,0.528582180131719
"chr20:49032166:49033023:clu_27255:ENSG00000124198.8",0.00115270783918617,0.00326888328610492,0.72436549382212
"chr20:49159146:49174195:clu_27263:ENSG00000124214.19",0.00109603146942698,0.00354802800137458,0.757387815755384
"chr20:62279349:62281058:clu_27468:ENSG00000130703.15",0.00364654716883142,0.00261504092901858,0.163181372214381
"chr20:63697522:63698280:clu_27604:ENSG00000243509.4",0.00906753662403065,0.00297721126346177,0.00232179712997183
"chr20:62549917:62550623:clu_27522:ENSG00000174403.15",0.0136254354330124,0.00284946863695046,1.73779117274009e-06
"chr20:63694488:63694741:clu_27602:ENSG00000258366.7",-0.00329070667265001,0.0029598297210742,0.266228803056706
"chr20:63962781:63963095:clu_27646:ENSG00000196700.8",-0.0170101867181956,0.00406149254403583,2.81223367613048e-05
"chr20:62670120:62671750:clu_27528:ENSG00000101187.15",-0.00186302368325447,0.00275649321108042,0.499124887135416
"chr20:63285970:63286366:clu_27569:ENSG00000101199.12",0.0120327959586252,0.00353223613151001,0.000657856121738853
"chr20:63196734:63213864:clu_27560:ENSG00000149658.17",0.0106005800967482,0.00309248561880146,0.000608379142934434
"chr20:63694974:63695066:clu_27602:ENSG00000258366.7",0.00309487366415522,0.00296171943249303,0.296042186469621
"chr20:62657250:62658677:clu_27524:ENSG00000101187.15",0.00399768218352897,0.0028182929175637,0.15605170422836
"chr20:62658767:62660412:clu_27524:ENSG00000101187.15",-0.00947876178200358,0.00274289535226035,0.000548763169304078
"chr20:63627392:63628269:clu_27585:ENSG00000232442.1",0.00537853699367792,0.00297869081047013,0.0709696727131194
"chr20:62548000:62551426:clu_27522:ENSG00000174403.15",-0.00715028987707299,0.00274501126784332,0.00919196424075119
"chr20:11918601:11919086:clu_26496:ENSG00000132640.14",0.00229715817410235,0.0035847601629771,0.521644682387708
"chr20:33392242:33394032:clu_26746:ENSG00000101391.20",-0.0136602838370403,0.00525714406339366,0.00936530576033257
"chr20:34077245:34078505:clu_26766:ENSG00000125970.11",0.0193563291670017,0.0126047327527651,0.124626749447147
"chr20:34077602:34078505:clu_26766:ENSG00000125970.11",-0.0304719469140518,0.0106093117126272,0.00407639271098814
"chr20:33623296:33623773:clu_26751:ENSG00000078699.21",0.01027411970948,0.00535292620889329,0.0549405080416121
"chr20:5773043:5817485:clu_26447:ENSG00000171984.14",0.000322023140605637,0.00274986371507752,0.90677674664153
"chr20:20573068:20583050:clu_26591:ENSG00000188559.13",0.00968165572840406,0.00452015077511778,0.032202513091996
"chr20:19960811:19970838:clu_26578:ENSG00000132669.12",-5.20477932395985e-05,0.00513847350509826,0.991918335181382
"chr20:5584322:5593327:clu_26444:ENSG00000125772.12",0.00715071491868119,0.00386259178065423,0.0641301749906233
"chr20:5972037:5973056:clu_26455:ENSG00000125885.13",0.000969234669240707,0.00356795880946429,0.785891439204862
"chr20:5586269:5593327:clu_26444:ENSG00000125772.12",-0.00284362358587909,0.00333349725524514,0.393634280040862
"chr20:63278995:63279220:clu_27566:ENSG00000101199.12",0.0155339640440112,0.00273293104616407,1.31584789730965e-08
"chr20:63276651:63277205:clu_27565:ENSG00000101199.12",-0.00118425689364583,0.00234130094963594,0.612989000118492
"chr20:63282851:63284866:clu_27568:ENSG00000101199.12",-0.00087964327411324,0.00269468583645898,0.744094276934999
"chr20:63661496:63661762:clu_27589:ENSG00000258366.7",0.00343725927004134,0.0032701575439086,0.293213130942441
"chr20:64057210:64057295:clu_27664:ENSG00000171703.16",-0.00626757444738851,0.00311074751633053,0.0439242493750922
"chr20:63963242:63963342:clu_27647:ENSG00000196700.8",0.00915613278975541,0.00321386152194047,0.00438636872506981
"chr20:63736712:63737533:clu_27611:ENSG00000203896.9",0.017009797517016,0.00353492867898357,1.49486451839209e-06
"chr20:63706738:63707867:clu_27607:ENSG00000101246.19",0.0113983077731075,0.0046593611894115,0.0144321183331736
"chr20:63738499:63738598:clu_27613:ENSG00000203896.9",0.00440761798645683,0.00377629459617754,0.243137422942587
"chr20:63661496:63661850:clu_27589:ENSG00000258366.7",-0.0116417055407202,0.00301123640837133,0.000110594956434396
"chr20:62842097:62854016:clu_27543:ENSG00000101190.12",-0.00815102852912238,0.00281721910544212,0.00381230564106649
"chr20:63708169:63708553:clu_27608:ENSG00000197114.11",-0.00763505016441743,0.0031359569444492,0.0149049840698322
"chr20:63737902:63737973:clu_27612:ENSG00000203896.9",0.00556497885868028,0.00318747032957413,0.0808297251738606
"chr20:63278995:63281291:clu_27566:ENSG00000101199.12",-0.0181532920152889,0.00257537074001517,1.80455650422573e-12
"chr20:62475542:62475930:clu_27518:ENSG00000130700.6",0.000751154593588106,0.00363439956793493,0.836260445984833
"chr20:63737647:63737821:clu_27611:ENSG00000203896.9",-0.00941527140790482,0.00259244991708123,0.000281446252351047
"chr20:63675435:63678145:clu_27594:ENSG00000258366.7",0.00637903043743111,0.00342216952944838,0.0623173368534568
"chr20:64057210:64057295:clu_27664:ENSG00000237371.1",-0.00588743763061077,0.00314380284536988,0.0611081514853601
"chr20:41159758:41159870:clu_27028:ENSG00000124181.14",-0.00871807468908895,0.005217587225475,0.0947411212810844
"chr20:41169526:41170161:clu_27034:ENSG00000124181.14",-0.0039615299438329,0.00350016303425876,0.257713070763759
"chr20:2692950:2693661:clu_26317:ENSG00000088881.20",0.00458035128917696,0.00310951081825146,0.140747406428717
"chr20:2862934:2863065:clu_26336:ENSG00000215305.9",-0.000512646048149209,0.00267018029293493,0.847750586047473
"chr20:49018998:49023051:clu_27254:ENSG00000124198.8",0.000158388346331866,0.00324262190860641,0.961042210827426
"chr20:47624083:47625381:clu_27228:ENSG00000124151.18",-0.000757577333738342,0.00294022558914584,0.796669632102961
"chr20:47622330:47623911:clu_27228:ENSG00000124151.18",0.00270369181294959,0.00271636542220652,0.319573676361928
"chr20:48639894:48642168:clu_27246:ENSG00000124126.13",0.00435079737094551,0.00440225581378174,0.323000412610574
"chr20:58898985:58903528:clu_27404:ENSG00000087460.24",0.00647449378853087,0.00353467768177813,0.066995087903607
"chr20:58895684:58898941:clu_27404:ENSG00000087460.24",-0.0025294219100725,0.00474189576367118,0.593742894627697
"chr20:58997753:58997855:clu_27407:ENSG00000101160.13",-0.00978594679209962,0.00316093254473154,0.00196213230501274
"chr20:58310012:58311043:clu_27384:ENSG00000124209.3",0.00575981510075603,0.00349848613452732,0.0996868714698753
"chr20:58670603:58673631:clu_27392:ENSG00000124222.22",-0.00479948875499007,0.00268778780305548,0.0741535066878022
"chr20:58705569:58707123:clu_27396:ENSG00000215440.11",-0.000676248013670471,0.00222630550427326,0.761315721165894
"chr20:57183919:57202475:clu_27358:ENSG00000101144.12",-0.0100049723567264,0.00275952976720484,0.00028828272262138
"chr20:32826048:32833717:clu_26739:ENSG00000101367.8",0.0137153790877495,0.00433639468983392,0.001562311817913
"chr20:32820028:32825925:clu_26739:ENSG00000101367.8",-0.012936521692624,0.0045110340842556,0.00413400980852008
"chr20:56392538:56395521:clu_27347:ENSG00000101138.11",0.00326695435599344,0.00312432311803819,0.295721785092622
"chr20:20032653:20033102:clu_26582:ENSG00000173418.11",-0.00208693537381069,0.00453550474929991,0.6454207638258
"chr20:35012785:35013008:clu_26829:ENSG00000100991.11",0.0132450824863395,0.00569466790890787,0.020025250407095
"chr20:35576518:35576652:clu_26866:ENSG00000088340.15",-0.00631587896335743,0.00552782196145908,0.253220516874591
"chr20:34708863:34709236:clu_26792:ENSG00000078804.12",-0.0116095232570659,0.00739667326946022,0.116517486534489
"chr20:36154896:36175551:clu_26902:ENSG00000088367.21",0.0179663714264156,0.00416105585074558,1.57632537195473e-05
"chr20:35582411:35582839:clu_26869:ENSG00000088340.15",0.00801907922004785,0.00619072160745881,0.195203529155988
"chr20:35131783:35134105:clu_26835:ENSG00000088298.12",0.000454746580795344,0.00791053208211553,0.954157883487132
"chr20:5115362:5115449:clu_26434:ENSG00000132646.10",0.00449442419197793,0.00326071926678384,0.168094136903004
"chr20:3674284:3674372:clu_26392:ENSG00000149451.17",0.0003575127631929,0.0056399592610549,0.949456550738102
"chr20:53571853:53575727:clu_27332:ENSG00000171940.13",0.0219794068055213,0.0029549127736975,1.02029495963052e-13
"chr20:53967073:53975389:clu_27336:ENSG00000064787.13",-0.00176997057494955,0.00277490798400141,0.52357237981804
"chr20:53569264:53571721:clu_27332:ENSG00000171940.13",-0.00621862629743435,0.00307837702959771,0.0433731216517365
"chr20:2988474:2999331:clu_26344:ENSG00000132670.20",0.00357074964535009,0.00358199333848592,0.318831959351869
"chr20:3270562:3278912:clu_26374:ENSG00000088854.12",-0.00334930447828683,0.00352586323179793,0.342150528887353
"chr20:9401590:9407917:clu_26476:ENSG00000101333.16",-0.0018820701171778,0.00353289373619758,0.59422213492432
"chr20:5604440:5609640:clu_26445:ENSG00000125772.12",0.000276668003578043,0.00339261518332682,0.935004507834072
"chr20:3671985:3672721:clu_26387:ENSG00000149451.17",0.000262176493309931,0.00355512072216309,0.941212370246175
"chr20:36707007:36721679:clu_26918:ENSG00000101079.20",-0.0011043748726732,0.00399042485075932,0.781967304729939
"chr20:1443911:1444799:clu_26280:ENSG00000088833.17",0.00346254601663095,0.00276531259168191,0.210520500263299
"chr20:1373178:1374484:clu_26279:ENSG00000234684.6",-0.000548574955385966,0.00255843699039792,0.830221102200083
"chr20:62280122:62281058:clu_27468:ENSG00000130703.15",0.00531889686586478,0.00262632870515342,0.0428446442345869
"chr20:62323670:62323776:clu_27490:ENSG00000130702.15",0.00444076351973889,0.00257124911912145,0.0841525572909169
"chr20:62323670:62323792:clu_27490:ENSG00000130702.15",-0.00184567628330465,0.00253533287641843,0.466624705142783
"chr20:62322449:62322658:clu_27489:ENSG00000130702.15",0.00397155970597388,0.00173349916268607,0.0219596396508811
"chr20:45937585:45938981:clu_27153:ENSG00000100982.11",6.58442286939216e-05,0.00440373877905673,0.988070560333535
"chr20:45937698:45938981:clu_27153:ENSG00000100982.11",0.000987262912649419,0.00490096810689452,0.840352642731384
"chr20:45365686:45366875:clu_27117:ENSG00000244274.7",0.00722367736496672,0.00477277333335998,0.130148184848742
"chr20:45365686:45366875:clu_27117:ENSG00000204070.9",0.00741030949347614,0.0047433576126448,0.118229152377399
"chr20:45968362:45969451:clu_27176:ENSG00000198026.7",0.00491191692166181,0.0037362476716789,0.188622255476302
"chr20:45855292:45857188:clu_27138:ENSG00000101473.16",-0.00721187706836119,0.00383432054094707,0.0599889452767439
"chr20:46356637:46357623:clu_27188:ENSG00000080189.14",-0.00473713769396622,0.00352831350737824,0.179399328575522
"chr20:47663212:47663453:clu_27238:ENSG00000196562.14",0.00671100552154975,0.00333373543981792,0.0441084420445869
"chr20:49094286:49094732:clu_27257:ENSG00000124207.16",-0.0189566881509851,0.00695709923510054,0.00643408922519406
"chr20:39021935:39030704:clu_27018:ENSG00000101452.14",-0.0109481941509373,0.00422123596418413,0.00949771398768429
"chr20:34736758:34738859:clu_26794:ENSG00000198646.13",0.00477535449836738,0.00629203062832493,0.447880769912117
"chr20:35284492:35284697:clu_26843:ENSG00000242372.6",0.0354757034177368,0.00902815874221583,8.5140179353238e-05
"chr20:36195364:36197859:clu_26904:ENSG00000088367.21",-0.00707603023271417,0.00539846690609094,0.189942882659813
"chr20:35576828:35578836:clu_26867:ENSG00000088340.15",0.00310059823718144,0.00457510631804768,0.49795517796455
"chr20:35284492:35284726:clu_26843:ENSG00000242372.6",-0.0243918723980982,0.00821382734084103,0.0029817702185283
"chr20:10284772:10293161:clu_26482:ENSG00000132639.12",0.00329267091629923,0.00325545322427116,0.31180951333144
"chr20:5069349:5106188:clu_26432:ENSG00000089063.14",0.00177293657503874,0.0037914180695828,0.640057556429389
"chr20:3758678:3760082:clu_26400:ENSG00000101220.17",0.00150996854023186,0.00293804525321718,0.607296424102785
"chr20:3796731:3797664:clu_26405:ENSG00000101224.17",0.00408151788498913,0.00323110831771442,0.206519330192062
"chr20:4182323:4182483:clu_26423:ENSG00000088826.17",0.000479661938101837,0.0025132065540629,0.848637980623146
"chr20:3669370:3669546:clu_26385:ENSG00000149451.17",0.00246358704653733,0.00296946698930671,0.406742648628137
"chr20:3669370:3671006:clu_26385:ENSG00000149451.17",0.00154497445399882,0.00450551387132599,0.731668056623725
"chr20:41533570:41618340:clu_27056:ENSG00000124177.14",0.00489110136430156,0.00423185936110625,0.247770870305204
"chr20:41170269:41172421:clu_27035:ENSG00000124181.14",0.00953235083179872,0.0049702886193073,0.0551279207129709
"chr20:47649109:47650982:clu_27235:ENSG00000124151.18",0.00452209427210563,0.00366257099882972,0.21695052573756
"chr20:46726986:46729353:clu_27215:ENSG00000197496.5",0.0027173715493241,0.00385915654705481,0.481348002895082
"chr20:62549641:62551426:clu_27522:ENSG00000174403.15",0.00361525196719671,0.00261814476211951,0.167326639966228
"chr20:62316058:62316671:clu_27484:ENSG00000130702.15",0.00826962905741364,0.00387446627605794,0.0328107220846501
"chr20:62336986:62337590:clu_27502:ENSG00000130702.15",0.00641595155246691,0.00287306460832117,0.0255398040931613
"chr20:62906100:62907147:clu_27548:ENSG00000101191.16",0.00561587139521634,0.0027776796540314,0.0431985555687642
"chr20:62809663:62810499:clu_27535:ENSG00000060491.16",0.000807730145255095,0.00285896936337146,0.777541026508924
"chr20:49154071:49165997:clu_27263:ENSG00000124214.19",0.00518233630445063,0.00298961173185866,0.0830160826402637
"chr20:46358958:46364371:clu_27189:ENSG00000080189.14",0.00170052495314476,0.00429628822307396,0.692243291008747
"chr20:46371691:46371806:clu_27193:ENSG00000062598.17",-0.00270720719558947,0.00412198393955276,0.511326975306966
"chr20:46062889:46063337:clu_27178:ENSG00000124160.11",-0.00232037628180636,0.00364010440718196,0.523833248540526
"chr20:46062889:46063360:clu_27178:ENSG00000124160.11",0.00145190970599831,0.00401065185343328,0.717342018324471
"chr20:9457489:9468571:clu_26478:ENSG00000101333.16",0.00535087448333508,0.00425374884117369,0.20842079689638
"chr20:1445830:1452493:clu_26281:ENSG00000088833.17",0.0054867155645341,0.00299718420723033,0.0671567723920554
"chr20:499934:505118:clu_26257:ENSG00000101266.17",-0.00134985248936725,0.00289031376082671,0.640481074625983
"chr20:347142:347434:clu_26244:ENSG00000125841.12",0.00404131746435474,0.00332038286358779,0.223557064410844
"chr20:419731:422127:clu_26247:ENSG00000125826.20",-0.00445011978787556,0.00283497956092103,0.11648062157477
"chr20:1446149:1452493:clu_26281:ENSG00000088833.17",-0.00321745481687764,0.00303836128552247,0.289625229557104
"chr20:54058723:54070433:clu_27339:ENSG00000064787.13",-0.0183679571041656,0.00395960130283527,3.50370077772943e-06
"chr20:35658982:35664760:clu_26883:ENSG00000214078.12",0.0138781889542129,0.00515658102683189,0.00711624741605221
"chr20:35126375:35134738:clu_26835:ENSG00000088298.12",-0.00182719675591835,0.00701695631685067,0.794557295003029
"chr20:35632923:35653798:clu_26883:ENSG00000214078.12",0.0129593879689069,0.00738074432210936,0.0791161520897069
"chr20:35172224:35174702:clu_26838:ENSG00000101000.5",-0.0103048735237063,0.00806086508739297,0.201114387609113
"chr20:35559627:35560163:clu_26861:ENSG00000088340.15",-0.021661829681719,0.00530329442608224,4.41530502859333e-05
"chr20:5100931:5106188:clu_26432:ENSG00000089063.14",-0.00200258287339161,0.00347961988057836,0.564941215148336
"chr20:5952163:5952424:clu_26453:ENSG00000125885.13",0.000713020922511394,0.00342626310996481,0.835147339145213
"chr20:765825:768297:clu_26260:ENSG00000101276.14",0.00192234555932001,0.00251674098164931,0.4449725124785
"chr20:417342:417526:clu_26246:ENSG00000125826.20",-0.00827797395525087,0.00382330620184834,0.0303773506873438
"chr20:408779:409881:clu_26246:ENSG00000125826.20",-0.000592386622335113,0.00317410004245181,0.8519496733947
"chr20:51605020:51607527:clu_27321:ENSG00000054793.13",0.00312237453926969,0.00374691010701067,0.404664368567673
"chr20:5968025:5972007:clu_26455:ENSG00000125885.13",0.000730368656358497,0.00316866584833194,0.817705426593731
"chr20:17614220:17614737:clu_26533:ENSG00000125844.15",0.00183699983460886,0.00386182472996757,0.634301071322958
"chr20:17614220:17614740:clu_26533:ENSG00000125844.15",-0.000653729281695188,0.00389767121562322,0.866801166326032
"chr20:17969141:17969801:clu_26545:ENSG00000125871.13",-0.000542611586859702,0.0030370632519784,0.858202128154973
"chr20:17625602:17627348:clu_26536:ENSG00000125844.15",0.00168657331149385,0.00321913761681191,0.600333593376933
"chr20:11890954:11917778:clu_26494:ENSG00000132640.14",-0.0054965180153558,0.00404806338614071,0.174522642687438
"chr20:2467315:2467607:clu_26301:ENSG00000125835.18",0.00500242310197639,0.0043050327876769,0.245237823544497
"chr20:1118902:1125498:clu_26268:ENSG00000125818.17",-0.00347346548657336,0.00276164126223948,0.208480717705481
"chr20:408779:409830:clu_26246:ENSG00000125826.20",-0.00023541240387912,0.00392894023447268,0.952221316129511
"chr20:50940955:50942031:clu_27316:ENSG00000000419.12",-0.00845180470596613,0.00368750497574687,0.0219049655781566
"chr20:38222597:38223538:clu_26977:ENSG00000149633.11",0.00284480495840956,0.00338138789314012,0.400172714744271
"chr20:38228240:38231202:clu_26978:ENSG00000149633.11",-0.00106110645650542,0.00389740224567033,0.785422165235905
"chr20:38219768:38222449:clu_26977:ENSG00000149633.11",0.0019945550787546,0.003304484616192,0.546116019553455
"chr20:38427766:38431041:clu_26985:ENSG00000196756.11",-0.0067599012559898,0.00381859397100322,0.0766839649990777
"chr20:2484656:2486641:clu_26302:ENSG00000125835.18",0.00304658811619687,0.00323237591214775,0.345925024521382
"chr20:2484656:2486641:clu_26302:ENSG00000088876.11",0.00359356652239794,0.00329046077040932,0.274781894866906
"chr20:1924877:1927875:clu_26296:ENSG00000198053.11",-0.00488042917480838,0.00215379189121049,0.0234531813634284
"chr20:44514040:44521913:clu_27088:ENSG00000132824.13",0.00080572993580574,0.00404858860604972,0.842250996619433
"chr20:43530419:43532773:clu_27061:ENSG00000185513.14",0.00113919498829806,0.00299952389339029,0.704099868344982
"chr20:44065910:44066730:clu_27077:ENSG00000124191.17",0.000218353775901308,0.00289977993519272,0.939975926336152
"chr20:44211356:44214888:clu_27083:ENSG00000223891.5",-0.000111588786878143,0.00295037022269511,0.969829634719498
"chr20:57376266:57378013:clu_27364:ENSG00000101146.12",-0.0071652257933929,0.00267817215938181,0.00746364787386156
"chr20:57393333:57407543:clu_27366:ENSG00000132819.16",-0.00422154296137477,0.00264786786964493,0.110864865694525
"chr20:57392777:57393279:clu_27366:ENSG00000132819.16",0.00407046398416303,0.00282735195566392,0.149959764267248
"chr20:57374801:57378013:clu_27364:ENSG00000101146.12",0.00296051820211227,0.00272155538160273,0.276681745234668
"chr20:57171108:57173200:clu_27358:ENSG00000101144.12",0.0089723101463306,0.00260696781423938,0.000578145538676966
"chr20:41352220:41352638:clu_27042:ENSG00000132793.11",0.00198202700307119,0.00435842530303517,0.649283641464666
"chr20:41092587:41097220:clu_27023:ENSG00000198900.5",0.00608718329150996,0.00443637011334638,0.170029512941488
"chr20:53583168:53597631:clu_27333:ENSG00000171940.13",-0.00650417449687664,0.00343593913250564,0.0583601252230366
"chr20:59868568:59868835:clu_27422:ENSG00000196074.12",-0.00632015729907647,0.00266680275095291,0.0177910661861861
"chr20:21334185:21339044:clu_26600:ENSG00000088930.7",-9.01256853257375e-05,0.00529048978163255,0.986408363333693
"chr20:21334185:21339020:clu_26600:ENSG00000088930.7",0.00213123089798809,0.00521401384765997,0.682722751097399
"chr20:58652138:58667490:clu_27389:ENSG00000124222.22",0.00314250516991275,0.00372264162684471,0.398580001126199
"chr20:58670603:58671154:clu_27392:ENSG00000124222.22",-0.00451149785741635,0.00280218784764226,0.107399771047978
"chr20:58691830:58693737:clu_27394:ENSG00000215440.11",0.00176994409924669,0.00285550165742428,0.535365447962344
"chr20:33770292:33783732:clu_26762:ENSG00000131061.13",0.0115075090823173,0.00537514271978462,0.0322841135136321
"chr20:32311181:32316218:clu_26722:ENSG00000101350.7",0.0170672957579274,0.00533633633054478,0.00138232186315779
"chr20:33372697:33374115:clu_26743:ENSG00000101391.20",-0.000353028277200935,0.00538916967743182,0.947770342105974
"chr20:32208065:32210071:clu_26720:ENSG00000101346.13",0.0173083243730097,0.00421873598832015,4.0830795386082e-05
"chr20:18535742:18542296:clu_26566:ENSG00000101310.14",-0.00448115678030065,0.00304292396003068,0.140845895302274
"chr20:18495880:18497069:clu_26563:ENSG00000089050.15",-0.000660345411824064,0.0039868318723376,0.868446863766409
"chr20:18011009:18023442:clu_26547:ENSG00000125850.10",-0.00334893563087936,0.00326877383539274,0.305588073977284
"chr20:32474742:32483362:clu_26733:ENSG00000197183.14",-0.0043190470429664,0.00344381732467599,0.209789225938497
"chr20:32158514:32159992:clu_26718:ENSG00000101337.15",0.00348175875418442,0.00475078500943906,0.463631181181794
"chr20:31561736:31566210:clu_26690:ENSG00000101294.16",-0.00883760644700393,0.0126592297195941,0.485104868506831
"chr20:49255947:49257417:clu_27270:ENSG00000124201.14",-0.00905922209106404,0.00322094488310831,0.00491430956513872
"chr20:49154071:49158437:clu_27263:ENSG00000124214.19",-0.000254435559088043,0.00366025750419635,0.944581267958495
"chr20:49936552:49945382:clu_27289:ENSG00000124226.10",0.0162154697870157,0.00474917837692447,0.000639288233918123
"chr20:49154071:49188116:clu_27263:ENSG00000124214.19",-0.00707043330559435,0.00374147098510036,0.0587918143879811
"chr20:58707200:58712479:clu_27397:ENSG00000215440.11",0.00177648610938491,0.00255842966169875,0.487452823307832
"chr20:58691562:58691724:clu_27393:ENSG00000215440.11",-0.00440969024573886,0.00272434459752877,0.105528133027898
"chr20:58418363:58438945:clu_27387:ENSG00000124164.15",-0.00357664140254393,0.00340985325731985,0.294217892727898
"chr20:58691562:58691724:clu_27393:ENSG00000124222.22",-0.00373748399895595,0.00266399709918394,0.160628472957932
"chr20:58232922:58235240:clu_27381:ENSG00000124224.16",0.0039525524493417,0.00286170099947769,0.167220586716532
"chr20:58712290:58712479:clu_27397:ENSG00000215440.11",0.000598311027830689,0.00264942889357684,0.82133643181066
"chr20:33640531:33644347:clu_26753:ENSG00000078699.21",-0.00500302792397861,0.00435318374231599,0.250440455863247
"chr20:31864430:31864953:clu_26698:ENSG00000149599.15",-0.00158246503143724,0.00579093317836776,0.78464876427197
"chr20:10277726:10284724:clu_26482:ENSG00000132639.12",0.00437422814563901,0.00319869069903192,0.171466814441629
"chr20:45407409:45408460:clu_27117:ENSG00000244274.7",0.0073101256763574,0.00382254038332824,0.055828279523329
"chr20:44206998:44207554:clu_27082:ENSG00000132823.10",0.00638582670501653,0.0043307899386709,0.140342237888979
"chr20:44114270:44114782:clu_27078:ENSG00000149596.6",-0.0109935039019718,0.00483979267550471,0.0231177909728085
"chr20:45407409:45408460:clu_27117:ENSG00000204070.9",0.00766225824458148,0.00385172264661656,0.0466673440804604
"chr20:13793227:13794838:clu_26513:ENSG00000101247.17",0.00600567857958126,0.00324301693778836,0.0640430399712307
"chr20:14327558:14337404:clu_26520:ENSG00000125848.9",-0.00510976410882508,0.00361314362588581,0.157298606676768
"chr20:50945762:50945847:clu_27316:ENSG00000000419.12",0.000763246162845885,0.00359774239404224,0.83199324088706
"chr20:50933827:50935788:clu_27315:ENSG00000259456.3",0.00532887004930666,0.0029413692707523,0.0700330187342795
"chr20:58995759:58997603:clu_27406:ENSG00000101160.13",0.00448153500504351,0.00313653037001189,0.153056188120487
"chr20:58434705:58438945:clu_27387:ENSG00000124164.15",0.0034983550253741,0.0025478490702088,0.169733038293473
"chr20:16369266:16370586:clu_26523:ENSG00000089177.18",2.81964957114924e-05,0.00389274280248823,0.994220693990458
"chr20:49233709:49234935:clu_27267:ENSG00000124228.14",0.00179195266033705,0.00598758613111857,0.764727957297205
"chr20:49233709:49234769:clu_27267:ENSG00000124228.14",0.00332007290648201,0.00658202395161017,0.613969641222064
"chr20:50608955:50609293:clu_27306:ENSG00000042062.11",-0.0028175629834211,0.00339353938293549,0.406384639957322
"chr20:44885886:44901531:clu_27101:ENSG00000166913.12",-0.00148326814477271,0.00274895147287855,0.589489495442789
"chr20:44720121:44727087:clu_27099:ENSG00000064205.10",-0.00385297239682208,0.00510651808540174,0.45053676197698
"chr20:45406210:45408460:clu_27117:ENSG00000244274.7",-0.0036410223344724,0.00451238716288152,0.419727018719187
"chr20:45406210:45408460:clu_27117:ENSG00000204070.9",-0.00353711830438697,0.00428628609588937,0.409248118756304
"chr20:44901833:44903993:clu_27102:ENSG00000166913.12",0.00499877765804482,0.0054836098290732,0.361987107099844
"chr20:44932432:44932535:clu_27105:ENSG00000101104.12",0.00590382235887544,0.00383498921324301,0.12369140837722
"chr20:16356452:16370586:clu_26523:ENSG00000089177.18",0.00400780996964941,0.0027343559626682,0.142723611618263
"chr20:16381747:16404813:clu_26524:ENSG00000089177.18",-0.000386167940284822,0.00375070445102719,0.917995688819409
"chr20:508660:527933:clu_26258:ENSG00000101266.17",0.00461117277922379,0.00299101381321425,0.12315246330131
"chr20:34575246:34581548:clu_26788:ENSG00000101464.10",-0.00784476644779017,0.00528463425317247,0.137690023423903
"chr20:1464426:1466720:clu_26284:ENSG00000088833.17",-0.00386908633824443,0.00290302838619499,0.182605349073849
"chr20:2492825:2493519:clu_26303:ENSG00000088876.11",0.00428273291671076,0.00310282531890249,0.16750390381173
"chr20:2494044:2500656:clu_26303:ENSG00000088876.11",-0.00222951010155318,0.00326587947321034,0.494816907535488
"chr20:2465819:2467607:clu_26301:ENSG00000125835.18",-0.00691272836843918,0.00465073560210004,0.137180456746658
"chr20:1464426:1466720:clu_26284:ENSG00000196209.12",-0.00351200628117014,0.00293958091282027,0.23219243400816
"chr20:2465819:2467192:clu_26301:ENSG00000125835.18",0.0130580120659005,0.00479420437313915,0.00645535825716248
"chr20:2835709:2838232:clu_26330:ENSG00000132635.16",0.00397048526710558,0.0033419623609931,0.23480582717978
"chr20:3110309:3115305:clu_26355:ENSG00000185019.16",-0.00390441511907807,0.00296776290268465,0.188305363931073
"chr20:3745088:3745493:clu_26397:ENSG00000132622.10",-0.000262024963756385,0.00275379539459546,0.924195299759127
"chr20:3745088:3745471:clu_26397:ENSG00000132622.10",0.00893714617050077,0.00341514535261298,0.00887283517757831
"chr20:2859807:2860449:clu_26333:ENSG00000215305.9",0.00457362820333561,0.00299476674499613,0.126709590462266
"chr20:2653393:2654176:clu_26307:ENSG00000101361.16",0.00707627664301756,0.00410902227496941,0.0850457022932926
"chr20:3613233:3615828:clu_26383:ENSG00000088812.17",-0.00747093721191369,0.00332540639888071,0.0246640788310553
"chr20:3673911:3674064:clu_26390:ENSG00000149451.17",0.00453339193864636,0.00254144561176825,0.0744586476705725
"chr20:5183143:5184858:clu_26436:ENSG00000101290.13",-0.00673361337204693,0.00308027926031511,0.0288126861824264
"chr20:21229115:21244245:clu_26599:ENSG00000088970.15",2.195422826432e-05,0.00707257381405942,0.997523262095836
"chr20:21132159:21136390:clu_26597:ENSG00000088970.15",-0.00762243048207177,0.004474280347137,0.0884538993109841
"chr20:20472956:20495117:clu_26587:ENSG00000188559.13",0.0019071115023543,0.00488107176987962,0.696007373076469
"chr20:21244764:21246479:clu_26599:ENSG00000088970.15",-0.00674193697453825,0.00403738951431477,0.0949440407309979
"chr20:20526362:20531687:clu_26589:ENSG00000188559.13",-0.00226865936506031,0.00402634466812716,0.573125883895188
"chr20:2659793:2660068:clu_26312:ENSG00000101365.20",-0.01040172768975,0.00347087196410642,0.00272773288312389
"chr20:2659793:2660030:clu_26312:ENSG00000101365.20",0.0100408753900048,0.00333446182234868,0.00260180399248844
"chr20:2861704:2861805:clu_26336:ENSG00000215305.9",0.000203424604724278,0.00266141477110918,0.939073214376824
"chr20:59995939:59996631:clu_27435:ENSG00000124215.16",0.00394110021407191,0.0041796692589615,0.345721031508942
"chr20:4867875:4869906:clu_26428:ENSG00000089057.14",-0.00209218331440965,0.00327764261604324,0.523265697331129
"chr20:5944914:5946406:clu_26451:ENSG00000089195.14",-0.00184669410805569,0.00279837120453279,0.509306778199097
"chr20:5944253:5944805:clu_26451:ENSG00000089195.14",0.00436443329763799,0.00334920519207882,0.192532061132105
"chr20:58659634:58667490:clu_27389:ENSG00000124222.22",-0.00279626022969622,0.00352091690371175,0.427087600970444
"chr20:58389517:58418211:clu_27386:ENSG00000124164.15",0.00180496678826657,0.00267963356263036,0.500573812207876
"chr20:58652087:58667490:clu_27389:ENSG00000124222.22",0.00566814088308791,0.00363115059442888,0.118529286786759
"chr20:58701158:58702923:clu_27396:ENSG00000215440.11",0.00308881712420229,0.00280938095794697,0.271565123280965
"chr20:5598821:5604364:clu_26445:ENSG00000125772.12",0.00687383614052417,0.00272680365921608,0.0117075023529959
"chr20:5604440:5610842:clu_26445:ENSG00000125772.12",-0.00832226242205409,0.00251593088559987,0.000940230980745027
"chr20:5186839:5189067:clu_26437:ENSG00000101290.13",-0.00937177518752423,0.00293406359237707,0.00140253830353743
"chr20:32465117:32474601:clu_26732:ENSG00000197183.14",0.0196833675123749,0.00463788172837801,2.19528673722769e-05
"chr20:32428248:32428325:clu_26728:ENSG00000171456.16",-0.000865927704873778,0.0044453146955559,0.845552973769645
"chr20:43459420:43459771:clu_27057:ENSG00000124193.14",-0.00553189771291813,0.0043938555097507,0.208027567647759
"chr20:43580061:43584852:clu_27070:ENSG00000101049.14",0.00854406670645255,0.00350257019527876,0.0147128715110595
"chr20:45407067:45408460:clu_27117:ENSG00000204070.9",-0.00148530801712606,0.00507867840163514,0.769935280380565
"chr20:43458509:43459771:clu_27057:ENSG00000124193.14",0.00177495110355225,0.00483019417751798,0.713268519649763
"chr20:45416343:45419295:clu_27121:ENSG00000124155.17",-0.00187959448897501,0.00361029626349084,0.602631118755781
"chr20:45407067:45408460:clu_27117:ENSG00000244274.7",-0.000615644110632296,0.0051459584198009,0.904771157482029
"chr20:57392492:57392654:clu_27365:ENSG00000132819.16",0.00198050553587869,0.00287688643964945,0.491188469966978
"chr20:57391818:57392654:clu_27365:ENSG00000132819.16",-0.00395989390307656,0.00294679366564064,0.179013884504547
"chr20:47702670:47736703:clu_27243:ENSG00000196562.14",-0.00261606639120301,0.00316129185788739,0.407936270236009
"chr20:58691227:58691405:clu_27393:ENSG00000215440.11",-6.42836492868123e-05,0.00256793892455526,0.980028506792315
"chr20:58691227:58691405:clu_27393:ENSG00000124222.22",-0.000915835061245147,0.00252495308793518,0.716818769202777
"chr20:62311307:62311401:clu_27479:ENSG00000130702.15",0.00308377663045777,0.00366539545183944,0.400167752752467
"chr20:62273406:62279157:clu_27467:ENSG00000130703.15",-0.00238478758846651,0.00262659366269047,0.363910297148217
"chr20:62126439:62127585:clu_27451:ENSG00000149657.19",0.000145989841780955,0.00357197982031002,0.967398858507943
"chr20:62124780:62126304:clu_27451:ENSG00000149657.19",0.000246718585249503,0.00277214074304378,0.929082466542452
"chr20:59882165:59885928:clu_27425:ENSG00000196074.12",-0.0115530394522851,0.00308568295187038,0.000181056984924988
"chr20:60001411:60002813:clu_27436:ENSG00000124215.16",0.00196711221437029,0.00335718271630657,0.557914920335144
"chr20:59875469:59877385:clu_27423:ENSG00000196074.12",-0.000410021241280653,0.00329787871564934,0.901054959982818
"chr20:25751338:25752563:clu_26659:ENSG00000226465.1",-0.00636182184577036,0.00668986318665309,0.34162243931309
"chr20:32366466:32369015:clu_26726:ENSG00000171456.16",-0.00862280665947559,0.00493670056870946,0.0806938982942261
"chr20:3754519:3755469:clu_26399:ENSG00000101220.17",0.00760393405473207,0.00304382649468753,0.0124843482963627
"chr20:4222130:4247847:clu_26426:ENSG00000171873.7",0.0134310726037614,0.00464307691799461,0.00381934399090644
"chr20:3857809:3861332:clu_26414:ENSG00000088888.17",-0.000612014269429587,0.00257096114779023,0.811843228858025
"chr20:17592063:17600738:clu_26532:ENSG00000125868.15",0.00135804772585381,0.00341269294726854,0.690674263976736
"chr20:17570211:17600738:clu_26532:ENSG00000125868.15",-0.0019593665758436,0.00287782049445954,0.495965860519618
"chr20:3671779:3671877:clu_26387:ENSG00000149451.17",0.00218408620372691,0.00288876819137105,0.449612366835027
"chr20:50143621:50151212:clu_27292:ENSG00000240849.10",-0.00128673833736805,0.00340359379193421,0.705391332762852
"chr20:50084254:50096483:clu_27290:ENSG00000244687.11",-0.00238443446398847,0.00395095299437365,0.546170336597656
"chr20:50595101:50595369:clu_27302:ENSG00000042062.11",-0.00030268669912739,0.00317041619137256,0.92393974791015
"chr20:50143621:50153517:clu_27292:ENSG00000240849.10",0.00376154496301518,0.0039364164039113,0.339286501687897
"chr20:38165268:38166435:clu_26975:ENSG00000198959.11",-0.000234323216835013,0.00340227449535178,0.945091092753312
"chr20:38448730:38450262:clu_26989:ENSG00000174365.19",0.00261160652117697,0.00459219068406759,0.569555656695705
"chr20:10420758:10434108:clu_26485:ENSG00000125863.18",0.00322625027807671,0.00263990317619551,0.221666288743678
"chr20:3343731:3348525:clu_26378:ENSG00000088854.12",0.000267733532908248,0.00358848909253217,0.940525824161353
"chr20:2655746:2655934:clu_26308:ENSG00000101361.16",-0.00631390123077808,0.00392743802035178,0.107914338071931
"chr20:18394350:18396472:clu_26557:ENSG00000089091.16",-0.00525482030130072,0.00341015573964955,0.123333179861901
"chr20:19935199:19956615:clu_26577:ENSG00000132669.12",0.0042344169901537,0.00334597738348058,0.205683303533999
"chr20:19965024:19970838:clu_26578:ENSG00000132669.12",-0.00120200638059228,0.0037160605561756,0.746344973868084
"chr20:19960811:19964952:clu_26578:ENSG00000132669.12",0.00261340192284992,0.00369527380521748,0.479424662977554
"chr20:19871295:19889566:clu_26576:ENSG00000132669.12",0.00061672693845694,0.00495650900817301,0.900976654710883
"chr20:19871295:19889566:clu_26576:ENSG00000233895.1",-0.00170410573459825,0.00487691995296097,0.726772117504116
"chr20:49855581:49859500:clu_27283:ENSG00000197818.11",-0.00566106386891521,0.00375613994823024,0.131772380487339
"chr20:50130947:50131020:clu_27291:ENSG00000240849.10",0.0057210415624334,0.00403250309940374,0.155977136989052
"chr20:49855581:49862929:clu_27283:ENSG00000197818.11",0.00210949947779051,0.00372779210057534,0.5714723520816
"chr20:38239725:38240582:clu_26979:ENSG00000149633.11",0.00413023410431126,0.00338565864877542,0.222495045894539
"chr20:37129167:37137810:clu_26935:ENSG00000101353.14",-0.00345594327615244,0.00445512469049235,0.437912478953297
"chr20:37521403:37522358:clu_26954:ENSG00000053438.8",-0.0107924132362594,0.00380396413344863,0.00455183569377959
"chr20:37694152:37732879:clu_26955:ENSG00000132792.18",0.00173731921260062,0.00389302617046181,0.655406226943546
"chr20:37184373:37203885:clu_26938:ENSG00000118705.16",-0.0113610140703089,0.00531170502142324,0.0324466931945763
"chr20:38213743:38217253:clu_26976:ENSG00000149633.11",-0.0050505396226376,0.00369710279855963,0.171913733461893
"chr20:43536294:43536409:clu_27065:ENSG00000185513.14",-0.00241546033922021,0.00307011092525621,0.431418584231586
"chr20:57392777:57407543:clu_27366:ENSG00000132819.16",0.0052934024289159,0.00340950815576665,0.120532744319794
"chr20:9096342:9217390:clu_26473:ENSG00000101333.16",-0.000371866975559035,0.00259087797309551,0.885872150285843
"chr20:35602607:35602689:clu_26873:ENSG00000088340.15",0.00264541808324683,0.00647058925947179,0.682659082792355
"chr20:35007867:35008664:clu_26827:ENSG00000100991.11",-0.011725045591649,0.00662280889262568,0.0766599082063635
"chr20:35277932:35278046:clu_26840:ENSG00000126005.16",0.00247987607191769,0.00462514519723752,0.591839276409694
"chr20:34852272:34852389:clu_26802:ENSG00000131067.16",0.00610023412576506,0.00458291537906685,0.183162177667261
"chr20:35236191:35272005:clu_26837:ENSG00000126005.16",-0.020995196186015,0.00525889872181889,6.543053926511e-05
"chr20:35579114:35579258:clu_26868:ENSG00000088340.15",-0.00913233619399417,0.00712849261888251,0.200157346680927
"chr20:35599944:35600113:clu_26871:ENSG00000088340.15",0.00209248260340545,0.00445599769795944,0.638649470861555
"chr20:35599944:35600043:clu_26871:ENSG00000088340.15",-0.00755459230673012,0.00481383664419096,0.116566515661206
"chr20:35690565:35692249:clu_26887:ENSG00000244005.12",0.0163829311664659,0.00590575370596021,0.00553610044500263
"chr20:35007640:35008664:clu_26827:ENSG00000100991.11",0.0133273680504819,0.00677089398149284,0.0490298374624761
"chr20:35269023:35272005:clu_26837:ENSG00000126005.16",0.0128378756067892,0.0079273656348222,0.105353098129591
"chr20:34860077:34860254:clu_26805:ENSG00000131067.16",-0.0114374951567674,0.00627112682239974,0.0681771517871055
"chr20:35472151:35472673:clu_26852:ENSG00000126001.15",0.00823705804253189,0.00844929371986596,0.329619166685018
"chr20:35583012:35583128:clu_26869:ENSG00000088340.15",0.00190234462089213,0.00560573239679365,0.734340795269026
"chr20:34413879:34424480:clu_26779:ENSG00000078747.14",0.00679097139498439,0.00695295635839077,0.328716347639149
"chr20:35631173:35631268:clu_26881:ENSG00000214078.12",-0.012994706324407,0.00626114615178055,0.0379446923655473
"chr20:35035308:35044505:clu_26831:ENSG00000100991.11",0.00400586268990705,0.00700073600711077,0.567182467422093
"chr20:35280829:35284176:clu_26842:ENSG00000242372.6",-0.0136687143297746,0.00590618532165133,0.0206509967152231
"chr20:34424525:34438474:clu_26779:ENSG00000078747.14",0.00261635516485865,0.00539632769248387,0.627789892665977
"chr20:35004364:35004458:clu_26825:ENSG00000100991.11",-0.00840371983739222,0.00600144141332665,0.161428417391428
"chr20:36112480:36173764:clu_26902:ENSG00000088367.21",-0.00498593026859946,0.00573955179093663,0.385012992710309
"chr20:35044712:35049866:clu_26831:ENSG00000100991.11",-0.00490300996075135,0.00735290522180423,0.504891833652728
"chr20:35467072:35467304:clu_26850:ENSG00000126001.15",-0.00346088018385021,0.00536602624922571,0.518952154240525
"chr20:35284261:35284381:clu_26842:ENSG00000242372.6",-0.00154314230442024,0.00549420483977868,0.778812206657351
"chr20:35576828:35579056:clu_26867:ENSG00000088340.15",0.0160009979322809,0.00611661486497774,0.00889693927300317
"chr20:34850060:34851231:clu_26800:ENSG00000131067.16",0.00489144848541726,0.00825046895578177,0.553268727971575
"chr20:34754868:34757220:clu_26796:ENSG00000198646.13",0.00763354036589295,0.00677023798044489,0.259525083658452
"chr20:35560638:35561852:clu_26862:ENSG00000088340.15",-0.00869087151005151,0.00679525518161168,0.200910523115135
"chr20:35618475:35618612:clu_26877:ENSG00000061656.9",-0.0114479939180759,0.00568318197037548,0.0439713910722194
"chr20:35004570:35005695:clu_26826:ENSG00000100991.11",0.0112981258169475,0.00505516919190303,0.0254196517599864
"chr20:17975903:17988166:clu_26546:ENSG00000125871.13",0.00181088540290204,0.00444119545906147,0.683459216589934
"chr20:16374409:16378805:clu_26526:ENSG00000089177.18",-0.00157740010153587,0.0028380887315629,0.578349901869841
"chr20:18138444:18142208:clu_26551:ENSG00000232838.3",-0.00102928394674114,0.00297082992950076,0.728994458023395
"chr20:18138444:18142208:clu_26551:ENSG00000149474.13",-0.00102928394674114,0.00297082992950076,0.728994458023395
"chr20:50082914:50084129:clu_27290:ENSG00000244687.11",0.000318642681148771,0.00364163194423044,0.930274110308385
"chr20:3287790:3290129:clu_26375:ENSG00000088854.12",0.0028046523600788,0.0031536086276633,0.373816621506887
"chr20:3290217:3294139:clu_26375:ENSG00000088854.12",-0.00487171593504208,0.00321165308604014,0.129295128271247
"chr20:18288604:18305681:clu_26555:ENSG00000125846.15",-0.00666440869583009,0.00357439363084292,0.0622534146512482
"chr20:18433765:18443347:clu_26558:ENSG00000089091.16",-0.00292498909304763,0.00303959009487329,0.335900325906105
"chr20:34935642:34936763:clu_26811:ENSG00000100983.9",-0.0194148802610118,0.00740140560339462,0.00871249439316246
"chr20:34932133:34935576:clu_26811:ENSG00000100983.9",0.00691890281563726,0.0067821960009822,0.307654140824739
"chr20:35115933:35123890:clu_26834:ENSG00000088298.12",-0.0129843895688321,0.0052084219877804,0.0126682987331137
"chr20:35455242:35458304:clu_26848:ENSG00000126001.15",-0.0205482157125882,0.00534237070476069,0.000119928179580842
"chr20:35729527:35731941:clu_26894:ENSG00000131051.22",-0.0246263033661064,0.00512193883212491,1.52444571410726e-06
"chr20:58673711:58676187:clu_27393:ENSG00000124222.22",0.00643684247995819,0.0042377566468565,0.128780902250528
"chr20:58673711:58676187:clu_27393:ENSG00000215440.11",0.00690315123047309,0.00432720612720985,0.110647268134709
"chr20:58999580:59001465:clu_27407:ENSG00000101160.13",0.000519974868209593,0.00249444638003434,0.834875265503528
"chr20:58997753:58999235:clu_27407:ENSG00000101160.13",0.000364319857363529,0.00324793453125745,0.910688849665559
"chr20:58441083:58444077:clu_27387:ENSG00000124164.15",0.00164190548601618,0.00300507628539095,0.584806606289834
"chr20:38216994:38217253:clu_26976:ENSG00000149633.11",0.00194323965511386,0.00427983448429997,0.649796067213104
"chr20:38446948:38447466:clu_26987:ENSG00000174365.19",-0.00396216867396021,0.00344255033967364,0.249756945904482
"chr20:5972726:5973056:clu_26455:ENSG00000125885.13",-0.00223066912955479,0.00319403081575669,0.484935296055444
"chr20:5584322:5586194:clu_26444:ENSG00000125772.12",-0.00234391914300861,0.00322322807138826,0.467105785559364
"chr20:5575545:5575816:clu_26441:ENSG00000125772.12",-0.00619877002916644,0.00264872953817489,0.0192692626895978
"chr20:5567560:5570147:clu_26440:ENSG00000125772.12",0.00160253926079109,0.0033197466114035,0.629287891459703
"chr20:43534942:43535837:clu_27064:ENSG00000185513.14",0.000402075003837519,0.00351245409612366,0.908864237345881
"chr20:2484656:2492699:clu_26302:ENSG00000125835.18",0.0119745173855377,0.00392468068796142,0.00228019302267468
"chr20:2484656:2492699:clu_26302:ENSG00000088876.11",0.0113939627780084,0.00403031988735855,0.00469772833274418
"chr20:3218632:3226683:clu_26365:ENSG00000125877.12",-0.000375364927983259,0.00302415465201758,0.901218468806358
"chr20:3149260:3159766:clu_26356:ENSG00000185019.16",-0.00336480905201326,0.00278226600579093,0.226517966672944
"chr20:2658522:2658627:clu_26311:ENSG00000101365.20",-0.00275050027969794,0.003349376367274,0.41153364763206
"chr20:3123406:3159766:clu_26356:ENSG00000215251.3",0.00338200247057631,0.00289428488564807,0.242600879670796
"chr20:3046737:3047735:clu_26353:ENSG00000125901.5",-0.00413936191660474,0.00475744808716008,0.384256516057798
"chr20:2860367:2860449:clu_26333:ENSG00000215305.9",-0.000740050752668252,0.00307459381735844,0.809788642114638
"chr20:3123406:3159766:clu_26356:ENSG00000185019.16",0.00282551219115842,0.00287704479212929,0.326056321197205
"chr20:3046900:3047735:clu_26353:ENSG00000125901.5",0.00444592232899874,0.00507297970710335,0.380816591228185
"chr20:3149260:3159766:clu_26356:ENSG00000215251.3",-0.00384405137742961,0.00279538009129405,0.169086670625373
"chr20:50611204:50616002:clu_27308:ENSG00000042062.11",-0.0051070496599999,0.00268205727184388,0.0568901511294443
"chr20:8739360:8740344:clu_26468:ENSG00000182621.17",0.0056132592584963,0.00468016538834029,0.230383335321842
"chr20:43576379:43579972:clu_27069:ENSG00000101049.14",-0.00425283718125931,0.00302520262811696,0.159782802699082
"chr20:44211356:44224821:clu_27083:ENSG00000223891.5",-0.00168437009079409,0.00257006605531921,0.512223075067096
"chr20:44932026:44933057:clu_27105:ENSG00000101104.12",0.000580521286583609,0.0058605304629499,0.921093728399675
"chr20:44113503:44114782:clu_27078:ENSG00000149596.6",0.00416918518580364,0.00356681715876494,0.242451536814291
"chr20:50610906:50611181:clu_27307:ENSG00000042062.11",-0.0013244346120542,0.00364475864731008,0.716320586000073
"chr20:33385770:33387323:clu_26745:ENSG00000101391.20",0.0211364450546089,0.00469544709639098,6.74830075353405e-06
"chr20:33387533:33392142:clu_26745:ENSG00000101391.20",-0.0102419327715215,0.00404267293849097,0.0112944017664063
"chr20:34743341:34746807:clu_26794:ENSG00000198646.13",-0.00772318750796428,0.0067641452560635,0.253544141546172
"chr20:33660395:33662212:clu_26756:ENSG00000125967.16",0.0236836559755265,0.00510509371760521,3.49725580839344e-06
"chr20:34585580:34588453:clu_26788:ENSG00000101464.10",-0.0111400744867399,0.00491274023039177,0.0233542839009089
"chr20:49117248:49117777:clu_27260:ENSG00000124214.19",0.000294595950280662,0.00403118647904261,0.941743080096198
"chr20:49085386:49088009:clu_27259:ENSG00000124207.16",0.00242924971310313,0.00362644511054936,0.502940150906172
"chr20:57367079:57368705:clu_27362:ENSG00000101146.12",-0.00768454805760166,0.00335938773465452,0.0221675472424206
"chr20:58673711:58691034:clu_27393:ENSG00000215440.11",-0.00314976977783164,0.00272938735538011,0.248491641696245
"chr20:58673711:58691034:clu_27393:ENSG00000124222.22",-0.00343559342268126,0.00270204374469314,0.203558090466226
"chr20:58418363:58434602:clu_27387:ENSG00000124164.15",-0.00248107451855429,0.00247192140640983,0.315521871144113
"chr20:56370659:56373408:clu_27345:ENSG00000087586.17",-0.00368480000828369,0.00274090391380426,0.178827471163815
"chr20:20601846:20605175:clu_26593:ENSG00000188559.13",0.00298737483965772,0.00419856635710153,0.476760452766523
"chr20:3209617:3213169:clu_26364:ENSG00000125877.12",-0.00908831183433757,0.00289323652612753,0.00168241747491327
"chr20:3200454:3203213:clu_26362:ENSG00000198171.12",-0.000206782337844852,0.00408093138746603,0.959588180886632
"chr20:3213383:3213985:clu_26364:ENSG00000125877.12",0.00260742413478211,0.00270566923085562,0.335201785737171
"chr20:3200449:3203213:clu_26362:ENSG00000198171.12",-0.000892007513858922,0.00419925886476427,0.831779208346124
"chr20:13850319:13865167:clu_26518:ENSG00000101251.11",-0.000193505235264755,0.00459198028965806,0.966387234424282
"chr20:14327558:14328580:clu_26520:ENSG00000125848.9",0.00480235497055146,0.00405740858624416,0.236570838369365
"chr20:13849604:13850191:clu_26517:ENSG00000101251.11",-0.0042370336230282,0.00412569277737942,0.30442649712321
"chr20:16044639:16049830:clu_26522:ENSG00000172264.16",-0.00560065453070628,0.00383004338681884,0.14366029968103
"chr20:64058887:64059613:clu_27664:ENSG00000237371.1",-0.00917124773669723,0.00351740479820055,0.00912352551140894
"chr20:63931022:63931109:clu_27631:ENSG00000101152.10",0.000255679118825957,0.00338770719088998,0.939838685847777
"chr20:64058887:64059613:clu_27664:ENSG00000171703.16",-0.00917124773669723,0.00351740479820055,0.00912352551140894
"chr20:63940055:63940150:clu_27632:ENSG00000198276.15",-0.00430768584992924,0.00391110245724936,0.270722872006464
"chr20:63738060:63738183:clu_27612:ENSG00000203896.9",-0.00323163082532365,0.00240317789995659,0.178711715913444
"chr20:64076954:64079294:clu_27670:ENSG00000171700.13",-0.00733075385256362,0.00292804761597816,0.0122925799626462
"chr20:63981316:63983047:clu_27656:ENSG00000101161.7",0.0212255385073266,0.00390271219677771,5.36817232887898e-08
"chr20:63627392:63628190:clu_27585:ENSG00000232442.1",-0.00216935098446339,0.00269774202928562,0.421318542601457
"chr20:63661496:63661744:clu_27589:ENSG00000258366.7",-0.00689896671255124,0.00308032484507338,0.0251111826062876
"chr20:31566295:31569120:clu_26690:ENSG00000101294.16",0.0121361833807041,0.00934933502797017,0.194259898738058
"chr20:445130:447889:clu_26255:ENSG00000125875.13",0.000353389904318167,0.00269100317039215,0.895520005226447
"chr20:349363:349616:clu_26244:ENSG00000125841.12",-7.34802807836791e-05,0.00322567652309046,0.981825917467915
"chr20:5773043:5773132:clu_26447:ENSG00000171984.14",0.00105270934025998,0.00308527940241524,0.732950093457643
"chr20:5106310:5109332:clu_26432:ENSG00000089063.14",0.000847963748252817,0.00358815618230623,0.813182059331347
"chr20:62143889:62158672:clu_27453:ENSG00000184402.14",-0.0044673124686589,0.00279491382895183,0.109960175488133
"chr20:62124780:62129785:clu_27451:ENSG00000149657.19",-0.00554275599045604,0.00284235843257097,0.0511695339046092
"chr20:62126439:62129785:clu_27451:ENSG00000149657.19",0.00673948987748537,0.00295879273225361,0.0227394675448311
"chr20:62159961:62161436:clu_27455:ENSG00000184402.14",-0.00346943021374451,0.00220625055152001,0.115824007774708
"chr20:16312418:16335926:clu_26523:ENSG00000089177.18",-0.000105429460150456,0.00292223969430957,0.971219919753552
"chr20:17620370:17620458:clu_26535:ENSG00000125844.15",0.00391550826318324,0.00538115446833567,0.466837967597204
"chr20:33379691:33381984:clu_26744:ENSG00000101391.20",-0.00864075195925064,0.00543458994816225,0.111845011073628
"chr20:32371874:32428128:clu_26727:ENSG00000171456.16",0.00402780380395373,0.0047819381793959,0.399622710394922
"chr20:32474742:32511347:clu_26733:ENSG00000197183.14",-0.0042425550693153,0.00418049123550773,0.310179212647336
"chr20:33370629:33372642:clu_26743:ENSG00000101391.20",-0.000675741643682462,0.00472413004100921,0.886258242392659
"chr20:32704071:32706583:clu_26736:ENSG00000149600.11",-0.00371176225817484,0.00457426610445254,0.417110554923102
"chr20:60006787:60012527:clu_27437:ENSG00000124215.16",0.00020841440939719,0.00299020527362678,0.944433213235101
"chr20:58701158:58702893:clu_27396:ENSG00000215440.11",-8.72840928976964e-05,0.00294542057447971,0.976359084630515
"chr20:13808902:13812971:clu_26516:ENSG00000101247.17",0.00287983221791876,0.00364786623322318,0.429845163052812
"chr20:5109445:5112743:clu_26433:ENSG00000089063.14",-0.00921125201658873,0.0028562770566034,0.00126009876496525
"chr20:284081:289559:clu_26241:ENSG00000196476.11",0.00317529255256495,0.00280952807226122,0.258397369058285
"chr20:47666488:47672198:clu_27240:ENSG00000196562.14",0.00023108836103658,0.00399950286485254,0.953924449707367
"chr20:4177577:4181803:clu_26422:ENSG00000088826.17",-0.00277386521524472,0.00362092861620929,0.443637867947564
"chr20:3964024:4015437:clu_26419:ENSG00000101236.16",0.00216361042712213,0.00269453175316903,0.421995878817914
"chr20:279330:283963:clu_26240:ENSG00000196476.11",0.00507501751250377,0.00337439820463809,0.13258727187813
"chr20:62338608:62345818:clu_27503:ENSG00000130702.15",-0.00615430402634717,0.00258195132426091,0.0171448599817122
"chr20:62130296:62130530:clu_27451:ENSG00000149657.19",-0.00150837367003149,0.00283114169698846,0.594186369884686
"chr20:62414556:62415121:clu_27512:ENSG00000130701.3",0.00519322763392002,0.00272353549515281,0.0565469597877734
"chr20:62238597:62256057:clu_27464:ENSG00000130703.15",-0.000850331190963225,0.0025564939402782,0.739424045321791
"chr20:63707097:63707867:clu_27607:ENSG00000101246.19",-0.00432114578286753,0.0031113026799951,0.164877091105525
"chr20:62548000:62548312:clu_27522:ENSG00000174403.15",-0.00670390481783563,0.0030550951953318,0.0282112761990818
"chr20:63948475:63956260:clu_27641:ENSG00000198276.15",0.0211765729527238,0.0034876335354244,1.26403187916679e-09
"chr20:62810565:62811363:clu_27536:ENSG00000060491.16",0.00877219278937733,0.00277204309771709,0.00155337644200515
"chr20:63276651:63278117:clu_27565:ENSG00000101199.12",0.0024687327259354,0.00410552349860052,0.547626978819264
"chr20:62549641:62549772:clu_27522:ENSG00000174403.15",0.00861628803758908,0.00290711779985481,0.00303807191634831
"chr20:62131506:62133290:clu_27452:ENSG00000149657.19",-0.00945178692749674,0.00198144381637607,1.8408753634791e-06
"chr20:62882414:62890960:clu_27546:ENSG00000101191.16",-0.00468848345796201,0.00372067359410637,0.207627215641159
"chr20:62279339:62281058:clu_27468:ENSG00000130703.15",-0.000459962159229389,0.00250635942722732,0.854391568520248
"chr20:62810565:62811462:clu_27536:ENSG00000060491.16",-0.00726972634113154,0.00260800845987963,0.00531225669935487
"chr20:62797231:62798587:clu_27529:ENSG00000101189.6",-0.00473430661625013,0.00259788462589163,0.0683988861177371
"chr20:62965725:62966525:clu_27559:ENSG00000101194.17",0.0221325462621253,0.00305733820617317,4.51527704115051e-13
"chr20:3298175:3304440:clu_26376:ENSG00000088854.12",-0.00153127507703654,0.00333183328931375,0.645811008960746
"chr20:2839082:2839192:clu_26331:ENSG00000132635.16",-0.00661889350722255,0.00411260224938642,0.107525109053315
"chr20:58990232:58990910:clu_27410:ENSG00000101158.13",0.00303533785789182,0.00332218223340251,0.360896661458841
"chr20:46670139:46684396:clu_27211:ENSG00000158296.13",-0.00264624616147363,0.00349853233705247,0.449416894548225
"chr20:46709740:46709983:clu_27213:ENSG00000197496.5",-0.00286043368003783,0.00377474875218699,0.448581972355406
"chr20:62303781:62304461:clu_27472:ENSG00000130706.12",0.00522565935733209,0.00255419553846946,0.0407650273734463
"chr20:62014707:62064451:clu_27450:ENSG00000130699.18",0.0069360583554026,0.00258548428457315,0.00730321870009942
"chr20:62311094:62311162:clu_27478:ENSG00000130702.15",-0.00707535892526213,0.00342946155746413,0.0391021092860828
"chr20:62199257:62200683:clu_27461:ENSG00000101181.17",0.00417968419437118,0.00266778977148877,0.117179750304708
"chr20:62303049:62303568:clu_27472:ENSG00000130706.12",-0.00468678376365782,0.00301164298391192,0.119655414611702
"chr20:61976335:61997550:clu_27444:ENSG00000130699.18",6.24536373914187e-05,0.0026194105450949,0.980978135592577
"chr20:37402880:37403171:clu_26950:ENSG00000197122.11",-0.000372379439011822,0.00399776902191056,0.925786928563777
"chr20:38146894:38147973:clu_26973:ENSG00000198959.11",0.00708169864948645,0.0051708327368131,0.170828342418913
"chr20:38146894:38147961:clu_26973:ENSG00000198959.11",-0.00267049290606976,0.00441614302249156,0.545370640259338
"chr20:36758617:36762461:clu_26919:ENSG00000149636.15",-0.00788773005844322,0.00537195587367569,0.14201834118889
"chr20:37297534:37298763:clu_26944:ENSG00000101363.12",-0.00226674248723131,0.00527186630233996,0.667217721735483
"chr20:36762548:36766769:clu_26919:ENSG00000149636.15",0.00618172939568947,0.00528376179941961,0.242021678915441
"chr20:37238449:37241303:clu_26943:ENSG00000118705.16",0.0040124741494836,0.00801898268035204,0.616813187358894
"chr20:38002793:38006197:clu_26963:ENSG00000101407.12",0.0022215478219489,0.00401055419553973,0.579629903726238
"chr20:36190797:36194215:clu_26903:ENSG00000088367.21",0.0262141667161035,0.0054745751103236,1.68160481361923e-06
"chr20:36190797:36194212:clu_26903:ENSG00000088367.21",-0.0207659322444446,0.00512762347245299,5.12578913329786e-05
"chr20:36526077:36526813:clu_26912:ENSG00000080845.17",-0.0220033740366659,0.00600316450676993,0.000247052806874426
"chr20:36526006:36526813:clu_26912:ENSG00000080845.17",0.0213623445734073,0.00591771584260137,0.000306318635007408
"chr20:36198041:36212272:clu_26905:ENSG00000088367.21",0.00346705241110033,0.00745876052687152,0.642053513795342
"chr20:36212376:36214360:clu_26906:ENSG00000088367.21",0.00138893476571766,0.00477220899106071,0.771015749558175
"chr20:36209898:36212272:clu_26905:ENSG00000088367.21",-0.0038804073878431,0.00550274927489293,0.480700639751154
"chr20:35618130:35618450:clu_26877:ENSG00000061656.9",-0.00958906779693494,0.00541802775576239,0.0767530124097121
"chr20:47016297:47072185:clu_27216:ENSG00000064655.18",0.000906034664974161,0.00295865626256151,0.759428153535637
"chr20:47074335:47089239:clu_27216:ENSG00000064655.18",0.000133473880629853,0.00305616330763012,0.965164524124883
"chr20:46583669:46588059:clu_27208:ENSG00000158296.13",0.00857902841179716,0.00377559491670153,0.0230724883046951
"chr20:47212725:47220258:clu_27219:ENSG00000101040.19",-0.00244891960850479,0.00335956069542394,0.466038104012456
"chr20:47097168:47169139:clu_27217:ENSG00000064655.18",0.00746242937852153,0.00353023050329931,0.0345268313964192
"chr20:53957497:53966906:clu_27336:ENSG00000064787.13",4.67003115593995e-05,0.00330866777605896,0.988738603289497
"chr20:36214440:36218876:clu_26906:ENSG00000088367.21",-0.0118132205434057,0.00546026219023286,0.0305035416276035
"chr20:34921992:34923323:clu_26808:ENSG00000131069.19",-0.0117669478963383,0.00668698451717555,0.0784622060546424
"chr20:31864323:31864953:clu_26698:ENSG00000149599.15",-0.0151343700345614,0.00564363102509922,0.00732551393160696
"chr20:47310204:47347856:clu_27223:ENSG00000101040.19",-0.00340862376063442,0.00330337766212278,0.302137637761341
"chr20:46709740:46725041:clu_27213:ENSG00000197496.5",0.00354384698683947,0.0036961647287962,0.337664383446259
"chr20:63736186:63737533:clu_27611:ENSG00000203896.9",0.0172865924374899,0.00288427309666142,2.0550290358301e-09
"chr20:63603092:63604743:clu_27584:ENSG00000101216.10",0.0118771424967667,0.00301657814849236,8.24070490960116e-05
"chr20:63873816:63875816:clu_27625:ENSG00000101150.17",0.0221535466016963,0.00342443184139994,9.84827774885844e-11
"chr20:62310970:62311162:clu_27478:ENSG00000130702.15",0.00721420954366376,0.00344381619476509,0.0361861055915662
"chr20:64076954:64079873:clu_27670:ENSG00000171700.13",0.0343455624143346,0.00463569307495105,1.27342580924505e-13
"chr20:63521363:63521512:clu_27572:ENSG00000125534.9",0.0272804254384715,0.003825074008691,9.89208714941014e-13
"chr20:62905601:62905887:clu_27547:ENSG00000101191.16",0.00342494790463269,0.00392050089497239,0.382336359275163
"chr20:62355480:62356192:clu_27506:ENSG00000228812.7",0.00126213963798096,0.00275295197588609,0.64661644277677
"chr20:62938824:62941491:clu_27551:ENSG00000101193.7",-0.0106858839939051,0.00304231343446888,0.000444044873802008
"chr20:63963265:63963342:clu_27647:ENSG00000196700.8",-0.0120791893053,0.00344179805947239,0.00044885245108317
"chr20:62353208:62356192:clu_27506:ENSG00000228812.7",-0.00312884857278715,0.00264202211002096,0.236309038911356
"chr20:63967004:63967381:clu_27652:ENSG00000196700.8",0.00696331303572661,0.00335047068931119,0.0376809177177992
"chr20:63943669:63944397:clu_27636:ENSG00000198276.15",-0.00905295350006252,0.00464999997184291,0.0515501143793177
"chr20:63941208:63942470:clu_27636:ENSG00000198276.15",0.0128499244731621,0.00455904725345827,0.00482403772184947
"chr20:62907359:62909699:clu_27549:ENSG00000101191.16",0.00569951921636192,0.00304904867829318,0.0615841654583892
"chr20:63967523:63967830:clu_27652:ENSG00000196700.8",0.00033746609960065,0.00338382639447402,0.920559364698817
"chr20:62896996:62905887:clu_27547:ENSG00000101191.16",0.000269933468651753,0.00380312557477247,0.943416264749587
"chr20:63706738:63706999:clu_27607:ENSG00000101246.19",0.00490675025765448,0.00300558591725904,0.102565007161773
"chr20:63520894:63521284:clu_27572:ENSG00000125534.9",-0.0300013537002851,0.00364375297047049,2.22044604925031e-16
"chr20:63873816:63875816:clu_27625:ENSG00000101152.10",0.0218766739096303,0.00351772352287291,5.00377406176256e-10
"chr20:63695480:63695778:clu_27603:ENSG00000258366.7",-0.00485489755731943,0.00337458995173587,0.150246039567422
"chr20:63708188:63708553:clu_27608:ENSG00000197114.11",-0.0027463990331469,0.0037672574839342,0.465990568037452
"chr20:63708118:63708553:clu_27608:ENSG00000197114.11",0.00377944506222224,0.00377913980439332,0.317271419351394
"chr20:63733712:63734705:clu_27610:ENSG00000197114.11",0.00182777194610948,0.00282781447925056,0.518049494946829
"chr20:62669078:62669951:clu_27528:ENSG00000101187.15",4.51350925594788e-05,0.00251644168094906,0.985689848099018
"chr20:62835953:62836187:clu_27542:ENSG00000092758.15",-0.000212784025696428,0.00338664221176009,0.949901571888669
"chr20:63282315:63282819:clu_27567:ENSG00000101199.12",0.0147961486711952,0.00299379121291086,7.72149765126962e-07
"chr20:62852722:62854016:clu_27543:ENSG00000101190.12",-0.00989466080248528,0.00262166620805895,0.000160529755928507
"chr20:62548000:62548990:clu_27522:ENSG00000174403.15",-0.00691864311350325,0.00276389314390971,0.0123067693900503
"chr20:63946640:63956260:clu_27641:ENSG00000198276.15",-0.000269157486797239,0.0031064565523534,0.930954064325765
"chr20:62334039:62334186:clu_27500:ENSG00000130702.15",0.0166769060985557,0.00347016999881337,1.5414211228526e-06
"chr20:63281347:63282819:clu_27567:ENSG00000101199.12",-0.0120498921088496,0.00306853912635068,8.60423962825152e-05
"chr20:63695221:63695328:clu_27603:ENSG00000258366.7",0.00174793230034133,0.00254971871826739,0.493003691058296
"chr20:63281347:63282105:clu_27567:ENSG00000101199.12",-0.00127249986446966,0.00320369885166581,0.691222127149979
"chr20:25458529:25461522:clu_26644:ENSG00000101004.14",0.024078461786887,0.00995599680043676,0.0155851467140701
"chr20:24469753:24543020:clu_26614:ENSG00000101463.5",0.00047731292603175,0.00426928940194342,0.910980804290374
"chr20:37382786:37383757:clu_26946:ENSG00000197122.11",0.00998269048735525,0.00419563782608489,0.0173454473166583
"chr20:47172867:47183291:clu_27218:ENSG00000064655.18",-0.00720909535529343,0.00366126585598901,0.0489511187675707
"chr20:46504306:46504614:clu_27205:ENSG00000198185.11",0.00836673910699609,0.0036989103137102,0.0237006777093483
"chr20:49906845:49908155:clu_27287:ENSG00000158480.10",-0.00706523897564716,0.00465890910032315,0.129392789996445
"chr20:36465367:36496705:clu_26909:ENSG00000080845.17",-0.0132173548459781,0.00502168189919594,0.00848695307339797
"chr20:35729365:35729462:clu_26894:ENSG00000131051.22",0.0129374915140911,0.00516005206153081,0.0121677889949792
"chr20:35698590:35699310:clu_26889:ENSG00000244005.12",-0.0082525666579715,0.00656074177466455,0.20843842187751
"chr20:37032876:37035242:clu_26928:ENSG00000080839.11",-0.00276343118261283,0.00373557336428627,0.459445076769203
"chr20:35632923:35664879:clu_26883:ENSG00000214078.12",-0.00987195411616925,0.00641273981341915,0.123699732771551
"chr20:57354128:57354712:clu_27360:ENSG00000101146.12",0.00148540480169225,0.00346036225451816,0.667731983102799
"chr20:19996842:20000613:clu_26580:ENSG00000132669.12",-0.011387650848278,0.0037932095148586,0.00268110948327305
"chr20:19992299:19996679:clu_26580:ENSG00000132669.12",0.0110825293259478,0.00378950972503982,0.00344978448926903
"chr20:21356177:21356586:clu_26604:ENSG00000088930.7",0.00438246563649724,0.00519032998423049,0.39847272199311
"chr20:21345887:21346415:clu_26601:ENSG00000088930.7",-0.00380203480083379,0.00524990580593237,0.468936759753868
"chr20:21232830:21244245:clu_26599:ENSG00000088970.15",-0.00530226416836314,0.00438940828263682,0.227059621838694
"chr20:20043662:20045308:clu_26584:ENSG00000101343.14",0.000604154940259453,0.00300991726911844,0.840916391147
"chr20:20043719:20045308:clu_26584:ENSG00000101343.14",-0.00042579673776916,0.00302560987056454,0.888082549633836
"chr20:21344208:21346415:clu_26601:ENSG00000088930.7",0.00608636523072498,0.00637158180131269,0.339458291498919
"chr20:13617123:13623446:clu_26508:ENSG00000089123.15",0.00638997469348422,0.00479880524463034,0.182999500872629
"chr20:58997954:59001465:clu_27407:ENSG00000101160.13",-0.0053594624962232,0.00333238868267307,0.107770687703418
"chr20:58989988:58990912:clu_27410:ENSG00000101158.13",0.00444977654231986,0.00274556078193336,0.10507838443539
"chr20:58986863:58987708:clu_27409:ENSG00000101158.13",0.00409054980560375,0.00334395203402544,0.221228456750482
"chr20:58986208:58986754:clu_27409:ENSG00000101158.13",-0.00325939460751252,0.00327168166132524,0.319131400282071
"chr20:428589:428928:clu_26251:ENSG00000125826.20",0.00289957264424407,0.00359627132529578,0.420086068368206
"chr20:355349:359259:clu_26244:ENSG00000125841.12",-0.00157308361017881,0.00313610668870135,0.615946116206582
"chr20:428589:428951:clu_26251:ENSG00000125826.20",-0.00144501703306073,0.00345059515112447,0.675381837879641
"chr20:3795879:3797622:clu_26405:ENSG00000101224.17",0.0070723771401763,0.00364676324571565,0.0524578388561027
"chr20:3918796:3923244:clu_26418:ENSG00000125779.21",-0.00161458113928697,0.00377125528909781,0.668557709396692
"chr20:6032080:6034464:clu_26458:ENSG00000088766.11",-0.00269930210814945,0.00317735436857138,0.395578698122732
"chr20:5944253:5946406:clu_26451:ENSG00000089195.14",-0.00154386705274173,0.00344235641500303,0.653798632327967
"chr20:33382179:33385650:clu_26744:ENSG00000101391.20",-0.0217684155839642,0.00449323151473046,1.26795047561412e-06
"chr20:32447816:32452236:clu_26731:ENSG00000197183.14",0.00115406785362242,0.00429901167332525,0.788353284569338
"chr20:44903121:44903993:clu_27102:ENSG00000166913.12",0.00749225927426751,0.00496755530022069,0.131493439318423
"chr20:46503097:46504214:clu_27205:ENSG00000198185.11",-0.00885422494228941,0.0043187059655382,0.0403446024341327
"chr20:44912853:44916756:clu_27103:ENSG00000101104.12",-0.00898173761426924,0.00364451879805743,0.0137223364955443
"chr20:25470825:25476043:clu_26645:ENSG00000101004.14",-0.00151822229503142,0.00539575762048371,0.778424070934418
"chr20:25292613:25294158:clu_26638:ENSG00000100994.11",-0.0149482545698075,0.00413122167784865,0.000296473782642748
"chr20:25209925:25214867:clu_26626:ENSG00000197586.12",-0.0175509416398554,0.00566557149677707,0.00194947366443798
"chr20:63889238:63889382:clu_27626:ENSG00000101150.17",0.0250023293394987,0.00398469424648189,3.50553031047696e-10
"chr20:63658466:63659233:clu_27588:ENSG00000258366.7",0.000709448284290903,0.00298365064465861,0.81205281453489
"chr20:64024693:64025939:clu_27659:ENSG00000101161.7",-0.0218896574212591,0.00366071033625992,2.23658491727008e-09
"chr20:64076646:64076857:clu_27670:ENSG00000171700.13",-0.00408109962808895,0.00370148958657527,0.270220018032311
"chr20:64026058:64026982:clu_27659:ENSG00000101161.7",0.0178152071217397,0.00368286265261235,1.31597522734506e-06
"chr20:63889238:63889850:clu_27626:ENSG00000101150.17",-0.0227611691072129,0.00383267825992495,2.87271495480468e-09
"chr20:63769383:63775678:clu_27619:ENSG00000130584.10",-0.000101045836182805,0.00312069579245015,0.97416959791537
"chr20:63277305:63278117:clu_27565:ENSG00000101199.12",0.00764868271387393,0.0024041889430325,0.0014656595164203
"chr20:63695854:63696630:clu_27604:ENSG00000243509.4",-0.0106193467726496,0.00389156813837265,0.00635634776171923
"chr20:63592144:63592533:clu_27581:ENSG00000101216.10",-0.00279872451486654,0.00321752130377382,0.384388564690592
"chr20:58989988:58990910:clu_27410:ENSG00000101158.13",-0.00696247926671016,0.00345187505176647,0.0436940837427413
"chr20:58671297:58673631:clu_27392:ENSG00000124222.22",0.00519646643048067,0.00281995245406408,0.0653655695206555
"chr20:21354872:21356080:clu_26603:ENSG00000088930.7",-0.00556564180917635,0.00567840083679253,0.327015798767912
"chr20:62328445:62328844:clu_27495:ENSG00000130702.15",0.00445522495178142,0.00309465230822486,0.149965645082886
"chr20:62197527:62197852:clu_27460:ENSG00000101181.17",-0.010363980336147,0.00258927333046886,6.26343283269826e-05
"chr20:62193624:62195802:clu_27459:ENSG00000101181.17",0.00176642261193977,0.0025517140949593,0.488780705652996
"chr20:25323430:25339227:clu_26641:ENSG00000100997.18",-0.00123263958163498,0.00464986318636642,0.790938913101542
"chr20:25505078:25510674:clu_26650:ENSG00000101004.14",-0.00272340881001181,0.00593390284547856,0.646264735107502
"chr20:25302346:25303550:clu_26637:ENSG00000100997.18",-0.0225270935402967,0.00660586021185872,0.000649228587898509
"chr20:62911614:62914210:clu_27550:ENSG00000101191.16",0.014299948969111,0.00278944994159668,2.95271415984288e-07
"chr20:62337727:62337804:clu_27502:ENSG00000130702.15",0.00473073721376417,0.00251086702649605,0.0595507689409199
"chr20:62818553:62819222:clu_27539:ENSG00000092758.15",-0.00453491568501189,0.0026463022507141,0.0865874811620008
"chr20:62473578:62474999:clu_27517:ENSG00000130700.6",0.00532598808436257,0.00234353804517102,0.023048660778264
"chr20:62263691:62272125:clu_27466:ENSG00000130703.15",0.00942863596590011,0.00285477929677386,0.000957400710605683
"chr20:62860308:62861024:clu_27545:ENSG00000101190.12",-0.00861663633324857,0.00260779617697098,0.000952535621826511
"chr20:62466551:62473403:clu_27517:ENSG00000130700.6",-0.0125239762614843,0.00238630133081284,1.53526284574212e-07
"chr20:36218962:36221864:clu_26906:ENSG00000088367.21",-0.0021252477435354,0.00789111946116336,0.787682326291276
"chr20:36893929:36897822:clu_26923:ENSG00000101347.8",0.00576383503849035,0.00745271424670806,0.4392931649157
"chr20:284081:290259:clu_26241:ENSG00000196476.11",-0.00119449549315807,0.00319564480077185,0.708561625607912
"chr20:271267:275968:clu_26238:ENSG00000196476.11",-0.00380809883325252,0.00336919106441441,0.258362065437656
"chr20:276086:276793:clu_26238:ENSG00000196476.11",0.00204280497873293,0.00337570257416784,0.545079616774717
"chr20:349832:353210:clu_26244:ENSG00000125841.12",0.000540700846256545,0.00290474841702537,0.852332011443531
"chr20:841316:844708:clu_26261:ENSG00000125898.12",-0.000222236670142299,0.00305997930833477,0.942103056828123
"chr20:44746193:44750129:clu_27100:ENSG00000124249.6",0.00228668957948864,0.00319888694450305,0.474708449341779
"chr20:46358763:46364371:clu_27189:ENSG00000080189.14",-0.000864181253658021,0.00324684140399644,0.79011552609886
"chr20:46070536:46079387:clu_27180:ENSG00000124160.11",0.00338799245618155,0.00388437492092434,0.383093571470004
"chr20:46126741:46128138:clu_27183:ENSG00000101017.13",-0.000845062065513463,0.00277873260105729,0.761038140765516
"chr20:45421583:45424216:clu_27125:ENSG00000124155.17",0.0128559702924531,0.00422967722021886,0.00236996056372241
"chr20:46613725:46670043:clu_27211:ENSG00000158296.13",-0.00399102830303091,0.00376599852466675,0.289256975757277
"chr20:47639202:47639622:clu_27234:ENSG00000124151.18",-0.00459067266573825,0.00360052608308376,0.202309054248356
"chr20:62825021:62825817:clu_27541:ENSG00000092758.15",-0.00588147860372269,0.00263629416383915,0.0256834828201887
"chr20:62281165:62281790:clu_27469:ENSG00000130703.15",0.00346892445109356,0.00234499933438018,0.139063919665087
"chr20:62318650:62318843:clu_27486:ENSG00000130702.15",0.00397143322697445,0.00288786673772597,0.169065274584997
"chr20:63689865:63689966:clu_27599:ENSG00000258366.7",0.00127943411365417,0.00317292380892546,0.686775311978867
"chr20:62286711:62289207:clu_27471:ENSG00000130703.15",0.0002757225115601,0.00235514807340137,0.906802790522227
"chr20:62346596:62346682:clu_27504:ENSG00000130702.15",-0.00193913423890961,0.00279422672991212,0.487695475799086
"chr20:62289330:62291703:clu_27471:ENSG00000130703.15",-0.00306073445186888,0.00249873477243686,0.22060773854829
"chr20:62318680:62318843:clu_27486:ENSG00000130702.15",0.000689478138336852,0.0030424257874499,0.820718317308548
"chr20:62256221:62260017:clu_27465:ENSG00000130703.15",-0.00816908473425548,0.00250195660437369,0.00109433740839804
"chr20:62281186:62281790:clu_27469:ENSG00000130703.15",-0.00298865412401765,0.00264320087319056,0.258183468599553
"chr20:63733352:63733587:clu_27609:ENSG00000197114.11",0.0101410067721302,0.00275114568867019,0.000227714090824116
"chr20:62347028:62351704:clu_27505:ENSG00000130702.15",0.00411587324482397,0.00260462651349895,0.114057342555104
"chr20:62846117:62854016:clu_27543:ENSG00000101190.12",-0.000264867945947106,0.00300845718617114,0.929843992446985
"chr20:62416872:62417224:clu_27513:ENSG00000130701.3",-0.006121253641758,0.00314597133128035,0.0516855442955919
"chr20:62854157:62860125:clu_27543:ENSG00000101190.12",0.00603555151257456,0.00258123970621178,0.0193749304872586
"chr20:3017913:3021309:clu_26346:ENSG00000132670.20",0.00211820585912199,0.00316414358523673,0.50321452482659
"chr20:2748630:2749401:clu_26323:ENSG00000088881.20",0.00218758384222952,0.00297813258757545,0.462614304270997
"chr20:3908905:3910577:clu_26417:ENSG00000125779.21",-0.000791349720126205,0.00296313478239941,0.789419081442796
"chr20:3674284:3674504:clu_26392:ENSG00000149451.17",0.00353046095447654,0.00435363780239452,0.41741042839614
"chr20:64057651:64062430:clu_27664:ENSG00000237371.1",0.00903812866324467,0.00319064540786303,0.0046157251264195
"chr20:64260272:64264429:clu_27673:ENSG00000203880.11",0.00670685752344168,0.00398989667605714,0.0927706450566332
"chr20:64057651:64062430:clu_27664:ENSG00000171703.16",0.00903812866324467,0.00319064540786303,0.0046157251264195
"chr20:63272920:63275577:clu_27563:ENSG00000101199.12",0.0147614833779235,0.00330400084978518,7.90428525365705e-06
"chr20:50941209:50942031:clu_27316:ENSG00000000419.12",-0.00429449343443138,0.00333919281421762,0.198412599653511
"chr20:41168870:41168974:clu_27033:ENSG00000124181.14",0.00355068021899985,0.00389227324876052,0.36164335554984
"chr20:37108664:37110256:clu_26932:ENSG00000101353.14",7.38879591368526e-06,0.00332853326497711,0.998228829075341
"chr20:37236709:37241303:clu_26943:ENSG00000118705.16",0.00305381056759781,0.00767709391618762,0.690790810300285
"chr20:37110355:37112324:clu_26931:ENSG00000101353.14",-0.00802959999233172,0.0040617224653273,0.0480534678575828
"chr20:37344887:37345049:clu_26945:ENSG00000197122.11",-0.00991454750728882,0.00556026210562926,0.0745687342453334
"chr20:52098587:52105132:clu_27326:ENSG00000020256.19",-0.00884217422694924,0.00374049227139533,0.0180833727784472
"chr20:18628233:18630381:clu_26569:ENSG00000125821.11",0.000481495830997416,0.00396104646735615,0.903249288926186
"chr20:18542402:18543019:clu_26566:ENSG00000101310.14",0.00516218716721985,0.00302327300210355,0.087732320332651
"chr20:20393253:20396695:clu_26586:ENSG00000188559.13",0.00150552121212167,0.00325097769470718,0.643294135944122
"chr20:20611426:20616043:clu_26594:ENSG00000188559.13",0.00493947753760133,0.00344835738425598,0.152025196468109
"chr20:13808902:13814418:clu_26516:ENSG00000101247.17",0.00524258134548847,0.0035314657743248,0.137667285058256
"chr20:25218614:25221232:clu_26628:ENSG00000197586.12",0.0157906428616597,0.00521197371084248,0.00244808254109674
"chr20:25206590:25207079:clu_26625:ENSG00000197586.12",0.000509274305806679,0.00431229917099241,0.90598993494691
"chr20:10035333:10038258:clu_26480:ENSG00000132623.15",0.00435374302978956,0.00347881768414134,0.210751830877144
"chr20:33670792:33672398:clu_26758:ENSG00000125967.16",0.0165312795985462,0.00600132200062669,0.00587627916082356
"chr20:34519498:34526272:clu_26784:ENSG00000125971.16",-0.0042914954899504,0.00591918102449273,0.468442780619616
"chr20:34235030:34281027:clu_26771:ENSG00000250917.1",-0.00900294926995609,0.00701188450339527,0.199157446568227
"chr20:34588607:34616042:clu_26789:ENSG00000101464.10",-0.000575787998403464,0.00491662393146639,0.906772535699843
"chr20:33670760:33672398:clu_26758:ENSG00000125967.16",-0.00789960807747239,0.00581240146957455,0.174116361546521
"chr20:62129952:62130530:clu_27451:ENSG00000149657.19",-0.00827817609229626,0.00325913672966132,0.0110855503205132
"chr20:62963680:62964228:clu_27557:ENSG00000101194.17",0.0031081373748816,0.00305986645629607,0.309736306157965
"chr20:62666575:62667745:clu_27525:ENSG00000101187.15",0.00490520887970843,0.00285466058716185,0.085738997750835
"chr20:63213943:63215577:clu_27562:ENSG00000149658.17",-0.0196765955873982,0.00285475320671763,5.47917267113007e-12
"chr20:1125650:1135121:clu_26269:ENSG00000125818.17",0.00226758271774285,0.00199068784077735,0.254663500943681
"chr20:1164492:1165029:clu_26270:ENSG00000125818.17",-0.00118384219721234,0.00250900047245209,0.637042302047804
"chr20:32432985:32433284:clu_26730:ENSG00000171456.16",0.0145178504033562,0.00377121829326317,0.000118289300949481
"chr20:32431679:32432880:clu_26730:ENSG00000171456.16",-0.0165684716873493,0.00378428410458427,1.19646251057759e-05
"chr20:33408888:33410103:clu_26748:ENSG00000101400.5",0.0255576023544914,0.0058681817082241,1.32894044932996e-05
"chr20:38218366:38219630:clu_26976:ENSG00000149633.11",-0.000479167602634578,0.00503668387007904,0.924207175107152
"chr20:41352699:41352798:clu_27042:ENSG00000132793.11",-0.00384709063922577,0.00369619212886009,0.297956590832284
"chr20:63960139:63961309:clu_27642:ENSG00000196700.8",0.0090733006630195,0.00318534571578294,0.00439326408151808
"chr20:63964716:63966141:clu_27649:ENSG00000196700.8",-0.00791793516675626,0.00333863519322109,0.0177108520866546
"chr20:62854157:62857395:clu_27543:ENSG00000101190.12",-0.0122853571789182,0.00251733116433512,1.05919060344739e-06
"chr20:63672621:63673940:clu_27593:ENSG00000258366.7",0.0136173307476357,0.00413980509270841,0.0010041364748945
"chr20:62956962:62957441:clu_27555:ENSG00000101194.17",0.00238318640987594,0.00282308491703272,0.398569900573468
"chr20:63741479:63741869:clu_27614:ENSG00000125520.13",-0.0147636702292184,0.00326749064201687,6.23230517249329e-06
"chr20:63742056:63742130:clu_27614:ENSG00000125520.13",0.0113249980874396,0.00323136558901719,0.000457105545946579
"chr20:49544448:49547841:clu_27278:ENSG00000124212.5",-0.000337842735852604,0.00377028754591924,0.928599820952746
"chr20:63687770:63687937:clu_27596:ENSG00000258366.7",0.00306845455166851,0.00298220174691457,0.30351608264697
"chr20:46122756:46123126:clu_27183:ENSG00000101017.13",0.00747730101534054,0.00405993062759828,0.0655144741585159
"chr20:46122358:46122610:clu_27182:ENSG00000101017.13",-0.000345847882679679,0.00335676590904861,0.917939092269999
"chr20:45907904:45909942:clu_27149:ENSG00000100979.14",0.00275881421358616,0.00375414628881026,0.462417903073656
"chr20:45935365:45937418:clu_27152:ENSG00000100982.11",0.00850543471336427,0.00350004780069629,0.0150950316615057
"chr20:45416343:45416517:clu_27121:ENSG00000124155.17",-0.00528432652031312,0.0031984333758449,0.0985017576761968
"chr20:44211077:44224821:clu_27083:ENSG00000223891.5",0.00602718244986992,0.0038582733398193,0.118253831270406
"chr20:44116386:44118505:clu_27079:ENSG00000149596.6",0.00555901939265392,0.00327580832359901,0.0896982380026901
"chr20:45934804:45937418:clu_27152:ENSG00000100982.11",-0.00991502888222901,0.00342822766477938,0.00382586720113209
"chr20:45946384:45947073:clu_27160:ENSG00000100982.11",0.000671700197203845,0.00300919205926245,0.823367300951163
"chr20:44215003:44224821:clu_27083:ENSG00000223891.5",-0.00933905424444611,0.00306885872269559,0.00234101198105563
"chr20:45944320:45944868:clu_27157:ENSG00000100982.11",0.00376529640264851,0.00398024643835882,0.34415072984541
"chr20:44623078:44624202:clu_27094:ENSG00000196839.12",-0.00229158672637532,0.00393059950235122,0.559885213592868
"chr20:47651276:47652406:clu_27236:ENSG00000124151.18",-9.77338059424692e-05,0.00361170743823465,0.978411657020561
"chr20:47649097:47650985:clu_27235:ENSG00000124151.18",0.000813773928178815,0.00263079204796175,0.757073107682272
"chr20:47236516:47238896:clu_27221:ENSG00000101040.19",-0.00305625083625621,0.00383565851646456,0.425567478252206
"chr20:59901810:59907364:clu_27427:ENSG00000196074.12",0.000607453839892579,0.00320822008412838,0.849824038544744
"chr20:60154501:60180835:clu_27439:ENSG00000228340.5",-0.000957039466549193,0.00304848807121966,0.753567326624146
"chr20:59865865:59866293:clu_27421:ENSG00000196074.12",0.00158995625563746,0.00387886936650344,0.681877848678058
"chr20:59996761:59999586:clu_27435:ENSG00000124215.16",0.00722099016652338,0.00274481939040691,0.00851915175006768
"chr20:59999663:60006713:clu_27436:ENSG00000124215.16",-0.00226965456848921,0.0037021075465906,0.53982943146721
"chr20:59942512:59943940:clu_27431:ENSG00000196227.10",-0.00836139201293678,0.00317990305609615,0.00855234299101504
"chr20:37397854:37400115:clu_26948:ENSG00000197122.11",0.00294946990307601,0.00371988624522385,0.427840457620109
"chr20:37344887:37365204:clu_26945:ENSG00000197122.11",-0.0143443801875149,0.0039934628551748,0.00032819349972113
"chr20:37301413:37316308:clu_26944:ENSG00000101363.12",0.0129905953360062,0.00505340401043181,0.0101504243018753
"chr20:38217474:38218244:clu_26976:ENSG00000149633.11",-0.00199935123996447,0.00367339996957949,0.586250099168561
"chr20:37996953:37999188:clu_26962:ENSG00000101407.12",-0.0112736826878462,0.00345601979594463,0.00110612645322417
"chr20:38223636:38228147:clu_26978:ENSG00000149633.11",0.0102377226300649,0.00447576019349335,0.0221741962558276
"chr20:37803048:37840102:clu_26957:ENSG00000132792.18",0.00285740911934366,0.00421076290561084,0.497393538642441
"chr20:39001842:39002772:clu_27014:ENSG00000101452.14",-0.00261779821547234,0.00423935956216366,0.536905963373697
"chr20:5985000:5985922:clu_26456:ENSG00000125885.13",0.00287440156446147,0.00228426720925857,0.208266167889446
"chr20:4932716:4970793:clu_26430:ENSG00000089057.14",-0.00648398845843493,0.00251366776380442,0.00989454573263338
"chr20:4884823:4885821:clu_26429:ENSG00000089057.14",-0.00183249563495062,0.00291300510645622,0.529300642498093
"chr20:31722330:31722618:clu_26695:ENSG00000171552.12",-0.0140900911096871,0.00691552262873211,0.0416041058199628
"chr20:31946576:31948808:clu_26703:ENSG00000088356.5",0.0107615663610637,0.00477764546866842,0.0242917504663619
"chr20:31948882:31950312:clu_26703:ENSG00000088356.5",-0.00703920537211942,0.00505195966774743,0.163510545411564
"chr20:33395116:33396761:clu_26746:ENSG00000101391.20",0.00755018030200748,0.00437984929695217,0.0847358700746732
"chr20:34581672:34585437:clu_26788:ENSG00000101464.10",-0.000688017334655436,0.0050464872748628,0.89155575253762
"chr20:33994131:34072066:clu_26764:ENSG00000125970.11",-0.00525996030895021,0.00461552485742107,0.254443216146522
"chr20:33781387:33783732:clu_26762:ENSG00000131061.13",0.0021569998879582,0.00519775134545871,0.678151328226842
"chr20:34845491:34849968:clu_26799:ENSG00000131067.16",-0.0128733222523297,0.00521538999623687,0.0135743755632279
"chr20:35216871:35217812:clu_26836:ENSG00000126005.16",0.00500959965464916,0.00787513159138227,0.524692339276898
"chr20:35138005:35142373:clu_26835:ENSG00000088298.12",-0.00276813422181292,0.0074887829266186,0.711652683379139
"chr20:35004570:35005708:clu_26826:ENSG00000100991.11",-0.0102125595598273,0.00513196597660977,0.046592067440875
"chr20:35216871:35217812:clu_26836:ENSG00000088298.12",0.00472166957121676,0.0077183761275243,0.540707206903681
"chr20:35366614:35381918:clu_26845:ENSG00000101019.21",-0.00804709033911651,0.00610086267138997,0.187166236930865
"chr20:35394196:35411940:clu_26847:ENSG00000101019.21",-0.0176098057709584,0.00706201810855195,0.0126457106577049
"chr20:35314765:35347164:clu_26844:ENSG00000101019.21",0.010193700816957,0.00904793004242919,0.259897482046817
"chr20:35617840:35618087:clu_26877:ENSG00000061656.9",0.00999655453874405,0.00578153552725725,0.0838004397051907
"chr20:34985129:34986100:clu_26815:ENSG00000078814.15",0.000507566594109069,0.0060136992076069,0.932737034857771
"chr20:35498716:35501845:clu_26856:ENSG00000126001.15",-0.0176785382446201,0.00571307563497209,0.00197211753017146
"chr20:34705474:34708691:clu_26791:ENSG00000078804.12",-0.00471327167134856,0.00635064587294277,0.457983119195512
"chr20:36154896:36173764:clu_26902:ENSG00000088367.21",0.00537604450993011,0.00595004535801564,0.366244671198353
"chr20:35694885:35696377:clu_26887:ENSG00000244005.12",-0.00537216602796138,0.00614115243613712,0.381692850463066
"chr20:35478101:35479231:clu_26854:ENSG00000126001.15",0.0133641841606102,0.00634863830180348,0.0352871875755763
"chr20:35626852:35627280:clu_26879:ENSG00000214078.12",0.00302322428747813,0.00542703993245256,0.577481724599975
"chr20:35559627:35560123:clu_26861:ENSG00000088340.15",-0.000461173927484884,0.00459268203719426,0.920014903038364
"chr20:35576518:35576596:clu_26866:ENSG00000088340.15",0.00555190989829362,0.00723615178778913,0.442935154216874
"chr20:34860130:34860254:clu_26805:ENSG00000131067.16",0.0129153978080266,0.00753615541084639,0.0865670561931177
"chr20:36092813:36112426:clu_26902:ENSG00000088367.21",-0.030533382684234,0.00552785311675663,3.32214405984743e-08
"chr20:35801605:35842573:clu_26898:ENSG00000025293.16",-0.0094960972592896,0.00741307626847852,0.200196198219879
"chr20:3854741:3857635:clu_26414:ENSG00000088888.17",-0.00122141672218198,0.00327229562295719,0.708955021793808
"chr20:5127149:5173523:clu_26435:ENSG00000101290.13",0.000982650835347336,0.0027645353369178,0.72225337717629
"chr20:16737401:16738852:clu_26529:ENSG00000125870.10",-0.00154407713715244,0.00276335289300361,0.576319084183471
"chr20:16738902:16740325:clu_26529:ENSG00000125870.10",0.00122526233895589,0.0027949775305104,0.661110818983165
"chr20:18305807:18306298:clu_26555:ENSG00000125846.15",0.000726015368603145,0.00360202883254237,0.840262794397762
"chr20:18507972:18510822:clu_26564:ENSG00000101310.14",0.00382636686020793,0.00316753783186763,0.227049550270018
"chr20:18183298:18184602:clu_26554:ENSG00000149474.13",-0.00363127021664989,0.0034257273501698,0.289144702186033
"chr20:18628233:18744100:clu_26569:ENSG00000125821.11",0.00103386335894426,0.00388356716134103,0.790073725182986
"chr20:20026919:20032508:clu_26582:ENSG00000173418.11",0.00309661846478379,0.00419419596442632,0.460325853216535
"chr20:20503506:20505411:clu_26588:ENSG00000188559.13",-0.00356303290575851,0.0040116688120166,0.374450785905074
"chr20:19935199:19935439:clu_26577:ENSG00000132669.12",-0.000107720978831509,0.00333742538041547,0.974251413870609
"chr20:3348623:3359516:clu_26379:ENSG00000088854.12",0.00266211032445632,0.00337776285341152,0.430621692788034
"chr20:49088106:49089247:clu_27259:ENSG00000124207.16",0.00088973470234083,0.00382677878689413,0.816147934949141
"chr20:49278397:49279104:clu_27273:ENSG00000177410.12",0.000378714816755159,0.00521397499949899,0.942096918821618
"chr20:49179244:49188116:clu_27263:ENSG00000124214.19",-0.00145435817540885,0.00359490117596774,0.685799952449074
"chr20:49230349:49231023:clu_27265:ENSG00000124228.14",0.00895284622049705,0.00438092693258521,0.0409934417147925
"chr20:50830380:50841766:clu_27312:ENSG00000124243.17",0.000806158242015492,0.00351090413396684,0.818390509642148
"chr20:50841900:50876486:clu_27312:ENSG00000124243.17",-0.00136087029548746,0.00354601307690431,0.701145401444752
"chr20:50931449:50933720:clu_27315:ENSG00000259456.3",0.0019243595451311,0.0026831628570612,0.473251815823663
"chr20:21365489:21365573:clu_26607:ENSG00000088930.7",-0.00609301760100961,0.00427616207830739,0.154191906815527
"chr20:23394999:23402993:clu_26613:ENSG00000125814.17",0.000337525706948674,0.00496628570547124,0.945814762240371
"chr20:23397188:23402993:clu_26613:ENSG00000125814.17",0.000783617339119791,0.00424963758087902,0.85370259200072
"chr20:23369741:23370091:clu_26612:ENSG00000125812.15",0.00222895684754527,0.00417635913767684,0.593543479806942
"chr20:38040564:38057532:clu_26966:ENSG00000101413.11",-0.00528820434191083,0.00404977020230419,0.191619369578013
"chr20:37996462:37996749:clu_26962:ENSG00000101407.12",-0.00417982960572857,0.00333681323421828,0.210336327842352
"chr20:38223636:38227154:clu_26978:ENSG00000149633.11",-0.00244050041025292,0.00380240798796557,0.520983416375852
"chr20:38066256:38070225:clu_26968:ENSG00000101413.11",-0.000192286506758847,0.00526153018835627,0.970847208941279
"chr20:38548795:38551071:clu_26994:ENSG00000170471.14",0.0146060309491664,0.00399080467659643,0.000252292745364979
"chr20:38634785:38637708:clu_27000:ENSG00000124143.10",0.000843372339411081,0.00375328479940067,0.822210748276116
"chr20:38570847:38574150:clu_26997:ENSG00000170471.14",-0.00137493448893685,0.00519532028153287,0.791280140100069
"chr20:41341309:41345796:clu_27038:ENSG00000132793.11",0.000831811384320742,0.00415654217799903,0.841385948595964
"chr20:41341002:41341180:clu_27038:ENSG00000132793.11",-0.000882043979488937,0.00543510753619951,0.871080332079893
"chr20:41121790:41122011:clu_27027:ENSG00000198900.5",0.00343455614175196,0.00485927474200363,0.479688120021195
"chr20:41121790:41122006:clu_27027:ENSG00000198900.5",-0.000385988402302456,0.00451600130646767,0.931886728872862
"chr20:43604258:43605002:clu_27073:ENSG00000101052.12",0.000935093503314949,0.0034547633581285,0.786646476454048
"chr20:43534394:43534828:clu_27063:ENSG00000185513.14",0.000770004080563902,0.00301118325978933,0.798171077701964
"chr20:43534394:43534746:clu_27063:ENSG00000185513.14",0.000559048389728067,0.00316558915175667,0.859821267595239
"chr20:43605073:43613850:clu_27073:ENSG00000101052.12",0.0017988494947223,0.00313763588888233,0.56643234244915
"chr20:43613976:43618940:clu_27074:ENSG00000101052.12",0.00707097380514184,0.00329234270429986,0.0317373689238027
"chr20:9476753:9478921:clu_26479:ENSG00000101333.16",-0.0012053828135015,0.00333829701279423,0.718041764796454
"chr20:10293278:10296925:clu_26482:ENSG00000132639.12",0.00125450056621439,0.00294093280997944,0.669695808022839
"chr20:9068903:9096287:clu_26473:ENSG00000101333.16",0.00483075282184167,0.00343933350120774,0.160151936732969
"chr20:9473365:9476717:clu_26479:ENSG00000101333.16",-0.000156091384157728,0.0040165581103646,0.969000432554428
"chr20:10420758:10428730:clu_26485:ENSG00000125863.18",-0.00401597091359552,0.00310377659090837,0.195700589751483
"chr20:13580981:13587250:clu_26508:ENSG00000089123.15",0.00488651772034311,0.0033271290613268,0.141917173292242
"chr20:13435154:13483227:clu_26506:ENSG00000089123.15",-0.0133571376081029,0.00465286883307068,0.00409523074551488
"chr20:14002404:14085621:clu_26519:ENSG00000172264.16",0.000969632497908569,0.00459225893392654,0.832774129258608
"chr20:13793227:13798461:clu_26513:ENSG00000101247.17",0.00148391425552933,0.00477358400464685,0.75590738365362
"chr20:14327558:14329134:clu_26520:ENSG00000125848.9",0.00171433785466718,0.00453245285722982,0.705255117856991
"chr20:13785290:13787178:clu_26512:ENSG00000101247.17",-0.00343295080528879,0.00394482417056422,0.384168288399983
"chr20:13270743:13279634:clu_26505:ENSG00000101230.5",-0.00499876472193659,0.00362924412935256,0.168401907559863
"chr20:13279898:13288540:clu_26505:ENSG00000101230.5",0.0035429724732826,0.00341180077270369,0.299062243863799
"chr20:25195867:25209849:clu_26625:ENSG00000197586.12",0.0116380730647405,0.00721292108522181,0.106635174050612
"chr20:25686466:25696759:clu_26657:ENSG00000130684.13",0.0143244519801471,0.00867254630247328,0.0985955521284539
"chr20:25685662:25685996:clu_26657:ENSG00000130684.13",-0.0133908366305683,0.00482766449899426,0.00554106379905583
"chr20:25276294:25276646:clu_26634:ENSG00000100994.11",-0.0203927583172367,0.00582739411849549,0.000466193836039963
"chr20:56513428:56517106:clu_27352:ENSG00000022277.12",-0.000489041135295645,0.00401849014692069,0.903138409814568
"chr20:58895684:58903528:clu_27404:ENSG00000087460.24",0.00236529955503049,0.00578845793630177,0.682816031138411
"chr20:58673711:58691405:clu_27393:ENSG00000124222.22",0.00113170276559645,0.0024502782446849,0.644176669907887
"chr20:58701158:58703215:clu_27396:ENSG00000215440.11",0.000809587897684797,0.00334951442695021,0.809010255734418
"chr20:58673711:58691405:clu_27393:ENSG00000215440.11",0.000469252058527304,0.00247439715571524,0.849588902547676
"chr20:63964395:63964490:clu_27648:ENSG00000196700.8",-0.00311936181889407,0.00381890111578114,0.414030251894628
"chr20:64063384:64066476:clu_27665:ENSG00000171703.16",0.00733226959761817,0.00413634185781799,0.0762873943572613
"chr20:63733739:63734705:clu_27610:ENSG00000197114.11",-0.0102375056002297,0.00288591659404162,0.000389050817866776
"chr20:63964391:63964490:clu_27648:ENSG00000196700.8",-0.00980556857843969,0.00359324981393282,0.00635486970218258
"chr20:410025:417526:clu_26246:ENSG00000125826.20",0.00379230027035707,0.00358280265458727,0.289839803456141
"chr20:1453140:1454213:clu_26282:ENSG00000088833.17",0.00330580607646223,0.00237518080579702,0.163979216742348
"chr20:1454305:1454967:clu_26282:ENSG00000088833.17",-0.00426646803803553,0.00240606670164691,0.076193468016247
"chr20:1370072:1371022:clu_26277:ENSG00000088832.16",-0.0016213163321589,0.00243929804364962,0.506264706599695
"chr20:528049:543672:clu_26258:ENSG00000101266.17",0.00294341250553091,0.00309216248151687,0.341150481576707
"chr20:761824:763498:clu_26259:ENSG00000101276.14",0.000485215559145739,0.00488784910902991,0.920924095749739
"chr20:63967952:63969814:clu_27653:ENSG00000196700.8",0.0153919945999546,0.00364091191250954,2.3629078819809e-05
"chr20:64029454:64031918:clu_27660:ENSG00000101161.7",-0.0162049708255283,0.00337172794022329,1.5387803158351e-06
"chr20:64029491:64031918:clu_27660:ENSG00000101161.7",0.00847057303693307,0.0032240798919228,0.00860695035762504
"chr20:63733739:63734645:clu_27610:ENSG00000197114.11",-0.000581374102748197,0.00421999780356353,0.890425003052241
"chr20:62860308:62860830:clu_27545:ENSG00000101190.12",0.00829033839498055,0.00283410699397377,0.00344231544040696
"chr20:63945260:63945358:clu_27637:ENSG00000198276.15",-0.00991684076559966,0.00321709195857696,0.00205236546090981
"chr20:64265429:64267968:clu_27674:ENSG00000203880.11",-0.0103067466913212,0.00464723937587862,0.0265670160257085
"chr20:353306:354112:clu_26244:ENSG00000125841.12",-0.00289981036701105,0.00359692130320973,0.420131960414764
"chr20:63875875:63882750:clu_27625:ENSG00000101152.10",-0.0137234764990186,0.00322106210501347,2.03930021068777e-05
"chr20:63875875:63882750:clu_27625:ENSG00000101150.17",-0.0131433051448431,0.00312993659737853,2.67831168250243e-05
"chr20:64265429:64267887:clu_27674:ENSG00000203880.11",0.0114154374926731,0.00334929466773502,0.000653663753389044
"chr20:63702217:63706357:clu_27606:ENSG00000101246.19",0.0125720371049239,0.00382107329796119,0.00100121620600391
"chr20:52153428:52160123:clu_27326:ENSG00000020256.19",0.0029985123655517,0.00372503353795647,0.420841311260919
"chr20:62671266:62671750:clu_27528:ENSG00000101187.15",-0.00717439394610668,0.00284826308386932,0.0117733346591896
"chr20:62819293:62819929:clu_27539:ENSG00000092758.15",0.00652330581298067,0.00274551593921565,0.0175021548677677
"chr20:62362552:62366949:clu_27508:ENSG00000130702.15",0.00415478996123037,0.00334967883439406,0.214844220159067
"chr20:51391451:51432067:clu_27319:ENSG00000101096.19",-0.00333745758436128,0.00365552638606063,0.361248009665438
"chr20:50620132:50630738:clu_27309:ENSG00000042062.11",-0.00207160304327976,0.00344451200715404,0.547559385550292
"chr20:52098587:52160123:clu_27326:ENSG00000020256.19",-0.00426746476424855,0.0036537271738282,0.242816543625597
"chr20:50948662:50955186:clu_27317:ENSG00000000419.12",-0.00095426836386273,0.00285155378659723,0.737890210463379
"chr20:49280964:49289045:clu_27274:ENSG00000177410.12",0.00175144625941972,0.00559614253475065,0.754300531508227
"chr20:448074:462336:clu_26255:ENSG00000125875.13",0.000564428101594434,0.00281947182642013,0.841332532306043
"chr20:349363:349638:clu_26244:ENSG00000125841.12",0.00343730661342415,0.00261742448729296,0.189102079024531
"chr20:18494063:18495838:clu_26563:ENSG00000089050.15",0.00255309316784124,0.00398859897662628,0.522109061928255
"chr20:17570211:17591932:clu_26532:ENSG00000125868.15",0.00251300243234439,0.00273036314360021,0.357368323108531
"chr20:3891411:3907926:clu_26415:ENSG00000125779.21",0.00072278484936046,0.00293449762279516,0.805445239616327
"chr20:3191821:3194830:clu_26361:ENSG00000198171.12",0.0015818063420419,0.00310968704592327,0.610983140899977
"chr20:3891411:3907926:clu_26415:ENSG00000088888.17",0.000806147374984634,0.00294529465168319,0.784309899206357
"chr20:2798058:2798152:clu_26328:ENSG00000088882.7",-0.0026088241935136,0.00336550591093876,0.438241850159991
"chr20:33619606:33623115:clu_26750:ENSG00000078699.21",0.00610857671619823,0.00436538930382491,0.161717034081563
"chr20:33611335:33619517:clu_26750:ENSG00000078699.21",0.00331350211294423,0.00484256923415419,0.493820688931322
"chr20:34507908:34526268:clu_26784:ENSG00000125971.16",-0.028991107833122,0.00584370134834972,7.00999665315116e-07
"chr20:58673711:58691724:clu_27393:ENSG00000124222.22",0.00720721488202995,0.00303385041586563,0.0175204468236565
"chr20:58673711:58691724:clu_27393:ENSG00000215440.11",0.00707674530470123,0.00303232774198637,0.0196079448675089
"chr20:63875875:63882719:clu_27625:ENSG00000101150.17",-0.00508748009157129,0.00374183239874745,0.173949365963483
"chr20:63700702:63701830:clu_27605:ENSG00000101246.19",-0.0201024136593186,0.0037600606057996,8.97701556423769e-08
"chr20:63875875:63882719:clu_27625:ENSG00000101152.10",-0.00508748009157129,0.00374183239874745,0.173949365963483
"chr20:63642299:63643659:clu_27587:ENSG00000197457.9",0.00198424820094476,0.0031330127671526,0.526514576828667
"chr20:62805030:62807542:clu_27534:ENSG00000060491.16",-0.0149983170122278,0.00291637970223848,2.70693753856577e-07
"chr20:62303781:62306197:clu_27472:ENSG00000130706.12",0.00439027506366007,0.00311408645482649,0.158595334119001
"chr20:62964315:62965132:clu_27558:ENSG00000101194.17",-0.0108345306673484,0.00325274329024054,0.000865687492128897
"chr20:842139:844708:clu_26261:ENSG00000125898.12",0.0070172359418914,0.00278299772647337,0.0116866754418116
"chr20:5942786:5943559:clu_26449:ENSG00000089195.14",0.00267420026019761,0.00302824925718745,0.377190568316314
"chr20:41341002:41345796:clu_27038:ENSG00000132793.11",-0.00188086875681985,0.00522590838277831,0.718912711194716
"chr20:3674135:3674219:clu_26391:ENSG00000149451.17",-0.00642038102676841,0.00359021225417265,0.0737274198885558
"chr20:62131506:62132356:clu_27452:ENSG00000149657.19",0.00729495420826251,0.00213621335250124,0.000638055162862416
"chr20:1127508:1135121:clu_26269:ENSG00000125818.17",0.00147939798683413,0.00313234018934254,0.63671410225723
"chr20:19696911:19698568:clu_26574:ENSG00000185052.11",-0.00454331825310436,0.00364394617251499,0.212466194050957
"chr20:13794941:13798461:clu_26513:ENSG00000101247.17",-0.00552388048286486,0.00366359710366105,0.131612097495989
"chr20:37854530:37859899:clu_26958:ENSG00000132792.18",0.00144301858891127,0.00391452319028466,0.712402025771477
"chr20:37842419:37859899:clu_26958:ENSG00000132792.18",0.00555022838506435,0.0034689990443432,0.109609460777913
"chr20:31547692:31548677:clu_26687:ENSG00000101294.16",0.005042751854977,0.0087364237888576,0.563797549994842
"chr20:31869597:31870048:clu_26700:ENSG00000149599.15",0.00968530997122163,0.00527138833857882,0.066160353077921
"chr20:31549114:31549207:clu_26688:ENSG00000101294.16",0.000890562596655536,0.00909788742659199,0.922022224513184
"chr20:31568280:31569120:clu_26690:ENSG00000101294.16",0.0320036024882439,0.0113999629575192,0.00499520731653746
"chr20:31549332:31550064:clu_26688:ENSG00000101294.16",-0.000375597218592437,0.00935553692265824,0.967975890689892
"chr20:31561736:31569120:clu_26690:ENSG00000101294.16",0.0212821292458682,0.00839437519018964,0.0112356037223716
"chr20:58994191:58994642:clu_27411:ENSG00000101158.13",0.00392250675683491,0.00354057807835093,0.267917167899184
"chr20:58705403:58705498:clu_27396:ENSG00000215440.11",-0.00388562849269351,0.00252288233571031,0.123522706401656
"chr20:58994239:58994642:clu_27411:ENSG00000101158.13",-0.00220635740547823,0.00334103741484795,0.509009404800805
"chr20:58701158:58707123:clu_27396:ENSG00000215440.11",0.00307235609708832,0.0022088795974054,0.164252256471406
"chr20:45909671:45909942:clu_27149:ENSG00000100979.14",-0.00565397680538914,0.00326607281113804,0.0834296628687453
"chr20:45943765:45944868:clu_27157:ENSG00000100982.11",-0.00584368297238259,0.00428279651675582,0.172424418772679
"chr20:46070536:46089817:clu_27180:ENSG00000124160.11",-0.0100964516928711,0.00400239113373467,0.0116489183495944
"chr20:63674093:63675272:clu_27594:ENSG00000258366.7",0.00184259141651743,0.00310402703987893,0.552770851894953
"chr20:63285713:63286366:clu_27569:ENSG00000101199.12",-0.0134959883853192,0.00365286430913666,0.000220205709040355
"chr20:62333481:62333564:clu_27498:ENSG00000130702.15",0.0118130451260322,0.00310703575954295,0.000143514979150106
"chr20:62548461:62548990:clu_27522:ENSG00000174403.15",0.00830988610881683,0.00264297560728347,0.00166575558051985
"chr20:62548000:62549445:clu_27522:ENSG00000174403.15",0.000287435820937542,0.00299959069035412,0.923659550200052
"chr20:62417319:62418423:clu_27514:ENSG00000130701.3",0.00539528115313128,0.00318700355752211,0.0904743342547956
"chr20:17950396:17951500:clu_26542:ENSG00000089006.16",-0.00987437419558543,0.00485813823113257,0.0420987289745374
"chr20:62952889:62956765:clu_27554:ENSG00000101194.17",0.00491075954735271,0.00255434837314264,0.0545416531184006
"chr20:43535936:43536097:clu_27064:ENSG00000185513.14",-0.000946081747457498,0.00328412876763725,0.773287848255322
"chr20:43459317:43459771:clu_27057:ENSG00000124193.14",0.000726901184277982,0.00318481666158774,0.819460001009618
"chr20:44206998:44207285:clu_27082:ENSG00000132823.10",0.000602092307737443,0.003803795567414,0.874230461181904
"chr20:58353344:58353432:clu_27385:ENSG00000124209.3",0.00269748629936809,0.00322054934242258,0.402263387806245
"chr20:58652138:58659623:clu_27389:ENSG00000124222.22",-0.00517364384447126,0.00309711489322292,0.0948260061712721
"chr20:43536458:43540151:clu_27065:ENSG00000185513.14",-0.00186844082228257,0.00316797119435251,0.555330793434172
"chr20:44622930:44624202:clu_27094:ENSG00000196839.12",0.00283652926784488,0.00314668120965634,0.36735696239616
"chr20:34792563:34825472:clu_26798:ENSG00000198646.13",0.00171823793053151,0.00553038797221552,0.756036067610848
"chr20:35280118:35280654:clu_26842:ENSG00000242372.6",-0.00472039087433789,0.00527033301659966,0.370437988227871
"chr20:34850197:34851231:clu_26800:ENSG00000131067.16",0.0134423132465117,0.00780720332839935,0.0851087591618175
"chr20:34294156:34295395:clu_26774:ENSG00000101444.12",-0.0156515635719252,0.00765358732586096,0.0408551480571655
"chr20:35003283:35003410:clu_26822:ENSG00000100991.11",0.0115521381853076,0.0120804029747088,0.338935372780777
"chr20:34925766:34926105:clu_26810:ENSG00000131069.19",-0.00693705219200547,0.00536836707400524,0.196284779379453
"chr20:35632025:35632311:clu_26882:ENSG00000214078.12",0.0187738575890035,0.00762586565807632,0.0138216386106703
"chr20:62143889:62154281:clu_27453:ENSG00000184402.14",0.00468678448995704,0.00270764219955156,0.0834612607661205
"chr20:63707092:63707810:clu_27607:ENSG00000101246.19",-0.0122872646241916,0.00303972046482961,5.29441191164937e-05
"chr20:62129952:62130219:clu_27451:ENSG00000149657.19",0.000574937291375309,0.00261931494451684,0.826261275385408
"chr20:62415287:62415578:clu_27512:ENSG00000130701.3",-0.00170394070206515,0.00259878406710562,0.512037477668614
"chr20:25482100:25489244:clu_26647:ENSG00000101004.14",0.0067041045553435,0.00674770324144265,0.3204474826042
"chr20:25477089:25478195:clu_26645:ENSG00000101004.14",0.000874797982993386,0.00625136926648243,0.888709751713802
"chr20:64063384:64063918:clu_27665:ENSG00000171703.16",-0.00698837382979083,0.00364955262088527,0.0555106573690192
"chr20:63733804:63734705:clu_27610:ENSG00000197114.11",0.00617341520343293,0.0037713505693412,0.101646298196016
"chr20:505229:508451:clu_26258:ENSG00000101266.17",0.00116586051329678,0.00275227303255579,0.671858176351779
"chr20:2656214:2656401:clu_26308:ENSG00000101361.16",-0.00066366697667631,0.00359761468506976,0.853641490138452
"chr20:62799049:62799456:clu_27531:ENSG00000101189.6",0.00294155365209803,0.00310633539277297,0.343662723672293
"chr20:14002404:14051922:clu_26519:ENSG00000172264.16",-0.00522861532204043,0.00420224505558435,0.213410026125129
"chr20:49279208:49289045:clu_27274:ENSG00000177410.12",-0.00045719941694298,0.00394354761558148,0.907703207797588
"chr20:49166285:49174195:clu_27263:ENSG00000124214.19",-0.00322570869704657,0.00481581342889963,0.50297511792632
"chr20:2839266:2839789:clu_26332:ENSG00000132635.16",0.000965476473933578,0.00290423046878102,0.739558573293878
"chr20:1266760:1296325:clu_26273:ENSG00000101298.13",0.00250968185422214,0.00264865813546606,0.3433690053283
"chr20:47757463:47785343:clu_27244:ENSG00000196562.14",-6.34873849901031e-06,0.00256147139831018,0.998022404136229
"chr20:45907904:45909516:clu_27149:ENSG00000100979.14",3.64886629830668e-05,0.00344169776846898,0.991541036603549
"chr20:43534093:43534284:clu_27062:ENSG00000185513.14",-0.00618364406466632,0.00396927691774787,0.119262477202957
"chr20:44066857:44068650:clu_27081:ENSG00000124191.17",-0.00980755435199944,0.00410691170174549,0.0169375449667064
"chr20:64067020:64068047:clu_27666:ENSG00000171703.16",-0.0230059269364767,0.0042711553008256,7.19038579788389e-08
"chr20:63962374:63962587:clu_27645:ENSG00000196700.8",-0.0225333348238003,0.00372115675802409,1.400125460016e-09
"chr20:62938253:62941491:clu_27551:ENSG00000101193.7",0.00736839691083058,0.00291961017009976,0.0116106990861494
"chr20:44215003:44217367:clu_27083:ENSG00000223891.5",0.00290026142531958,0.003509726102583,0.408605697381583
"chr20:1181587:1183771:clu_26271:ENSG00000125895.5",0.000197799681753367,0.00251706160525805,0.937363857971332
"chr20:2656034:2656401:clu_26308:ENSG00000101361.16",0.00573268045782819,0.003917044789411,0.143324651752255
"chr20:62852888:62854016:clu_27543:ENSG00000101190.12",-0.00434979286859959,0.00313089695411371,0.164737880965757
"chr20:47016297:47089239:clu_27216:ENSG00000064655.18",-0.00144329052938016,0.00352739467585951,0.682417727515264
"chr20:63693283:63694376:clu_27600:ENSG00000258366.7",-0.00199200869092854,0.00307089749441733,0.516549675462089
"chr20:63873816:63882719:clu_27625:ENSG00000101150.17",-0.00317979380931248,0.0046523186554753,0.494299910381048
"chr20:63873816:63882719:clu_27625:ENSG00000101152.10",-0.00225718474185099,0.00491588920817645,0.64611853453212
"chr20:5109445:5112730:clu_26433:ENSG00000089063.14",-0.00104192309122485,0.0034683047812125,0.763862314398421
"chr20:24984019:24992594:clu_26619:ENSG00000101474.11",-0.0179862449828961,0.00466491764513806,0.000115427055083384
"chr20:56468766:56473301:clu_27351:ENSG00000022277.12",0.000177212261982143,0.00388833860576836,0.96364874343312
"chr20:63944734:63945651:clu_27637:ENSG00000198276.15",0.00672216244040943,0.00390249481331264,0.0849736435837563
"chr20:63942489:63944397:clu_27636:ENSG00000198276.15",-0.00733749251346667,0.0045013262891118,0.10308597240835
"chr20:63946640:63948225:clu_27641:ENSG00000198276.15",0.000630749024445911,0.00331448791436272,0.849073586903113
"chr20:63680719:63685523:clu_27592:ENSG00000258366.7",-0.0101460743674799,0.00325164579025235,0.00180673726936753
"chr20:63946643:63956260:clu_27641:ENSG00000198276.15",-0.00706665202154185,0.00280726140940036,0.0118266114644786
"chr20:36917049:36919364:clu_26925:ENSG00000101347.8",0.000502261764495187,0.00502510176395207,0.920383571608451
"chr20:36656532:36660337:clu_26917:ENSG00000101079.20",0.00198404537054523,0.0045151543013855,0.660357836256786
"chr20:37519350:37527793:clu_26951:ENSG00000166619.12",-0.00396996730926935,0.00504544638084337,0.431374573887327
"chr20:13850319:13851324:clu_26518:ENSG00000101251.11",-0.00613819309861799,0.00392084110429088,0.11745876499317
"chr20:13717514:13718908:clu_26509:ENSG00000089048.14",0.00192272391933614,0.00426223921187983,0.651912775197005
"chr20:13074497:13091083:clu_26500:ENSG00000172296.12",-0.00198021729827718,0.00350154648692002,0.571715710880737
"chr20:63285713:63286372:clu_27569:ENSG00000101199.12",0.0108059858802695,0.00364361514429184,0.0030196353784363
"chr20:63685872:63686004:clu_27595:ENSG00000258366.7",-0.0115953834980982,0.00376890730208522,0.00209382899701949
"chr20:45471550:45479942:clu_27128:ENSG00000101443.17",-0.00419922506414782,0.00533177953580408,0.430939987666437
"chr20:44716793:44738820:clu_27097:ENSG00000244558.5",-0.0042806704589978,0.00455931400366511,0.347789911801121
"chr20:428058:428491:clu_26248:ENSG00000125826.20",0.00902792901530546,0.00385707969077056,0.0192521362031988
"chr20:44118623:44159618:clu_27079:ENSG00000149596.6",-0.00477297011568462,0.00349390596672161,0.171912502892996
"chr20:37386174:37393895:clu_26947:ENSG00000197122.11",-0.0035861642494644,0.00369761407064045,0.332116783913854
"chr20:32367729:32369015:clu_26726:ENSG00000171456.16",6.30342745918174e-05,0.00454295974652029,0.988929582566838
"chr20:32369123:32371778:clu_26727:ENSG00000171456.16",0.00581860317070015,0.00471473497529462,0.217153889711383
"chr20:4148977:4175030:clu_26420:ENSG00000088826.17",-0.0104243445591913,0.00336066201196074,0.00192300863621064
"chr20:62316204:62316671:clu_27484:ENSG00000130702.15",-0.0099093508953592,0.00436096737401873,0.0230694385890384
"chr20:34462221:34470048:clu_26781:ENSG00000078747.14",0.0221139025041608,0.00737940334473355,0.00272913749381809
"chr20:34644226:34645275:clu_26790:ENSG00000101464.10",-0.000702067385104109,0.00488081288147254,0.885624994056935
"chr20:34559263:34559347:clu_26786:ENSG00000101460.12",-0.00839237061434829,0.00540904693686039,0.120771535514846
"chr20:34558908:34559208:clu_26786:ENSG00000101460.12",0.00913237056503607,0.00623053876848629,0.142718228294971
"chr20:35602266:35602523:clu_26872:ENSG00000088340.15",0.00761949872896209,0.0045031589101194,0.0906394595417274
"chr20:34470120:34471444:clu_26781:ENSG00000078747.14",-0.0190468864025415,0.00786234591529293,0.0154122188616468
"chr20:62547702:62547827:clu_27521:ENSG00000174403.15",-0.00491618212409068,0.00248195866336424,0.047617395223354
"chr20:63688050:63688139:clu_27597:ENSG00000258366.7",-0.00691164772855145,0.00332373117883663,0.0375728338131907
"chr20:56468766:56470600:clu_27351:ENSG00000022277.12",-0.00351624345121094,0.00385030946527661,0.361118128615736
"chr20:43642624:43646936:clu_27075:ENSG00000101052.12",-0.00244151121153697,0.00403176674431839,0.544801280162801
"chr20:44480444:44484337:clu_27085:ENSG00000124120.10",0.00221333718281823,0.00389874020175715,0.570234794806055
"chr20:43637253:43642479:clu_27075:ENSG00000101052.12",0.00114162409118379,0.00388013980920657,0.768587956357544
"chr20:45406732:45408460:clu_27117:ENSG00000204070.9",-0.00100959834398914,0.00337969811466685,0.765150326295503
"chr20:35616288:35617136:clu_26876:ENSG00000061656.9",0.017485429387346,0.00547900857554252,0.00141610034951856
"chr20:35458374:35459983:clu_26848:ENSG00000126001.15",0.0349193278035179,0.00629748455785045,2.94013952073513e-08
"chr20:18024952:18041534:clu_26549:ENSG00000125850.10",0.00153407146476301,0.00300218050562895,0.609361033293054
"chr20:43567999:43569385:clu_27068:ENSG00000101049.14",-0.00207377479013344,0.00341242980814234,0.543378454853068
"chr20:2709642:2710194:clu_26322:ENSG00000088881.20",0.00438185086112238,0.00336772742525714,0.193213993458166
"chr20:25320318:25323325:clu_26640:ENSG00000100997.18",-0.00639835923354197,0.00400148956328484,0.109821856336396
"chr20:34845491:34849961:clu_26799:ENSG00000131067.16",-0.00221270090311158,0.00797920477754324,0.781543272319806
"chr20:36499676:36500199:clu_26910:ENSG00000080845.17",0.00524325514173746,0.0074657625839246,0.482487910942469
"chr20:62914406:62937796:clu_27550:ENSG00000101191.16",-0.00220481223200993,0.00263462451153716,0.402671189105972
"chr20:34908943:34913096:clu_26808:ENSG00000131069.19",0.0243384835835898,0.00823645983794671,0.0031270045809807
"chr20:33672422:33674224:clu_26759:ENSG00000125967.16",-0.0253868347695784,0.0078308666089946,0.00118738427806131
"chr20:34481206:34489266:clu_26782:ENSG00000078747.14",-0.0135153115557235,0.00678665916613004,0.0464311268787636
"chr20:49094614:49094732:clu_27257:ENSG00000124207.16",0.0147014278901073,0.00678496552413277,0.0302527542383511
"chr20:37400294:37402435:clu_26949:ENSG00000197122.11",0.0166538574541828,0.0054137990438726,0.00209666406984388
"chr20:2838746:2838844:clu_26331:ENSG00000132635.16",4.62066583587888e-05,0.00406188843276221,0.990923732940691
"chr20:419731:420871:clu_26247:ENSG00000125826.20",-0.00128978225600182,0.00393942359889925,0.743362492739196
"chr20:439295:440248:clu_26253:ENSG00000125875.13",0.00165624144490008,0.00293976458456334,0.573167613904188
"chr20:508660:543672:clu_26258:ENSG00000101266.17",-0.00539066615140284,0.00286851898287631,0.0602102772030026
"chr20:421615:422127:clu_26247:ENSG00000125826.20",-0.00366556749794847,0.00230628694673097,0.111974514591249
"chr20:25217581:25218550:clu_26628:ENSG00000197586.12",-0.00775375311113567,0.00466273500958759,0.0963285444309273
"chr20:25339351:25390513:clu_26642:ENSG00000100997.18",-0.00661498206433096,0.00480741207866415,0.168822725234588
"chr20:25323430:25338885:clu_26641:ENSG00000100997.18",0.00392504459589966,0.00426473050973583,0.357389904034774
"chr20:24969084:24969526:clu_26616:ENSG00000101474.11",0.000220219218141917,0.00452588442983573,0.961192070349667
"chr20:45802057:45803330:clu_27134:ENSG00000101457.12",0.000965022571619471,0.00323123851387105,0.765203996165741
"chr20:38223636:38225665:clu_26978:ENSG00000149633.11",-0.00635400186409303,0.00319354008127956,0.0466303725929651
"chr20:39021935:39025230:clu_27018:ENSG00000101452.14",0.00271763322897828,0.00415794126806981,0.513369107762418
"chr20:1125650:1127426:clu_26269:ENSG00000125818.17",-0.00410661723716192,0.00303870877246714,0.176556144547394
"chr20:2658522:2658638:clu_26311:ENSG00000101365.20",-0.00549096192302903,0.00386748903810973,0.155673370527909
"chr20:35126375:35137880:clu_26835:ENSG00000088298.12",0.00475647358639088,0.00738686965054445,0.51963429286843
"chr20:34754835:34757220:clu_26796:ENSG00000198646.13",0.0139994773049773,0.00657901040567694,0.0333453622010462
"chr20:36897959:36904157:clu_26924:ENSG00000101347.8",-0.0128001509360266,0.00590706763073043,0.0302408520799967
"chr20:833951:844708:clu_26261:ENSG00000125898.12",-0.00338890877017254,0.00321590820379417,0.291976671456015
"chr20:18588115:18593731:clu_26568:ENSG00000125821.11",-0.0024885401132008,0.00368792914642166,0.499815672287104
"chr20:43613976:43618241:clu_27074:ENSG00000101052.12",-0.00438756440475831,0.00319059793342259,0.169083619108268
"chr20:43530419:43530798:clu_27061:ENSG00000185513.14",-0.00414039425819483,0.00326671299493156,0.20499455445726
"chr20:18452682:18453731:clu_26559:ENSG00000089091.16",0.00340315023205121,0.00291355104540693,0.242789790320241
"chr20:63945999:63946161:clu_27639:ENSG00000198276.15",0.0122841442334865,0.00408181322677612,0.00261693415982678
"chr20:63981316:63981450:clu_27656:ENSG00000101161.7",0.000873807387704088,0.00416411959126025,0.833790953195123
"chr20:45911251:45911353:clu_27150:ENSG00000100979.14",0.000257058628236908,0.00469009342307118,0.956290749496989
"chr20:46504740:46506307:clu_27206:ENSG00000198185.11",-0.000452490089415819,0.00339959121948342,0.894113248751963
"chr20:45420429:45420528:clu_27123:ENSG00000124155.17",-0.0096652625485186,0.00334481536201778,0.00385701460802579
"chr20:45420429:45420508:clu_27123:ENSG00000124155.17",0.0106077602974105,0.00356971399268444,0.0029625286601902
"chr20:62546858:62547548:clu_27521:ENSG00000174403.15",0.00178395488136189,0.00259299366114742,0.491458793958351
"chr20:9372403:9373047:clu_26475:ENSG00000101333.16",0.00159814710197311,0.00306180892635997,0.601696972631225
"chr20:62546858:62547827:clu_27521:ENSG00000174403.15",0.00981143229366314,0.00305744901094168,0.00133185610811848
"chr20:25496803:25498210:clu_26649:ENSG00000101004.14",0.0101641479644812,0.00745848529252746,0.172957208259359
"chr20:46509751:46512082:clu_27206:ENSG00000198185.11",0.00100479698135051,0.00369795664705081,0.785839775394902
"chr20:59907424:59907958:clu_27428:ENSG00000196074.12",0.00642943845310025,0.00285283839078041,0.0242151230213713
"chr20:59035126:59036471:clu_27418:ENSG00000101166.15",-0.00152310423153901,0.00334867734087782,0.649226106325112
"chr20:2467758:2470688:clu_26302:ENSG00000125835.18",-0.00483562882266701,0.00376087172860305,0.198522156757665
"chr20:2467758:2470688:clu_26302:ENSG00000088876.11",-0.00535829667818268,0.00380915742494665,0.159519875895163
"chr20:44160407:44186327:clu_27080:ENSG00000149596.6",0.00177192670723612,0.00351024815319468,0.613708633057848
"chr20:3264524:3270427:clu_26374:ENSG00000088854.12",0.00567358303586659,0.00374910365931389,0.130199106857579
"chr20:3908135:3910577:clu_26417:ENSG00000125779.21",0.0115116702667299,0.00368057720839947,0.00176191481765442
"chr20:3673496:3673574:clu_26389:ENSG00000149451.17",0.0040593996649904,0.00287112047933381,0.157399200993334
"chr20:63642299:63643756:clu_27587:ENSG00000197457.9",-0.000504983974434201,0.00279478177425265,0.85661235331827
"chr20:62907359:62909051:clu_27549:ENSG00000101191.16",-0.00294571393647071,0.00305993765588386,0.335712540720018
"chr20:46504740:46512540:clu_27206:ENSG00000198185.11",0.00610977962254981,0.00448236998349971,0.172860761995169
"chr20:47347926:47356657:clu_27224:ENSG00000101040.19",0.000566797216961459,0.00371601592373485,0.878770350910687
"chr20:3796731:3797622:clu_26405:ENSG00000101224.17",-0.00918674459918452,0.00480248029861333,0.055758721703284
"chr20:51398730:51432067:clu_27319:ENSG00000101096.19",0.00337048799641692,0.00327356535928354,0.303194214115147
"chr20:64062503:64066476:clu_27665:ENSG00000171703.16",-0.00724984259613999,0.00348892652296693,0.0377132325458164
"chr20:45848675:45853923:clu_27138:ENSG00000101473.16",-0.00123871284759877,0.00433926892978718,0.775287307522275
"chr20:45959433:45960208:clu_27170:ENSG00000198026.7",0.00745305568623504,0.00373629364115922,0.0460677015024338
"chr20:44598890:44614534:clu_27090:ENSG00000168734.13",-0.000706896116767532,0.00322234042105942,0.82635910627507
"chr20:25677037:25685996:clu_26657:ENSG00000130684.13",0.0142409122837925,0.00772467545378934,0.0652471086419096
"chr20:25462541:25467389:clu_26645:ENSG00000101004.14",-0.0106443993690501,0.00670515319290625,0.112400504209433
"chr20:41357447:41357600:clu_27046:ENSG00000132793.11",0.0020088895011574,0.00368245450296687,0.585389035328616
"chr20:34285634:34290332:clu_26772:ENSG00000101444.12",-0.0157617358207285,0.00711409943248719,0.0267214419431436
"chr20:34281165:34285440:clu_26772:ENSG00000101444.12",0.0184773400394381,0.00665832302150274,0.00551891248196834
"chr20:34704512:34705358:clu_26791:ENSG00000078804.12",0.00992397631080484,0.00540648482049619,0.0664214151992233
"chr20:56629592:56631205:clu_27355:ENSG00000087510.6",0.00142250584532887,0.00304700657652522,0.640604658188127
"chr20:58713543:58713917:clu_27399:ENSG00000215440.11",0.000633273607244394,0.00297318941054806,0.831331091194051
"chr20:48922010:48941199:clu_27251:ENSG00000124198.8",-0.00321652104668566,0.00350555006447478,0.358853969183624
"chr20:48941987:48951323:clu_27251:ENSG00000124198.8",0.000384331725348646,0.00361309579017048,0.915287317579257
"chr20:3540335:3545762:clu_26381:ENSG00000088812.17",0.00534876428892318,0.0030782695613718,0.082283433588567
"chr20:3787139:3797622:clu_26405:ENSG00000101224.17",-0.000554248966738589,0.00384520878384635,0.885389801480574
"chr20:50187127:50188543:clu_27296:ENSG00000277449.1",-0.0021318266761661,0.00349893472279266,0.542339670511726
"chr20:45892880:45893220:clu_27147:ENSG00000064601.16",-0.00159751166762859,0.00322390108786292,0.620232188403041
"chr20:46709740:46709963:clu_27213:ENSG00000197496.5",-0.000835420335336529,0.00314199192320801,0.790324882088206
"chr20:44585204:44589797:clu_27089:ENSG00000168734.13",-0.00434015814442375,0.00425210227771407,0.307392431689966
"chr20:44885886:44887648:clu_27101:ENSG00000166913.12",0.00178844636200973,0.00269959266595934,0.507658851342356
"chr20:45952521:45952598:clu_27167:ENSG00000198026.7",0.00372931503131647,0.00392471111235252,0.342003579929971
"chr20:46355241:46355802:clu_27187:ENSG00000080189.14",0.00223281317134085,0.00334735148624616,0.504747378179688
"chr20:18469061:18472842:clu_26561:ENSG00000132664.11",0.0106433402484191,0.00339252108863324,0.0017051433161327
"chr20:320781:322378:clu_26243:ENSG00000225377.5",-0.00734159794888721,0.00289238973285631,0.0111409501091881
"chr20:34705474:34708709:clu_26791:ENSG00000078804.12",0.0179949996373881,0.00440704430398954,4.44129790273529e-05
"chr20:34558973:34559208:clu_26786:ENSG00000101460.12",0.00674156151520879,0.0065138332805998,0.300687260529067
"chr20:34280650:34281027:clu_26771:ENSG00000250917.1",0.0231850728104341,0.00651849783968469,0.000375382270471403
"chr20:35115958:35118598:clu_26834:ENSG00000088298.12",-0.0240195143357205,0.00832924974030891,0.00392964535953411
"chr20:36112480:36121660:clu_26902:ENSG00000088367.21",0.00872341460603752,0.00587812614191378,0.137796491074998
"chr20:35772079:35774488:clu_26897:ENSG00000025293.16",-0.0183425229626211,0.00656080492815652,0.00517757114004447
"chr20:34292507:34294081:clu_26773:ENSG00000101444.12",-0.0150305026478463,0.00573839752075231,0.00881141126698282
"chr20:34292553:34294081:clu_26773:ENSG00000101444.12",0.0138918509760542,0.00664246989578044,0.0364950615281375
"chr20:44621147:44622588:clu_27093:ENSG00000196839.12",-0.00807208860331791,0.00370608806076323,0.0294014406840654
"chr20:63941208:63944397:clu_27636:ENSG00000198276.15",-0.0277719453412575,0.00442920780476282,3.60623086947953e-10
"chr20:64070635:64071870:clu_27668:ENSG00000171703.16",0.00505951485758468,0.00311556643341424,0.104387113962838
"chr20:32155186:32157794:clu_26717:ENSG00000101337.15",0.0245192988527163,0.00483147694117992,3.87684427560764e-07
"chr20:33360491:33366859:clu_26741:ENSG00000101391.20",-0.00151915980673438,0.00569025979200055,0.789488044615667
"chr20:31948879:31950312:clu_26703:ENSG00000088356.5",-0.00721507890526877,0.00437100825353516,0.0988065979160628
"chr20:33359123:33360351:clu_26741:ENSG00000101391.20",-0.00280840529189525,0.00539959564544561,0.602984120851627
"chr20:63978361:63979377:clu_27655:ENSG00000130590.13",0.0023821941771195,0.00378454635210825,0.529052508238904
"chr20:62330944:62331032:clu_27496:ENSG00000130702.15",-0.00563837603573408,0.00317688724419923,0.07592901579216
"chr20:37172057:37179223:clu_26937:ENSG00000101353.14",0.00680698892743792,0.00438548200757965,0.120622898509998
"chr20:36927252:36930760:clu_26926:ENSG00000101347.8",0.0018247119400466,0.00567116563223285,0.747640172295675
"chr20:36917096:36919364:clu_26925:ENSG00000101347.8",0.000412618807858876,0.00611725803625904,0.946222196290722
"chr20:38219946:38222449:clu_26977:ENSG00000149633.11",-0.00325315704017013,0.00512984716799789,0.525974735114869
"chr20:37232391:37234020:clu_26942:ENSG00000118705.16",0.00591175267841269,0.00627197903024794,0.345903060585822
"chr20:37519350:37521319:clu_26951:ENSG00000166619.12",0.0100452814348933,0.0044532264602889,0.0240874764474808
"chr20:37382786:37384150:clu_26946:ENSG00000197122.11",-0.0101628965704736,0.00334144143499654,0.00235425395138134
"chr20:25634170:25634729:clu_26654:ENSG00000213742.6",-0.00377134039753054,0.00688835274230839,0.584038533835339
"chr20:25686466:25691500:clu_26657:ENSG00000130684.13",-0.00735526080403251,0.00702139664140917,0.29484619742268
"chr20:45949080:45949170:clu_27162:ENSG00000198026.7",0.00301306606262314,0.00408330485339939,0.460575901916857
"chr20:45949077:45949170:clu_27162:ENSG00000198026.7",-0.000195341296477833,0.0041724354490636,0.962659006104761
"chr20:18467568:18468944:clu_26561:ENSG00000132664.11",-0.00716008248357386,0.00340114413582425,0.0352740596342535
"chr20:44619847:44620299:clu_27092:ENSG00000196839.12",-0.00200140137581175,0.00364984582558257,0.58345001821323
"chr20:44113503:44114179:clu_27078:ENSG00000149596.6",0.00227221089548514,0.00522731345824324,0.663794400626445
"chr20:59036760:59037191:clu_27419:ENSG00000101166.15",0.00402370548011435,0.00306630122128171,0.189441109308516
"chr20:33636708:33640341:clu_26753:ENSG00000078699.21",8.01949471025388e-05,0.00483593244603848,0.986769174658514
"chr20:63708979:63733219:clu_27609:ENSG00000197114.11",-0.00603394433001416,0.00384893032438867,0.116952601797828
"chr20:62310572:62310665:clu_27477:ENSG00000130702.15",0.0041864220665538,0.00276005075217134,0.129319283803929
"chr20:58713543:58713961:clu_27399:ENSG00000215440.11",-0.00637851670556894,0.00327897569491838,0.0517416229853159
"chr20:44054526:44064777:clu_27077:ENSG00000124191.17",-0.00737860670181527,0.0032818269462313,0.0245556070364863
"chr20:2708020:2748549:clu_26322:ENSG00000088881.20",0.00273056575885762,0.00318081080204325,0.390644249555498
"chr20:31643535:31644768:clu_26693:ENSG00000131055.4",0.0224973269582368,0.00601706286114157,0.000184811266932816
"chr20:49084162:49085283:clu_27259:ENSG00000124207.16",-0.00489601639062491,0.00347046144315457,0.15831299541237
"chr20:33490301:33606956:clu_26749:ENSG00000078699.21",-0.0160781709111275,0.00519632351718793,0.00197381956048792
"chr20:33410331:33412296:clu_26748:ENSG00000101400.5",-0.00389400494837469,0.00511021392175104,0.446057441732199
"chr20:34090602:34093675:clu_26768:ENSG00000125977.6",0.00405787055945882,0.00578879037058975,0.483310722381583
"chr20:34093731:34096657:clu_26768:ENSG00000125977.6",-0.00459945689783044,0.00575452456131396,0.424130036932426
"chr20:62857635:62859364:clu_27544:ENSG00000101190.12",0.00158636859650145,0.00314630350659774,0.614120311492851
"chr20:62857638:62859364:clu_27544:ENSG00000101190.12",-0.00120500655633222,0.00316240907095217,0.703173050626719
"chr20:44943579:44951833:clu_27108:ENSG00000025772.7",-0.00141991683215152,0.00391328101946298,0.71672021976506
"chr20:64059713:64059917:clu_27664:ENSG00000171703.16",0.01321289079487,0.00321038069118665,3.86044181799328e-05
"chr20:64032044:64032841:clu_27662:ENSG00000101161.7",0.00747562344687752,0.0040343095531319,0.0638806588334387
"chr20:64032044:64032847:clu_27662:ENSG00000101161.7",-0.0136834470638435,0.00427989788647517,0.001387959318075
"chr20:63940254:63940378:clu_27633:ENSG00000198276.15",-0.00105755762015182,0.00362583257740705,0.7705366222321
"chr20:63940306:63940378:clu_27633:ENSG00000198276.15",0.000473130605950902,0.00365809709612673,0.897090281347648
"chr20:63865384:63869296:clu_27623:ENSG00000101150.17",-0.0265483608153495,0.00337533144725494,3.66373598126302e-15
"chr20:64268010:64287679:clu_27674:ENSG00000203880.11",-0.0299101288673438,0.00414575845626289,5.40789635294914e-13
"chr20:64059713:64059917:clu_27664:ENSG00000237371.1",0.01321289079487,0.00321038069118665,3.86044181799328e-05
"chr20:37289686:37297296:clu_26944:ENSG00000101363.12",0.00624026586410467,0.00451159331591672,0.166615101337755
"chr20:37983639:37996375:clu_26961:ENSG00000101407.12",0.000289461943279572,0.00310319348163718,0.925682130330475
"chr20:44936730:44938102:clu_27107:ENSG00000101104.12",0.00127191615035202,0.00368153734694013,0.729729740215453
"chr20:44622652:44622829:clu_27093:ENSG00000196839.12",0.00447669458758833,0.00339548676711852,0.187361421709256
"chr20:45952709:45953689:clu_27168:ENSG00000198026.7",0.00483845507397337,0.00320351326666312,0.130951846034008
"chr20:45952794:45953689:clu_27168:ENSG00000198026.7",-0.00328931378697547,0.00457671887031798,0.472322291063787
"chr20:46393601:46393981:clu_27199:ENSG00000062598.17",-0.00356082566359049,0.00363114242532607,0.32677272583645
"chr20:45968362:45971210:clu_27176:ENSG00000198026.7",-0.00916009699699381,0.003695446285163,0.0131842728068665
"chr20:20571946:20572875:clu_26592:ENSG00000188559.13",0.0113385345805586,0.00494320448739329,0.0218041736203175
"chr20:2838478:2838596:clu_26330:ENSG00000132635.16",0.000848261009864013,0.00402472714725184,0.833072707642888
"chr20:3604262:3624511:clu_26383:ENSG00000088812.17",0.00836901904074574,0.00415677284468501,0.0440783165713885
"chr20:1325529:1350339:clu_26278:ENSG00000234684.6",0.000673800620456638,0.00244646458756861,0.782995042323442
"chr20:30388578:30391197:clu_26673:ENSG00000149531.15",0.00794268228249899,0.0107750526279425,0.461039474301075
"chr20:62183057:62193416:clu_27459:ENSG00000101181.17",-0.00523918578029257,0.00279897199985045,0.0612308175455554
"chr20:62161580:62162752:clu_27455:ENSG00000184402.14",-0.000367291210584287,0.00225269835533913,0.870483001289058
"chr20:289676:290259:clu_26241:ENSG00000196476.11",-0.00189594322075929,0.00286548825464339,0.508197140102774
"chr20:5176745:5178817:clu_26435:ENSG00000101290.13",0.00583204762828751,0.00255701300915836,0.0225599982990736
"chr20:25634827:25645531:clu_26654:ENSG00000213742.6",0.000685839469176499,0.00577214964468754,0.905418972289684
"chr20:25308045:25308457:clu_26639:ENSG00000100997.18",-0.00162650136962424,0.0045826689196111,0.722646170725535
"chr20:63940485:63940594:clu_27634:ENSG00000198276.15",0.013929890553294,0.00303540625818767,4.45085500400122e-06
"chr20:64011503:64016723:clu_27658:ENSG00000101161.7",0.00228082146104015,0.00346092026156579,0.509881851394788
"chr20:34449480:34457390:clu_26780:ENSG00000078747.14",0.00540790284592224,0.00594733494453305,0.363192573146198
"chr20:13559114:13569507:clu_26508:ENSG00000089123.15",-0.00305374397403171,0.00386511135853064,0.42948153390588
"chr20:25632288:25634049:clu_26653:ENSG00000213742.6",0.0124403186850552,0.00599306205459129,0.0379136802168057
"chr20:3822293:3823875:clu_26413:ENSG00000088888.17",0.00409308756252526,0.00288324822238022,0.155721297620534
"chr20:3822293:3823875:clu_26413:ENSG00000125843.10",0.00367608197921109,0.00299246969949897,0.219280272519158
"chr20:2658837:2659525:clu_26311:ENSG00000101365.20",-0.00236385426605191,0.00389046883440956,0.543451879639906
"chr20:63687307:63687638:clu_27595:ENSG00000258366.7",-0.00161482224915272,0.00285991366726612,0.572318510607201
"chr20:63961407:63961942:clu_27642:ENSG00000196700.8",-0.0161414352152125,0.00305666717021326,1.28669914389867e-07
"chr20:63689648:63689750:clu_27598:ENSG00000258366.7",0.0225659046584016,0.00326630340706378,4.89119855728859e-12
"chr20:63944021:63944397:clu_27636:ENSG00000198276.15",-0.0239257588761347,0.00303656862105191,3.33066907387547e-15
"chr20:39025359:39028418:clu_27018:ENSG00000101452.14",-0.0102259940105367,0.00372443167500894,0.00603907487038025
"chr20:58995759:58996639:clu_27406:ENSG00000101160.13",0.00386279170100862,0.00367378471074005,0.293053115753182
"chr20:59877555:59878008:clu_27423:ENSG00000196074.12",-0.00130257530088122,0.0038923435474148,0.73788863195554
"chr20:47143148:47169139:clu_27217:ENSG00000064655.18",0.00102355509980023,0.00312645734529238,0.743376743625268
"chr20:19681991:19684176:clu_26573:ENSG00000185052.11",0.00342628997273335,0.00377642467185812,0.364256592293407
"chr20:19673654:19681858:clu_26573:ENSG00000185052.11",-0.00577670636884552,0.0036620720938126,0.114693855222212
"chr20:3754158:3754397:clu_26399:ENSG00000101220.17",-0.00726168547094457,0.00317212946883944,0.0220668798008152
"chr20:4183654:4186743:clu_26425:ENSG00000230176.2",0.00678235276325285,0.00328486250744057,0.0389485947701456
"chr20:4183654:4186743:clu_26425:ENSG00000088826.17",0.00745599068167796,0.00322542329884598,0.0207979892301239
"chr20:62805030:62807537:clu_27534:ENSG00000060491.16",-0.00160055662661251,0.00302184287415736,0.596346003996357
"chr20:63707559:63708553:clu_27608:ENSG00000197114.11",0.00607596900851627,0.00357409283869328,0.0891303369910383
"chr20:63707092:63707867:clu_27607:ENSG00000101246.19",0.00347182613449103,0.00295512113199156,0.240054451659096
"chr20:63752861:63775678:clu_27619:ENSG00000130584.10",-0.00718645465423689,0.00315316833516165,0.0226598266699146
"chr20:63977406:63978245:clu_27655:ENSG00000130590.13",0.0039547773226336,0.00349216093597173,0.257435707537917
"chr20:63685872:63687638:clu_27595:ENSG00000258366.7",0.0134484096680339,0.00422840726405041,0.00147025895664932
"chr20:64076646:64079294:clu_27670:ENSG00000171700.13",-0.00663467016166919,0.00443871727976231,0.134985728399574
"chr20:64268010:64273221:clu_27674:ENSG00000203880.11",0.0191925416997416,0.00357345586537574,7.83607485566051e-08
"chr20:45801458:45801999:clu_27134:ENSG00000101457.12",-0.00010858165341469,0.0037253453026903,0.9767475622404
"chr20:46387437:46389039:clu_27195:ENSG00000062598.17",-0.00153828554929386,0.00352042660243819,0.662140369354252
"chr20:46079453:46089817:clu_27180:ENSG00000124160.11",0.00145948724353518,0.00337115634101104,0.665062924579098
"chr20:46355874:46356574:clu_27187:ENSG00000080189.14",0.00338490334141309,0.00325148827099745,0.297860696409876
"chr20:37297534:37301208:clu_26944:ENSG00000101363.12",-0.00239046702516263,0.00436250622391553,0.583721239525546
"chr20:46726324:46726864:clu_27214:ENSG00000197496.5",0.000712209356624927,0.00375277923861506,0.849480085265057
"chr20:47757463:47785835:clu_27244:ENSG00000196562.14",0.00146616590079328,0.0035781621499986,0.681986485560258
"chr20:46393143:46394049:clu_27199:ENSG00000062598.17",-0.0110038947782422,0.00407275063716506,0.00689582508104103
"chr20:47633636:47634048:clu_27230:ENSG00000124151.18",-0.00853848183635138,0.00413349469933131,0.0388586019773108
"chr20:47659452:47659697:clu_27233:ENSG00000196562.14",0.00198022670321899,0.0035577028768788,0.577798970844169
"chr20:49279208:49280485:clu_27274:ENSG00000177410.12",0.00260210254234178,0.00608525329768241,0.668936594372452
"chr20:49524239:49539570:clu_27277:ENSG00000124212.5",0.00907493098946006,0.00446946295999675,0.042312865445033
"chr20:49231115:49233306:clu_27265:ENSG00000124228.14",0.000615973229325201,0.00380779760682787,0.87148991297759
"chr20:49548019:49550066:clu_27278:ENSG00000124212.5",0.00664209622320227,0.0044050683420792,0.131597924228306
"chr20:49275887:49278021:clu_27272:ENSG00000124201.14",-0.00423311912787582,0.00376140187213314,0.260415352724764
"chr20:37365277:37382619:clu_26946:ENSG00000197122.11",0.00638262954344542,0.00383981138412394,0.0964677179486536
"chr20:38638838:38639227:clu_27001:ENSG00000124143.10",-0.00348105501099899,0.00465438107898457,0.454514852549646
"chr20:39006356:39010260:clu_27016:ENSG00000101452.14",0.00108698863411755,0.00384400140318421,0.777349092786448
"chr20:53955255:53957432:clu_27336:ENSG00000064787.13",-0.00365665650094249,0.0044074197594855,0.40673147631772
"chr20:37184373:37198397:clu_26938:ENSG00000118705.16",-0.006358621034295,0.00420161858269135,0.130184642340923
"chr20:38219768:38223538:clu_26977:ENSG00000149633.11",0.000706702352743558,0.00395765457785056,0.858278532024452
"chr20:38546430:38548689:clu_26994:ENSG00000170471.14",-0.0143049680780413,0.00397672575629392,0.000321695292905377
"chr20:56395721:56397207:clu_27348:ENSG00000101138.11",0.00115392191033956,0.00316067699142417,0.715046504896536
"chr20:37502554:37509104:clu_26951:ENSG00000166619.12",0.00331185931913516,0.00622206208605947,0.594534295565064
"chr20:58703071:58703215:clu_27396:ENSG00000215440.11",0.0011033960648032,0.00377031968006495,0.769787256415633
"chr20:58981369:58986093:clu_27408:ENSG00000101158.13",0.00298554949774637,0.00317075678640657,0.346403138228001
"chr20:58989021:58989488:clu_27412:ENSG00000101158.13",0.00526913203731181,0.00351822073243208,0.134219128657266
"chr20:58693050:58693737:clu_27394:ENSG00000215440.11",0.00286541877446533,0.00296568265107445,0.333948128325222
"chr20:58251864:58271363:clu_27383:ENSG00000124224.16",-3.46668215845424e-05,0.0027560924991879,0.989964272832796
"chr20:58271505:58272769:clu_27383:ENSG00000124224.16",-0.00158338389902266,0.00268198350977691,0.554937296955962
"chr20:59866392:59866495:clu_27421:ENSG00000196074.12",-0.00482698248232404,0.00363841413037297,0.184617176981657
"chr20:39003907:39006146:clu_27015:ENSG00000101452.14",-0.00352256714239521,0.00495518747432014,0.477155665181086
"chr20:41100243:41101209:clu_27025:ENSG00000198900.5",-0.00585837131721742,0.00476067351871675,0.218481427786642
"chr20:41174011:41174124:clu_27036:ENSG00000124181.14",0.00282680141979972,0.00460380515555069,0.539205989641937
"chr20:36461510:36496705:clu_26909:ENSG00000080845.17",-0.0158225256187452,0.00594201636608045,0.00774886354680326
"chr20:41357188:41357361:clu_27045:ENSG00000132793.11",0.00623430294406838,0.00560685775191894,0.266178248982698
"chr20:41533570:41551305:clu_27056:ENSG00000124177.14",-0.00438556785036186,0.00501257346973698,0.381621010784524
"chr20:41357153:41357361:clu_27045:ENSG00000132793.11",-0.000432299817186916,0.00564435369762553,0.938949888147363
"chr20:43914990:43973367:clu_27076:ENSG00000124191.17",0.00260312401164423,0.00347258445687012,0.453482690821107
"chr20:43516177:43528657:clu_27059:ENSG00000185513.14",-0.00135439513754312,0.00399156426635231,0.734372914046229
"chr20:43530889:43532773:clu_27061:ENSG00000185513.14",-0.00525355363404545,0.00314811123417421,0.0951579291493799
"chr20:44636288:44651575:clu_27096:ENSG00000196839.12",-0.0163356342771653,0.00419777736142941,9.96279863457739e-05
"chr20:44932713:44933072:clu_27105:ENSG00000101104.12",0.00618919860881826,0.00366540614990062,0.0913068999971103
"chr20:44948877:44951833:clu_27108:ENSG00000025772.7",-0.00141554188664919,0.00323487779623478,0.661685379193443
"chr20:45335920:45348325:clu_27116:ENSG00000124145.6",-0.00239615235577851,0.00425493096845388,0.573334670052243
"chr20:45333069:45335782:clu_27116:ENSG00000124145.6",0.000659913996836026,0.00461193669823313,0.886220476788944
"chr20:44626599:44629047:clu_27094:ENSG00000196839.12",0.00128056571033613,0.00439896098464462,0.770969942813367
"chr20:44177972:44186327:clu_27080:ENSG00000149596.6",-0.00112043449618541,0.00426103465068555,0.792589943254545
"chr20:45406732:45408460:clu_27117:ENSG00000244274.7",-0.00160166868003761,0.00343605408678718,0.641118120408711
"chr20:45470532:45471153:clu_27128:ENSG00000101443.17",0.00237185356918535,0.00418075359713252,0.570492170671511
"chr20:45947166:45947263:clu_27160:ENSG00000100982.11",-0.00224780318080811,0.00314109930953047,0.474231980077427
"chr20:46128224:46128335:clu_27184:ENSG00000101017.13",0.00214553266780938,0.00318980950806562,0.501188476766924
"chr20:36653701:36654801:clu_26916:ENSG00000101079.20",0.00945248950012876,0.00681937448004527,0.165709451888008
"chr20:45853979:45855159:clu_27138:ENSG00000101473.16",0.0113430392828543,0.003976696991779,0.00433935937952445
"chr20:47179912:47180815:clu_27218:ENSG00000064655.18",0.00217223671286205,0.00379365136018429,0.566916997869913
"chr20:45838360:45840448:clu_27139:ENSG00000124104.18",0.00665213053157922,0.00397896734208613,0.0945591599763426
"chr20:421031:422127:clu_26247:ENSG00000125826.20",-0.00125407528576661,0.00279538094865442,0.653702839482167
"chr20:2652931:2653279:clu_26306:ENSG00000101361.16",0.00614927585939063,0.0033513567992382,0.0665262003514775
"chr20:2839933:2840211:clu_26332:ENSG00000132635.16",-0.0111667543630433,0.00495733240275067,0.0242860693216914
"chr20:2839933:2840866:clu_26332:ENSG00000132635.16",0.0200244160540654,0.00772724674448228,0.00955852803763568
"chr20:2749518:2749620:clu_26323:ENSG00000088881.20",0.00209306556622383,0.00291211241584999,0.472298193463894
"chr20:21244288:21246479:clu_26599:ENSG00000088970.15",0.00706273278874367,0.00517267902748502,0.172129984680891
"chr20:21229115:21232734:clu_26599:ENSG00000088970.15",-0.00361643715781779,0.00649232689000498,0.577505215879329
"chr20:25023641:25030759:clu_26623:ENSG00000154930.14",1.07784188372071e-05,0.00414519993225651,0.997925329434104
"chr20:25505078:25509670:clu_26650:ENSG00000101004.14",0.0202057141057787,0.00709151125146,0.00438180474572381
"chr20:25222743:25222838:clu_26628:ENSG00000197586.12",-0.00162810416980088,0.00547598720905297,0.766224492769468
"chr20:25470095:25476043:clu_26645:ENSG00000101004.14",0.0013690090237205,0.00557002141695596,0.805851266859969
"chr20:25479672:25480161:clu_26646:ENSG00000101004.14",-0.0210255163679587,0.0066250602424059,0.00150543398325942
"chr20:3230647:3230732:clu_26371:ENSG00000088836.12",0.00151634713131197,0.00343279412082608,0.658689028647678
"chr20:3229776:3230187:clu_26369:ENSG00000088836.12",0.00296041161833512,0.00302213194038069,0.32729485188189
"chr20:25477089:25478923:clu_26645:ENSG00000101004.14",-0.0232251340566636,0.00896352918463894,0.00956779503829386
"chr20:25009388:25012601:clu_26620:ENSG00000154930.14",-0.00039075552651617,0.00570923369247247,0.945433209832419
"chr20:3673658:3673745:clu_26389:ENSG00000149451.17",-0.00345729450934623,0.00288144746782663,0.230198981255277
"chr20:3213426:3213985:clu_26364:ENSG00000125877.12",-0.000391686172566112,0.00329297548548035,0.905318159234406
"chr20:3545890:3547284:clu_26381:ENSG00000088812.17",-0.00382508284053319,0.00337932869410791,0.257673904185589
"chr20:3908278:3910577:clu_26417:ENSG00000125779.21",-0.00588022152405124,0.00323489623248765,0.0691028766678948
"chr20:5973196:5977289:clu_26455:ENSG00000125885.13",0.00313985153815936,0.00367030697827305,0.392288890728164
"chr20:5773043:5863024:clu_26447:ENSG00000171984.14",-0.00192505078819327,0.00364467009493345,0.597372707561753
"chr20:410025:417220:clu_26246:ENSG00000125826.20",0.000431150835384228,0.00352540523455751,0.902662830326007
"chr20:322565:348100:clu_26243:ENSG00000225377.5",-0.000623155322774515,0.00303709193906363,0.837430260286114
"chr20:1183948:1184302:clu_26271:ENSG00000125895.5",0.00300460168397955,0.002672392933639,0.260880968669309
"chr20:25634827:25639729:clu_26654:ENSG00000213742.6",0.00183637535367111,0.00532438861584531,0.730170437343419
"chr20:25217581:25221232:clu_26628:ENSG00000197586.12",-0.00218227288899456,0.00654847648172416,0.738946373578067
"chr20:25478395:25478923:clu_26645:ENSG00000101004.14",0.00736976306369754,0.00512097375960543,0.150112803193624
"chr20:9373104:9380054:clu_26475:ENSG00000101333.16",-9.45639643463865e-05,0.00332226984639806,0.977292350194229
"chr20:37172057:37173995:clu_26937:ENSG00000101353.14",0.000239182025415297,0.00403476024905459,0.952728806944525
"chr20:18298464:18305008:clu_26555:ENSG00000125846.15",-0.0055293221915105,0.0043738023493045,0.206161429044582
"chr20:62546858:62547541:clu_27521:ENSG00000174403.15",0.00742717113681598,0.00358776741137739,0.0384394889220844
"chr20:62308178:62308655:clu_27475:ENSG00000130706.12",0.00184829960221215,0.00343185177833382,0.590182146494575
"chr20:13483337:13528433:clu_26507:ENSG00000089123.15",0.00217455073749992,0.00402242021532329,0.588778112856569
"chr20:37943619:37943981:clu_26960:ENSG00000132821.11",-0.00553520945586807,0.00546998962595045,0.311574771239015
"chr20:31548793:31549029:clu_26686:ENSG00000101294.16",0.00224440554647561,0.00729100901035747,0.7582102060807
"chr20:31545035:31549029:clu_26686:ENSG00000101294.16",0.00518557000206432,0.00890176363650459,0.560207801442677
"chr20:63701900:63702136:clu_27605:ENSG00000101246.19",0.0221464966215519,0.00419583726699688,1.30454222313503e-07
"chr20:38040564:38048348:clu_26966:ENSG00000101413.11",0.000427909484959348,0.00397544208653778,0.914282682907654
"chr20:37346255:37347118:clu_26945:ENSG00000197122.11",0.00505758008831231,0.00372071171402022,0.174050126153293
"chr20:64070635:64071858:clu_27668:ENSG00000171703.16",0.00283914772224088,0.00399811283760095,0.477628509906161
"chr20:31476785:31477828:clu_26684:ENSG00000088320.3",-0.00498736889505851,0.00597933067207029,0.404223769930614
"chr20:31476785:31477828:clu_26684:ENSG00000233354.1",-0.00494566309611757,0.00596295939613244,0.406879564969981
"chr20:32022795:32025856:clu_26706:ENSG00000101331.15",0.0043934238770942,0.00441418637198765,0.319592120223004
"chr20:51789141:51790022:clu_27324:ENSG00000101115.12",0.00876005774386198,0.00298262372643142,0.00331371192862251
"chr20:35739017:35740824:clu_26896:ENSG00000131051.22",0.000333523262119011,0.0122657004040549,0.978306964683371
"chr20:35801605:35823258:clu_26898:ENSG00000025293.16",-0.0116364685148358,0.00876228416476747,0.184172257730865
"chr20:13718984:13728378:clu_26509:ENSG00000089048.14",-0.00363938586043494,0.00442717642040755,0.411045164650359
"chr20:35118719:35123890:clu_26834:ENSG00000088298.12",0.0110775091066061,0.00563677013257184,0.0493884577505517
"chr20:34736758:34740363:clu_26794:ENSG00000198646.13",-0.0017950358740183,0.00850462702787542,0.832835929747053
"chr20:35709256:35710283:clu_26892:ENSG00000131051.22",0.00177784561975643,0.00752609572914843,0.813258735244255
"chr20:35564008:35564748:clu_26864:ENSG00000088340.15",0.000402033246374629,0.0053647890184506,0.940263050186024
"chr20:35709274:35713019:clu_26892:ENSG00000131051.22",0.0133850296198323,0.00768041594312837,0.0813776409496967
"chr20:25470095:25470693:clu_26645:ENSG00000101004.14",-0.000263498023958621,0.00959250592646678,0.978085541983635
"chr20:3673887:3674064:clu_26390:ENSG00000149451.17",-0.00365417357696261,0.00412040828498227,0.375161037585648
"chr20:35899648:35913249:clu_26900:ENSG00000025293.16",0.0205597912397912,0.0054655857983323,0.000168775096835327
"chr20:34914437:34919435:clu_26808:ENSG00000131069.19",-0.00076401396095011,0.00518382741078988,0.882828820808481
"chr20:35871829:35899370:clu_26900:ENSG00000025293.16",-0.0153914559341685,0.00556690853892169,0.00569555980840419
"chr20:35126375:35131642:clu_26835:ENSG00000088298.12",0.010977369441837,0.00679781749836003,0.106345927286296
"chr20:36198041:36209488:clu_26905:ENSG00000088367.21",0.00580722819262534,0.00540266295894032,0.282427310971072
"chr20:37147909:37157860:clu_26936:ENSG00000101353.14",0.00850927076326598,0.00392437011316726,0.0301347244130749
"chr20:37289686:37297347:clu_26944:ENSG00000101363.12",-0.01057074259873,0.00438152269849926,0.0158403725624721
"chr20:54028972:54058085:clu_27338:ENSG00000064787.13",-0.00271574884901316,0.00428665217336332,0.526383622049332
"chr20:58439025:58440907:clu_27387:ENSG00000124164.15",-0.00193456800979428,0.00286054699862843,0.498854614368089
"chr20:5109445:5112720:clu_26433:ENSG00000089063.14",-0.00230597102815874,0.00325765666486831,0.479031023404618
"chr20:62286488:62286583:clu_27470:ENSG00000130703.15",0.00256274982464465,0.0028956167837023,0.376132609449671
"chr20:31869597:31869810:clu_26700:ENSG00000149599.15",-0.0302713192066686,0.0108563527322344,0.00529771528649603
"chr20:32146855:32149634:clu_26716:ENSG00000101337.15",0.00480950524969506,0.00565109974152331,0.394728130494242
"chr20:13785290:13787312:clu_26512:ENSG00000101247.17",0.0033432436208083,0.00671034841830343,0.618327534567546
"chr20:46504740:46512082:clu_27206:ENSG00000198185.11",0.00346161025601695,0.00540231189119647,0.521675631254647
"chr20:46504740:46509605:clu_27206:ENSG00000198185.11",-0.00239640969489117,0.00472269597942465,0.611857288614138
"chr20:13569586:13580897:clu_26508:ENSG00000089123.15",-0.0065790869481376,0.00425951917639447,0.122452499964658
"chr20:53953695:53966906:clu_27336:ENSG00000064787.13",0.00849813271919658,0.00397471733749232,0.0325129239335791
"chr20:62413545:62413821:clu_27511:ENSG00000130701.3",0.00420745319782743,0.00295036492370206,0.153845565389074
"chr20:63701898:63702136:clu_27605:ENSG00000101246.19",0.00284346690591113,0.00289928352941536,0.326716961827181
"chr20:37289686:37301208:clu_26944:ENSG00000101363.12",-0.0102755753560593,0.00828307108089643,0.214771518141628
"chr20:39023767:39025230:clu_27018:ENSG00000101452.14",-0.00267833152610512,0.00451039262678418,0.552636933714584
"chr20:63658459:63659233:clu_27588:ENSG00000258366.7",-0.00720724168611867,0.00279076707985284,0.00980786330683203
"chr20:17970370:17975684:clu_26546:ENSG00000125871.13",-0.00100579953396104,0.00350158090418054,0.773927372189623
"chr20:36496850:36499588:clu_26910:ENSG00000080845.17",0.00506085775979438,0.00676581024451114,0.454457331741896
"chr20:35772079:35801491:clu_26897:ENSG00000025293.16",0.0126444179175944,0.00634566765671335,0.0463045649966808
"chr20:36462599:36465265:clu_26909:ENSG00000080845.17",-0.00671168259270912,0.0060271898409462,0.265464784816281
"chr20:35698590:35699192:clu_26889:ENSG00000244005.12",0.0136622376869053,0.00686626888442075,0.0466172109688924
"chr20:37108664:37110260:clu_26932:ENSG00000101353.14",-0.00106833808343884,0.00340841120403907,0.753945133584146
"chr20:36893066:36897822:clu_26923:ENSG00000101347.8",-0.00983455467645764,0.00629276032033619,0.118091087925743
"chr20:13587370:13616857:clu_26508:ENSG00000089123.15",0.00927496391185532,0.00485980575183164,0.0563259686345212
"chr20:64063949:64066476:clu_27665:ENSG00000171703.16",-0.0159037564914579,0.00325124959931818,1.00028316718515e-06
"chr20:64057210:64062430:clu_27664:ENSG00000237371.1",0.00525145604028681,0.00404605174365789,0.194314439283758
"chr20:64057210:64062430:clu_27664:ENSG00000171703.16",0.00525145604028681,0.00404605174365789,0.194314439283758
"chr20:35632025:35632163:clu_26882:ENSG00000214078.12",0.00529495825306567,0.00565285170250494,0.348919080012747
"chr20:35004090:35004458:clu_26825:ENSG00000100991.11",-0.000402796644992201,0.0063909795373886,0.949745953889716
"chr20:34090602:34096657:clu_26768:ENSG00000125977.6",-0.021109410073404,0.00942223354128322,0.0250660811880606
"chr20:35630490:35630741:clu_26880:ENSG00000214078.12",0.0107203910262947,0.00546330700761489,0.0497330263837171
"chr20:35632234:35632311:clu_26882:ENSG00000214078.12",-0.0114555254161118,0.004735680652845,0.015564017950783
"chr20:34369470:34393791:clu_26777:ENSG00000078747.14",0.0168608182998057,0.00723757549267704,0.0198261149130377
"chr20:34369470:34393770:clu_26777:ENSG00000078747.14",-0.0172331418347423,0.00658851667056884,0.00890622195429036
"chr20:37346255:37365204:clu_26945:ENSG00000197122.11",0.000614668872655484,0.00982981373186174,0.950139911792103
"chr20:63679946:63680664:clu_27592:ENSG00000258366.7",0.00283258068942468,0.00290930210609324,0.330240817818809
"chr20:31548608:31549029:clu_26686:ENSG00000101294.16",-0.018519211316445,0.00764389318505283,0.0154036943930839
"chr20:31666086:31721844:clu_26694:ENSG00000171552.12",0.00227844823463247,0.00576928079505163,0.692896318229867
"chr20:31465663:31471715:clu_26681:ENSG00000180383.3",0.00853994796354329,0.00585200949186619,0.144477360102846
"chr20:25212260:25213263:clu_26626:ENSG00000197586.12",0.00231092487691487,0.00647059837517502,0.720985222187733
"chr20:35277932:35278009:clu_26840:ENSG00000126005.16",0.0025883522832763,0.00639452666498751,0.68564201562729
"chr20:35582710:35582839:clu_26869:ENSG00000088340.15",0.0165130543318472,0.00530127919286875,0.00183995540287929
"chr20:35626381:35626563:clu_26878:ENSG00000214078.12",0.000783309683218247,0.0083500175362279,0.925260607483193
"chr20:44622930:44623007:clu_27094:ENSG00000196839.12",0.00251732262079949,0.00377366139194858,0.504722967476629
"chr20:35801605:35812623:clu_26898:ENSG00000025293.16",0.0010518093705907,0.00687984935517243,0.878490844763228
"chr20:38217005:38217253:clu_26976:ENSG00000149633.11",0.000895712679079061,0.00370827083659452,0.809133078167179
"chr20:38509208:38516192:clu_26992:ENSG00000170471.14",0.00591456612215596,0.00573833714611169,0.302676454412283
"chr20:58898985:58903531:clu_27404:ENSG00000087460.24",-3.23761784370784e-06,0.00460393291762269,0.999438904709391
"chr20:43516013:43516093:clu_27059:ENSG00000185513.14",0.00565186301743765,0.00300249398213541,0.0597831563049264
"chr20:36462599:36496705:clu_26909:ENSG00000080845.17",0.00600527188795252,0.00549496659044916,0.274451860720284
"chr20:36194360:36195329:clu_26904:ENSG00000088367.21",0.00443119222578116,0.00610250334413311,0.467760940490795
"chr20:38048481:38057532:clu_26966:ENSG00000101413.11",-0.000756413137623773,0.00378821099613884,0.841734332112094
"chr20:34477860:34479630:clu_26783:ENSG00000078747.14",-0.00807135517381825,0.00683795268773961,0.237850706967393
"chr20:34477906:34479630:clu_26783:ENSG00000078747.14",-0.00100171653213154,0.00746418947552795,0.893242063045077
"chr20:31722348:31723735:clu_26695:ENSG00000171552.12",0.018113704385673,0.00631372543109863,0.00411848897013545
"chr20:32727995:32728089:clu_26737:ENSG00000149600.11",-0.00277185993353433,0.00392996473793446,0.480614725722402
"chr20:32456395:32474601:clu_26732:ENSG00000197183.14",-0.0108527401179293,0.00382039196881731,0.00450089974219914
"chr20:63946267:63946453:clu_27640:ENSG00000198276.15",-0.0121095427112765,0.00376120518286235,0.00128373566571727
"chr20:63977406:63979377:clu_27655:ENSG00000130590.13",0.014771326065296,0.00431497723505157,0.000618729067262791
"chr20:45420693:45424216:clu_27125:ENSG00000124155.17",0.00484107267029309,0.00496358489024073,0.329402646176855
"chr20:34859682:34859969:clu_26804:ENSG00000131067.16",0.0111257097840106,0.00628512804305024,0.0766997612819778
"chr20:34859639:34859969:clu_26804:ENSG00000131067.16",-0.00944172322904793,0.00573622519640822,0.0997674718538386
"chr20:33707969:33714674:clu_26760:ENSG00000101412.12",-0.0072066023615847,0.00544373374666814,0.185558026522259
"chr20:33707969:33714674:clu_26760:ENSG00000101417.11",-0.00344219757059029,0.0055602389351144,0.53586782240889
"chr20:25222426:25222744:clu_26628:ENSG00000197586.12",0.00892222158812569,0.008922666443689,0.317334636234625
"chr20:34937023:34941713:clu_26812:ENSG00000100983.9",0.00919716894148921,0.00774205044716172,0.23485310338028
"chr20:2999425:3005056:clu_26344:ENSG00000132670.20",-0.000244662053563572,0.00360007512118358,0.945817266315457
"chr20:60319007:60320633:clu_27441:ENSG00000228340.5",0.00120692471775844,0.00309169885413283,0.696258607219741
"chr20:35384133:35394092:clu_26846:ENSG00000101019.21",-0.00317902286811209,0.0060733478327727,0.600669276871352
"chr20:35673684:35674350:clu_26888:ENSG00000244005.12",-0.0178979185416071,0.00600214478959157,0.00286446379710403
"chr20:63945914:63946161:clu_27639:ENSG00000198276.15",0.000928353225089655,0.00364855739032072,0.799152628055616
"chr20:33707969:33710555:clu_26760:ENSG00000101412.12",-0.000813049662946122,0.00629467252978456,0.897227305623651
"chr20:35690565:35696377:clu_26887:ENSG00000244005.12",-0.00516229714005123,0.00600152408661713,0.389698446293537
"chr20:13534141:13569507:clu_26508:ENSG00000089123.15",0.0050013276642579,0.00399528981159495,0.210640571845788
"chr20:41172289:41172423:clu_27035:ENSG00000124181.14",0.0110976154789791,0.00393128057761245,0.00475912797779088
"chr20:34946051:34951724:clu_26813:ENSG00000100983.9",0.000309354625659188,0.00817666939744133,0.96982018042751
"chr20:34882989:34913096:clu_26808:ENSG00000131069.19",0.00999724801453591,0.00788732058197868,0.204973429533353
"chr20:32143105:32145091:clu_26715:ENSG00000101337.15",0.00312463961437843,0.00481314902019016,0.516216729038467
"chr20:32143077:32145091:clu_26715:ENSG00000101337.15",-0.00387503465103254,0.00485466229759871,0.424749273688314
"chr20:33374212:33379461:clu_26744:ENSG00000101391.20",-0.0126062425397797,0.00442354983968108,0.00437464106645991
"chr20:33379691:33385650:clu_26744:ENSG00000101391.20",0.0240167705889492,0.00757500699319724,0.00152162249013144
"chr20:32453761:32456118:clu_26732:ENSG00000197183.14",-0.00424233861687774,0.00437793550467235,0.332531614460293
"chr20:32022795:32028995:clu_26706:ENSG00000101331.15",-0.0102392079176024,0.00621350420633655,0.0993740411404036
"chr20:33770292:33781291:clu_26762:ENSG00000131061.13",-0.005342779365997,0.00468026862451787,0.253639454209843
"chr20:33408599:33408701:clu_26747:ENSG00000101400.5",0.0109503331200639,0.0044210699557048,0.0132547090749942
"chr20:33408596:33408701:clu_26747:ENSG00000101400.5",-0.00900052257347618,0.00428332535862716,0.0356152337741212
"chr20:32806327:32807762:clu_26738:ENSG00000088305.18",-0.0130984026888952,0.00420334474518532,0.00183206876626207
"chr20:34932133:34936763:clu_26811:ENSG00000100983.9",0.0174585456038256,0.0116155961694374,0.132832282743946
"chr20:34758933:34768464:clu_26797:ENSG00000198646.13",0.0288323637768773,0.00560669879621105,2.71128271056575e-07
"chr20:34941829:34942488:clu_26812:ENSG00000100983.9",-0.00626912953105815,0.00671407309805644,0.350443335163214
"chr20:34995578:34996346:clu_26821:ENSG00000078814.15",-0.00253436032720534,0.0113671005071201,0.823569952290939
"chr20:31475366:31476227:clu_26683:ENSG00000088320.3",-0.0166224262640322,0.010197763923942,0.103100024097105
"chr20:37198492:37203885:clu_26938:ENSG00000118705.16",0.00567410521754184,0.00440573949713497,0.197784464284465
"chr20:37401678:37402435:clu_26949:ENSG00000197122.11",-0.000337652777215104,0.0040268436588774,0.933175311370067
"chr20:36524341:36525851:clu_26911:ENSG00000080845.17",0.00012109304101215,0.00448205504548556,0.978445932952645
"chr20:36500611:36524250:clu_26911:ENSG00000080845.17",0.00396182469246881,0.00438231214398377,0.365969446020241
"chr20:64076646:64079873:clu_27670:ENSG00000171700.13",-0.00195125437589106,0.00412528662063586,0.636214250678643
"chr20:64066538:64066915:clu_27666:ENSG00000171703.16",0.0206343348727559,0.00490650719201871,2.60501157101078e-05
"chr20:36237037:36239821:clu_26907:ENSG00000131043.11",0.00567811455289735,0.00840129683382522,0.49912847224726
"chr20:35218061:35272005:clu_26837:ENSG00000126005.16",0.0129860042105287,0.00970583657840406,0.180910043982535
"chr20:35131783:35134738:clu_26835:ENSG00000088298.12",0.000424242303476808,0.00793692051936705,0.95737197235941
"chr20:36236503:36239821:clu_26907:ENSG00000131043.11",-0.0016442192791527,0.006380476767017,0.796642024754279
"chr20:35131783:35137880:clu_26835:ENSG00000088298.12",0.00470854889337328,0.00733725813087983,0.52104760122211
"chr20:25317078:25320199:clu_26640:ENSG00000100997.18",0.0164384831271124,0.00560576145943077,0.00336324584528958
"chr20:34942627:34942931:clu_26812:ENSG00000100983.9",0.000914749242461432,0.0111942616449031,0.934872628782049
"chr20:34986198:34986886:clu_26815:ENSG00000078814.15",0.00909828217745678,0.00539189526918693,0.0915265315484256
"chr20:34946098:34951724:clu_26813:ENSG00000100983.9",-0.0027116475940421,0.00861219326959267,0.752866858248858
"chr20:34645334:34657180:clu_26790:ENSG00000101464.10",0.0110574528208697,0.00528654295571957,0.0364722875441578
"chr20:35595754:35599014:clu_26870:ENSG00000088340.15",-0.0204995961974227,0.00731548031269819,0.00507520152687535
"chr20:35272145:35278046:clu_26840:ENSG00000126005.16",0.0180664076721554,0.00755979680760571,0.0168575179909152
"chr20:36194360:36197859:clu_26904:ENSG00000088367.21",0.0084919666042806,0.00494532858818317,0.0859482366512154
"chr20:35010288:35012598:clu_26829:ENSG00000100991.11",-0.0103139147104275,0.00615155404983112,0.0936137546465127
"chr20:36218962:36219761:clu_26906:ENSG00000088367.21",-0.00134186762912156,0.00497785385452688,0.787493004648529
"chr20:36214440:36221864:clu_26906:ENSG00000088367.21",0.00115303535638194,0.00611218708448328,0.850370827194765
"chr20:64068134:64069361:clu_27666:ENSG00000171703.16",0.0250334523147334,0.00436153290045404,9.49006795369911e-09
"chr20:36688784:36706972:clu_26918:ENSG00000101079.20",0.00557198065270816,0.00403842512062412,0.167666408996391
"chr20:35347272:35366557:clu_26845:ENSG00000101019.21",-0.000942231241862945,0.00543257306531604,0.862304751344749
"chr20:10753145:10753585:clu_26493:ENSG00000224961.1",0.00305497671737017,0.00307655555688128,0.320716757935036
"chr20:31637962:31639933:clu_26692:ENSG00000131055.4",-0.0070364259692185,0.00449241481466736,0.117280659286039
"chr20:31538359:31544947:clu_26685:ENSG00000101294.16",0.0284102104297362,0.00777956721521258,0.000260306091678486
"chr20:31538261:31544947:clu_26685:ENSG00000101294.16",-0.0248820971084045,0.00739666547061001,0.000768322891907869
"chr20:421006:422127:clu_26247:ENSG00000125826.20",-0.000332219617910603,0.0030971312501437,0.914577255827544
"chr20:13808902:13816463:clu_26516:ENSG00000101247.17",-0.00506840736979145,0.00567327047348612,0.371651728310844
"chr20:48974874:48976016:clu_27253:ENSG00000124198.8",0.00958392569305792,0.00399713346024824,0.0164983850145257
"chr20:25206590:25207076:clu_26625:ENSG00000197586.12",-0.00047946059984986,0.00604681991894823,0.936800875124289
"chr20:25634827:25673852:clu_26654:ENSG00000213742.6",-0.00442443073549776,0.00812944829766999,0.586271268655879
"chr20:59942512:59949254:clu_27431:ENSG00000196227.10",0.00539259640272873,0.00313073171127504,0.0849841264398282
"chr20:35617240:35617520:clu_26877:ENSG00000061656.9",0.00608576114958472,0.00645435625164882,0.345736125509312
"chr20:41174311:41174467:clu_27036:ENSG00000124181.14",-0.00851744114125488,0.00477905691675178,0.0747095996102638
"chr20:63931022:63931465:clu_27631:ENSG00000101152.10",0.0120750008296716,0.00445502790840296,0.00671978710094356
"chr20:47180936:47183291:clu_27218:ENSG00000064655.18",-0.00126488899204595,0.00408794343618226,0.757002517368369
"chr20:34860321:34861445:clu_26805:ENSG00000131067.16",-0.00232610449544932,0.0056525261298044,0.680694269534715
"chr20:45416694:45419295:clu_27121:ENSG00000124155.17",0.000426339622224817,0.00455923902378295,0.925497502895481
"chr20:35272145:35278009:clu_26840:ENSG00000126005.16",0.00859972112936565,0.00937256006553387,0.358858492437805
"chr20:34727404:34732559:clu_26793:ENSG00000198646.13",0.0164627249769179,0.00571329798237506,0.00395818705296513
"chr20:45253151:45253575:clu_27115:ENSG00000124107.5",-0.00345385359735752,0.004155674101483,0.405907237239148
"chr20:32010484:32014904:clu_26704:ENSG00000101331.15",-0.00912559205128747,0.006037118536163,0.130640556636717
"chr20:46383494:46386124:clu_27194:ENSG00000062598.17",0.00292009525526009,0.00513436077156687,0.569535386078311
"chr20:36212376:36214357:clu_26906:ENSG00000088367.21",-0.0129909996790225,0.00669166489781529,0.0522133746483533
"chr20:35565227:35576167:clu_26865:ENSG00000088340.15",0.000735734679475787,0.00540724499086668,0.891770204618463
"chr20:35740597:35740824:clu_26896:ENSG00000131051.22",0.00215612560554187,0.0107127041901986,0.840488945587435
"chr20:23368929:23369584:clu_26612:ENSG00000125812.15",0.00582237335371144,0.0049943099867357,0.243694768946079
"chr20:2693148:2693661:clu_26317:ENSG00000088881.20",-0.00641059969700987,0.0030963671336226,0.038418492455643
"chr20:35675202:35680737:clu_26885:ENSG00000244005.12",-0.00420682533512611,0.00455453519888187,0.355665267786863
"chr20:35632923:35653528:clu_26883:ENSG00000214078.12",-0.0198278716610201,0.00837646857966539,0.017928476099874
"chr20:36500611:36525851:clu_26911:ENSG00000080845.17",0.0111203883219788,0.00598817516550854,0.0633029092836142
"chr20:34516461:34526268:clu_26784:ENSG00000125971.16",-0.0124354616883706,0.00639308771203842,0.051757922721712
"chr20:50096820:50113107:clu_27290:ENSG00000244687.11",0.0115340580298117,0.00373794665534235,0.00203096249163881
"chr20:32079877:32083894:clu_26710:ENSG00000101336.13",-0.00218005847000863,0.00517068018116124,0.673302929187125
"chr20:50151315:50153517:clu_27292:ENSG00000240849.10",0.00275411115381429,0.00401177583150921,0.492393614608225
"chr20:35115933:35118598:clu_26834:ENSG00000088298.12",0.0143277815695069,0.00650217733605294,0.0275569954203064
"chr20:45471281:45479942:clu_27128:ENSG00000101443.17",0.000131034187085367,0.00523132281155711,0.980016675111876
"chr20:35366614:35374184:clu_26845:ENSG00000101019.21",0.00542020843202962,0.00524140952802254,0.301083455395854
"chr20:34073635:34073819:clu_26765:ENSG00000125970.11",-0.00185095107903375,0.0056649711575399,0.743867427347135
"chr20:36898544:36904157:clu_26924:ENSG00000101347.8",0.000675655709696633,0.00490201169285081,0.890372929922807
"chr20:49124587:49135833:clu_27261:ENSG00000124214.19",0.00459156986264329,0.00448587004318408,0.306041806463875
"chr20:32136173:32141497:clu_26714:ENSG00000101337.15",0.00401127560533065,0.00613657422012363,0.513326416139408
"chr20:9473365:9503958:clu_26479:ENSG00000101333.16",-0.00105568099135041,0.0046452226011063,0.820220285353955
"chr20:3326284:3330646:clu_26377:ENSG00000088854.12",0.00197525515308246,0.0034976118169481,0.572247928030607
"chr20:48681335:48688657:clu_27248:ENSG00000124126.13",-0.000281786088598299,0.00449873450413131,0.950055768106648
"chr20:35510054:35511363:clu_26858:ENSG00000126001.15",-0.00529563724727746,0.00655865063499739,0.419420021175792
"chr20:35510054:35516982:clu_26858:ENSG00000126001.15",-0.00921298178946636,0.00638627934777112,0.149127216252169
"chr20:37119838:37120504:clu_26934:ENSG00000101353.14",0.00152593972366906,0.00425848052488782,0.720096651523285
"chr20:36212376:36221864:clu_26906:ENSG00000088367.21",0.00552424225498328,0.00654468934643911,0.398624628520391
"chr20:25509789:25510674:clu_26650:ENSG00000101004.14",0.0047375628268007,0.00513776500354951,0.356473400246256
"chr20:35145018:35146825:clu_26836:ENSG00000126005.16",0.0108657156876102,0.00687732227780082,0.114121968844063
"chr20:35145018:35146825:clu_26836:ENSG00000088298.12",0.0132911382692439,0.00723824566587393,0.0663225358502512
"chr20:36897959:36898440:clu_26924:ENSG00000101347.8",0.0050857517627089,0.00483871975018569,0.293234167622818
"chr20:35382025:35394092:clu_26846:ENSG00000101019.21",0.034918993809754,0.0077869901434662,7.31627615724317e-06
"chr20:31722330:31723735:clu_26695:ENSG00000171552.12",0.0216108999558277,0.00678746101124192,0.00145282805703828
"chr20:36219844:36221864:clu_26906:ENSG00000088367.21",0.0128520518464478,0.00633245933203306,0.0424021569487925
"chr20:25323430:25339220:clu_26641:ENSG00000100997.18",-0.00186560812574214,0.00557617956265463,0.737951409239819
"chr20:36212376:36218876:clu_26906:ENSG00000088367.21",0.0135829573439015,0.00535969550199538,0.0112679362393119
"chr20:25207397:25209849:clu_26625:ENSG00000197586.12",-0.00428353318703249,0.0064998086174764,0.509880029883558
"chr20:31722330:31723864:clu_26695:ENSG00000171552.12",0.0156157797357069,0.00585135587576898,0.00761351126027221
"chr20:35142478:35144979:clu_26836:ENSG00000126005.16",0.00131621580911185,0.00909670695579739,0.884954482264967
"chr20:35382025:35384038:clu_26846:ENSG00000101019.21",0.00605661476911348,0.00748766724623986,0.418584904874015
"chr20:35476595:35477871:clu_26854:ENSG00000126001.15",-0.0191626084153537,0.00626504469625383,0.00222333251951234
"chr20:34860414:34861445:clu_26805:ENSG00000131067.16",-0.0232387892961971,0.00914846195598451,0.0110793726689697
"chr20:44938191:44939126:clu_27107:ENSG00000101104.12",0.00483035636154028,0.00525392473543666,0.357896544273434
"chr20:3296949:3298029:clu_26376:ENSG00000088854.12",0.00247835875123234,0.00375452736566721,0.509190472716495
"chr20:26009889:26010846:clu_26661:ENSG00000204556.4",-0.00863027755185836,0.0160577616802079,0.590955371371184
"chr20:49084162:49089247:clu_27259:ENSG00000124207.16",-0.0124199774777511,0.00580223118271357,0.0323101843257891
"chr20:32216721:32228263:clu_26721:ENSG00000101346.13",0.0157851898321847,0.00503907376797387,0.00173290304125195
"chr20:35812719:35823258:clu_26898:ENSG00000025293.16",-0.00304044997992312,0.00850601199805959,0.720757063846351
"chr20:36499321:36499588:clu_26910:ENSG00000080845.17",-0.000288703037248798,0.00619947068619436,0.962856754174721
"chr20:36236782:36239821:clu_26907:ENSG00000131043.11",-0.00131099492433161,0.00641966208924342,0.838185048098163
"chr20:33710753:33714674:clu_26760:ENSG00000101417.11",0.00932129444975415,0.00650347427135592,0.151778061588267
"chr20:33710753:33714674:clu_26760:ENSG00000101412.12",0.012397783107223,0.00643004328795093,0.0538423670988519
"chr20:32728142:32743308:clu_26737:ENSG00000149600.11",0.00901108542268408,0.00431126296438024,0.0366064283449985
"chr20:32029124:32029700:clu_26707:ENSG00000101331.15",0.00806054153561736,0.0061724100588801,0.191587049313226
"chr20:35374256:35381918:clu_26845:ENSG00000101019.21",-0.0146636733210569,0.00679371603473757,0.0308954121538936
"chr20:25677037:25685567:clu_26657:ENSG00000130684.13",-0.0049285705015759,0.00857152459646805,0.565295726667559
"chr20:13770021:13771331:clu_26510:ENSG00000089048.14",-0.00185912422681168,0.00408548371636767,0.649068890168204
"chr20:35035308:35049866:clu_26831:ENSG00000100991.11",-0.000167659495205606,0.0068366500540618,0.980434933168806
"chr20:35858381:35863013:clu_26899:ENSG00000025293.16",0.0332501746311123,0.00775286476547183,1.79673562641369e-05
"chr20:35847434:35858302:clu_26899:ENSG00000025293.16",-0.015828194434539,0.0083873051747007,0.0591386867146958
"chr20:36497066:36499588:clu_26910:ENSG00000080845.17",-0.0124299824064095,0.00974135341065458,0.201954958280862
"chr20:31547692:31548380:clu_26687:ENSG00000101294.16",-0.0124540284491744,0.0078864486348096,0.114297494833169
"chr20:35272145:35277390:clu_26840:ENSG00000126005.16",0.0151647110298732,0.0073316491492956,0.0386033488209411
"chr20:36660384:36665046:clu_26917:ENSG00000101079.20",-0.00145389271065023,0.0058293787369052,0.803045327746489
"chr20:35709256:35713019:clu_26892:ENSG00000131051.22",0.0128003602030537,0.0101531602517518,0.207407331356452
"chr20:34921866:34921963:clu_26808:ENSG00000131069.19",0.0084130124883066,0.00860690352362233,0.328335229161648
"chr20:3750227:3750804:clu_26403:ENSG00000132622.10",0.00158710666596063,0.00431877440107703,0.713253504565691
"chr20:32029838:32031001:clu_26707:ENSG00000101331.15",-0.00687030004016375,0.00724654535964942,0.343089058133872
"chr20:33707969:33710555:clu_26760:ENSG00000101417.11",0.000596644371379127,0.0068269373393459,0.930357056625081
"chr20:26019202:26019829:clu_26661:ENSG00000204556.4",0.00726976160213867,0.0065262194097999,0.265308559703974
"chr20:34746928:34749403:clu_26795:ENSG00000198646.13",-0.00143001265297671,0.00747475988396526,0.848281014399335
"chr20:11918011:11918334:clu_26494:ENSG00000132640.14",0.00169973038081314,0.00386757727602029,0.660312362185656
"chr20:35142478:35144979:clu_26836:ENSG00000088298.12",0.0184100839418256,0.0100914466950287,0.0681028714698571
"chr20:35004038:35004458:clu_26825:ENSG00000100991.11",0.0094615908047829,0.00927349814886259,0.307594350707695
"chr20:31482488:31484159:clu_26684:ENSG00000088320.3",-0.00410942842342505,0.00776377480502981,0.596591779273819
"chr20:31482488:31484159:clu_26684:ENSG00000233354.1",-0.00410942842342505,0.00776377480502981,0.596591779273819
"chr20:34295585:34303243:clu_26775:ENSG00000101444.12",0.0271741494765972,0.010223671900312,0.00786143444238618
"chr20:31477910:31482287:clu_26684:ENSG00000088320.3",-0.0118555486493729,0.00833993419143176,0.155159882367478
"chr20:31477910:31482287:clu_26684:ENSG00000233354.1",-0.0118555486493729,0.00833993419143176,0.155159882367478
"chr20:31566295:31568078:clu_26690:ENSG00000101294.16",-0.00689113490296381,0.0127744939933821,0.589579946258989
"chr20:34851316:34852155:clu_26801:ENSG00000131067.16",0.0107542291260986,0.00904680223253527,0.234544891092842
"chr20:34738932:34740363:clu_26794:ENSG00000198646.13",0.00788260549010851,0.00657994825090239,0.230927224012799
"chr20:34850060:34850132:clu_26800:ENSG00000131067.16",0.0083749395589222,0.012373443097909,0.498502433267608
"chr20:32704904:32706583:clu_26736:ENSG00000149600.11",-0.00394614583748807,0.00506419692411401,0.435847535972825
"chr20:32704071:32704440:clu_26736:ENSG00000149600.11",0.00655750757915977,0.0053245149989142,0.218110129281996
"chr20:34295585:34301758:clu_26775:ENSG00000101444.12",-0.0225984162685038,0.0104366463126432,0.0303651143010997
"chr20:34848667:34849961:clu_26799:ENSG00000131067.16",0.00944828581685539,0.00939961299160272,0.31481106320891
"chr20:29480182:29481358:clu_26669:ENSG00000282995.1",0.00126700247552044,-0.034589167581708,0.970779993827877
