"phenotype","causal_b","causal_se","causal_p"
"chr9:132400258:132406790:clu_51984:ENSG00000125482.12",0.00644398994101151,0.00320581271606719,0.0444210747766929
"chr9:133357182:133357711:clu_52036:ENSG00000148291.9",-0.00160866039250914,0.00269410212873996,0.550437641442897
"chr9:132910692:132911002:clu_52003:ENSG00000165699.13",-0.00397851003183428,0.00242309499119876,0.100608132370509
"chr9:133567062:133568273:clu_52068:ENSG00000197859.9",0.00272441903405313,0.00296071501960899,0.357473712026294
"chr9:133257542:133258097:clu_52028:ENSG00000175164.13",0.00470336836413794,0.0028063037468752,0.0937379633678634
"chr9:133433704:133436829:clu_52050:ENSG00000160323.18",-0.00496530019129239,0.00295106235886931,0.0924628799877352
"chr9:133098762:133099466:clu_52015:ENSG00000160271.14",-0.00466436490390162,0.0033023607086361,0.157822357488658
"chr9:132910689:132911002:clu_52003:ENSG00000165699.13",0.00148658985354429,0.00257269115811919,0.563375822518927
"chr9:133155936:133156015:clu_52024:ENSG00000148288.11",0.0016733462317935,0.00273246335935431,0.540276610612944
"chr9:132900837:132901589:clu_52002:ENSG00000165699.13",-0.00347750125621948,0.00323133702997433,0.28184662815503
"chr9:133256356:133257409:clu_52028:ENSG00000175164.13",0.00190823301131854,0.00251516245477964,0.448036971532437
"chr9:69065035:69099901:clu_50697:ENSG00000165060.11",-0.000831093524747439,0.00406970535048923,0.838185749911857
"chr9:69065035:69072612:clu_50697:ENSG00000165060.11",-0.0071870758826169,0.00455088435143053,0.114274101984269
"chr9:69377744:69383630:clu_50706:ENSG00000135063.17",-0.00165925629513496,0.00466218661643879,0.721918013407605
"chr9:69248224:69251035:clu_50702:ENSG00000119139.17",0.00283383119644872,0.00624803630554323,0.650148792513658
"chr9:114377532:114381060:clu_51391:ENSG00000235119.1",0.00247627334620568,0.00282148928073387,0.380134979411695
"chr9:114377532:114381060:clu_51391:ENSG00000106948.16",0.00264335544961518,0.00283750362371695,0.351554748353223
"chr9:114194457:114195959:clu_51366:ENSG00000196739.14",-0.00573283265871723,0.00323890336790902,0.0767284935498326
"chr9:114592652:114597570:clu_51397:ENSG00000136888.6",0.00325591852206301,0.00307958216109604,0.290393019410366
"chr9:114394410:114396725:clu_51391:ENSG00000235119.1",-0.00198344366552088,0.00300851436521772,0.50971804984865
"chr9:114394410:114396725:clu_51391:ENSG00000106948.16",-0.00198344366552088,0.00300851436521772,0.50971804984865
"chr9:114587920:114592552:clu_51397:ENSG00000136888.6",-0.00389875463965743,0.00296323951569249,0.18827244165739
"chr9:110138539:110156319:clu_51261:ENSG00000241978.9",0.00652682650361663,0.00345353945365332,0.0587720215293095
"chr9:111563231:111574734:clu_51281:ENSG00000106853.18",-0.00370912922319217,0.00331554526585839,0.263264446703077
"chr9:110138539:110168399:clu_51261:ENSG00000241978.9",0.00403929618944372,0.00343173519820369,0.239178774603258
"chr9:110125596:110136127:clu_51260:ENSG00000241978.9",-0.00909527540244497,0.00235550539980838,0.000112792684914265
"chr9:111527807:111530875:clu_51279:ENSG00000173258.12",-0.00434148046188818,0.00255825781917883,0.0896880186246681
"chr9:110048855:110136127:clu_51260:ENSG00000241978.9",0.00256114512492773,0.00274776947328708,0.351294401867841
"chr9:4676749:4679387:clu_50127:ENSG00000273061.1",0.00423869683819413,0.00246271137871069,0.0852235235608738
"chr9:4656089:4661899:clu_50125:ENSG00000106686.16",0.00461414093794214,0.00251485945252794,0.066542589381944
"chr9:106863355:106923354:clu_51225:ENSG00000148143.12",-0.00278080187652237,0.00248064893734004,0.26228882028298
"chr9:100327962:100329140:clu_51185:ENSG00000136891.13",-0.00239688857721402,0.00496113486114949,0.629001217051795
"chr9:100330169:100340257:clu_51185:ENSG00000136891.13",-0.00535308014092762,0.00472722040331809,0.257468460042252
"chr9:39809615:39809731:clu_50616:ENSG00000278175.3",0.00508482564719713,0.0158236328637999,0.747949899354307
"chr9:41009006:41011617:clu_50629:ENSG00000276291.5",0.000124196324502551,0.0146787140304823,0.993249194220617
"chr9:40994699:41008881:clu_50629:ENSG00000276291.5",0.00208869658353278,0.017305194700476,0.903930508955915
"chr9:41156439:41161601:clu_50634:ENSG00000215126.10",-0.0240869484209911,0.0526082242909803,0.647056483451723
"chr9:97687261:97693649:clu_51121:ENSG00000136936.10",0.00309477208442163,0.00354819796806147,0.383094081116392
"chr9:97569037:97591291:clu_51109:ENSG00000136842.13",-0.00814657465191713,0.00413239270374309,0.0486788138144765
"chr9:97575486:97591291:clu_51109:ENSG00000136842.13",-0.000721167114481309,0.00483789953616743,0.881501426582105
"chr9:99015566:99015976:clu_51152:ENSG00000204291.10",-0.00551728402234854,0.00389730496046863,0.156873174854175
"chr9:133442534:133442614:clu_52053:ENSG00000160323.18",0.00190070306262859,0.00268214613194714,0.478541652307658
"chr9:133356320:133356400:clu_52034:ENSG00000148290.9",0.00733187263973794,0.00239667393749598,0.00221938912226627
"chr9:133442518:133442614:clu_52053:ENSG00000160323.18",-0.00182790070169289,0.00266436086732203,0.492677809296404
"chr9:133426062:133426199:clu_52047:ENSG00000160323.18",0.00193834089430678,0.00264359702429289,0.463423639766051
"chr9:133425612:133425938:clu_52047:ENSG00000160323.18",-0.000936066489961598,0.00272016481360938,0.730755109720209
"chr9:133411073:133412299:clu_52044:ENSG00000148300.11",-0.00489617989015791,0.00292891568405001,0.0945894528387583
"chr9:132379144:132386556:clu_51981:ENSG00000125482.12",3.96084618840059e-05,0.00295267019786674,0.989297134353383
"chr9:133100382:133100496:clu_52016:ENSG00000160271.14",0.00262691014493025,0.00368685230486939,0.476150530819578
"chr9:133346700:133347922:clu_52031:ENSG00000148297.15",0.00381924103579925,0.0028033360425002,0.173074382833076
"chr9:133437897:133439366:clu_52051:ENSG00000160323.18",0.00420418695793598,0.00328761905011608,0.200969667093422
"chr9:133100382:133101520:clu_52016:ENSG00000160271.14",-0.00172874957521082,0.00370247991859838,0.640559501835233
"chr9:133360129:133360265:clu_52037:ENSG00000148291.9",-0.000492172728787183,0.00280640345260567,0.860785060724245
"chr9:133346700:133347942:clu_52031:ENSG00000148297.15",-0.00112107035470805,0.00294649388663631,0.703592071675504
"chr9:122311176:122313227:clu_51505:ENSG00000148187.17",-0.00430028228280474,0.00410430721299945,0.294754433191774
"chr9:122261508:122264715:clu_51502:ENSG00000119446.13",-0.00200139060265887,0.00457363639749993,0.661681452564343
"chr9:122204780:122209614:clu_51496:ENSG00000106852.15",0.00244597380926046,0.00339605731504588,0.471377694944631
"chr9:122261498:122264715:clu_51502:ENSG00000119446.13",0.0060823873576989,0.00466779939470537,0.192556861491927
"chr9:122998766:123010354:clu_51523:ENSG00000011454.16",0.00538945484900166,0.00367068395565623,0.14203831471127
"chr9:122209717:122213606:clu_51496:ENSG00000106852.15",-0.00228852049840209,0.00420133209137223,0.585950874803507
"chr9:35819394:35819890:clu_50544:ENSG00000204930.9",0.00959225982721247,0.00316195752892997,0.00241617761954049
"chr9:35819009:35819197:clu_50544:ENSG00000204930.9",-0.00727060098863767,0.00322707381043053,0.0242590767977711
"chr9:35756861:35772163:clu_50526:ENSG00000227388.2",0.00944225010064614,0.00383686210931574,0.0138577296915323
"chr9:35829955:35834531:clu_50546:ENSG00000137103.16",-0.00593860870791893,0.00352252357594878,0.0918158160467619
"chr9:35800483:35800709:clu_50528:ENSG00000159899.14",-0.00220239987793428,0.004669119907803,0.637144603923156
"chr9:37525172:37529124:clu_50583:ENSG00000147912.12",-0.000879382219704709,0.00320055125512304,0.783500929502606
"chr9:37529260:37531909:clu_50583:ENSG00000147912.12",0.00481119255693247,0.00331684069004533,0.146909466467209
"chr9:71875083:71910634:clu_50737:ENSG00000107362.13",-0.0015449210812457,0.00352594628797559,0.66127185347854
"chr9:71875083:71906384:clu_50737:ENSG00000107362.13",-0.00474541883449947,0.00347203698807116,0.17170257073208
"chr9:114420890:114423314:clu_51393:ENSG00000095397.13",3.02764406566707e-05,0.00321432855119947,0.992484667647779
"chr9:114096478:114097607:clu_51362:ENSG00000136883.13",0.00701734584366206,0.00376622465176203,0.0624297985733275
"chr9:114092000:114092155:clu_51356:ENSG00000136883.13",0.00299578644835335,0.00287513706047464,0.29742883166411
"chr9:114408018:114424334:clu_51393:ENSG00000095397.13",-0.00488674362497473,0.00401231536232746,0.223248265848789
"chr9:115029456:115030254:clu_51401:ENSG00000041982.15",-0.00701946346164695,0.00459121606021852,0.126291762182694
"chr9:114381446:114394357:clu_51391:ENSG00000235119.1",0.00310164283110871,0.00331557031885519,0.349542056246128
"chr9:113331116:113331907:clu_51333:ENSG00000148225.15",0.0036748635470188,0.00287508628014548,0.201187711654292
"chr9:113375526:113376729:clu_51337:ENSG00000119431.9",0.00457203841699191,0.0030432432709213,0.133004885455594
"chr9:114047994:114048651:clu_51355:ENSG00000157657.14",-0.000975362285014911,0.00297387505200592,0.742929137602957
"chr9:113328955:113331907:clu_51333:ENSG00000148225.15",0.00222143362423168,0.00287857281200915,0.440284107582484
"chr9:114028972:114032648:clu_51353:ENSG00000157657.14",0.00172671764694754,0.00320547300121523,0.590109086258019
"chr9:114381446:114394357:clu_51391:ENSG00000106948.16",0.0027969788144357,0.0033009582776001,0.396814950821459
"chr9:83628211:83628873:clu_50819:ENSG00000148057.15",-0.00835103972397262,0.00422903581679333,0.0483032045519485
"chr9:83753359:83767185:clu_50827:ENSG00000165113.12",-0.00359961005997963,0.00336866362498597,0.285269204297473
"chr9:93450599:93451001:clu_51013:ENSG00000188938.15",-0.00160016384486527,0.00442974051822721,0.717926053059951
"chr9:94454070:94458322:clu_51034:ENSG00000148110.15",0.000664031221324073,0.00589246070076676,0.910275007636408
"chr9:93290047:93292308:clu_51004:ENSG00000165238.16",-0.00589517836988858,0.00520606785137641,0.257480258627999
"chr9:93447697:93448369:clu_51012:ENSG00000188938.15",-0.00380601990951699,0.00348412606361706,0.27466229169762
"chr9:93290047:93292311:clu_51004:ENSG00000165238.16",0.00451155545651755,0.00376267042620744,0.230516204675246
"chr9:93289620:93289978:clu_51005:ENSG00000165238.16",0.000377071171532017,0.00338241042000859,0.911235710846317
"chr9:93558718:93561112:clu_51018:ENSG00000048828.16",-0.016896654126501,0.00366130860893267,3.93242728646825e-06
"chr9:93450599:93451088:clu_51013:ENSG00000188938.15",0.00477910856794555,0.00338185822234023,0.157608528053925
"chr9:93653365:93654413:clu_51020:ENSG00000197724.10",0.00358431844027585,0.0033859829498126,0.289793170311473
"chr9:93110721:93112218:clu_50997:ENSG00000165233.17",0.00762440439419508,0.00576656613274231,0.186110183044666
"chr9:94454070:94456240:clu_51034:ENSG00000148110.15",0.0010525881759501,0.00384047707958055,0.784025100595259
"chr9:93653365:93654518:clu_51020:ENSG00000197724.10",-0.00107847940910227,0.00398211411933117,0.786521120342336
"chr9:127069356:127166069:clu_51601:ENSG00000136828.18",-0.0102427453912496,0.00371253630724904,0.00579853347544868
"chr9:127214842:127218740:clu_51606:ENSG00000136828.18",0.0102250911940007,0.00335152355436239,0.00228172878046284
"chr9:125748623:125777982:clu_51590:ENSG00000167081.16",0.00278724222125299,0.00436992589307466,0.5235884620781
"chr9:127196631:127199015:clu_51604:ENSG00000136828.18",-0.00450615879413067,0.00331437319715582,0.173962557071861
"chr9:127214842:127216906:clu_51606:ENSG00000136828.18",-0.0097707332107421,0.00331704912542063,0.00322318474632077
"chr9:126395697:126421854:clu_51594:ENSG00000196814.14",-0.00798155096408589,0.00334458081439438,0.0170136347522502
"chr9:127403803:127403959:clu_51616:ENSG00000136856.17",0.00416117300456029,0.00327827174786454,0.204327270311673
"chr9:128123134:128123726:clu_51687:ENSG00000148334.14",-0.00262908654974891,0.00413757900654149,0.525156718347048
"chr9:127715194:127715544:clu_51640:ENSG00000187024.13",0.00609788218808767,0.00421704259513146,0.148174634793816
"chr9:127914841:127916408:clu_51675:ENSG00000136840.18",0.00517683739549743,0.00470433183617498,0.271140229742609
"chr9:127495418:127495964:clu_51628:ENSG00000148356.13",-0.0138446049481094,0.00388734051101802,0.000368799308086309
"chr9:127813323:127814208:clu_51660:ENSG00000136877.14",0.0076525714324858,0.0044666044827753,0.0866599159322554
"chr9:127531778:127568820:clu_51633:ENSG00000136830.11",-0.00414376165624628,0.00489384917792918,0.397146459954258
"chr9:128124550:128124779:clu_51691:ENSG00000148334.14",-0.000653220030267172,0.00518448331344737,0.899735721348571
"chr9:128123134:128123702:clu_51687:ENSG00000148334.14",0.00216992699875334,0.00384878667707879,0.572893599442516
"chr9:127916494:127916826:clu_51675:ENSG00000136840.18",-0.00984018800211586,0.00520871395362886,0.0588679766292142
"chr9:127404067:127404818:clu_51616:ENSG00000136856.17",-0.00630538610497999,0.00319030967906718,0.0481074322136703
"chr9:127492897:127495320:clu_51628:ENSG00000148356.13",0.0158197815813783,0.00384957415221112,3.9653607086465e-05
"chr9:128123847:128124492:clu_51688:ENSG00000148334.14",-0.00727944393556153,0.00420238598718636,0.0832349550171644
"chr9:128124550:128125244:clu_51691:ENSG00000148334.14",0.00200921015518688,0.00602369987901116,0.738718519500546
"chr9:18681959:18684716:clu_50262:ENSG00000178031.16",0.0065111751537664,0.00329649733769142,0.0482477404837706
"chr9:37304313:37305544:clu_50568:ENSG00000147905.17",-0.000759803267967418,0.00380642034415901,0.841784845401476
"chr9:35802803:35805511:clu_50532:ENSG00000159899.14",-0.000638428376973083,0.00427974481694777,0.881416017624171
"chr9:35800841:35801070:clu_50529:ENSG00000159899.14",-0.0011289113230459,0.00472343366102409,0.811103829785488
"chr9:35800845:35801070:clu_50529:ENSG00000159899.14",0.00213544893637137,0.0051540350664485,0.678635630331397
"chr9:35739800:35739998:clu_50523:ENSG00000070610.14",-0.00645758779721985,0.00400380935559537,0.106774718743522
"chr9:35740362:35740526:clu_50524:ENSG00000070610.14",-0.00660169098055873,0.00437484961766581,0.131296276414238
"chr9:35741064:35741672:clu_50525:ENSG00000070610.14",0.00702706933819208,0.00392469291536276,0.0733773866904345
"chr9:35812001:35812104:clu_50539:ENSG00000137098.13",0.0187483935330301,0.00409423761228422,4.66724670555863e-06
"chr9:35757197:35757731:clu_50526:ENSG00000227388.2",0.0154884009057468,0.00548977243011262,0.00478265734044991
"chr9:35772376:35780267:clu_50526:ENSG00000227388.2",-0.0041732604676916,0.00431874736067871,0.333887727797684
"chr9:35802607:35802732:clu_50532:ENSG00000159899.14",0.00494835589607582,0.00397043140294902,0.212653608812566
"chr9:35829955:35845975:clu_50546:ENSG00000137103.16",6.3312430848492e-05,0.00463324609931497,0.989097397823358
"chr9:37422833:37428484:clu_50573:ENSG00000137106.17",-0.0149409115039486,0.00357555763347667,2.93277878974374e-05
"chr9:37430734:37432008:clu_50575:ENSG00000137106.17",-0.00409699312628593,0.00469465446238449,0.382830313430504
"chr9:37302231:37304188:clu_50568:ENSG00000147905.17",-0.00328200934605072,0.00309907098469328,0.289586087734948
"chr9:37430646:37432008:clu_50575:ENSG00000137106.17",0.00189017269617097,0.00441237994790196,0.668374916493845
"chr9:18721665:18753298:clu_50264:ENSG00000178031.16",0.00529813556736821,0.00323182340228832,0.10113743404161
"chr9:6493932:6496960:clu_50178:ENSG00000147854.16",0.0010835052049424,0.00332423734032536,0.744469003214939
"chr9:6465846:6475391:clu_50175:ENSG00000147854.16",0.00212875198200857,0.00297137019155143,0.473731436382208
"chr9:7128236:7165238:clu_50190:ENSG00000107077.18",0.005257617533992,0.00260075949197586,0.0432207872611409
"chr9:6793132:6805599:clu_50182:ENSG00000107077.18",0.00117044281005982,0.00348015962642379,0.73663053929787
"chr9:133104784:133105932:clu_52020:ENSG00000160271.14",-0.0089920528406986,0.00347245062292109,0.00961040113768286
"chr9:133456719:133458974:clu_52056:ENSG00000160323.18",0.00447109940121385,0.00393323921503069,0.255643903295608
"chr9:133460187:133463407:clu_52057:ENSG00000160325.14",-0.00720803430652673,0.00301839227741569,0.0169386078475441
"chr9:133422548:133423101:clu_52046:ENSG00000160323.18",-0.000184647064071592,0.00245247539682858,0.939983915636422
"chr9:133536802:133538349:clu_52063:ENSG00000197859.9",-0.00266670368914887,0.00252629251838432,0.291160172535865
"chr9:133363759:133365985:clu_52035:ENSG00000148248.13",0.00437592543788984,0.00350123371303774,0.211363897630251
"chr9:132866953:132875115:clu_51995:ENSG00000165695.9",0.00372897463281642,0.0029240035024124,0.202203928860808
"chr9:133418270:133423101:clu_52046:ENSG00000160323.18",-0.00233136559898951,0.00249389912716342,0.349877181636995
"chr9:134048454:134049676:clu_52087:ENSG00000169925.16",-0.000582422253961559,0.00315917163674275,0.853731700080491
"chr9:133098762:133100268:clu_52015:ENSG00000160271.14",-0.00158294569372265,0.00311041202469531,0.610809471025912
"chr9:3395596:3525747:clu_50111:ENSG00000080298.15",-0.0023935675800888,0.00213172385574337,0.261508887880163
"chr9:114092642:114093229:clu_51357:ENSG00000136883.13",0.0118847290210569,0.00285690563983438,3.18246833840297e-05
"chr9:114408018:114410880:clu_51393:ENSG00000095397.13",-0.00297847036502748,0.00341997330246012,0.383806263443547
"chr9:133458094:133458974:clu_52056:ENSG00000160323.18",-0.00238021060397655,0.00288675394997412,0.409639387990125
"chr9:132400258:132401455:clu_51984:ENSG00000125482.12",-0.012054143624747,0.00362642726040873,0.000887450221650932
"chr9:133101762:133101938:clu_52017:ENSG00000160271.14",-0.00554314733507598,0.00264348684792907,0.0360017665827979
"chr9:133160251:133161467:clu_52024:ENSG00000148288.11",-0.000572756330240143,0.00358383322031408,0.873025483505804
"chr9:132618441:132625664:clu_51986:ENSG00000125485.17",-0.000499409031201112,0.00292358303333819,0.86436460925318
"chr9:133430101:133432588:clu_52048:ENSG00000160323.18",0.00370413037043387,0.00312977246771565,0.236605395322644
"chr9:133433529:133433641:clu_52050:ENSG00000160323.18",0.00238552287111786,0.00274605287942223,0.385005914981417
"chr9:132402828:132406790:clu_51984:ENSG00000125482.12",0.00358034289137376,0.00291963982732906,0.22008727390241
"chr9:131504340:131506403:clu_51940:ENSG00000130714.15",-0.00252614441618596,0.00339307499477981,0.456574026497387
"chr9:133456719:133457910:clu_52056:ENSG00000160323.18",-0.00157503574531749,0.00303742044216864,0.604078861154226
"chr9:133430181:133432588:clu_52048:ENSG00000160323.18",-0.00518953461924453,0.00351524913863757,0.139865487416015
"chr9:133354957:133356400:clu_52034:ENSG00000148290.9",-0.00426204595117517,0.00256033102347689,0.0959833122698447
"chr9:131504340:131506114:clu_51940:ENSG00000130714.15",0.00493316174483418,0.00326759788870083,0.131114584157696
"chr9:131628672:131629102:clu_51957:ENSG00000107263.18",0.000389996503381503,0.00421164510972303,0.926221689667565
"chr9:131509022:131509743:clu_51940:ENSG00000130714.15",-0.00151603675276137,0.00394231537525662,0.700567202795694
"chr9:112234897:112250929:clu_51293:ENSG00000119314.15",-0.0115934475100617,0.00436620583883092,0.00792453759972289
"chr9:112404158:112405624:clu_51296:ENSG00000119471.14",0.000728691184827938,0.00350840904447315,0.835464413692796
"chr9:112276013:112297832:clu_51294:ENSG00000119314.15",0.00486393662725494,0.00339545351938377,0.152005034854247
"chr9:112251103:112252678:clu_51293:ENSG00000119314.15",0.0106685417446056,0.00440234004674571,0.0153768429087822
"chr9:112694233:112716461:clu_51304:ENSG00000148153.13",0.00523979277966914,0.00330616602978252,0.112999350338149
"chr9:130458589:130462701:clu_51895:ENSG00000130707.17",-0.0101633557246378,0.00458951561704191,0.0267962983641122
"chr9:130386524:130388409:clu_51882:ENSG00000148357.16",0.00105158704828828,0.00410183343275019,0.797665148372038
"chr9:131201717:131207326:clu_51922:ENSG00000126883.16",-0.000528640481279896,0.00334653063241336,0.874483019728044
"chr9:130382866:130383504:clu_51880:ENSG00000148357.16",0.00249793572093985,0.00257487865245599,0.331987756667572
"chr9:130382297:130382679:clu_51880:ENSG00000148357.16",-0.00269633173395954,0.00237342410030013,0.255935059887961
"chr9:130410652:130418772:clu_51888:ENSG00000148357.16",0.00331382978198337,0.00253844673558631,0.191737719509426
"chr9:130419041:130422577:clu_51888:ENSG00000148357.16",-0.00366554837025635,0.0027094376216951,0.17609345078137
"chr9:131077334:131077899:clu_51910:ENSG00000050555.17",-0.00322585575816393,0.00357815320119913,0.367300159075756
"chr9:4626555:4629091:clu_50124:ENSG00000106686.16",0.000275798807487888,0.00246689862552438,0.910982135007216
"chr9:122858093:122858669:clu_51513:ENSG00000056586.15",-0.000995302567424214,0.00330246701498693,0.763123575577828
"chr9:123184298:123268436:clu_51532:ENSG00000165209.18",0.00562766903899024,0.00308740662277963,0.0683364238211385
"chr9:123184298:123236830:clu_51532:ENSG00000165209.18",-0.00671669985746479,0.003054459167905,0.0278792225366958
"chr9:122243868:122245256:clu_51499:ENSG00000119446.13",-0.00680475105645209,0.0034675911453159,0.0497176037590487
"chr9:123070424:123073552:clu_51525:ENSG00000011454.16",0.000259397285732622,0.00322692379887466,0.935930806118017
"chr9:122371272:122371613:clu_51507:ENSG00000095303.14",-0.00352985936099177,0.00409675531968468,0.388894909079674
"chr9:123070424:123071412:clu_51525:ENSG00000011454.16",0.00178822500503011,0.00359771543034352,0.619157604752132
"chr9:15267948:15307084:clu_50234:ENSG00000155158.20",0.00204423521762582,0.00273307001928146,0.454482482756737
"chr9:14102510:14120440:clu_50219:ENSG00000147862.15",0.00568854292852529,0.00286530154980473,0.0471087849667473
"chr9:105623221:105635051:clu_51221:ENSG00000106692.13",-0.00256711037418209,0.00477447421076752,0.590802171577883
"chr9:105620061:105635051:clu_51221:ENSG00000106692.13",0.00961431204448386,0.00345226265750612,0.0053539174562216
"chr9:123383913:123387730:clu_51533:ENSG00000119522.16",-0.000648551880434995,0.00517519316013411,0.900270728125848
"chr9:124889536:124890389:clu_51562:ENSG00000136935.13",0.0068955164672371,0.00380349021823081,0.069840390112668
"chr9:124384656:124405317:clu_51545:ENSG00000136930.12",0.00333438103751962,0.0048901309177702,0.495327949884125
"chr9:125332060:125332510:clu_51580:ENSG00000165219.21",-0.00503200872406434,0.00397327897726601,0.205347556208527
"chr9:125220397:125220539:clu_51575:ENSG00000136933.16",-0.00174469745495207,0.0047084993830739,0.710978581492022
"chr9:124405432:124412352:clu_51545:ENSG00000136930.12",-0.0111180229622235,0.00502743685274036,0.0270033458342472
"chr9:123401912:123403402:clu_51533:ENSG00000119522.16",-0.0159009526570226,0.00629058950609891,0.0114800478266037
"chr9:124347822:124350837:clu_51543:ENSG00000119408.16",0.00257422446958867,0.00426369328873516,0.54600680232202
"chr9:38540849:38541289:clu_50604:ENSG00000273036.2",0.00382845016431338,0.00598390660065217,0.522308421869934
"chr9:37880748:37881518:clu_50591:ENSG00000122696.13",0.00991120871785603,0.00316364822026703,0.00173122849941321
"chr9:37773469:37776282:clu_50588:ENSG00000165275.9",0.000396387994642047,0.00248370629470493,0.873199836089463
"chr9:37764728:37768076:clu_50586:ENSG00000165275.9",-0.000457537234169861,0.00384788421836538,0.90534968131121
"chr9:37770739:37776282:clu_50588:ENSG00000165275.9",0.000524326255524314,0.00295731004695379,0.859274029838539
"chr9:37777506:37777601:clu_50588:ENSG00000165275.9",0.00794994752727956,0.00318433000542583,0.0125395945173848
"chr9:37920004:37948635:clu_50593:ENSG00000107338.9",0.00661088886311881,0.0047017372175396,0.159708567701532
"chr9:75077207:75077490:clu_50758:ENSG00000106733.20",0.012186786224541,0.0036679424602774,0.000892105389817766
"chr9:76459305:76460060:clu_50769:ENSG00000187210.12",0.00651096992698322,0.00270362259043785,0.016029674210899
"chr9:76179698:76181398:clu_50766:ENSG00000099139.13",0.00488751159965158,0.00313745739263346,0.119282141834637
"chr9:76175129:76179596:clu_50766:ENSG00000099139.13",-0.0019405313781193,0.00277892454949803,0.48498771710145
"chr9:128721480:128721651:clu_51765:ENSG00000160446.18",0.0169151778556099,0.00280945135327679,1.7354445658313e-09
"chr9:128456255:128459567:clu_51731:ENSG00000136811.16",-0.00906705405435287,0.00412467237614801,0.0279314161679968
"chr9:127813107:127813195:clu_51657:ENSG00000136877.14",0.0157489647973066,0.00324207220644445,1.18766288137451e-06
"chr9:128235127:128239445:clu_51706:ENSG00000106976.20",0.0199281404231179,0.00444459403729033,7.33664250829325e-06
"chr9:128459657:128460513:clu_51732:ENSG00000136811.16",0.00253562584789941,0.00367639928193736,0.490380596684582
"chr9:128461010:128471308:clu_51733:ENSG00000136811.16",0.0190404561963061,0.00363068620149763,1.56865393230454e-07
"chr9:128457437:128459567:clu_51731:ENSG00000136811.16",0.0074775217964528,0.00412112958319378,0.0696107798483607
"chr9:128123851:128124492:clu_51688:ENSG00000148334.14",0.00766866771069642,0.00406692711417694,0.0593465581196385
"chr9:128460666:128460942:clu_51732:ENSG00000136811.16",-0.00540278213912766,0.00436835499404114,0.216161284072526
"chr9:128149663:128150238:clu_51694:ENSG00000148346.11",-0.0187335879043173,0.00517964286015488,0.000298299695150717
"chr9:127052939:127069230:clu_51600:ENSG00000136828.18",-0.00364939146768453,0.00331500269061786,0.270952655410902
"chr9:127817857:127818311:clu_51661:ENSG00000225032.5",0.003458166311917,0.00314546371066264,0.271587600133398
"chr9:128636438:128640691:clu_51753:ENSG00000119333.11",-0.000990193407903515,0.00334813193030021,0.767424798826483
"chr9:128721502:128721651:clu_51765:ENSG00000160446.18",-0.0152052149970499,0.00257486295362785,3.5210777626915e-09
"chr9:127243249:127264952:clu_51608:ENSG00000136895.18",-0.00449806515160354,0.00332967329150688,0.176726553953522
"chr9:127953604:127953805:clu_51681:ENSG00000167106.11",-0.020702624583461,0.00446034784662424,3.45919032418429e-06
"chr9:127817343:127817759:clu_51661:ENSG00000225032.5",0.00192659399013196,0.00430095951463815,0.654192776525411
"chr9:127034514:127050043:clu_51600:ENSG00000136828.18",0.00579515720888185,0.00361840089632752,0.109248595797172
"chr9:127485835:127487495:clu_51627:ENSG00000148356.13",-0.00945442056542888,0.00408837408427138,0.0207493981589114
"chr9:127787608:127787753:clu_51650:ENSG00000136807.13",0.00935452124501208,0.00566288719955528,0.098555014419295
"chr9:127811011:127813195:clu_51657:ENSG00000136877.14",-0.0157144699874687,0.00292424437260226,7.70701492625037e-08
"chr9:127817343:127818311:clu_51661:ENSG00000225032.5",-0.0057297790251941,0.00305534376806731,0.0607472847848062
"chr9:127400006:127402557:clu_51615:ENSG00000136856.17",-0.00223823227110198,0.00333404297797405,0.50201239068212
"chr9:127787608:127787947:clu_51650:ENSG00000136807.13",-0.0159934566194581,0.00652108740709797,0.014183776726886
"chr9:128461067:128469183:clu_51733:ENSG00000136811.16",-0.0104619663005211,0.00386970972639719,0.00686024553078879
"chr9:127497334:127501010:clu_51629:ENSG00000148356.13",0.00787244002664485,0.00384169662235393,0.0404416637480005
"chr9:127733560:127735120:clu_51644:ENSG00000160404.17",0.0122330755823117,0.00387523647881562,0.00159548957925981
"chr9:128187934:128190329:clu_51702:ENSG00000148337.20",-0.0130074035282024,0.0043880899827205,0.00303419921507209
"chr9:128246503:128247124:clu_51708:ENSG00000106976.20",0.021688877338075,0.00546886921008953,7.31257424584353e-05
"chr9:127751300:127761611:clu_51649:ENSG00000095370.19",-0.0128227575062411,0.00454372424770065,0.00477131364578109
"chr9:85678398:85681268:clu_50858:ENSG00000135049.15",-0.00162954230751633,0.00388270534566898,0.674710105829067
"chr9:85941273:85942155:clu_50865:ENSG00000135040.15",0.004280574748649,0.00347842547517708,0.218469884833304
"chr9:133411073:133412778:clu_52044:ENSG00000148300.11",-0.000494999899879423,0.0048955326003748,0.919461096991353
"chr9:133031164:133050783:clu_52009:ENSG00000148308.17",-0.00699753019029921,0.00365127314318109,0.055306177696718
"chr9:133541001:133544470:clu_52065:ENSG00000197859.9",-0.00462395664514662,0.00303538670877325,0.12767113921276
"chr9:133360434:133361056:clu_52038:ENSG00000148291.9",-0.00628137395067157,0.00325951856675947,0.0539688614212351
"chr9:115064068:115064647:clu_51400:ENSG00000041982.15",-0.00175844656247491,0.00338277517569996,0.603186489193333
"chr9:34648894:34649410:clu_50435:ENSG00000213930.11",-0.0292058216341079,0.00604904037723494,1.37790427701123e-06
"chr9:34329599:34336229:clu_50416:ENSG00000164978.17",-0.010289388389078,0.00304609602872275,0.000730433276481923
"chr9:34401119:34401666:clu_50419:ENSG00000164970.14",-0.0224336317953208,0.0035373471972892,2.26894614208106e-10
"chr9:34339166:34343124:clu_50416:ENSG00000164978.17",0.00713838781261937,0.00295230693829649,0.0156102954630295
"chr9:34336341:34338713:clu_50416:ENSG00000164978.17",-0.0125400211392598,0.00248696203942575,4.59957370302355e-07
"chr9:34329599:34339024:clu_50416:ENSG00000164978.17",0.00617603710131924,0.00357573635756682,0.0841304823731082
"chr9:34089590:34093286:clu_50413:ENSG00000198876.12",0.0115626576744821,0.00437316305702074,0.00819318507111921
"chr9:33540212:33541147:clu_50396:ENSG00000230453.9",-0.00422660659859658,0.00364642434845794,0.246411386893644
"chr9:34096781:34098324:clu_50413:ENSG00000198876.12",-0.00995832664401466,0.0046077725553869,0.0306797493588049
"chr9:2523157:2525538:clu_50094:ENSG00000236404.8",-0.000711575203179042,0.00254750387221212,0.779997324765019
"chr9:2536015:2536359:clu_50094:ENSG00000236404.8",0.00269660927380625,0.00208640767002375,0.196196095403196
"chr9:2645082:2645574:clu_50098:ENSG00000147852.15",-0.000227178677680069,0.00379594705101848,0.952276939280171
"chr9:2087071:2088500:clu_50086:ENSG00000080503.22",0.00301236864264582,0.00269484004620269,0.263640304538488
"chr9:2170472:2181571:clu_50089:ENSG00000080503.22",0.000843855446152997,0.00285179176310638,0.767303702522686
"chr9:2116049:2119458:clu_50087:ENSG00000080503.22",-0.00275362888408907,0.00304524580907101,0.365868883044922
"chr9:2110417:2115822:clu_50087:ENSG00000080503.22",0.00155141503376608,0.00311318128238482,0.618246168016921
"chr9:2834166:2837180:clu_50107:ENSG00000080608.9",-0.00528446715991589,0.00457065358064428,0.24761032103384
"chr9:19332184:19334977:clu_50278:ENSG00000137145.20",0.00431660963496786,0.00253535107521307,0.0886487932030127
"chr9:19328162:19331978:clu_50278:ENSG00000137145.20",-0.00357169246166262,0.00224814130506096,0.11212106889911
"chr9:20658826:20673620:clu_50290:ENSG00000188352.12",-0.00423008064700855,0.00443823393153515,0.340539419055681
"chr9:77283471:77283547:clu_50783:ENSG00000197969.11",-0.000203202632212231,0.00325571982454312,0.950233113268182
"chr9:77228264:77238002:clu_50781:ENSG00000197969.11",-0.00142287815384433,0.00303932451640979,0.639673000643353
"chr9:77282274:77283355:clu_50783:ENSG00000197969.11",-0.000231903572853323,0.00334462331852635,0.944721987468271
"chr9:77238386:77247259:clu_50781:ENSG00000197969.11",-0.00243514291776139,0.00330000034241942,0.46056183724093
"chr9:75083150:75088008:clu_50759:ENSG00000106733.20",0.00485249813870632,0.00242176074449172,0.0451014921684274
"chr9:75117550:75127569:clu_50760:ENSG00000134996.11",0.00502669711182817,0.0035197877131673,0.153255859697215
"chr9:75137616:75140834:clu_50761:ENSG00000134996.11",0.0086129889314596,0.00302863866009477,0.00445722624864597
"chr9:75140932:75146683:clu_50761:ENSG00000134996.11",-0.00624833100736338,0.00281958014470142,0.0266880676231263
"chr9:75083150:75087651:clu_50759:ENSG00000106733.20",-0.00487632296277017,0.00245823468540129,0.0472927959400808
"chr9:2191408:2192704:clu_50090:ENSG00000080503.22",-0.00114265263418548,0.00298054076744747,0.701444767220705
"chr9:2186228:2191266:clu_50090:ENSG00000080503.22",-0.00147813144688628,0.00291208596794227,0.611744342213013
"chr9:111451555:111484116:clu_51278:ENSG00000136813.14",-0.0124289116599682,0.00365631159713359,0.000675577822984996
"chr9:2645745:2646334:clu_50099:ENSG00000147852.15",0.00840254862966095,0.0024948105262638,0.00075712648530657
"chr9:2157890:2161686:clu_50088:ENSG00000080503.22",0.00453353036821041,0.00264134017018168,0.0860934199701175
"chr9:100253136:100264822:clu_51179:ENSG00000119509.12",-0.012074548864499,0.00541753889256471,0.0258279745421981
"chr9:100252438:100252907:clu_51179:ENSG00000119509.12",-0.00142927039910932,0.00519764912016455,0.783328522878929
"chr9:98768250:98770896:clu_51144:ENSG00000165138.17",-0.00336009874152971,0.00334635401860871,0.315326862156538
"chr9:100007689:100016322:clu_51171:ENSG00000023318.7",-0.0134268736745056,0.00492369213034274,0.00639144067278141
"chr9:99951285:99959917:clu_51169:ENSG00000136874.10",-0.00906317902745189,0.00500885435822494,0.0703839877655967
"chr9:98756603:98768081:clu_51144:ENSG00000165138.17",-0.00482020282004571,0.00305559785656319,0.114680732687933
"chr9:7015929:7046862:clu_50188:ENSG00000107077.18",0.00657802208462807,0.00347967489538701,0.0587027681345175
"chr9:15506637:15510117:clu_50241:ENSG00000164985.14",0.000784758297369242,0.00338235490197177,0.816526082098345
"chr9:14088326:14102422:clu_50219:ENSG00000147862.15",0.00407377275766331,0.00304735503375069,0.181280584760024
"chr9:15447244:15453041:clu_50235:ENSG00000164975.15",0.000999416954614571,0.00310298504230373,0.74739025044342
"chr9:86317276:86319584:clu_50886:ENSG00000083223.17",0.000751149733983265,0.00480899636905372,0.87587791705019
"chr9:85660973:85669485:clu_50857:ENSG00000135049.15",0.00395151521039601,0.00362693522160911,0.275937187148203
"chr9:86319058:86319584:clu_50886:ENSG00000083223.17",-0.00825781998264448,0.00403942776741409,0.0409234842478736
"chr9:85978381:85996399:clu_50868:ENSG00000135040.15",-0.00222122583286859,0.00554104107076862,0.688517339980712
"chr9:85657643:85660936:clu_50857:ENSG00000135049.15",-0.00723609412780568,0.00428029953757821,0.0909212742141893
"chr9:85823080:85829463:clu_50862:ENSG00000165121.11",-0.00498462264111945,0.00364470043200377,0.171426117550113
"chr9:85830576:85837759:clu_50862:ENSG00000165121.11",-0.00173546045318904,0.004930709063548,0.724860946155046
"chr9:120846803:120847294:clu_51439:ENSG00000226752.9",0.000715330019749052,0.00359721918677493,0.842375084274963
"chr9:122313386:122322540:clu_51505:ENSG00000148187.17",-0.00776854012739517,0.00425037158026855,0.0675897838466057
"chr9:120772840:120776093:clu_51433:ENSG00000119402.16",-0.000813577976658841,0.0041574850865292,0.844852864631136
"chr9:122291840:122313227:clu_51505:ENSG00000148187.17",0.016875186667953,0.00446565174862516,0.000157531829712232
"chr9:121467931:121499650:clu_51481:ENSG00000204136.10",0.00379603403308736,0.00401454035584259,0.344367302372685
"chr9:121768633:121770546:clu_51486:ENSG00000136848.16",-0.00589924012654224,0.00385242099303849,0.125693479082175
"chr9:122039368:122092687:clu_51492:ENSG00000175764.14",-0.00771365344553256,0.00409677009438557,0.0597190485932912
"chr9:120776226:120778351:clu_51433:ENSG00000119402.16",0.00179594408948732,0.00414950067839097,0.665153035339577
"chr9:121154913:121157470:clu_51466:ENSG00000119397.16",0.00999241954618577,0.00427134870929234,0.0193144222561077
"chr9:121356156:121370127:clu_51479:ENSG00000148175.12",0.00508262841523006,0.00375185802674335,0.175514317820528
"chr9:2015404:2028987:clu_50083:ENSG00000080503.22",-0.0017356597497154,0.00237382680367864,0.464678202006829
"chr9:2824815:2827073:clu_50105:ENSG00000080608.9",0.00573601304801997,0.00281247385003434,0.0414011214657878
"chr9:2827151:2828675:clu_50105:ENSG00000080608.9",-0.00249035881018663,0.00284029227893837,0.380597088491608
"chr9:2820098:2823781:clu_50104:ENSG00000080608.9",-0.0037685613210862,0.00335950851005303,0.261964617445133
"chr9:2016143:2028987:clu_50083:ENSG00000080503.22",-0.00506169348324212,0.00277278727111471,0.0679272250328349
"chr9:14088326:14112999:clu_50219:ENSG00000147862.15",0.00067730205178952,0.00334125366432261,0.839362520348928
"chr9:14150265:14155825:clu_50221:ENSG00000147862.15",0.00580574419018211,0.00291199929613321,0.0461814250779133
"chr9:14088326:14120440:clu_50219:ENSG00000147862.15",0.000770403278595873,0.00357630187333076,0.829440678500211
"chr9:17342444:17366617:clu_50252:ENSG00000044459.14",-0.0090195082091327,0.00289111732870248,0.00181016296244096
"chr9:19290876:19296008:clu_50276:ENSG00000137145.20",-0.00377119985363999,0.0026044587869373,0.147623114498572
"chr9:19296246:19298056:clu_50276:ENSG00000137145.20",-0.000302544260262423,0.00267229778259044,0.909860084027758
"chr9:20684293:20715322:clu_50290:ENSG00000188352.12",0.000397587415325968,0.00338866167052517,0.906599548457154
"chr9:108869182:108874895:clu_51233:ENSG00000070061.14",-0.00681089882769328,0.00231732479568442,0.00329144155399863
"chr9:108875735:108877995:clu_51234:ENSG00000070061.14",0.000142633531557016,0.00298951534231166,0.961946363397844
"chr9:108906485:108908305:clu_51239:ENSG00000070061.14",-0.00377777363901762,0.00215961152263579,0.0802419597733044
"chr9:109448855:109454496:clu_51258:ENSG00000070159.13",-0.00116468086760819,0.00268691536855172,0.664677772432491
"chr9:130427375:130427497:clu_51891:ENSG00000148357.16",-0.00357423202661327,0.00326180257498137,0.273173184057024
"chr9:129868449:129868862:clu_51851:ENSG00000136878.12",-0.00384259504715445,0.00326411818635454,0.239106505540439
"chr9:129828252:129829205:clu_51847:ENSG00000136819.15",0.0160548687947439,0.00204830091387943,4.55191440096314e-15
"chr9:129489299:129503323:clu_51836:ENSG00000204054.13",-0.0113213907176106,0.00503972519045248,0.0246764676542776
"chr9:129868449:129868908:clu_51851:ENSG00000136878.12",0.0033613573855162,0.0032738925682728,0.304554284436045
"chr9:129865381:129868005:clu_51850:ENSG00000136878.12",0.00244442753818885,0.00293238296088202,0.404507751653031
"chr9:130110426:130124915:clu_51866:ENSG00000148358.19",0.00337343615348706,0.0028608368322273,0.238327262792848
"chr9:131201717:131215212:clu_51922:ENSG00000126883.16",-0.00267986636335023,0.00324576502686926,0.40900258115205
"chr9:131199015:131201647:clu_51922:ENSG00000126883.16",0.00257605321098867,0.00251053304667527,0.304845341707185
"chr9:129863299:129868005:clu_51850:ENSG00000136878.12",0.00975154345032747,0.00376336486513144,0.00956483587885482
"chr9:130427375:130428358:clu_51891:ENSG00000148357.16",-0.00198232127813409,0.00327968665129997,0.545561792832316
"chr9:130107539:130124915:clu_51866:ENSG00000148358.19",-0.00328778297469451,0.0032989545621206,0.318952103162435
"chr9:129908999:129923844:clu_51859:ENSG00000187239.16",0.000166975125168116,0.00316146564083979,0.957878725877354
"chr9:130054073:130075636:clu_51862:ENSG00000148358.19",-0.00401029973105828,0.00316301476481912,0.204843452977885
"chr9:130634738:130635999:clu_51902:ENSG00000107164.15",0.00466117805759285,0.00270299681457315,0.0846269581633072
"chr9:130362165:130362867:clu_51877:ENSG00000148357.16",-0.00382976514658447,0.00319395636200721,0.23050220205028
"chr9:130630788:130631161:clu_51903:ENSG00000107164.15",-0.00361923365504442,0.00289594257763061,0.211387174101287
"chr9:129719418:129720596:clu_51842:ENSG00000167157.10",0.000277175048579318,0.00341958452208533,0.935398067292525
"chr9:131144754:131146129:clu_51918:ENSG00000126883.16",-0.000260813023540874,0.00352020840815389,0.940938595343815
"chr9:133262168:133275162:clu_52027:ENSG00000175164.13",-0.00180309541048759,0.00277726739999819,0.516187374067564
"chr9:133099501:133100268:clu_52015:ENSG00000160271.14",0.00113506761280017,0.00309901641864778,0.714165811437134
"chr9:134701333:134727266:clu_52102:ENSG00000130635.15",-0.00839003480063612,0.00309231316878449,0.00666387796538981
"chr9:134789208:134795082:clu_52111:ENSG00000130635.15",0.000836777765096763,0.0026173089260053,0.749188778527826
"chr9:136407938:136410090:clu_52185:ENSG00000165689.16",0.00139526301172595,0.00346893260125542,0.687524470519861
"chr9:134768463:134772790:clu_52107:ENSG00000130635.15",0.00155591110492929,0.00243012301032265,0.522003434936392
"chr9:134768463:134769255:clu_52107:ENSG00000130635.15",-0.00178552197605176,0.00271509493622445,0.510777310759895
"chr9:89418118:89455888:clu_50927:ENSG00000187764.11",0.00413173718252702,0.00328104373700097,0.207930928492881
"chr9:89042184:89045746:clu_50912:ENSG00000148082.9",-0.00124267805797883,0.0028701132445535,0.665035266914083
"chr9:89455953:89497919:clu_50928:ENSG00000187764.11",-0.000188350303344738,0.00352742370301113,0.957416395074671
"chr9:97916338:97922418:clu_51125:ENSG00000136932.13",0.0028924511808059,0.00344256342330617,0.400794728918767
"chr9:97913558:97916164:clu_51125:ENSG00000136932.13",-0.0013534889316066,0.00344021640318423,0.694000929931551
"chr9:111563231:111570091:clu_51281:ENSG00000106853.18",0.00437275460110738,0.0031979761264674,0.171515435990568
"chr9:110973558:111011548:clu_51267:ENSG00000198121.13",0.00646977689505867,0.00302333051644139,0.032358787494812
"chr9:121989770:122039272:clu_51491:ENSG00000175764.14",-0.000949594887532525,0.00348540174914517,0.785276653547453
"chr9:123020459:123026033:clu_51524:ENSG00000011454.16",-0.00366533531156904,0.00607723230455434,0.546425035302357
"chr9:121329625:121348015:clu_51475:ENSG00000148175.12",0.00401589804931914,0.00560014481958496,0.473308627929158
"chr9:122031856:122039272:clu_51491:ENSG00000175764.14",-0.006426818158392,0.00357724095664421,0.0724014957537268
"chr9:123090385:123097741:clu_51527:ENSG00000011454.16",-4.5230628579577e-05,0.00487456450121601,0.99259660994258
"chr9:101399530:101399926:clu_51192:ENSG00000136870.10",-0.00559703900994199,0.00373964811162626,0.134477762758488
"chr9:101540975:101546820:clu_51195:ENSG00000155827.11",0.0030851427314922,0.00423065976892927,0.465858278557247
"chr9:95060810:95080694:clu_51041:ENSG00000148120.16",-0.00666017858521439,0.00584648999460625,0.254629931990239
"chr9:94445182:94446823:clu_51033:ENSG00000148110.15",-0.000922180173152814,0.00439286302724082,0.833724716935591
"chr9:95045673:95060694:clu_51041:ENSG00000148120.16",0.0127319510352241,0.00518163310678084,0.0140051628750444
"chr9:95506599:95507229:clu_51054:ENSG00000185920.15",0.0057626990218529,0.00361570053728991,0.110981116064249
"chr9:94438528:94440985:clu_51033:ENSG00000148110.15",-0.0027278026855776,0.00417883060370767,0.513906505988742
"chr9:95048644:95060694:clu_51041:ENSG00000148120.16",-0.00688348243393026,0.00528427196792928,0.192699091286011
"chr9:94801002:94955177:clu_51038:ENSG00000148120.16",0.00128257014254776,0.00404765019397996,0.751343891380009
"chr9:95080780:95086682:clu_51042:ENSG00000148120.16",-0.0105938254162826,0.00542218394370926,0.0507256941150024
"chr9:95080780:95082575:clu_51042:ENSG00000148120.16",0.00450377301593991,0.00559083217625949,0.420494302046089
"chr9:127678532:127680157:clu_51637:ENSG00000136854.19",0.0105411799955638,0.00512447359932735,0.0396836392672099
"chr9:128824869:128824977:clu_51783:ENSG00000198917.12",0.00436097409635388,0.00321547755743686,0.175021353547823
"chr9:127680242:127682406:clu_51637:ENSG00000136854.19",-0.00751547357717274,0.00480110334872719,0.117497621857631
"chr9:127818711:127819124:clu_51663:ENSG00000225032.5",0.000848695501961856,0.00421908735596639,0.840576453200054
"chr9:128936645:128941445:clu_51794:ENSG00000175287.18",-8.32824847191477e-05,0.00457360432204159,0.985471822223093
"chr9:127948225:127948368:clu_51681:ENSG00000167106.11",-0.00684133976103995,0.00478595061962593,0.152871176311157
"chr9:128378106:128387816:clu_51725:ENSG00000167118.10",0.0116951969048597,0.00740818872084417,0.114408311771561
"chr9:127467830:127473801:clu_51624:ENSG00000148356.13",-0.00635816766634561,0.00372797830234174,0.0880961802723094
"chr9:129095612:129095998:clu_51823:ENSG00000095321.16",-0.00372618515399033,0.00318205319517395,0.241598668208199
"chr9:128162952:128163443:clu_51693:ENSG00000171159.4",0.0013385354830716,0.00485348746459031,0.782710603155775
"chr9:127714189:127714379:clu_51640:ENSG00000187024.13",-0.00398538346776251,0.00364322898680022,0.273992183453381
"chr9:128740119:128740772:clu_51767:ENSG00000160445.10",-0.0013816435169449,0.0035105145671515,0.693896367450674
"chr9:128822833:128823747:clu_51782:ENSG00000198917.12",-0.00136153416447928,0.00305565687439841,0.655901943001448
"chr9:128823894:128824072:clu_51782:ENSG00000198917.12",0.00321124003422736,0.00381935078591805,0.400470272084767
"chr9:127803156:127804285:clu_51652:ENSG00000136877.14",-0.012356060167284,0.00410736163748642,0.00262738043514832
"chr9:128266325:128267458:clu_51714:ENSG00000167110.17",0.000835622069323765,0.00434802673557078,0.84759791645846
"chr9:127898010:127899503:clu_51673:ENSG00000160408.14",-0.00635745402663175,0.00464291318118717,0.170911372498028
"chr9:129095612:129096070:clu_51823:ENSG00000095321.16",0.00156726400078992,0.00315095177598731,0.618911349271621
"chr9:127818711:127822338:clu_51663:ENSG00000225032.5",0.0180234678580412,0.00523598503834257,0.0005769382302524
"chr9:128276402:128276587:clu_51716:ENSG00000175854.11",-0.0129883643243109,0.00347470189948643,0.000185505098828753
"chr9:128824887:128824977:clu_51783:ENSG00000198917.12",-0.00133568664190419,0.00352011940717616,0.704358508021336
"chr9:127485835:127487676:clu_51627:ENSG00000148356.13",0.00784443331875382,0.00394817873416202,0.0469391790655466
"chr9:69230232:69234439:clu_50701:ENSG00000119139.17",0.00202955685842759,0.00384918564856663,0.598006691989984
"chr9:136802786:136804504:clu_52244:ENSG00000213213.13",0.0119545562742428,0.00395138092974053,0.0024829444050235
"chr9:136992700:136993053:clu_52299:ENSG00000148362.10",0.00686593353168301,0.00335746364118323,0.04085719595408
"chr9:136852462:136853102:clu_52267:ENSG00000177943.13",-0.00297706643425118,0.00341490563247479,0.383325211400221
"chr9:136404693:136405091:clu_52183:ENSG00000165689.16",-0.00355329410793321,0.0025640299864877,0.165800673961007
"chr9:135909486:135913404:clu_52147:ENSG00000238058.1",-0.00660111057214054,0.0026361998784243,0.0122789335003489
"chr9:136808326:136809688:clu_52245:ENSG00000196642.18",0.00307937712415542,0.00472753276889404,0.514807111212993
"chr9:136712728:136717577:clu_52231:ENSG00000165716.10",-0.000429779512167004,0.00319477686889104,0.89298691054082
"chr9:137016738:137016920:clu_52309:ENSG00000107331.16",0.00938074851267022,0.00362159777680603,0.00959135729960048
"chr9:135479724:135482683:clu_52129:ENSG00000196422.10",-0.00361285223891363,0.00261968592554182,0.167858819172946
"chr9:135501123:135501844:clu_52134:ENSG00000122140.10",0.00028868748312808,0.00248933595207358,0.90767657487128
"chr9:136858853:136859005:clu_52275:ENSG00000177943.13",0.00498461913413204,0.0027597891074877,0.0708934392436752
"chr9:135947055:135947798:clu_52152:ENSG00000130560.8",-0.00474796127964616,0.00252816710559014,0.0603777315704708
"chr9:136466462:136466957:clu_52209:ENSG00000148396.18",0.0145440640569748,0.00316981696164906,4.46874944881603e-06
"chr9:137016697:137016920:clu_52309:ENSG00000107331.16",-0.00276324186958774,0.00380861203656857,0.468130235435858
"chr9:136852462:136853099:clu_52267:ENSG00000177943.13",0.00401133975135026,0.00314468088087488,0.202098661424754
"chr9:136808326:136809688:clu_52245:ENSG00000213213.13",0.00307937712415542,0.00472753276889404,0.514807111212993
"chr9:136448161:136451256:clu_52202:ENSG00000148396.18",0.000627660190044718,0.00302489319449113,0.835620721605243
"chr9:136340993:136348697:clu_52162:ENSG00000160360.12",-0.00442587453637473,0.00290030536714136,0.127009130659539
"chr9:136348767:136349587:clu_52163:ENSG00000160360.12",0.00131455140084675,0.0035968571174329,0.714758930621627
"chr9:136367828:136369750:clu_52170:ENSG00000187796.13",0.00395930069018563,0.00279389682464645,0.156446420836971
"chr9:136456166:136457444:clu_52204:ENSG00000148396.18",0.00525795683848036,0.0033065316860688,0.111795853753228
"chr9:133100743:133101520:clu_52016:ENSG00000160271.14",0.0041446867542892,0.00320377766858884,0.195773424478124
"chr9:133062068:133064404:clu_52011:ENSG00000170835.14",0.00103405161165072,0.00248317800736461,0.677100743825105
"chr9:37782137:37783914:clu_50589:ENSG00000107371.12",-0.00107124613201973,0.0030042595569386,0.72140942752084
"chr9:37899950:37903531:clu_50592:ENSG00000122696.13",-0.00238332761332548,0.00306874953052658,0.437368507032591
"chr9:122285287:122291749:clu_51504:ENSG00000148187.17",0.00236463742813438,0.00559782237935754,0.672717791435439
"chr9:122285946:122286039:clu_51504:ENSG00000148187.17",-0.00975623679645101,0.00334141792916989,0.00350267954638983
"chr9:122371272:122377899:clu_51507:ENSG00000095303.14",0.00327100862588509,0.00448480208376297,0.46578510919002
"chr9:123122326:123128214:clu_51529:ENSG00000165209.18",-0.0043553909183187,0.00376934561308453,0.247895280864553
"chr9:123125673:123128214:clu_51529:ENSG00000165209.18",0.00710658860081222,0.00363790147350307,0.0507620670433669
"chr9:123020459:123065348:clu_51524:ENSG00000011454.16",-0.0018280368067971,0.00512475312677536,0.721310946449565
"chr9:122378918:122381371:clu_51508:ENSG00000095303.14",0.00469300799777362,0.00386120045717024,0.224203205312333
"chr9:121776391:121781464:clu_51489:ENSG00000136848.16",-0.00934961195887509,0.00467111520967409,0.0453298946611872
"chr9:122378573:122378775:clu_51508:ENSG00000095303.14",0.000920628313106992,0.00371436121253528,0.804245491293949
"chr9:96903108:96918643:clu_51092:ENSG00000196597.11",-0.0151617535377706,0.00413017989597069,0.000241634669239321
"chr9:96903108:96918643:clu_51092:ENSG00000196312.12",-0.0127780892192626,0.00401364124695736,0.00145423198461536
"chr9:96503789:96515649:clu_51081:ENSG00000081377.16",0.00106643462248952,0.00493375535038106,0.828870288715107
"chr9:96360221:96364464:clu_51076:ENSG00000130958.11",0.00877212599767398,0.00415715339941984,0.0348473277703932
"chr9:96503789:96522506:clu_51081:ENSG00000081377.16",-0.00169340843143748,0.00393019856335531,0.666562199260543
"chr9:96471094:96484462:clu_51079:ENSG00000130956.13",0.000388412501205097,0.00296622029853578,0.895818607134657
"chr9:96324169:96360154:clu_51076:ENSG00000130958.11",-0.00197159799455016,0.00514047515802679,0.701316511643391
"chr9:96352109:96357411:clu_51076:ENSG00000130958.11",-0.00451415632756385,0.00447505206703528,0.313100167757935
"chr9:87726249:87727594:clu_50899:ENSG00000135047.14",-0.0030668456985382,0.00416542530295089,0.461571072306742
"chr9:87703217:87706132:clu_50898:ENSG00000196730.12",-0.00273365212684612,0.00395682187841141,0.489646828225178
"chr9:14622691:14639896:clu_50225:ENSG00000175893.11",0.00122536825076228,0.00242155669092434,0.612839091951008
"chr9:36353331:36356303:clu_50565:ENSG00000137075.17",-0.00884572360471226,0.00378102911489315,0.0193094896738464
"chr9:37854982:37857241:clu_50596:ENSG00000122741.15",-0.00200052413504133,0.003050965693505,0.512015918085228
"chr9:36356473:36357775:clu_50565:ENSG00000137075.17",0.00356193699323333,0.00345810708476467,0.302998237020182
"chr9:37126942:37302188:clu_50568:ENSG00000147905.17",0.01084877499953,0.00375233838513413,0.00383769162200165
"chr9:86981925:86987448:clu_50892:ENSG00000226237.1",0.00881603627930915,0.00305742934836536,0.0039330766154182
"chr9:85621285:85632662:clu_50851:ENSG00000135049.15",-0.00213117147606565,0.00464222675318396,0.646173931144667
"chr9:92635308:92638001:clu_50988:ENSG00000127080.9",-0.00809329694534094,0.00420537713026105,0.0542904918338544
"chr9:92510034:92514631:clu_50980:ENSG00000106823.12",-0.00187957775792074,0.00535893022680616,0.725785294165264
"chr9:92256800:92258854:clu_50963:ENSG00000196305.17",-0.00953813599556475,0.00404113733903359,0.0182621163575363
"chr9:92457485:92459632:clu_50977:ENSG00000106819.11",0.00124944825173397,0.00336521792961361,0.710426748984886
"chr9:91923928:91949867:clu_50945:ENSG00000169071.14",0.00374931345828736,0.00530511186384615,0.479730562629951
"chr9:91343233:91343986:clu_50940:ENSG00000148090.11",-0.0048046066629767,0.0043444632033482,0.26876334761101
"chr9:92309031:92310171:clu_50971:ENSG00000198000.11",0.00815535266542483,0.00376980511272613,0.0305153960280619
"chr9:92635246:92638001:clu_50988:ENSG00000127080.9",0.00494599438058871,0.00416741917822094,0.23529692871038
"chr9:91344110:91355883:clu_50940:ENSG00000148090.11",-0.00607116893416591,0.00405683809561015,0.134516300980485
"chr9:2650516:2651415:clu_50101:ENSG00000147852.15",0.00257883892469398,0.00258055187516313,0.317631851088497
"chr9:2039900:2047229:clu_50084:ENSG00000080503.22",-0.00147931140652614,0.00250539519537441,0.554888780076609
"chr9:2161035:2161686:clu_50088:ENSG00000080503.22",0.00217512503198508,0.00242137858512804,0.369025489700177
"chr9:97323903:97325019:clu_51098:ENSG00000197816.13",0.0103897333979028,0.00443455333748098,0.0191342982726326
"chr9:97910616:97910918:clu_51124:ENSG00000136932.13",0.00203737529424355,0.00418638994165802,0.626494764649256
"chr9:96853069:96854088:clu_51091:ENSG00000196597.11",0.00288458107707564,0.00393044122064177,0.463004993724487
"chr9:98784157:98784832:clu_51146:ENSG00000165138.17",-0.00209942121800147,0.00348841308844061,0.547289294070951
"chr9:97617877:97625681:clu_51112:ENSG00000136925.14",-0.00122860815763508,0.00365427653591772,0.736711719411399
"chr9:97675959:97682200:clu_51121:ENSG00000136936.10",0.000374459840092763,0.00442283158748465,0.932527577500879
"chr9:97904992:97909960:clu_51123:ENSG00000136932.13",-0.0100594990504157,0.00423657225335683,0.0175754527641733
"chr9:97326669:97328020:clu_51099:ENSG00000197816.13",0.000898852389113815,0.0037715824739639,0.811631089798536
"chr9:97328146:97330154:clu_51099:ENSG00000197816.13",0.00432817905576352,0.00365499291279691,0.236340783474418
"chr9:96244394:96245345:clu_51069:ENSG00000130948.9",0.00173956297212245,0.0045067724648229,0.699505082472257
"chr9:111534353:111539446:clu_51280:ENSG00000173258.12",-0.00603854203408314,0.00376675742110883,0.108909459662685
"chr9:112078724:112080074:clu_51291:ENSG00000106868.16",0.00213551341248978,0.00323069662022653,0.508607758616685
"chr9:112687633:112694131:clu_51303:ENSG00000148153.13",-0.000358526616564595,0.00362537106106303,0.92122261445211
"chr9:112063033:112078538:clu_51291:ENSG00000106868.16",-0.0029545283536378,0.00330007460882871,0.370631346549194
"chr9:112268195:112297832:clu_51294:ENSG00000119314.15",-0.00019101186205553,0.00382200947917075,0.960140863889118
"chr9:86013897:86016539:clu_50873:ENSG00000135040.15",0.00806778378983954,0.00621774882804,0.194445120962444
"chr9:97290665:97290854:clu_51096:ENSG00000254633.1",0.00059101068189899,0.00390299498445394,0.879640537118717
"chr9:97441875:97460178:clu_51106:ENSG00000196116.7",-0.00408758780080257,0.0040576953342754,0.313758511563405
"chr9:97460764:97464842:clu_51106:ENSG00000196116.7",0.00574859452724682,0.00412340714094593,0.163276233118395
"chr9:98848860:98848952:clu_51149:ENSG00000119514.6",0.00526797260780562,0.00417628848558072,0.20716456896974
"chr9:97294991:97295620:clu_51096:ENSG00000254633.1",-0.00540765276023095,0.00415887845970158,0.193509446043476
"chr9:97347666:97349111:clu_51100:ENSG00000197816.13",-0.0115725558458025,0.00482305906683815,0.016420961024421
"chr9:98846123:98848952:clu_51149:ENSG00000119514.6",-0.00342011894701159,0.00392173978640215,0.383158043599228
"chr9:3277461:3288131:clu_50110:ENSG00000080298.15",-0.00113793673716388,0.00248628927694688,0.647178931020791
"chr9:3275612:3277340:clu_50110:ENSG00000080298.15",-0.00410951967487596,0.00269560945939921,0.127378018157647
"chr9:35705847:35705962:clu_50509:ENSG00000137076.20",0.00904949711079536,0.00571443489741207,0.113280071654805
"chr9:36249397:36258321:clu_50562:ENSG00000159921.14",-0.00171542882711727,0.00416494921462173,0.680432740582291
"chr9:35705851:35705962:clu_50509:ENSG00000137076.20",-0.00735334339332932,0.00508275909070928,0.147974579950719
"chr9:35558567:35559226:clu_50487:ENSG00000198853.11",-0.00324280051407737,0.00407202646647052,0.425822604117588
"chr9:35807398:35808755:clu_50534:ENSG00000159899.14",-0.00821784249816978,0.00389627815006705,0.0349314714460521
"chr9:36112476:36116985:clu_50555:ENSG00000122707.11",0.00388021108776307,0.00544174355514657,0.475817564333973
"chr9:36246482:36249192:clu_50562:ENSG00000159921.14",0.00224363158493036,0.00416439327857066,0.590048645509809
"chr9:36376127:36400554:clu_50566:ENSG00000137075.17",-0.00182052436866476,0.00395299074084839,0.645126123330326
"chr9:35608249:35608395:clu_50491:ENSG00000107140.15",-0.0162919328835635,0.00435013150387295,0.000180279773105196
"chr9:110973558:111037841:clu_51267:ENSG00000198121.13",0.00711034029946152,0.00413108423731441,0.0852181337439306
"chr9:111390101:111391756:clu_51272:ENSG00000136813.14",0.00234782513831917,0.00333119253710288,0.480934589326942
"chr9:120824685:120826765:clu_51437:ENSG00000095261.13",-0.000792391330677787,0.00392395377364586,0.83996600047871
"chr9:120829208:120831331:clu_51437:ENSG00000095261.13",0.00169976210505923,0.00353240449514615,0.63038058503876
"chr9:122390345:122392189:clu_51509:ENSG00000095303.14",0.000970728333382297,0.00403295638002145,0.809788459108502
"chr9:121989770:122031723:clu_51491:ENSG00000175764.14",0.0012231606234142,0.0041146787955079,0.766262228039475
"chr9:120997774:121005919:clu_51454:ENSG00000106804.7",-0.0102177562346644,0.00343190595492163,0.00290815162282454
"chr9:121000051:121005919:clu_51454:ENSG00000106804.7",0.0124223365233795,0.0037559586937567,0.000941771801625246
"chr9:92319356:92319943:clu_50972:ENSG00000198000.11",-0.0018758040895705,0.00408171740506274,0.645830310187371
"chr9:92068098:92080016:clu_50952:ENSG00000090054.13",0.0109085823008316,0.00450601471435527,0.0154824070809503
"chr9:92321746:92323441:clu_50970:ENSG00000198000.11",-0.00228056489229911,0.00389394759574529,0.558097884165887
"chr9:92079566:92080016:clu_50952:ENSG00000090054.13",-0.0092402823171294,0.00434629644219085,0.0335021851688559
"chr9:92300806:92301551:clu_50969:ENSG00000198000.11",-7.18048610512348e-05,0.0029508374160288,0.980586413821883
"chr9:92321746:92323236:clu_50970:ENSG00000198000.11",0.0102014774576093,0.00362383995580927,0.00487618235615517
"chr9:92323351:92323441:clu_50970:ENSG00000198000.11",-0.00113956831765623,0.00452819413544585,0.801303368433516
"chr9:92856318:92875015:clu_50991:ENSG00000127081.13",-0.0171106929914827,0.00446234643847332,0.000125839981180098
"chr9:92047708:92049960:clu_50949:ENSG00000090054.13",-0.0203916187957855,0.0054197235893085,0.000168234632107467
"chr9:92145031:92147922:clu_50954:ENSG00000225511.6",0.00210886271323162,0.00371808519015404,0.570584740647678
"chr9:101399189:101399395:clu_51192:ENSG00000136870.10",0.00701199142158668,0.00362069978022367,0.052789385106038
"chr9:33989126:33996223:clu_50411:ENSG00000137073.21",-0.0196773611210066,0.00446223122622426,1.03486063647296e-05
"chr9:34405964:34458204:clu_50421:ENSG00000164970.14",0.00293611602575393,0.00414458411888979,0.478683016455435
"chr9:34216789:34220908:clu_50415:ENSG00000165006.13",0.0171277418996586,0.00477029214524644,0.000330042119436103
"chr9:34647961:34648048:clu_50434:ENSG00000213930.11",0.030223548388442,0.00358870130788331,0
"chr9:33996333:33998787:clu_50411:ENSG00000137073.21",0.0109078418450501,0.00479539853856009,0.0229270773701028
"chr9:34647258:34648115:clu_50434:ENSG00000213930.11",0.0153032079758963,0.00507124012236265,0.00254746211919044
"chr9:34552327:34552674:clu_50426:ENSG00000122756.14",-0.0176369732779647,0.00433726635539696,4.77490488640653e-05
"chr9:34401122:34401666:clu_50419:ENSG00000164970.14",0.024502888214732,0.00354457798474221,4.75242067921045e-12
"chr9:33998864:34017050:clu_50412:ENSG00000137073.21",0.0086859576177822,0.00348746466787111,0.0127519564238797
"chr9:34552329:34552674:clu_50426:ENSG00000122756.14",0.00664886762090143,0.00432481579217774,0.124201281710941
"chr9:34647567:34647657:clu_50434:ENSG00000213930.11",-0.0345479815091337,0.00483805247915758,9.27258270166931e-13
"chr9:110156497:110168399:clu_51261:ENSG00000241978.9",-0.0118307047997992,0.00298378237837369,7.33951561949775e-05
"chr9:109454574:109457173:clu_51258:ENSG00000070159.13",-0.00313262684919711,0.00265636493299523,0.238282382070358
"chr9:15185406:15186944:clu_50233:ENSG00000155158.20",0.00161818363053312,0.0028804161432155,0.574260372864728
"chr9:15185528:15186944:clu_50233:ENSG00000155158.20",-0.0010972439413592,0.00311205330249295,0.724404252005065
"chr9:87498107:87498970:clu_50895:ENSG00000196730.12",-4.4914830613933e-06,0.00373101471526176,0.999039488075574
"chr9:7103870:7105402:clu_50190:ENSG00000107077.18",0.00218040037968848,0.00285062869850718,0.444340601710865
"chr9:7011879:7013788:clu_50187:ENSG00000107077.18",-0.00534130015151615,0.0034110878373068,0.117380424589964
"chr9:5563211:5569954:clu_50147:ENSG00000197646.7",0.00245738296036769,0.00295268691424367,0.405266073794403
"chr9:5824001:5830727:clu_50160:ENSG00000099219.13",-0.002898763400512,0.0036620020778548,0.428606282056274
"chr9:134886564:134887168:clu_52124:ENSG00000160339.15",-0.00243607560152225,0.00281980001134359,0.387633012901629
"chr9:134798461:134801954:clu_52112:ENSG00000130635.15",0.000688587721024265,0.00230155738938767,0.764800129031343
"chr9:134156593:134157893:clu_52094:ENSG00000196363.9",0.0013500279148405,0.00298721908418597,0.651316036551634
"chr9:134799285:134801954:clu_52112:ENSG00000130635.15",-0.00175617061612026,0.00281165672180936,0.532231325049071
"chr9:20933103:20944627:clu_50298:ENSG00000188352.12",0.000958301811698473,0.00326319479122699,0.769010221648964
"chr9:20620834:20622245:clu_50289:ENSG00000171843.15",0.00981851356739485,0.00309789480652911,0.00152746246994429
"chr9:20976548:20978339:clu_50301:ENSG00000188352.12",0.00239029856116017,0.0033544319212831,0.476106159549124
"chr9:20978454:20981426:clu_50301:ENSG00000188352.12",-0.00736251014652441,0.00329232661944985,0.0253345099437873
"chr9:32544326:32550774:clu_50357:ENSG00000107201.9",-0.00609684093390909,0.00301783645033008,0.0433555094729441
"chr9:32553944:32558910:clu_50359:ENSG00000165264.10",-0.00128427236281851,0.00336896263766458,0.703049606319683
"chr9:33116113:33120419:clu_50368:ENSG00000086062.12",0.00470373684786101,0.00398867153180814,0.238289066309904
"chr9:33347117:33347666:clu_50377:ENSG00000086102.18",-0.00425817741593708,0.00351223300094642,0.225365169807484
"chr9:32974561:32984622:clu_50361:ENSG00000137074.18",-0.00073214460016496,0.00435352451276742,0.866447303748273
"chr9:32500939:32526061:clu_50357:ENSG00000197579.7",0.00994682055560336,0.00359540922525216,0.00566557399610312
"chr9:33120606:33135189:clu_50368:ENSG00000086062.12",-0.00486805090120287,0.0035760295802513,0.173418741032063
"chr9:32544326:32550774:clu_50357:ENSG00000197579.7",-0.00609684093390909,0.00301783645033008,0.0433555094729441
"chr9:32500939:32526061:clu_50357:ENSG00000107201.9",0.00994682055560336,0.00359540922525216,0.00566557399610312
"chr9:39818924:39873910:clu_50617:ENSG00000283886.1",-0.0175372854055516,0.010287997199361,0.0882624233482152
"chr9:86013144:86013719:clu_50872:ENSG00000135040.15",0.00274731825110862,0.00334317772587659,0.41120864669232
"chr9:85575475:85577427:clu_50850:ENSG00000135049.15",-0.00315214299293705,0.00524049674126843,0.547509018918976
"chr9:86014409:86033282:clu_50864:ENSG00000135052.16",0.00173200710437736,0.00538274238958767,0.747626649544934
"chr9:86014409:86015723:clu_50864:ENSG00000135052.16",-0.00197085231703119,0.00412444125158933,0.632759030608527
"chr9:89605533:89605667:clu_50930:ENSG00000130222.10",0.00808114330408862,0.00302630191200838,0.00757828093625257
"chr9:89405699:89418056:clu_50927:ENSG00000187764.11",-0.00221396899805056,0.00310004423355202,0.475119989393591
"chr9:104770998:104772822:clu_51201:ENSG00000165028.11",-0.00456454613072709,0.00410057244878563,0.26564465040217
"chr9:104889195:104903614:clu_51210:ENSG00000165029.15",-0.00414040975425819,0.00351934587947197,0.239406556821166
"chr9:104764300:104768863:clu_51202:ENSG00000165028.11",0.00195527666196957,0.00398820497774109,0.623946506024918
"chr9:92509660:92509899:clu_50979:ENSG00000106823.12",0.00127962703427788,0.00472867104164747,0.786690782001492
"chr9:92251885:92253362:clu_50962:ENSG00000196305.17",-0.0010648446052269,0.00344975493274339,0.757570637045944
"chr9:92600508:92611314:clu_50975:ENSG00000188312.13",-0.00671921030823253,0.00372311129729409,0.0711169573481436
"chr9:92256800:92257804:clu_50963:ENSG00000196305.17",0.00372205806728404,0.00423693621195077,0.379684010822667
"chr9:92253453:92256680:clu_50962:ENSG00000196305.17",0.00421788686520952,0.00335378603450431,0.208518593236407
"chr9:92300016:92301551:clu_50969:ENSG00000198000.11",0.000643944439486082,0.00292665522941432,0.825849789187372
"chr9:92379859:92611314:clu_50975:ENSG00000188312.13",0.00686293737650986,0.00353671950375892,0.0523212481087668
"chr9:117449177:117465935:clu_51418:ENSG00000233516.1",0.00462255127971585,0.00322975657621036,0.152361933101127
"chr9:117704565:117708563:clu_51419:ENSG00000136869.13",0.00456541001401888,0.00334572993410717,0.172395071098675
"chr9:88448989:88468372:clu_50909:ENSG00000106723.16",-0.00574002015651126,0.0044511287353061,0.197201708758929
"chr9:89319797:89325427:clu_50917:ENSG00000187742.14",0.00427626986876772,0.00382141673810016,0.26312846869858
"chr9:88418951:88426382:clu_50908:ENSG00000106723.16",-0.00124849469076021,0.00382437093761139,0.744078216667666
"chr9:89332986:89334025:clu_50919:ENSG00000187742.14",-0.00678815819327402,0.00359021232922968,0.0586590550713241
"chr9:89325676:89325897:clu_50917:ENSG00000187742.14",0.00624737656261323,0.00339085331743003,0.0654137129505689
"chr9:87974035:87974372:clu_50906:ENSG00000156345.17",0.000264034675912172,0.0044784881053071,0.952986988419504
"chr9:112276013:112297841:clu_51294:ENSG00000119314.15",-0.00416517438459459,0.00397157620126049,0.294295068061387
"chr9:111422200:111423199:clu_51276:ENSG00000136813.14",-0.00488486580591661,0.00366707701837678,0.182831585382666
"chr9:32974561:32984631:clu_50361:ENSG00000137074.18",-0.00677346179670568,0.0030972794757205,0.0287493225377142
"chr9:32988129:32989759:clu_50362:ENSG00000137074.18",0.0113262679464802,0.00364660629707761,0.00189652757385994
"chr9:32466441:32467762:clu_50353:ENSG00000107201.9",0.00133023258922476,0.00360259064586572,0.711946356889309
"chr9:33354892:33364010:clu_50378:ENSG00000086102.18",-0.00415808104819382,0.00381451966878334,0.275683742807388
"chr9:32984857:32985971:clu_50361:ENSG00000137074.18",0.0147094097433341,0.00361458644552334,4.71225203989567e-05
"chr9:32989895:33025000:clu_50363:ENSG00000137074.18",0.00583392811045817,0.00343138554854115,0.0890995375014413
"chr9:93659600:93660192:clu_51021:ENSG00000197724.10",-0.0121685194600351,0.00335500860077204,0.000286765301559022
"chr9:93317631:93320367:clu_51008:ENSG00000165238.16",0.0126569321231057,0.005681408204142,0.0258951356994451
"chr9:93658236:93659511:clu_51021:ENSG00000197724.10",0.00774129977502694,0.00349463031944002,0.0267464441126
"chr9:93299261:93306777:clu_51006:ENSG00000165238.16",0.00611284701215459,0.00383455941283342,0.110903369377396
"chr9:93018215:93019831:clu_50993:ENSG00000127084.17",0.005350389638791,0.00398801666842528,0.179720318602941
"chr9:98124905:98126549:clu_51134:ENSG00000106789.12",-0.00408507263314069,0.00335173239748449,0.222922242411578
"chr9:99068670:99069673:clu_51155:ENSG00000204291.10",-0.00055039373918644,0.00387230173983573,0.88697253009893
"chr9:97910616:97913401:clu_51124:ENSG00000136932.13",-0.00574331855966508,0.00394818287808977,0.145759563288513
"chr9:99833454:99844649:clu_51165:ENSG00000119508.17",0.0112909999359125,0.00619838339805844,0.0685150949305582
"chr9:97912975:97913401:clu_51124:ENSG00000136932.13",0.00132678203596662,0.00396250189874333,0.737749992241549
"chr9:128267274:128267458:clu_51714:ENSG00000167110.17",-0.00238230922629081,0.0042756222280943,0.577401571606097
"chr9:127948414:127953575:clu_51681:ENSG00000167106.11",-0.00451460543101327,0.00410971395781405,0.271977228687673
"chr9:128481651:128482816:clu_51735:ENSG00000136811.16",0.0043929581085228,0.00334367723499247,0.188909998484767
"chr9:127689907:127690775:clu_51638:ENSG00000160401.14",-0.0111558061364085,0.00434634831703174,0.0102669087410188
"chr9:127689907:127690775:clu_51638:ENSG00000136854.19",-0.0107654316402882,0.00453547845233336,0.0176154120721745
"chr9:127357377:127364589:clu_51611:ENSG00000136895.18",0.00899181033242333,0.00458820985499453,0.0500233340568328
"chr9:127199066:127210695:clu_51604:ENSG00000136828.18",0.00799860245397061,0.00350786531052603,0.0225963706035522
"chr9:128591625:128594175:clu_51744:ENSG00000197694.15",0.00514467293295934,0.00579954632239005,0.375034774492963
"chr9:128124871:128125244:clu_51691:ENSG00000148334.14",-0.00991278628951388,0.00454589168985974,0.0292127729727398
"chr9:128523846:128525197:clu_51739:ENSG00000119392.14",-8.17755088460281e-05,0.0047692251362106,0.986319744384411
"chr9:127212719:127212944:clu_51605:ENSG00000136828.18",-0.0049362766489987,0.00330971542566364,0.135843264134523
"chr9:128162115:128163443:clu_51693:ENSG00000171159.4",0.00869349323356591,0.00435552346982731,0.0459372120017788
"chr9:127320778:127325069:clu_51609:ENSG00000136895.18",0.00168639721303002,0.00386636992310433,0.662712896318242
"chr9:128482887:128483938:clu_51735:ENSG00000136811.16",-0.00449146968580545,0.00315397264673907,0.154426956831031
"chr9:127714424:127714975:clu_51640:ENSG00000187024.13",-0.0106584948658341,0.00493029223380981,0.0306306377324377
"chr9:128523846:128525192:clu_51739:ENSG00000119392.14",0.000293920505829877,0.00466589349792837,0.949771758154103
"chr9:83978452:83980153:clu_50844:ENSG00000165119.20",-0.00684586997710447,0.00335490673316093,0.0412951302735103
"chr9:83753359:83780382:clu_50827:ENSG00000165113.12",-0.00197813677234764,0.00336615609658237,0.556764222821533
"chr9:83978452:83980503:clu_50844:ENSG00000165119.20",0.00225661397262608,0.00410657301445667,0.582653660175081
"chr9:83753359:83768818:clu_50827:ENSG00000165113.12",0.0043039334067463,0.00322279371158526,0.181723675070701
"chr9:83904018:83908452:clu_50836:ENSG00000165115.14",-0.00131513620367724,0.0030325780385705,0.664528553195886
"chr9:83978452:83980119:clu_50844:ENSG00000165119.20",0.00541238843105414,0.00228919083487824,0.0180630161962377
"chr9:135502266:135503542:clu_52135:ENSG00000122140.10",-0.00474613475991917,0.00298232163216306,0.11151444768258
"chr9:137040155:137040357:clu_52318:ENSG00000107281.9",-0.00288104503140526,0.00397368949905684,0.468433481977659
"chr9:136807066:136807281:clu_52245:ENSG00000196642.18",0.00211743276507768,0.00454210899881321,0.641087862714582
"chr9:136468512:136469539:clu_52210:ENSG00000148396.18",0.00619418360289235,0.00322693437941062,0.0549178319369568
"chr9:136837980:136838909:clu_52259:ENSG00000196642.18",-0.00289973081041374,0.00335414268470169,0.387301090796129
"chr9:136405978:136407145:clu_52184:ENSG00000165689.16",-0.00100399441810755,0.00285631709733667,0.725213546012114
"chr9:136827864:136828494:clu_52248:ENSG00000196642.18",-0.00154445091934257,0.00335737524508253,0.645503755054218
"chr9:135947905:135953680:clu_52153:ENSG00000130560.8",-0.00125182113360788,0.00271859874254704,0.645182075487907
"chr9:136382073:136382253:clu_52173:ENSG00000165684.4",0.00452054803365844,0.00262424329313149,0.0849590550967607
"chr9:136468512:136471975:clu_52210:ENSG00000148396.18",-0.00135716279583525,0.00314213745946416,0.665797063620273
"chr9:136850137:136850755:clu_52266:ENSG00000054148.17",0.00586889030903221,0.00455255792273938,0.197348977664885
"chr9:136414675:136416291:clu_52187:ENSG00000165688.11",-0.00265556656620053,0.00313295583708292,0.396647758263561
"chr9:135953753:135955295:clu_52153:ENSG00000130560.8",0.00228359437434363,0.00283067470190854,0.419821206810285
"chr9:136744142:136744339:clu_52238:ENSG00000187922.13",-0.00088858934013624,0.00285376410482598,0.755515945380011
"chr9:136984823:136985036:clu_52297:ENSG00000214402.6",-0.00156832477958402,0.00310211183074,0.613160786842583
"chr9:136805584:136806385:clu_52246:ENSG00000228544.1",0.00127119859309939,0.00357476458830356,0.722137565348171
"chr9:136838015:136838909:clu_52259:ENSG00000196642.18",0.00416288689192787,0.0032425174703475,0.199196513066887
"chr9:136832370:136833720:clu_52252:ENSG00000196642.18",0.00262455799398045,0.00334725544137946,0.432985817164337
"chr9:136457584:136459134:clu_52204:ENSG00000148396.18",-0.00428570090844195,0.00310528767317018,0.167546598859634
"chr9:136429807:136430277:clu_52191:ENSG00000148384.12",-0.00164114899000696,0.00275189063077877,0.550927112591402
"chr9:136807066:136807281:clu_52245:ENSG00000213213.13",0.00211743276507768,0.00454210899881321,0.641087862714582
"chr9:136430413:136431002:clu_52191:ENSG00000148384.12",0.00142116719592,0.00316507620297913,0.653420720991134
"chr9:137111754:137111873:clu_52338:ENSG00000176978.13",0.00506802095641279,0.00397708445115735,0.202555135439918
"chr9:137113287:137113361:clu_52341:ENSG00000176978.13",0.00644025459135367,0.00306178570282728,0.0354281215693995
"chr9:137113119:137113206:clu_52341:ENSG00000176978.13",-0.00521384467929983,0.00302068084494187,0.0843385068237754
"chr9:136825826:136828494:clu_52248:ENSG00000196642.18",-0.00693524007269649,0.00310173540547737,0.0253568462695756
"chr9:136405202:136405905:clu_52184:ENSG00000165689.16",-0.00487332731205106,0.00287855198317635,0.0904595138517884
"chr9:136941477:136941537:clu_52285:ENSG00000159069.13",-0.00474340338537575,0.00335779267291383,0.157757120862916
"chr9:136382030:136382253:clu_52173:ENSG00000165684.4",-0.0026733093614164,0.00277455480744765,0.33529199912882
"chr9:136805584:136806050:clu_52246:ENSG00000228544.1",-0.00178813961806977,0.00276917048045219,0.518453488353412
"chr9:137082064:137082637:clu_52328:ENSG00000197355.10",-0.00138198896031866,0.00349346430725956,0.6924055269353
"chr9:137040067:137040357:clu_52318:ENSG00000107281.9",0.00575501964443073,0.00423787393353868,0.174464669312833
"chr9:136392106:136392522:clu_52176:ENSG00000165684.4",-0.005200889500352,0.00306878474169675,0.0901187400565724
"chr9:136442238:136443823:clu_52197:ENSG00000148396.18",-0.00502171962992712,0.003199944938603,0.116574701603996
"chr9:137111754:137111941:clu_52338:ENSG00000176978.13",0.00499063271088792,0.00328768288385093,0.129019759086708
"chr9:20821071:20822989:clu_50293:ENSG00000188352.12",-0.0086761036960481,0.003796355849031,0.0222907414061808
"chr9:96776245:96827080:clu_51090:ENSG00000196597.11",0.00566241519248744,0.00385692644670999,0.142072732690538
"chr9:96943154:96949555:clu_51093:ENSG00000196312.12",-0.0243483244111123,0.00541864496214647,7.008369404371e-06
"chr9:96321341:96324091:clu_51075:ENSG00000130958.11",0.0179852960576626,0.0052867596622738,0.000669066911552774
"chr9:95870441:95874509:clu_51055:ENSG00000175611.11",0.00964562127570574,0.00325214005834379,0.00301768709211359
"chr9:96776245:96827080:clu_51090:ENSG00000081386.12",0.00479540680980774,0.00389471494916914,0.218225629333718
"chr9:96496359:96522506:clu_51081:ENSG00000081377.16",-0.00485377428127375,0.00495573359498789,0.327369540697305
"chr9:114096478:114097301:clu_51362:ENSG00000136883.13",0.00647997012057174,0.00348637088440472,0.0630756715637099
"chr9:114624459:114626899:clu_51398:ENSG00000157693.14",0.0023875381496266,0.00332553034512068,0.472793004715132
"chr9:114097436:114097607:clu_51362:ENSG00000136883.13",-0.000464907090040232,0.00331185587684743,0.888362439934263
"chr9:128461067:128471308:clu_51733:ENSG00000136811.16",-0.00997357237316269,0.0036880839667133,0.00684547785267475
"chr9:127492897:127495964:clu_51628:ENSG00000148356.13",-0.00796420610951293,0.00616464554039941,0.196386129306042
"chr9:127896332:127897826:clu_51673:ENSG00000160408.14",0.00309105729365389,0.00346401063151506,0.372213497575796
"chr9:128419278:128420187:clu_51727:ENSG00000167123.18",0.00541352776126656,0.00484295546916918,0.263646058430386
"chr9:127397538:127397905:clu_51614:ENSG00000136856.17",0.0088602795443399,0.00318024754079829,0.00533571833632973
"chr9:127925260:127925867:clu_51677:ENSG00000167103.11",0.00128639326232207,0.00430423567152269,0.765041658323394
"chr9:133460187:133463483:clu_52057:ENSG00000160325.14",0.00525007012795146,0.00278574054703458,0.0594807828885291
"chr9:132658358:132658671:clu_51989:ENSG00000125485.17",-0.00150904293357199,0.00338041666639682,0.655303005803281
"chr9:133259866:133261318:clu_52027:ENSG00000175164.13",0.00950875944924952,0.00323943880554759,0.00333213835514834
"chr9:133463555:133465322:clu_52057:ENSG00000160325.14",-0.00238595482571311,0.00216937544216758,0.271404062568047
"chr9:133473250:133473980:clu_52059:ENSG00000160326.13",-0.00251714069519381,0.00268836474364841,0.349114002608353
"chr9:134141583:134141949:clu_52092:ENSG00000196363.9",0.00160047497050877,0.00262733077980172,0.542415829641513
"chr9:132652492:132658671:clu_51989:ENSG00000125485.17",0.00430902105020424,0.00314411599507605,0.170529875412067
"chr9:133233609:133275162:clu_52027:ENSG00000175164.13",0.00526733028252948,0.00338516008455424,0.119706603807285
"chr9:133463555:133467921:clu_52057:ENSG00000160325.14",0.00265965021544407,0.00264991984935594,0.315536762887899
"chr9:133666870:133670584:clu_52074:ENSG00000123453.17",2.06640595201636e-05,0.00287642819534015,0.994268102271652
"chr9:133251152:133275162:clu_52027:ENSG00000175164.13",0.000415670279255585,0.00271690798653935,0.878403105939892
"chr9:132298312:132300630:clu_51978:ENSG00000107290.13",-0.0046485195883286,0.00390814602053942,0.234265120625935
"chr9:133334601:133339356:clu_52030:ENSG00000148296.6",-0.0018467783010449,0.00334935065523183,0.581370478897269
"chr9:41996348:41997568:clu_50644:ENSG00000154529.14",0.0209974683973056,0.0405366413518388,0.604467078757602
"chr9:83000316:83000433:clu_50811:ENSG00000165105.9",-0.00261238043718857,0.0048124904607821,0.587244531957666
"chr9:83678599:83682951:clu_50824:ENSG00000135018.13",-0.00717720630046079,0.00411703422435084,0.081282050711513
"chr9:132904454:132905581:clu_52001:ENSG00000165699.13",0.00333783984082195,0.00334347715480366,0.318127151635033
"chr9:134830176:134832742:clu_52119:ENSG00000130635.15",0.00176437720687569,0.00287489271966471,0.539400818822557
"chr9:133540738:133540878:clu_52064:ENSG00000197859.9",0.00339911467390911,0.00285369936989926,0.233604240129336
"chr9:133258132:133259819:clu_52027:ENSG00000175164.13",0.000927627859689417,0.00226718329639595,0.682426408475687
"chr9:133787973:133788354:clu_52079:ENSG00000160293.16",0.00243006675829396,0.00302222288593407,0.421358841766687
"chr9:133785885:133787920:clu_52079:ENSG00000160293.16",-0.000111654375213189,0.00271437696496323,0.967188719028755
"chr9:133785885:133788354:clu_52079:ENSG00000160293.16",-0.00156851275963727,0.00289487249340048,0.587939431301694
"chr9:133791869:133795668:clu_52082:ENSG00000160293.16",0.00176564286723953,0.00272276131398695,0.516677722080962
"chr9:133540743:133540878:clu_52064:ENSG00000197859.9",-0.00336831869998219,0.00292078089287551,0.248817882501429
"chr9:133473600:133473980:clu_52059:ENSG00000160326.13",0.0086225421847186,0.00264137356115367,0.00109689972730909
"chr9:127424910:127428832:clu_51618:ENSG00000196152.10",-0.0054880655556379,0.00364910448929851,0.132594604184062
"chr9:127485840:127487676:clu_51627:ENSG00000148356.13",-0.00552667092137698,0.00438853991279816,0.207906969740189
"chr9:123609481:123630376:clu_51538:ENSG00000119522.16",0.00298541868556705,0.00352120201793271,0.396526645475878
"chr9:125160906:125171085:clu_51573:ENSG00000119414.11",-0.000691495149346201,0.00565594278528789,0.902693167855427
"chr9:125232745:125233688:clu_51576:ENSG00000136933.16",0.00291772676218297,0.00404476595120097,0.470688902497527
"chr9:123583270:123609436:clu_51538:ENSG00000119522.16",-0.00379102363709225,0.0032727992794533,0.246724152309713
"chr9:114624459:114626896:clu_51398:ENSG00000157693.14",-0.00862945162529468,0.00379534703745303,0.0229844888598084
"chr9:114093497:114093886:clu_51358:ENSG00000136883.13",0.00208609104270866,0.00335627414135552,0.534238032585082
"chr9:114093333:114093407:clu_51358:ENSG00000136883.13",-0.00046950877316387,0.00349076144835691,0.893006903404415
"chr9:115060002:115062917:clu_51400:ENSG00000041982.15",0.0123181779763061,0.00424808667177997,0.00373519671746347
"chr9:37881631:37899829:clu_50591:ENSG00000122696.13",0.00204241378184226,0.00358387522226467,0.568752472168426
"chr9:37842286:37854780:clu_50595:ENSG00000122741.15",0.00613866409950841,0.00363564946744646,0.0913221487197038
"chr9:108897285:108898502:clu_51238:ENSG00000070061.14",-0.00639123004133955,0.00405767663360356,0.11523429822221
"chr9:108931056:108933864:clu_51242:ENSG00000070061.14",-0.0120592666415805,0.0033498911486399,0.000318341959828272
"chr9:109422852:109426950:clu_51257:ENSG00000070159.13",0.0031330138666528,0.00333247985742664,0.347143252002039
"chr9:109420600:109422718:clu_51257:ENSG00000070159.13",-0.000337026062066654,0.00298309537248902,0.910047488551361
"chr9:108942828:108942961:clu_51244:ENSG00000119326.14",0.00415462389121132,0.00344584997106348,0.227937373626657
"chr9:19126448:19127419:clu_50272:ENSG00000147872.9",0.00133833159129076,0.00285272623342793,0.638968665737401
"chr9:19119831:19120880:clu_50270:ENSG00000147872.9",-0.000202217867324177,0.00329889737203686,0.951121387187194
"chr9:19121165:19123565:clu_50271:ENSG00000147872.9",0.000649768737246318,0.00309455897970997,0.833690031282958
"chr9:19118455:19119650:clu_50270:ENSG00000147872.9",0.00568641749304086,0.00325390027575549,0.0805385677890367
"chr9:136451081:136451256:clu_52202:ENSG00000148396.18",-0.00437427564251131,0.00327407387690576,0.181537998331178
"chr9:136979401:136979946:clu_52296:ENSG00000107317.12",0.0047074672489982,0.0032274546574223,0.144683605787146
"chr9:136677556:136686078:clu_52230:ENSG00000169692.12",0.010101609836504,0.00389822902308056,0.00956049075054044
"chr9:136717711:136721679:clu_52232:ENSG00000165716.10",0.0054433503221891,0.00318896180507889,0.0878341459761478
"chr9:136454327:136455601:clu_52202:ENSG00000148396.18",0.000848890601801613,0.00334830599258237,0.799859931500979
"chr9:137023840:137024143:clu_52315:ENSG00000107331.16",-0.0020225355065981,0.00391527119784357,0.60545210655688
"chr9:136992562:136993053:clu_52299:ENSG00000148362.10",0.0110507069757751,0.00385958739097516,0.00419407577190234
"chr9:136443900:136446855:clu_52198:ENSG00000148396.18",0.00676423434605854,0.00390636715443789,0.0833462210057136
"chr9:136745280:136745574:clu_52239:ENSG00000267206.5",0.00480355630992463,0.00309900763154547,0.121134198625565
"chr9:137018815:137018903:clu_52312:ENSG00000107331.16",0.00192536668433752,0.00332013338230569,0.561977721906929
"chr9:136677556:136687176:clu_52230:ENSG00000169692.12",-0.00752958080100288,0.00350983190507602,0.0319302705364787
"chr9:136979299:136979946:clu_52296:ENSG00000107317.12",-0.00429290057876057,0.00318784106041952,0.178093547229756
"chr9:135908919:135908997:clu_52147:ENSG00000238058.1",0.0010382138324009,0.00277832683354854,0.708640087218105
"chr9:136941402:136941537:clu_52285:ENSG00000159069.13",0.00465537979725259,0.0033187335188734,0.160689032873593
"chr9:76614600:76615191:clu_50772:ENSG00000106772.17",0.00506642685300864,0.00453730429858091,0.264158521460306
"chr9:134728807:134730236:clu_52103:ENSG00000130635.15",-0.00207655714594993,0.00355044384084804,0.558633416578083
"chr9:135503278:135503542:clu_52135:ENSG00000122140.10",-0.000275217192586055,0.00271080645856636,0.919132961318635
"chr9:135495569:135498585:clu_52131:ENSG00000160345.12",-0.00609147107634871,0.00256579064229716,0.0175912744839377
"chr9:133685286:133690380:clu_52075:ENSG00000123453.17",-0.00287243006727002,0.00287876547147831,0.318376707388603
"chr9:135501973:135503542:clu_52135:ENSG00000122140.10",0.000721834019870688,0.00299180405006091,0.809345483349687
"chr9:135495615:135498585:clu_52131:ENSG00000160345.12",0.00680139996929929,0.0024931432223591,0.0063711453108144
"chr9:539633:540508:clu_50075:ENSG00000107104.18",0.00202362128150189,0.00294053548712248,0.491338672466934
"chr9:152078:154709:clu_50065:ENSG00000172785.18",0.0075716301334474,0.00291742965373606,0.00945060359060723
"chr9:539633:540508:clu_50075:ENSG00000226403.1",0.00131325270571769,0.0028446674033694,0.644329307088997
"chr9:137255611:137255907:clu_52386:ENSG00000188986.6",0.00977286619050355,0.00416926021083801,0.0190766960503157
"chr9:137752408:137754171:clu_52467:ENSG00000181090.19",0.00122874130444744,0.00415512564943257,0.767446211066299
"chr9:137186005:137186224:clu_52363:ENSG00000176248.8",-0.00590798785128055,0.0043388000556785,0.173303946519536
"chr9:137188103:137188416:clu_52365:ENSG00000176248.8",0.000889752568207299,0.00326554783478575,0.785263304155836
"chr9:137324143:137348071:clu_52397:ENSG00000187609.15",-0.00224787182715983,0.00304402096700893,0.460238137864467
"chr9:137555648:137564434:clu_52453:ENSG00000148399.12",-0.00160162746324015,0.00445063844193567,0.718948350596497
"chr9:136807346:136807572:clu_52245:ENSG00000196642.18",-0.00176786257300471,0.00351768778125725,0.615270978953611
"chr9:137429016:137429303:clu_52417:ENSG00000188747.8",-0.00918200017788249,0.00393667121106989,0.0196782129896943
"chr9:137017346:137017502:clu_52310:ENSG00000107331.16",-0.00562737613903419,0.00412861308048361,0.172876670232155
"chr9:136859132:136859209:clu_52275:ENSG00000177943.13",-0.00116831666984275,0.00356023076954479,0.742792528956669
"chr9:136829484:136831721:clu_52250:ENSG00000196642.18",0.00615248163808048,0.00334798694146824,0.0661116426992709
"chr9:136856149:136856710:clu_52271:ENSG00000177943.13",-0.00188794585660559,0.00477746604684579,0.692712086889965
"chr9:137452435:137452736:clu_52424:ENSG00000165802.21",0.0160184492642708,0.00469550475588919,0.000646198875528969
"chr9:136807346:136807572:clu_52245:ENSG00000213213.13",-0.00176786257300471,0.00351768778125725,0.615270978953611
"chr9:137024236:137028075:clu_52316:ENSG00000107331.16",0.00360517797335247,0.00335685473885561,0.2828338992071
"chr9:137011100:137011186:clu_52304:ENSG00000107331.16",-0.000906802128984035,0.0033539496658555,0.786876819782928
"chr9:137011105:137011186:clu_52304:ENSG00000107331.16",0.000515970090359652,0.00308535216921797,0.867187385098764
"chr9:136856575:136856710:clu_52271:ENSG00000177943.13",0.00302822688079905,0.00277748467550709,0.275591267031382
"chr9:136791424:136791947:clu_52241:ENSG00000244187.7",0.00340054695932453,0.00352080003277469,0.33412176823135
"chr9:137744090:137752331:clu_52467:ENSG00000181090.19",0.000923873752807381,0.00347544858232923,0.790371188833103
"chr9:136992974:136993093:clu_52299:ENSG00000148362.10",0.00169510051769531,0.00302546900485185,0.575290553547218
"chr9:114094455:114095023:clu_51360:ENSG00000136883.13",0.00737838601906695,0.00333188375297882,0.0267958577533898
"chr9:113591397:113594430:clu_51349:ENSG00000138835.22",0.00552979980146823,0.00350755193366073,0.114901153481384
"chr9:113536918:113583450:clu_51346:ENSG00000138835.22",0.00804231718042873,0.00291748156707557,0.00584065162745162
"chr9:113223325:113272427:clu_51323:ENSG00000176386.8",-0.00115635718229261,0.00388802833728769,0.766149843508231
"chr9:113389686:113389773:clu_51340:ENSG00000148218.15",0.0020561879574825,0.00340130187349361,0.545491537960212
"chr9:114098429:114098935:clu_51363:ENSG00000136883.13",-0.0074390917646777,0.00328461054265328,0.0235229778333482
"chr9:114423523:114424334:clu_51393:ENSG00000095397.13",0.000858128736134586,0.00344422747567118,0.803244875344695
"chr9:114095127:114095214:clu_51360:ENSG00000136883.13",-0.0035125406413929,0.00360762037687187,0.330232958650774
"chr9:113207296:113211477:clu_51321:ENSG00000119321.8",0.00503907856888611,0.00361196935209581,0.162984006183997
"chr9:113594338:113594430:clu_51349:ENSG00000138835.22",-0.00557840775125334,0.00339045839439727,0.0999026979356668
"chr9:113368383:113369616:clu_51335:ENSG00000119411.10",-0.00186214752673645,0.00304054284830305,0.540247235329821
"chr9:114420069:114420823:clu_51393:ENSG00000095397.13",-0.00369617097394089,0.00335023885053873,0.269916026567686
"chr9:114289295:114290058:clu_51379:ENSG00000196739.14",8.45790919812977e-06,0.00340389843347537,0.998017441368032
"chr9:2017799:2028987:clu_50083:ENSG00000080503.22",0.00283785742525558,0.00250647631555465,0.257546177701524
"chr9:2645745:2646399:clu_50099:ENSG00000147852.15",-0.00797862765082035,0.00262597855224301,0.00237881790884453
"chr9:129875641:129876182:clu_51854:ENSG00000136878.12",0.000558194124786549,0.00314402699464648,0.85908335643038
"chr9:130425130:130425687:clu_51889:ENSG00000148357.16",-0.00435686819895614,0.00303155359649859,0.15066872832011
"chr9:131446642:131447085:clu_51929:ENSG00000130723.18",0.000619171182614056,0.00335277274689849,0.853484452998316
"chr9:129875641:129876130:clu_51854:ENSG00000136878.12",0.00120335608669937,0.00308883471069243,0.69684526162345
"chr9:130424913:130425009:clu_51889:ENSG00000148357.16",0.00412821607555742,0.00306780232676137,0.178412486828413
"chr9:131436722:131438989:clu_51928:ENSG00000130723.18",3.84887984414702e-05,0.00332618574875218,0.990767523209743
"chr9:131144754:131146162:clu_51918:ENSG00000126883.16",6.48190213341762e-05,0.00319509622977503,0.983814400155614
"chr9:129869002:129869310:clu_51852:ENSG00000136878.12",0.0032285894338946,0.00270161858398997,0.232064582306476
"chr9:130695593:130697582:clu_51904:ENSG00000130713.15",0.000538492581336691,0.00333590443290013,0.871760045067591
"chr9:131444328:131446401:clu_51929:ENSG00000130723.18",-0.00370641620647041,0.00334446660993781,0.267765341074564
"chr9:81611956:81613377:clu_50806:ENSG00000196781.14",0.00156963351923157,0.00370415910549118,0.671748914537052
"chr9:136941684:136941755:clu_52282:ENSG00000159069.13",-0.00210667174182568,0.00288080580907448,0.464608977217372
"chr9:136741958:136742787:clu_52238:ENSG00000187922.13",-0.005245177295642,0.00388798584214603,0.177313472439594
"chr9:137105916:137106125:clu_52331:ENSG00000177239.14",0.00115123972640627,0.00438226607161324,0.79277857513231
"chr9:136407938:136410328:clu_52185:ENSG00000165689.16",0.00220276533514496,0.00284055363643508,0.438061734955531
"chr9:137101672:137106125:clu_52331:ENSG00000177239.14",-0.00220453167046803,0.00467211002586037,0.637034385452751
"chr9:136809986:136823525:clu_52245:ENSG00000196642.18",0.00553529419363447,0.00352030073605086,0.115859571098664
"chr9:136909994:136916541:clu_52279:ENSG00000127191.17",0.00541015899807236,0.00387430964262993,0.162588403342087
"chr9:137078286:137078502:clu_52325:ENSG00000197355.10",0.000600864410520318,0.00280832820107936,0.830579775072482
"chr9:137037910:137039971:clu_52317:ENSG00000107281.9",0.0033496461203701,0.00350560856946987,0.339319551401184
"chr9:135850461:135862467:clu_52144:ENSG00000130559.18",-0.00101888354065316,0.00256655038653628,0.6913780807905
"chr9:135933515:135938222:clu_52148:ENSG00000130560.8",-0.0050899090989502,0.002815597582927,0.0706447237857712
"chr9:135925187:135933057:clu_52148:ENSG00000130560.8",0.00451885745113203,0.00285771212195764,0.113812876687781
"chr9:135942289:135945028:clu_52150:ENSG00000130560.8",-0.00200207410748192,0.00286117046959547,0.484089978761421
"chr9:136809986:136823525:clu_52245:ENSG00000213213.13",0.00553529419363447,0.00352030073605086,0.115859571098664
"chr9:37521838:37522825:clu_50582:ENSG00000147912.12",-0.0016395072089389,0.00308441946850834,0.595041287126703
"chr9:37888592:37899829:clu_50591:ENSG00000122696.13",-0.0101233113819381,0.00337182495131371,0.00267926743064417
"chr9:37354824:37356835:clu_50569:ENSG00000147905.17",-0.00498125239551264,0.00327180659943889,0.127889443477788
"chr9:110973558:111036122:clu_51267:ENSG00000198121.13",-0.00512100687146914,0.0034343696849796,0.135933848615436
"chr9:111363298:111363588:clu_51269:ENSG00000136813.14",0.00087513132764309,0.00335878549893889,0.794439606000434
"chr9:111423248:111425418:clu_51276:ENSG00000136813.14",0.00291590513674438,0.00372329511673423,0.433537997001029
"chr9:111362169:111363588:clu_51269:ENSG00000136813.14",-0.000103740913664766,0.00314358921748656,0.973673961195073
"chr9:111451555:111472897:clu_51278:ENSG00000136813.14",-0.000940073918422887,0.00345248742990227,0.785399909601678
"chr9:110973558:111038167:clu_51267:ENSG00000198121.13",0.00214486757999122,0.00272797481414022,0.431721600757695
"chr9:3293258:3301546:clu_50109:ENSG00000080298.15",-0.000213631371147876,0.00216352469473084,0.921342894640624
"chr9:3301620:3330259:clu_50109:ENSG00000080298.15",0.00578395983761079,0.00231574695467874,0.0125014313890572
"chr9:135909486:135915528:clu_52147:ENSG00000238058.1",0.00436711833354272,0.0027220411331968,0.108635983457081
"chr9:137012018:137012102:clu_52306:ENSG00000107331.16",0.00401088480448719,0.00367957786929993,0.275695794472434
"chr9:136941684:136942100:clu_52282:ENSG00000159069.13",0.00776320515779005,0.00314636695865524,0.0136115226722425
"chr9:136992700:136992925:clu_52299:ENSG00000148362.10",-0.00135956420155791,0.00336852174907125,0.686500592408705
"chr9:137019306:137020336:clu_52313:ENSG00000107331.16",-0.00821870504447605,0.00407063367887351,0.0434847773819785
"chr9:136674807:136676961:clu_52229:ENSG00000169692.12",-8.911259492117e-05,0.0037260342280096,0.980919449011334
"chr9:136740943:136741252:clu_52237:ENSG00000187922.13",-0.00307516614059917,0.00287736665750429,0.285185385433123
"chr9:136431985:136432479:clu_52193:ENSG00000148384.12",-0.00129892789683441,0.00332644576781315,0.696177784717119
"chr9:136431985:136432316:clu_52193:ENSG00000148384.12",-0.00209573486956046,0.004541952469399,0.644499332876305
"chr9:136445111:136446855:clu_52198:ENSG00000148396.18",0.0122378871304324,0.00330739685923069,0.000215466255616636
"chr9:96509789:96522506:clu_51081:ENSG00000081377.16",-0.00409651210797593,0.00511734399522946,0.423412308884488
"chr9:98210843:98213108:clu_51140:ENSG00000095383.19",-0.00315689098302526,0.00311536394593824,0.310902679735153
"chr9:97689639:97693649:clu_51121:ENSG00000136936.10",-0.0042540416097314,0.00394494287185214,0.280876182014206
"chr9:97625997:97627398:clu_51113:ENSG00000136925.14",-0.0074938564111004,0.00404267403642776,0.063783807300862
"chr9:96918826:96933795:clu_51093:ENSG00000196312.12",0.00454392022691166,0.0051070438679308,0.373607717263639
"chr9:98209144:98210656:clu_51140:ENSG00000095383.19",0.000459715007206763,0.00307068381602086,0.880992664600426
"chr9:96944085:96946103:clu_51093:ENSG00000196312.12",0.00525259290405465,0.00430798359707084,0.22274192987454
"chr9:69741858:69750781:clu_50713:ENSG00000188647.12",-0.00647877727036516,0.00465650757211503,0.164122868750593
"chr9:125321499:125323798:clu_51578:ENSG00000165219.21",0.0106158143215796,0.00529485142559956,0.0449703724168676
"chr9:123757822:123769514:clu_51540:ENSG00000119522.16",-0.00278312012893304,0.00411852988575302,0.499195752440427
"chr9:123769563:123792587:clu_51540:ENSG00000119522.16",0.00280539776323493,0.00418797220069958,0.502940539843655
"chr9:125321562:125323798:clu_51578:ENSG00000165219.21",-0.00531955858193246,0.00483099155933698,0.27083928510233
"chr9:125213522:125220327:clu_51575:ENSG00000136933.16",-0.0106992023884346,0.00371638993956659,0.00399035096801004
"chr9:125337591:125341177:clu_51582:ENSG00000165219.21",-0.00549103730883132,0.00507058009480764,0.278843521181917
"chr9:4985630:4985940:clu_50137:ENSG00000096968.13",0.00366729379802014,0.00264133230719265,0.165007438870367
"chr9:5747505:5753200:clu_50155:ENSG00000107036.11",0.0010443505313862,0.00291597460737852,0.720232544640612
"chr9:4986022:5021963:clu_50137:ENSG00000096968.13",-0.0009196219911228,0.00244148814734201,0.706422923877408
"chr9:5300444:5304096:clu_50140:ENSG00000107014.8",-0.000154859666887311,0.00270805535220223,0.954397967603304
"chr9:4618110:4618864:clu_50122:ENSG00000106686.16",0.000515084258646097,0.00257953686744603,0.841730147867899
"chr9:4849550:4860125:clu_50136:ENSG00000120158.11",-0.00445461555733334,0.00298089981227642,0.13507470515041
"chr9:5054884:5055669:clu_50138:ENSG00000096968.13",-0.00730103447815147,0.00297581541830152,0.0141490545962835
"chr9:99040556:99042045:clu_51153:ENSG00000204291.10",-0.00188720099715613,0.0030745804529249,0.53934244261796
"chr9:98095029:98099931:clu_51132:ENSG00000106785.14",-0.00408572072536256,0.00339341717277996,0.228584288022144
"chr9:98244129:98251785:clu_51142:ENSG00000095383.19",0.00323691200304144,0.00296794334664844,0.275438103757204
"chr9:98251926:98255173:clu_51142:ENSG00000095383.19",-0.004523239489244,0.0030815459448918,0.142145653526396
"chr9:99218836:99221547:clu_51158:ENSG00000119523.9",0.00136483006468369,0.00352905133583255,0.698947703468998
"chr9:99221137:99221547:clu_51158:ENSG00000119523.9",-0.0106865655936483,0.00341124845906295,0.00173180857806132
"chr9:114032728:114036300:clu_51354:ENSG00000157657.14",0.00827148859665411,0.00330351061236797,0.0122850783151759
"chr9:112864399:112868784:clu_51307:ENSG00000148158.16",0.000877099512986814,0.00300741509704329,0.770557572859016
"chr9:108951866:108952209:clu_51245:ENSG00000119326.14",0.00580699716621029,0.0039370463945146,0.140222531754053
"chr9:108911180:108912264:clu_51240:ENSG00000070061.14",0.00273474054387379,0.00315192989320455,0.385591425780624
"chr9:108948234:108952209:clu_51245:ENSG00000119326.14",-0.00226425938894852,0.00355090348675149,0.523696812916483
"chr9:117462718:117465935:clu_51418:ENSG00000233516.1",-0.000132792809574019,0.00261375912375116,0.959480669628162
"chr9:117704565:117712389:clu_51419:ENSG00000136869.13",-0.0051255278834776,0.00336204377359813,0.127377015316472
"chr9:117096151:117214358:clu_51416:ENSG00000148219.16",0.00358115097416091,0.00335149936641825,0.285285089350241
"chr9:116651793:116725771:clu_51410:ENSG00000148219.16",0.00555228332920201,0.0044887060722402,0.216107436252667
"chr9:117453825:117465935:clu_51418:ENSG00000233516.1",0.00335881699853995,0.0027558471990629,0.222921429549708
"chr9:117141478:117214358:clu_51416:ENSG00000148219.16",-0.00310022555610576,0.00331796688617014,0.350110450581058
"chr9:98124905:98126643:clu_51134:ENSG00000106789.12",0.00837405931797996,0.00502672055344923,0.0957315285856166
"chr9:98077017:98078294:clu_51128:ENSG00000095380.10",-0.00464354062424846,0.00591102921516709,0.432118116837742
"chr9:99005050:99015417:clu_51152:ENSG00000204291.10",0.00546162186571003,0.00395285870753789,0.16706717675236
"chr9:19371820:19372037:clu_50282:ENSG00000137145.20",-0.00024507156401407,0.00320096396229137,0.938972148571858
"chr9:731266:732378:clu_50078:ENSG00000107104.18",-0.00256488280638972,0.0034900758908862,0.462395855078863
"chr9:732617:734748:clu_50078:ENSG00000107104.18",0.00597060516689149,0.00298154523439995,0.0452287909006917
"chr9:85842879:85845842:clu_50863:ENSG00000165121.11",-0.0126564624378349,0.00406780065784614,0.00186216873206957
"chr9:85677582:85678335:clu_50858:ENSG00000135049.15",0.00220944596123689,0.00338981738087395,0.514537245391826
"chr9:86325514:86326371:clu_50888:ENSG00000083223.17",-0.0014445619986732,0.00409330036563562,0.724156762312197
"chr9:89418118:89418363:clu_50927:ENSG00000187764.11",0.00692818579718452,0.00422163828965612,0.100773945005266
"chr9:89605533:89605758:clu_50930:ENSG00000130222.10",0.00632407419359651,0.00382042762113955,0.0978572721398961
"chr9:133780710:133783503:clu_52078:ENSG00000160293.16",0.00180478949321759,0.00250115240275233,0.470550786161226
"chr9:114092642:114092751:clu_51357:ENSG00000136883.13",-0.0129589562436571,0.00300950040276982,1.66221199612293e-05
"chr9:112380180:112403995:clu_51296:ENSG00000119471.14",-0.00328903286211389,0.00322225957482732,0.307385929385299
"chr9:127357377:127365316:clu_51611:ENSG00000136895.18",-2.35967428807034e-05,0.00377356524428198,0.995010725159734
"chr9:5078444:5080229:clu_50139:ENSG00000096968.13",-0.000187289533316722,0.00408820145839202,0.963459928887965
"chr9:4118881:4125734:clu_50116:ENSG00000107249.21",-0.00100615939316635,0.00260407250123674,0.699215868463254
"chr9:5335597:5339536:clu_50142:ENSG00000107018.7",-0.00063866705774429,0.00312657845474848,0.838142293086901
"chr9:4125941:4286038:clu_50116:ENSG00000107249.21",0.000888217030447972,0.00269328523183528,0.741559066482248
"chr9:4574014:4576001:clu_50119:ENSG00000106688.11",0.00164958361442873,0.00261127681882606,0.527572904664914
"chr9:4572388:4573907:clu_50119:ENSG00000106688.11",-0.00249734530393284,0.00256218314141515,0.329711921122157
"chr9:4635399:4646487:clu_50125:ENSG00000106686.16",-0.00159183703312984,0.00268020361602192,0.552563000746967
"chr9:4793227:4823548:clu_50134:ENSG00000120158.11",0.0102488588611571,0.00358537342051173,0.00425623313397649
"chr9:125468109:125506310:clu_51586:ENSG00000119487.16",-0.00123176947780003,0.00373057223957886,0.741262107646429
"chr9:125657799:125669818:clu_51588:ENSG00000119487.16",-0.00645552632994435,0.00391444169664143,0.0991156104644055
"chr9:127195217:127210695:clu_51604:ENSG00000136828.18",-0.00457403042954167,0.00411214590892178,0.265999720949399
"chr9:126977745:127034431:clu_51599:ENSG00000136828.18",0.00865126874171661,0.00305658484025795,0.0046494072725044
"chr9:114092000:114092333:clu_51356:ENSG00000136883.13",0.00196466950023647,0.0025524543649478,0.441467322468749
"chr9:113272520:113273329:clu_51323:ENSG00000176386.8",0.000945083015833933,0.00329440480324676,0.774207885127868
"chr9:113375567:113376729:clu_51337:ENSG00000119431.9",4.5233475697906e-05,0.00390091646109272,0.99074825531954
"chr9:125935607:125960684:clu_51591:ENSG00000167081.16",0.0045715822873808,0.00360210830025285,0.20439088271547
"chr9:126805132:126808793:clu_51596:ENSG00000169155.9",0.00173950987378496,0.00368456366706595,0.636850111255632
"chr9:127243253:127264952:clu_51608:ENSG00000136895.18",-0.00491198575219439,0.00448737245149299,0.273681380100761
"chr9:111914746:111922849:clu_51287:ENSG00000148154.9",0.00128248148704319,0.00429682656835271,0.765343109118471
"chr9:111440521:111442306:clu_51277:ENSG00000136813.14",0.0104873171429376,0.00353956350812653,0.00304771103629886
"chr9:111631743:111642857:clu_51285:ENSG00000059769.19",-0.006375306272599,0.00338279811560824,0.0594804696581994
"chr9:111451555:111483504:clu_51278:ENSG00000136813.14",0.00980685701267297,0.00351092618215889,0.00521830716343263
"chr9:111391824:111392768:clu_51273:ENSG00000136813.14",-0.0061482813398812,0.00344550194565419,0.0743526746284242
"chr9:111643094:111647107:clu_51285:ENSG00000059769.19",0.00248527020466484,0.00396257386733894,0.530537426460908
"chr9:111394305:111397030:clu_51273:ENSG00000136813.14",0.0123283771803345,0.00352115487681928,0.000463113954448646
"chr9:110201474:110207387:clu_51262:ENSG00000188959.9",-0.00501256773654104,0.00261235281581919,0.0550103693867008
"chr9:125056007:125142633:clu_51571:ENSG00000173611.17",0.00227323531575369,0.00401292129966296,0.571068260348841
"chr9:125056007:125065990:clu_51571:ENSG00000173611.17",0.00812300132038513,0.00513293932466622,0.113529924615827
"chr9:97317228:97318463:clu_51097:ENSG00000197816.13",0.00310921974763665,0.00402267891375847,0.43956814420734
"chr9:97292675:97293947:clu_51096:ENSG00000254633.1",0.00113328004651378,0.00488144178934904,0.81641302511571
"chr9:99042107:99044568:clu_51153:ENSG00000204291.10",-0.00405911196771483,0.00323637183003694,0.209763209800766
"chr9:99038733:99040521:clu_51153:ENSG00000204291.10",0.010380920053721,0.00350296898170407,0.0030419832380193
"chr9:81634301:81652184:clu_50808:ENSG00000196781.14",-0.00641491293799866,0.00431269818338564,0.136896610036443
"chr9:81584524:81585505:clu_50804:ENSG00000196781.14",0.00105951882567594,0.00306395625174671,0.72949234965217
"chr9:81584305:81584448:clu_50804:ENSG00000196781.14",0.000510477845319669,0.00312047867314365,0.870054235589683
"chr9:108869182:108870454:clu_51233:ENSG00000070061.14",0.00602973843593724,0.00249803729172919,0.0157875413255764
"chr9:114304673:114306520:clu_51381:ENSG00000196739.14",-0.00351138766366101,0.00335872461474396,0.295813798095401
"chr9:113565360:113583450:clu_51346:ENSG00000138835.22",-0.00473674595666881,0.00349804300756814,0.175700288703993
"chr9:114284777:114288455:clu_51378:ENSG00000196739.14",-0.00568005087429222,0.00396500112589209,0.151987308006026
"chr9:114095332:114096051:clu_51361:ENSG00000136883.13",-0.00521865411633515,0.00315513973373956,0.0981240999021049
"chr9:113362394:113368259:clu_51335:ENSG00000119411.10",0.00181020244945679,0.00326905957393783,0.579758177731074
"chr9:113582242:113583450:clu_51346:ENSG00000138835.22",0.00257255234033894,0.00343848492404725,0.45436094329634
"chr9:113988580:113998259:clu_51350:ENSG00000157657.14",-0.00567988339287352,0.00269533440829825,0.0350914164260001
"chr9:113273438:113275382:clu_51324:ENSG00000176386.8",0.00045888338019257,0.0032273414080789,0.886932939364159
"chr9:113156172:113157727:clu_51311:ENSG00000136867.10",0.00351114017381778,0.0049140024356516,0.474907309474593
"chr9:114016784:114028733:clu_51353:ENSG00000157657.14",-0.00228654027040855,0.00266635790246484,0.391139947882672
"chr9:114096207:114096387:clu_51361:ENSG00000136883.13",0.00296828350033353,0.00332242491145549,0.37163831642674
"chr9:113389106:113389438:clu_51338:ENSG00000148218.15",0.00436851079104107,0.00404277700262264,0.279887635743121
"chr9:97675587:97684923:clu_51121:ENSG00000136936.10",-0.0100222528252658,0.00441203630934812,0.0231124465313561
"chr9:98826941:98831772:clu_51148:ENSG00000119514.6",-0.00118205205539302,0.00480796359792953,0.805796063081135
"chr9:4605440:4617923:clu_50122:ENSG00000106686.16",-2.95083989270314e-05,0.00272490302910434,0.9913597528063
"chr9:5361888:5431897:clu_50143:ENSG00000107020.9",9.27217141191955e-05,0.0030844485050759,0.976018376331643
"chr9:4688606:4697096:clu_50129:ENSG00000106993.11",0.00502752134689244,0.00315802077673456,0.111388100545597
"chr9:5382031:5431897:clu_50143:ENSG00000107020.9",0.00113553878880415,0.00293098905349066,0.698441509220093
"chr9:5944960:5954016:clu_50169:ENSG00000183354.11",-0.00238673380975864,0.00429955975573539,0.578818597032493
"chr9:6251265:6252884:clu_50172:ENSG00000137033.11",-0.00133647672284142,0.00303718722856757,0.659909840656977
"chr9:6241785:6250474:clu_50172:ENSG00000137033.11",0.00375777163213134,0.00294462091990877,0.201903262310616
"chr9:5361888:5381863:clu_50143:ENSG00000107020.9",0.000826440301079485,0.00273348311803748,0.762393163246972
"chr9:540667:549107:clu_50075:ENSG00000226403.1",-0.0142370610954047,0.00310110165655355,4.41193194056222e-06
"chr9:547341:549107:clu_50075:ENSG00000226403.1",-0.00564034668770317,0.00386744713155633,0.144725919397461
"chr9:547341:549107:clu_50075:ENSG00000107104.18",-0.00614407564924313,0.00412415981329935,0.136283058208382
"chr9:693786:710804:clu_50076:ENSG00000107104.18",-0.00137540840905198,0.00344802044505811,0.689968373701557
"chr9:677009:710804:clu_50076:ENSG00000107104.18",0.000426942727563679,0.00360891359421067,0.905828146288286
"chr9:540667:549107:clu_50075:ENSG00000107104.18",-0.0163003751244472,0.00327984364455048,6.70000618319122e-07
"chr9:734835:736352:clu_50079:ENSG00000107104.18",-0.00781389493369302,0.00350235420139948,0.0256784300598095
"chr9:707251:710804:clu_50076:ENSG00000107104.18",0.00569233094125959,0.00303655209216927,0.0608473021475324
"chr9:131146304:131147490:clu_51919:ENSG00000126883.16",-0.000704850541547898,0.00335702844790069,0.833696835260866
"chr9:131096660:131096802:clu_51913:ENSG00000126878.12",0.00526914143840349,0.00459142811891279,0.25113206305544
"chr9:131459356:131464766:clu_51930:ENSG00000130723.18",-0.00580027178403699,0.00335892631619508,0.0841994262296994
"chr9:130464167:130466725:clu_51895:ENSG00000130707.17",-0.000535139174927777,0.00310126335653775,0.863001054526864
"chr9:131146304:131147487:clu_51919:ENSG00000126883.16",-0.000230550397440689,0.00356669610659377,0.948460823166222
"chr9:130579764:130580659:clu_51898:ENSG00000107164.15",0.000472564821363641,0.00306804283141446,0.877587575945957
"chr9:132166113:132166349:clu_51965:ENSG00000196358.10",5.33780648583056e-05,0.00369242223275875,0.988466094121824
"chr9:130445198:130452224:clu_51894:ENSG00000130707.17",0.00900845128557573,0.00357883465936587,0.0118309610465478
"chr9:130613027:130614288:clu_51900:ENSG00000107164.15",-0.00262293519287776,0.00304571340726945,0.389133901511136
"chr9:72872016:72872109:clu_50747:ENSG00000236849.5",-0.0142032262860055,0.00507364544525039,0.00511956957622473
"chr9:15453205:15457960:clu_50235:ENSG00000164975.15",-0.00181102572739947,0.00266251762574245,0.496382293551112
"chr9:15471176:15472632:clu_50236:ENSG00000164985.14",-0.0136219854999094,0.00377112767667581,0.000303635688797876
"chr9:26913947:26917097:clu_50326:ENSG00000137055.14",-6.55862807573415e-05,0.00306954339969216,0.982953067453901
"chr9:26917165:26919310:clu_50326:ENSG00000137055.14",0.00120980333195937,0.00302862771221428,0.689557281919802
"chr9:26886188:26887313:clu_50324:ENSG00000120159.11",-0.00161520489381902,0.00357403586230489,0.651321252554331
"chr9:26869977:26884810:clu_50323:ENSG00000120159.11",-0.000673297948601484,0.00327956350351857,0.837336895690792
"chr9:26990195:27009020:clu_50332:ENSG00000096872.15",-0.00205716519146212,0.00326285196023998,0.528380125500786
"chr9:27060651:27062618:clu_50337:ENSG00000096872.15",0.00604927201307903,0.00296725915333262,0.0414826441223126
"chr9:35102823:35103050:clu_50463:ENSG00000165283.15",0.0047087091137811,0.00392563143115213,0.230342077162673
"chr9:36136791:36162362:clu_50557:ENSG00000122694.15",0.0177439101056073,0.00447397209769452,7.30794938552659e-05
"chr9:35724079:35724192:clu_50514:ENSG00000137076.20",0.00120690140098282,0.00473365849120493,0.798752715888986
"chr9:35102194:35102686:clu_50463:ENSG00000165283.15",-0.0059839397556929,0.00401988429994156,0.136596665268065
"chr9:36145041:36147786:clu_50557:ENSG00000122694.15",0.00475691432209526,0.00337182217289149,0.158308178098844
"chr9:35826161:35826792:clu_50506:ENSG00000204930.9",0.00612673978638904,0.00346282494622109,0.0768455762955568
"chr9:35658727:35660401:clu_50498:ENSG00000159884.11",0.00603623445305974,0.002967682767847,0.0419526927238338
"chr9:35076583:35076724:clu_50457:ENSG00000221829.9",0.00802953859634863,0.00453251843082722,0.0764709143193064
"chr9:36136791:36147786:clu_50557:ENSG00000122694.15",0.00518969492595789,0.0038832504003621,0.181408547961116
"chr9:36147894:36148547:clu_50558:ENSG00000122694.15",-0.0038840118136928,0.00272992776375083,0.15480788757074
"chr9:35077101:35077264:clu_50457:ENSG00000221829.9",-0.0109510043075778,0.00452645090022993,0.0155488826999269
"chr9:36121688:36122824:clu_50556:ENSG00000122707.11",0.00564993137626504,0.00467260541897321,0.22660106874705
"chr9:35660242:35660401:clu_50498:ENSG00000159884.11",-0.00354732403442829,0.0026561933424221,0.181715485756904
"chr9:122883379:122890312:clu_51515:ENSG00000056586.15",0.0010645411530634,0.00469338693123098,0.82056584370542
"chr9:123071501:123073552:clu_51525:ENSG00000011454.16",0.00311572698182228,0.00396939089482088,0.4324897388706
"chr9:123440491:123450693:clu_51535:ENSG00000119522.16",-0.00351617763811973,0.00392273695702199,0.37006145725219
"chr9:123403490:123411776:clu_51534:ENSG00000119522.16",0.0109083537980291,0.003641447056868,0.00273896842996613
"chr9:124258361:124301936:clu_51541:ENSG00000119408.16",0.00172257830898959,0.0044312731173785,0.697474299852947
"chr9:15478552:15486006:clu_50238:ENSG00000164985.14",0.00262771149763891,0.00444105757673755,0.554060887577856
"chr9:94773168:94792765:clu_51037:ENSG00000148120.16",-0.0063593341537992,0.00426547078490484,0.135991213548884
"chr9:108979481:108983145:clu_51249:ENSG00000119326.14",-0.00613779875717206,0.0036767088580413,0.0950434670645078
"chr9:135850461:135866456:clu_52144:ENSG00000130559.18",-0.00304387770643334,0.0023829033577892,0.201467438731425
"chr9:136445719:136446855:clu_52198:ENSG00000148396.18",0.003379069850711,0.00319922969477625,0.290870647639469
"chr9:136447364:136447569:clu_52200:ENSG00000148396.18",-0.0015131102431399,0.00289544560764736,0.601264571568441
"chr9:136379864:136380740:clu_52172:ENSG00000165684.4",0.0079557152507955,0.0026225929623918,0.00241710426297326
"chr9:136854850:136854937:clu_52270:ENSG00000177943.13",7.06505715998153e-05,0.00282171140099485,0.980024494748776
"chr9:136224112:136224861:clu_52159:ENSG00000165661.16",-0.00285777035669099,0.0031757027696609,0.368180938988797
"chr9:136854676:136854762:clu_52270:ENSG00000177943.13",-0.00103938126783256,0.00304917562411358,0.73319928419805
"chr9:70348038:70350114:clu_50723:ENSG00000198887.8",-0.00386960777000736,0.00579261125107429,0.504117784404005
"chr9:70344269:70347066:clu_50722:ENSG00000198887.8",9.97946661389491e-05,0.00522711312497898,0.984767923593396
"chr9:116487500:116618324:clu_51408:ENSG00000148219.16",0.00388622453989992,0.00467123087830357,0.405437891348375
"chr9:92268300:92269885:clu_50965:ENSG00000196305.17",-0.00622738743402564,0.00438807274422124,0.155851702564503
"chr9:93308584:93316719:clu_51007:ENSG00000165238.16",0.00596024624191722,0.00418470356936158,0.154361518037765
"chr9:93253082:93256948:clu_51001:ENSG00000165238.16",-0.00316968483392604,0.0051606173428777,0.539078863552727
"chr9:91217327:91220805:clu_50938:ENSG00000148090.11",-0.00318437441525797,0.00416453551770121,0.444485374618596
"chr9:91214425:91216059:clu_50938:ENSG00000148090.11",0.00326461863207483,0.00397597649967841,0.411597285066885
"chr9:3937189:4117768:clu_50115:ENSG00000107249.21",-0.00240205727133738,0.00244998680835782,0.32687054298845
"chr9:4618898:4622408:clu_50122:ENSG00000106686.16",0.0011055508504855,0.00273013331117104,0.68551874288208
"chr9:4093257:4117768:clu_50115:ENSG00000107249.21",0.00177084616390914,0.00276097103273961,0.521272397805923
"chr9:5720750:5732388:clu_50149:ENSG00000107036.11",0.00418355168401653,0.0034980542481053,0.231710079873642
"chr9:8858323:8859956:clu_50198:ENSG00000225706.1",0.0010163343461034,0.00331942529176206,0.759469271306087
"chr9:114283762:114284724:clu_51377:ENSG00000196739.14",0.00108269569793752,0.00342283823487106,0.751763289027365
"chr9:115091154:115117982:clu_51403:ENSG00000041982.15",0.00824288463775801,0.00447176576657828,0.065282649762243
"chr9:114408018:114417399:clu_51393:ENSG00000095397.13",0.00998376394324302,0.00388010877183,0.0100802884777141
"chr9:114404077:114406355:clu_51392:ENSG00000095397.13",-0.00723509301116898,0.00326048475532155,0.0264851108401974
"chr9:114282564:114283709:clu_51377:ENSG00000196739.14",0.000835079558146941,0.0034978195036487,0.811304952134639
"chr9:114095332:114096387:clu_51361:ENSG00000136883.13",0.0110301107315124,0.00378516860528398,0.00356790828160758
"chr9:114408018:114423314:clu_51393:ENSG00000095397.13",-0.00038263045067287,0.00354559914189917,0.914061525545831
"chr9:113581005:113582072:clu_51346:ENSG00000138835.22",-0.00226510735576239,0.0037239956028046,0.543023986845848
"chr9:113536918:113541320:clu_51346:ENSG00000138835.22",0.00348507718904535,0.00395934200020234,0.37874216913794
"chr9:104903771:104927935:clu_51210:ENSG00000165029.15",0.0044420322840893,0.00359310946036921,0.216360405625981
"chr9:105601348:105604215:clu_51220:ENSG00000106692.13",0.00233579502468707,0.00360551770688609,0.517089080895352
"chr9:105618092:105619934:clu_51221:ENSG00000106692.13",0.010520501457013,0.00377138387813546,0.00527797225210014
"chr9:105615407:105617959:clu_51221:ENSG00000106692.13",-0.00746061066441754,0.00359081910574982,0.0377378766266241
"chr9:82993025:82997012:clu_50810:ENSG00000165105.9",-0.00432040057200465,0.00464868554131717,0.352691609011505
"chr9:83768970:83780382:clu_50827:ENSG00000165113.12",0.00440000763301323,0.00367361214777473,0.231020857664783
"chr9:742405:744491:clu_50081:ENSG00000107104.18",0.00108448843611502,0.00270562393073117,0.688547141505686
"chr9:740934:742205:clu_50081:ENSG00000107104.18",-0.000293105408184534,0.00265803563666215,0.912194109384178
"chr9:2651498:2651874:clu_50101:ENSG00000147852.15",0.000370511039986688,0.00294883565734623,0.900011709822576
"chr9:100126549:100214925:clu_51175:ENSG00000119509.12",0.0054157461981465,0.00603745819225984,0.369705995640863
"chr9:21011438:21011589:clu_50302:ENSG00000188921.13",-0.002774515048434,0.00425679810070584,0.514540198072294
"chr9:114222267:114231079:clu_51370:ENSG00000196739.14",0.00852530864221796,0.00328874674932178,0.00953458286272546
"chr9:14680162:14690337:clu_50226:ENSG00000175893.11",0.000358640370904435,0.00293119332462667,0.902619439321778
"chr9:14674385:14680033:clu_50227:ENSG00000175893.11",-0.000575994013195529,0.00266871889133199,0.829118973218492
"chr9:136668362:136668557:clu_52223:ENSG00000172889.15",0.00419983100482122,0.00273792163676179,0.125042303472201
"chr9:134884772:134885239:clu_52123:ENSG00000160339.15",-0.00444063950381448,0.00261518020594014,0.0895031780936945
"chr9:136745797:136745942:clu_52239:ENSG00000267206.5",0.000220876767518876,0.00334644856778136,0.947375169910657
"chr9:135946371:135947798:clu_52152:ENSG00000130560.8",0.00860092269832939,0.00272414651379266,0.00159242458835163
"chr9:136668673:136669914:clu_52224:ENSG00000172889.15",-0.00703282046016892,0.00413423623468403,0.0889209775323623
"chr9:136849590:136850013:clu_52265:ENSG00000054148.17",0.00211729487421641,0.00320130524953945,0.508365522748631
"chr9:136454327:136455591:clu_52202:ENSG00000148396.18",-0.00485928099406346,0.00314530677696618,0.122363027217708
"chr9:136398437:136400134:clu_52181:ENSG00000165684.4",-0.00210016216614121,0.00287339860988628,0.464841272988695
"chr9:136849573:136850013:clu_52265:ENSG00000054148.17",-0.00116435674360813,0.00320542104145316,0.71642104123635
"chr9:136615864:136617078:clu_52220:ENSG00000279141.3",-0.00290637077580192,0.00300537259502266,0.333514846207932
"chr9:21854870:21859303:clu_50310:ENSG00000099810.18",0.00669120131280702,0.00413284823481649,0.105441014863971
"chr9:21859425:21861976:clu_50310:ENSG00000099810.18",-0.00109769434176678,0.00359393394366437,0.760038867261271
"chr9:83859371:83867684:clu_50833:ENSG00000165115.14",0.000117566033448817,0.00330899660347795,0.971657755287291
"chr9:112438625:112441699:clu_51298:ENSG00000119471.14",0.00150203516832037,0.00282151805895464,0.594483600973662
"chr9:112418958:112438431:clu_51298:ENSG00000119471.14",0.00155191049283272,0.00295965916523491,0.600032022536412
"chr9:113221678:113227278:clu_51322:ENSG00000136868.10",-0.00537953778063375,0.00399511554513749,0.178132067849283
"chr9:71971618:71972692:clu_50738:ENSG00000155621.14",0.0016403402987025,0.00390630640411806,0.674543127409988
"chr9:71911836:71947006:clu_50738:ENSG00000155621.14",0.00229189700851594,0.0037299878923974,0.538916950450056
"chr9:71947112:71982657:clu_50738:ENSG00000155621.14",0.00433746902548265,0.00431138187604539,0.314391151817916
"chr9:120914300:120923705:clu_51449:ENSG00000056558.10",-0.0104338448579376,0.00396233317308463,0.00845701209094984
"chr9:121171548:121173357:clu_51469:ENSG00000119397.16",-0.00161244835841044,0.00463588637033203,0.727976282127161
"chr9:120923792:120925936:clu_51450:ENSG00000056558.10",-0.020154034336977,0.00321970753000593,3.86002230179372e-10
"chr9:121281562:121300056:clu_51474:ENSG00000148180.19",-0.00869461420069231,0.00415384747567686,0.0363360166411421
"chr9:120453873:120458450:clu_51426:ENSG00000136861.17",0.00601372943798319,0.00393155174997047,0.126114013028046
"chr9:120843439:120844993:clu_51439:ENSG00000226752.9",0.00770882394721743,0.00287737519019898,0.00738166604052826
"chr9:120764847:120771348:clu_51432:ENSG00000119402.16",0.00379572577630329,0.00468694221431866,0.418025701916651
"chr9:124921892:124923095:clu_51565:ENSG00000136935.13",-0.0086015234507324,0.00535834029259196,0.108436839778105
"chr9:123403490:123440360:clu_51534:ENSG00000119522.16",-0.00151049542784799,0.00336703233169537,0.653710650129656
"chr9:125153742:125153906:clu_51572:ENSG00000119414.11",0.00806710902109807,0.00471838480727118,0.0873179704190311
"chr9:110972220:110973481:clu_51267:ENSG00000198121.13",-0.0011097494660785,0.00305219497790669,0.716163731807078
"chr9:32989895:33024804:clu_50363:ENSG00000137074.18",-0.00484307898184733,0.00380208665706951,0.202736076844956
"chr9:33464976:33465207:clu_50387:ENSG00000165271.16",0.00435700078158028,0.00385190919698097,0.258001391705708
"chr9:33541227:33543185:clu_50397:ENSG00000230453.9",0.0039902066540836,0.00370649198003523,0.281683436615782
"chr9:33463441:33463831:clu_50385:ENSG00000165271.16",-0.00936702148204647,0.00419988429746964,0.0257272246280559
"chr9:113211592:113221191:clu_51321:ENSG00000119321.8",0.00117591525616992,0.00304175164003564,0.69905866939788
"chr9:114028972:114032645:clu_51353:ENSG00000157657.14",0.0037589547574014,0.00287914698477284,0.191695657336715
"chr9:113284389:113286193:clu_51328:ENSG00000136875.12",0.00133959453275553,0.00258538204661258,0.604359330982641
"chr9:113290539:113290700:clu_51329:ENSG00000136875.12",-0.0027981797128944,0.00307713285210418,0.363167299891717
"chr9:113203035:113206509:clu_51320:ENSG00000119321.8",-0.00491961778530736,0.00368872060258801,0.182304761922579
"chr9:113272548:113273329:clu_51323:ENSG00000176386.8",0.00134874423975156,0.00349306386873992,0.699407285592842
"chr9:113284389:113286232:clu_51328:ENSG00000136875.12",-0.00149150971149912,0.00257847502857862,0.562962745296526
"chr9:113290588:113290700:clu_51329:ENSG00000136875.12",0.00290481646885543,0.00283435774507037,0.305429818480358
"chr9:113273410:113275382:clu_51324:ENSG00000176386.8",-0.0023881379613559,0.00298644804374624,0.423908800274903
"chr9:114008554:114016695:clu_51352:ENSG00000157657.14",-0.00171282867745876,0.00329255097074859,0.6029149436221
"chr9:114016784:114032648:clu_51353:ENSG00000157657.14",-0.000465200501412053,0.00308091438571493,0.879980214750503
"chr9:112268195:112275844:clu_51294:ENSG00000119314.15",-0.00320986166900833,0.00361724965296529,0.374876330603616
"chr9:112405722:112408907:clu_51297:ENSG00000119471.14",0.00251511099500172,0.00326062624387515,0.440494606891369
"chr9:133357814:133359950:clu_52037:ENSG00000148291.9",-0.000534053688017595,0.00290952019287312,0.854363455405036
"chr9:133102139:133102476:clu_52018:ENSG00000160271.14",0.000596390650577737,0.0029450006484412,0.839518421257948
"chr9:132878436:132883911:clu_51997:ENSG00000165698.15",-0.000506821158906155,0.00281817960688006,0.857278252955973
"chr9:120922691:120923705:clu_51449:ENSG00000056558.10",0.00903619684720566,0.00427258502934508,0.034436340976133
"chr9:120866965:120868808:clu_51443:ENSG00000119403.13",0.0056937303003505,0.00348939546645849,0.102737643498288
"chr9:120866965:120869182:clu_51443:ENSG00000119403.13",-0.00498641518896462,0.00323982792329031,0.123780183998534
"chr9:120845196:120847294:clu_51439:ENSG00000226752.9",0.00518276503709156,0.00358235308139273,0.147967290132076
"chr9:120844899:120844993:clu_51439:ENSG00000226752.9",-0.00433481114176558,0.0027355062714608,0.113046615217847
"chr9:95813922:95850227:clu_51055:ENSG00000175611.11",0.000515945653934124,0.00220037864234059,0.814612051258719
"chr9:96541892:96562693:clu_51083:ENSG00000081377.16",0.0113044590200823,0.00401302943395168,0.00484837368743618
"chr9:95850292:95874980:clu_51055:ENSG00000175611.11",0.00145767143649449,0.0021810508041804,0.503920113900718
"chr9:95870441:95874980:clu_51055:ENSG00000175611.11",0.000249340319267908,0.002001609587349,0.900864053866247
"chr9:89387608:89388636:clu_50926:ENSG00000187764.11",0.00461652093610461,0.0026442388772282,0.0808319922000852
"chr9:79627448:79652590:clu_50800:ENSG00000106829.18",0.00788964700215146,0.00448313595936911,0.0784332358778546
"chr9:81634301:81652214:clu_50808:ENSG00000196781.14",-0.00290582411814524,0.00369843900437687,0.432049507093121
"chr9:2650516:2651874:clu_50101:ENSG00000147852.15",-0.000784492686123469,0.00323171177163334,0.808200352946637
"chr9:133031164:133043728:clu_52009:ENSG00000148308.17",0.00609031104040268,0.00359812367044374,0.0905249127324492
"chr9:132264985:132269615:clu_51972:ENSG00000107290.13",-0.00291394602979553,0.00438421343981502,0.506277508568225
"chr9:131195294:131197216:clu_51921:ENSG00000126883.16",0.00212476937375523,0.00286484250742816,0.458286955386386
"chr9:132230595:132231643:clu_51968:ENSG00000196358.10",-0.00138886211643659,0.0035820808828283,0.698219593006312
"chr9:131526503:131528944:clu_51948:ENSG00000130717.12",-0.0100143654921166,0.00437568080093849,0.0221001796691565
"chr9:132911568:132912282:clu_52004:ENSG00000165699.13",-0.00535632707907706,0.00309046789802188,0.0830642597664391
"chr9:131192292:131195233:clu_51921:ENSG00000126883.16",0.00431398550386865,0.00266795667988565,0.105886408113632
"chr9:131604053:131621796:clu_51956:ENSG00000107263.18",0.00395467002108034,0.00335796740856521,0.238917200309202
"chr9:132269489:132269615:clu_51972:ENSG00000107290.13",-0.00352953434311081,0.00396671698017517,0.37358011374339
"chr9:132863778:132866904:clu_51995:ENSG00000165695.9",-0.00171219089468603,0.0026826599892087,0.523315040555615
"chr9:129342043:129355458:clu_51833:ENSG00000233901.5",0.00828624304913071,0.00399275248197666,0.0379567950043368
"chr9:129332473:129333975:clu_51832:ENSG00000179082.3",0.000687642300754218,0.00438715518889445,0.875449833738157
"chr9:128276402:128276707:clu_51716:ENSG00000175854.11",0.0110415831051182,0.0034479759539294,0.00136317129338814
"chr9:128753959:128771581:clu_51774:ENSG00000160445.10",0.00277815125431951,0.00263794802218055,0.292272893718042
"chr9:128536955:128543379:clu_51741:ENSG00000228395.1",-0.00758526314383843,0.00450231547891083,0.0920373666009706
"chr9:128825139:128826022:clu_51784:ENSG00000198917.12",0.00341375819580065,0.00434633536627247,0.43219933829317
"chr9:128178490:128178709:clu_51698:ENSG00000148337.20",0.00418828902602137,0.0049266515616463,0.395253408377089
"chr9:128239996:128242232:clu_51707:ENSG00000106976.20",0.00129510381535019,0.00400368203351504,0.746333122703127
"chr9:129141918:129142445:clu_51828:ENSG00000119383.19",-0.00796467762565058,0.00432317318830384,0.0654280449639654
"chr9:128239779:128239985:clu_51707:ENSG00000106976.20",-0.000946739832345192,0.00371530064922471,0.798860688484678
"chr9:128177763:128178369:clu_51698:ENSG00000148337.20",-0.00494367574810026,0.00455986136235989,0.278288375235551
"chr9:128234107:128234816:clu_51706:ENSG00000106976.20",0.00777420822440173,0.00499182889258556,0.119378687750738
"chr9:128431303:128434102:clu_51730:ENSG00000167123.18",0.00655926946919193,0.00420177838908015,0.118507276005942
"chr9:128627942:128629125:clu_51749:ENSG00000197694.15",0.0154587366077664,0.00981580171291607,0.11528351546053
"chr9:129332473:129333975:clu_51832:ENSG00000233901.5",0.00268032525994563,0.0044363602581466,0.545729203127671
"chr9:129142552:129147387:clu_51829:ENSG00000119383.19",-0.000333779912945834,0.00300410793971476,0.911530840096217
"chr9:128940715:128941445:clu_51794:ENSG00000175287.18",0.00675068959142222,0.00288425117819499,0.0192561556093783
"chr9:128927196:128936448:clu_51793:ENSG00000175287.18",-0.0115999788587848,0.00413388452271775,0.00501494383026468
"chr9:129120610:129128985:clu_51827:ENSG00000119383.19",0.0101683552287898,0.00367015373551672,0.00559612019990852
"chr9:128434613:128435653:clu_51730:ENSG00000167123.18",-0.00670287253917404,0.00426640835564473,0.116163866155216
"chr9:128629187:128630321:clu_51749:ENSG00000197694.15",0.0139911189965058,0.00722296649293908,0.0527414019703936
"chr9:128936645:128940369:clu_51794:ENSG00000175287.18",0.00933295933598029,0.00357356322640771,0.00901018085406857
"chr9:128240532:128242232:clu_51707:ENSG00000106976.20",0.0010619738636802,0.00439470019252744,0.809052334454786
"chr9:129908999:129924960:clu_51859:ENSG00000187239.16",0.000274110788534686,0.00343120062872489,0.936326558152681
"chr9:128258570:128259007:clu_51712:ENSG00000167110.17",0.0140265524148386,0.00544450375793749,0.00998704648075033
"chr9:128825049:128826022:clu_51784:ENSG00000198917.12",-0.00128724612307609,0.00387473098238958,0.739726456237972
"chr9:14102510:14112999:clu_50219:ENSG00000147862.15",0.0047756122647864,0.00318768127156251,0.134095295960168
"chr9:14619682:14622541:clu_50225:ENSG00000175893.11",-0.00159517544949161,0.00299767643291392,0.594630903630366
"chr9:97645732:97647492:clu_51116:ENSG00000136937.12",-0.00198290435525937,0.00436086831990443,0.649322188481995
"chr9:97645224:97645611:clu_51116:ENSG00000136937.12",0.00113191931517366,0.00465593369977393,0.807917643514426
"chr9:98005153:98011271:clu_51126:ENSG00000136938.8",0.0109358163064632,0.00431285119077881,0.011224366508479
"chr9:98781645:98782467:clu_51145:ENSG00000165138.17",-0.00614260158247267,0.00366989322301537,0.0941734316817857
"chr9:75078582:75083087:clu_50758:ENSG00000106733.20",-0.0014252162832376,0.00291146031723854,0.624474029246381
"chr9:134136200:134139820:clu_52091:ENSG00000196363.9",-0.00156279375888594,0.00289809987237109,0.589715934674752
"chr9:135945250:135945889:clu_52151:ENSG00000130560.8",-0.000364415814482436,0.00281985555829226,0.897174008553986
"chr9:134135842:134139820:clu_52091:ENSG00000196363.9",0.000513210073238649,0.00307289268867129,0.867360576302708
"chr9:134050588:134051562:clu_52088:ENSG00000169925.16",0.0069823314712037,0.00321620640428847,0.029932409437269
"chr9:135096019:135097781:clu_52126:ENSG00000130558.19",-0.00280496264729778,0.00266417399183515,0.292411971362809
"chr9:134053590:134067945:clu_52089:ENSG00000169925.16",-0.00141274165145061,0.00248807360969394,0.5701671071773
"chr9:135501973:135502069:clu_52135:ENSG00000122140.10",-0.000290329409299489,0.00281226933550949,0.917775112109107
"chr9:134763737:134765681:clu_52106:ENSG00000130635.15",0.000588273173531323,0.00225640812527619,0.794314441016492
"chr9:134049757:134050374:clu_52087:ENSG00000169925.16",-0.00533123240210414,0.00369930226831342,0.149543613192123
"chr9:135480022:135482683:clu_52129:ENSG00000196422.10",-0.00061626889964274,0.00251941683322457,0.806760157550076
"chr9:95506599:95508161:clu_51054:ENSG00000185920.15",0.004128109729574,0.00400820876166305,0.303050447118153
"chr9:96343996:96360154:clu_51076:ENSG00000130958.11",0.00344805187379363,0.00493805092583053,0.485013541646298
"chr9:96465778:96466944:clu_51079:ENSG00000130956.13",0.00329028811561744,0.00447638442608145,0.462319690323844
"chr9:96760474:96763118:clu_51088:ENSG00000081386.12",-0.00194904082433076,0.00481455470262263,0.685607873685869
"chr9:75069122:75069742:clu_50757:ENSG00000106733.20",0.00419575237603843,0.00303467905369263,0.16678703182968
"chr9:75137616:75146683:clu_50761:ENSG00000134996.11",-0.000690593147552004,0.00263319026967089,0.793117289724369
"chr9:75080941:75083087:clu_50758:ENSG00000106733.20",0.00057384136523839,0.00347754203654386,0.868933360244706
"chr9:76107351:76134109:clu_50765:ENSG00000099139.13",-0.00534304466223298,0.00296991175251534,0.0720094444552533
"chr9:75069102:75069895:clu_50757:ENSG00000106733.20",-0.00158578692663977,0.0021889676335148,0.468792506072472
"chr9:75087868:75088008:clu_50759:ENSG00000106733.20",-0.0017741129861718,0.00286561808035244,0.535848452932787
"chr9:4635399:4661899:clu_50125:ENSG00000106686.16",0.00762996925660087,0.00282680049692859,0.00695160450050547
"chr9:5436694:5437789:clu_50144:ENSG00000107020.9",-0.000128321659475178,0.00311194019729256,0.967108345091039
"chr9:5436694:5437632:clu_50144:ENSG00000107020.9",0.00491607206196635,0.00364536056909804,0.177470876242589
"chr9:110386074:110387285:clu_51264:ENSG00000165124.17",0.00598538255921009,0.00458460799397325,0.191709522875767
"chr9:15889101:15920270:clu_50244:ENSG00000164989.16",-0.00902702989965123,0.00326914400960645,0.0057574864319031
"chr9:136791424:136791626:clu_52241:ENSG00000244187.7",0.00549632042222305,0.00362911975852338,0.129897778556047
"chr9:136546371:136547842:clu_52217:ENSG00000237886.1",0.000329897378873541,0.00261873219213436,0.899750930820793
"chr9:136218808:136218994:clu_52157:ENSG00000165661.16",-0.00753173649664438,0.0021080800670221,0.000353192164293414
"chr9:136414647:136416291:clu_52187:ENSG00000165688.11",0.00340345964066564,0.00258631596239412,0.188191195056295
"chr9:136547680:136547839:clu_52217:ENSG00000237886.1",0.00533430655046383,0.0028238423601926,0.0588885863315574
"chr9:135925187:135938222:clu_52148:ENSG00000130560.8",0.00705573538603926,0.00350733392705285,0.0442506165558658
"chr9:136412892:136414553:clu_52187:ENSG00000165688.11",-0.00399923427235412,0.00270844210015357,0.139787975250393
"chr9:136409067:136410090:clu_52185:ENSG00000165689.16",0.00215741999564479,0.00256805928413782,0.400853762936436
"chr9:136419106:136421832:clu_52189:ENSG00000165688.11",-0.00512958420799882,0.00318836252557609,0.107650025644176
"chr9:136416391:136416951:clu_52188:ENSG00000165688.11",0.00137833949583667,0.00309532543352972,0.656105050091289
"chr9:135939759:135942162:clu_52150:ENSG00000130560.8",0.00131658284125184,0.00260092554034357,0.612717784496326
"chr9:136670330:136671926:clu_52225:ENSG00000172889.15",0.000185371173654063,0.00394078874192622,0.962482061081835
"chr9:136416391:136417000:clu_52188:ENSG00000165688.11",-0.00112283653072689,0.00305292483651143,0.713029507267201
"chr9:136670009:136670169:clu_52225:ENSG00000172889.15",-0.00127642700860773,0.00330239298496865,0.699114716339608
"chr9:136807066:136807572:clu_52245:ENSG00000196642.18",-0.00168380354165855,0.00459683585811525,0.714144059174859
"chr9:136807066:136807572:clu_52245:ENSG00000213213.13",-0.00168380354165855,0.00459683585811525,0.714144059174859
"chr9:129835499:129849813:clu_51849:ENSG00000136878.12",-0.00508540658214125,0.00283032316179068,0.0723740019066306
"chr9:131082161:131085524:clu_51911:ENSG00000050555.17",-0.00899007299770055,0.00371607918153438,0.015553140547272
"chr9:129828252:129829236:clu_51847:ENSG00000136819.15",-0.0167066089239059,0.00206879702262025,6.66133814775094e-16
"chr9:129498511:129502397:clu_51836:ENSG00000204054.13",0.000994223643718545,0.00327294271697135,0.761302696802194
"chr9:129283058:129285510:clu_51831:ENSG00000224307.1",0.00822775017007785,0.0033441108290388,0.0138793820249025
"chr9:130609987:130612456:clu_51899:ENSG00000107164.15",0.00144578490631946,0.00253347448067817,0.568221478484471
"chr9:129915980:129918911:clu_51859:ENSG00000187239.16",-0.00368857039678185,0.00341974346588193,0.280761504555365
"chr9:5791282:5797817:clu_50158:ENSG00000099219.13",0.00971472939755641,0.00380835313296421,0.0107445037160152
"chr9:5805217:5805611:clu_50159:ENSG00000099219.13",0.00369559272009345,0.00313342712979399,0.238235281653139
"chr9:3828408:3829310:clu_50113:ENSG00000107249.21",-0.00153773980431068,0.00259398663766592,0.553308679537923
"chr9:5787593:5797817:clu_50158:ENSG00000099219.13",-0.00357574334633889,0.00336181564268452,0.287494273999744
"chr9:5431983:5436569:clu_50143:ENSG00000107020.9",-0.00661532691193938,0.00332013181977146,0.0463174050816431
"chr9:69383759:69383947:clu_50707:ENSG00000135063.17",0.0111881445239422,0.0052218313716779,0.0321475609427974
"chr9:68991257:69008447:clu_50694:ENSG00000107242.17",-0.005443341613683,0.0035002493572536,0.11991519092904
"chr9:68940790:68991140:clu_50694:ENSG00000107242.17",0.00463271010510788,0.00343439925410819,0.17736450953494
"chr9:70388005:70412859:clu_50725:ENSG00000119138.4",0.00165400511004916,0.00387716025907196,0.66966909247234
"chr9:133455603:133456069:clu_52054:ENSG00000160323.18",0.00285492089231792,0.00278119897885401,0.304652551940697
"chr9:133411073:133414665:clu_52044:ENSG00000148300.11",-0.00316417516489213,0.00259541306882126,0.222790581154828
"chr9:133537547:133538349:clu_52063:ENSG00000197859.9",-0.00130869493371617,0.00310154869493804,0.673062346027219
"chr9:133555930:133561198:clu_52067:ENSG00000197859.9",-0.00963865413908339,0.00383140932200982,0.0118798215021011
"chr9:133156065:133161467:clu_52024:ENSG00000148288.11",-6.85597388700938e-05,0.00287516642851794,0.980975858310881
"chr9:133443561:133444863:clu_52052:ENSG00000160323.18",0.00125390660849809,0.00309683297353455,0.685551270582401
"chr9:5805785:5810011:clu_50159:ENSG00000099219.13",0.00466245399843397,0.00289385278439816,0.10714529439591
"chr9:5969436:5988345:clu_50170:ENSG00000183354.11",0.00152173355523988,0.00356379249793483,0.669380521546772
"chr9:6251265:6252866:clu_50172:ENSG00000137033.11",-0.00078948320349477,0.00308883659507957,0.798265576209344
"chr9:6252991:6253552:clu_50172:ENSG00000137033.11",0.00427822359199061,0.00379002084204832,0.258976861578715
"chr9:129334198:129338792:clu_51832:ENSG00000233901.5",0.0126367875953698,0.00397456821292508,0.0014757446263175
"chr9:128431303:128435653:clu_51730:ENSG00000167123.18",0.00195222301145679,0.00317034887701406,0.538042731411579
"chr9:128325281:128325779:clu_51718:ENSG00000167113.10",-0.00751411623761917,0.0040992696613793,0.0667969500699166
"chr9:129334198:129338792:clu_51832:ENSG00000179082.3",0.0128160819075005,0.00396470484798453,0.00122693343545399
"chr9:128609284:128611714:clu_51745:ENSG00000197694.15",0.0263180047376414,0.00746057474039379,0.000419328070696556
"chr9:128842801:128845353:clu_51788:ENSG00000171097.13",-0.00356706968683751,0.00384784194488288,0.353910314901002
"chr9:128940497:128940599:clu_51794:ENSG00000175287.18",-2.05104871968494e-05,0.00323189600785019,0.994936442515682
"chr9:127808705:127808800:clu_51656:ENSG00000136877.14",0.0113512114655388,0.00417183954723396,0.00651019395475416
"chr9:128936645:128937757:clu_51794:ENSG00000175287.18",-0.00165172362208419,0.00305585171375377,0.588844190543025
"chr9:128804119:128805922:clu_51777:ENSG00000107021.15",-0.00124775880160067,0.0041035980932741,0.761078696465863
"chr9:127943237:127944615:clu_51680:ENSG00000167106.11",0.00709129400672478,0.00451330020674166,0.116136368751036
"chr9:129009346:129009771:clu_51802:ENSG00000148341.17",0.0044697878180258,0.00516821159684114,0.387114749025504
"chr9:128940497:128941445:clu_51794:ENSG00000175287.18",-0.00947616943493534,0.00326079348606417,0.00365972546985116
"chr9:128927196:128927401:clu_51793:ENSG00000175287.18",0.00656369369522604,0.00328517488956638,0.045719489519731
"chr9:128167164:128167539:clu_51696:ENSG00000148337.20",0.00704876727359225,0.00537665635427105,0.189859598874892
"chr9:128609665:128611714:clu_51745:ENSG00000197694.15",-0.015887191616872,0.00645698482218829,0.0138756718680557
"chr9:129336988:129338792:clu_51832:ENSG00000233901.5",-0.00220698770622066,0.00385661772672735,0.567145906569945
"chr9:129336988:129338792:clu_51832:ENSG00000179082.3",-0.00220698770622066,0.00385661772672735,0.567145906569945
"chr9:129069129:129069849:clu_51819:ENSG00000148343.18",0.000609901176898383,0.00405297429559162,0.880384059179185
"chr9:127826672:127827045:clu_51665:ENSG00000106991.13",0.00942251288559237,0.0044950441281188,0.0360644256532652
"chr9:128424614:128428302:clu_51729:ENSG00000167123.18",-0.00453373122303329,0.00387626047026772,0.242156059366608
"chr9:128720239:128720394:clu_51763:ENSG00000160447.6",-0.00335338410963914,0.00377477888208122,0.374344065771888
"chr9:128627498:128630321:clu_51749:ENSG00000197694.15",0.0123404044974291,0.00563746063307933,0.0285967991274918
"chr9:128882250:128886015:clu_51790:ENSG00000136802.11",0.00176836085242984,0.00358455905563337,0.621781339345039
"chr9:128323147:128323283:clu_51718:ENSG00000167113.10",0.00250791129385762,0.00769217228896999,0.744398474335189
"chr9:128663400:128684366:clu_51754:ENSG00000119333.11",-0.00186411646982356,0.00471065648376461,0.692309174064355
"chr9:127452084:127453479:clu_51620:ENSG00000148356.13",0.00420822953665838,0.0046408359924727,0.364521749187772
"chr9:128268160:128268420:clu_51715:ENSG00000167110.17",0.00460300232203331,0.00391032851367536,0.239139814095208
"chr9:127872853:127873026:clu_51667:ENSG00000106992.17",0.000591449002854774,0.00547759828169459,0.914014751719415
"chr9:127826672:127829687:clu_51665:ENSG00000106991.13",-0.0076512184996728,0.00411428703440755,0.0629321487659481
"chr9:127452084:127454496:clu_51620:ENSG00000148356.13",-0.00403723856551711,0.00418619002395393,0.334836215234551
"chr9:128823863:128824072:clu_51782:ENSG00000198917.12",-9.18977250367252e-05,0.00296596707296797,0.975282245585031
"chr9:127808311:127808800:clu_51656:ENSG00000136877.14",0.00917677196107256,0.00682327757143107,0.178650621587138
"chr9:128663400:128684366:clu_51754:ENSG00000234705.1",-0.000874095901173362,0.00476464916436101,0.854441487205372
"chr9:125797465:125800778:clu_51590:ENSG00000167081.16",-0.0102083176029375,0.00406320753656747,0.0119920195159874
"chr9:127224691:127243079:clu_51607:ENSG00000136895.18",0.0118159654564466,0.00366376944645001,0.00125935563787383
"chr9:126421948:126481369:clu_51595:ENSG00000196814.14",-0.000281668009790165,0.00316162287763382,0.929010629059527
"chr9:127225403:127243079:clu_51607:ENSG00000136895.18",-0.00121377774507628,0.00430512479607114,0.777991145513876
"chr9:125506417:125543059:clu_51586:ENSG00000119487.16",0.00114355126359614,0.00452527324480337,0.800497534966342
"chr9:121075067:121080306:clu_51458:ENSG00000119397.16",0.000210977059051854,0.00445997869429197,0.962270542170929
"chr9:121025580:121025661:clu_51456:ENSG00000106804.7",0.0133318311372499,0.00462175600860381,0.00391934495673729
"chr9:120861174:120862588:clu_51441:ENSG00000119403.13",0.00616169509412696,0.00354162311689612,0.0818951743467002
"chr9:127365366:127383438:clu_51611:ENSG00000136895.18",-0.00633105673569876,0.0046811368484167,0.176227769864168
"chr9:128720283:128720394:clu_51763:ENSG00000160447.6",0.00139209465977884,0.00334490545877917,0.677275689137406
"chr9:127461257:127462252:clu_51625:ENSG00000148356.13",-0.0043311257973307,0.00574371678276948,0.450811237634987
"chr9:127803404:127804285:clu_51652:ENSG00000136877.14",-0.00192168063205064,0.00448174640022729,0.668083755486543
"chr9:127874649:127879514:clu_51669:ENSG00000106992.17",0.0131495847476911,0.00559610558966227,0.0187848007224057
"chr9:127487763:127489444:clu_51627:ENSG00000148356.13",-0.0025748126949004,0.00390735317758556,0.5099176347624
"chr9:128822833:128824072:clu_51782:ENSG00000198917.12",-0.00890368983009883,0.00463633972587806,0.0548056779568281
"chr9:127935780:127936553:clu_51678:ENSG00000167103.11",0.00889387643201286,0.0035129362682212,0.0113494875521386
"chr9:127364776:127365300:clu_51611:ENSG00000136895.18",0.000237070576993929,0.00389366303158949,0.951449792627358
"chr9:128198367:128199920:clu_51703:ENSG00000148337.20",0.0023469427616317,0.00450214466134793,0.602161707411206
"chr9:127402753:127403738:clu_51615:ENSG00000136856.17",0.00443704464615714,0.00302418928730059,0.142325782432998
"chr9:127935780:127936553:clu_51678:ENSG00000136908.17",0.00889387643201286,0.0035129362682212,0.0113494875521386
"chr9:109410415:109420424:clu_51256:ENSG00000070159.13",-0.000505616795789555,0.00451816235500308,0.910896654695825
"chr9:71698204:71700642:clu_50731:ENSG00000135048.13",0.00307757071133525,0.00439051207399992,0.483328352515134
"chr9:71947112:71971505:clu_50738:ENSG00000155621.14",-0.00227443834937907,0.00396735795665619,0.566449770318756
"chr9:85941874:85942155:clu_50865:ENSG00000135040.15",-0.0104739497616746,0.00349058951308796,0.00269426244720594
"chr9:86324524:86325334:clu_50887:ENSG00000083223.17",0.00115396330535673,0.00400194583099402,0.77307841162393
"chr9:75069813:75069895:clu_50757:ENSG00000106733.20",0.000331102654083501,0.00206629778443901,0.872692365233571
"chr9:75070042:75077159:clu_50757:ENSG00000106733.20",-0.00353452340144768,0.00216213588891457,0.102104205685736
"chr9:76181591:76184673:clu_50767:ENSG00000099139.13",0.0102420938018793,0.00316052126633966,0.00119264053945323
"chr9:120865830:120866028:clu_51442:ENSG00000119403.13",-0.000642048695829034,0.00459019494753667,0.888759584284419
"chr9:121080478:121088296:clu_51458:ENSG00000119397.16",0.0100280176421174,0.00365687575340575,0.00610224146221638
"chr9:121354673:121356053:clu_51478:ENSG00000148175.12",0.00442679654473393,0.00447175005819014,0.322199916874992
"chr9:122169756:122174496:clu_51495:ENSG00000185681.12",-0.00571892568203647,0.0048312064140245,0.236513262099457
"chr9:122251973:122261380:clu_51501:ENSG00000119446.13",-0.00191187719304755,0.00447640837734828,0.669305976357758
"chr9:122247604:122251847:clu_51500:ENSG00000119446.13",-0.00615652503479422,0.00367550960667115,0.0939317524690517
"chr9:121567228:121678678:clu_51482:ENSG00000136848.16",0.00216654042945984,0.0041966636154566,0.605677676527176
"chr9:14113081:14116181:clu_50219:ENSG00000147862.15",-0.00261527086405761,0.00317382590481437,0.409932697940456
"chr9:99132739:99137859:clu_51156:ENSG00000106799.12",-0.00234894390030926,0.00357674817454025,0.511357045305852
"chr9:72363606:72364696:clu_50742:ENSG00000107372.12",-0.00304291962633412,0.00430611248678318,0.479783252660619
"chr9:83867860:83870519:clu_50833:ENSG00000165115.14",-0.00339971642824355,0.00332726244567965,0.306886999876931
"chr9:83970804:83970897:clu_50841:ENSG00000165119.20",0.000833755864944054,0.0040957108451554,0.8386910636919
"chr9:115042341:115073603:clu_51400:ENSG00000041982.15",-0.00341551421368202,0.00395334133719104,0.387611888875725
"chr9:115063189:115063796:clu_51400:ENSG00000041982.15",0.0031300162914152,0.00326327157398282,0.337475565797031
"chr9:18829977:18859158:clu_50267:ENSG00000178031.16",0.00585637556163304,0.00378370423272036,0.121673120322449
"chr9:19369987:19372037:clu_50282:ENSG00000137145.20",0.00996791190424197,0.00455736858772615,0.0287273612348069
"chr9:19316839:19324362:clu_50277:ENSG00000137145.20",0.00188002254672345,0.00291335439026134,0.51872501812516
"chr9:19376651:19378393:clu_50273:ENSG00000137154.12",-0.0109056851336145,0.00386985660204612,0.00483071191912698
"chr9:19063580:19070219:clu_50269:ENSG00000147874.10",0.00487408936250095,0.00320721047450162,0.128579210023363
"chr9:75077580:75078326:clu_50758:ENSG00000106733.20",-0.00695978381213142,0.00415978813136065,0.09430561056053
"chr9:76459305:76500916:clu_50769:ENSG00000187210.12",0.000332865271934529,0.00282672007256404,0.906260426719256
"chr9:128494668:128496041:clu_51737:ENSG00000136811.16",-0.00914557734874832,0.00386405162553569,0.0179408701136553
"chr9:17143376:17226203:clu_50250:ENSG00000044459.14",0.000161967082662793,0.00334055852252208,0.961329694147745
"chr9:96972948:97013259:clu_51094:ENSG00000196312.12",0.00821787742219683,0.00488807898477273,0.0927225229997863
"chr9:96958897:96972853:clu_51094:ENSG00000196312.12",0.000740340379052728,0.00457119886662839,0.871339246457031
"chr9:110875722:110941421:clu_51266:ENSG00000198121.13",0.00126106580436973,0.00311401115418856,0.685503172749032
"chr9:121326792:121327308:clu_51477:ENSG00000148180.19",0.00950021612006741,0.0042851048803575,0.0266208813429353
"chr9:121763879:121766494:clu_51485:ENSG00000136848.16",0.00953505421176497,0.00398841998598938,0.0168169929663891
"chr9:121467931:121479066:clu_51481:ENSG00000204136.10",-0.00807246409342407,0.0039208968301315,0.0395104271599177
"chr9:122242043:122245256:clu_51499:ENSG00000119446.13",-0.00100995397625281,0.00365407819609255,0.782247842213881
"chr9:121773495:121774260:clu_51488:ENSG00000136848.16",-0.00165026456340622,0.00318181861563582,0.604001691874455
"chr9:121743714:121757013:clu_51483:ENSG00000136848.16",0.00313524404808107,0.00481072182275658,0.514581761507
"chr9:92535982:92536601:clu_50982:ENSG00000106823.12",-0.00366995797843713,0.00466454940476155,0.431412696954813
"chr9:93675022:93675680:clu_51026:ENSG00000197724.10",0.00621362663871339,0.00426159950239976,0.144826665715473
"chr9:93663635:93665686:clu_51023:ENSG00000197724.10",0.001229900408459,0.00451727357146613,0.785417428631461
"chr9:93666060:93667077:clu_51024:ENSG00000197724.10",-0.000722651154843429,0.00333992739735003,0.828701434315476
"chr9:92522893:92535933:clu_50982:ENSG00000106823.12",0.00432494032223528,0.00383346651512667,0.259232886625313
"chr9:93107816:93110568:clu_50997:ENSG00000165233.17",-0.00373980063350381,0.00406394023359552,0.357447320561461
"chr9:93666060:93667080:clu_51024:ENSG00000197724.10",0.00193162812904332,0.00354771977614879,0.586117865676169
"chr9:136853907:136853992:clu_52269:ENSG00000177943.13",0.0016655747318539,0.00308234584715642,0.588949161200584
"chr9:137106809:137107275:clu_52335:ENSG00000177239.14",-0.00134405584420195,0.00297676243231463,0.651617701392479
"chr9:136676680:136676961:clu_52229:ENSG00000169692.12",0.00215097639610749,0.00315402004263218,0.495252037004571
"chr9:137077821:137078502:clu_52325:ENSG00000197355.10",-0.00341563678775258,0.00405496569259146,0.399600843183157
"chr9:137453180:137454391:clu_52425:ENSG00000165802.21",0.0163543165171058,0.00601572276058255,0.00655597374325678
"chr9:136792358:136799102:clu_52242:ENSG00000244187.7",-0.00954526296679667,0.00428797685612205,0.0260106437211847
"chr9:137463531:137464126:clu_52434:ENSG00000130653.15",0.00696567984565256,0.00443623259260014,0.116373442750294
"chr9:137077821:137078050:clu_52325:ENSG00000197355.10",0.00586641867368857,0.00275588627389889,0.0332801834613168
"chr9:137017692:137017787:clu_52311:ENSG00000107331.16",0.000329616358058824,0.0028910535883563,0.909227854107283
"chr9:136993243:136993343:clu_52300:ENSG00000148362.10",-0.0039625864577032,0.0029816382620478,0.183849164074939
"chr9:137216017:137216094:clu_52376:ENSG00000188566.13",-0.00065116343136422,0.00316783785940195,0.837138896516682
"chr9:137816062:137817395:clu_52474:ENSG00000181090.19",0.00359404246981328,0.00486329144877096,0.459898246117035
"chr9:136850137:136850503:clu_52266:ENSG00000054148.17",-0.00709956414911501,0.00323515970354233,0.0281993467759166
"chr9:136993664:136993766:clu_52301:ENSG00000148362.10",-0.00884624733265089,0.0027190671225454,0.00114027782532522
"chr9:136832370:136835742:clu_52252:ENSG00000196642.18",-0.00318908327906189,0.00427613206923361,0.455796154744812
"chr9:137106809:137107250:clu_52335:ENSG00000177239.14",0.000513059687851711,0.0030827004178953,0.867817071408458
"chr9:136792358:136799102:clu_52242:ENSG00000213213.13",-0.00954526296679667,0.00428797685612205,0.0260106437211847
"chr9:137366361:137366493:clu_52406:ENSG00000187609.15",0.00148740556613722,0.00345437461847691,0.666769376962935
"chr9:137017604:137017787:clu_52311:ENSG00000107331.16",0.00444626846324784,0.00357408167248018,0.213488147048312
"chr9:136792358:136792819:clu_52242:ENSG00000213213.13",0.00880824449327663,0.00390247127880841,0.0240022019701965
"chr9:136993664:136993770:clu_52301:ENSG00000148362.10",0.00934012039480519,0.00278949510386125,0.000813032702398298
"chr9:136993243:136993349:clu_52300:ENSG00000148362.10",0.0034261837512126,0.00302969250496625,0.258110452598258
"chr9:137816062:137817439:clu_52474:ENSG00000181090.19",-0.00172938650403703,0.00474536473209491,0.715531707634629
"chr9:137515519:137519917:clu_52447:ENSG00000130653.15",0.000273640755612456,0.00348777403556521,0.937464427012996
"chr9:136806537:136806829:clu_52246:ENSG00000228544.1",-0.00243770645824318,0.00333972248681068,0.46544343890759
"chr9:137183791:137184910:clu_52362:ENSG00000176248.8",0.0101014258915665,0.0037231190317689,0.00666444732891869
"chr9:137354377:137354700:clu_52405:ENSG00000187609.15",0.0050933543383184,0.00278661804651724,0.067580980906354
"chr9:136792358:136792819:clu_52242:ENSG00000244187.7",0.00880824449327663,0.00390247127880841,0.0240022019701965
"chr9:7798637:7799461:clu_50192:ENSG00000137038.7",-0.00410223770386748,0.00245389541840564,0.0945786114189695
"chr9:7798637:7799547:clu_50192:ENSG00000137038.7",-0.000536026478913357,0.00262099056147053,0.837952682973995
"chr9:70344269:70346605:clu_50722:ENSG00000198887.8",-0.00159303891325845,0.00371396936248737,0.667972984737544
"chr9:70346649:70347066:clu_50722:ENSG00000198887.8",0.00396336151432565,0.00450796778468541,0.379298107101668
"chr9:7077733:7103685:clu_50189:ENSG00000107077.18",0.00303808494282748,0.00377430255371212,0.42085463386511
"chr9:131488096:131491422:clu_51937:ENSG00000130723.18",-0.000437135114728393,0.00305827216284251,0.886341262475109
"chr9:131394263:131430094:clu_51927:ENSG00000130723.18",0.00807957764402864,0.00376752946102983,0.0319904934091999
"chr9:133066660:133066838:clu_52013:ENSG00000170835.14",-0.00779181481516059,0.0036498811612129,0.0327762641605612
"chr9:131488096:131491425:clu_51937:ENSG00000130723.18",-0.00487677470355189,0.00363752884414788,0.180023251647244
"chr9:132230595:132239104:clu_51968:ENSG00000196358.10",0.00578856036616336,0.00411444920027248,0.159461239674602
"chr9:2161903:2170419:clu_50089:ENSG00000080503.22",-0.000147219246783508,0.0026898270328175,0.956352083765438
"chr9:33956146:33960826:clu_50408:ENSG00000137073.21",-0.00614324726922896,0.00475404939014113,0.196283183726275
"chr9:32973688:32974458:clu_50360:ENSG00000137074.18",0.0041332565883393,0.00461564318392126,0.370525871984226
"chr9:34646786:34647121:clu_50433:ENSG00000213930.11",0.00551356908537693,0.00546380852761265,0.312923176123598
"chr9:33025383:33026475:clu_50364:ENSG00000086061.15",-0.0218706551469609,0.0049032883344397,8.1804654682438e-06
"chr9:34635858:34636997:clu_50432:ENSG00000147955.16",0.0130213882702347,0.00440777601709197,0.00313495441988332
"chr9:34681217:34682180:clu_50442:ENSG00000230074.1",-0.0136808890018197,0.00544641453560785,0.0120080591432971
"chr9:33347942:33351560:clu_50377:ENSG00000086102.18",0.0161548395615001,0.0059194498972365,0.00635052025622596
"chr9:32973652:32974458:clu_50360:ENSG00000137074.18",-0.00109675138710189,0.00450131675701803,0.807500944006034
"chr9:34678268:34680906:clu_50442:ENSG00000230074.1",-0.0092433547523642,0.00505011983809538,0.0672015280453478
"chr9:33467516:33467691:clu_50390:ENSG00000165271.16",0.00883491932540679,0.00345473657818341,0.01054775351959
"chr9:76638288:76641972:clu_50773:ENSG00000106772.17",-0.00351741727322318,0.00289008537317786,0.223580075921137
"chr9:76764555:76783705:clu_50777:ENSG00000225937.1",-0.00242466433075206,0.00286007136608498,0.396569651555239
"chr9:76614600:76629192:clu_50772:ENSG00000106772.17",0.00276337083767061,0.00450003750220811,0.539164253932397
"chr9:76854208:76905928:clu_50778:ENSG00000106772.17",-0.00158948977623581,0.00395368871318488,0.687664125221718
"chr9:77382087:77389951:clu_50787:ENSG00000197969.11",-0.00277199568721666,0.00334052520745239,0.40664715301539
"chr9:83974589:83976995:clu_50843:ENSG00000165119.20",0.00328957606430128,0.00373603144777694,0.378588450890419
"chr9:85575475:85578920:clu_50850:ENSG00000135049.15",0.0032666451941654,0.00463042779978507,0.480515471573715
"chr9:85633374:85642827:clu_50852:ENSG00000135049.15",-0.00273603897004505,0.00394003273901273,0.487418626394332
"chr9:85829606:85837759:clu_50862:ENSG00000165121.11",0.00422086692178732,0.00408492284041294,0.301473130335415
"chr9:20953065:20976420:clu_50300:ENSG00000188352.12",-0.00350933742520498,0.00305522460165221,0.250706584106052
"chr9:20953065:20957502:clu_50300:ENSG00000188352.12",0.00437246226854248,0.00330753011481092,0.186177468090923
"chr9:86274242:86282378:clu_50881:ENSG00000135070.14",0.000231045908196939,0.00399411161555943,0.953870792698232
"chr9:86272112:86274189:clu_50880:ENSG00000135070.14",-0.00127085775550318,0.00598700579884194,0.831896915344928
"chr9:87729735:87730381:clu_50902:ENSG00000135047.14",-0.000648615100082345,0.00354272549845389,0.854732387699843
"chr9:87730498:87731008:clu_50902:ENSG00000135047.14",0.00687571036143895,0.0042015688980419,0.10174280702539
"chr9:20819900:20820324:clu_50292:ENSG00000188352.12",0.00487231411036707,0.00330463430322688,0.140377076239235
"chr9:20885230:20907150:clu_50295:ENSG00000188352.12",-0.00391431592565345,0.00352948074966587,0.267415298273578
"chr9:20882056:20885109:clu_50294:ENSG00000188352.12",0.00421448714434578,0.00384969642645769,0.273622536411246
"chr9:97357725:97359986:clu_51101:ENSG00000197816.13",-0.00253478659614858,0.00422617911954601,0.548651462878373
"chr9:83668631:83669185:clu_50823:ENSG00000135018.13",-0.0100256193259188,0.00377434700679976,0.00790143868448356
"chr9:83920212:83920987:clu_50838:ENSG00000165115.14",-0.00443497075742996,0.00346623465194302,0.200728804561026
"chr9:6421142:6433914:clu_50175:ENSG00000147854.16",-0.00390103378894402,0.00318491255022247,0.220632493263653
"chr9:6982765:6984166:clu_50185:ENSG00000107077.18",-0.00166356886983768,0.00262656790113791,0.526497132183064
"chr9:4622510:4625327:clu_50123:ENSG00000106686.16",7.24480675114259e-05,0.00302899170390228,0.980917846891225
"chr9:4583172:4585312:clu_50120:ENSG00000106688.11",-0.00334069734499718,0.00311571193073733,0.283625740631447
"chr9:19376651:19378368:clu_50273:ENSG00000137154.12",0.00701429694583253,0.00396164221860685,0.0766350874504288
"chr9:21802781:21815433:clu_50308:ENSG00000099810.18",0.00268082743519043,0.00387508747614478,0.489056142327308
"chr9:131529038:131529128:clu_51948:ENSG00000130717.12",-0.00202796440477148,0.00299012614779398,0.49763199107695
"chr9:131506220:131506403:clu_51940:ENSG00000130714.15",0.00328569439184413,0.00408980075100713,0.421750855431598
"chr9:131261350:131275857:clu_51925:ENSG00000126882.12",0.000923592380265889,0.00287638781804955,0.748138759202167
"chr9:131529270:131529488:clu_51949:ENSG00000130717.12",0.000466528543509728,0.00314421518888921,0.882045419540698
"chr9:131096863:131111597:clu_51914:ENSG00000126878.12",0.000680786998632215,0.00309152358604493,0.825706956532207
"chr9:131459356:131464763:clu_51930:ENSG00000130723.18",0.00208522844674769,0.00278920761290302,0.454697822939611
"chr9:131525977:131526445:clu_51948:ENSG00000130717.12",-0.00251534965258065,0.00470036928273057,0.592553929573158
"chr9:131075965:131077187:clu_51910:ENSG00000050555.17",-0.00494857393483952,0.00326164031237464,0.129215170763012
"chr9:33177469:33178896:clu_50369:ENSG00000233554.5",-0.0025459778064291,0.0031291044329126,0.415848784646398
"chr9:33467868:33468010:clu_50390:ENSG00000165271.16",-0.00441646850406883,0.00410472485283428,0.281950730118469
"chr9:33900271:33911964:clu_50404:ENSG00000107341.4",-0.0036419061914014,0.00420430164584568,0.386362222056372
"chr9:33912098:33917018:clu_50404:ENSG00000107341.4",0.0109241555410267,0.00344942175978409,0.00154045374295297
"chr9:32988124:32989759:clu_50362:ENSG00000137074.18",-0.00043068973919192,0.0034011842941049,0.899233769991796
"chr9:32987731:32989759:clu_50362:ENSG00000137074.18",-0.00379450052001897,0.00397532862173276,0.339824328428099
"chr9:32558954:32570960:clu_50359:ENSG00000165264.10",0.00587614421856098,0.00463180798357013,0.204565844246204
"chr9:96946356:96949555:clu_51093:ENSG00000196312.12",-0.00273043557261189,0.00512595603975014,0.594263040259515
"chr9:97350555:97354569:clu_51100:ENSG00000197816.13",0.00872913038644804,0.00477631759235987,0.0676117329254001
"chr9:76614600:76615097:clu_50772:ENSG00000106772.17",0.00904047533939929,0.0033681279665174,0.00727199853848159
"chr9:128937944:128941445:clu_51794:ENSG00000175287.18",-0.00877935069756065,0.00276261632210016,0.00148339926621044
"chr9:129059271:129060550:clu_51811:ENSG00000148343.18",-0.00404473977998112,0.00329541181140497,0.219677835562237
"chr9:129489299:129493478:clu_51836:ENSG00000204054.13",0.00611037033592071,0.00342250890369027,0.0742048445207719
"chr9:128663400:128663512:clu_51754:ENSG00000234705.1",0.00839352198598837,0.00561555373360399,0.134994901467348
"chr9:128663400:128663512:clu_51754:ENSG00000119333.11",0.00839352198598837,0.00561555373360399,0.134994901467348
"chr9:128496141:128498413:clu_51737:ENSG00000136811.16",0.00693874774083404,0.00416610377606567,0.0958081678908393
"chr9:129137692:129142445:clu_51828:ENSG00000119383.19",0.0100003137036082,0.00474394199546265,0.0350294582588144
"chr9:128246503:128247375:clu_51708:ENSG00000106976.20",6.21101168195259e-05,0.00494905040931945,0.989986886706027
"chr9:129575598:129580051:clu_51837:ENSG00000227619.1",0.00228739927409553,0.00339807646225001,0.500854842889611
"chr9:129489299:129493416:clu_51836:ENSG00000204054.13",-0.00794644902816356,0.00364276467213162,0.0291513652485871
"chr9:128593042:128594175:clu_51744:ENSG00000197694.15",0.000890013919664481,0.00482182802842776,0.853558327304904
"chr9:128936503:128936583:clu_51794:ENSG00000175287.18",-0.00382649474825281,0.00384149788712342,0.319204253302505
"chr9:128934058:128936448:clu_51793:ENSG00000175287.18",-0.000456632117111715,0.00338650819055569,0.892739464222938
"chr9:129021219:129022282:clu_51808:ENSG00000148341.17",0.00272910656947284,0.00436834715217984,0.532137903395931
"chr9:128627498:128627925:clu_51749:ENSG00000197694.15",0.00398848033688116,0.00468678391843339,0.394766126294384
"chr9:128937778:128941445:clu_51794:ENSG00000175287.18",-0.00814416357216239,0.0028984316356152,0.00495643052939565
"chr9:128937944:128940369:clu_51794:ENSG00000175287.18",-0.00424234501081711,0.00310688893604189,0.172107258806527
"chr9:128927196:128933782:clu_51793:ENSG00000175287.18",0.00165140542902735,0.00312913641185479,0.597672046676158
"chr9:112694233:112701788:clu_51304:ENSG00000148153.13",-0.00887646228588156,0.0039224041244833,0.0236347188116961
"chr9:111666946:111669272:clu_51286:ENSG00000242616.3",0.00394332156000495,0.00313415293810828,0.208327471958777
"chr9:112689617:112694131:clu_51303:ENSG00000148153.13",0.000720531682000472,0.00327870345030248,0.826057167965269
"chr9:113182868:113183751:clu_51316:ENSG00000119321.8",0.00440675789417478,0.00336237728815726,0.189990303261966
"chr9:113182868:113183741:clu_51316:ENSG00000119321.8",-0.00342961205937531,0.0033412997673312,0.304688697964769
"chr9:111666946:111669269:clu_51286:ENSG00000242616.3",-0.00469020033931861,0.00335479794394162,0.1620958087813
"chr9:113221678:113256114:clu_51322:ENSG00000136868.10",-0.0124586308382105,0.00385296979425038,0.00122277446422803
"chr9:112687633:112689527:clu_51303:ENSG00000148153.13",-0.000647265242655523,0.00330526221626323,0.844744236223033
"chr9:127235891:127237153:clu_51607:ENSG00000136895.18",0.000651348845842677,0.00377129443669572,0.862877593909404
"chr9:127389119:127390641:clu_51613:ENSG00000136895.18",-0.0118144930013126,0.00394593300109091,0.00275261428101126
"chr9:127404991:127405420:clu_51617:ENSG00000136856.17",-0.000647435495328049,0.00341251150531859,0.849525375779562
"chr9:2647592:2648208:clu_50100:ENSG00000147852.15",0.000891581281747663,0.00308202419379576,0.772363808292407
"chr9:2648347:2648669:clu_50100:ENSG00000147852.15",0.00115010518971053,0.00320606941240281,0.719798971397197
"chr9:69254097:69254209:clu_50703:ENSG00000119139.17",-0.00522586473587068,0.0052789602163786,0.322202441212722
"chr9:136724000:136725055:clu_52234:ENSG00000233016.6",-0.00683335687787025,0.004401485655875,0.120539895160133
"chr9:136445111:136445645:clu_52198:ENSG00000148396.18",0.00481927532092077,0.00395238428435107,0.222717565883006
"chr9:137113478:137113865:clu_52342:ENSG00000176978.13",0.00108525451052238,0.00377606845555323,0.773803539700448
"chr9:136724939:136725055:clu_52234:ENSG00000233016.6",0.00331399069875497,0.00421006042177712,0.431188273899961
"chr9:137078220:137078502:clu_52325:ENSG00000197355.10",-0.00690783878732358,0.00376986067364781,0.0668939771142205
"chr9:136859317:136859886:clu_52275:ENSG00000177943.13",-0.00941274100525338,0.00368051267992966,0.01054415742337
"chr9:135482815:135483352:clu_52129:ENSG00000196422.10",0.00363216707464368,0.00259555153980608,0.161698580648034
"chr9:136992974:136993053:clu_52299:ENSG00000148362.10",-0.0110336353328632,0.00397098845253927,0.00546001890705561
"chr9:136825826:136827782:clu_52248:ENSG00000196642.18",0.00730232567469997,0.0031788409185006,0.0216092947622616
"chr9:71734994:71740063:clu_50734:ENSG00000135048.13",-4.5836835039396e-05,0.00311093601940776,0.9882443163303
"chr9:71732520:71734806:clu_50734:ENSG00000135048.13",0.00138157843665196,0.00318854409639747,0.66480087506034
"chr9:71867006:71870083:clu_50736:ENSG00000107362.13",-0.0054077031881199,0.00357911143737962,0.130812242293866
"chr9:71870262:71874614:clu_50736:ENSG00000107362.13",0.0059966391812567,0.00371123232319293,0.106135813673659
"chr9:146158:151305:clu_50065:ENSG00000172785.18",0.00234087983997066,0.00367933861394782,0.52463108606296
"chr9:146158:152034:clu_50065:ENSG00000172785.18",0.000980808705079627,0.00365410392874087,0.788381495651638
"chr9:76625058:76629192:clu_50772:ENSG00000106772.17",0.00443526777869682,0.00354834736112526,0.211316680857392
"chr9:78248873:78251908:clu_50793:ENSG00000148019.12",0.00358431010222787,0.00290959437405462,0.217988907661735
"chr9:113174573:113176537:clu_51314:ENSG00000119321.8",-0.00195651416800243,0.00412266678218108,0.63509000152627
"chr9:113174583:113176537:clu_51314:ENSG00000119321.8",0.00171913461602495,0.00391245569670024,0.660371433420062
"chr9:113256043:113256455:clu_51323:ENSG00000176386.8",-0.00109561632333167,0.00358823700829898,0.760110602259739
"chr9:113508580:113514458:clu_51347:ENSG00000138835.22",0.00661717416810908,0.00299093091633173,0.0269381477656591
"chr9:128268524:128273850:clu_51715:ENSG00000167110.17",-0.00211633517259897,0.00709458821812311,0.765472105911204
"chr9:128637027:128640691:clu_51753:ENSG00000119333.11",-0.00303975510594787,0.00348786833088514,0.383469023278336
"chr9:128122479:128122934:clu_51690:ENSG00000148334.14",0.000670267290973579,0.0071058260339343,0.924849845460203
"chr9:128636438:128636918:clu_51753:ENSG00000119333.11",0.00714541545718626,0.00317955041760622,0.0246206237928438
"chr9:128947751:128949189:clu_51796:ENSG00000095319.14",-0.00540655002163464,0.00434020723965521,0.212878457729723
"chr9:128845411:128881897:clu_51789:ENSG00000171097.13",-0.000384235087980421,0.00356739909076153,0.914227842197882
"chr9:129042429:129048427:clu_51809:ENSG00000148343.18",0.00102820591804101,0.00394542315644857,0.794395390495593
"chr9:127873180:127874611:clu_51668:ENSG00000106992.17",0.00173503482890024,0.00479879179256181,0.717683404080905
"chr9:127873061:127874611:clu_51668:ENSG00000106992.17",0.00259181753313825,0.00452561899013596,0.56684850522464
"chr9:128792574:128797055:clu_51776:ENSG00000107021.15",0.00188065489083943,0.00449211821853887,0.675467126092384
"chr9:128755659:128772352:clu_51774:ENSG00000160445.10",-0.00613081003974077,0.00423855139312556,0.148053845133462
"chr9:128272865:128273850:clu_51715:ENSG00000167110.17",-0.00642268122714462,0.00638765287319896,0.314663965622038
"chr9:129498511:129503323:clu_51836:ENSG00000204054.13",-0.0129143034136195,0.00335030289027227,0.000115887055741282
"chr9:129005221:129005303:clu_51806:ENSG00000095319.14",-0.00166215596190121,0.00363035193021811,0.647060343412381
"chr9:128122646:128122934:clu_51690:ENSG00000148334.14",0.00215539350625126,0.0074464253227179,0.772234396736793
"chr9:21818202:21837908:clu_50309:ENSG00000099810.18",-0.0121991753566544,0.00425473583345228,0.00414122208630752
"chr9:71750385:71768357:clu_50735:ENSG00000135048.13",-0.00163139519630391,0.00417682279215181,0.696105631594185
"chr9:108942871:108942961:clu_51244:ENSG00000119326.14",0.00416483109666167,0.00434170526536816,0.337426979990172
"chr9:108896644:108896953:clu_51237:ENSG00000070061.14",0.00507518837325376,0.00380070069430067,0.181768474617433
"chr9:108896644:108896891:clu_51237:ENSG00000070061.14",-0.00511939896867993,0.00387611347229774,0.186582834624419
"chr9:104134575:104138018:clu_51198:ENSG00000136824.18",-0.000860778214973071,0.00344076006825976,0.802455149636349
"chr9:100057859:100060100:clu_51173:ENSG00000023318.7",0.00139765725317002,0.00559378849325492,0.802696549398969
"chr9:111422200:111425418:clu_51276:ENSG00000136813.14",0.00706822681640974,0.00512393239436371,0.167754953244798
"chr9:112409021:112416841:clu_51297:ENSG00000119471.14",-0.00650796655624668,0.00457271860735377,0.154673531604646
"chr9:111597432:111599603:clu_51283:ENSG00000106853.18",0.00224355917120146,0.0032874722519948,0.494949885286026
"chr9:111597432:111599339:clu_51283:ENSG00000106853.18",-0.000516406287909722,0.00310006796835161,0.867701301674471
"chr9:111563231:111564157:clu_51281:ENSG00000106853.18",-0.00955861438784097,0.00465477374580356,0.0400233500066561
"chr9:111418006:111420017:clu_51275:ENSG00000136813.14",0.00643441783794525,0.00378249106117333,0.0889231043647464
"chr9:112409021:112418860:clu_51297:ENSG00000119471.14",-0.00168422687804796,0.0042522679141874,0.692047989295607
"chr9:116863733:116975208:clu_51414:ENSG00000148219.16",-0.00131918629276346,0.00374505632582032,0.724652744112103
"chr9:100126549:100226062:clu_51175:ENSG00000119509.12",0.000740238107399445,0.00409292852734858,0.85647918205832
"chr9:2161903:2181571:clu_50089:ENSG00000080503.22",0.0054620952545515,0.0027767364536738,0.0491726389944108
"chr9:2159909:2161686:clu_50088:ENSG00000080503.22",0.0134915636315637,0.0028808791938932,2.82511957461207e-06
"chr9:13206099:13216774:clu_50215:ENSG00000107186.16",-0.00666478501903882,0.003251394886652,0.0403816763471828
"chr9:13119649:13121746:clu_50204:ENSG00000107186.16",0.00422824301094275,0.00321097986477774,0.187903091125798
"chr9:14116346:14120440:clu_50219:ENSG00000147862.15",-0.000650983451569856,0.0028314700022808,0.818161655267453
"chr9:13119649:13121739:clu_50204:ENSG00000107186.16",-0.00165868977012498,0.00319556919604716,0.603719419721397
"chr9:13216862:13217180:clu_50215:ENSG00000107186.16",0.00513667230483971,0.00348001872353403,0.139931189908789
"chr9:19446418:19450450:clu_50286:ENSG00000177076.5",0.0026434963884642,0.0026028069603391,0.309804230501919
"chr9:101399189:101399884:clu_51192:ENSG00000136870.10",0.00260413146280794,0.00392343895318066,0.506858676280456
"chr9:15472750:15474009:clu_50237:ENSG00000164985.14",0.00421988973750689,0.00580469419677673,0.467238930561118
"chr9:87970645:87970776:clu_50904:ENSG00000156345.17",-0.000859235943359283,0.00360549265441935,0.811638302148932
"chr9:87970630:87970776:clu_50904:ENSG00000156345.17",-0.00333579781655537,0.00313858241671154,0.287856412277195
"chr9:87686739:87697007:clu_50897:ENSG00000196730.12",-0.000372359134836175,0.0031245914531669,0.905140275360824
"chr9:86020969:86021901:clu_50875:ENSG00000135040.15",-2.49978922139781e-05,0.00436041049025154,0.995425815289743
"chr9:86015776:86033282:clu_50864:ENSG00000135052.16",0.00665663028981204,0.00433232927614652,0.124415438187459
"chr9:105722621:105748073:clu_51223:ENSG00000095209.11",-0.00452969076768453,0.00367825697879253,0.218144320828526
"chr9:21016010:21026596:clu_50304:ENSG00000188921.13",0.00464321383389478,0.00414575732228376,0.262717294658269
"chr9:20979820:20981426:clu_50301:ENSG00000188352.12",0.00686905131882202,0.00359810013895154,0.0562521198600876
"chr9:20346574:20353525:clu_50287:ENSG00000171843.15",0.00507447315033825,0.00349945809643899,0.147037888538456
"chr9:20354879:20360742:clu_50287:ENSG00000171843.15",-0.00156020129435454,0.00355760865533991,0.66098518485977
"chr9:86079341:86099411:clu_50877:ENSG00000135052.16",0.00306464715269691,0.00406439905000405,0.450835885701011
"chr9:16419649:16435555:clu_50246:ENSG00000173068.17",0.00236863987394218,0.00339170235482467,0.484950127791899
"chr9:93663026:93663517:clu_51022:ENSG00000197724.10",-0.00420738248218754,0.00555929826723614,0.449158316048953
"chr9:93448489:93450479:clu_51012:ENSG00000188938.15",-0.00736784915264343,0.00384449510046283,0.0553056413485572
"chr9:93317631:93317873:clu_51008:ENSG00000165238.16",-0.0182899749547817,0.00533551439514077,0.000608116151915583
"chr9:93317631:93318028:clu_51008:ENSG00000165238.16",-0.00861071906122987,0.00565145987702183,0.127601817066505
"chr9:130631293:130631557:clu_51903:ENSG00000107164.15",0.000251385417446689,0.00329418549662171,0.939170991648056
"chr9:130349131:130349537:clu_51875:ENSG00000148357.16",-0.00487923997168853,0.002439922902325,0.0455270824731956
"chr9:130372407:130373038:clu_51878:ENSG00000148357.16",0.000722117297983061,0.00284852203370899,0.79987726014559
"chr9:130630788:130631557:clu_51903:ENSG00000107164.15",0.00384103985921426,0.00352413301826596,0.275746285624284
"chr9:130327475:130337894:clu_51873:ENSG00000148357.16",-0.00563554873987544,0.00328631461819733,0.0863720555513791
"chr9:130406168:130407571:clu_51887:ENSG00000148357.16",0.00135585435594077,0.00351980181766935,0.700083624544989
"chr9:130348675:130348984:clu_51875:ENSG00000148357.16",0.00454351934414848,0.00232274586322208,0.0504535698225339
"chr9:124900547:124908377:clu_51563:ENSG00000136935.13",0.00787890342241751,0.00466898064801874,0.0915073084006536
"chr9:6215852:6241684:clu_50171:ENSG00000137033.11",-0.000424761816487004,0.0028383183876013,0.881038681573186
"chr9:7105500:7128066:clu_50190:ENSG00000107077.18",-0.000676827132615478,0.00340291200005082,0.842343742816667
"chr9:6497360:6498018:clu_50179:ENSG00000147854.16",-0.0010475405104227,0.00280343529988077,0.708654932514504
"chr9:6482099:6486821:clu_50176:ENSG00000147854.16",-0.00239056216961166,0.00274320965509406,0.383510063933036
"chr9:6484686:6486821:clu_50176:ENSG00000147854.16",0.00316188361327333,0.00343850592128247,0.35780713036914
"chr9:6805774:6814631:clu_50182:ENSG00000107077.18",0.000362755545346676,0.00364113773019582,0.920640475725435
"chr9:5914062:5920544:clu_50167:ENSG00000183354.11",0.0119715957637978,0.00360263132035736,0.000890503166490308
"chr9:5923309:5924658:clu_50167:ENSG00000183354.11",-0.00751141159398106,0.00352723525305202,0.0332090695014059
"chr9:6497268:6498018:clu_50179:ENSG00000147854.16",0.00133529862900207,0.00288207358761227,0.643140906950667
"chr9:2123937:2161686:clu_50088:ENSG00000080503.22",-0.0123792384819284,0.00288144266566098,1.73755049028834e-05
"chr9:2017207:2028987:clu_50083:ENSG00000080503.22",0.00215396922090031,0.00299363020842311,0.471822144728333
"chr9:2060986:2070418:clu_50085:ENSG00000080503.22",0.00115753990489099,0.00266291263582981,0.663787891043868
"chr9:76501061:76502239:clu_50770:ENSG00000187210.12",-0.0120769879530413,0.00309391953543408,9.48276333939679e-05
"chr9:77382087:77390046:clu_50787:ENSG00000197969.11",0.00343529850860928,0.00354535064153776,0.332565773252896
"chr9:19435084:19446281:clu_50285:ENSG00000177076.5",0.00027736560388572,0.00290083370647474,0.9238256973908
"chr9:105309866:105335563:clu_51212:ENSG00000070214.15",0.00415282782375328,0.00308580784543505,0.178372500706238
"chr9:7046917:7049092:clu_50189:ENSG00000107077.18",-0.00445155602589152,0.00289046452623714,0.123540060064284
"chr9:135030:146102:clu_50065:ENSG00000172785.18",0.00267843745276649,0.00371587150169293,0.471026402820885
"chr9:85806133:85815879:clu_50862:ENSG00000165121.11",0.00110679713035623,0.00388680215621188,0.775829724778402
"chr9:85962180:85966596:clu_50867:ENSG00000135040.15",0.00797585424837666,0.0033863390535374,0.0185076117165265
"chr9:76614600:76619340:clu_50772:ENSG00000106772.17",0.000886602196891999,0.00424300880212626,0.834482578122958
"chr9:77721513:77728514:clu_50789:ENSG00000156052.10",-0.00100215406735856,0.00516046162926091,0.846020433117522
"chr9:76638288:76644739:clu_50773:ENSG00000106772.17",-0.00353015589811885,0.00371221384765153,0.341626183548843
"chr9:134812712:134813983:clu_52116:ENSG00000130635.15",0.00106800876183792,0.00283171271729911,0.706054706056344
"chr9:134642296:134690912:clu_52101:ENSG00000130635.15",-0.00013195780218393,0.00271041416676072,0.961169951117341
"chr9:134780146:134782667:clu_52108:ENSG00000130635.15",0.00351091622560915,0.00262409665396632,0.180911977676888
"chr9:135939759:135945028:clu_52150:ENSG00000130560.8",0.00469342162437492,0.00274499557043865,0.0873009628153192
"chr9:162469:172081:clu_50066:ENSG00000172785.18",-0.000680875664343056,0.00349587875767599,0.845576735791925
"chr9:175784:177723:clu_50068:ENSG00000172785.18",0.00596663580950476,0.00306393962241221,0.0514899342718763
"chr9:114404074:114406355:clu_51392:ENSG00000095397.13",-9.71559294315925e-05,0.00365817971971605,0.978811838161168
"chr9:114381446:114387860:clu_51391:ENSG00000235119.1",0.000680749347822529,0.00328983133752723,0.836068194869983
"chr9:114426413:114466267:clu_51395:ENSG00000095397.13",0.000353894262859748,0.00333908582673464,0.91559395603791
"chr9:114425024:114426211:clu_51395:ENSG00000095397.13",-0.00691324958953839,0.00346499381192658,0.0460244083462508
"chr9:114381446:114387860:clu_51391:ENSG00000106948.16",0.000680749347822529,0.00328983133752723,0.836068194869983
"chr9:83899804:83903060:clu_50836:ENSG00000165115.14",-0.00374432879037339,0.00341384926501444,0.272726407430519
"chr9:83748372:83753258:clu_50826:ENSG00000165113.12",-0.00903303145539192,0.0031936487499151,0.00467760363554093
"chr9:83969440:83970162:clu_50840:ENSG00000165119.20",0.00545829844193191,0.00628471268961121,0.385118454577205
"chr9:83969380:83970162:clu_50840:ENSG00000165119.20",-0.0011337722995086,0.0058110132069311,0.845308785839434
"chr9:83742600:83748309:clu_50826:ENSG00000165113.12",0.00776394674359162,0.00324759244494288,0.0168173099907364
"chr9:4625566:4626426:clu_50124:ENSG00000106686.16",0.00297082060409532,0.00234744852712085,0.205673150070106
"chr9:5450596:5456100:clu_50145:ENSG00000120217.13",0.00108039220915858,0.00322681491412815,0.737763201252607
"chr9:68268978:68269600:clu_50685:ENSG00000196873.15",-0.0107096847528799,0.0060160447440211,0.0750453592605932
"chr9:113392335:113393447:clu_51341:ENSG00000148218.15",-0.00553310143865491,0.00326095825415927,0.0897398451049202
"chr9:113360737:113362369:clu_51336:ENSG00000119411.10",0.00130014709976413,0.0037685618442592,0.73009571458921
"chr9:114628250:114633768:clu_51399:ENSG00000157693.14",-0.00457097069541125,0.00301084418824436,0.128971768021822
"chr9:114342125:114343708:clu_51385:ENSG00000106948.16",0.00458448600695273,0.00258022294416086,0.0756046042266424
"chr9:114633878:114636990:clu_51399:ENSG00000157693.14",0.00386423664055899,0.00311752424402791,0.215152631870139
"chr9:26861139:26866634:clu_50323:ENSG00000120159.11",-0.00364500276664365,0.0036995768098553,0.324501987640305
"chr9:4118881:4286038:clu_50116:ENSG00000107249.21",-0.00373991253217226,0.00303897751919969,0.218454430415925
"chr9:4654804:4656041:clu_50125:ENSG00000106686.16",-0.000229307983534239,0.00284603156276407,0.935783025201115
"chr9:6460791:6475391:clu_50175:ENSG00000147854.16",-0.000681987805658122,0.00328669537733431,0.835619745528258
"chr9:6493932:6497198:clu_50178:ENSG00000147854.16",0.00896344707685075,0.00554459529009146,0.105962535401492
"chr9:4697879:4701864:clu_50130:ENSG00000106993.11",-0.00163769436411762,0.00293055429912887,0.576274787083865
"chr9:4646528:4656041:clu_50125:ENSG00000106686.16",0.00117726293345203,0.00280671694172957,0.674891060738416
"chr9:35743326:35744297:clu_50525:ENSG00000070610.14",-0.0110855789306228,0.00378209457968934,0.00337798101322662
"chr9:36234132:36236832:clu_50561:ENSG00000159921.14",0.00173255791927465,0.00328407362944464,0.597802217756944
"chr9:35808306:35809404:clu_50535:ENSG00000137098.13",0.00713004159586028,0.00278849635740719,0.0105594847564111
"chr9:35741908:35744297:clu_50525:ENSG00000070610.14",0.0138116139389645,0.00437993060326393,0.00161387985660488
"chr9:36236984:36246031:clu_50561:ENSG00000159921.14",0.00618260851808122,0.00385327384467081,0.108602133459076
"chr9:37080536:37084199:clu_50567:ENSG00000281649.1",-0.000588103374252035,0.00366191469361349,0.872408481901268
"chr9:35810309:35810439:clu_50535:ENSG00000137098.13",-0.00270893243210741,0.00283319526734306,0.339001310517014
"chr9:92307024:92308905:clu_50971:ENSG00000198000.11",-0.00861377289611695,0.00409192058015767,0.0352853504682257
"chr9:92324209:92325180:clu_50973:ENSG00000198000.11",0.0146632881934242,0.00398418750375182,0.000232894847021825
"chr9:92046053:92047172:clu_50948:ENSG00000090054.13",0.00581963212726038,0.00422058209884335,0.167934978955153
"chr9:92144567:92144885:clu_50954:ENSG00000225511.6",0.00709124087907449,0.00335583082531739,0.0345913232762349
"chr9:91220992:91296021:clu_50939:ENSG00000148090.11",-0.00443825028162464,0.00464825609901258,0.339668471088456
"chr9:91294797:91296021:clu_50939:ENSG00000148090.11",0.00228811956641398,0.00439168418655961,0.602358506306441
"chr9:129068332:129068838:clu_51818:ENSG00000148343.18",0.00148813539913643,0.0040241186908525,0.711528495603465
"chr9:129915980:129919159:clu_51859:ENSG00000187239.16",-0.00230096638801958,0.00295138498430841,0.435613058687765
"chr9:129908999:129915966:clu_51859:ENSG00000187239.16",-0.000496915718147278,0.0027519206097395,0.856704702045804
"chr9:129924026:129924960:clu_51859:ENSG00000187239.16",0.00496442455857303,0.0036981628677136,0.179465394919832
"chr9:129085616:129086709:clu_51822:ENSG00000167130.17",-0.00246056281437587,0.00362295481983739,0.497037045136348
"chr9:130391574:130391935:clu_51883:ENSG00000148357.16",0.0130945897252928,0.00440618563555848,0.00295996618431316
"chr9:73151924:73154461:clu_50750:ENSG00000135046.13",0.0109620349153433,0.00645967450667434,0.0896976182439662
"chr9:4625566:4629091:clu_50124:ENSG00000106686.16",-0.0074546065048759,0.00269534048477274,0.0056794086248787
"chr9:69457139:69467823:clu_50709:ENSG00000107282.7",0.00405690819881525,0.00308733531080827,0.188829898145469
"chr9:100215488:100226062:clu_51175:ENSG00000119509.12",0.00378377123427511,0.00409446499404431,0.355424573243909
"chr9:100126549:100131870:clu_51175:ENSG00000119509.12",0.00505029364922894,0.00419949706968696,0.229133132300321
"chr9:37819401:37842089:clu_50595:ENSG00000122741.15",-0.00410619696003524,0.00306167357631159,0.17986821057347
"chr9:37819401:37854780:clu_50595:ENSG00000122741.15",-0.00460724789035751,0.00328943846529598,0.161328229314323
"chr9:37762117:37762577:clu_50586:ENSG00000165275.9",-0.0056930824007131,0.00281885685014282,0.0434205089866724
"chr9:32418197:32418328:clu_50349:ENSG00000122729.18",0.00221621078141291,0.00442172851956963,0.616223937211302
"chr9:33071892:33073596:clu_50367:ENSG00000122692.8",0.011690653197782,0.00385949414803985,0.00245313042255735
"chr9:133162532:133163754:clu_52025:ENSG00000148288.11",0.00927131372532969,0.00275969610445698,0.000780719106034278
"chr9:133789343:133791783:clu_52081:ENSG00000160293.16",0.00037437958551699,0.00296633713147831,0.899566182496866
"chr9:133664014:133666735:clu_52073:ENSG00000123453.17",0.00084062700580558,0.00258350749249804,0.74489192684118
"chr9:122919944:122931437:clu_51517:ENSG00000171448.8",-0.000992642333257428,0.00335218053573576,0.76713966342567
"chr9:122957209:122984485:clu_51519:ENSG00000011454.16",-0.00262946289272262,0.00372239477516128,0.479945563200381
"chr9:122984719:122986215:clu_51519:ENSG00000011454.16",-0.00767469412576022,0.00390663995901806,0.049469172963254
"chr9:123387858:123403402:clu_51533:ENSG00000119522.16",-0.00885986817034566,0.00574026330343184,0.12271914757222
"chr9:122823197:122826616:clu_51510:ENSG00000136940.13",-0.00462276173631383,0.00347348146090106,0.183230893291566
"chr9:122820636:122823016:clu_51510:ENSG00000136940.13",0.0112239534893098,0.00320379257998115,0.000459474008995375
"chr9:122989471:122990056:clu_51520:ENSG00000011454.16",-0.00151776429582027,0.00366116807815755,0.678465943771142
"chr9:122849822:122851100:clu_51511:ENSG00000056586.15",0.00356777950872824,0.00342688178111908,0.297821977835573
"chr9:122990213:122996041:clu_51520:ENSG00000011454.16",-0.000811173632320896,0.00330745303298412,0.806258000356336
"chr9:7798637:7799683:clu_50192:ENSG00000137038.7",6.96458347795244e-05,0.00250072416584013,0.977781574521217
"chr9:15444706:15447095:clu_50235:ENSG00000164975.15",0.00259908935333764,0.00320162768674088,0.416904968553188
"chr9:83973399:83973902:clu_50842:ENSG00000165119.20",0.00355082261389292,0.00382253569148359,0.352931529005847
"chr9:83973973:83974517:clu_50842:ENSG00000165119.20",-0.00571572189461779,0.00431393758939056,0.18519002027717
"chr9:84670960:84702159:clu_50847:ENSG00000148053.15",0.00729924954425838,0.00423678056420233,0.0849194049357906
"chr9:83973399:83974517:clu_50842:ENSG00000165119.20",-0.00734013406505882,0.00441316761405459,0.0962654391306218
"chr9:85816263:85822880:clu_50862:ENSG00000165121.11",-0.00285756371686583,0.00397771537705646,0.472514872469735
"chr9:89388792:89388872:clu_50926:ENSG00000187764.11",-0.00406638793258931,0.00274767267695517,0.138889528574756
"chr9:124908472:124911901:clu_51563:ENSG00000136935.13",-0.00428702603383077,0.00451787709029497,0.342670071432226
"chr9:125207721:125220539:clu_51575:ENSG00000136933.16",0.000343505237488441,0.00406166600648884,0.932601264662986
"chr9:125484583:125543059:clu_51586:ENSG00000119487.16",0.00924226109439688,0.00407725836075814,0.0234034678050964
"chr9:125341264:125342219:clu_51583:ENSG00000165219.21",-0.00692301755597346,0.00369034528045004,0.0606578916610468
"chr9:125468109:125484443:clu_51586:ENSG00000119487.16",-0.00462784421038004,0.00377073768926902,0.219708077622443
"chr9:136432583:136432956:clu_52194:ENSG00000148384.12",0.00868895451363634,0.00234984978151401,0.000217592796258326
"chr9:137185087:137185177:clu_52363:ENSG00000176248.8",0.010484303806984,0.00303132225493836,0.000542875857490133
"chr9:136806128:136806385:clu_52246:ENSG00000228544.1",0.000712401973095037,0.0038666877733966,0.853824487712235
"chr9:136664785:136668557:clu_52223:ENSG00000172889.15",7.71284790420067e-05,0.00300035765560638,0.979491496485751
"chr9:136992704:136992925:clu_52299:ENSG00000148362.10",0.000108398706583495,0.00325997006146349,0.973474075711088
"chr9:136740943:136741881:clu_52237:ENSG00000187922.13",-0.000842788053176103,0.00328743029077486,0.797667604879305
"chr9:136992562:136992640:clu_52299:ENSG00000148362.10",0.00289465031039726,0.0035700351769877,0.417469950125972
"chr9:135945250:135945757:clu_52151:ENSG00000130560.8",-0.000729740320207589,0.00288707960860222,0.800453123219778
"chr9:137113496:137113865:clu_52342:ENSG00000176978.13",-0.00665511723216634,0.0036795527742562,0.0705014196235357
"chr9:136856826:136856907:clu_52272:ENSG00000177943.13",0.00397610873284627,0.00280685374940059,0.156608276530249
"chr9:114231858:114235599:clu_51371:ENSG00000196739.14",0.00417624353034039,0.00289160997902772,0.148665181785964
"chr9:114231866:114235599:clu_51371:ENSG00000196739.14",-0.00376946194576075,0.00287898887590532,0.190432536703893
"chr9:131598310:131602061:clu_51956:ENSG00000107263.18",-0.00683138236323338,0.00285123425142357,0.016577864497401
"chr9:131503073:131506114:clu_51940:ENSG00000130714.15",-0.00105564985606539,0.00293507299269483,0.719095928833169
"chr9:131473724:131474454:clu_51931:ENSG00000130723.18",-0.00356334414385718,0.00328429555126009,0.277937370109742
"chr9:131483445:131484686:clu_51934:ENSG00000130723.18",0.00472812845389834,0.00295743712666131,0.109881736419537
"chr9:132648295:132648432:clu_51988:ENSG00000125485.17",-0.00720257951854859,0.00322780701482849,0.0256536003248444
"chr9:131643417:131650810:clu_51959:ENSG00000107263.18",0.00241306709316676,0.00366241179462575,0.509976826057271
"chr9:120862005:120862588:clu_51441:ENSG00000119403.13",-0.00349194533835445,0.00372136739569556,0.348064538760719
"chr9:120869330:120869845:clu_51444:ENSG00000119403.13",0.00234166987973425,0.0037540013878018,0.53277226951456
"chr9:26861139:26884810:clu_50323:ENSG00000120159.11",0.00281298361721958,0.00333040427949185,0.398313386899605
"chr9:86948993:86981770:clu_50891:ENSG00000226237.1",-0.0139640616102789,0.0038249628491498,0.000261454766985358
"chr9:86299272:86301276:clu_50882:ENSG00000083223.17",-0.0048395223122934,0.00380637072328294,0.203576800718251
"chr9:35684550:35685064:clu_50503:ENSG00000198467.13",-0.00487727714934128,0.00570721908949054,0.392783523121683
"chr9:36083562:36085902:clu_50554:ENSG00000122707.11",-0.0101358779535742,0.00413319321382319,0.0141941659368113
"chr9:35782174:35783550:clu_50526:ENSG00000227388.2",-0.0176729727305648,0.0050143893009288,0.000424360224592135
"chr9:35397310:35397635:clu_50478:ENSG00000198722.14",0.00473150070110975,0.0047398793177733,0.31816672030749
"chr9:35718406:35718812:clu_50512:ENSG00000137076.20",-0.0122022077268942,0.00737916818730106,0.0982083935596758
"chr9:35684807:35685064:clu_50503:ENSG00000198467.13",0.013214825560389,0.00586030851696888,0.0241351512287749
"chr9:35841267:35842392:clu_50547:ENSG00000137103.16",0.00620134099436812,0.0052941755722562,0.241457480897389
"chr9:35841267:35841526:clu_50547:ENSG00000137103.16",0.00461467612749244,0.00413805387642134,0.264773169963333
"chr9:135088139:135090195:clu_52125:ENSG00000130558.19",-0.000729705401627271,0.00298961459796598,0.807168791781356
"chr9:136364401:136364483:clu_52167:ENSG00000187796.13",0.000846199165730581,0.00382146366537668,0.824755095690162
"chr9:136218808:136219030:clu_52157:ENSG00000165661.16",0.00478824889143825,0.00213664139558527,0.0250249980710747
"chr9:136443900:136445645:clu_52198:ENSG00000148396.18",-0.0156825407000497,0.00374686440207767,2.84525780274159e-05
"chr9:26861139:26869926:clu_50323:ENSG00000120159.11",0.00151025624066839,0.00319219653492409,0.636135565822313
"chr9:91214425:91217277:clu_50938:ENSG00000148090.11",-0.00708711027251418,0.00392295155954557,0.0708284089664869
"chr9:91216106:91217277:clu_50938:ENSG00000148090.11",0.00650009273095859,0.00300709873056073,0.0306503525929338
"chr9:684574:710804:clu_50076:ENSG00000107104.18",0.00468263569414955,0.00392938544293682,0.233380189611966
"chr9:164037:172081:clu_50066:ENSG00000172785.18",0.00202038483332109,0.0033400821316556,0.545251580186432
"chr9:99054656:99055102:clu_51154:ENSG00000204291.10",-0.00074789389107703,0.00341149169528588,0.82647258445563
"chr9:98213218:98220833:clu_51141:ENSG00000095383.19",-0.00394407038828829,0.00282276203180166,0.162342011769766
"chr9:98756606:98768081:clu_51144:ENSG00000165138.17",-0.00236193408687233,0.00339510087964872,0.48662366173555
"chr9:99052433:99054576:clu_51154:ENSG00000204291.10",0.00230299423546563,0.00347414332350302,0.50739743605417
"chr9:98203408:98208668:clu_51139:ENSG00000095383.19",-0.00130138284168434,0.00356341812506173,0.714957396445669
"chr9:27029104:27036450:clu_50334:ENSG00000096872.15",-0.00307703003642697,0.0031468532013008,0.328167438445779
"chr9:27029104:27044742:clu_50334:ENSG00000096872.15",-0.000638862606244007,0.0029719484049213,0.829795205407319
"chr9:26916705:26917097:clu_50326:ENSG00000137055.14",0.000163771052466858,0.00364593336086135,0.964172009650851
"chr9:125935607:125949378:clu_51591:ENSG00000167081.16",-0.00328264017854885,0.0047569896154941,0.490152236170843
"chr9:124882569:124888253:clu_51560:ENSG00000136935.13",-0.0040304729287278,0.00385499949944453,0.295783438620935
"chr9:125207721:125213370:clu_51575:ENSG00000136933.16",0.00763146768929194,0.00366747913437951,0.0374477943995066
"chr9:125207721:125227910:clu_51575:ENSG00000136933.16",-0.0061212791873549,0.00384952272644472,0.111803302941266
"chr9:13147658:13150511:clu_50208:ENSG00000107186.16",-0.00629275477746298,0.00287648520892127,0.0286948049283068
"chr9:13140149:13143466:clu_50208:ENSG00000107186.16",0.00195402671880571,0.00396287106692911,0.621953520648741
"chr9:13140149:13150511:clu_50208:ENSG00000107186.16",0.0119768389151665,0.00298923335713502,6.15836577794182e-05
"chr9:70267975:70277310:clu_50717:ENSG00000198887.8",0.00140303480481878,0.00396886331124269,0.723705767637832
"chr9:70264445:70267923:clu_50717:ENSG00000198887.8",0.00337249354885317,0.00417218383717656,0.418901714504484
"chr9:114337306:114337560:clu_51384:ENSG00000106948.16",0.00569274416160155,0.00333768500197958,0.0880832145091071
"chr9:114205812:114206252:clu_51367:ENSG00000196739.14",-0.00678152994560876,0.00310198649503739,0.0288017526054933
"chr9:75077580:75083087:clu_50758:ENSG00000106733.20",-0.00047785418619609,0.00396428214048827,0.90405547174168
"chr9:123076762:123089758:clu_51526:ENSG00000011454.16",0.00419846448461657,0.00395181832769997,0.28804808314449
"chr9:124292088:124292849:clu_51541:ENSG00000119408.16",0.000853867005692367,0.00388978822581346,0.826248867792043
"chr9:4286523:4299421:clu_50116:ENSG00000107249.21",-0.00149335566526912,0.00245787054624961,0.543465345835469
"chr9:5361888:5436569:clu_50143:ENSG00000107020.9",0.000581953976184663,0.0035369975151317,0.869311311425205
"chr9:540667:549190:clu_50075:ENSG00000107104.18",0.00506818142793924,0.00463560394831415,0.274254941897157
"chr9:540667:549190:clu_50075:ENSG00000226403.1",0.00349746086103131,0.0044507425292554,0.431975795824128
"chr9:131602149:131621796:clu_51956:ENSG00000107263.18",0.00503673301203665,0.00274730919023301,0.0667530424017658
"chr9:132270556:132271710:clu_51973:ENSG00000107290.13",0.00245638731668761,0.00395544669301869,0.534590487624663
"chr9:131518537:131518837:clu_51944:ENSG00000130714.15",0.00434581868438863,0.0034329135868363,0.205539147280721
"chr9:131486541:131487167:clu_51936:ENSG00000130723.18",0.000330934241397797,0.00329293847930273,0.919948847592746
"chr9:131486182:131487167:clu_51936:ENSG00000130723.18",0.00517373882000152,0.00329813496855917,0.116721075063971
"chr9:132269702:132271710:clu_51973:ENSG00000107290.13",-0.000886519341893433,0.00375714938860653,0.813467349935182
"chr9:132198609:132226849:clu_51967:ENSG00000196358.10",-0.000248310588683888,0.0035143237369879,0.943670967045351
"chr9:131518537:131518698:clu_51944:ENSG00000130714.15",-0.00438925830629004,0.00354241892746995,0.215324459091345
"chr9:131478619:131479252:clu_51932:ENSG00000130723.18",0.0030531535653826,0.00385314415378613,0.428139258412442
"chr9:130878567:130880068:clu_51909:ENSG00000097007.17",-0.00315589443432812,0.00441961041609848,0.475186242528466
"chr9:100442356:100498765:clu_51191:ENSG00000066697.14",-0.00846776171563858,0.00579254262464846,0.143785476148278
"chr9:100022226:100052417:clu_51172:ENSG00000023318.7",0.00786771707651038,0.00444156165273467,0.0764966493032456
"chr9:100052532:100057820:clu_51172:ENSG00000023318.7",-0.00518917969316888,0.00470659584358336,0.270229793142724
"chr9:100442356:100498765:clu_51191:ENSG00000241697.4",-0.00770752025127934,0.00546693142651984,0.158585763007178
"chr9:128635767:128636281:clu_51752:ENSG00000119333.11",-5.48896101406186e-05,0.00366589971015233,0.988053700437861
"chr9:130458589:130466725:clu_51895:ENSG00000130707.17",-3.14294884209202e-05,0.00388037575186584,0.99353752549231
"chr9:130299288:130302857:clu_51871:ENSG00000148357.16",-0.00657865504705562,0.00274340560459749,0.0164853835162563
"chr9:129068975:129069076:clu_51818:ENSG00000148343.18",-0.00610774317532668,0.00404357716391561,0.130920942213868
"chr9:128635175:128635658:clu_51752:ENSG00000119333.11",-0.00274824906438849,0.0026369781681694,0.29732064748545
"chr9:129879644:129880113:clu_51855:ENSG00000136878.12",-0.00251039929722816,0.00337460563068346,0.456931566552673
"chr9:128937778:128940369:clu_51794:ENSG00000175287.18",-0.00151098759081713,0.00401317050280245,0.706539863484151
"chr9:77210675:77212969:clu_50779:ENSG00000197969.11",0.00300671456246124,0.00453874881575168,0.507679987748579
"chr9:77210675:77211213:clu_50779:ENSG00000197969.11",-0.00389852254496695,0.00400074710741206,0.3298338327534
"chr9:504754:676890:clu_50075:ENSG00000107104.18",0.00480091132902973,0.00493192048862077,0.33033641466381
"chr9:504754:676890:clu_50075:ENSG00000226403.1",0.00599499755390656,0.0047340278690486,0.205383164873601
"chr9:76614600:76625023:clu_50772:ENSG00000106772.17",-0.00611373490412735,0.00363233556085136,0.0923476927561198
"chr9:76629290:76636471:clu_50772:ENSG00000106772.17",0.00272093061816777,0.00331729512842077,0.412087470959052
"chr9:5881675:5910615:clu_50165:ENSG00000183354.11",0.00848588506824429,0.00323232243451995,0.00865672257244487
"chr9:5924845:5929044:clu_50168:ENSG00000183354.11",0.00521160025083005,0.0037363075449321,0.163060135284423
"chr9:8436689:8449725:clu_50193:ENSG00000153707.16",0.00593377231113827,0.0031142448382635,0.0567326751180005
"chr9:8460571:8465466:clu_50194:ENSG00000153707.16",-0.00175592507617142,0.0042724335502762,0.681080277297774
"chr9:41165087:41166784:clu_50635:ENSG00000215126.10",0.0146192194109708,0.0144096973503938,0.31032498531178
"chr9:41033022:41056955:clu_50630:ENSG00000276291.5",0.00572264133974402,0.0273385897467532,0.83419479267513
"chr9:41156439:41157339:clu_50634:ENSG00000215126.10",0.0444214759517818,0.038361831458475,0.246880258210445
"chr9:41162377:41165001:clu_50635:ENSG00000215126.10",-0.0139576743441745,0.0159636282695791,0.381931907787311
"chr9:41156439:41162333:clu_50634:ENSG00000215126.10",0.0117370495380044,0.0382484121648239,0.758947114853564
"chr9:100308681:100310299:clu_51183:ENSG00000136891.13",-0.00339914437349909,0.00486016675378232,0.484309319285892
"chr9:128713642:128714046:clu_51759:ENSG00000160447.6",-0.00975634153953546,0.00394035894518326,0.0132862370174238
"chr9:128179410:128180415:clu_51700:ENSG00000148337.20",0.0177434612597621,0.00447872652457011,7.4411717150169e-05
"chr9:128715235:128715369:clu_51762:ENSG00000160447.6",0.00164491113726689,0.0033140572445646,0.619652002675978
"chr9:127818385:127818600:clu_51662:ENSG00000225032.5",0.0108315133658657,0.00434890798824364,0.0127517441971395
"chr9:128179415:128180415:clu_51700:ENSG00000148337.20",-0.0143411029119098,0.00418986286623988,0.000619774694774367
"chr9:128721817:128722009:clu_51766:ENSG00000160446.18",0.0028901555037526,0.00463740676142688,0.533135587947912
"chr9:128721814:128722009:clu_51766:ENSG00000160446.18",-0.00483117507309083,0.00476431486018327,0.310566747418264
"chr9:129061346:129063173:clu_51815:ENSG00000148343.18",0.0094349780417878,0.00420313662137915,0.0247843832098361
"chr9:129085107:129085207:clu_51821:ENSG00000167130.17",-0.0067187840517301,0.00356237662062626,0.0592895929831826
"chr9:127886784:127887484:clu_51670:ENSG00000160408.14",-0.0124327163064971,0.00504266439796951,0.0136820112628732
"chr9:113273438:113275378:clu_51324:ENSG00000176386.8",0.00106743895270759,0.00331009120974897,0.74708891765676
"chr9:136670009:136670950:clu_52225:ENSG00000172889.15",0.0119936727601412,0.00484431029083599,0.0132928083394765
"chr9:114008379:114008477:clu_51351:ENSG00000157657.14",-0.00366400236551081,0.00335943303748555,0.275422107653156
"chr9:95080780:95080972:clu_51042:ENSG00000148120.16",-0.00179360577228766,0.00514987921245203,0.727629060835197
"chr9:94924175:94928425:clu_51038:ENSG00000148120.16",-0.00338145386690664,0.00389573005513077,0.38539992842546
"chr9:94979427:95005158:clu_51039:ENSG00000148120.16",0.00466205321978416,0.00395313886132003,0.238267001592801
"chr9:117704565:117708199:clu_51419:ENSG00000136869.13",-4.86082426990119e-06,0.00389341596831029,0.99900386301855
"chr9:107009668:107010823:clu_51229:ENSG00000148143.12",0.0201949295467417,0.00372895221370154,6.10454493621404e-08
"chr9:75066840:75068996:clu_50756:ENSG00000106733.20",0.00339099566291012,0.00331078866383752,0.305728564723328
"chr9:124795131:124799285:clu_51555:ENSG00000185585.19",-0.00527489459778214,0.00341686564372929,0.122641229922891
"chr9:124384656:124412352:clu_51545:ENSG00000136930.12",-0.0112546784080159,0.00680291044353641,0.0980479567349503
"chr9:124787238:124795024:clu_51555:ENSG00000185585.19",0.00196604516526405,0.0038465039025776,0.609263375100606
"chr9:76641980:76644739:clu_50773:ENSG00000106772.17",0.00162891933005728,0.00313136503506352,0.602927915690377
"chr9:37784063:37784721:clu_50590:ENSG00000107371.12",-0.00893443302112344,0.00288730664525802,0.00197222608479952
"chr9:37762685:37763629:clu_50586:ENSG00000165275.9",0.00205561601617185,0.00375171583593633,0.583751250846722
"chr9:37857351:37860048:clu_50596:ENSG00000122741.15",-0.00433533908836879,0.00281591295359511,0.123661393070738
"chr9:94088263:94095317:clu_51028:ENSG00000158079.14",0.00510020918369789,0.00397302594461944,0.199243792293841
"chr9:736557:738285:clu_50079:ENSG00000107104.18",0.00167655328532299,0.00367123094649199,0.647905858496206
"chr9:271729:286461:clu_50070:ENSG00000107099.15",-0.00259359600191946,0.00389462574458885,0.505447985740322
"chr9:27056459:27060591:clu_50336:ENSG00000096872.15",0.00204562782871188,0.00352522076790496,0.561723379188623
"chr9:17395069:17409296:clu_50254:ENSG00000044459.14",-0.0040274998625321,0.00254644391499577,0.113736952080666
"chr9:17395069:17409293:clu_50254:ENSG00000044459.14",0.00104530948606951,0.00250381713819013,0.676322704119396
"chr9:18753508:18770602:clu_50265:ENSG00000178031.16",0.00472747874299183,0.00300535926459263,0.115715072301569
"chr9:113256277:113257113:clu_51322:ENSG00000136868.10",0.0106549427700774,0.00358970106578945,0.00299551506392437
"chr9:114007439:114008344:clu_51351:ENSG00000157657.14",0.00177562627579955,0.00378897370175546,0.639334218531996
"chr9:113151080:113157727:clu_51311:ENSG00000136867.10",-0.00079474025493527,0.00346886357608728,0.818785903595996
"chr9:113178801:113182766:clu_51315:ENSG00000119321.8",-0.00227765871535402,0.00301137009621408,0.449437597412855
"chr9:7103870:7128066:clu_50190:ENSG00000107077.18",-0.00195434245817899,0.00382127764820946,0.60904515042623
"chr9:6486925:6492303:clu_50177:ENSG00000147854.16",0.00748592835983755,0.00319956348224939,0.0193006938834185
"chr9:86003644:86007358:clu_50869:ENSG00000135040.15",0.000872994042702099,0.00345715796448917,0.800640830735954
"chr9:85592704:85596362:clu_50855:ENSG00000135049.15",0.00195810194086719,0.00485770811276492,0.686880748188071
"chr9:86288744:86298767:clu_50882:ENSG00000083223.17",-0.00138930386032385,0.00402798111006302,0.730159625574082
"chr9:68355605:68357723:clu_50686:ENSG00000224958.5",0.0099471813560904,0.00443696178980486,0.0249684666366377
"chr9:69375864:69377370:clu_50705:ENSG00000135063.17",0.00256906648237123,0.00505994000460081,0.611645043024138
"chr9:68259434:68264468:clu_50683:ENSG00000196873.15",0.00527577270942972,0.00498811672843087,0.290206713358891
"chr9:68235128:68245213:clu_50682:ENSG00000196873.15",-0.0173597089710399,0.00720446389703486,0.0159710348247925
"chr9:69151771:69212548:clu_50700:ENSG00000119139.17",0.0095826893003621,0.00543113304416363,0.0776647152666105
"chr9:136807066:136807740:clu_52245:ENSG00000213213.13",-0.00292658233884984,0.0035197479890299,0.405705364813948
"chr9:136807066:136807740:clu_52245:ENSG00000196642.18",-0.00292658233884984,0.0035197479890299,0.405705364813948
"chr9:135862608:135866456:clu_52144:ENSG00000130559.18",0.000248521291162825,0.00267078029292834,0.925862296960244
"chr9:136407938:136408999:clu_52185:ENSG00000165689.16",-0.00344160626352805,0.0030189549654782,0.254286631927743
"chr9:136466136:136466264:clu_52208:ENSG00000148396.18",0.0039572326285974,0.00302550199197266,0.190887208352542
"chr9:136464562:136465962:clu_52208:ENSG00000148396.18",-0.00337424510986783,0.003016133244068,0.263254441984471
"chr9:85996577:86003585:clu_50869:ENSG00000135040.15",0.00190246294965299,0.00372606369591966,0.609643426256671
"chr9:133108866:133109626:clu_52022:ENSG00000160271.14",-0.00144624519992313,0.00283196499950635,0.609570865761258
"chr9:131494486:131495740:clu_51938:ENSG00000130723.18",-0.00382736248979275,0.00440131457558216,0.384521604569014
"chr9:14674385:14677298:clu_50227:ENSG00000175893.11",0.00244266611508757,0.00287390417826135,0.395354576428439
"chr9:130431486:130432429:clu_51893:ENSG00000148357.16",-0.01181246622415,0.00376899488775783,0.001723728485442
"chr9:130616517:130617797:clu_51900:ENSG00000107164.15",-0.00222449232823607,0.00274035189448447,0.416932651891932
"chr9:130172727:130200958:clu_51868:ENSG00000107130.9",0.00392176020684555,0.00365102402675855,0.282753893151568
"chr9:129108478:129109179:clu_51826:ENSG00000095321.16",0.00132217401433362,0.00372140763970812,0.722373333793326
"chr9:129008791:129009106:clu_51802:ENSG00000148341.17",0.00711528495333357,0.00538387971222394,0.186304506907854
"chr9:129014904:129018609:clu_51808:ENSG00000148341.17",0.00644919636735762,0.00348552820980787,0.0642734834594408
"chr9:129632801:129634054:clu_51838:ENSG00000148335.14",0.00144485549554761,0.00317901582136365,0.649470620622135
"chr9:69065043:69072612:clu_50697:ENSG00000165060.11",-0.00381341847063522,0.00404126535707231,0.345363911935741
"chr9:69046482:69053140:clu_50696:ENSG00000165060.11",-0.00681757742453766,0.00353339974657842,0.0536729405462316
"chr9:96364550:96368272:clu_51077:ENSG00000130958.11",0.0002903937632442,0.0040123176291279,0.942303028529926
"chr9:96458541:96465337:clu_51078:ENSG00000130956.13",-0.00704439838925929,0.00355417471654517,0.0474784817041579
"chr9:96465498:96465710:clu_51078:ENSG00000130956.13",0.00750879386952292,0.00364041677435702,0.039148813359674
"chr9:96357551:96360154:clu_51076:ENSG00000130958.11",-0.0055985599243628,0.00490415905536055,0.253622702863307
"chr9:96509789:96514216:clu_51081:ENSG00000081377.16",0.00497129372560689,0.00459413536842167,0.279210045160404
"chr9:96515792:96522506:clu_51081:ENSG00000081377.16",0.00768518954067554,0.0038028353261102,0.0432890389305548
"chr9:96819778:96827080:clu_51090:ENSG00000081386.12",-0.0109295791195476,0.0039408953349315,0.0055478213412008
"chr9:96763632:96774788:clu_51089:ENSG00000081386.12",-0.00951072570894232,0.00366084869509588,0.00937803699689688
"chr9:96352109:96360154:clu_51076:ENSG00000130958.11",0.000664245722548389,0.00354109142867581,0.851204180448124
"chr9:96819778:96827080:clu_51090:ENSG00000196597.11",-0.0101244860927638,0.00388530271197685,0.00916486513999337
"chr9:96852005:96854088:clu_51091:ENSG00000196597.11",-0.00502541779834547,0.00400079067937937,0.209077484764646
"chr9:105512936:105534493:clu_51218:ENSG00000106701.11",0.00397966415741598,0.00297591735689494,0.181128033901242
"chr9:108936437:108939196:clu_51243:ENSG00000119328.11",0.00897142308313328,0.00379775857922947,0.0181622222124006
"chr9:2158594:2159814:clu_50088:ENSG00000080503.22",0.00417702230639012,0.00279269298260209,0.134732652013976
"chr9:32989895:33001516:clu_50363:ENSG00000137074.18",-0.0126111347913715,0.00460866352241338,0.00621159653203163
"chr9:88535736:88544379:clu_50910:ENSG00000130045.15",-0.000455301960636612,0.00296189849840438,0.877830801090661
"chr9:130581513:130595483:clu_51898:ENSG00000107164.15",-0.00800006354926312,0.00317645104347795,0.0117837805734318
"chr9:130077378:130079630:clu_51863:ENSG00000148358.19",0.0106563537016704,0.0030381089866094,0.000452234039938659
"chr9:129863299:129865303:clu_51850:ENSG00000136878.12",-0.00466624942414228,0.00283128561701882,0.0993316016764341
"chr9:130107539:130110370:clu_51866:ENSG00000148358.19",-0.00632849242287234,0.0032408379104085,0.050851194146152
"chr9:37770739:37773306:clu_50588:ENSG00000165275.9",-0.000984994970539682,0.00357182590382686,0.782726331101081
"chr9:37776405:37777421:clu_50588:ENSG00000165275.9",0.00271835520315993,0.00325494871230565,0.4036358889848
"chr9:37780880:37781986:clu_50589:ENSG00000107371.12",0.00135395985340809,0.00295031393691656,0.64629118234075
"chr9:37780880:37783914:clu_50589:ENSG00000107371.12",0.0011150306065419,0.00419518973490466,0.790402574149453
"chr9:136447361:136447569:clu_52200:ENSG00000148396.18",0.00294115302901936,0.00310956403565054,0.344229711048845
"chr9:136398441:136400134:clu_52181:ENSG00000165684.4",0.00331114112076294,0.00335994942462314,0.324391541777811
"chr9:136463132:136463463:clu_52206:ENSG00000148396.18",0.00161860131230772,0.00275959314016551,0.557515232999625
"chr9:135883078:135907000:clu_52145:ENSG00000130559.18",-0.00623263477121911,0.00292826451876717,0.0333006355345893
"chr9:136013296:136013864:clu_52154:ENSG00000148411.7",-0.00242782894034341,0.00331380659985666,0.463777719717991
"chr9:136434134:136434740:clu_52196:ENSG00000148384.12",-0.0132800187514039,0.00404377033558724,0.00102320052245841
"chr9:136831861:136832265:clu_52251:ENSG00000196642.18",0.00882844458829326,0.00294273178662946,0.00269904546668487
"chr9:136831861:136832262:clu_52251:ENSG00000196642.18",-0.00782647179947017,0.00306744061909831,0.0107270654246385
"chr9:136548101:136548744:clu_52218:ENSG00000237886.1",0.00708458480785735,0.00312840951657086,0.0235374604224318
"chr9:5753646:5754841:clu_50156:ENSG00000107036.11",-0.000311077394787243,0.00380595889721734,0.934858000369102
"chr9:93058830:93075784:clu_50995:ENSG00000157303.10",0.00260306981629011,0.00364085501749964,0.474633062183524
"chr9:93527242:93529353:clu_51016:ENSG00000048828.16",0.00292516596941183,0.00520867859116851,0.574392234315038
"chr9:93075972:93077846:clu_50995:ENSG00000157303.10",0.0037885045004767,0.00362885929266698,0.29648852615746
"chr9:95020233:95021678:clu_51041:ENSG00000148120.16",0.00315502893390824,0.00451232566160454,0.484425550705434
"chr9:95005616:95019450:clu_51041:ENSG00000148120.16",0.0044855199965034,0.00341448180401526,0.188955537092993
"chr9:36390616:36424613:clu_50566:ENSG00000137075.17",0.00337494926016713,0.00382926108735822,0.378124172113639
"chr9:37498224:37500840:clu_50580:ENSG00000137054.15",0.00436229517183463,0.00294726348876465,0.138841991229905
"chr9:37899950:37904068:clu_50592:ENSG00000122696.13",0.0028296544164666,0.00277714424761694,0.308246658110765
"chr9:37500921:37501713:clu_50580:ENSG00000137054.15",-0.00565932054162041,0.00284713731214202,0.0468423251134336
"chr9:37501844:37503043:clu_50581:ENSG00000137054.15",-0.00290579244392182,0.00385723692501685,0.451248496966774
"chr9:36058901:36060119:clu_50552:ENSG00000122707.11",0.00359722610587533,0.00371181836019492,0.332481463093726
"chr9:471586:473194:clu_50073:ENSG00000107104.18",-0.00823944428040879,0.00317684606348665,0.00949789724094141
"chr9:93256454:93256948:clu_51001:ENSG00000165238.16",-0.00965098864756984,0.00441332324466115,0.0287582300170404
"chr9:93126638:93134143:clu_50998:ENSG00000131669.9",-0.000135252777406191,0.00390021684729708,0.972336287608023
"chr9:131290448:131307923:clu_51926:ENSG00000160539.4",-0.000672682449184294,0.00331816141817956,0.839348055779733
"chr9:130632278:130634667:clu_51902:ENSG00000107164.15",-0.00266388472613997,0.00314209121709089,0.396545854462941
"chr9:130632278:130633619:clu_51902:ENSG00000107164.15",0.00199406832558735,0.00299869936791071,0.506064731441995
"chr9:129626295:129634054:clu_51838:ENSG00000148335.14",-0.00199035537404978,0.00305296031602079,0.514438098969604
"chr9:131515522:131518445:clu_51943:ENSG00000130714.15",0.00603173288835959,0.00321884004285673,0.0609464137757247
"chr9:129639508:129640541:clu_51840:ENSG00000148331.11",0.00120839186192175,0.00361312615964163,0.738043811600189
"chr9:129900104:129900426:clu_51858:ENSG00000187239.16",0.00153768453854782,0.00299611020470865,0.607792567766829
"chr9:129900101:129900426:clu_51858:ENSG00000187239.16",-0.00122079990851195,0.00302926312285682,0.686946556119008
"chr9:130697627:130699329:clu_51904:ENSG00000130713.15",-0.00281534091165367,0.0027215475211254,0.300919645555576
"chr9:131140710:131144280:clu_51917:ENSG00000126883.16",0.00243384711465942,0.00341254711261877,0.475718649640232
"chr9:131187364:131189053:clu_51921:ENSG00000126883.16",0.00266876414447893,0.00269546889338988,0.322128798427242
"chr9:130875052:130878415:clu_51908:ENSG00000097007.17",0.00219399780143377,0.00337545471430558,0.51570136180611
"chr9:130620458:130622708:clu_51901:ENSG00000107164.15",-0.00307631485580385,0.00363374068682109,0.397219649857592
"chr9:130360604:130362008:clu_51877:ENSG00000148357.16",-0.00367745039804526,0.00306027491760022,0.229490162776021
"chr9:129923996:129924960:clu_51859:ENSG00000187239.16",-0.00350059023947591,0.0031142152156862,0.260984101705352
"chr9:131455166:131459164:clu_51930:ENSG00000130723.18",-0.00214672842112231,0.00303929758156275,0.479986754243783
"chr9:129919242:129923844:clu_51859:ENSG00000187239.16",0.00578041291975357,0.00337515678898393,0.0867796406880171
"chr9:131140710:131144568:clu_51917:ENSG00000126883.16",-0.0017918907298824,0.00368321441673725,0.626611374327317
"chr9:130873037:130874868:clu_51908:ENSG00000097007.17",0.000920358514065105,0.00345290569245523,0.789818667531306
"chr9:131077334:131079149:clu_51910:ENSG00000050555.17",-0.00348317898634558,0.00339051497801052,0.304264929293955
"chr9:97318582:97320126:clu_51097:ENSG00000197816.13",0.00472096431384886,0.00476592422268702,0.321897360075352
"chr9:97645224:97647492:clu_51116:ENSG00000136937.12",-5.57518325118319e-05,0.00377710719951797,0.98822328601719
"chr9:96721130:96773460:clu_51087:ENSG00000233820.2",-0.00438025418263414,0.00394165654046763,0.266451109285449
"chr9:97371706:97374543:clu_51104:ENSG00000197816.13",-0.00109433644457878,0.00429905786194694,0.799068657165255
"chr9:98109984:98110069:clu_51133:ENSG00000106785.14",-0.00209930063542993,0.0040657359014669,0.6056172109381
"chr9:96687324:96720966:clu_51087:ENSG00000233820.2",0.00246299133283554,0.00482448824468395,0.609688136532046
"chr9:96687324:96720966:clu_51087:ENSG00000224848.1",0.00246299133283554,0.00482448824468395,0.609688136532046
"chr9:98109984:98118982:clu_51133:ENSG00000106785.14",0.0032230611589885,0.00417972046064084,0.440636499316178
"chr9:96721130:96773460:clu_51087:ENSG00000224848.1",-0.0042483220887471,0.00394454947505749,0.281475474459116
"chr9:90977124:90982986:clu_50934:ENSG00000228216.1",0.0012126807275294,0.00310245138139664,0.695887240867547
"chr9:89088935:89109048:clu_50914:ENSG00000148082.9",0.00194789524291695,0.00296491250341239,0.511192252648919
"chr9:731266:734748:clu_50078:ENSG00000107104.18",-0.000659261437769423,0.00527993489449247,0.900633071335042
"chr9:162469:163978:clu_50066:ENSG00000172785.18",0.00126371326489625,0.00311292831551268,0.684774614470175
"chr9:136856826:136856934:clu_52272:ENSG00000177943.13",-0.00603293579005606,0.00313907413444113,0.0546203781176233
"chr9:17416189:17457524:clu_50255:ENSG00000044459.14",0.000443523885425324,0.00298671399647728,0.881949016397272
"chr9:136337961:136338555:clu_52161:ENSG00000160360.12",0.000530490905768144,0.00322883050841307,0.869496431512731
"chr9:134882639:134883302:clu_52122:ENSG00000160339.15",-0.000308837608809796,0.00213368909240306,0.884913399537556
"chr9:5801328:5805611:clu_50159:ENSG00000099219.13",-0.0112144991552168,0.00346789419927349,0.00122152142896459
"chr9:75088735:75117504:clu_50760:ENSG00000134996.11",0.000418054812791617,0.00307289030697161,0.891784818982799
"chr9:74999870:75016268:clu_50754:ENSG00000156017.12",-0.00224126039291856,0.00283488325741758,0.429177098939354
"chr9:137349531:137351038:clu_52400:ENSG00000187609.15",-0.000753073329357449,0.00340017560109621,0.824718149564304
"chr9:136791777:136791947:clu_52241:ENSG00000244187.7",-0.000490165086946275,0.0038831996141598,0.899552147813767
"chr9:137214068:137214204:clu_52371:ENSG00000188566.13",-0.00500553831110808,0.00276502858363745,0.0702488809754651
"chr9:137215202:137215407:clu_52375:ENSG00000188566.13",-0.0080295166358971,0.00299719462506098,0.00738400220680824
"chr9:137213878:137213967:clu_52371:ENSG00000188566.13",0.00351887325308597,0.00296409111043328,0.235161475101523
"chr9:137039864:137039971:clu_52317:ENSG00000107281.9",-0.00344076625243244,0.00326708244347794,0.292266867301928
"chr9:136717711:136721921:clu_52232:ENSG00000165716.10",-0.00343426291173284,0.00299306635952221,0.251213778063653
"chr9:137481023:137484587:clu_52436:ENSG00000130653.15",-0.00811931002673431,0.00392855334732177,0.0387583795312514
"chr9:136850560:136850755:clu_52266:ENSG00000054148.17",-0.00477485863237947,0.00431403003348443,0.268371367384057
"chr9:137429016:137429276:clu_52417:ENSG00000188747.8",0.00119718807908769,0.00330033082781343,0.71679321387446
"chr9:137113119:137113357:clu_52341:ENSG00000176978.13",0.00019691549621424,0.00375750516400349,0.958205261111907
"chr9:137467473:137478034:clu_52436:ENSG00000130653.15",0.00702812708796244,0.00425606465185732,0.0986731351169932
"chr9:136548808:136549132:clu_52218:ENSG00000237886.1",0.00100285267067434,0.00336842153207258,0.765915469778036
"chr9:136741361:136741881:clu_52237:ENSG00000187922.13",0.0021214701447242,0.00291896053785064,0.467354858564351
"chr9:136432586:136432956:clu_52194:ENSG00000148384.12",-0.0079875636358886,0.00228864570693803,0.000482870423798465
"chr9:136668673:136669606:clu_52224:ENSG00000172889.15",0.00505303521636016,0.00322091453462177,0.116689881314376
"chr9:137356368:137357257:clu_52406:ENSG00000187609.15",0.0132345680594869,0.00331082182861344,6.40511091418716e-05
"chr9:137354377:137354596:clu_52405:ENSG00000187609.15",-0.00111477012944716,0.0031411078133218,0.722666663057593
"chr9:137349534:137351038:clu_52400:ENSG00000187609.15",0.00136493273201717,0.00349646776642704,0.696259455900694
"chr9:137429383:137430784:clu_52417:ENSG00000188747.8",-0.0025806263072175,0.00314531212683322,0.411949661982177
"chr9:136975476:136975673:clu_52295:ENSG00000107317.12",0.00339219592821721,0.00265947523686176,0.202127633959109
"chr9:137023052:137023838:clu_52315:ENSG00000107331.16",-0.00589292434922878,0.00302576883091125,0.0514653381391655
"chr9:136984563:136984713:clu_52297:ENSG00000214402.6",0.00279964201717315,0.00335802096565299,0.404439997464977
"chr9:136984563:136985036:clu_52297:ENSG00000214402.6",-0.00471805736694311,0.00323204821937963,0.144352416804141
"chr9:137014038:137014168:clu_52308:ENSG00000107331.16",0.011493069739703,0.00403896989766439,0.00443355241476884
"chr9:137393235:137395303:clu_52410:ENSG00000187609.15",0.014248827287893,0.00382438950630314,0.000194713518150258
"chr9:137180527:137180788:clu_52359:ENSG00000176248.8",-0.00647068261045868,0.00309360556088292,0.0364714990840896
"chr9:136663108:136663408:clu_52222:ENSG00000172889.15",0.00405005542305974,0.00360945635570858,0.261833534512914
"chr9:97656085:97658640:clu_51119:ENSG00000136937.12",0.00156529410157843,0.00390508764199382,0.688541929583594
"chr9:97685040:97687096:clu_51121:ENSG00000136936.10",0.00287835158884582,0.0035223039988722,0.413826347761574
"chr9:96254943:96298416:clu_51071:ENSG00000130948.9",0.0114595767483099,0.0036586146430749,0.00173491308742257
"chr9:96343996:96351103:clu_51076:ENSG00000130958.11",-0.00177200144886776,0.00377361123347311,0.638657183212067
"chr9:97910616:97912873:clu_51124:ENSG00000136932.13",0.00258438191240744,0.00310817305252959,0.405702852201424
"chr9:96725491:96726343:clu_51087:ENSG00000233820.2",0.00697003751040182,0.00525951180905804,0.185096474515626
"chr9:96251485:96252803:clu_51071:ENSG00000130948.9",-0.00740574418741251,0.00405126633356986,0.0675484651268832
"chr9:96725491:96726343:clu_51087:ENSG00000224848.1",0.00660040639824621,0.00515932469802453,0.20078581669141
"chr9:91298076:91355883:clu_50940:ENSG00000148090.11",0.000686927812444029,0.0036893191258408,0.852292899546892
"chr9:92032558:92034810:clu_50946:ENSG00000090054.13",-0.00351965847872078,0.00526813182562979,0.504067386388362
"chr9:91265058:91296021:clu_50939:ENSG00000148090.11",-0.00487103985363868,0.00372490498330569,0.190976758836362
"chr9:2829948:2830962:clu_50106:ENSG00000080608.9",-0.00297132467378172,0.0033129503489149,0.369782024673462
"chr9:114367697:114368439:clu_51390:ENSG00000106948.16",-0.00408640819152212,0.00309568006854953,0.186823100552845
"chr9:114016172:114016695:clu_51352:ENSG00000157657.14",-0.00274796719981273,0.00312152347455479,0.378681183028937
"chr9:114183075:114194404:clu_51366:ENSG00000196739.14",0.00481661065004936,0.00357690436944691,0.178113488206207
"chr9:88426591:88448941:clu_50908:ENSG00000106723.16",0.000680827734029928,0.00347780635361275,0.844795237282669
"chr9:88388538:88426382:clu_50908:ENSG00000106723.16",0.00266841588187322,0.00345676912135494,0.440150388704807
"chr9:87971335:87973922:clu_50905:ENSG00000156345.17",-0.00747086594527903,0.00389042519179765,0.0548173410348628
"chr9:88415699:88416644:clu_50908:ENSG00000106723.16",0.00193688067448679,0.00456023085123742,0.671031301362513
"chr9:18889748:18892389:clu_50268:ENSG00000178031.16",0.0108762433140336,0.0026289825523987,3.51793033104286e-05
"chr9:16727997:16738360:clu_50249:ENSG00000173068.17",0.00911171152882466,0.003598380145737,0.0113358902424199
"chr9:93253082:93256299:clu_51001:ENSG00000165238.16",0.0136054166002705,0.00404263891133499,0.000764108669511487
"chr9:94928531:94955177:clu_51038:ENSG00000148120.16",-0.00510259866115748,0.00406609426072466,0.209509976876886
"chr9:93307195:93308328:clu_51006:ENSG00000165238.16",-0.015371208712654,0.00501823608618421,0.00219078762083558
"chr9:101399189:101399926:clu_51192:ENSG00000136870.10",0.00933185376506486,0.0046493876820519,0.0447374650314449
"chr9:83970819:83970897:clu_50841:ENSG00000165119.20",0.000705076570489943,0.00396786466553756,0.858961154581072
"chr9:83273956:83276448:clu_50818:ENSG00000237529.1",-0.00365435719765097,0.00390335478080142,0.349165415948298
"chr9:83870632:83880297:clu_50834:ENSG00000165115.14",-0.0112208901525613,0.00396476161226582,0.00465254490821032
"chr9:137023052:137024143:clu_52315:ENSG00000107331.16",0.00406923075832326,0.00340045959879863,0.231434886931907
"chr9:137215521:137215659:clu_52375:ENSG00000188566.13",0.011785026161956,0.00323516444613036,0.00026969838461155
"chr9:137435829:137436013:clu_52422:ENSG00000188833.9",-0.0103541459491574,0.00427173539831754,0.0153559562421249
"chr9:137578131:137578625:clu_52455:ENSG00000148399.12",0.00227179630737597,0.003644825856952,0.533091660843503
"chr9:89381346:89386367:clu_50924:ENSG00000187764.11",0.00894484536601088,0.00336349131000268,0.00782815825458039
"chr9:14317345:14357152:clu_50223:ENSG00000225472.1",0.00149357941660569,0.00269619855098296,0.57960793003219
"chr9:87969349:87969774:clu_50904:ENSG00000156345.17",0.00167619352429102,0.00398145451363129,0.673754866534909
"chr9:34379732:34380337:clu_50417:ENSG00000164972.12",0.0177080213169829,0.00561983895198046,0.00162721533169874
"chr9:34234340:34241185:clu_50415:ENSG00000165006.13",-0.0101080543871765,0.0042158897344054,0.0165024786104225
"chr9:35075729:35075962:clu_50456:ENSG00000221829.9",0.00226424854797538,0.00449020502677339,0.614075902968379
"chr9:27009158:27011906:clu_50332:ENSG00000096872.15",-0.0100457213826799,0.00343646392850024,0.00346372950997431
"chr9:38392807:38395740:clu_50602:ENSG00000137124.7",-0.00734116619384509,0.00389322680923182,0.059345492474099
"chr9:37432138:37434838:clu_50576:ENSG00000137106.17",0.00357129824969825,0.0036067250052249,0.322087327307859
"chr9:38541533:38542312:clu_50604:ENSG00000273036.2",0.00956226168159117,0.0076760195363783,0.212862872626985
"chr9:104804720:104806241:clu_51205:ENSG00000165029.15",0.011185576489714,0.00338810614399622,0.000961952348800588
"chr9:105385502:105438281:clu_51215:ENSG00000070214.15",0.00171838632233653,0.00449768722526341,0.70241687032553
"chr9:33944639:33948374:clu_50408:ENSG00000137073.21",0.00228876113023848,0.0054269899645941,0.673217174330806
"chr9:34647258:34647832:clu_50434:ENSG00000213930.11",0.00407464315791115,0.00575857261295181,0.479206941859763
"chr9:34647258:34647475:clu_50434:ENSG00000213930.11",-0.000437716714696793,0.00464990677652439,0.925002303868167
"chr9:33060584:33062049:clu_50366:ENSG00000122692.8",-0.00540301865337945,0.00280848705130425,0.054377368631453
"chr9:33817934:33900174:clu_50403:ENSG00000107341.4",0.00606614758551518,0.00497077522023347,0.222327493289973
"chr9:34179240:34220908:clu_50415:ENSG00000165006.13",0.0024793129462696,0.00466217667406148,0.594869367597686
"chr9:34665680:34665978:clu_50441:ENSG00000187186.14",0.0125663905957383,0.00564555317882427,0.0260214289443194
"chr9:34658683:34659759:clu_50438:ENSG00000137070.17",-0.00134366539405964,0.00487613495680717,0.782886406807722
"chr9:32986030:32987544:clu_50362:ENSG00000137074.18",-0.0185728601885104,0.00390093455977931,1.92511097019121e-06
"chr9:34648894:34648998:clu_50435:ENSG00000213930.11",0.00255344105905571,0.00462162589047965,0.580606908217597
"chr9:34647961:34648115:clu_50434:ENSG00000213930.11",0.0138811128400436,0.0042600924596586,0.00112039801214536
"chr9:33060541:33062049:clu_50366:ENSG00000122692.8",0.00626646883709487,0.00294434457804357,0.033311647642873
"chr9:34650141:34650369:clu_50436:ENSG00000137070.17",0.0166075788655986,0.0075070020741197,0.0269474316047514
"chr9:33953474:33956079:clu_50408:ENSG00000137073.21",-0.0172645588625922,0.0035245365418638,9.66245048972247e-07
"chr9:34647705:34647832:clu_50434:ENSG00000213930.11",0.000194114511725579,0.00493332403637371,0.968613248444818
"chr9:34650141:34650369:clu_50436:ENSG00000213930.11",0.0166075788655986,0.0075070020741197,0.0269474316047514
"chr9:38016131:38067929:clu_50601:ENSG00000107338.9",-0.000642044669116559,0.00503559265193098,0.898543634942342
"chr9:37349452:37354710:clu_50569:ENSG00000147905.17",0.00123505870865308,0.00288326257190335,0.668392992333917
"chr9:132311856:132326324:clu_51979:ENSG00000107290.13",0.00334158243484786,0.0031421425572489,0.28756769601821
"chr9:132264985:132266127:clu_51972:ENSG00000107290.13",-0.00782638533363415,0.00310750554061042,0.011784160068966
"chr9:131650242:131650810:clu_51959:ENSG00000107263.18",0.00212279034705279,0.00355132882590054,0.550009850399047
"chr9:130695606:130697582:clu_51904:ENSG00000130713.15",-0.000213602072371992,0.00308760250566116,0.94484589639338
"chr9:114093972:114094181:clu_51359:ENSG00000136883.13",0.000446901568095129,0.00325017752282951,0.890635067791128
"chr9:114094271:114094353:clu_51359:ENSG00000136883.13",0.00162802082188879,0.00336243725539418,0.628258983916839
"chr9:114347900:114350859:clu_51386:ENSG00000106948.16",-0.000139356327691979,0.00400035478461562,0.972210520490118
"chr9:133112152:133120972:clu_52023:ENSG00000160271.14",0.000691228869857767,0.00329456013748391,0.833816629498724
"chr9:131594906:131596298:clu_51955:ENSG00000107263.18",-0.00029660002126124,0.00368993694240848,0.935934410256852
"chr9:131510062:131510260:clu_51940:ENSG00000130714.15",-0.00602337690177531,0.00436340889186993,0.167454544914989
"chr9:133112152:133120972:clu_52023:ENSG00000148288.11",0.00128975220559449,0.00333552409451571,0.698999395424786
"chr9:131592183:131596298:clu_51955:ENSG00000107263.18",-0.00884146436135584,0.00404976538961568,0.02902078372161
"chr9:116729096:116733399:clu_51412:ENSG00000148219.16",0.00743967226611742,0.00305648206794634,0.0149303644136604
"chr9:108992819:109013302:clu_51250:ENSG00000119326.14",0.00182510485539005,0.00372826750846045,0.624465369924478
"chr9:109050428:109050570:clu_51251:ENSG00000106771.12",-0.00960577172420891,0.00450380582934909,0.0329401404262737
"chr9:108874970:108877995:clu_51234:ENSG00000070061.14",-0.0068194852854489,0.00354531379786872,0.0544146608269274
"chr9:131085723:131087476:clu_51912:ENSG00000050555.17",0.00123426944391293,0.00278465141294794,0.657592005998314
"chr9:131592183:131593867:clu_51955:ENSG00000107263.18",0.00856892540823023,0.00374497045432495,0.0221307886055409
"chr9:131078081:131079149:clu_51910:ENSG00000050555.17",-5.55447674369347e-05,0.00349095972721422,0.987305369880699
"chr9:131481808:131482371:clu_51933:ENSG00000130723.18",0.00833808549790459,0.00335793524782487,0.0130244901681285
"chr9:130479800:130480385:clu_51897:ENSG00000130707.17",0.00825033998714576,0.00324481002294969,0.0110022763738953
"chr9:131481808:131482374:clu_51933:ENSG00000130723.18",-0.00763453603438433,0.00341853143616973,0.0255305212627772
"chr9:133154242:133155178:clu_52023:ENSG00000148288.11",-0.00849330364432814,0.0030804042922948,0.00582979330996669
"chr9:133156102:133161467:clu_52024:ENSG00000148288.11",0.000936959385642514,0.0026319547206127,0.721845258621546
"chr9:133154242:133155178:clu_52023:ENSG00000160271.14",-0.00849330364432814,0.0030804042922948,0.00582979330996669
"chr9:133440525:133444863:clu_52052:ENSG00000160323.18",0.00672621897083997,0.00311795631543977,0.0309859979876483
"chr9:108952363:108952444:clu_51245:ENSG00000119326.14",0.00582555384857253,0.00381196294608198,0.126455591491035
"chr9:113514654:113517541:clu_51347:ENSG00000138835.22",-0.00307129481410534,0.00304446915262106,0.31306515165698
"chr9:113428963:113429172:clu_51342:ENSG00000157653.11",-0.00140600991826692,0.00266650234754497,0.597994848670862
"chr9:113283482:113284295:clu_51327:ENSG00000136875.12",-0.00498737619321722,0.0035510957523741,0.160181558467734
"chr9:130128761:130135025:clu_51867:ENSG00000148358.19",-0.00797035069542027,0.00398197234786187,0.0453268271569147
"chr9:131509996:131510260:clu_51940:ENSG00000130714.15",-0.00135702793418774,0.00267505901222279,0.611952075831166
"chr9:129923939:129924960:clu_51859:ENSG00000187239.16",-0.0013388257368846,0.00349113279739003,0.701354100850443
"chr9:131507514:131508911:clu_51940:ENSG00000130714.15",-0.00166407321700815,0.00354735625562522,0.638996467078226
"chr9:129915980:129924960:clu_51859:ENSG00000187239.16",0.00153867388860111,0.0034980991150095,0.660038505752624
"chr9:131189131:131192208:clu_51921:ENSG00000126883.16",-0.00190638114512281,0.00283506189613832,0.501309883075644
"chr9:87726398:87727594:clu_50899:ENSG00000135047.14",-0.00648832623967636,0.00450427514949906,0.149731144023021
"chr9:87726253:87727594:clu_50899:ENSG00000135047.14",0.00903397064561081,0.00458637578499692,0.0488681059869578
"chr9:130217970:130219725:clu_51869:ENSG00000107130.9",0.00665869619965118,0.00337122464168112,0.0482503928578769
"chr9:131228331:131230630:clu_51923:ENSG00000126883.16",-0.0051579035326276,0.00262080505794442,0.0490610497959867
"chr9:131643417:131650129:clu_51959:ENSG00000107263.18",-0.000458676980742813,0.00339833305673871,0.89263467058012
"chr9:131215368:131222778:clu_51922:ENSG00000126883.16",-0.000186303304610898,0.00306976028636521,0.951606211858372
"chr9:37768228:37769941:clu_50587:ENSG00000165275.9",-0.00249544646222867,0.00341801283546241,0.465337056257113
"chr9:37489400:37492657:clu_50579:ENSG00000137054.15",0.00259748042669871,0.00428346155304281,0.544250820491603
"chr9:37588932:37592412:clu_50585:ENSG00000175768.12",-0.00547863731062116,0.00365782206066285,0.134188671927896
"chr9:37080034:37086668:clu_50567:ENSG00000281649.1",-0.00642101517162875,0.00350949536415095,0.0673079635872069
"chr9:36199096:36204068:clu_50559:ENSG00000122705.16",0.00492352059647486,0.00607479122818001,0.417662104213899
"chr9:37770019:37770672:clu_50587:ENSG00000165275.9",0.00210927305073607,0.00342106682911818,0.537528825409066
"chr9:36191273:36197551:clu_50559:ENSG00000122705.16",0.00121882779282289,0.00527371703823244,0.817226540596432
"chr9:36342424:36344832:clu_50564:ENSG00000137075.17",-0.0131841741102642,0.00296329156798128,8.62046405236683e-06
"chr9:36339814:36342325:clu_50564:ENSG00000137075.17",0.0113939725198511,0.00299670930852685,0.000143439217631269
"chr9:94606952:94609921:clu_51035:ENSG00000165140.9",-0.00669985295256094,0.00469189560735668,0.153302531514803
"chr9:112058686:112062937:clu_51290:ENSG00000106868.16",0.0039616112874831,0.00480260506751061,0.409435179911035
"chr9:113273438:113274560:clu_51324:ENSG00000176386.8",0.00171684127224792,0.00308750098530866,0.578168626456378
"chr9:108882187:108889332:clu_51236:ENSG00000070061.14",0.0036286392417811,0.0035230063907669,0.303017646077389
"chr9:128427779:128428302:clu_51729:ENSG00000167123.18",0.00443026929920699,0.00437069807000146,0.310759488411719
"chr9:128826152:128826384:clu_51785:ENSG00000198917.12",-0.00504753879821037,0.00384524939130033,0.189294584579211
"chr9:128247486:128247924:clu_51709:ENSG00000106976.20",-0.00140678515203064,0.0037068456436126,0.704309147392679
"chr9:129098650:129099866:clu_51824:ENSG00000095321.16",0.00297798374969525,0.00361613526674833,0.410208570502293
"chr9:128741841:128742578:clu_51772:ENSG00000160445.10",0.00145021984475118,0.00390986424069749,0.71070226173273
"chr9:128224389:128234021:clu_51705:ENSG00000106976.20",-0.00587977987335609,0.00450967081584372,0.192296408470779
"chr9:128552696:128566738:clu_51742:ENSG00000197694.15",0.00310778104540076,0.00468305510294828,0.506931910475453
"chr9:129142082:129142445:clu_51828:ENSG00000119383.19",-0.000795112762326856,0.00401770329349399,0.843121496873324
"chr9:128635259:128635658:clu_51752:ENSG00000119333.11",-0.000909151615121526,0.00331563294378821,0.783929754942058
"chr9:18474295:18504829:clu_50258:ENSG00000178031.16",0.00530251157035506,0.00339998160612328,0.118861373579802
"chr9:114095105:114095214:clu_51360:ENSG00000136883.13",0.00304156680570947,0.00548895827977173,0.579493576244207
"chr9:114092904:114093229:clu_51357:ENSG00000136883.13",0.00305831525639462,0.00329922905671618,0.353937562872201
"chr9:114424546:114424988:clu_51396:ENSG00000095397.13",0.00375043010341582,0.0033255033943122,0.259413618591227
"chr9:122265780:122270864:clu_51503:ENSG00000148187.17",-0.00250714651647243,0.00324575020330416,0.439854011098341
"chr9:122242043:122243744:clu_51499:ENSG00000119446.13",0.00469577716258313,0.00369218154375543,0.203438348698331
"chr9:121766730:121768432:clu_51485:ENSG00000136848.16",-0.00681541340753941,0.00401540947198251,0.0896371849806809
"chr9:122291840:122322540:clu_51505:ENSG00000148187.17",0.00725726726450999,0.00410100686567732,0.0767886968686438
"chr9:121774412:121776198:clu_51488:ENSG00000136848.16",-0.00129375705339375,0.00345262121336306,0.707870691404718
"chr9:133412492:133412778:clu_52044:ENSG00000148300.11",0.00395664073436051,0.00256708374434241,0.123244304496153
"chr9:133534917:133536563:clu_52062:ENSG00000197859.9",-0.000111484159305393,0.00275073893358628,0.967671543568936
"chr9:133534917:133536712:clu_52062:ENSG00000197859.9",0.00355422965865785,0.00292261503511219,0.22394194149905
"chr9:72360787:72364696:clu_50742:ENSG00000107372.12",0.0202518696926564,0.00493671215041908,4.09065039110867e-05
"chr9:4662036:4666212:clu_50126:ENSG00000106686.16",-0.00576002710522668,0.00280378063542111,0.0399390568247746
"chr9:114211018:114219791:clu_51369:ENSG00000196739.14",-0.00122822506409304,0.00333059832835412,0.712299096312368
"chr9:115042341:115046410:clu_51400:ENSG00000041982.15",0.00263928291384909,0.00383212512239913,0.490995923640708
"chr9:114162785:114167689:clu_51364:ENSG00000196739.14",0.00303546844103319,0.00346602038632295,0.381150098575621
"chr9:114211026:114219791:clu_51369:ENSG00000196739.14",0.00200880923768434,0.00319720985667117,0.529806963599684
"chr9:114156012:114162715:clu_51364:ENSG00000196739.14",-0.00646449430591985,0.00430718187563922,0.133390735879468
"chr9:18777906:18795397:clu_50266:ENSG00000178031.16",0.0121284201628605,0.00437775618693318,0.00559763209762432
"chr9:85823080:85837759:clu_50862:ENSG00000165121.11",0.00223992089879843,0.00359351151535775,0.533071825651318
"chr9:85655200:85657435:clu_50856:ENSG00000135049.15",-0.012316354572027,0.0040720569741752,0.00248959919997416
"chr9:7046917:7103685:clu_50189:ENSG00000107077.18",0.00890838671216793,0.00303635223009001,0.00334720347893358
"chr9:70225834:70225968:clu_50715:ENSG00000165072.9",-0.00531127553625101,0.00393900666885395,0.177536379010402
"chr9:111534353:111576365:clu_51280:ENSG00000173258.12",0.00639354506970595,0.00384844475006144,0.0966467523309064
"chr9:111586165:111592926:clu_51282:ENSG00000106853.18",-0.00451412311194844,0.0036494039949317,0.216106374156323
"chr9:111363659:111366239:clu_51270:ENSG00000136813.14",0.000245241670054148,0.00458975567786474,0.957387389086424
"chr9:111586165:111589264:clu_51282:ENSG00000106853.18",0.00551785938544014,0.00375678934926388,0.141895191410573
"chr9:93450599:93450742:clu_51013:ENSG00000188938.15",0.0126364643686308,0.00494558498651356,0.0106157284560718
"chr9:93447697:93450479:clu_51012:ENSG00000188938.15",0.00264531597055127,0.00392191616576072,0.499996156851952
"chr9:99915362:99922202:clu_51168:ENSG00000136874.10",0.000665765777330663,0.00584563565280369,0.909324134034427
"chr9:100303842:100310299:clu_51183:ENSG00000136891.13",0.00716915523671358,0.0041971707064551,0.0876192054434008
"chr9:100242679:100246616:clu_51178:ENSG00000119509.12",0.00365866287148502,0.00441009414397609,0.406758722301889
"chr9:99915362:99928778:clu_51168:ENSG00000136874.10",-0.0011204744621678,0.00474797813963776,0.813440576826325
"chr9:100298010:100300568:clu_51182:ENSG00000119509.12",-0.0166373269060095,0.00510442632772354,0.00111651237184385
"chr9:136117024:136118485:clu_52156:ENSG00000238227.7",-0.00150630512298615,0.00277321959145642,0.587018857682078
"chr9:136392416:136392522:clu_52176:ENSG00000165684.4",0.000237000638315726,0.00382975472110004,0.950655189022474
"chr9:136745280:136745844:clu_52239:ENSG00000267206.5",0.00252568175736922,0.00325614057913871,0.437945454715934
"chr9:136117024:136117866:clu_52156:ENSG00000238227.7",0.00351334955355744,0.00293264219573559,0.230911149135599
"chr9:136547557:136547839:clu_52217:ENSG00000237886.1",0.000310045343664377,0.00294753047041333,0.916226495608215
"chr9:135075802:135076057:clu_52125:ENSG00000130558.19",-0.00467752420538935,0.00347840249026521,0.178711326110436
"chr9:35801154:35801643:clu_50530:ENSG00000159899.14",0.00136348295465996,0.00415766040224148,0.74295342773268
"chr9:35801154:35801634:clu_50530:ENSG00000159899.14",0.000363339859059412,0.00514932653808067,0.943747424202272
"chr9:36060155:36063795:clu_50552:ENSG00000122707.11",-0.00442222773117105,0.00361994644774261,0.221848356848928
"chr9:37120623:37126312:clu_50568:ENSG00000147905.17",-0.00932338147684107,0.00411360771084919,0.0234224285332997
"chr9:35756861:35786647:clu_50526:ENSG00000227388.2",0.00969508705051014,0.00347136561084536,0.00522420232219722
"chr9:104816345:104817332:clu_51206:ENSG00000165029.15",0.00151240726067329,0.00428562585898443,0.724161679819925
"chr9:111564262:111570091:clu_51281:ENSG00000106853.18",-0.00674500079065991,0.00349900111996728,0.0538932939697611
"chr9:112041960:112058428:clu_51289:ENSG00000106868.16",0.00498147350494965,0.00480511730907034,0.299874877966508
"chr9:27173362:27180240:clu_50338:ENSG00000120156.20",0.00539026505217305,0.00294783416075037,0.0674669014763181
"chr9:89318612:89319652:clu_50916:ENSG00000187742.14",-0.00459344713036033,0.00703268012821876,0.513654804801973
"chr9:89605174:89605432:clu_50930:ENSG00000130222.10",-0.0103085039971874,0.00317323119232862,0.00115981483443339
"chr9:98129890:98130955:clu_51135:ENSG00000106789.12",0.00156356135807251,0.00443442874817305,0.72439141807466
"chr9:97362441:97364018:clu_51102:ENSG00000197816.13",-0.00892790478773946,0.00432093555467516,0.0388098665639667
"chr9:97343563:97347314:clu_51100:ENSG00000197816.13",-0.00169986592160236,0.00428663717885148,0.691699338732823
"chr9:96944085:96949555:clu_51093:ENSG00000196312.12",0.00738761624422009,0.00426238822779975,0.0830582525686383
"chr9:97627612:97633243:clu_51113:ENSG00000136925.14",0.00542682582367146,0.00383734787602844,0.157299481361355
"chr9:135096019:135098286:clu_52126:ENSG00000130558.19",0.000845729860801131,0.00273780899700786,0.757391855895002
"chr9:547341:549190:clu_50075:ENSG00000226403.1",0.00266091659063135,0.00401222605464399,0.507201151377032
"chr9:547341:549190:clu_50075:ENSG00000107104.18",-0.00313147828588863,0.00453479049675062,0.489851329673154
"chr9:100020731:100022042:clu_51172:ENSG00000023318.7",-0.0013304604212082,0.0048773171664092,0.785018260900373
"chr9:100284603:100292375:clu_51180:ENSG00000119509.12",-0.00275317308822843,0.005957261648399,0.643970793141632
"chr9:99822407:99825659:clu_51163:ENSG00000119508.17",-0.00376361164964841,0.0055439960022774,0.497224912401226
"chr9:100284603:100292326:clu_51180:ENSG00000119509.12",0.00257042872739967,0.00535731250323144,0.631370915275117
"chr9:98790606:98796133:clu_51147:ENSG00000165138.17",-0.00760629487108164,0.003531565939051,0.0312556786272787
"chr9:98784876:98790104:clu_51147:ENSG00000165138.17",0.00438149029830344,0.00388979799121829,0.259993871205504
"chr9:99144888:99146485:clu_51157:ENSG00000106799.12",-0.000609048702812865,0.00388876867441207,0.875546416164439
"chr9:109217145:109243618:clu_51254:ENSG00000095203.14",-0.010158241993898,0.00452789354753261,0.024865830096664
"chr9:83850297:83853629:clu_50832:ENSG00000165115.14",-0.00458482357660387,0.00389597312887523,0.239270997983128
"chr9:97641662:97643204:clu_51115:ENSG00000136937.12",-0.00326743377852543,0.00391375779309151,0.40379740949162
"chr9:97641691:97643204:clu_51115:ENSG00000136937.12",0.00483682734387979,0.00433709785661913,0.264755261409713
"chr9:97365739:97366559:clu_51103:ENSG00000197816.13",0.00245232396213413,0.00419471920955888,0.558802099404227
"chr9:97294110:97294845:clu_51096:ENSG00000254633.1",-0.00420620850932198,0.00433156498072566,0.331518513897508
"chr9:98005153:98007502:clu_51126:ENSG00000136938.8",-0.0028039984000607,0.00438643245384941,0.522664542702138
"chr9:96246590:96249751:clu_51070:ENSG00000130948.9",0.00376037356176163,0.00413127667911207,0.362706128165112
"chr9:97366700:97369922:clu_51103:ENSG00000197816.13",0.00292709899682409,0.00390778752536674,0.453831580806838
"chr9:96845016:96851947:clu_51091:ENSG00000196597.11",0.00204963945186734,0.00474494370811361,0.665768407184503
"chr9:97343563:97354569:clu_51100:ENSG00000197816.13",-0.00259964097089546,0.00483615131179725,0.590892350168004
"chr9:97501803:97524141:clu_51108:ENSG00000136842.13",-0.00111425372511729,0.00425075210223482,0.79322047920619
"chr9:134034829:134036032:clu_52085:ENSG00000169925.16",0.000209022521797779,0.00318649998916237,0.947699256790856
"chr9:134034826:134036032:clu_52085:ENSG00000169925.16",0.000854323030648136,0.00327689262076734,0.794315128731256
"chr9:134812502:134812605:clu_52114:ENSG00000130635.15",-0.00321567397937948,0.00246633623883228,0.192292823441707
"chr9:134036324:134040034:clu_52086:ENSG00000169925.16",0.00206910397761778,0.00316710322933517,0.51355568026404
"chr9:125220700:125227910:clu_51575:ENSG00000136933.16",0.00381223008166042,0.00481204496657841,0.42822855405059
"chr9:124940155:124940971:clu_51567:ENSG00000136935.13",-0.00703142416965836,0.00467629488281744,0.132676282310408
"chr9:125748623:125929655:clu_51590:ENSG00000167081.16",-0.00604801810646994,0.00451505659149475,0.180400763405144
"chr9:125232745:125233529:clu_51576:ENSG00000136933.16",-0.00458979574169472,0.00414207375738423,0.267822403807034
"chr9:3674648:3690837:clu_50112:ENSG00000232104.3",0.00528211574876804,0.00269317412883702,0.0498443260417509
"chr9:98944250:98985565:clu_51151:ENSG00000204291.10",0.00784074280698381,0.00472623388772134,0.0971191696499096
"chr9:4685158:4688513:clu_50128:ENSG00000106993.11",0.00149608738502158,0.00372202848255478,0.687717257751293
"chr9:540667:676890:clu_50075:ENSG00000226403.1",-0.00591229888115696,0.00369570844687072,0.109648692876379
"chr9:707247:710804:clu_50076:ENSG00000107104.18",0.000731159276395715,0.00356598282964528,0.837543029943593
"chr9:730248:731158:clu_50077:ENSG00000107104.18",0.00853159434633269,0.00346903360993573,0.0139185882459281
"chr9:713464:730051:clu_50077:ENSG00000107104.18",-0.00400169412480028,0.00334914359219429,0.232149152665024
"chr9:69230232:69236028:clu_50701:ENSG00000119139.17",-0.00618290309168497,0.00351065068771357,0.0782072039667381
"chr9:136669721:136669914:clu_52224:ENSG00000172889.15",0.000764850862444405,0.00352479453758263,0.828214878822743
"chr9:136808326:136823525:clu_52245:ENSG00000213213.13",-0.00818769291862871,0.00489175485341583,0.094174990633055
"chr9:137348196:137349110:clu_52398:ENSG00000187609.15",-0.00393744864710512,0.00306675564149868,0.199172259870755
"chr9:137435338:137435719:clu_52422:ENSG00000188833.9",0.00362998579074878,0.0036945692098797,0.32584404797822
"chr9:137049075:137049870:clu_52321:ENSG00000054179.11",0.00259934683073302,0.00382350044975849,0.496609372636209
"chr9:136808326:136809255:clu_52245:ENSG00000196642.18",0.00737201526835414,0.00371235878405234,0.047055140957705
"chr9:136808326:136823525:clu_52245:ENSG00000196642.18",-0.00818769291862871,0.00489175485341583,0.094174990633055
"chr9:137216166:137216272:clu_52376:ENSG00000188566.13",0.00079894709556444,0.00333589788451337,0.810718000533095
"chr9:136806672:136806757:clu_52245:ENSG00000196642.18",-0.00176950770788,0.00316364590101612,0.575939620681056
"chr9:136806672:136806757:clu_52245:ENSG00000213213.13",-0.00176950770788,0.00316364590101612,0.575939620681056
"chr9:137040737:137040814:clu_52319:ENSG00000107281.9",-0.00441608742060116,0.00323260485431944,0.171905061063443
"chr9:137040984:137041062:clu_52319:ENSG00000107281.9",0.00174298284856705,0.00317181245258714,0.58264681113357
"chr9:137048860:137048941:clu_52321:ENSG00000054179.11",0.00114338515056226,0.00344962733138231,0.740303251461858
"chr9:136808326:136809255:clu_52245:ENSG00000213213.13",0.00737201526835414,0.00371235878405234,0.047055140957705
"chr9:137080874:137081998:clu_52327:ENSG00000197355.10",0.00275061308131547,0.00325809976109989,0.398536174455881
"chr9:137382489:137383313:clu_52410:ENSG00000187609.15",0.00194994282848324,0.00380859781083889,0.608661897515401
"chr9:136384814:136387485:clu_52174:ENSG00000165684.4",0.00280802543038569,0.0029943405159898,0.34835872044194
"chr9:137374763:137379697:clu_52410:ENSG00000187609.15",0.0117977736965173,0.00496753421937115,0.0175500994460799
"chr9:137423706:137426248:clu_52414:ENSG00000188747.8",-0.000899710497483534,0.00343347051096718,0.793289731487187
"chr9:136384814:136387513:clu_52174:ENSG00000165684.4",-0.0032002862288412,0.00300200711245832,0.286401560154162
"chr9:137012590:137012712:clu_52307:ENSG00000107331.16",-0.000134727453690474,0.00375914349039826,0.971409990972123
"chr9:136431117:136431824:clu_52192:ENSG00000148384.12",-0.00507087340918021,0.00319917699173957,0.112953702027741
"chr9:136741361:136741656:clu_52237:ENSG00000187922.13",0.00452152945557069,0.00339285511539652,0.18264271290608
"chr9:136740044:136740836:clu_52237:ENSG00000187922.13",0.00895471591736563,0.00324783372264558,0.00583102783279466
"chr9:136740048:136741881:clu_52237:ENSG00000187922.13",0.00239277991156034,0.00294356933765259,0.416284667325373
"chr9:137423834:137426248:clu_52414:ENSG00000188747.8",-0.000318061510840977,0.00391584349454104,0.935263602357551
"chr9:137215202:137215659:clu_52375:ENSG00000188566.13",-0.00174619459555448,0.00415866545490627,0.674563607312803
"chr9:136448161:136450818:clu_52202:ENSG00000148396.18",0.00623631017171439,0.00345904488318308,0.0714040049446649
"chr9:136741737:136741881:clu_52237:ENSG00000187922.13",0.00183108072884459,0.00288911957950114,0.526221126494303
"chr9:137577603:137577996:clu_52455:ENSG00000148399.12",0.00675798999406057,0.00374285496240818,0.0709853919204815
"chr9:137256070:137256329:clu_52387:ENSG00000188986.6",0.00548925697165859,0.00350088732482056,0.116890088905108
"chr9:136665817:136668241:clu_52223:ENSG00000172889.15",-0.00368325277916104,0.00316927966485081,0.245165004469179
"chr9:136952441:136952892:clu_52291:ENSG00000184925.11",-0.00243619289478613,0.00321948625875599,0.449228192273762
"chr9:137782397:137784106:clu_52469:ENSG00000181090.19",0.00587539613416354,0.00493380626195491,0.233714629081838
"chr9:136857041:136857367:clu_52273:ENSG00000177943.13",-0.00440851353753443,0.00357862624084256,0.21798603725927
"chr9:137588718:137589404:clu_52459:ENSG00000165724.5",-0.00915655878380447,0.00405868010988318,0.0240679084842595
"chr9:137373599:137383313:clu_52410:ENSG00000187609.15",-0.00432789038630394,0.00454082176344176,0.34053570608022
"chr9:136410239:136410328:clu_52185:ENSG00000165689.16",-0.0015470079202786,0.00306834404665534,0.614132553325692
"chr9:137112029:137112112:clu_52338:ENSG00000176978.13",-0.00596645361128329,0.00395687327608072,0.131587601265908
"chr9:137588718:137590213:clu_52459:ENSG00000165724.5",0.00890688516931331,0.00405623753456693,0.0281027524879484
"chr9:136828546:136829393:clu_52249:ENSG00000196642.18",0.00284972301810225,0.00322246090635407,0.376517400716494
"chr9:137428141:137428882:clu_52416:ENSG00000188747.8",0.00450019379958296,0.00370165381999488,0.224089624387022
"chr9:137107662:137108531:clu_52337:ENSG00000177239.14",-0.00488513884135673,0.00339449678799444,0.150112301760315
"chr9:136807066:136823525:clu_52245:ENSG00000213213.13",0.00996934473310526,0.00334837782259087,0.00290737144581121
"chr9:137782397:137790848:clu_52469:ENSG00000181090.19",-0.00715548894087612,0.00490816826939635,0.144875386836635
"chr9:136392777:136394249:clu_52178:ENSG00000165684.4",0.000831007162870624,0.00371913312121861,0.823192226462887
"chr9:136807066:136823525:clu_52245:ENSG00000196642.18",0.00996934473310526,0.00334837782259087,0.00290737144581121
"chr9:137606680:137612896:clu_52460:ENSG00000197070.13",-0.00204714493259367,0.00495370446064954,0.679419530151587
"chr9:137354377:137356268:clu_52405:ENSG00000187609.15",-0.00227491563763456,0.00328192510082639,0.488206005208622
"chr9:137356368:137366493:clu_52406:ENSG00000187609.15",0.00190530321834251,0.00285714487750877,0.504864338892965
"chr9:137576167:137576309:clu_52455:ENSG00000148399.12",0.0024842942570043,0.00441800750287974,0.573904138850256
"chr9:87969919:87970568:clu_50904:ENSG00000156345.17",-0.00112998103143994,0.00319191212789922,0.723328520121016
"chr9:87969349:87969796:clu_50904:ENSG00000156345.17",-0.000980721831923443,0.00351606663354974,0.780301739344453
"chr9:127612440:127651603:clu_51636:ENSG00000136854.19",0.0095705574703298,0.00468804173565945,0.0412028427004373
"chr9:127473931:127478939:clu_51624:ENSG00000148356.13",-0.00564035863042353,0.00526193918845381,0.283757607355624
"chr9:127034514:127052847:clu_51600:ENSG00000136828.18",-0.00874370628870343,0.0035385135409428,0.0134731631188121
"chr9:108936437:108950507:clu_51243:ENSG00000119328.11",-3.98986777279763e-05,0.0041915143165,0.992405117624586
"chr9:108992819:108999067:clu_51250:ENSG00000119326.14",0.00194749837635224,0.00300169178061608,0.516467496144858
"chr9:93308584:93308721:clu_51007:ENSG00000165238.16",-0.00752406911992753,0.00552029108563605,0.172887513550328
"chr9:87967659:87969194:clu_50903:ENSG00000156345.17",-0.00124511000434446,0.00281282485165803,0.658015548239879
"chr9:133475113:133475400:clu_52060:ENSG00000160326.13",-0.000370054455546897,0.00252928822528802,0.883678452385288
"chr9:133475108:133475400:clu_52060:ENSG00000160326.13",0.000634931199692879,0.00252888347168864,0.801758636432719
"chr9:93111938:93112218:clu_50997:ENSG00000165233.17",-0.0138223791319505,0.00472888641716736,0.00346713215998962
"chr9:93437294:93438627:clu_51010:ENSG00000227603.1",-0.00195955745358433,0.00371618385425057,0.597982713231543
"chr9:95082235:95082575:clu_51042:ENSG00000148120.16",0.00291802359086808,0.00462068679380748,0.527705178497851
"chr9:37763865:37768076:clu_50586:ENSG00000165275.9",-0.00131781588446114,0.00376789840385677,0.726527637187782
"chr9:37763753:37768076:clu_50586:ENSG00000165275.9",0.00342323599510716,0.00308271404293095,0.2668001068587
"chr9:26887513:26892413:clu_50325:ENSG00000120159.11",0.00315765303529791,0.00304160973288731,0.299199324883844
"chr9:26887513:26892259:clu_50325:ENSG00000120159.11",0.00166995781136305,0.00300805946703228,0.578784426216807
"chr9:92305830:92306886:clu_50971:ENSG00000198000.11",-0.00786451895310495,0.00405397541828179,0.0523854866585909
"chr9:93497599:93498790:clu_51014:ENSG00000048828.16",0.0102167450881333,0.00379008614152672,0.00702514740003402
"chr9:93516269:93527155:clu_51014:ENSG00000048828.16",-0.00530019144218135,0.00473346444388207,0.262829800361192
"chr9:93299261:93300051:clu_51006:ENSG00000165238.16",0.0149603296403607,0.00658971897795954,0.0231922336232615
"chr9:127402753:127403660:clu_51615:ENSG00000136856.17",-0.000382345902115032,0.00272397799802089,0.888373138381256
"chr9:111473000:111483504:clu_51278:ENSG00000136813.14",0.00100703383120342,0.00401422881809277,0.801917653376928
"chr9:85846047:85849346:clu_50863:ENSG00000165121.11",0.010939177371176,0.00422878729328208,0.00968618037972246
"chr9:20346574:20360742:clu_50287:ENSG00000171843.15",-0.00391489833360027,0.00516445590737304,0.448423075318325
"chr9:21008146:21011589:clu_50302:ENSG00000188921.13",-0.00226914306932151,0.00423366724854067,0.591975295479282
"chr9:68398221:68399083:clu_50688:ENSG00000233178.7",0.00646517877804037,0.00492348580009431,0.189139018528124
"chr9:129874756:129874829:clu_51853:ENSG00000136878.12",0.00036379437130269,0.00324631898203358,0.910772934748597
"chr9:125332629:125335172:clu_51581:ENSG00000165219.21",0.00501202590579817,0.00439983973401146,0.254645479764293
"chr9:125171180:125189644:clu_51574:ENSG00000119414.11",-0.0173886523722134,0.00436833158802849,6.87367950867879e-05
"chr9:124807966:124809808:clu_51556:ENSG00000185585.19",0.00723127105637838,0.00484582750920322,0.135629024832787
"chr9:117708318:117708563:clu_51419:ENSG00000136869.13",0.0047584503463481,0.00315220508236309,0.131155115441077
"chr9:35608509:35609107:clu_50492:ENSG00000107140.15",-0.00470759805876444,0.00345997725817038,0.173644426637797
"chr9:35608509:35608862:clu_50492:ENSG00000107140.15",0.00480806626182122,0.00345827284975216,0.164435206996885
"chr9:35717786:35718356:clu_50512:ENSG00000137076.20",-0.0213096639866369,0.00695845475241318,0.00219560110657258
"chr9:35810682:35810883:clu_50537:ENSG00000137098.13",-0.010858724472989,0.00488391209977984,0.0261911253859148
"chr9:35684550:35684732:clu_50503:ENSG00000198467.13",0.0073123745172695,0.00611204944812372,0.23154569877739
"chr9:137185087:137186224:clu_52363:ENSG00000176248.8",-0.00652840786678039,0.00298876911290446,0.0289392404478158
"chr9:137834524:137834773:clu_52476:ENSG00000181090.19",0.00224265553178166,0.00366017885170078,0.540063167953434
"chr9:136549218:136549546:clu_52219:ENSG00000237886.1",0.0081919649915704,0.00296143815423775,0.00567116984501315
"chr9:136850137:136850506:clu_52266:ENSG00000054148.17",0.00663104654723725,0.00436600955883823,0.128815658549224
"chr9:137619049:137716626:clu_52465:ENSG00000181090.19",0.00126961689648323,0.00370418455405145,0.731784992115523
"chr9:137613006:137613413:clu_52461:ENSG00000197070.13",0.00181002026337083,0.00473884777352929,0.702495735386305
"chr9:137175837:137180181:clu_52358:ENSG00000176248.8",-0.0065444678550015,0.00326240154751482,0.0448532932951626
"chr9:137547396:137547585:clu_52452:ENSG00000130653.15",0.00406766496923509,0.00413646607580307,0.325426758444774
"chr9:137183791:137184913:clu_52362:ENSG00000176248.8",-0.00187829090325592,0.00330410013942591,0.569714001705373
"chr9:137163904:137167774:clu_52355:ENSG00000176884.14",-0.00401792670158596,0.00281968475979421,0.154169921897937
"chr9:137307263:137307608:clu_52396:ENSG00000187609.15",0.00171924728537468,0.00383776055375156,0.654166255557016
"chr9:137188778:137189001:clu_52366:ENSG00000176101.11",-0.0119008967841584,0.00365741418094006,0.00113828313287612
"chr9:137078254:137078502:clu_52325:ENSG00000197355.10",0.00270253421188505,0.00333716382945715,0.418038089790116
"chr9:137188778:137189066:clu_52366:ENSG00000176101.11",0.010462043904221,0.00335632735108029,0.00182632978479125
"chr9:111370765:111371621:clu_51271:ENSG00000136813.14",-0.00698768828512066,0.0034400004818169,0.0422241202957557
"chr9:85849543:85856750:clu_50863:ENSG00000165121.11",0.00380595600630342,0.00476356681857746,0.424306708966093
"chr9:86326491:86328340:clu_50888:ENSG00000083223.17",-0.00806687045658868,0.00346947338564204,0.0200666462064175
"chr9:86325514:86328340:clu_50888:ENSG00000083223.17",0.00264685392204452,0.00360986027045263,0.463418823684979
"chr9:85956393:85958472:clu_50866:ENSG00000135040.15",-0.00243598321711261,0.00367400581608773,0.507310095831033
"chr9:86948993:86950867:clu_50891:ENSG00000226237.1",0.0099635050145331,0.00360192812825956,0.0056720914898637
"chr9:85806133:85822880:clu_50862:ENSG00000165121.11",0.00663038353039931,0.00380242412718215,0.0812069841740415
"chr9:86079341:86100025:clu_50877:ENSG00000135052.16",-0.000829346004605821,0.00413590855391708,0.841071342401549
"chr9:86301601:86303086:clu_50883:ENSG00000083223.17",-0.000107002974608993,0.00532775727545904,0.983976319179676
"chr9:93289485:93289978:clu_51005:ENSG00000165238.16",-0.000552397054155785,0.00354554793615164,0.876190518177475
"chr9:91775818:91883258:clu_50945:ENSG00000169071.14",0.00787850939026756,0.00421808656165811,0.061791034111461
"chr9:91775818:91948607:clu_50945:ENSG00000169071.14",-0.00540433980807567,0.00436414010681206,0.215585725083876
"chr9:136447909:136448084:clu_52201:ENSG00000148396.18",-0.009880704806808,0.00456934537309763,0.0305881603264572
"chr9:134730475:134731496:clu_52104:ENSG00000130635.15",0.0045963545396547,0.00269740560013818,0.0883827912527737
"chr9:136349763:136355690:clu_52164:ENSG00000160360.12",0.00380768699243025,0.00317155671108362,0.229916679390382
"chr9:108935689:108936308:clu_51243:ENSG00000119328.11",-0.00898372850755113,0.00329398800885917,0.00638528973386454
"chr9:108880165:108881705:clu_51235:ENSG00000070061.14",0.00316465141449487,0.00335504167434408,0.345551770546749
"chr9:106927164:106930525:clu_51226:ENSG00000148143.12",-0.00207422579672472,0.00424985991339222,0.625500814906268
"chr9:105705753:105721537:clu_51223:ENSG00000095209.11",-0.00201085752880564,0.00353621335171789,0.569595642496302
"chr9:87729735:87731008:clu_50902:ENSG00000135047.14",0.00270144021464461,0.00729639699509377,0.711201409220742
"chr9:72360787:72363470:clu_50742:ENSG00000107372.12",-0.014037823667392,0.00613071551207934,0.0220356445001358
"chr9:35820000:35825230:clu_50506:ENSG00000204930.9",0.00982833116947415,0.00317422153331288,0.00195954283218436
"chr9:34652233:34655218:clu_50436:ENSG00000137070.17",-0.0101899610288877,0.00604975467165957,0.0921122359763697
"chr9:35064285:35065251:clu_50452:ENSG00000165280.15",-0.0120061215961904,0.00431234851490592,0.00536721805846219
"chr9:34652233:34655218:clu_50436:ENSG00000213930.11",-0.0101899610288877,0.00604975467165957,0.0921122359763697
"chr9:34647567:34647832:clu_50434:ENSG00000213930.11",-0.00265425244328629,0.00721304250108724,0.712888450717064
"chr9:35722223:35723952:clu_50513:ENSG00000137076.20",0.00882336082497198,0.00737777390023379,0.231720719669498
"chr9:35618121:35618742:clu_50496:ENSG00000137101.12",-0.00388375353324905,0.00459233350362208,0.397718046698301
"chr9:35842717:35845708:clu_50546:ENSG00000137103.16",0.0100410958162797,0.00376533126763006,0.0076594753334035
"chr9:128247935:128248583:clu_51709:ENSG00000106976.20",0.00482671000156236,0.00490748033590561,0.325341057858396
"chr9:128185776:128187863:clu_51702:ENSG00000148337.20",-0.00386067126911953,0.00396530906731816,0.330249378941091
"chr9:127525163:127527194:clu_51632:ENSG00000136830.11",-0.00622882814260281,0.00332406865403212,0.0609501862021379
"chr9:129068332:129069076:clu_51818:ENSG00000148343.18",-0.00285863215674476,0.00404295919740168,0.479526513659556
"chr9:127761650:127773990:clu_51649:ENSG00000095370.19",0.000689831933138995,0.0052313544026467,0.895091165796214
"chr9:129123138:129127964:clu_51827:ENSG00000119383.19",-0.00379750556334005,0.00473006682725589,0.422064932392969
"chr9:5801328:5805027:clu_50159:ENSG00000099219.13",0.00484617890974818,0.00363641985965205,0.182637300541608
"chr9:37974837:38015759:clu_50600:ENSG00000107338.9",0.000261785642438789,0.0036384606849982,0.942642049681703
"chr9:33262830:33264276:clu_50372:ENSG00000107262.18",0.0141769908273199,0.00371232687624593,0.0001340501756667
"chr9:33401287:33402373:clu_50382:ENSG00000165269.12",-0.00198350636927741,0.00370708436433546,0.592609523168294
"chr9:33472412:33503827:clu_50393:ENSG00000165271.16",-0.0133154854180892,0.00341029028736475,9.44195918813895e-05
"chr9:86323960:86324362:clu_50887:ENSG00000083223.17",0.00183133104232977,0.00473200622390338,0.698749225070347
"chr9:26928220:26928308:clu_50329:ENSG00000137055.14",1.78996522452072e-05,0.00411114385229402,0.996526073628043
"chr9:4823619:4826858:clu_50135:ENSG00000120158.11",0.00241729223456941,0.00286209581341426,0.398340822398946
"chr9:4605440:4617403:clu_50122:ENSG00000106686.16",0.00653481536602425,0.00349012771432751,0.0611552369053855
"chr9:75088726:75127569:clu_50760:ENSG00000134996.11",0.00537944201619086,0.00310889234029696,0.083569475452169
"chr9:131486182:131486481:clu_51936:ENSG00000130723.18",-0.00497021934373814,0.00306689753861022,0.105103088893333
"chr9:131492260:131494405:clu_51938:ENSG00000130723.18",0.00183566494107282,0.0034493795636068,0.594606528522649
"chr9:120528797:120529978:clu_51430:ENSG00000136861.17",0.0106268004634062,0.00398390969102154,0.00764337961099271
"chr9:120530140:120536372:clu_51430:ENSG00000136861.17",-0.00754397922990852,0.00397257827064245,0.0575627187506531
"chr9:129085616:129086139:clu_51822:ENSG00000167130.17",0.00228023974833844,0.00424535886353584,0.591189185227635
"chr9:129084768:129085023:clu_51821:ENSG00000167130.17",0.00369933834411252,0.00371948796567726,0.31993927014375
"chr9:129048539:129049381:clu_51813:ENSG00000148343.18",-0.00563717277603272,0.00429387528682148,0.189236747026185
"chr9:129496088:129503323:clu_51836:ENSG00000204054.13",0.00131462952700296,0.00425883546508931,0.757562780518345
"chr9:129014904:129015740:clu_51808:ENSG00000148341.17",0.000498172036222963,0.00487045677147465,0.918530890483836
"chr9:129061346:129063244:clu_51815:ENSG00000148343.18",-0.00974788591975372,0.00440530578371299,0.0269141729625165
"chr9:134429240:134431905:clu_52098:ENSG00000186350.9",-0.00333605669043946,0.00311477850092658,0.284150820212321
"chr9:133112152:133148963:clu_52023:ENSG00000160271.14",-0.000115963165079566,0.00306959066515179,0.969864641425836
"chr9:133112152:133148963:clu_52023:ENSG00000148288.11",-0.000920330877074835,0.00307663131069706,0.764836355157883
"chr9:134880921:134882526:clu_52122:ENSG00000160339.15",0.00879786507313955,0.00293163058092034,0.00269081995250009
"chr9:108972833:108976962:clu_51247:ENSG00000119326.14",0.00180549558151403,0.00307336085518112,0.556890653503054
"chr9:92068098:92070124:clu_50952:ENSG00000090054.13",-0.00457176256760838,0.00390818056914784,0.242084250944245
"chr9:85816263:85818554:clu_50862:ENSG00000165121.11",-0.000555394183773484,0.00354342306994366,0.875450194569883
"chr9:85962180:85974967:clu_50867:ENSG00000135040.15",-0.00601261862034901,0.00341521979917357,0.0783169088605128
"chr9:85966674:85974967:clu_50867:ENSG00000135040.15",0.000526534205913553,0.00323474786106587,0.870696049758909
"chr9:85547286:85575315:clu_50849:ENSG00000135049.15",0.00139862370275389,0.00354378145545532,0.693086554888563
"chr9:88416766:88418778:clu_50908:ENSG00000106723.16",0.000933795957042553,0.00360370750029256,0.795541953895252
"chr9:88388538:88418850:clu_50908:ENSG00000106723.16",-0.000580511612977938,0.00378177031260012,0.878001932308303
"chr9:125748623:125797395:clu_51590:ENSG00000167081.16",0.000102240139104164,0.00462061666400178,0.982346691298125
"chr9:125748428:125748550:clu_51589:ENSG00000167081.16",-0.00990591330602876,0.00484355590378547,0.040837733181485
"chr9:127345477:127353846:clu_51610:ENSG00000136895.18",0.00110030542252719,0.00378542132524144,0.771304322891331
"chr9:112041960:112052399:clu_51289:ENSG00000106868.16",0.00425057563974221,0.00323777233872715,0.189247423438784
"chr9:83007505:83009641:clu_50812:ENSG00000165105.9",-0.00679085354775506,0.00500640672878895,0.174961550682782
"chr9:5769256:5770087:clu_50157:ENSG00000107036.11",-0.00607437271162026,0.00368658521174622,0.0994150133396106
"chr9:4635399:4656041:clu_50125:ENSG00000106686.16",0.00474133039523991,0.00268099353125177,0.0769777674233891
"chr9:13176417:13183418:clu_50211:ENSG00000107186.16",0.0100049614115064,0.00504570552935,0.0473823225006857
"chr9:13114021:13119502:clu_50203:ENSG00000107186.16",0.00554124680410244,0.0032233395564808,0.0855959517366259
"chr9:75078611:75078705:clu_50758:ENSG00000106733.20",-0.00209229484091909,0.00377649606312006,0.579557820467137
"chr9:85818745:85822880:clu_50862:ENSG00000165121.11",0.0006877313372629,0.00315051730480093,0.827201950052557
"chr9:85977446:85978267:clu_50871:ENSG00000135040.15",0.0020352276401785,0.00348693679162771,0.559440956944493
"chr9:85977446:85978225:clu_50871:ENSG00000135040.15",-8.1697219197997e-06,0.00346606754268522,0.9981193416257
"chr9:154795:156481:clu_50065:ENSG00000172785.18",-0.00518532723343737,0.00266272599883285,0.0514897394089484
"chr9:156527:162432:clu_50067:ENSG00000172785.18",-0.0054556414151708,0.00332331226761645,0.100667187147412
"chr9:156527:161567:clu_50067:ENSG00000172785.18",-0.00464296233601606,0.00378594866813519,0.22006061589725
"chr9:79704902:79705889:clu_50801:ENSG00000106829.18",0.00321245153978882,0.00344304637800666,0.350806581795908
"chr9:105539351:105546358:clu_51218:ENSG00000106701.11",-0.00159321462195274,0.00258467003185625,0.537624422810627
"chr9:33536945:33539449:clu_50396:ENSG00000230453.9",0.00918116641484642,0.00339787728110102,0.0068917539794553
"chr9:95449940:95453478:clu_51049:ENSG00000185920.15",-0.00106808626072013,0.00392515299629403,0.785534917875304
"chr9:95449323:95449841:clu_51049:ENSG00000185920.15",0.000615465477856417,0.00379492828015845,0.871163277017339
"chr9:94924175:94955177:clu_51038:ENSG00000148120.16",0.00270304006442982,0.00350924053411806,0.441143574667579
"chr9:95081172:95082575:clu_51042:ENSG00000148120.16",0.00129992476808693,0.00405635153803488,0.748614723735916
"chr9:95005220:95005542:clu_51040:ENSG00000148120.16",-0.0041701275280409,0.00482130358683036,0.387072950643705
"chr9:95005383:95005542:clu_51040:ENSG00000148120.16",0.00671487065696946,0.0053209565921565,0.206960726787441
"chr9:95056406:95060694:clu_51041:ENSG00000148120.16",-0.00324760648095908,0.00455526646431661,0.47588630814047
"chr9:96235570:96240758:clu_51068:ENSG00000130948.9",-0.00656886590814499,0.00481012127193984,0.172053820043437
"chr9:96240907:96244329:clu_51068:ENSG00000130948.9",0.00080562429252423,0.00484685096278452,0.867986950085702
"chr9:97651373:97653798:clu_51118:ENSG00000136937.12",0.00229221024877638,0.0048738867101119,0.638137571361872
"chr9:98199584:98200253:clu_51138:ENSG00000095383.19",-0.0044853111870905,0.00361924849617015,0.215236819796698
"chr9:129833709:129834707:clu_51848:ENSG00000136819.15",0.00252480776258727,0.00289388329975524,0.38295553229796
"chr9:129047224:129048427:clu_51809:ENSG00000148343.18",0.00886758998762733,0.00311356656763316,0.00439881584227031
"chr9:122265545:122270864:clu_51503:ENSG00000148187.17",-0.00167488264345364,0.0041155825112877,0.684036441683834
"chr9:122271075:122280443:clu_51503:ENSG00000148187.17",0.0023894589671094,0.00339056216961952,0.480973121451589
"chr9:122227030:122227409:clu_51498:ENSG00000106852.15",0.00156405475891865,0.00364057325609687,0.667473749479384
"chr9:122264938:122280443:clu_51503:ENSG00000148187.17",0.00349517142181872,0.0033247478212389,0.293139603493037
"chr9:121678917:121699325:clu_51483:ENSG00000136848.16",0.0132156922697913,0.00488383128153328,0.00680971639741379
"chr9:122941093:122957011:clu_51518:ENSG00000011454.16",0.00699981306849624,0.00399650283969602,0.0798624763935052
"chr9:122941088:122957011:clu_51518:ENSG00000011454.16",-0.0148818554208366,0.0037840840298962,8.39796625637934e-05
"chr9:108934565:108935638:clu_51243:ENSG00000119328.11",-0.00398926345204775,0.00309604500993158,0.197570906276995
"chr9:109241809:109243618:clu_51254:ENSG00000095203.14",0.0060041484811989,0.00355921114178378,0.0916163572436521
"chr9:70318963:70323483:clu_50720:ENSG00000198887.8",-0.00146987661539378,0.00471022950298532,0.75499453827817
"chr9:70319586:70323483:clu_50720:ENSG00000198887.8",0.00280200842040362,0.00540903599454042,0.604441787767754
"chr9:70218596:70225750:clu_50715:ENSG00000165072.9",0.0027168215692049,0.00447485924922724,0.54376460186299
"chr9:109087342:109090922:clu_51252:ENSG00000106771.12",0.00333023389381683,0.0031723252315576,0.293820676948663
"chr9:135946371:135946944:clu_52152:ENSG00000130560.8",-0.00423908129511522,0.00274436299274901,0.122430857038129
"chr9:134756818:134758243:clu_52105:ENSG00000130635.15",-0.000449792370554676,0.00293637441345086,0.87825672187056
"chr9:94801002:94923986:clu_51038:ENSG00000148120.16",0.00183524427124584,0.00300584086649177,0.54149133528925
"chr9:95476857:95477547:clu_51052:ENSG00000185920.15",-0.00227796127858068,0.00376585359370877,0.545246071370326
"chr9:95477702:95478055:clu_51052:ENSG00000185920.15",0.00851969028976326,0.00395050214873066,0.0310361071394463
"chr9:95150087:95171079:clu_51045:ENSG00000158169.12",0.00310191685345369,0.00351450530585017,0.377450203187662
"chr9:95135502:95149923:clu_51045:ENSG00000158169.12",0.00063798890085549,0.00358164742173374,0.858623064828778
"chr9:128927196:128933727:clu_51793:ENSG00000175287.18",-0.0118069285172114,0.00378215337715165,0.0017978095252088
"chr9:128990226:128993197:clu_51801:ENSG00000095319.14",-0.0045520890374781,0.00419034324318294,0.277333708924713
"chr9:128833643:128833740:clu_51769:ENSG00000171097.13",-0.00408523538195981,0.00393919895520626,0.299702014245433
"chr9:128988186:128990120:clu_51801:ENSG00000095319.14",-0.00538533976357049,0.00395027233191123,0.172793285936389
"chr9:127803062:127804285:clu_51652:ENSG00000136877.14",0.00476362206970695,0.00423048196133936,0.26015557596593
"chr9:137426330:137428033:clu_52415:ENSG00000188747.8",0.00980473538437611,0.00317432604920485,0.0020099287154185
"chr9:137310669:137310763:clu_52396:ENSG00000187609.15",0.00184714642847613,0.00347722505819687,0.595271330125272
"chr9:137051370:137051526:clu_52322:ENSG00000054179.11",0.00221146013013976,0.00312516482342534,0.479175108224259
"chr9:137497310:137498114:clu_52442:ENSG00000130653.15",0.00283202390647095,0.00344158101283803,0.410573638956415
"chr9:137426330:137427921:clu_52415:ENSG00000188747.8",-0.00842903514127919,0.00304116065133919,0.00557728439488392
"chr9:137354377:137354567:clu_52405:ENSG00000187609.15",-0.0019532652686464,0.0028371116611321,0.491157077055148
"chr9:137051370:137051510:clu_52322:ENSG00000054179.11",-0.00402030280878687,0.00322674317189247,0.212789334073114
"chr9:137431341:137433029:clu_52419:ENSG00000188747.8",-0.00602804910541726,0.00338126134878925,0.0746219301088384
"chr9:136921215:136923852:clu_52281:ENSG00000127191.17",0.000698681164377784,0.00286342992297711,0.807229666841665
"chr9:137216188:137216272:clu_52376:ENSG00000188566.13",-2.33622047170883e-05,0.00314017348394267,0.994063967934071
"chr9:137420156:137423114:clu_52413:ENSG00000187609.15",0.0108283431154827,0.00469144032671,0.0209932231991337
"chr9:113193549:113194027:clu_51318:ENSG00000119321.8",-0.001006505429593,0.00322497434877704,0.754966662596521
"chr9:6421142:6422635:clu_50175:ENSG00000147854.16",0.00270329159988416,0.00479874243380032,0.573207919962526
"chr9:69377744:69382515:clu_50706:ENSG00000135063.17",-0.0133724617725303,0.00595973313898144,0.0248451368103659
"chr9:68391724:68392319:clu_50689:ENSG00000154330.12",0.00596451303023653,0.00716835570897646,0.405374213882831
"chr9:131394263:131430090:clu_51927:ENSG00000130723.18",0.00039088290996166,0.00361844348641163,0.913975740030756
"chr9:130632278:130635999:clu_51902:ENSG00000107164.15",-0.00986483584574784,0.00336177153686997,0.00334176101162942
"chr9:129834766:129835139:clu_51848:ENSG00000136819.15",0.00377224112460791,0.00357485331705579,0.291326713566896
"chr9:130444995:130450272:clu_51894:ENSG00000130707.17",-0.00188255356539147,0.00353366995135029,0.594208432658676
"chr9:137605835:137612896:clu_52460:ENSG00000197070.13",0.0131044804052364,0.00468122563984213,0.00512025043203168
"chr9:137484736:137485022:clu_52437:ENSG00000130653.15",3.05479170925418e-05,0.00504774800032879,0.995171398684284
"chr9:137814508:137815947:clu_52473:ENSG00000181090.19",-0.00252862665467757,0.00354491451891021,0.475653308758276
"chr9:137744090:137754171:clu_52467:ENSG00000181090.19",-0.00920253348735449,0.00458413687585934,0.0446992651692254
"chr9:137434079:137434203:clu_52421:ENSG00000188747.8",0.00512856474224506,0.00427192467484569,0.229934385249631
"chr9:137489340:137493013:clu_52437:ENSG00000130653.15",-0.0157183429320771,0.00501242329014186,0.00171341045872164
"chr9:137612573:137612896:clu_52460:ENSG00000197070.13",-0.0105393808436022,0.00471942515879677,0.0255363089279604
"chr9:137434079:137434224:clu_52421:ENSG00000188747.8",-0.00362257559280489,0.00406747549687106,0.37313299130233
"chr9:93316797:93317520:clu_51007:ENSG00000165238.16",-0.00191534802105178,0.00525475858243348,0.715486305209825
"chr9:92298954:92299890:clu_50968:ENSG00000198000.11",0.000520035701433128,0.00439614928226846,0.905835140594343
"chr9:92269983:92270985:clu_50964:ENSG00000196305.17",0.00326179428790446,0.00435622230252257,0.453997821338899
"chr9:93079602:93084537:clu_50996:ENSG00000157303.10",0.00575259461472118,0.0039064875851558,0.14086576261238
"chr9:92080963:92108740:clu_50951:ENSG00000090054.13",0.000678457363713024,0.00366384715865668,0.853090821022367
"chr9:92310675:92311146:clu_50972:ENSG00000198000.11",-0.00593028887604778,0.00346496986511197,0.0869892263629501
"chr9:92108069:92108740:clu_50951:ENSG00000090054.13",-0.000210643363932677,0.00398378118704501,0.957831316897782
"chr9:91923928:91948607:clu_50945:ENSG00000169071.14",0.0033282073621586,0.00456367723377455,0.465829220529834
"chr9:91775818:91949867:clu_50945:ENSG00000169071.14",0.00111001167939242,0.00363448739895082,0.760053302457751
"chr9:34338847:34339024:clu_50416:ENSG00000164978.17",0.00712003128527073,0.00342946599055722,0.0378815501840518
"chr9:34709682:34709777:clu_50444:ENSG00000137077.7",-0.0101362674272469,0.00793701101608858,0.201570918395894
"chr9:35683241:35684246:clu_50502:ENSG00000198467.13",-0.00558858243851143,0.00631916350616657,0.376487647093731
"chr9:35243364:35258993:clu_50470:ENSG00000198722.14",-0.0176331753686053,0.00467553394727535,0.000162352771725605
"chr9:35684807:35685269:clu_50503:ENSG00000198467.13",0.000706822497319832,0.00641802930391969,0.912305667103536
"chr9:35682163:35684246:clu_50502:ENSG00000198467.13",0.00820417217984687,0.00623398014668798,0.188160351100199
"chr9:35076028:35076432:clu_50456:ENSG00000221829.9",-0.0120265770605111,0.00392126799445575,0.00216209980489257
"chr9:34646919:34647089:clu_50433:ENSG00000213930.11",0.0097913828186494,0.0048399340916946,0.0430689692884407
"chr9:15490124:15506561:clu_50240:ENSG00000164985.14",0.00358258572992972,0.0031044398586663,0.248491963600115
"chr9:15492225:15506561:clu_50240:ENSG00000164985.14",-0.0041536327638245,0.00367511708598933,0.258390190685884
"chr9:13193313:13196121:clu_50214:ENSG00000107186.16",-0.00151790957574145,0.00329012807489129,0.644545558118594
"chr9:13158110:13162691:clu_50209:ENSG00000107186.16",-0.00181602055501246,0.00388541786792431,0.640218096270191
"chr9:13192295:13193167:clu_50213:ENSG00000107186.16",0.00430158217095235,0.00288593022014239,0.136083423197693
"chr9:13143564:13147548:clu_50208:ENSG00000107186.16",-0.00458684117103539,0.00329338320911181,0.163697083283552
"chr9:13140149:13147548:clu_50208:ENSG00000107186.16",-0.00977197367082528,0.00339822450197321,0.00403245615149761
"chr9:13196230:13205036:clu_50214:ENSG00000107186.16",-0.000289315526865708,0.00327456914988667,0.929596717934639
"chr9:13186386:13188784:clu_50212:ENSG00000107186.16",-0.00851807775345112,0.00277971689728819,0.00218129821573698
"chr9:83627458:83628181:clu_50819:ENSG00000148057.15",0.0101603093855552,0.00409912472699525,0.013187939364759
"chr9:734835:735712:clu_50079:ENSG00000107104.18",-0.00706556710256755,0.00339891133092003,0.037638165591392
"chr9:93558718:93561109:clu_51018:ENSG00000048828.16",0.00956713760727277,0.00470280555913982,0.0419166381089005
"chr9:130462821:130464111:clu_51895:ENSG00000130707.17",-0.00725730743711564,0.00431077839625361,0.0922733137827487
"chr9:96465778:96471011:clu_51079:ENSG00000130956.13",-0.00224549373158298,0.00370550120228096,0.54452192087899
"chr9:92634488:92635158:clu_50987:ENSG00000127080.9",-0.00189819805469467,0.00659754403964521,0.773566569585029
"chr9:93268746:93288788:clu_51004:ENSG00000165238.16",0.0141807377057854,0.00417253419547076,0.000677338932958738
"chr9:109420600:109426950:clu_51257:ENSG00000070159.13",-0.00449319378927687,0.00327992393546669,0.170715645848355
"chr9:108917670:108918811:clu_51241:ENSG00000070061.14",-0.00231396525075934,0.00477456292102846,0.627928602520277
"chr9:93298067:93308328:clu_51006:ENSG00000165238.16",-0.0284438593409767,0.00572873681063186,6.86589969989271e-07
"chr9:94031127:94064734:clu_51027:ENSG00000158079.14",0.00536627282923437,0.00372793503337034,0.150015718787538
"chr9:129491128:129493419:clu_51836:ENSG00000204054.13",0.00166917336199811,0.00350669360210751,0.634076976873
"chr9:129626295:129632650:clu_51838:ENSG00000148335.14",0.00495574581095049,0.00364963691450611,0.174503778721343
"chr9:129108077:129109179:clu_51826:ENSG00000095321.16",-0.00450307410466519,0.00392254999991047,0.250969963062637
"chr9:130359414:130360428:clu_51877:ENSG00000148357.16",-0.000493452929035002,0.00302145638825636,0.870269439459888
"chr9:130429391:130429557:clu_51891:ENSG00000148357.16",-0.00399158859922477,0.0042191113021062,0.344111195334375
"chr9:129632865:129634054:clu_51838:ENSG00000148335.14",-0.00177196616733394,0.00391669737618389,0.650971233836867
"chr9:129338917:129341736:clu_51833:ENSG00000233901.5",-0.00175143787070726,0.00395833548175852,0.658150382910839
"chr9:129640722:129641887:clu_51840:ENSG00000148331.11",-0.00335072603102272,0.00378882849461842,0.376496544079406
"chr9:136809429:136809688:clu_52245:ENSG00000196642.18",-0.00143317274439542,0.00508900468545939,0.778233811156462
"chr9:136363132:136363487:clu_52166:ENSG00000213221.4",-0.00333627060054601,0.00278162754958436,0.230374331387295
"chr9:136809429:136809688:clu_52245:ENSG00000213213.13",-0.00141975343683298,0.00511774941292286,0.781459517340323
"chr9:137430980:137431075:clu_52418:ENSG00000188747.8",-0.00427116875222008,0.00341568578171972,0.211132594248878
"chr9:137542801:137543432:clu_52451:ENSG00000130653.15",0.00437574687652552,0.00451406769620007,0.332366683750727
"chr9:136886541:136898713:clu_52277:ENSG00000127191.17",-0.000787233535583932,0.00355487761021633,0.824740774584402
"chr9:83623221:83628873:clu_50819:ENSG00000148057.15",0.00942435431414085,0.00339583740082073,0.00551564634743884
"chr9:83974589:83975462:clu_50843:ENSG00000165119.20",0.00886399181701627,0.00375198119832293,0.0181529737342808
"chr9:83788678:83792951:clu_50828:ENSG00000165113.12",-0.00572784660348092,0.00396578299662671,0.148649910801415
"chr9:83975505:83976995:clu_50843:ENSG00000165119.20",-0.00743761244679827,0.00409095287154623,0.0690544147939571
"chr9:116820783:116863583:clu_51413:ENSG00000148219.16",-0.00331683424894074,0.00510201795986663,0.515626062820215
"chr9:81654036:81685676:clu_50808:ENSG00000196781.14",-0.00978107301864023,0.00356618232900804,0.00609308790428398
"chr9:84752085:84810542:clu_50848:ENSG00000148053.15",-0.00166500224931223,0.00552511716218496,0.763146486765759
"chr9:86027893:86033282:clu_50864:ENSG00000135052.16",-0.00479285517182014,0.00381080543277103,0.208499780585352
"chr9:13114021:13115248:clu_50203:ENSG00000107186.16",0.00589753406867967,0.00325236999880001,0.0697850158861777
"chr9:13133904:13136092:clu_50207:ENSG00000107186.16",-0.00490918859301825,0.00304170145698316,0.106535809751932
"chr9:93450599:93450945:clu_51013:ENSG00000188938.15",-0.00772133212564929,0.00369449845209611,0.0366219245788155
"chr9:13162795:13168366:clu_50210:ENSG00000107186.16",0.00052962857674033,0.00298881573249317,0.859348554956408
"chr9:109091152:109093475:clu_51252:ENSG00000106771.12",0.00178702894085332,0.00379921795493614,0.638092425211651
"chr9:5753238:5753536:clu_50156:ENSG00000107036.11",0.00331455112381861,0.00344668897120187,0.336219224849854
"chr9:5954095:5968019:clu_50169:ENSG00000183354.11",0.00273843233431435,0.00394778909943686,0.487894034880836
"chr9:13121932:13123153:clu_50205:ENSG00000107186.16",-0.00195911922469078,0.0042985027203398,0.648556945168983
"chr9:21971208:21994139:clu_50311:ENSG00000147889.17",-0.0012676497310691,0.00336087901660433,0.706041305159633
"chr9:23511768:23513100:clu_50318:ENSG00000283982.1",-0.00602215281414471,0.00382085426255553,0.114996462510296
"chr9:71911836:71971505:clu_50738:ENSG00000155621.14",-0.00789017391730811,0.00376111085138429,0.0359201010073246
"chr9:4679165:4679387:clu_50127:ENSG00000273061.1",-0.00373767021116007,0.00277690516856772,0.178307643581374
"chr9:129814222:129818520:clu_51845:ENSG00000136827.11",-0.00888828545712502,0.00419181122466139,0.0339729511329173
"chr9:129493595:129503323:clu_51836:ENSG00000204054.13",0.00775864627148984,0.00396682266785905,0.0504787824024278
"chr9:120439972:120443620:clu_51425:ENSG00000136861.17",-0.0064975899303177,0.00331003874534792,0.0496467401551794
"chr9:86266191:86272007:clu_50879:ENSG00000135070.14",-0.0054097251786703,0.00391220811190089,0.166732172863233
"chr9:85958586:85959793:clu_50866:ENSG00000135040.15",0.000209080456659459,0.00350929210254441,0.952490866494065
"chr9:21029398:21031400:clu_50305:ENSG00000188921.13",0.000214667526102631,0.00367970822778609,0.953479246268607
"chr9:21029398:21031553:clu_50305:ENSG00000188921.13",0.00307749008241089,0.00305332690216459,0.313495883517716
"chr9:101400010:101407929:clu_51193:ENSG00000136870.10",-0.00223273117484576,0.00388883904478245,0.565874263390004
"chr9:95485874:95506407:clu_51053:ENSG00000185920.15",0.00141600142867262,0.00421520366806919,0.736925789631369
"chr9:114270781:114275661:clu_51376:ENSG00000196739.14",0.00307452247033356,0.00282651234677098,0.276708040023164
"chr9:115048532:115057153:clu_51400:ENSG00000041982.15",-0.00133669023128162,0.00403331227340847,0.740332900398965
"chr9:114275768:114282277:clu_51376:ENSG00000196739.14",-0.00413354049331614,0.00282845313197739,0.14390191060386
"chr9:114343803:114345863:clu_51385:ENSG00000106948.16",-0.00453286437193949,0.00280267964529891,0.105806566425389
"chr9:21011695:21015898:clu_50303:ENSG00000188921.13",-0.00536830301381216,0.00466414175280755,0.24974318575696
"chr9:7049200:7103685:clu_50189:ENSG00000107077.18",0.00050439207331782,0.00317578941507923,0.873807416680317
"chr9:6486925:6493826:clu_50177:ENSG00000147854.16",-0.00190651578543338,0.00424376464532225,0.65325055424098
"chr9:123136515:123139529:clu_51530:ENSG00000165209.18",0.0138624435111278,0.00392721573866193,0.000415810924748516
"chr9:123139687:123146855:clu_51530:ENSG00000165209.18",-0.0135852028312535,0.00376056460670639,0.000303208344569317
"chr9:136858546:136858719:clu_52275:ENSG00000177943.13",-0.00185607008620488,0.00334958148261453,0.579496724481253
"chr9:136856381:136856464:clu_52271:ENSG00000177943.13",0.000212820607487157,0.00360138220762922,0.952877120976998
"chr9:83680037:83682951:clu_50824:ENSG00000135018.13",0.00043548870054834,0.0031804104745365,0.89108734484512
"chr9:83920212:83921371:clu_50838:ENSG00000165115.14",-0.000282720512643187,0.00341310137242203,0.933983609976651
"chr9:83678599:83679775:clu_50824:ENSG00000135018.13",0.00190110944649877,0.00290123897326534,0.512290696426554
"chr9:89332986:89334560:clu_50919:ENSG00000187742.14",-0.0042232490052025,0.00376222259347653,0.261632497286116
"chr9:4676749:4677935:clu_50127:ENSG00000273061.1",-0.000552564090696053,0.00310268247388627,0.858650430165528
"chr9:107284187:107300141:clu_51230:ENSG00000119318.12",0.000492004597459109,0.00337006104524844,0.883927084174541
"chr9:107283695:107300141:clu_51230:ENSG00000119318.12",-0.00121276886771324,0.00318873428837222,0.703701037866109
"chr9:83643223:83643429:clu_50820:ENSG00000148057.15",-0.00138975884052401,0.00425457352806087,0.743932195312076
"chr9:83642089:83643163:clu_50820:ENSG00000148057.15",0.00317365272107843,0.00362631589880705,0.38147993827757
"chr9:13183585:13186270:clu_50212:ENSG00000107186.16",0.00437607500092922,0.00270514504852003,0.105730306315421
"chr9:14120624:14125635:clu_50220:ENSG00000147862.15",0.00908292004144028,0.00344997236633296,0.00846962820373254
"chr9:26923347:26925825:clu_50328:ENSG00000137055.14",0.00166464796487677,0.00413909508612665,0.68755392417446
"chr9:71712260:71714934:clu_50732:ENSG00000135048.13",-0.0054273861831009,0.00595635807678122,0.362194187116947
"chr9:86301601:86301740:clu_50883:ENSG00000083223.17",-0.00553982261466139,0.00493919270367624,0.26203047798678
"chr9:76134212:76157045:clu_50765:ENSG00000099139.13",0.000323671703216253,0.00291704404372713,0.911649018691249
"chr9:76071898:76095890:clu_50764:ENSG00000099139.13",-0.00131575266815902,0.00346085147198205,0.703810484132448
"chr9:74998776:74999730:clu_50754:ENSG00000156017.12",0.000102787338553262,0.00267056633680166,0.969297828340799
"chr9:99960032:99960105:clu_51169:ENSG00000136874.10",-0.00214785480145008,0.00460979770210538,0.641263780819664
"chr9:131164144:131174055:clu_51920:ENSG00000126883.16",-0.00716101187726889,0.00338625994299658,0.0344533087404003
"chr9:128637027:128640718:clu_51753:ENSG00000119333.11",0.00180170726112337,0.00357949246737519,0.61472416354977
"chr9:129489299:129493419:clu_51836:ENSG00000204054.13",-0.000451162561913833,0.00335086401734799,0.892895987766175
"chr9:128838367:128840450:clu_51788:ENSG00000171097.13",-0.00125522246851628,0.0037525223369683,0.738001537574672
"chr9:128735431:128740772:clu_51767:ENSG00000160445.10",0.00256912774209806,0.00368274888977918,0.485420227653462
"chr9:129338917:129341350:clu_51833:ENSG00000233901.5",0.00633432109109692,0.00387826110341755,0.102408235050696
"chr9:129503672:129504892:clu_51836:ENSG00000204054.13",0.00198960032256772,0.0033075603565888,0.547486323612982
"chr9:128994923:128995319:clu_51803:ENSG00000095319.14",0.00555087801527733,0.00390802632068228,0.155497410511929
"chr9:128714121:128714197:clu_51760:ENSG00000160447.6",-0.0089726004404253,0.00469168973352546,0.0558190897517444
"chr9:129021219:129022278:clu_51808:ENSG00000148341.17",-0.000854743357789039,0.00353339598495001,0.80885438933667
"chr9:128247486:128248583:clu_51709:ENSG00000106976.20",-0.000613112737802582,0.00508318721773805,0.9039953466141
"chr9:128350575:128352638:clu_51722:ENSG00000167114.12",0.000991606941381381,0.0037157397573248,0.789571851681339
"chr9:127684493:127690775:clu_51638:ENSG00000160401.14",-0.0103542688511198,0.00567227920111062,0.0679382861722628
"chr9:127684493:127690775:clu_51638:ENSG00000136854.19",-0.0129126929670691,0.0055616423396453,0.0202468866287172
"chr9:128702939:128705303:clu_51757:ENSG00000160447.6",-0.000198614218298495,0.00369096455362808,0.95708580491173
"chr9:128627942:128630321:clu_51749:ENSG00000197694.15",-0.0201245681621017,0.00615670181477033,0.0010803305726792
"chr9:128185776:128190329:clu_51702:ENSG00000148337.20",0.012693967986278,0.00488361583974056,0.00934149124880768
"chr9:128348703:128350312:clu_51722:ENSG00000167114.12",-0.00119302311769981,0.00354703627137832,0.736611739127455
"chr9:127345477:127348924:clu_51610:ENSG00000136895.18",-0.000812348589699647,0.00338344443089511,0.810256495941588
"chr9:128833826:128835323:clu_51770:ENSG00000171097.13",0.00549581760074042,0.00341755139284844,0.107809870122388
"chr9:128838367:128842654:clu_51788:ENSG00000171097.13",-0.00685501614309305,0.00393646626303617,0.0816110945820538
"chr9:128886121:128892067:clu_51790:ENSG00000136802.11",0.0196722669293952,0.00408066110391192,1.42945735959188e-06
"chr9:128473741:128481580:clu_51734:ENSG00000136811.16",-0.0101609521532321,0.00539732661502883,0.0597559767208665
"chr9:127818389:127818600:clu_51662:ENSG00000225032.5",-0.00389525802985614,0.00418160865451692,0.351583909970616
"chr9:136799223:136800002:clu_52243:ENSG00000213213.13",-0.00338728594361372,0.00391087028700721,0.386423941955456
"chr9:137107447:137107531:clu_52336:ENSG00000177239.14",-0.00017586510634972,0.00380595148017039,0.963144528960622
"chr9:27205062:27206582:clu_50340:ENSG00000120156.20",0.00153771284966935,0.00318894912653076,0.629663524727422
"chr9:27205065:27206582:clu_50340:ENSG00000120156.20",-0.00255553208554512,0.00334545514381657,0.44493772187593
"chr9:70324143:70344144:clu_50721:ENSG00000198887.8",-0.00531180510508564,0.00729825815301772,0.466724882508564
"chr9:69383521:69383630:clu_50706:ENSG00000135063.17",0.0048534856777942,0.00415790804353268,0.243093159397023
"chr9:69387683:69388158:clu_50708:ENSG00000135063.17",0.0199448424280426,0.00632925032922551,0.00162591537248546
"chr9:69377744:69383446:clu_50706:ENSG00000135063.17",-0.0129712059521243,0.00445422442123248,0.00358992453538021
"chr9:96898127:96918643:clu_51092:ENSG00000196597.11",0.000744899829295307,0.00561026040118569,0.894371678176286
"chr9:96898127:96918643:clu_51092:ENSG00000196312.12",-0.00013563866932771,0.00554885806910549,0.980498109363663
"chr9:96484659:96488089:clu_51080:ENSG00000130956.13",-0.0025611288604246,0.00436407052479583,0.55729305236813
"chr9:95966714:95967459:clu_51064:ENSG00000182150.15",0.000429711567140096,0.00489495652040893,0.930046292018979
"chr9:96942752:96949555:clu_51093:ENSG00000196312.12",-0.000450549290286271,0.00402212238415392,0.910809295112033
"chr9:96252910:96254868:clu_51071:ENSG00000130948.9",-0.00306364178348786,0.00437383226201605,0.483647608302607
"chr9:96484633:96488089:clu_51080:ENSG00000130956.13",0.00246968927493943,0.00421119229317966,0.557567480276938
"chr9:96641886:96651390:clu_51085:ENSG00000158122.11",0.00907099202195837,0.00516201124295911,0.0788736296651423
"chr9:97349291:97350409:clu_51100:ENSG00000197816.13",0.00401621924734169,0.00389482969834753,0.302462586105235
"chr9:104764300:104766325:clu_51202:ENSG00000165028.11",0.00337109621319843,0.00328417895694845,0.304672243650272
"chr9:121598626:121678678:clu_51482:ENSG00000136848.16",0.00690372558619721,0.0045333214812677,0.127787572900762
"chr9:121090405:121094888:clu_51459:ENSG00000119397.16",0.00037630316612983,0.00422413893822165,0.929015158072297
"chr9:122305877:122313227:clu_51505:ENSG00000148187.17",-0.00590438257392877,0.00479776950395988,0.218453208544051
"chr9:121095018:121096422:clu_51459:ENSG00000119397.16",-0.00976995084505686,0.00387443145458915,0.0116806654500561
"chr9:86301828:86303086:clu_50883:ENSG00000083223.17",0.00887724416457806,0.0066731428284104,0.183421309828838
"chr9:131939474:132014337:clu_51963:ENSG00000160563.13",-0.00209406566606916,0.00340317210581998,0.53833840523631
"chr9:131494766:131495740:clu_51938:ENSG00000130723.18",-0.0030582273160609,0.00528865419010883,0.563087300916016
"chr9:131521472:131522047:clu_51946:ENSG00000130714.15",-0.00334119200494692,0.00404559824924433,0.408870298653471
"chr9:131178410:131187289:clu_51921:ENSG00000126883.16",0.00129476247923024,0.00290557714943432,0.655876935546228
"chr9:69750950:69759853:clu_50713:ENSG00000188647.12",0.0123332989033627,0.00536150918092563,0.0214289137241627
"chr9:127896332:127899503:clu_51673:ENSG00000160408.14",0.0173612913539573,0.00432093851279617,5.87080069262003e-05
"chr9:37442555:37465215:clu_50578:ENSG00000168795.4",-0.00470164675873455,0.00297478998148092,0.113993084356557
"chr9:37442555:37463924:clu_50578:ENSG00000168795.4",0.00285487362291269,0.0029452155359156,0.332382623763466
"chr9:37974837:38016011:clu_50600:ENSG00000107338.9",0.00205582696355293,0.00337490878971671,0.54242476820486
"chr9:78265543:78266442:clu_50797:ENSG00000148019.12",0.00305599315499888,0.00357588221547453,0.392765780311148
"chr9:77323227:77332010:clu_50785:ENSG00000197969.11",-0.000512233238438642,0.00427333885880465,0.904588333838143
"chr9:99129100:99132509:clu_51156:ENSG00000106799.12",0.00229906419997391,0.00359036961065928,0.521950327704933
"chr9:98213218:98214083:clu_51141:ENSG00000095383.19",0.00202519703593775,0.00460663326515521,0.660207805199665
"chr9:112380180:112405624:clu_51296:ENSG00000119471.14",-0.000972889820334367,0.0037327462373169,0.794372858817792
"chr9:114337306:114341533:clu_51384:ENSG00000106948.16",-0.00772359889789775,0.00338234204974854,0.0224005705603258
"chr9:114250668:114252593:clu_51372:ENSG00000196739.14",0.00634236924321083,0.00283665479667288,0.0253607988375885
"chr9:116618472:116620310:clu_51409:ENSG00000148219.16",0.00144805951892288,0.00373754531621847,0.69843347414277
"chr9:13110740:13112024:clu_50202:ENSG00000107186.16",0.00243126997477209,0.00344083596930524,0.479819555038639
"chr9:104753064:104754551:clu_51200:ENSG00000136783.9",0.000356135225319568,0.00479634576399768,0.94081037437042
"chr9:105356381:105358344:clu_51214:ENSG00000070214.15",-0.00740239125309843,0.00427926522168983,0.0836610748226096
"chr9:730194:731158:clu_50077:ENSG00000107104.18",-0.00402321769629875,0.00395986463059704,0.309629959978819
"chr9:4722625:4740937:clu_50133:ENSG00000147853.16",-0.00196210745942441,0.00375558810800471,0.601356966924482
"chr9:123161068:123169902:clu_51531:ENSG00000165209.18",0.00166875843088108,0.00426409793896347,0.695537903509085
"chr9:83665145:83666350:clu_50823:ENSG00000135018.13",-0.00417026309930517,0.0039641950554276,0.292807662663121
"chr9:127733560:127734299:clu_51644:ENSG00000160404.17",-0.00942471789291424,0.00456030376087508,0.0387637108006552
"chr9:127318127:127320715:clu_51609:ENSG00000136895.18",-0.00291457413417274,0.00366847495262028,0.426909043448194
"chr9:127887591:127890637:clu_51671:ENSG00000160408.14",-0.00779439392205497,0.00404959223921307,0.0542624575340187
"chr9:128788407:128790735:clu_51775:ENSG00000107021.15",-0.00537524335468311,0.00473245416636948,0.256029493408347
"chr9:127714424:127714603:clu_51640:ENSG00000187024.13",0.000419302262610674,0.00443467320236666,0.924671565462169
"chr9:91106671:91107123:clu_50936:ENSG00000230537.1",-0.00438789174765201,0.00374604711430628,0.241462469481107
"chr9:91106671:91107123:clu_50936:ENSG00000237422.1",-0.00580047912598511,0.00382589738901699,0.129491683156955
"chr9:81612393:81613377:clu_50806:ENSG00000196781.14",-0.00293716519143062,0.00397046954709359,0.459450121916659
"chr9:133334601:133344125:clu_52030:ENSG00000148296.6",-0.00422398234545357,0.00305151184902313,0.166289233969915
"chr9:133415011:133417620:clu_52045:ENSG00000148300.11",0.00349000748407826,0.00345896667423658,0.312987097638898
"chr9:132277152:132278070:clu_51976:ENSG00000107290.13",-0.00115460136865641,0.00293787969877019,0.694315799101919
"chr9:132679803:132683563:clu_51992:ENSG00000125484.11",0.00693477119149234,0.00294085753428135,0.0183698370590412
"chr9:133154261:133155178:clu_52023:ENSG00000160271.14",0.000415320776867034,0.00269118872644529,0.877352584917167
"chr9:133154261:133155178:clu_52023:ENSG00000148288.11",0.000415320776867034,0.00269118872644529,0.877352584917167
"chr9:19352665:19356972:clu_50281:ENSG00000137145.20",-0.00506680361287816,0.00363395686775953,0.163228895537636
"chr9:116975333:116976114:clu_51415:ENSG00000148219.16",-5.73349193379921e-05,0.00324770513908646,0.985914894108115
"chr9:116975345:116976114:clu_51415:ENSG00000148219.16",0.000668554978124162,0.00317578509357608,0.833264620399668
"chr9:133043926:133050783:clu_52009:ENSG00000148308.17",-0.00174296268646143,0.00250387694090443,0.486362718223837
"chr9:134401882:134408149:clu_52096:ENSG00000186350.9",-0.00244064719520834,0.0032077536351504,0.446741481126933
"chr9:76107351:76157045:clu_50765:ENSG00000099139.13",0.00273514335443547,0.00323454102374896,0.397773257464081
"chr9:114628250:114636990:clu_51399:ENSG00000157693.14",-0.0109432128070857,0.00320698582114604,0.000644160652896519
"chr9:135482815:135483950:clu_52129:ENSG00000196422.10",-0.00572953642813219,0.00287879183853964,0.046562600824086
"chr9:120860156:120861089:clu_51440:ENSG00000119403.13",-0.00325596578787354,0.00495678292477496,0.511264018156261
"chr9:121183398:121186953:clu_51470:ENSG00000119396.10",-0.00146623327471191,0.0040760376670128,0.7190563496257
"chr9:120860185:120861089:clu_51440:ENSG00000119403.13",0.00181783575098204,0.00469572635266571,0.698663246918386
"chr9:121158109:121158855:clu_51467:ENSG00000119397.16",0.0204669509701095,0.00401311572233116,3.3962630163753e-07
"chr9:121162271:121164943:clu_51468:ENSG00000119397.16",0.00350906564304211,0.00343196505901121,0.306560664612073
"chr9:124940155:124940913:clu_51567:ENSG00000136935.13",0.00547748922801885,0.00545149958990435,0.31500885086865
"chr9:92324209:92325306:clu_50973:ENSG00000198000.11",-0.00743611202570572,0.00342483506553923,0.0299136277333476
"chr9:92307022:92310171:clu_50971:ENSG00000198000.11",0.0033498714114119,0.00383936273906599,0.382931773524101
"chr9:134434207:134436467:clu_52099:ENSG00000186350.9",0.00204211186801238,0.00269039991489184,0.447830693253686
"chr9:133357068:133357711:clu_52036:ENSG00000148291.9",0.00451482806700165,0.00277584092195164,0.103849244444834
"chr9:91327703:91355883:clu_50940:ENSG00000148090.11",0.00282016991647389,0.0037411588896795,0.450955784395412
"chr9:35397712:35398211:clu_50479:ENSG00000198722.14",0.0146327363294583,0.00549091428017359,0.00770112666563161
"chr9:34179240:34216674:clu_50415:ENSG00000165006.13",0.0170390893324285,0.00366719543023466,3.37852521148374e-06
"chr9:34657149:34657284:clu_50437:ENSG00000137070.17",0.0201053795515804,0.00428394747052731,2.68977421236105e-06
"chr9:33504591:33508363:clu_50394:ENSG00000226823.1",-0.00249095470950137,0.00391223590922051,0.524314593984935
"chr9:35090672:35091240:clu_50460:ENSG00000165282.13",-0.0100629750419406,0.00452005698486464,0.0259945055259009
"chr9:34990812:34993200:clu_50445:ENSG00000137094.14",4.43144780990767e-05,0.0050718078406805,0.993028642029128
"chr9:33900271:33917018:clu_50404:ENSG00000107341.4",-0.0202666634521907,0.00433673439368756,2.96464049664991e-06
"chr9:35078343:35078605:clu_50458:ENSG00000221829.9",-0.0111701565783689,0.00409737169506597,0.00640728136764357
"chr9:35397884:35398211:clu_50479:ENSG00000198722.14",-0.0294016878572198,0.0054559123903006,7.08669924964767e-08
"chr9:35077399:35078141:clu_50458:ENSG00000221829.9",0.00724930635528499,0.00379380915356573,0.0560270406444957
"chr9:34657149:34657303:clu_50437:ENSG00000137070.17",-0.0260038919156215,0.0045045804595636,7.79803943640189e-09
"chr9:93077993:93079471:clu_50996:ENSG00000157303.10",-0.00241242057382634,0.00408767110586301,0.555076729100092
"chr9:93559061:93561109:clu_51018:ENSG00000048828.16",0.0156069454527203,0.00398251731007339,8.89671331050224e-05
"chr9:93532329:93543222:clu_51015:ENSG00000048828.16",-0.0134990763427101,0.00433497902955276,0.00184576467787434
"chr9:16061:16718:clu_50057:ENSG00000181404.15",0.0127893950830313,0.00370736965560955,0.000561163879507665
"chr9:18492:24851:clu_50060:ENSG00000181404.15",0.0101626855626022,0.00358211450028101,0.00455305851347243
"chr9:13115334:13119502:clu_50203:ENSG00000107186.16",-0.00351788079628618,0.00263576319915653,0.181983540747274
"chr9:33261169:33262105:clu_50371:ENSG00000107262.18",-0.00561575176024016,0.00517519310901293,0.277864555800164
"chr9:32491420:32492391:clu_50355:ENSG00000107201.9",-6.43734110559326e-05,0.00355362631399082,0.985547230540558
"chr9:33262830:33264206:clu_50372:ENSG00000107262.18",-0.00526370817691956,0.00367182642931496,0.151703722671163
"chr9:32408651:32418128:clu_50348:ENSG00000122729.18",-0.00937639387088529,0.00488572636986182,0.0549665934127131
"chr9:33261169:33262702:clu_50371:ENSG00000107262.18",0.00473411419887635,0.00437933838233753,0.279692095148746
"chr9:33068934:33071740:clu_50367:ENSG00000122692.8",-0.0140160365611252,0.00342086521865387,4.18141909688252e-05
"chr9:91220992:91264917:clu_50939:ENSG00000148090.11",-0.00236934348663359,0.00341262350896918,0.487501626751918
"chr9:90865097:90874204:clu_50933:ENSG00000165025.14",-0.00225612223144638,0.00470322076380971,0.631442658682873
"chr9:108929921:108930997:clu_51242:ENSG00000070061.14",0.00844643076385776,0.00399230667430221,0.0343723017446314
"chr9:108931201:108933864:clu_51242:ENSG00000070061.14",0.0025034738933534,0.0039824066833842,0.529589082272466
"chr9:6434173:6460573:clu_50175:ENSG00000147854.16",0.0014970803002763,0.00278680765225342,0.591127679530978
"chr9:6499931:6500499:clu_50180:ENSG00000147854.16",-0.00500714047549937,0.00376568335350596,0.183624897117305
"chr9:136945999:136946085:clu_52288:ENSG00000176919.11",0.00125123839663337,0.00346492182290246,0.718012800281321
"chr9:137264349:137265877:clu_52389:ENSG00000188986.6",-0.002262513030396,0.00372096233553245,0.543157541834848
"chr9:137576167:137577470:clu_52455:ENSG00000148399.12",-0.00838145833197041,0.00529500959893708,0.113444790977496
"chr9:137449486:137449599:clu_52423:ENSG00000165802.21",0.00464743352044163,0.00334719314428348,0.164997950854333
"chr9:137348238:137349110:clu_52398:ENSG00000187609.15",0.00318646533593767,0.00312754832202107,0.308279842731827
"chr9:137354101:137354339:clu_52403:ENSG00000187609.15",-0.00578954715756847,0.00334541908912385,0.0835250052869085
"chr9:136898599:136898713:clu_52277:ENSG00000127191.17",-0.000942362482940028,0.00329932896896977,0.775167293037861
"chr9:136745914:136746060:clu_52239:ENSG00000267206.5",-0.000836154107081212,0.00355380501468745,0.81398817122356
"chr9:136461274:136462887:clu_52205:ENSG00000148396.18",0.0010674400224077,0.00287032295929065,0.709975887813381
"chr9:136942973:136943349:clu_52283:ENSG00000159069.13",-0.00101380750444391,0.00267087853988042,0.704258480087723
"chr9:137264357:137265877:clu_52389:ENSG00000188986.6",0.00205029395621019,0.00362863614889,0.572052295708995
"chr9:136405978:136406946:clu_52184:ENSG00000165689.16",-0.00119310867645564,0.00366500677626407,0.744771924720937
"chr9:136742020:136742787:clu_52238:ENSG00000187922.13",0.000178544275517844,0.00323388505173693,0.955970797195405
"chr9:136463740:136464420:clu_52205:ENSG00000148396.18",-0.00343096797005469,0.0030209290892609,0.256068448071823
"chr9:7169890:7174553:clu_50191:ENSG00000107077.18",0.00746543053631554,0.00390165977040842,0.0556970371338464
"chr9:14120624:14125632:clu_50220:ENSG00000147862.15",-0.0068282183964613,0.00293865109113176,0.020147513452194
"chr9:89605174:89605667:clu_50930:ENSG00000130222.10",0.00488708006655255,0.00455730213478665,0.283557229081957
"chr9:97291487:97292556:clu_51096:ENSG00000254633.1",-0.00411923674938489,0.00402983162216264,0.306692959849558
"chr9:96322080:96324091:clu_51075:ENSG00000130958.11",-0.00669465914999057,0.00393565696926469,0.0889378990310322
"chr9:97330767:97343340:clu_51100:ENSG00000197816.13",0.0129593279947372,0.0042777209704107,0.00244964152182936
"chr9:97291487:97293947:clu_51096:ENSG00000254633.1",0.00960163370891209,0.00380220367727417,0.0115605723416112
"chr9:83641591:83642047:clu_50820:ENSG00000148057.15",-0.000737226236932064,0.00349231169851261,0.83280941062692
"chr9:116651793:116687066:clu_51410:ENSG00000148219.16",-0.00983857837356272,0.00595701125123778,0.0986168531609661
"chr9:15479687:15486006:clu_50238:ENSG00000164985.14",-0.00192858023151517,0.00304137708535328,0.526006331873593
"chr9:127937523:127937818:clu_51679:ENSG00000136908.17",-0.00979211697406508,0.00442319328424154,0.0268417359775402
"chr9:127886788:127887484:clu_51670:ENSG00000160408.14",0.0105225407490255,0.00482007563787164,0.0290309880631094
"chr9:127868475:127871823:clu_51666:ENSG00000106992.17",-0.00453298288115739,0.00455233193815102,0.319371805355573
"chr9:127402753:127403655:clu_51615:ENSG00000136856.17",-0.00337363837068496,0.00333881606370949,0.312289542375427
"chr9:127478963:127479383:clu_51626:ENSG00000148356.13",-0.0105425673885404,0.00537727781665913,0.0499283836936976
"chr9:127509131:127510146:clu_51630:ENSG00000136830.11",0.00114729935993315,0.00437637436831933,0.793200018456618
"chr9:127473931:127478934:clu_51624:ENSG00000148356.13",0.00333037428575138,0.00520807141715641,0.522521112773966
"chr9:128716923:128718325:clu_51762:ENSG00000160447.6",-0.0100432082008028,0.0043492232971595,0.020932718153305
"chr9:127868512:127871823:clu_51666:ENSG00000106992.17",0.00298178155568246,0.00442475095756751,0.50038324283124
"chr9:127922114:127925107:clu_51676:ENSG00000167103.11",0.0102247540937925,0.00333034842316565,0.00213933029519375
"chr9:128988186:128990153:clu_51801:ENSG00000095319.14",0.00786488752630403,0.00521761031393776,0.131714947119044
"chr9:127936655:127937434:clu_51679:ENSG00000136908.17",0.00890396769665113,0.00431690640679078,0.0391524861188036
"chr9:129003454:129005147:clu_51805:ENSG00000095319.14",0.00532354547144741,0.00523818858668595,0.309488874196079
"chr9:128234107:128239445:clu_51706:ENSG00000106976.20",-0.0134076813418043,0.00452863418214058,0.00306994869984556
"chr9:113186363:113187793:clu_51317:ENSG00000119321.8",0.00192679339753197,0.00340184414443601,0.571124117544357
"chr9:122280598:122285169:clu_51503:ENSG00000148187.17",0.000561173041416076,0.00393758038828318,0.886671472400921
"chr9:123087101:123089758:clu_51526:ENSG00000011454.16",-0.00072463678376225,0.00537001529337264,0.892658294459327
"chr9:128253137:128254006:clu_51711:ENSG00000106976.20",0.00450106416554031,0.00610229346991627,0.460756310075662
"chr9:128715460:128716747:clu_51762:ENSG00000160447.6",-0.000248491130580891,0.00369997541751753,0.946454160414045
"chr9:127908581:127912268:clu_51674:ENSG00000136840.18",-0.00207539688213722,0.00560971787957337,0.711408886822244
"chr9:128149663:128150375:clu_51694:ENSG00000148346.11",0.0207273067273046,0.00834827959720695,0.0130345567857059
"chr9:128222860:128224251:clu_51704:ENSG00000106976.20",-0.0108651163281361,0.0047344963312657,0.0217398159730393
"chr9:129108903:129109179:clu_51826:ENSG00000095321.16",1.51690010200228e-05,0.00377856178004307,0.996796908476804
"chr9:68357388:68378199:clu_50687:ENSG00000154330.12",-0.00618438643633393,0.005844780557761,0.290007972591183
"chr9:92460567:92464919:clu_50977:ENSG00000106819.11",-0.00154961634370087,0.00366932413627873,0.672793973025242
"chr9:68266306:68268934:clu_50684:ENSG00000196873.15",0.0117713048539771,0.00514000748669317,0.0220135618073554
"chr9:68355605:68356290:clu_50686:ENSG00000224958.5",-0.00411044414086909,0.00577829206808526,0.476861362278405
"chr9:6814745:6849507:clu_50183:ENSG00000107077.18",-0.0073000323817477,0.00305591919170258,0.0169027093316308
"chr9:76184757:76188578:clu_50767:ENSG00000099139.13",-0.00295233443076904,0.00305971032909559,0.334591637918739
"chr9:104786976:104787920:clu_51204:ENSG00000165029.15",-0.00357734705886816,0.00489798921481505,0.465163716992073
"chr9:97913558:97922418:clu_51125:ENSG00000136932.13",-0.00560029822311581,0.00354677209938187,0.114339608916205
"chr9:98088005:98091909:clu_51132:ENSG00000106785.14",0.00522621501740372,0.00310522010117361,0.092367012990788
"chr9:81620557:81633348:clu_50808:ENSG00000196781.14",0.00390317139217762,0.00435760812954497,0.37040543513422
"chr9:93298067:93306777:clu_51006:ENSG00000165238.16",-0.000750065313071113,0.00377831993129721,0.842639638018954
"chr9:93562304:93564229:clu_51019:ENSG00000048828.16",-0.0153835971537018,0.00519647192372914,0.00307247203705374
"chr9:125213522:125227910:clu_51575:ENSG00000136933.16",0.00866062526967819,0.00488052375021475,0.0759758812417158
"chr9:78262984:78264150:clu_50796:ENSG00000148019.12",-0.0111457041724683,0.00501935656736035,0.0263818344897295
"chr9:129063631:129067773:clu_51816:ENSG00000148343.18",-0.0002111452330585,0.00326053420914136,0.948366790119273
"chr9:128459657:128460550:clu_51732:ENSG00000136811.16",0.00903526114613537,0.00475048507943368,0.0571755985403992
"chr9:129068899:129069076:clu_51818:ENSG00000148343.18",-0.00803062057380733,0.00361232391664727,0.0262078768062347
"chr9:129142552:129142681:clu_51829:ENSG00000119383.19",-0.000439114126245838,0.00410212556411462,0.91475287478052
"chr9:128998623:128999172:clu_51804:ENSG00000095319.14",0.00370783131135559,0.0035512702386964,0.296445632101499
"chr9:129626321:129632650:clu_51838:ENSG00000148335.14",-0.0100639469723083,0.00322279948928092,0.0017917933652486
"chr9:129128068:129128985:clu_51827:ENSG00000119383.19",-0.00364946497313367,0.00438505104881992,0.405267043901463
"chr9:133109721:133110296:clu_52022:ENSG00000160271.14",0.000160240246169014,0.00302372854503352,0.957736483916237
"chr9:132884091:132888290:clu_51998:ENSG00000165698.15",-0.00995991050364214,0.0033947597861424,0.00334724166584044
"chr9:133106016:133106645:clu_52021:ENSG00000160271.14",0.000966123823657459,0.00339186217071455,0.775769932341559
"chr9:131529584:131530486:clu_51950:ENSG00000130717.12",0.00288769235145611,0.00318488766658958,0.364572986404296
"chr9:131529556:131530486:clu_51950:ENSG00000130717.12",-0.00489992584425849,0.00342404536466642,0.152420428335128
"chr9:132264985:132269403:clu_51972:ENSG00000107290.13",0.000408727554305006,0.0046677992630834,0.930223832546379
"chr9:33466425:33466569:clu_50389:ENSG00000165271.16",-0.0173332810445397,0.00325935368707197,1.04907324383063e-07
"chr9:34649081:34649422:clu_50435:ENSG00000213930.11",0.00346304466303221,0.00532577957501665,0.515536024351113
"chr9:32987731:32988083:clu_50362:ENSG00000137074.18",0.0100658814470841,0.00316401238769849,0.00146582313885468
"chr9:33472412:33473789:clu_50393:ENSG00000165271.16",-0.0106169639252134,0.0046465174130555,0.0223169718387617
"chr9:33467262:33467394:clu_50390:ENSG00000165271.16",-0.0197581770691416,0.00396487719605814,6.2508550280338e-07
"chr9:33466709:33466912:clu_50389:ENSG00000165271.16",0.0152399952205353,0.00315758038056839,1.38968078877699e-06
"chr9:120437527:120439399:clu_51424:ENSG00000136861.17",0.00121179155064929,0.00477048045470449,0.79948106157147
"chr9:120422741:120437295:clu_51424:ENSG00000136861.17",0.00233570699853212,0.00419481438675838,0.577658488797561
"chr9:97591435:97599634:clu_51110:ENSG00000136842.13",0.00847866876708388,0.00388981712661276,0.0292790510629662
"chr9:92249991:92250187:clu_50960:ENSG00000196305.17",0.00191799310890154,0.00451476896777405,0.670963221056092
"chr9:92249941:92250187:clu_50960:ENSG00000196305.17",-0.00657899769908701,0.00413818746952366,0.111874049663278
"chr9:71918555:71947006:clu_50738:ENSG00000155621.14",-0.011240390790007,0.00427379747142038,0.0085367037296743
"chr9:20740340:20758090:clu_50291:ENSG00000188352.12",-0.00336155822352572,0.00370936965344337,0.364811821513158
"chr9:127945753:127948071:clu_51681:ENSG00000167106.11",-0.00238856910820405,0.0058583912549739,0.683481028956445
"chr9:127896332:127897956:clu_51673:ENSG00000160408.14",-0.0156553191182107,0.002915683853251,7.90221289515003e-08
"chr9:127457393:127459003:clu_51622:ENSG00000148356.13",0.0100038067675789,0.00398031231430368,0.0119600093548223
"chr9:128250940:128254006:clu_51711:ENSG00000106976.20",-0.0151930274081345,0.00400370809648055,0.000147798828441514
"chr9:127455620:127457316:clu_51622:ENSG00000148356.13",-0.0100240996052903,0.0038569352695988,0.00935010810383341
"chr9:38540849:38542312:clu_50604:ENSG00000273036.2",0.00669070809340429,0.00498750150541015,0.17975980753293
"chr9:4719307:4722506:clu_50133:ENSG00000147853.16",0.00219313735583975,0.00267002097946021,0.41142227601973
"chr9:98077017:98078062:clu_51128:ENSG00000095380.10",-0.00508151832602981,0.00462814941088979,0.272222390313967
"chr9:97294991:97307736:clu_51096:ENSG00000254633.1",0.00501392793374844,0.00420247783194929,0.232834718503704
"chr9:70216421:70257915:clu_50716:ENSG00000268364.1",-0.00164282803596949,0.0035968012081688,0.64785292953598
"chr9:35853257:35853980:clu_50549:ENSG00000137103.16",0.002038015003214,0.00454197465724868,0.653643164474285
"chr9:35841794:35842392:clu_50547:ENSG00000137103.16",-0.000212111726208,0.00458940335437657,0.963136724778089
"chr9:35845885:35845975:clu_50546:ENSG00000137103.16",0.00180667125352461,0.0040032512308918,0.651772629674592
"chr9:35610753:35611804:clu_50493:ENSG00000137101.12",-0.00964448193694617,0.00378443358028566,0.0108199338995255
"chr9:18662073:18675857:clu_50260:ENSG00000178031.16",-0.0019412182946662,0.00261873922108914,0.458523851239146
"chr9:18662073:18680312:clu_50260:ENSG00000178031.16",0.000459338225925895,0.00399988571986475,0.908573657526064
"chr9:115046682:115057153:clu_51400:ENSG00000041982.15",-0.00507708484915304,0.00355376646903101,0.153105148147306
"chr9:14113081:14116208:clu_50219:ENSG00000147862.15",0.00317036150231837,0.00310021741755428,0.306484930473534
"chr9:133442743:133443376:clu_52052:ENSG00000160323.18",3.30560304529746e-05,0.00300164103015951,0.991213351974309
"chr9:121300126:121301963:clu_51474:ENSG00000148180.19",-0.0124487170559943,0.00528771626564409,0.0185590751585768
"chr9:122285287:122286039:clu_51504:ENSG00000148187.17",0.00973357905271671,0.00411538283446624,0.0180218077278269
"chr9:114306688:114307669:clu_51382:ENSG00000196739.14",0.000168741364893886,0.00275683316637107,0.951193234928522
"chr9:114245910:114250615:clu_51372:ENSG00000196739.14",-0.000947886991666455,0.00283695700132592,0.738288232427708
"chr9:113565730:113583450:clu_51346:ENSG00000138835.22",-0.0135771586010973,0.00328917865458805,3.66208353548281e-05
"chr9:114356136:114357921:clu_51388:ENSG00000106948.16",-0.00637319869121015,0.00486388945210431,0.19009128462005
"chr9:114307778:114309260:clu_51382:ENSG00000196739.14",-0.00355861330201625,0.00276808813384398,0.198587843829528
"chr9:113328955:113330984:clu_51333:ENSG00000148225.15",-0.00364060154128279,0.00270495737553781,0.178334839249431
"chr9:70286271:70286746:clu_50718:ENSG00000198887.8",-0.00360891843636816,0.00371947977062352,0.331909408147336
"chr9:133571942:133573843:clu_52071:ENSG00000197859.9",0.00958634821224216,0.00346206785862394,0.00562345021667865
"chr9:134830044:134834971:clu_52119:ENSG00000130635.15",-0.00339982126801024,0.0029293449399772,0.245801337261399
"chr9:134048454:134050374:clu_52087:ENSG00000169925.16",-0.00046923960835158,0.00319824792062595,0.883354839958417
"chr9:134825904:134830108:clu_52119:ENSG00000130635.15",0.00289740411985328,0.00297326379085122,0.329815256824142
"chr9:134830176:134834971:clu_52119:ENSG00000130635.15",-0.000514926485146824,0.00318125700519054,0.871414066388253
"chr9:133465447:133467921:clu_52057:ENSG00000160325.14",-0.00191043382823428,0.00264143872799594,0.469523219780707
"chr9:134825904:134829976:clu_52119:ENSG00000130635.15",-0.00200763480967878,0.00309859340450381,0.517037911088636
"chr9:6981118:6981842:clu_50185:ENSG00000107077.18",-0.00218671405914242,0.00331798824518271,0.509864840982313
"chr9:35811057:35811924:clu_50538:ENSG00000137098.13",-0.00338288645381899,0.0047860488444276,0.479676862454538
"chr9:33948587:33953285:clu_50408:ENSG00000137073.21",0.016577528365016,0.00455505934436256,0.000273310053476639
"chr9:35811057:35811182:clu_50538:ENSG00000137098.13",0.00744716156623074,0.00525789630754122,0.156665256235131
"chr9:35740628:35740825:clu_50524:ENSG00000070610.14",0.0132959694597403,0.00441603290544444,0.00260525908923404
"chr9:34017189:34048825:clu_50412:ENSG00000137073.21",-0.0100705503256674,0.00434315161113956,0.0204102505775964
"chr9:35853257:35853509:clu_50549:ENSG00000137103.16",0.00164091665981855,0.00391435248850588,0.675066220266107
"chr9:35829955:35832600:clu_50546:ENSG00000137103.16",-0.00109547402877727,0.00308001143134411,0.722086167018971
"chr9:34338847:34339031:clu_50416:ENSG00000164978.17",-0.0191330050715466,0.00628554769138629,0.00233480092955507
"chr9:35685139:35685269:clu_50503:ENSG00000198467.13",-0.0116962958180684,0.00515560210254867,0.02328915678962
"chr9:33963791:33986760:clu_50409:ENSG00000137073.21",-0.00158740406254816,0.0046986675400507,0.735482766884801
"chr9:136612903:136614124:clu_52220:ENSG00000279141.3",0.00618859756882675,0.00340769431515882,0.0693602581603842
"chr9:136443900:136445052:clu_52198:ENSG00000148396.18",0.00786354266649349,0.00416420279537554,0.0589767136033887
"chr9:136799223:136799713:clu_52243:ENSG00000213213.13",-0.00412795317840741,0.00434545434054882,0.34213896558866
"chr9:136799790:136800002:clu_52243:ENSG00000213213.13",0.00681024951111026,0.00361453081840764,0.0595472599705862
"chr9:136523979:136544024:clu_52216:ENSG00000148400.9",-0.00211691060242295,0.00290974604806775,0.466904909463812
"chr9:117449177:117453803:clu_51418:ENSG00000233516.1",0.00210353249311301,0.00332020852273197,0.526371712322609
"chr9:19347086:19350702:clu_50280:ENSG00000137145.20",0.000918944232294489,0.00273134833737871,0.736536495814663
"chr9:19336832:19340992:clu_50279:ENSG00000137145.20",0.00537785602689299,0.00310300917671309,0.0830761311782353
"chr9:19350879:19352073:clu_50280:ENSG00000137145.20",-0.0012077256293399,0.0027134635731253,0.656257344400828
"chr9:19336414:19340992:clu_50279:ENSG00000137145.20",-0.00973282178966492,0.00424112171941053,0.0217405918942398
"chr9:133354741:133354824:clu_52034:ENSG00000148290.9",-0.00490979925434136,0.00302051540828633,0.104059485390638
"chr9:6421142:6460573:clu_50175:ENSG00000147854.16",-0.00444858238922098,0.00368920602870502,0.227880214343639
"chr9:6986666:6990416:clu_50186:ENSG00000107077.18",0.00136878701576116,0.00327007463147793,0.675523292809348
"chr9:127400006:127403660:clu_51615:ENSG00000136856.17",0.00477884520162931,0.00343749172429806,0.16446424947646
"chr9:127050132:127052847:clu_51600:ENSG00000136828.18",-0.00125011481982191,0.00317630289591138,0.69389451441498
"chr9:127403803:127404818:clu_51616:ENSG00000136856.17",0.00690853944937572,0.00341507423596115,0.0430778491731132
"chr9:127948414:127950423:clu_51681:ENSG00000167106.11",-0.00937032162250862,0.00467897703653024,0.0452155976952719
"chr9:127398111:127399907:clu_51614:ENSG00000136856.17",-0.00660183127184984,0.00387378653921725,0.0883377391122332
"chr9:127908581:127909951:clu_51674:ENSG00000136840.18",-0.00184738011526612,0.00420739328357651,0.660603936706581
"chr9:128169519:128170020:clu_51697:ENSG00000148337.20",0.00119546357918945,0.00405323799150347,0.768039419635354
"chr9:128260802:128261172:clu_51713:ENSG00000167110.17",0.00558696022830296,0.00512859421705323,0.275988731532559
"chr9:99218836:99220979:clu_51158:ENSG00000119523.9",0.00500911804346401,0.0034467713374413,0.146146495454544
"chr9:35834650:35835011:clu_50546:ENSG00000137103.16",0.0095204212503644,0.00376715723451774,0.0114970662746644
"chr9:35076028:35076450:clu_50456:ENSG00000221829.9",-0.00536111516219299,0.0049754622943942,0.281252056257932
"chr9:92223429:92229001:clu_50956:ENSG00000196305.17",0.00757991470073756,0.00332132076901114,0.0224775983293715
"chr9:92223489:92229001:clu_50956:ENSG00000196305.17",-0.00810392944231645,0.00327077303250119,0.0132239629117998
"chr9:86317276:86318958:clu_50886:ENSG00000083223.17",0.00831996145102231,0.00396324435402649,0.0357921844250209
"chr9:79722601:79722959:clu_50803:ENSG00000106829.18",0.00172787064611108,0.00381369943588226,0.650498744180057
"chr9:69174432:69212548:clu_50700:ENSG00000119139.17",-0.0038980634170526,0.00622773104624254,0.531367204849569
"chr9:69388450:69391601:clu_50708:ENSG00000135063.17",0.00214475972119879,0.00399770249620937,0.59161436120527
"chr9:69385947:69388158:clu_50708:ENSG00000135063.17",-0.00323746841005199,0.00385035867321018,0.400447350511576
"chr9:122851229:122851323:clu_51512:ENSG00000056586.15",0.00542549962846779,0.00411795467996924,0.187663407256834
"chr9:122890545:122892909:clu_51516:ENSG00000056586.15",-0.00989137875313019,0.00355934465448979,0.00545284135095625
"chr9:122893026:122897279:clu_51516:ENSG00000056586.15",0.00879118470962105,0.00319159211862397,0.00587850295752257
"chr9:123033742:123065348:clu_51524:ENSG00000011454.16",0.0118293626534877,0.00484880757637957,0.014701755896792
"chr9:77370578:77370890:clu_50786:ENSG00000197969.11",0.0033335340482358,0.00373794858380242,0.37249562385035
"chr9:97693759:97697121:clu_51122:ENSG00000136936.10",0.00304795155545464,0.00459029336087553,0.506690762309085
"chr9:69251364:69252815:clu_50702:ENSG00000119139.17",0.00381683964613265,0.00529767630923753,0.471233015907859
"chr9:97687261:97689534:clu_51121:ENSG00000136936.10",0.0168598649001593,0.00401712716822522,2.70479230601861e-05
"chr9:83623221:83628181:clu_50819:ENSG00000148057.15",0.00283185297881428,0.00373004429892677,0.447732389376057
"chr9:83944989:83955381:clu_50839:ENSG00000165118.14",0.0107683115381186,0.00417957450647884,0.00998312249856692
"chr9:69758704:69759853:clu_50713:ENSG00000188647.12",0.00510222707885399,0.00470704843209067,0.27838490273173
"chr9:137501727:137505614:clu_52445:ENSG00000130653.15",0.00677173680258772,0.00409393698536379,0.0981093976020546
"chr9:137367989:137372905:clu_52408:ENSG00000187609.15",0.00343685002582498,0.00459331163886764,0.454321903601836
"chr9:136387848:136388444:clu_52175:ENSG00000165684.4",-0.00111375642249227,0.00335204909940909,0.739691907549619
"chr9:136547557:136547842:clu_52217:ENSG00000237886.1",-0.00301946466793355,0.00273388971496552,0.269394782440004
"chr9:78265543:78265859:clu_50797:ENSG00000148019.12",0.00459234881323882,0.00349216664190006,0.188495497992201
"chr9:125748623:125776729:clu_51590:ENSG00000167081.16",-0.0128209535193486,0.0041277293478932,0.00189601580175669
"chr9:125748623:125915686:clu_51590:ENSG00000167081.16",0.000881527807996908,0.00379918855092529,0.816514285964556
"chr9:116733523:116805632:clu_51412:ENSG00000148219.16",-0.00601415699785735,0.00318444116936382,0.0589445456364883
"chr9:91325404:91327500:clu_50940:ENSG00000148090.11",0.00378342480242724,0.00399775262680928,0.343950763314704
"chr9:37776405:37777628:clu_50588:ENSG00000165275.9",0.00373409056227287,0.00420907286766618,0.374996668217091
"chr9:34402807:34405916:clu_50420:ENSG00000164970.14",-0.0052769638472791,0.00481746992159422,0.273349861113035
"chr9:34379732:34380902:clu_50417:ENSG00000164972.12",0.001578754668082,0.00485644993928685,0.745117420730984
"chr9:120443742:120447895:clu_51425:ENSG00000136861.17",0.00671933453797709,0.00309939162428897,0.0301622831462476
"chr9:121142270:121143903:clu_51464:ENSG00000119397.16",-0.00136116091788361,0.00549451187972315,0.804342545459492
"chr9:120926301:120926550:clu_51451:ENSG00000056558.10",0.00102540418398908,0.00520357374511607,0.843782398366647
"chr9:120926262:120926550:clu_51451:ENSG00000056558.10",-0.000982772971509693,0.00548553509270852,0.857814288873375
"chr9:120458622:120460572:clu_51426:ENSG00000136861.17",-0.00333540018592911,0.00411989651982316,0.418179602536546
"chr9:121160302:121161856:clu_51468:ENSG00000119397.16",-0.00242280241392323,0.00449036253738488,0.589503211491754
"chr9:104770998:104771234:clu_51201:ENSG00000165028.11",0.000895025610423596,0.00461628566160105,0.846266426954932
"chr9:37801405:37819288:clu_50594:ENSG00000122741.15",-0.0035004797605481,0.00475622474447795,0.46174370447413
"chr9:129994958:130042952:clu_51861:ENSG00000187239.16",-0.00462244008152181,0.00423542080135698,0.275107108215733
"chr9:128797214:128803250:clu_51777:ENSG00000107021.15",-0.00626408201085595,0.00345470695914049,0.0698006517158725
"chr9:128804119:128805859:clu_51777:ENSG00000107021.15",0.00710248703267917,0.00366783840617954,0.0528159020180253
"chr9:130219803:130222650:clu_51869:ENSG00000107130.9",-0.00457638298391062,0.0031756366694039,0.149558837026244
"chr9:4600809:4604179:clu_50121:ENSG00000106686.16",0.000179080134479422,0.00268539692583385,0.946831159570692
"chr9:4600809:4604167:clu_50121:ENSG00000106686.16",0.00201966456555176,0.00273972527429749,0.461014250747418
"chr9:5732479:5738450:clu_50150:ENSG00000107036.11",0.00012569105083721,0.00386606282684065,0.974064238183743
"chr9:12776027:12821386:clu_50201:ENSG00000153714.5",-0.00190912706168889,0.00353680446336453,0.589342765071992
"chr9:13112146:13113011:clu_50202:ENSG00000107186.16",8.5097296245015e-05,0.00335046090739238,0.979736961166403
"chr9:13113054:13113931:clu_50203:ENSG00000107186.16",0.00530003268615414,0.00314995100828875,0.0924571567944642
"chr9:79705942:79706747:clu_50801:ENSG00000106829.18",0.00116207663617919,0.00294411527080269,0.693055694016253
"chr9:85588478:85589528:clu_50854:ENSG00000135049.15",0.00802157731243796,0.0040506165837555,0.0476659117654294
"chr9:85586960:85588298:clu_50854:ENSG00000135049.15",-0.015982502717274,0.00369986607671126,1.56204866954557e-05
"chr9:135075802:135090195:clu_52125:ENSG00000130558.19",0.00108008010559713,0.00305860686300002,0.723992388967546
"chr9:134864663:134882526:clu_52122:ENSG00000160339.15",-0.00542556862328172,0.00258363225605147,0.035730853894676
"chr9:77382087:77384585:clu_50787:ENSG00000197969.11",0.00142486064249662,0.00457839472856072,0.755637923181184
"chr9:128987717:128987916:clu_51800:ENSG00000095319.14",0.00481379003843315,0.00394826014576274,0.222761442595562
"chr9:128987717:128988047:clu_51800:ENSG00000095319.14",-0.00415221892124327,0.00364926556759295,0.255194327342671
"chr9:128125441:128127439:clu_51692:ENSG00000148334.14",0.00802658059753034,0.00421617333552786,0.0569414961610708
"chr9:128843139:128845353:clu_51788:ENSG00000171097.13",0.00215655887546883,0.00390365029040296,0.580642315297185
"chr9:121187019:121190554:clu_51471:ENSG00000119396.10",-0.00389170516443318,0.00449411975611695,0.386514877503603
"chr9:122144378:122148112:clu_51493:ENSG00000119421.6",-0.00485002606737399,0.00403714949120584,0.229615796355025
"chr9:121190731:121192171:clu_51471:ENSG00000119396.10",0.00208731465793519,0.00442553917172289,0.637175162335019
"chr9:121281562:121301963:clu_51474:ENSG00000148180.19",0.00357039661457758,0.00551737445393899,0.517555072975269
"chr9:122826792:122828471:clu_51510:ENSG00000136940.13",-0.00301758478868461,0.00356902835461946,0.397836218232143
"chr9:122148277:122152245:clu_51493:ENSG00000119421.6",-0.00201526513002044,0.00361272088167924,0.576964058891874
"chr9:122919944:122931441:clu_51517:ENSG00000171448.8",0.00353787445111892,0.00367037658772187,0.335096274484454
"chr9:136223853:136224007:clu_52158:ENSG00000165661.16",-0.00498791120427819,0.00334853248003878,0.136334374546932
"chr9:5720324:5720617:clu_50154:ENSG00000107036.11",0.00377391161552357,0.00336358631993192,0.261866514739977
"chr9:108977048:108979281:clu_51248:ENSG00000119326.14",0.00605675399718851,0.00450618600548631,0.178916813602119
"chr9:108948234:108951780:clu_51245:ENSG00000119326.14",0.000337017585335581,0.00349441948386368,0.923167540608802
"chr9:81633364:81634097:clu_50808:ENSG00000196781.14",0.00415412216065828,0.00371861447750115,0.263944910707427
"chr9:34647258:34647541:clu_50434:ENSG00000213930.11",-0.0242034246627698,0.00543869432046666,8.57795465381006e-06
"chr9:35095566:35096561:clu_50462:ENSG00000165282.13",-0.000595357575271335,0.00392045107132463,0.879297785088709
"chr9:131602149:131603961:clu_51956:ENSG00000107263.18",0.00102050816190598,0.00311825542551291,0.743464478936987
"chr9:127385145:127387193:clu_51612:ENSG00000136895.18",-0.00145050051971572,0.00321965997532061,0.652340169465567
"chr9:70350471:70352191:clu_50724:ENSG00000198887.8",0.0013301627822244,0.00482677105214342,0.782870479257021
"chr9:69723630:69732139:clu_50711:ENSG00000188647.12",0.00353985721412354,0.00462310025784909,0.443861347914177
"chr9:69718684:69723326:clu_50711:ENSG00000188647.12",-0.000944341498407527,0.00408680502745246,0.817259763152615
"chr9:121770724:121772673:clu_51487:ENSG00000136848.16",0.00599375369930243,0.00368326634579822,0.103674874807614
"chr9:121770724:121772607:clu_51487:ENSG00000136848.16",-0.00916178169884557,0.00360544027487238,0.0110504535291048
"chr9:121300005:121301963:clu_51474:ENSG00000148180.19",-0.00121581286064415,0.00564585326863792,0.829497437827313
"chr9:120980254:120981844:clu_51453:ENSG00000106804.7",-0.00731069251808459,0.00419657849305939,0.0814979046911847
"chr9:121146256:121148672:clu_51465:ENSG00000119397.16",-0.00454507352126564,0.00475038801391167,0.338678598401049
"chr9:105385502:105389033:clu_51215:ENSG00000070214.15",-0.00383569602864253,0.00486946561295415,0.43087004704304
"chr9:26919529:26920227:clu_50327:ENSG00000137055.14",-0.000150501178535284,0.00327499861035641,0.963346453272975
"chr9:26920384:26923178:clu_50327:ENSG00000137055.14",0.00196847409860015,0.00347829263848393,0.571440595683156
"chr9:17388253:17394534:clu_50253:ENSG00000044459.14",0.00570454997271258,0.00430365929670008,0.185001551357459
"chr9:137361822:137366493:clu_52406:ENSG00000187609.15",0.00763647485061056,0.00367409741848934,0.0376667526855045
"chr9:137458549:137459032:clu_52428:ENSG00000165802.21",-0.0107473944693261,0.00370940882651248,0.0037634944385917
"chr9:137272615:137272782:clu_52392:ENSG00000188986.6",-0.00173970600787789,0.00361859789211009,0.630681408243231
"chr9:136890542:136898713:clu_52277:ENSG00000127191.17",-0.000217381103545712,0.00395737321110016,0.956193709384817
"chr9:137506083:137515379:clu_52446:ENSG00000130653.15",-0.00281017877833227,0.00400620442611822,0.483018072412133
"chr9:136516094:136517272:clu_52215:ENSG00000148400.9",0.00486159777721867,0.00270338399740116,0.0721234844419284
"chr9:137272615:137272815:clu_52392:ENSG00000188986.6",0.00251639784099426,0.00355564105831054,0.479119233258724
"chr9:136517385:136517752:clu_52215:ENSG00000148400.9",-0.00231411717664513,0.00274115398114924,0.398550523720103
"chr9:137576167:137578625:clu_52455:ENSG00000148399.12",0.00249236617558104,0.00797078345537927,0.754517919395676
"chr9:136992704:136993053:clu_52299:ENSG00000148362.10",0.0037275168325818,0.00482384691274814,0.439683954321536
"chr9:137185346:137186224:clu_52363:ENSG00000176248.8",-0.00119705529925047,0.00356212883141956,0.736832758758728
"chr9:137113715:137113865:clu_52342:ENSG00000176978.13",0.0022679773388414,0.00424146139862907,0.592846245201048
"chr9:137022865:137022941:clu_52314:ENSG00000107331.16",-0.00483884195683674,0.00375734875110357,0.197803709111829
"chr9:101399530:101399884:clu_51192:ENSG00000136870.10",0.00598985686133348,0.0037723730860818,0.112326602235018
"chr9:137169185:137169271:clu_52346:ENSG00000184709.7",-0.000703535363308309,0.00531395504255251,0.894672719833387
"chr9:137192691:137198987:clu_52368:ENSG00000176058.11",0.00639102777969453,0.00391357489164091,0.10246039945109
"chr9:137395404:137423114:clu_52413:ENSG00000187609.15",-0.00651773593823373,0.00400340035394588,0.103514284657809
"chr9:136447006:136447227:clu_52199:ENSG00000148396.18",-0.0107969338387355,0.00349121977359364,0.00198413753394777
"chr9:136941684:136942046:clu_52282:ENSG00000159069.13",-0.00606334566203586,0.0026016040821898,0.0197735042024696
"chr9:136547680:136547842:clu_52217:ENSG00000237886.1",0.00329028093760444,0.00390270242170025,0.399185053235326
"chr9:137192691:137204104:clu_52368:ENSG00000176058.11",-0.000962333779445573,0.0041829614715844,0.818044837626447
"chr9:136664785:136668241:clu_52223:ENSG00000172889.15",-0.00460824549278275,0.00337785415262557,0.17248815463403
"chr9:137088398:137088869:clu_52329:ENSG00000177239.14",-0.00107162249329491,0.00345296509934067,0.756295963001
"chr9:136433279:136434037:clu_52195:ENSG00000148384.12",0.0120192788622957,0.00312818291609849,0.000121908698271778
"chr9:137080142:137080689:clu_52326:ENSG00000197355.10",0.00139316419522203,0.00409469837481502,0.733678736149178
"chr9:79718971:79720046:clu_50802:ENSG00000106829.18",-0.00104200864826411,0.00394815832824346,0.791839475306367
"chr9:68356346:68357723:clu_50686:ENSG00000224958.5",-0.000171034658606455,0.00579915907717369,0.976471393461634
"chr9:100340369:100346072:clu_51186:ENSG00000136891.13",-0.00158340369496417,0.00553694162225677,0.774900476607051
"chr9:35802607:35805511:clu_50532:ENSG00000159899.14",-0.0185399519278467,0.00496119788575266,0.000186235575158178
"chr9:37426654:37428484:clu_50573:ENSG00000137106.17",0.0082510248088093,0.00409343573066331,0.0438342592365699
"chr9:68705762:68742501:clu_50693:ENSG00000107242.17",-0.00172651559321055,0.00462863511183545,0.709142864904919
"chr9:68742657:68818461:clu_50693:ENSG00000107242.17",-0.00714332265991394,0.00404595562077378,0.0774719676291595
"chr9:68355605:68357603:clu_50686:ENSG00000224958.5",0.0108036120260596,0.00600365892693495,0.0719388924461276
"chr9:69053260:69064938:clu_50696:ENSG00000165060.11",0.00863933335976461,0.00348529165704398,0.0131826006487287
"chr9:35820000:35833328:clu_50506:ENSG00000204930.9",-0.00143311380224024,0.00305357074485293,0.638838117671434
"chr9:35799731:35800022:clu_50528:ENSG00000159899.14",0.00170863691513801,0.00340772912629964,0.616089323633732
"chr9:35062155:35062217:clu_50451:ENSG00000165280.15",6.49496689062449e-05,0.00423401979757209,0.987760967549302
"chr9:35800157:35800389:clu_50528:ENSG00000159899.14",0.00924239678562449,0.00425152241281809,0.0297124302871247
"chr9:36204179:36211603:clu_50560:ENSG00000122705.16",-0.00382819891859237,0.00488471019667582,0.433209970211585
"chr9:35799731:35800389:clu_50528:ENSG00000159899.14",0.00444357517846861,0.00386385468814167,0.250128704319255
"chr9:35381215:35381556:clu_50476:ENSG00000198722.14",-0.00340967062204516,0.00409057135543881,0.404538074495965
"chr9:151427:152034:clu_50065:ENSG00000172785.18",0.00287393673439563,0.00381169496042589,0.450862023848941
"chr9:34649564:34650369:clu_50436:ENSG00000213930.11",0.00844404989843534,0.005059226432051,0.0951095070933508
"chr9:35845829:35845975:clu_50546:ENSG00000137103.16",0.0094749940807046,0.00503691156006264,0.059956703809019
"chr9:34649564:34650369:clu_50436:ENSG00000137070.17",0.00857292179038462,0.00506872605053617,0.0907725371094994
"chr9:35741890:35743276:clu_50525:ENSG00000070610.14",0.0126752754510772,0.00409732517142151,0.00197778009430949
"chr9:35741064:35744297:clu_50525:ENSG00000070610.14",0.00107449909823743,0.00472735362236062,0.82019514096472
"chr9:33073806:33076583:clu_50367:ENSG00000122692.8",0.0053964752779894,0.00363409227147974,0.137554885603414
"chr9:114092174:114092333:clu_51356:ENSG00000136883.13",5.91810480560633e-05,0.00320262541467059,0.985256796781193
"chr9:114419888:114420037:clu_51393:ENSG00000095397.13",2.43598989662889e-05,0.00307116940168187,0.993671406247555
"chr9:97693759:97697224:clu_51122:ENSG00000136936.10",-0.00200359749492102,0.00447037690739788,0.654012968612425
"chr9:97290902:97291371:clu_51096:ENSG00000254633.1",0.00912254078877163,0.00466229505444641,0.050387088584786
"chr9:98132301:98133038:clu_51136:ENSG00000106789.12",0.00341220013137981,0.00452938578396648,0.451241297951982
"chr9:124468190:124468519:clu_51551:ENSG00000180264.11",0.00375118223464444,0.00325017912491984,0.248440191126597
"chr9:125359492:125360528:clu_51585:ENSG00000165219.21",-0.010296042726537,0.00500677920536424,0.0397420148830679
"chr9:125355857:125359420:clu_51585:ENSG00000165219.21",0.0149389766730797,0.00501877057207452,0.00291444278345299
"chr9:19450355:19450450:clu_50286:ENSG00000177076.5",0.00523802801323713,0.0031548732078237,0.0968546239357607
"chr9:35386293:35389846:clu_50477:ENSG00000198722.14",0.00126663992431908,0.0045332324854671,0.779928600524599
"chr9:35062138:35062217:clu_50451:ENSG00000165280.15",5.07279493294035e-05,0.00398463883357478,0.989842503686208
"chr9:34179240:34234216:clu_50415:ENSG00000165006.13",-0.0118016316622477,0.0054850228811444,0.0314280611418082
"chr9:34658695:34659759:clu_50438:ENSG00000137070.17",-0.0097882103757689,0.00509281479106319,0.0546101966012058
"chr9:35386293:35389849:clu_50477:ENSG00000198722.14",-0.0050377771793191,0.00466382637479533,0.280061535751427
"chr9:89379629:89381055:clu_50925:ENSG00000187764.11",0.00264229926865724,0.0039506880219024,0.503610290000586
"chr9:89338580:89341347:clu_50920:ENSG00000187742.14",0.00443124300280062,0.0069833188704495,0.525724000963142
"chr9:89332986:89334639:clu_50919:ENSG00000187742.14",0.000529594360583427,0.00389706151937617,0.891903642043642
"chr9:3228889:3248032:clu_50108:ENSG00000080298.15",0.00546116908942105,0.00301482314133086,0.0700728787580114
"chr9:5054789:5055669:clu_50138:ENSG00000096968.13",0.00427484411091119,0.00302033480384805,0.156964616564651
"chr9:98780337:98782467:clu_51145:ENSG00000165138.17",-0.00129244398717289,0.0042354466070195,0.760252369129183
"chr9:98782573:98783953:clu_51145:ENSG00000165138.17",-0.0015705550935767,0.00414330477846118,0.704644387134821
"chr9:26984559:26988669:clu_50331:ENSG00000096872.15",-0.0040153603329116,0.00367032905150209,0.273952546451225
"chr9:131473724:131477744:clu_51931:ENSG00000130723.18",-0.00205030566235338,0.00371199770887189,0.58071158295203
"chr9:131529201:131529488:clu_51949:ENSG00000130717.12",0.00243695833715777,0.00327691363889939,0.457073193790539
"chr9:79576177:79612656:clu_50800:ENSG00000106829.18",0.00388250348354013,0.00415750149750151,0.350378703663513
"chr9:79627448:79652593:clu_50800:ENSG00000106829.18",-0.00856440719317031,0.00356825408228633,0.0163875747887556
"chr9:136806672:136806795:clu_52245:ENSG00000196642.18",0.00230071344781385,0.00337932152816189,0.495984688267262
"chr9:136806672:136806795:clu_52245:ENSG00000213213.13",0.00230071344781385,0.00337932152816189,0.495984688267262
"chr9:136740048:136740836:clu_52237:ENSG00000187922.13",-0.00333080581976546,0.00295529605228592,0.259715704589709
"chr9:13122170:13123153:clu_50205:ENSG00000107186.16",-0.00508557800278086,0.00369660337431097,0.168901064421223
"chr9:99040556:99040704:clu_51153:ENSG00000204291.10",-0.00329139578972563,0.00417464701162615,0.430448191604777
"chr9:99825832:99828041:clu_51164:ENSG00000119508.17",0.0184192445445334,0.00452910209776304,4.76499298804889e-05
"chr9:32989895:33001567:clu_50363:ENSG00000137074.18",-0.00873914599622134,0.00375839396115956,0.0200594431015039
"chr9:32989895:32997243:clu_50363:ENSG00000137074.18",0.0161715988549718,0.0038897871974363,3.21818569425369e-05
"chr9:4605440:4622408:clu_50122:ENSG00000106686.16",0.000518454974320489,0.00296321428100468,0.861108146203918
"chr9:129505043:129513419:clu_51836:ENSG00000204054.13",-0.00750958995762489,0.00298766085281253,0.0119527935524366
"chr9:131199015:131215212:clu_51922:ENSG00000126883.16",-0.00335769900526115,0.00284863264203836,0.238515458848707
"chr9:130714455:130854064:clu_51907:ENSG00000097007.17",-0.00595098920160919,0.00336197477477974,0.0767125815265148
"chr9:129503139:129503323:clu_51836:ENSG00000204054.13",-0.00160913705877214,0.00385344751186821,0.676251480491039
"chr9:127091940:127093733:clu_51602:ENSG00000136859.9",-0.00429048920663995,0.0045730858748221,0.348139386917919
"chr9:125559809:125585555:clu_51587:ENSG00000119487.16",0.00255339980742673,0.00397853761017989,0.521007233109874
"chr9:125543168:125559633:clu_51587:ENSG00000119487.16",-0.00394653978516104,0.00425883886943131,0.35409770678337
"chr9:126381171:126386562:clu_51593:ENSG00000196814.14",-0.00643899547207474,0.00455032335464699,0.157049944472339
"chr9:37776405:37777601:clu_50588:ENSG00000165275.9",-0.00283048353820783,0.00376006259170369,0.451584745212449
"chr9:38541562:38542312:clu_50604:ENSG00000273036.2",0.00580167889332984,0.00359960554282907,0.107015465929393
"chr9:137762820:137775109:clu_52468:ENSG00000181090.19",0.00611223504800936,0.00353247300836522,0.0835768411331597
"chr9:137775252:137776618:clu_52468:ENSG00000181090.19",-0.00601794307730788,0.00343047362168242,0.0793859453511018
"chr9:137452586:137452736:clu_52424:ENSG00000165802.21",-0.00562572144211079,0.00362251039671156,0.120425588220556
"chr9:137358606:137361769:clu_52406:ENSG00000187609.15",0.00728498726320093,0.00329331404149501,0.0269629599106312
"chr9:137212599:137213780:clu_52370:ENSG00000188566.13",-0.000795303991507743,0.00290111751536407,0.783979250826739
"chr9:137089005:137096237:clu_52330:ENSG00000177239.14",-0.00906381281014385,0.00489993976898633,0.0643451991366853
"chr9:137309700:137323725:clu_52396:ENSG00000187609.15",-0.00330493766914031,0.00370054259798259,0.371806072083027
"chr9:136549218:136549477:clu_52219:ENSG00000237886.1",-0.00690270594395836,0.00315290197283317,0.0285737141693992
"chr9:137206309:137212502:clu_52370:ENSG00000188566.13",0.00300078737737827,0.00279377049298268,0.282778106647089
"chr9:137374763:137377074:clu_52410:ENSG00000187609.15",-0.004285667904694,0.00369589018946811,0.24622121893208
"chr9:132241044:132241876:clu_51971:ENSG00000196358.10",0.00132519482891003,0.0039359754138614,0.736352275340972
"chr9:133069259:133070461:clu_52014:ENSG00000170835.14",0.00271742705028936,0.00458947432349294,0.553783728573958
"chr9:131513331:131515426:clu_51942:ENSG00000130714.15",0.00363057637547959,0.00350895460190213,0.300827535320339
"chr9:131512136:131513239:clu_51942:ENSG00000130714.15",-0.00233781320106034,0.00341353064792893,0.493428090702683
"chr9:130595588:130609954:clu_51898:ENSG00000107164.15",-0.00625642118848494,0.00307554566681851,0.0419266441274427
"chr9:130579764:130595483:clu_51898:ENSG00000107164.15",0.0022375818844279,0.00336669946699924,0.506292417576979
"chr9:85585594:85586831:clu_50853:ENSG00000135049.15",-0.00752909725770141,0.00387447332926555,0.051985119170057
"chr9:131588026:131588849:clu_51953:ENSG00000107263.18",-0.00633631292163729,0.00362843607444186,0.0807600322760169
"chr9:132241504:132241876:clu_51971:ENSG00000196358.10",-0.00626631315817164,0.00466934874823943,0.179592722417403
"chr9:131444328:131447085:clu_51929:ENSG00000130723.18",0.00419360282543535,0.0053265524803872,0.431105384365719
"chr9:6254553:6255968:clu_50173:ENSG00000137033.11",-0.00945915668473899,0.00430705455234527,0.0280775736293686
"chr9:13121932:13122087:clu_50205:ENSG00000107186.16",0.00967652157219521,0.00358409334780466,0.00693703294168579
"chr9:37860193:37861140:clu_50597:ENSG00000122741.15",-7.56182065591865e-05,0.0036326746671553,0.983392335382148
"chr9:100240240:100242570:clu_51177:ENSG00000119509.12",-0.0128269335632688,0.00359769959604211,0.000363418964805295
"chr9:18707048:18721536:clu_50263:ENSG00000178031.16",0.00634210725968541,0.00360581686211909,0.0786022229448342
"chr9:20926417:20929358:clu_50297:ENSG00000188352.12",0.00354942657292866,0.00495559929845798,0.473839663445803
"chr9:88448989:88462496:clu_50909:ENSG00000106723.16",-0.00727283065777824,0.00274614662477191,0.00808793534150754
"chr9:88462749:88468372:clu_50909:ENSG00000106723.16",0.00736388843415673,0.00287877045293478,0.0105276763665659
"chr9:79723035:79725037:clu_50803:ENSG00000106829.18",0.00106988814538723,0.00371325451031638,0.773249677474905
"chr9:8858323:8860782:clu_50198:ENSG00000225706.1",-0.000632053538722436,0.00226761391346894,0.780451525916337
"chr9:71730253:71730705:clu_50733:ENSG00000135048.13",-0.007050827762396,0.0045744139125092,0.123228707825004
"chr9:136942905:136943349:clu_52283:ENSG00000159069.13",8.21917369778807e-05,0.00343856931336584,0.980930070697663
"chr9:136663108:136664692:clu_52222:ENSG00000172889.15",0.000980418284854835,0.00332935571588572,0.768393527419267
"chr9:135866536:135881633:clu_52145:ENSG00000130559.18",-0.00146981448525397,0.0027333054031676,0.590754832576506
"chr9:137183782:137184913:clu_52362:ENSG00000176248.8",-0.00215547658639491,0.00364079720591683,0.553827664096669
"chr9:135938360:135939673:clu_52149:ENSG00000130560.8",-0.00116973779396895,0.00291824819482198,0.688541159609155
"chr9:137515519:137516383:clu_52447:ENSG00000130653.15",-0.00700453706319691,0.00341473114955452,0.0402406176067084
"chr9:137449483:137449599:clu_52423:ENSG00000165802.21",0.00946870881865059,0.00362090074951683,0.00892236058616314
"chr9:137484736:137488068:clu_52437:ENSG00000130653.15",0.00610579355629461,0.00512903172396381,0.233874339416433
"chr9:136663623:136664695:clu_52222:ENSG00000172889.15",0.00338102017563097,0.00353113520524234,0.338320916064785
"chr9:136920515:136921038:clu_52280:ENSG00000127191.17",-0.00238414646666644,0.00339405790536275,0.48240031961424
"chr9:88388538:88415607:clu_50908:ENSG00000106723.16",-0.00393215322989802,0.00341581248385181,0.249665631326777
"chr9:129493595:129502397:clu_51836:ENSG00000204054.13",-0.00427445390588309,0.00303119711653855,0.158494296291238
"chr9:131139407:131140549:clu_51916:ENSG00000126883.16",-0.00316030868849973,0.00347038190334093,0.36247899534147
"chr9:129580558:129582647:clu_51837:ENSG00000227619.1",-0.00809375592321072,0.00373798880104759,0.0303669957216011
"chr9:130698251:130699329:clu_51904:ENSG00000130713.15",0.00137988636108062,0.00332693597469985,0.678316196781159
"chr9:130303001:130303487:clu_51871:ENSG00000148357.16",0.00601930379515705,0.00291903043496749,0.0391991576234846
"chr9:129666126:129719231:clu_51841:ENSG00000167157.10",-0.00260577390848515,0.00356726119653591,0.465103522709018
"chr9:69234547:69236028:clu_50701:ENSG00000119139.17",-0.00706754672725837,0.0041805295225035,0.0909158069358668
"chr9:69046482:69064938:clu_50696:ENSG00000165060.11",0.00588840858572112,0.00381025740672532,0.122247206324366
"chr9:68705762:68818461:clu_50693:ENSG00000107242.17",0.0106926648623384,0.00422629630260935,0.011405212613506
"chr9:120411474:120415040:clu_51423:ENSG00000136861.17",0.00989312939177717,0.00581271254526749,0.088758830678382
"chr9:135498663:135499709:clu_52132:ENSG00000160345.12",-0.00145718231221303,0.00260147302005662,0.575385727534692
"chr9:32974561:32985971:clu_50361:ENSG00000137074.18",0.00739816799302772,0.00403880641707539,0.0669855631282117
"chr9:33500790:33503827:clu_50393:ENSG00000165271.16",0.017197186558027,0.00338365837513034,3.72648415347676e-07
"chr9:33933628:33935839:clu_50406:ENSG00000137073.21",0.025977812970614,0.00445071956056229,5.32234489813987e-09
"chr9:33932628:33933490:clu_50405:ENSG00000137073.21",-0.00715747938437473,0.00440747136924228,0.104388114341908
"chr9:19230833:19276158:clu_50274:ENSG00000137145.20",-0.00502238374078172,0.00284440638633972,0.0774452849160117
"chr9:37588932:37592291:clu_50585:ENSG00000175768.12",-0.00379278292854221,0.00399930566297982,0.34294603601522
"chr9:37422805:37424845:clu_50573:ENSG00000137106.17",0.0102948088899807,0.00371961219245912,0.00564516152464056
"chr9:86288744:86301276:clu_50882:ENSG00000083223.17",0.0066864433021459,0.0052416775638197,0.202086198824401
"chr9:86298830:86299199:clu_50882:ENSG00000083223.17",-0.00671806785579415,0.00391466658698659,0.0861386681935281
"chr9:27048274:27055609:clu_50335:ENSG00000096872.15",-0.0011866528331282,0.00379988153684062,0.754822573343724
"chr9:37854982:37860048:clu_50596:ENSG00000122741.15",0.00954848165202755,0.00373748377287559,0.0106252248382436
"chr9:36150949:36162362:clu_50557:ENSG00000122694.15",0.00207652135028079,0.00371691578630359,0.576388424861432
"chr9:91298076:91325318:clu_50940:ENSG00000148090.11",-0.00743202490932236,0.00552093110364131,0.178252773634643
"chr9:105748190:105773865:clu_51224:ENSG00000095209.11",-0.000361288900166962,0.00434027086373574,0.933659836861724
"chr9:105607951:105615278:clu_51221:ENSG00000106692.13",0.000452918756161016,0.00360198967318442,0.899936732348329
"chr9:104766535:104768863:clu_51202:ENSG00000165028.11",0.00186701580543386,0.00360898110601141,0.604929371893137
"chr9:17166:17719:clu_50059:ENSG00000181404.15",-0.000707582173061331,0.00484199459877131,0.883815258422317
"chr9:16876:16969:clu_50058:ENSG00000181404.15",-0.00581519795283234,0.00597697433219072,0.330586404172937
"chr9:70229389:70257915:clu_50716:ENSG00000268364.1",-0.00330720355616983,0.00522785922002386,0.526987413739711
"chr9:115046682:115073603:clu_51400:ENSG00000041982.15",0.000112869620987783,0.00428958295765931,0.979008090492817
"chr9:130429685:130430284:clu_51892:ENSG00000148357.16",-0.00537704724574881,0.00405515705047112,0.184847130834378
"chr9:108874970:108875633:clu_51234:ENSG00000070061.14",-0.00372337840606309,0.00410624588732846,0.364533870331005
"chr9:113389524:113389599:clu_51339:ENSG00000148218.15",0.00559598283169343,0.00347213784874079,0.107031108960704
"chr9:5929159:5931544:clu_50169:ENSG00000183354.11",0.00090256608005302,0.00526313875455913,0.863839924672528
"chr9:125468109:125471083:clu_51586:ENSG00000119487.16",0.0167398557817603,0.00469707629558271,0.00036540134098717
"chr9:125672643:125706971:clu_51588:ENSG00000119487.16",-0.0076374645970055,0.00442802661185408,0.0845633468263894
"chr9:125915927:125929655:clu_51590:ENSG00000167081.16",-0.00132049281671098,0.0033131251701221,0.69021440390458
"chr9:133462219:133463483:clu_52057:ENSG00000160325.14",0.00156353261159027,0.00289734584336,0.589443206540712
"chr9:33953474:33960826:clu_50408:ENSG00000137073.21",-0.0099390067515558,0.0040817056889524,0.0148912512958189
"chr9:78236603:78240023:clu_50792:ENSG00000148019.12",-0.00458753367051517,0.00362232294837132,0.205347794549943
"chr9:128160486:128162004:clu_51693:ENSG00000171159.4",-0.00475591206810454,0.00435790006455377,0.275127197928228
"chr9:128250940:128254009:clu_51711:ENSG00000106976.20",0.00551562701390967,0.00458093565163162,0.228574350399595
"chr9:127914841:127916826:clu_51675:ENSG00000136840.18",0.0115627160082289,0.00526655642571601,0.0281278682386344
"chr9:128190444:128190688:clu_51702:ENSG00000148337.20",-0.00126404284977531,0.00397524265624644,0.750501025702577
"chr9:127740369:127741788:clu_51647:ENSG00000095370.19",-0.00349925748349701,0.0052290492601938,0.503370624048258
"chr9:386426:390471:clu_50072:ENSG00000107099.15",0.00291536249023466,0.00367378940815044,0.427453185279066
"chr9:175784:178816:clu_50068:ENSG00000172785.18",-0.00661570024347847,0.00277344619159882,0.0170618694778835
"chr9:14940:15041:clu_50056:ENSG00000181404.15",0.0125160538216281,0.00451361599232125,0.00555498097979468
"chr9:106929759:106930525:clu_51226:ENSG00000148143.12",0.00074672549829431,0.00392355735025755,0.84905956792166
"chr9:128260784:128260868:clu_51713:ENSG00000167110.17",-0.0146541057222579,0.00424460909503685,0.000555614998835718
"chr9:128694042:128694641:clu_51756:ENSG00000119335.16",-0.00768757738974633,0.00429356299913581,0.073375331467966
"chr9:128068580:128101096:clu_51682:ENSG00000148339.12",0.021230472925169,0.00406437316440894,1.75521194800687e-07
"chr9:13250372:13279400:clu_50217:ENSG00000234740.1",-0.00894552986532709,0.0028070357154468,0.0014384408554754
"chr9:13250372:13279400:clu_50217:ENSG00000107186.16",-0.00894552986532709,0.0028070357154468,0.0014384408554754
"chr9:123440491:123452276:clu_51535:ENSG00000119522.16",0.00149349118040765,0.0040759154467033,0.714052751991968
"chr9:92141650:92141999:clu_50954:ENSG00000225511.6",-0.00269553117407965,0.00441863654038471,0.541837388670145
"chr9:92729236:92764505:clu_50989:ENSG00000185963.13",-0.00449424756453098,0.00409600648885568,0.272542316833041
"chr9:92512126:92514631:clu_50980:ENSG00000106823.12",-0.0148384132163862,0.00592944271823303,0.0123320635255462
"chr9:137449491:137449599:clu_52423:ENSG00000165802.21",-0.00888542859736836,0.00374832479467561,0.0177637276432292
"chr9:112052438:112058428:clu_51289:ENSG00000106868.16",0.00246817612924423,0.00401479689947882,0.538706716270926
"chr9:133690527:133694258:clu_52075:ENSG00000123453.17",0.0070016031616699,0.00284900402738324,0.0139883782257183
"chr9:35736311:35736392:clu_50517:ENSG00000107175.11",-0.00388156041283998,0.00405314472192704,0.338231017534362
"chr9:35729399:35732075:clu_50515:ENSG00000137076.20",0.00156401544798027,0.00471173831667385,0.739934400282649
"chr9:35736311:35736375:clu_50517:ENSG00000107175.11",0.0025126731032109,0.00422553262159367,0.552083758921498
"chr9:35805670:35805884:clu_50533:ENSG00000159899.14",-0.0116587294852304,0.00491808303554811,0.017760002604479
"chr9:95928150:95928719:clu_51062:ENSG00000182150.15",0.00977702430496328,0.00625884670406435,0.118261427213783
"chr9:86323960:86325334:clu_50887:ENSG00000083223.17",-0.00264969791958917,0.00432528853820987,0.540136857973944
"chr9:89332986:89334636:clu_50919:ENSG00000187742.14",0.000342190347228686,0.00382772814129613,0.928765798310417
"chr9:89405699:89455888:clu_50927:ENSG00000187764.11",0.00276432162619174,0.00359928896178493,0.442476009755275
"chr9:114008554:114016113:clu_51352:ENSG00000157657.14",0.0068300908519275,0.00292394753724323,0.0194957087473554
"chr9:113190578:113193492:clu_51318:ENSG00000119321.8",0.000310152331872685,0.00288470401869218,0.914379496719569
"chr9:83788678:83799185:clu_50828:ENSG00000165113.12",-0.000630725682681246,0.0039346374595135,0.872644098644592
"chr9:83748372:83750456:clu_50826:ENSG00000165113.12",-0.00394880698791011,0.0036439925775795,0.278520690476005
"chr9:108935689:108939196:clu_51243:ENSG00000119328.11",0.0097221104764928,0.00397957972260492,0.0145657655349616
"chr9:18174:18381:clu_50060:ENSG00000181404.15",-0.00218421384587226,0.00404703308031182,0.589398811257865
"chr9:93299261:93308328:clu_51006:ENSG00000165238.16",-0.0156460148944321,0.00864648388281593,0.0703697285172755
"chr9:93450599:93452147:clu_51013:ENSG00000188938.15",-0.00608568896569284,0.00526393508100294,0.247636090134753
"chr9:93450599:93452740:clu_51013:ENSG00000188938.15",-0.0128217563640765,0.00412887389450394,0.00190029428933769
"chr9:137008622:137008731:clu_52302:ENSG00000107331.16",0.00245732167764507,0.00320473194064693,0.443212826728244
"chr9:137178116:137180181:clu_52358:ENSG00000176248.8",0.00256579264472851,0.00401855122718877,0.52315672558068
"chr9:136944106:136944594:clu_52287:ENSG00000159069.13",-0.000612691770788813,0.00399007989457685,0.877961598531713
"chr9:137454443:137455239:clu_52426:ENSG00000165802.21",0.00283172446068071,0.00390931376095995,0.468848840888324
"chr9:137516467:137519917:clu_52447:ENSG00000130653.15",0.0007149974978757,0.00505318816052493,0.887479435118254
"chr9:137383377:137395303:clu_52410:ENSG00000187609.15",-0.00160530313369246,0.00408409823544719,0.69427381375047
"chr9:13217294:13219559:clu_50216:ENSG00000107186.16",0.00539067239497922,0.0029012177239531,0.0631587426546041
"chr9:90867199:90874204:clu_50933:ENSG00000165025.14",-0.000844219851393926,0.00354702355002164,0.811874917737747
"chr9:98092001:98094867:clu_51132:ENSG00000106785.14",0.00508415734336274,0.00345160216401612,0.140755148453449
"chr9:97675587:97675771:clu_51121:ENSG00000136936.10",0.00336192606352025,0.00574699140334772,0.558555193966088
"chr9:98784876:98796133:clu_51147:ENSG00000165138.17",0.000544516033461428,0.0041376054779141,0.895299318136398
"chr9:34637089:34637220:clu_50432:ENSG00000147955.16",-0.0136462638567175,0.00513498459988732,0.00787206673729957
"chr9:33347117:33351560:clu_50377:ENSG00000086102.18",0.00956112528264208,0.004287748531551,0.0257560208893459
"chr9:33603550:33604297:clu_50399:ENSG00000226562.3",-0.000450543801954991,0.00560824709392957,0.935970074601859
"chr9:35835218:35845975:clu_50546:ENSG00000137103.16",-0.00462364919326678,0.00387750149612474,0.23309267443135
"chr9:35843531:35845975:clu_50546:ENSG00000137103.16",-0.0093794609702222,0.00403295651333757,0.0200343750842056
"chr9:111530963:111533739:clu_51279:ENSG00000173258.12",0.00950395517976054,0.00318059584733997,0.0028071285780118
"chr9:71911836:71918425:clu_50738:ENSG00000155621.14",0.000710124238549956,0.0033616097328944,0.832695868110298
"chr9:137619049:137710967:clu_52465:ENSG00000181090.19",-0.00494003573078928,0.00364605807508084,0.175450149866424
"chr9:136663108:136664695:clu_52222:ENSG00000172889.15",-0.0071568600906008,0.00304408648153466,0.0187195170644066
"chr9:137181862:137183125:clu_52360:ENSG00000176248.8",0.00199455600777868,0.00361708333636135,0.581341262376494
"chr9:137358606:137366493:clu_52406:ENSG00000187609.15",-6.89416273577619e-05,0.00411718009497709,0.986640154593794
"chr9:15478552:15479591:clu_50238:ENSG00000164985.14",0.00367387600878809,0.00298176315731842,0.217906016651352
"chr9:136791777:136792251:clu_52241:ENSG00000244187.7",-0.000562424899047533,0.00364797907445979,0.877472245254847
"chr9:136356550:136358014:clu_52165:ENSG00000160360.12",-0.000900477912578157,0.00317725098186219,0.776859376418705
"chr9:75078582:75078705:clu_50758:ENSG00000106733.20",-0.00995387599966495,0.00445930598764126,0.0256045153060828
"chr9:26980619:26984257:clu_50330:ENSG00000096872.15",-0.00876668427813294,0.00334227130405862,0.00871664181651022
"chr9:100006647:100007578:clu_51171:ENSG00000023318.7",0.00640798194213498,0.00526625897805193,0.223680463295863
"chr9:101544885:101546820:clu_51195:ENSG00000155827.11",-0.0029092041081332,0.00365801747431184,0.426441746338412
"chr9:108955827:108965378:clu_51246:ENSG00000119326.14",-0.00338361957388968,0.00319056157475086,0.28891305370029
"chr9:85941405:85942155:clu_50865:ENSG00000135040.15",-0.00648384198357856,0.00364741848717576,0.0754609729568967
"chr9:121157880:121157983:clu_51467:ENSG00000119397.16",-0.00130338143413401,0.00433018433249131,0.763415207719673
"chr9:120448126:120453456:clu_51426:ENSG00000136861.17",-0.0117294198045661,0.00372287131607213,0.00162914278190773
"chr9:33386541:33386969:clu_50381:ENSG00000165269.12",0.0036242340883599,0.0032349788918144,0.262574454676587
"chr9:132935095:132944572:clu_52008:ENSG00000165699.13",0.000383302640517678,0.00316799291094835,0.903697161140844
"chr9:132887571:132888290:clu_51998:ENSG00000165698.15",-0.00310819597679648,0.00346802254854789,0.37012221799163
"chr9:123652123:123667026:clu_51539:ENSG00000119522.16",0.000156730952435876,0.00435160325716718,0.971268939683542
"chr9:34989831:34993200:clu_50445:ENSG00000137094.14",0.0139617741439526,0.00498943460264245,0.00513774968937319
"chr9:83817127:83817517:clu_50830:ENSG00000165113.12",0.0051127939842068,0.00409655247128152,0.212004552732071
"chr9:83884018:83887041:clu_50834:ENSG00000165115.14",0.0120833520211685,0.00400504310370665,0.0025526100991714
"chr9:6893232:6980925:clu_50184:ENSG00000224972.1",-0.00508535309739958,0.00309717181584045,0.100603589763548
"chr9:6893232:6980925:clu_50184:ENSG00000107077.18",-0.00506605329774254,0.00304779812372817,0.0964724658738102
"chr9:133354957:133356269:clu_52034:ENSG00000148290.9",-0.000750168047121825,0.00214423344528798,0.726448480865789
"chr9:133104331:133104448:clu_52020:ENSG00000160271.14",-0.00519642098834331,0.00335591408542802,0.121517158238074
"chr9:32997348:33001567:clu_50363:ENSG00000137074.18",0.00827336857398381,0.0037610005894235,0.0278226077051927
"chr9:92250289:92250713:clu_50959:ENSG00000196305.17",0.000720258590652358,0.00422693922673541,0.864697777396323
"chr9:114288967:114289172:clu_51379:ENSG00000196739.14",0.00196787077655338,0.00408206110375635,0.629750724849803
"chr9:114288967:114289242:clu_51379:ENSG00000196739.14",-0.00468053471658229,0.00311207889712917,0.132584009761716
"chr9:113256548:113272427:clu_51323:ENSG00000176386.8",0.0034331980072639,0.00393315244118705,0.382724621153058
"chr9:33262246:33262702:clu_50371:ENSG00000107262.18",0.00895917990853798,0.00367656639939223,0.0148165026723267
"chr9:122996605:122997259:clu_51522:ENSG00000011454.16",-0.00408447011712518,0.00676184274923827,0.545812464647623
"chr9:93262107:93262670:clu_51003:ENSG00000165238.16",-0.000928450063219322,0.00441183516700948,0.833320124323074
"chr9:99146609:99147654:clu_51157:ENSG00000106799.12",0.000112954054144098,0.00361828878320327,0.975096056391519
"chr9:26884885:26887313:clu_50324:ENSG00000120159.11",0.000247769054193979,0.00461140945087085,0.957150622107259
"chr9:122264938:122265462:clu_51503:ENSG00000148187.17",-0.00511029637925615,0.00500598981522686,0.307331978543415
"chr9:114252646:114252879:clu_51373:ENSG00000196739.14",-0.00654493787025711,0.00280042515599803,0.0194327925972102
"chr9:114252653:114252879:clu_51373:ENSG00000196739.14",0.00339718186757502,0.00292048464862748,0.244738071423085
"chr9:62804140:62806311:clu_50651:ENSG00000238113.6",-0.0535025548325097,0.0317716763173997,0.0921874358744426
"chr9:63376371:63379123:clu_50659:ENSG00000237238.2",-0.0227630021724162,0.0177995007740829,0.200947694061566
"chr9:63376098:63379123:clu_50659:ENSG00000237238.2",0.023230329802695,0.0185136649148736,0.209563472763968
"chr9:94064821:94085251:clu_51028:ENSG00000158079.14",-0.0107055141759487,0.0043982158801579,0.0149305871744132
"chr9:95082719:95085930:clu_51042:ENSG00000148120.16",0.0103158927610673,0.00464656272798953,0.0264111206995743
"chr9:93109092:93110568:clu_50997:ENSG00000165233.17",-0.00695050559626111,0.00540704035090047,0.198633426371995
"chr9:95005616:95060694:clu_51041:ENSG00000148120.16",-0.00186349660090153,0.0061846192379799,0.763177009258776
"chr9:95049055:95060694:clu_51041:ENSG00000148120.16",-0.00626975785106561,0.00666301493866483,0.346715565802139
"chr9:36148650:36150872:clu_50557:ENSG00000122694.15",-0.0108790033549189,0.00360607909077686,0.00255415314145391
"chr9:36136791:36141846:clu_50557:ENSG00000122694.15",0.00462477729183925,0.00540388531325303,0.392094877140446
"chr9:134326659:134401632:clu_52095:ENSG00000186350.9",0.00525845659926924,0.00277392789597094,0.0580034702394967
"chr9:134832891:134834971:clu_52119:ENSG00000130635.15",0.010735321576161,0.00349544488886499,0.00213177567675471
"chr9:120776226:120776931:clu_51433:ENSG00000119402.16",0.0114572654802526,0.00510848424512267,0.0249102573382851
"chr9:125261959:125298890:clu_51577:ENSG00000165219.21",-0.00375202705413033,0.00463731877234614,0.418461047059789
"chr9:125960849:125962102:clu_51592:ENSG00000167081.16",0.00425900268173335,0.00401446034849578,0.288728364079021
"chr9:14179780:14306989:clu_50222:ENSG00000147862.15",0.00502524129251357,0.00291093154728238,0.0842872684178648
"chr9:128355796:128360415:clu_51723:ENSG00000167114.12",0.000429754301240833,0.00375419483399121,0.908862773392068
"chr9:128355796:128360334:clu_51723:ENSG00000167114.12",-0.00111964592620492,0.00379528841285194,0.767986664996501
"chr9:127510333:127516857:clu_51631:ENSG00000136830.11",0.00702902167544985,0.00414708179816702,0.0900883198907196
"chr9:128735431:128739931:clu_51767:ENSG00000160445.10",0.0022023822737938,0.00354165713340365,0.534039988033921
"chr9:129129110:129131522:clu_51827:ENSG00000119383.19",0.0139485992547072,0.00453139675412491,0.0020824680419097
"chr9:128169700:128170020:clu_51697:ENSG00000148337.20",-0.00437825678206016,0.00379309878235953,0.248389853757402
"chr9:128826433:128826540:clu_51786:ENSG00000198917.12",-0.00106132070257434,0.00482871333368607,0.826031837190617
"chr9:134029115:134029605:clu_52084:ENSG00000235106.9",-0.00163017650507083,0.00280153633945451,0.560643055040478
"chr9:130444995:130452224:clu_51894:ENSG00000130707.17",-0.00389617537204276,0.00342120144725355,0.254773026599645
"chr9:128983550:128984900:clu_51799:ENSG00000095319.14",-0.00177643493489395,0.00392259016217544,0.650640238036181
"chr9:129014904:129021091:clu_51808:ENSG00000148341.17",-0.00507288240740157,0.00435411229541625,0.243987238762218
"chr9:129085306:129085518:clu_51821:ENSG00000167130.17",0.00199602747878409,0.00446796817676432,0.655061605217625
"chr9:129503672:129513419:clu_51836:ENSG00000204054.13",-0.00145672775681944,0.00310789409480987,0.639270792933337
"chr9:128979327:128980606:clu_51798:ENSG00000095319.14",0.00309636439231256,0.00388515843912358,0.425467008994393
"chr9:5824001:5825092:clu_50160:ENSG00000099219.13",0.00644207961101766,0.00375525784843598,0.086256777313941
"chr9:100099416:100104498:clu_51174:ENSG00000119509.12",-0.00595376302636697,0.0049337347716861,0.227530108667753
"chr9:100321771:100326302:clu_51184:ENSG00000136891.13",0.00466934289987607,0.00412326585019156,0.257450339886868
"chr9:100215040:100215401:clu_51175:ENSG00000119509.12",0.00340219873587183,0.00488682367818531,0.486304601074827
"chr9:20620834:20621773:clu_50289:ENSG00000171843.15",-0.0089635313773572,0.0038681388298845,0.0204888974049852
"chr9:26884885:26886104:clu_50324:ENSG00000120159.11",0.00490103141999179,0.00332129101407618,0.140040435810758
"chr9:382685:386331:clu_50072:ENSG00000107099.15",0.00229530221411052,0.00367392859015937,0.53213241283968
"chr9:19063193:19063514:clu_50269:ENSG00000147874.10",-0.00692753573726618,0.003078987112729,0.024452765195046
"chr9:93262719:93263566:clu_51003:ENSG00000165238.16",0.000308312056191568,0.00498234644954638,0.950657682126226
"chr9:93018215:93020317:clu_50993:ENSG00000127084.17",-0.00877463510515036,0.00535460254847591,0.101273889776407
"chr9:129720774:129722222:clu_51842:ENSG00000167157.10",-0.00640142938781414,0.00366234709572094,0.0804807348697745
"chr9:128790775:128791380:clu_51775:ENSG00000107021.15",0.00403138340910918,0.00481963872988159,0.402902191560267
"chr9:128621256:128621667:clu_51746:ENSG00000197694.15",-0.00677179692245455,0.0035879865459572,0.0591128715667462
"chr9:129142177:129142445:clu_51828:ENSG00000119383.19",0.000547679944431001,0.00452266262179299,0.903614368403956
"chr9:128621256:128624328:clu_51746:ENSG00000197694.15",0.0019697877486214,0.00411407706801067,0.632086511461412
"chr9:86009931:86013046:clu_50872:ENSG00000135040.15",-0.00321265125639808,0.0033269280773074,0.334218871590743
"chr9:96774846:96776000:clu_51089:ENSG00000081386.12",0.00443318970613378,0.00451288956995143,0.325932618476995
"chr9:133455435:133456069:clu_52054:ENSG00000160323.18",-0.00049193479535191,0.00293758385750429,0.867006242925332
"chr9:133030910:133042087:clu_52009:ENSG00000148308.17",0.00665271051066113,0.00296884189812377,0.025036204491762
"chr9:133568758:133569408:clu_52069:ENSG00000197859.9",0.00334579108756745,0.00430987749292219,0.437567327219173
"chr9:134431996:134434102:clu_52097:ENSG00000186350.9",-8.11618281418729e-05,0.0025668398488645,0.974775605646197
"chr9:71952132:71971505:clu_50738:ENSG00000155621.14",0.00318904285867579,0.00389876342270344,0.413378515056304
"chr9:27548422:27548557:clu_50342:ENSG00000147894.14",-0.00218198680342922,0.00344788739723215,0.526833256512399
"chr9:27548418:27548557:clu_50342:ENSG00000147894.14",0.00207934595495675,0.00355702212914213,0.558833570158607
"chr9:129015864:129021091:clu_51808:ENSG00000148341.17",0.00729515514592626,0.00410524154969826,0.075562592486477
"chr9:136367257:136367637:clu_52169:ENSG00000187796.13",-0.00110904907450294,0.0028927743415173,0.701433610174862
"chr9:136548101:136549132:clu_52218:ENSG00000237886.1",-0.00084267283372541,0.00463057244788261,0.855598208020981
"chr9:137374763:137383313:clu_52410:ENSG00000187609.15",-0.00303220604745182,0.00431798816207216,0.482537873683416
"chr9:137493082:137495033:clu_52438:ENSG00000130653.15",0.00257549895570325,0.00466610212600922,0.580976166150553
"chr9:127357377:127365300:clu_51611:ENSG00000136895.18",-0.00669645071646612,0.00303534127390714,0.0273727478785349
"chr9:127682560:127684368:clu_51638:ENSG00000136854.19",-0.0125529523244461,0.00368848952475563,0.000665826902792488
"chr9:127387331:127388904:clu_51611:ENSG00000136895.18",-0.00344837563139946,0.00525817044968082,0.511944561768013
"chr9:126808915:126832487:clu_51596:ENSG00000169155.9",0.00120771073252418,0.00383302266832862,0.752700527102458
"chr9:127455054:127455576:clu_51621:ENSG00000148356.13",-0.000552328866996788,0.00357243106469858,0.877129823173138
"chr9:100429662:100441906:clu_51190:ENSG00000066697.14",0.00766975086813426,0.00591113365909952,0.194456008947571
"chr9:100020731:100052417:clu_51172:ENSG00000023318.7",-0.00490369048957683,0.00420312158574715,0.243340334025135
"chr9:86949220:86950867:clu_50891:ENSG00000226237.1",-0.00396151274790159,0.00319042487519963,0.214351645297268
"chr9:5738538:5742869:clu_50150:ENSG00000107036.11",-0.00277558727576791,0.00356375174934448,0.436074820847546
"chr9:87969349:87970776:clu_50904:ENSG00000156345.17",-0.0021917871146104,0.00428073595944179,0.608642785367762
"chr9:87726308:87727594:clu_50899:ENSG00000135047.14",0.00188969913356142,0.00371237206180219,0.610733011841746
"chr9:106984409:107003294:clu_51228:ENSG00000148143.12",0.0107885583938176,0.00387303912493709,0.00534363911537805
"chr9:95082719:95086682:clu_51042:ENSG00000148120.16",0.00217886090389658,0.00626950354160914,0.728190747930151
"chr9:128250330:128250725:clu_51710:ENSG00000106976.20",0.0023922805947548,0.00408942361778202,0.558553014782726
"chr9:128098725:128101096:clu_51682:ENSG00000148339.12",-0.0242713401752801,0.00397187820999788,9.91350002088609e-10
"chr9:127738921:127739682:clu_51645:ENSG00000095370.19",0.0111211209125194,0.00469688867611355,0.0178959782066924
"chr9:128250356:128250725:clu_51710:ENSG00000106976.20",-0.00709778688378988,0.00415803709339481,0.087821267208633
"chr9:127745099:127747147:clu_51648:ENSG00000095370.19",-0.0004506504447133,0.00439988109111428,0.918420671482336
"chr9:6499931:6500552:clu_50180:ENSG00000147854.16",0.0124101179394124,0.00340138368653213,0.000263724734952731
"chr9:86340105:86341002:clu_50889:ENSG00000083223.17",-0.00143968364033085,0.00396775498434179,0.716719999616939
"chr9:93107827:93110568:clu_50997:ENSG00000165233.17",0.00729741452368338,0.00420704669286661,0.0828171006292943
"chr9:92505690:92509899:clu_50979:ENSG00000106823.12",0.00785619956861193,0.00428969000989292,0.0670387305209308
"chr9:120404113:120407012:clu_51422:ENSG00000136861.17",-0.00171433088196497,0.00357236220413657,0.63130760604214
"chr9:121166180:121167489:clu_51468:ENSG00000119397.16",-0.000554325153345895,0.0040155522738191,0.890205199566652
"chr9:122386621:122390198:clu_51509:ENSG00000095303.14",0.0141147328756632,0.00420332476833531,0.000785107549238329
"chr9:6981118:6984166:clu_50185:ENSG00000107077.18",0.00597592562509866,0.00301324285169644,0.0473427816575377
"chr9:129929695:129953366:clu_51860:ENSG00000187239.16",0.00169868707881744,0.00423736614584737,0.688506435848315
"chr9:129929695:129957360:clu_51860:ENSG00000187239.16",-0.00258471133977011,0.00340647997925592,0.447994277485524
"chr9:136429760:136430277:clu_52191:ENSG00000148384.12",0.00329008998736729,0.0027660875631542,0.234267308256939
"chr9:73151924:73158522:clu_50750:ENSG00000135046.13",-0.00394998960059738,0.00669271286138616,0.555061533131873
"chr9:33465897:33466071:clu_50388:ENSG00000165271.16",0.0113267336262169,0.00381994371787801,0.00302528294986137
"chr9:33467868:33468030:clu_50390:ENSG00000165271.16",0.00562859739756914,0.00385083423101485,0.143835326672
"chr9:33466225:33466308:clu_50388:ENSG00000165271.16",-0.0125496971064375,0.00373351047640375,0.00077557833938624
"chr9:133109685:133110296:clu_52022:ENSG00000160271.14",0.00163389533840382,0.00284217444871997,0.565375766857614
"chr9:124356915:124384598:clu_51544:ENSG00000136930.12",0.00785543110704308,0.00431374776260933,0.0686034588499509
"chr9:124356915:124367652:clu_51544:ENSG00000136930.12",-0.00732141311142899,0.00470877332459701,0.119982966053643
"chr9:90974285:90977051:clu_50934:ENSG00000228216.1",-0.00492926278664905,0.00342477831927928,0.15006725032787
"chr9:41007609:41008881:clu_50629:ENSG00000276291.5",0.0168896299316123,0.0205418787138234,0.410960384711035
"chr9:41007609:41011617:clu_50629:ENSG00000276291.5",-0.00420870148472056,0.0121189912046877,0.728379845278223
"chr9:114356136:114356863:clu_51388:ENSG00000106948.16",0.00323417555250491,0.00296740631380938,0.275757284050292
"chr9:114169463:114178291:clu_51365:ENSG00000196739.14",0.00264029406269573,0.00366495959239067,0.471269148052328
"chr9:97546341:97553281:clu_51108:ENSG00000136842.13",0.000181621860759453,0.00382307052366219,0.962109307920623
"chr9:15888088:15888983:clu_50244:ENSG00000164989.16",-0.0013051773498547,0.00337557862563676,0.699013170822085
"chr9:104771316:104772822:clu_51201:ENSG00000165028.11",-0.00858979152237589,0.00436215651077245,0.0489345256690464
"chr9:69252900:69254209:clu_50703:ENSG00000119139.17",-0.00215008649987445,0.00455910813203517,0.637210587812261
"chr9:136409067:136410328:clu_52185:ENSG00000165689.16",0.00512754925908725,0.00293059030686688,0.0801762560858154
"chr9:136355846:136356342:clu_52164:ENSG00000160360.12",-0.00411195264698483,0.00295550110913502,0.164138170723804
"chr9:136402887:136404055:clu_52182:ENSG00000165689.16",0.0070986782000917,0.00258584416102285,0.00604726899637476
"chr9:177820:178816:clu_50068:ENSG00000172785.18",-0.00111521685985058,0.00325791743638761,0.732117808875123
"chr9:130450333:130452224:clu_51894:ENSG00000130707.17",0.0069414612315686,0.00350872324257766,0.0478899235841272
"chr9:133412921:133414665:clu_52044:ENSG00000148300.11",-0.00190215371566613,0.00309100848135378,0.538301891746897
"chr9:33318830:33318910:clu_50374:ENSG00000086102.18",-0.000122353250589942,0.00439673227480978,0.97779915518294
"chr9:5929159:5954016:clu_50169:ENSG00000183354.11",-0.0107115264976198,0.00318346712339293,0.000766169241893433
"chr9:35068362:35072277:clu_50454:ENSG00000165280.15",0.00243312314889435,0.00469259550009876,0.604107619554497
"chr9:35802000:35802206:clu_50531:ENSG00000159899.14",0.00717417616947161,0.00315729826650441,0.0230713157759458
"chr9:35068362:35072337:clu_50454:ENSG00000165280.15",-0.00281188197143087,0.00384798992506589,0.464937690294624
"chr9:35842717:35843365:clu_50546:ENSG00000137103.16",0.00291851142289017,0.00317388433495053,0.357813552321625
"chr9:35106009:35106252:clu_50464:ENSG00000005238.19",0.00195047133345888,0.00479344521952291,0.684078605288491
"chr9:35105857:35105941:clu_50464:ENSG00000005238.19",0.00574259666048224,0.00527788289851992,0.276573355143371
"chr9:34647961:34648092:clu_50434:ENSG00000213930.11",-0.0210332088603393,0.00465628662034898,6.26734560160713e-06
"chr9:128999317:128999624:clu_51804:ENSG00000095319.14",-0.00375452984688019,0.003767267466127,0.318949542796116
"chr9:128239779:128242232:clu_51707:ENSG00000106976.20",0.0120545544444318,0.00626933371540674,0.0545075853987537
"chr9:128268524:128272785:clu_51715:ENSG00000167110.17",0.00521234564976759,0.00532783056669298,0.327913997819839
"chr9:128684007:128691170:clu_51755:ENSG00000119335.16",0.00364603311341258,0.00445128239870777,0.412730938251224
"chr9:128689655:128691170:clu_51755:ENSG00000119335.16",-0.00658341173317207,0.00447766951366287,0.14148691490851
"chr9:68264514:68266220:clu_50684:ENSG00000196873.15",-0.00973883901021406,0.00597567940875861,0.103155212261438
"chr9:68479553:68499227:clu_50691:ENSG00000154330.12",0.00603219357740757,0.00775023462985292,0.436378033363182
"chr9:127405565:127407112:clu_51617:ENSG00000136856.17",-0.00185667401851028,0.00347151658424051,0.592766857719526
"chr9:133353940:133354659:clu_52032:ENSG00000148290.9",0.00501345984652639,0.00311398457789591,0.107401734897462
"chr9:133536802:133537405:clu_52063:ENSG00000197859.9",-0.00214824387084022,0.00298284927830406,0.471402726483472
"chr9:133436955:133437749:clu_52051:ENSG00000160323.18",-0.00214311913014788,0.00284101081963811,0.450638533137489
"chr9:75069102:75069742:clu_50757:ENSG00000106733.20",0.0021769533239403,0.00265659496553533,0.41252830536326
"chr9:27565590:27566677:clu_50345:ENSG00000147894.14",0.00236617845646184,0.00339523351320981,0.485857963639107
"chr9:89363950:89376833:clu_50924:ENSG00000187764.11",-0.00874049717491919,0.00368277319069492,0.0176277143442224
"chr9:127925260:127927153:clu_51677:ENSG00000167103.11",-0.00497307683234014,0.00547344584979061,0.36357057464091
"chr9:114351021:114355925:clu_51387:ENSG00000106948.16",-0.000512997489009744,0.00305487880315396,0.866640488312008
"chr9:114410981:114417399:clu_51393:ENSG00000095397.13",0.000715511115958956,0.00324293384234704,0.825375107889591
"chr9:137488259:137489137:clu_52437:ENSG00000130653.15",0.00785454834314341,0.00401391252419082,0.050367344465397
"chr9:137484736:137493013:clu_52437:ENSG00000130653.15",-0.00506152480756802,0.00608539485829526,0.40555029118661
"chr9:137114382:137114463:clu_52344:ENSG00000176978.13",-0.00298445362743401,0.00319143331534612,0.349713462147308
"chr9:137352201:137352620:clu_52402:ENSG00000187609.15",0.00377323976844195,0.00316265750426675,0.232845924311957
"chr9:136839121:136839222:clu_52260:ENSG00000196642.18",0.000462316444517415,0.00374591141371884,0.90177535375497
"chr9:137378720:137379697:clu_52410:ENSG00000187609.15",0.00484347630939807,0.00474102062498773,0.306965300229151
"chr9:136839121:136839314:clu_52260:ENSG00000196642.18",-0.00117571423301593,0.00379797501832033,0.756892957778018
"chr9:137107662:137108388:clu_52337:ENSG00000177239.14",0.00443556683795858,0.00330253183212519,0.179245837085996
"chr9:137728529:137743371:clu_52466:ENSG00000181090.19",0.00599518141248649,0.00420084530189533,0.153540433323609
"chr9:137114378:137114463:clu_52344:ENSG00000176978.13",0.00102613391837783,0.00332316034791845,0.757486945816759
"chr9:137728529:137743392:clu_52466:ENSG00000181090.19",-0.00729576909220256,0.00412319075654738,0.0768192442834992
"chr9:137224243:137225036:clu_52378:ENSG00000197191.4",0.00696277976792578,0.00346577846531017,0.0445361903248866
"chr9:15471231:15472632:clu_50236:ENSG00000164985.14",-0.000685551855111132,0.00387094129231594,0.859428187718816
"chr9:15469993:15472632:clu_50236:ENSG00000164985.14",0.00209628106923845,0.00423275344700418,0.620422005446464
"chr9:86310809:86317219:clu_50885:ENSG00000083223.17",0.00584951028326779,0.00417159474453728,0.160848365966219
"chr9:86310017:86310706:clu_50885:ENSG00000083223.17",-0.00490342131103808,0.00402015644421947,0.222575178918646
"chr9:116687381:116697665:clu_51411:ENSG00000119401.10",0.0112583323631891,0.00331055746895976,0.000672046676613136
"chr9:7049200:7076434:clu_50189:ENSG00000107077.18",4.19029161893546e-05,0.00364686276006991,0.990832406804201
"chr9:116316546:116318604:clu_51406:ENSG00000244757.1",-0.00151040310277915,0.00352616547211027,0.66840248928624
"chr9:37762117:37763629:clu_50586:ENSG00000165275.9",-0.006825135652288,0.00448178472238226,0.127793457523178
"chr9:97524308:97553281:clu_51108:ENSG00000136842.13",-0.00585237374863456,0.00497349088241637,0.239309886897991
"chr9:97428672:97430933:clu_51105:ENSG00000196116.7",-0.00199063930172241,0.00418937070233218,0.634669886849038
"chr9:37432138:37436661:clu_50576:ENSG00000137106.17",-0.00355692434490375,0.00350939841335034,0.31080111982106
"chr9:129822846:129823908:clu_51846:ENSG00000136827.11",0.00772769544463115,0.00317118168898303,0.0148158063824494
"chr9:129022423:129028092:clu_51808:ENSG00000148341.17",0.00498765972365818,0.00397162725220815,0.209180253633345
"chr9:129140151:129142445:clu_51828:ENSG00000119383.19",-0.00522620154156558,0.00544027576277885,0.336728121108233
"chr9:81611959:81613377:clu_50806:ENSG00000196781.14",-0.0066424807526268,0.00461435788785566,0.150002002929386
"chr9:137373599:137374612:clu_52410:ENSG00000187609.15",0.00528886421876833,0.00554380508212936,0.340076870163302
"chr9:136802786:136804502:clu_52244:ENSG00000213213.13",-0.00804514900755329,0.00307120577955571,0.00880482258122917
"chr9:136942943:136943349:clu_52283:ENSG00000159069.13",-0.000101190150869707,0.0028934578067418,0.972102028164536
"chr9:131526506:131528944:clu_51948:ENSG00000130717.12",0.0035371094011312,0.00493984668821069,0.473968952929569
"chr9:131230769:131232284:clu_51924:ENSG00000126883.16",0.00607757168453791,0.00302639902189775,0.0446235463538734
"chr9:131232308:131233454:clu_51924:ENSG00000126883.16",-0.00200673357192796,0.00309249695825265,0.516400444640104
"chr9:136941111:136941251:clu_52284:ENSG00000159069.13",0.00456465943529383,0.00275883385559789,0.0980135408743703
"chr9:137189265:137189807:clu_52367:ENSG00000176101.11",-0.00241401274656364,0.00395726499519187,0.541848231939429
"chr9:137500896:137501650:clu_52444:ENSG00000130653.15",0.0019607387802129,0.00354810669832355,0.580526721556612
"chr9:136941171:136941251:clu_52284:ENSG00000159069.13",-0.00390282251682905,0.00282084379374484,0.166491498887649
"chr9:137189151:137189807:clu_52367:ENSG00000176101.11",0.00109673135887595,0.00424272926431558,0.796023623606575
"chr9:137357306:137358327:clu_52406:ENSG00000187609.15",0.00118568674185416,0.00384584274809369,0.757851410546334
"chr9:137352724:137354339:clu_52403:ENSG00000187609.15",-2.2565520997666e-07,0.00389119200237909,0.999953729652021
"chr9:121283392:121301963:clu_51474:ENSG00000148180.19",-0.00178098154250723,0.00430826052736891,0.679322647417018
"chr9:120460667:120467860:clu_51426:ENSG00000136861.17",0.0132943415779044,0.00438712333062731,0.00244303235783649
"chr9:120861174:120862613:clu_51441:ENSG00000119403.13",-0.00773260173102757,0.00432561382550357,0.0738355470888352
"chr9:121160302:121161283:clu_51468:ENSG00000119397.16",0.0064732013710634,0.00469550201444483,0.168019279839607
"chr9:121125936:121135806:clu_51463:ENSG00000119397.16",-0.00841972448672572,0.00449286052706647,0.0609272390267392
"chr9:127107106:127107915:clu_51603:ENSG00000136859.9",-0.00690362594652026,0.00424804716689604,0.104135009533661
"chr9:127093926:127107915:clu_51603:ENSG00000136859.9",0.00269116810838228,0.00381615661692185,0.480683423242191
"chr9:128755659:128771815:clu_51774:ENSG00000160445.10",0.00285618921952027,0.0035552410902176,0.421758441488468
"chr9:128845411:128846680:clu_51789:ENSG00000171097.13",0.000412505509846847,0.00350778427353156,0.906386845975316
"chr9:130595588:130609957:clu_51898:ENSG00000107164.15",0.00796610147503592,0.00336012027350794,0.017750657074853
"chr9:128828860:128829110:clu_51787:ENSG00000198917.12",-0.000525733504426054,0.00386871282202912,0.891905355833702
"chr9:124414935:124415364:clu_51546:ENSG00000136930.12",-0.0198879018318314,0.00473043550108791,2.61957026715942e-05
"chr9:20916937:20923660:clu_50296:ENSG00000188352.12",-0.00664462135836701,0.00345085434688328,0.0541667883912992
"chr9:20923768:20926301:clu_50296:ENSG00000188352.12",0.00327865923584208,0.00339256422649991,0.333831507256762
"chr9:35801763:35801926:clu_50531:ENSG00000159899.14",-0.00498098748939391,0.0031960576790144,0.119119837627841
"chr9:92307024:92310171:clu_50971:ENSG00000198000.11",0.0097122919293596,0.00373162395037227,0.00924932634759967
"chr9:92510034:92512011:clu_50980:ENSG00000106823.12",-0.00188765457271624,0.00883116698216819,0.830742668746066
"chr9:137373067:137373426:clu_52409:ENSG00000187609.15",-0.00606109842551916,0.00285063738460037,0.0334844724321384
"chr9:137576402:137578625:clu_52455:ENSG00000148399.12",0.00811963759805693,0.00366121768451922,0.0265724032919099
"chr9:137214413:137214570:clu_52372:ENSG00000188566.13",0.00234470250548846,0.00316394777446181,0.458651816937401
"chr9:137515522:137516383:clu_52447:ENSG00000130653.15",-0.0132394423807107,0.00432935184614721,0.00222770729507438
"chr9:137215018:137215095:clu_52374:ENSG00000188566.13",-0.00277290196310217,0.00374981486714204,0.459617382373267
"chr9:137811615:137813029:clu_52472:ENSG00000181090.19",0.00523060546132094,0.00425812507829782,0.219303490555813
"chr9:137455307:137456411:clu_52426:ENSG00000165802.21",-0.00379206575531293,0.00493728889919183,0.442459764557999
"chr9:137088183:137088268:clu_52329:ENSG00000177239.14",0.00474823375563359,0.00350079455320663,0.174994096333784
"chr9:136659630:136664692:clu_52222:ENSG00000172889.15",0.00198607016862997,0.0039397607024336,0.61418454368647
"chr9:136612903:136615095:clu_52220:ENSG00000279141.3",-0.00560373317874815,0.00306399759359225,0.067415178054672
"chr9:86027586:86033282:clu_50864:ENSG00000135052.16",0.00901633591582778,0.00442881636349081,0.0417670047479615
"chr9:36210660:36211603:clu_50560:ENSG00000122705.16",0.00569546278320795,0.0047798485708284,0.233434931689846
"chr9:37120627:37126312:clu_50568:ENSG00000147905.17",0.00575270993780148,0.00351336477982426,0.101551289761731
"chr9:4827033:4833154:clu_50135:ENSG00000120158.11",-0.000232836320010365,0.0029002284542175,0.936012924764336
"chr9:39818924:39830013:clu_50617:ENSG00000283886.1",0.0161784781185632,0.0115483531058971,0.161233872316243
"chr9:107003426:107009545:clu_51228:ENSG00000148143.12",-0.00746601522224449,0.00364283327580219,0.0404124856607718
"chr9:131530687:131531067:clu_51951:ENSG00000130717.12",0.0011189515962263,0.00375854665036284,0.765925592273066
"chr9:133103262:133103751:clu_52019:ENSG00000160271.14",-0.00696001388158294,0.00300735572139789,0.0206496216572308
"chr9:133438366:133439366:clu_52051:ENSG00000160323.18",-0.000395654490762031,0.0032517585215116,0.903157199264518
"chr9:133103262:133103747:clu_52019:ENSG00000160271.14",0.00703135304709206,0.00292074031702301,0.0160671219061942
"chr9:123411829:123440360:clu_51534:ENSG00000119522.16",-0.00120802846560581,0.00384502279128339,0.753384488882138
"chr9:19305527:19316417:clu_50275:ENSG00000137145.20",-0.000820866266790819,0.00319769526872655,0.797406052022356
"chr9:19300331:19305352:clu_50275:ENSG00000137145.20",-0.00476594364607624,0.00308373358293885,0.122222751610929
"chr9:129355598:129359336:clu_51834:ENSG00000233901.5",0.00619849946906139,0.003650639057619,0.0895225309886877
"chr9:129049963:129059154:clu_51810:ENSG00000148343.18",-0.0104400083724821,0.00362850890339299,0.00401199290476562
"chr9:128886121:128907157:clu_51790:ENSG00000136802.11",-0.0107251454240391,0.00351673944631247,0.00229038584220409
"chr9:129086267:129086709:clu_51822:ENSG00000167130.17",0.00705118799004673,0.00384156826866453,0.0664320462885195
"chr9:21971208:21974678:clu_50311:ENSG00000147889.17",0.0154077670727256,0.00326104019933648,2.30340431273124e-06
"chr9:134154541:134155340:clu_52093:ENSG00000196363.9",-0.00549862047027031,0.00271758112784794,0.0430369731094724
"chr9:134155373:134155693:clu_52093:ENSG00000196363.9",0.00559150015321918,0.00274269803592621,0.041481373518247
"chr9:129809032:129809342:clu_51844:ENSG00000136816.15",-0.00376164853550021,0.00336059810687163,0.262995542353173
"chr9:137374170:137374612:clu_52410:ENSG00000187609.15",-0.00203060429798554,0.00353544823874381,0.565727229418124
"chr9:137453820:137454391:clu_52425:ENSG00000165802.21",-0.0086557812337262,0.00414529959032515,0.0367892249723046
"chr9:136392594:136392673:clu_52177:ENSG00000165684.4",-0.00326004064532774,0.00289461702326555,0.260062898623726
"chr9:137453180:137453731:clu_52425:ENSG00000165802.21",0.00407073162754195,0.00416457322880609,0.328338158585704
"chr9:110973558:111038870:clu_51267:ENSG00000198121.13",0.00688609349546143,0.00346677393689406,0.046998728679264
"chr9:19336414:19336686:clu_50279:ENSG00000137145.20",-0.000102442773167762,0.00338592982133092,0.975863339525209
"chr9:14619682:14639896:clu_50225:ENSG00000175893.11",-0.00179577317533631,0.00349998678809775,0.607895370251442
"chr9:33053290:33056113:clu_50365:ENSG00000122692.8",0.00237589641106722,0.0037908959723802,0.530831362088037
"chr9:33048258:33053123:clu_50365:ENSG00000122692.8",-0.00317178637908885,0.00377338590275392,0.400590149720484
"chr9:33468566:33468752:clu_50391:ENSG00000165271.16",0.00406395291910713,0.00583453167715764,0.486094125535693
"chr9:70300200:70305247:clu_50719:ENSG00000198887.8",-0.000445174383826218,0.0036537883231185,0.903026424977552
"chr9:70305360:70314742:clu_50719:ENSG00000198887.8",0.00119767136090917,0.0034176396704435,0.726009891536394
"chr9:69248224:69252815:clu_50702:ENSG00000119139.17",0.00645437222341063,0.00517899520138723,0.21266912336544
"chr9:104772908:104772997:clu_51203:ENSG00000165028.11",0.000388009510062404,0.00360803061016387,0.91436017652838
"chr9:104773176:104777128:clu_51203:ENSG00000165028.11",-0.00131937756107057,0.00406064830127323,0.745243163881376
"chr9:83628959:83641548:clu_50819:ENSG00000148057.15",-0.00546757062612908,0.00351554576587362,0.119885316447905
"chr9:38603212:38604153:clu_50609:ENSG00000180071.19",-0.00248265789344785,0.00415461029533808,0.550128907684616
"chr9:15306274:15307084:clu_50234:ENSG00000155158.20",-0.00278359472209154,0.00334948065891147,0.405943896371754
"chr9:106930689:106932446:clu_51227:ENSG00000148143.12",0.0104845579979477,0.00346939432861362,0.0025109899075253
"chr9:106930689:106932263:clu_51227:ENSG00000148143.12",-0.00482616912861873,0.00357054256895196,0.176483249758056
"chr9:128286033:128313830:clu_51717:ENSG00000175854.11",-0.0099096095298186,0.00463961811275801,0.0326902154859912
"chr9:128286033:128288652:clu_51717:ENSG00000175854.11",0.0137877004161817,0.00446638974526666,0.00202194408236778
"chr9:128315628:128317152:clu_51721:ENSG00000167112.9",-0.00498058873372311,0.00407190978758849,0.221270053168065
"chr9:128167164:128169052:clu_51696:ENSG00000148337.20",0.00060191052096418,0.00470323064176869,0.898166304250497
"chr9:127807087:127807209:clu_51654:ENSG00000136877.14",0.0126118429715739,0.00481994751387325,0.00888120567221007
"chr9:127807286:127807421:clu_51654:ENSG00000136877.14",-0.0127763190784717,0.00476795752342898,0.00737055606212134
"chr9:128627175:128627386:clu_51748:ENSG00000197694.15",-0.0073903005640368,0.00488477019600098,0.130298210741288
"chr9:127891043:127894512:clu_51671:ENSG00000160408.14",0.0181189286945413,0.00609176116625106,0.0029362585383339
"chr9:128626687:128627386:clu_51748:ENSG00000197694.15",0.00375673850202361,0.00459399038001192,0.413499597041585
"chr9:137577603:137578625:clu_52455:ENSG00000148399.12",-0.000454017028694527,0.00414224818415654,0.912721512313894
"chr9:135484082:135484449:clu_52130:ENSG00000196422.10",-0.00137191773295075,0.00283732088213509,0.628722474442929
"chr9:134886564:134896887:clu_52124:ENSG00000160339.15",0.000344310403625662,0.00273877042541863,0.899955828373521
"chr9:5456165:5457079:clu_50145:ENSG00000120217.13",0.000936974976045736,0.00339353699810158,0.782466867495957
"chr9:131136006:131139281:clu_51916:ENSG00000126883.16",0.00445906062673282,0.003583682437069,0.21340102141763
"chr9:131111663:131114577:clu_51915:ENSG00000126878.12",-0.000854359728172501,0.00449943141735356,0.849401825617581
"chr9:131492260:131495740:clu_51938:ENSG00000130723.18",-0.00301896002160003,0.00472342203244746,0.522727444677546
"chr9:92324209:92325318:clu_50973:ENSG00000198000.11",-0.00151330053972937,0.00489694232290534,0.757298946485552
"chr9:5787593:5791234:clu_50158:ENSG00000099219.13",-0.00753178265284628,0.00349375895355651,0.0311006919104448
"chr9:5720324:5720614:clu_50154:ENSG00000107036.11",-0.00342531108994196,0.0030237978671845,0.257304798949439
"chr9:132162239:132166349:clu_51965:ENSG00000196358.10",0.00594720457163933,0.00367865224154217,0.105947310677745
"chr9:133042306:133043728:clu_52009:ENSG00000148308.17",-0.00241609118048471,0.00268835894014978,0.368799991290672
"chr9:132884091:132887369:clu_51998:ENSG00000165698.15",0.00771466889934079,0.0031278624278117,0.0136465550900147
"chr9:116288892:116316314:clu_51406:ENSG00000244757.1",-0.00465257380711373,0.00404862158112305,0.250483918799924
"chr9:100346315:100347167:clu_51187:ENSG00000136891.13",0.00383476017527311,0.00443444829389606,0.387167228385973
"chr9:100346315:100346694:clu_51187:ENSG00000136891.13",-0.00167178545647737,0.00422850079876511,0.692576285885119
"chr9:32434701:32436250:clu_50351:ENSG00000122729.18",0.0053461920401142,0.00488644082536365,0.273916764479216
"chr9:2186228:2192704:clu_50090:ENSG00000080503.22",0.00198166863969157,0.00315965593639304,0.530542158283201
"chr9:89338580:89339864:clu_50920:ENSG00000187742.14",7.05874024076455e-05,0.00363040451303662,0.984487389782586
"chr9:540667:676890:clu_50075:ENSG00000107104.18",-0.00415950484500313,0.00380779535704431,0.274672415557203
"chr9:17166:17344:clu_50059:ENSG00000181404.15",-0.00726614979828048,0.00313606798677926,0.0205058115288862
"chr9:132879014:132883911:clu_51997:ENSG00000165698.15",0.00116848821796905,0.00315320137901221,0.710956322157802
"chr9:132630403:132632041:clu_51987:ENSG00000125485.17",0.00103322364902485,0.00307275488584097,0.736679941679643
"chr9:132630378:132632041:clu_51987:ENSG00000125485.17",-0.000369117041931326,0.0032525038090209,0.909644434344004
"chr9:117096151:117141326:clu_51416:ENSG00000148219.16",0.0049189285313875,0.00392615760534438,0.210256409647839
"chr9:77390142:77403236:clu_50787:ENSG00000197969.11",-0.00329531316680853,0.00363592390414685,0.364766122174743
"chr9:112143623:112149244:clu_51292:ENSG00000106868.16",-0.00396537786305522,0.00523016569424602,0.44834657016134
"chr9:89088935:89109048:clu_50914:ENSG00000224945.1",0.00202833094528905,0.00309078130145719,0.511662092928605
"chr9:90865097:90867131:clu_50933:ENSG00000165025.14",0.00552381715793994,0.00340583838709141,0.104831811733275
"chr9:89077903:89112556:clu_50914:ENSG00000224945.1",-0.00237892799555896,0.0039720124115282,0.549224500738583
"chr9:89077903:89112556:clu_50914:ENSG00000148082.9",-0.00377517023215296,0.00378980763925538,0.319183248714848
"chr9:89339953:89341347:clu_50920:ENSG00000187742.14",-0.000290726961576085,0.00353897330375781,0.934527364745653
"chr9:5690038:5713896:clu_50148:ENSG00000107036.11",-0.00988706183618862,0.00340572931621911,0.00369527070697651
"chr9:106930689:106932266:clu_51227:ENSG00000148143.12",-0.0131232296896589,0.00360640737798668,0.00027384226658711
"chr9:108942834:108942961:clu_51244:ENSG00000119326.14",-0.00335238366052178,0.00394585116531425,0.395549131383722
"chr9:95469931:95476034:clu_51051:ENSG00000185920.15",-0.00818696569696688,0.00461372806141541,0.0759838760144218
"chr9:95004286:95005158:clu_51039:ENSG00000148120.16",-0.00443196737243602,0.00489631277157916,0.365378367945141
"chr9:89355194:89357411:clu_50921:ENSG00000187742.14",-0.0023498971338332,0.00371766848536445,0.527328761543644
"chr9:128741841:128742530:clu_51772:ENSG00000160445.10",-0.00439973309910983,0.00365941716145787,0.229245639863875
"chr9:128456255:128457198:clu_51731:ENSG00000136811.16",0.008171451697833,0.00448582529067391,0.068513252013489
"chr9:133357234:133357711:clu_52036:ENSG00000148291.9",-0.00570380552391891,0.00296520068098813,0.054407046973117
"chr9:81613521:81615982:clu_50807:ENSG00000196781.14",-0.00354982044452384,0.00362695202927763,0.327711540076119
"chr9:34649081:34649410:clu_50435:ENSG00000213930.11",0.00338987298348925,0.00449180687595295,0.450441521279571
"chr9:34329599:34338713:clu_50416:ENSG00000164978.17",-0.0145410925158568,0.00594315148337565,0.0144171876189362
"chr9:137373072:137373426:clu_52409:ENSG00000187609.15",0.00661278420803651,0.00296248386139487,0.0256033590185756
"chr9:129120610:129123052:clu_51827:ENSG00000119383.19",-0.00281192425171124,0.003368707063589,0.403875864350319
"chr9:129108077:129110483:clu_51826:ENSG00000095321.16",-0.00120595134216717,0.00393380457028691,0.75917748852958
"chr9:740934:744491:clu_50081:ENSG00000107104.18",-0.00344390699538622,0.00459204175381515,0.453271010257981
"chr9:33178957:33179325:clu_50369:ENSG00000233554.5",-0.00430589672930792,0.00314598296115864,0.171094079215042
"chr9:33603550:33605011:clu_50399:ENSG00000226562.3",0.0124299072105384,0.00384751424136846,0.00123516341308016
"chr9:127887591:127890656:clu_51671:ENSG00000160408.14",0.00316702563031669,0.00504835501375437,0.53043760946506
"chr9:127953925:127979992:clu_51681:ENSG00000167106.11",0.0125337936359139,0.00460371280078679,0.00647821314032804
"chr9:108952494:108955790:clu_51246:ENSG00000119326.14",0.00348343358176884,0.00374677119439841,0.35251808530559
"chr9:91325404:91327608:clu_50940:ENSG00000148090.11",0.00162615101744601,0.00676586537783529,0.810061769257891
"chr9:91356155:91361628:clu_50941:ENSG00000148090.11",-0.00907249142478482,0.0044261455426715,0.0403888419251943
"chr9:91360440:91361628:clu_50941:ENSG00000148090.11",0.00889365381805487,0.00407449417309209,0.029053291381083
"chr9:130613027:130616355:clu_51900:ENSG00000107164.15",-0.00569994268434287,0.00317445762153819,0.0725638425382694
"chr9:129804338:129807188:clu_51844:ENSG00000136816.15",0.00496923255276128,0.00399356561325683,0.213385591112624
"chr9:131530645:131531067:clu_51951:ENSG00000130717.12",-0.003569045409846,0.00322772151923533,0.268835769411232
"chr9:130373124:130374502:clu_51879:ENSG00000148357.16",-0.00417116978965326,0.00490927959608325,0.39551966146714
"chr9:122865657:122877471:clu_51514:ENSG00000056586.15",0.00814291147984821,0.00545014128013814,0.135156418003816
"chr9:122286166:122291749:clu_51504:ENSG00000148187.17",0.0200558349582292,0.00504601958603468,7.05020098766829e-05
"chr9:121169816:121173243:clu_51469:ENSG00000119397.16",0.000418863741277116,0.0057466523956928,0.941895002007461
"chr9:133468028:133468563:clu_52058:ENSG00000160325.14",-0.00198707511248301,0.00315606886294604,0.528953388174791
"chr9:132625745:132630264:clu_51986:ENSG00000125485.17",0.00200258924890947,0.00318109131918893,0.529002786774675
"chr9:86046572:86052537:clu_50876:ENSG00000135052.16",-0.00179774080367498,0.00394828356196781,0.648877521783981
"chr9:85976835:85977363:clu_50870:ENSG00000135040.15",0.00429119030132654,0.00529814444891365,0.417973447303457
"chr9:85976735:85977363:clu_50870:ENSG00000135040.15",-0.00888162765136525,0.00502325793926805,0.0770440114696859
"chr9:86052591:86077412:clu_50876:ENSG00000135052.16",0.00234569199636775,0.00388083054074099,0.545557522610691
"chr9:92875059:92877890:clu_50991:ENSG00000127081.13",0.00294484952489163,0.00500981022229019,0.5566554121977
"chr9:93308584:93317520:clu_51007:ENSG00000165238.16",0.000616497499917152,0.00518678793923249,0.905386900903666
"chr9:38540849:38541456:clu_50604:ENSG00000273036.2",0.00206883374210745,0.00439176092645026,0.637589622125826
"chr9:125171180:125171909:clu_51574:ENSG00000119414.11",-0.000416993754825572,0.00590405028201208,0.94369348940833
"chr9:135483553:135483950:clu_52129:ENSG00000196422.10",-0.000969057163073484,0.00286788892924155,0.735439206104825
"chr9:37432138:37432537:clu_50576:ENSG00000137106.17",0.00437676124930658,0.00359436154327836,0.223347812238961
"chr9:133570507:133573843:clu_52071:ENSG00000197859.9",-0.00264457438310884,0.00379356045957348,0.485726459081321
"chr9:132935095:132944543:clu_52008:ENSG00000165699.13",-0.00250895128115385,0.00289593849280808,0.38628784876739
"chr9:122166915:122174496:clu_51495:ENSG00000185681.12",-0.00138157203568493,0.00335849394246269,0.68080378435652
"chr9:122386732:122390198:clu_51509:ENSG00000095303.14",-0.000175723548864359,0.00373424537750943,0.962467549913531
"chr9:83919813:83920106:clu_50838:ENSG00000165115.14",-0.00503352429814475,0.00365901797735091,0.168930338989618
"chr9:135816005:135817977:clu_52143:ENSG00000130559.18",0.00380412082891157,0.00258857024211424,0.141674517170768
"chr9:77922345:78031100:clu_50791:ENSG00000156052.10",0.00421303003458031,0.00384037650138531,0.272625796532308
"chr9:38601201:38603159:clu_50608:ENSG00000180071.19",-0.00383813796766736,0.00446733609745959,0.390254534518637
"chr9:15874663:15920270:clu_50244:ENSG00000164989.16",0.00455615807711609,0.00371255806998101,0.21973661864393
"chr9:96503789:96509673:clu_51081:ENSG00000081377.16",-0.00449966264709279,0.00402302783768738,0.26336347918101
"chr9:96249786:96251418:clu_51070:ENSG00000130948.9",-0.00285984898205379,0.003849787992569,0.457567156944548
"chr9:97682430:97684923:clu_51121:ENSG00000136936.10",0.0142060510145237,0.00574558855558095,0.013416627083888
"chr9:121326682:121327308:clu_51477:ENSG00000148180.19",-0.0106597231523376,0.00403883159608031,0.008307530787244
"chr9:120389292:120389741:clu_51421:ENSG00000136861.17",-0.00699210917318262,0.00422741784427101,0.0981294324204681
"chr9:121025580:121027160:clu_51456:ENSG00000106804.7",0.00330084463501239,0.00523099100997944,0.528029361379223
"chr9:120407248:120408347:clu_51422:ENSG00000136861.17",-0.00298208006433765,0.00476339201785184,0.531287861746893
"chr9:5825219:5830727:clu_50160:ENSG00000099219.13",-0.00634094916520087,0.00317713906453526,0.0459551820260183
"chr9:92240691:92240856:clu_50957:ENSG00000196305.17",-0.00190072353264022,0.00545398046204867,0.727463152370075
"chr9:130458589:130464111:clu_51895:ENSG00000130707.17",-0.000283516954952934,0.00336435133104026,0.932841038978162
"chr9:130223159:130226389:clu_51870:ENSG00000107130.9",0.00182942369184446,0.00314788475971508,0.561132840912479
"chr9:130226504:130232990:clu_51870:ENSG00000107130.9",3.86539527228297e-05,0.00324337851625852,0.990491192482037
"chr9:14940:15081:clu_50056:ENSG00000181404.15",-0.0118787139535924,0.00507945265892633,0.0193571038402597
"chr9:122152408:122159627:clu_51493:ENSG00000119421.6",0.00280127254984112,0.00425625525061793,0.5104390089522
"chr9:77382087:77403236:clu_50787:ENSG00000197969.11",0.00405108503379153,0.00355816773772931,0.254898732657004
"chr9:115042341:115063796:clu_51400:ENSG00000041982.15",0.00374726329483061,0.00394547242490273,0.342232745796308
"chr9:128635259:128636281:clu_51752:ENSG00000119333.11",-0.00246355516664325,0.00431844234407567,0.568356865796068
"chr9:35794103:35799618:clu_50527:ENSG00000159899.14",-0.00367202797785311,0.00412285611596489,0.373116162241608
"chr9:37084292:37086668:clu_50567:ENSG00000281649.1",0.00926620293386104,0.00423972540181896,0.0288473163050095
"chr9:20978454:20979726:clu_50301:ENSG00000188352.12",0.00846109224457733,0.00332999873389514,0.0110577181072131
"chr9:13121954:13122087:clu_50205:ENSG00000107186.16",-0.00880680433167238,0.0047150799940587,0.0617906064818822
"chr9:13123298:13125216:clu_50206:ENSG00000107186.16",0.00517586257369478,0.00295021950615718,0.0793621380638035
"chr9:13125390:13126516:clu_50206:ENSG00000107186.16",-0.00876051810309558,0.00310313662506085,0.00475591957184984
"chr9:35259050:35295696:clu_50471:ENSG00000198722.14",0.0116632744666144,0.00469753773306112,0.0130336510358483
"chr9:34581205:34589555:clu_50427:ENSG00000122756.14",0.00863744508807189,0.00521342529389449,0.0975660440654847
"chr9:35090277:35090466:clu_50459:ENSG00000165282.13",0.0114088824100281,0.00472899072692254,0.0158417703612458
"chr9:121169816:121171408:clu_51469:ENSG00000119397.16",0.00135882877579759,0.00440271199219493,0.757599580681178
"chr9:133104647:133105932:clu_52020:ENSG00000160271.14",0.00325455837484266,0.00302388000243174,0.281799565676318
"chr9:116687381:116697662:clu_51411:ENSG00000119401.10",-0.00909875540420879,0.00304919221585169,0.00284517191243205
"chr9:93259614:93261814:clu_51002:ENSG00000165238.16",0.00111219818334705,0.00558464821062927,0.842143240203955
"chr9:93110721:93111879:clu_50997:ENSG00000165233.17",0.00718926844691103,0.00533036205132869,0.177420737800001
"chr9:93257139:93258931:clu_51002:ENSG00000165238.16",0.00242987622561742,0.00576313883485709,0.673299665754972
"chr9:108919349:108922842:clu_51241:ENSG00000070061.14",0.00863693026856893,0.00447708638995465,0.0537133782134396
"chr9:92286618:92287791:clu_50966:ENSG00000196305.17",0.0059743467950596,0.0041596967113236,0.150932420021507
"chr9:130355044:130355746:clu_51876:ENSG00000148357.16",-0.000395866163821571,0.00270701205729692,0.883734052315502
"chr9:130383600:130384373:clu_51881:ENSG00000148357.16",0.00469280760997719,0.00382561629555815,0.219942827446168
"chr9:113392169:113393447:clu_51341:ENSG00000148218.15",4.93487003814282e-05,0.00303400700905857,0.98702282824361
"chr9:113354338:113360507:clu_51335:ENSG00000119411.10",0.00304089674319498,0.00300397374634868,0.311398752924493
"chr9:113393634:113401212:clu_51341:ENSG00000148218.15",-0.00367765071084773,0.00321178101921387,0.25218833560434
"chr9:129036681:129040452:clu_51812:ENSG00000148343.18",0.00903275747525093,0.00488668594417566,0.0645383703329973
"chr9:128504904:128508876:clu_51738:ENSG00000119392.14",0.00040597568349129,0.00421301420045738,0.923232843314019
"chr9:75017448:75028012:clu_50755:ENSG00000156017.12",-0.00402274423858068,0.00322238430186934,0.211893733114859
"chr9:81611959:81612292:clu_50806:ENSG00000196781.14",0.00703641099068738,0.00420319465401144,0.0941182961560778
"chr9:137433074:137433205:clu_52419:ENSG00000188747.8",-0.00641713647979845,0.00372633404304556,0.0850505970990008
"chr9:136671014:136671926:clu_52225:ENSG00000172889.15",0.00784728980408955,0.00347416943553541,0.0238987685006172
"chr9:137454443:137454746:clu_52426:ENSG00000165802.21",0.00547061910239344,0.00475512998094953,0.249951666868883
"chr9:133334601:133336039:clu_52030:ENSG00000148296.6",0.00116008505335284,0.00332916831083212,0.72749405796594
"chr9:126805132:126832487:clu_51596:ENSG00000169155.9",0.00226007355613517,0.00371269627216505,0.542695570080163
"chr9:121353302:121354601:clu_51478:ENSG00000148175.12",-0.00564093126360129,0.0054795683673121,0.30326915463409
"chr9:130425924:130427313:clu_51890:ENSG00000148357.16",-0.00219775572652834,0.00338402412629696,0.516047314544176
"chr9:130428489:130429557:clu_51891:ENSG00000148357.16",-0.00231613485888599,0.00279183565643359,0.406759304841845
"chr9:125960849:125963012:clu_51592:ENSG00000167081.16",-0.00704372641526554,0.00447433299862372,0.115429266821177
"chr9:125521765:125543059:clu_51586:ENSG00000119487.16",-0.00999987121688569,0.00675743302210482,0.138917865567503
"chr9:105721721:105722534:clu_51223:ENSG00000095209.11",0.00606771810353067,0.00441133921633865,0.168982033205604
"chr9:114356969:114357921:clu_51388:ENSG00000106948.16",-0.00602148579065354,0.00295765572242038,0.0417605844224006
"chr9:113197078:113198855:clu_51319:ENSG00000119321.8",-0.000610804441363137,0.00350579931774234,0.861687169403632
"chr9:124921240:124921723:clu_51564:ENSG00000136935.13",-0.00923380523585235,0.00420099618540513,0.0279488409701226
"chr9:124458721:124466287:clu_51550:ENSG00000180264.11",0.0135673344082007,0.00415355748431999,0.00108909986360928
"chr9:134810308:134811176:clu_52113:ENSG00000130635.15",0.00492547567263645,0.00330235161582503,0.135828822360258
"chr9:128471468:128472913:clu_51733:ENSG00000136811.16",-0.00194562567491041,0.00360404906215773,0.589304349778373
"chr9:128959134:128968506:clu_51797:ENSG00000095319.14",-0.003692169249096,0.0046042236141867,0.422605487197908
"chr9:129111631:129120513:clu_51827:ENSG00000119383.19",0.00630153518728651,0.00548744145055012,0.250821714661224
"chr9:128634383:128634689:clu_51751:ENSG00000119333.11",-0.00874461311118578,0.00384105196922365,0.0228089683208595
"chr9:128634325:128634689:clu_51751:ENSG00000119333.11",0.00787407301046318,0.00370209965192217,0.0334266585399572
"chr9:132167044:132197966:clu_51966:ENSG00000196358.10",-0.00464537155674144,0.00376857238310453,0.217702332024513
"chr9:132237522:132239104:clu_51968:ENSG00000196358.10",0.000987931997182512,0.00352048660242096,0.778999031632717
"chr9:111570209:111574734:clu_51281:ENSG00000106853.18",0.00439802148607585,0.00509785424179298,0.388291360599253
"chr9:15471311:15472632:clu_50236:ENSG00000164985.14",-0.00191696210096817,0.00417842459462034,0.646394828422511
"chr9:104883157:104884427:clu_51209:ENSG00000165029.15",-0.00275922560936472,0.00318864223789476,0.386858064240369
"chr9:86298830:86301276:clu_50882:ENSG00000083223.17",0.00404893635919043,0.00375812218490125,0.281309266356649
"chr9:5988545:6007195:clu_50170:ENSG00000183354.11",-0.000938497224415673,0.00370756636290975,0.800167558762426
"chr9:129139649:129142445:clu_51828:ENSG00000119383.19",0.00957153759370937,0.00523001951075583,0.0672327319227851
"chr9:129804479:129807188:clu_51844:ENSG00000136816.15",0.013147705715852,0.00345255268847097,0.000140032114396949
"chr9:114183075:114195959:clu_51366:ENSG00000196739.14",0.0118492132760133,0.00372173240291224,0.00145360578693787
"chr9:27180368:27183459:clu_50338:ENSG00000120156.20",-0.00688397299301607,0.0028107117180596,0.0143177055905169
"chr9:95967625:95970576:clu_51064:ENSG00000182150.15",0.00564908667449047,0.00364517615259286,0.121203183390995
"chr9:95922418:95923260:clu_51060:ENSG00000182150.15",-0.00116737603360207,0.00435765966038239,0.788783534293016
"chr9:96324169:96343904:clu_51076:ENSG00000130958.11",-0.00974400898709851,0.00459846811078518,0.0340931307561196
"chr9:13250372:13279564:clu_50217:ENSG00000107186.16",0.00140060858263634,0.00272458999370955,0.607208541060083
"chr9:13250372:13279564:clu_50217:ENSG00000234740.1",0.00140060858263634,0.00272458999370955,0.607208541060083
"chr9:137429016:137430784:clu_52417:ENSG00000188747.8",0.00701434815461691,0.00419175042287321,0.0942545385902659
"chr9:136519565:136522850:clu_52216:ENSG00000148400.9",-0.00527329219796463,0.00286892025336438,0.0660512721405924
"chr9:136507437:136507955:clu_52214:ENSG00000148400.9",0.00291690702150868,0.0033999981592212,0.390939790492331
"chr9:137728529:137743395:clu_52466:ENSG00000181090.19",0.0197560732558539,0.00489131274605407,5.36767080656642e-05
"chr9:83025921:83062437:clu_50813:ENSG00000165105.9",0.000935110570083976,0.00495919851457427,0.850437037980055
"chr9:86341053:86343075:clu_50889:ENSG00000083223.17",-0.000938897610162905,0.00370199078846214,0.799789413944847
"chr9:13114021:13115081:clu_50203:ENSG00000107186.16",-0.00170284397151307,0.00468853306138492,0.71646046407362
"chr9:86016675:86017498:clu_50874:ENSG00000135040.15",-0.00657440146057375,0.00508852320772679,0.196355138540226
"chr9:100006647:100016322:clu_51171:ENSG00000023318.7",0.00465495000674746,0.00490821838701403,0.342926306456891
"chr9:108935689:108950507:clu_51243:ENSG00000119328.11",0.00614101010259474,0.00388436068682688,0.113887700142915
"chr9:33364774:33366629:clu_50379:ENSG00000086102.18",-0.00771833413265557,0.00492160156309087,0.116821260109207
"chr9:33113878:33115991:clu_50368:ENSG00000086062.12",-0.000749878210524239,0.00440193884341543,0.864733475126317
"chr9:104884568:104889102:clu_51209:ENSG00000165029.15",-0.00122397903424944,0.00286083562831037,0.668767836844846
"chr9:125962214:125963012:clu_51592:ENSG00000167081.16",0.00586447108362365,0.0048402393855774,0.225662603527724
"chr9:18829977:18887831:clu_50267:ENSG00000178031.16",-0.00037356408060454,0.00347051412393296,0.914281736695176
"chr9:128469353:128471308:clu_51733:ENSG00000136811.16",0.00324442836617245,0.00371043724314107,0.381897223580784
"chr9:128836073:128836802:clu_51771:ENSG00000171097.13",0.00921730772198219,0.00468449751523622,0.0491118573804507
"chr9:132925739:132927201:clu_52006:ENSG00000165699.13",0.00605523083648594,0.00280949040455591,0.0311401426392293
"chr9:132927304:132928767:clu_52006:ENSG00000165699.13",-0.00373315399988297,0.00280268120730638,0.182862224884598
"chr9:132014467:132077442:clu_51964:ENSG00000160563.13",0.000407704561394864,0.00324232265954158,0.899934097441677
"chr9:133031164:133042087:clu_52009:ENSG00000148308.17",0.00244044555696781,0.00281783145282876,0.386450555407245
"chr9:133341694:133344125:clu_52030:ENSG00000148296.6",0.00195096063353495,0.00348016301221296,0.575073925401746
"chr9:125468109:125478080:clu_51586:ENSG00000119487.16",-0.00710921921621688,0.00458807412578866,0.121261657464526
"chr9:127404991:127407112:clu_51617:ENSG00000136856.17",0.0122341749819847,0.00377473627265867,0.00119082990933228
"chr9:96514949:96515649:clu_51081:ENSG00000081377.16",-0.00158121630421883,0.00372815105623788,0.671471869088722
"chr9:96646024:96651390:clu_51085:ENSG00000158122.11",0.0114692241620426,0.00477744239582416,0.0163635754683999
"chr9:121773495:121776198:clu_51488:ENSG00000136848.16",-0.000933579464187629,0.00403853642164016,0.817184466655949
"chr9:121032195:121034803:clu_51457:ENSG00000106804.7",-0.00385676824719736,0.00349015424815438,0.269141239542413
"chr9:121030487:121032113:clu_51457:ENSG00000106804.7",0.00292414544331378,0.0043893973608307,0.505293621995517
"chr9:120874756:120877091:clu_51446:ENSG00000119403.13",0.00648063927481593,0.00432019604991588,0.133593705890283
"chr9:122166915:122169645:clu_51495:ENSG00000185681.12",-0.00128646222195559,0.00327495164650117,0.694453398000549
"chr9:97647561:97648100:clu_51117:ENSG00000136937.12",0.000761477300974006,0.00547866568120617,0.889458403420403
"chr9:97647561:97648008:clu_51117:ENSG00000136937.12",0.000362033934378721,0.00534702976209425,0.946018491270549
"chr9:117708729:117712389:clu_51419:ENSG00000136869.13",-0.0117859858754325,0.00324493458227036,0.000281104328326176
"chr9:137225233:137225614:clu_52378:ENSG00000197191.4",0.0106146874995839,0.00404679311569908,0.0087162486708604
"chr9:137430843:137431075:clu_52418:ENSG00000188747.8",-0.000176001667179073,0.00325915157971776,0.956933335247531
"chr9:137354105:137354339:clu_52403:ENSG00000187609.15",0.00171172493234619,0.0036911154874622,0.64283266934921
"chr9:136441823:136443823:clu_52197:ENSG00000148396.18",0.00155680051528553,0.00316908420784295,0.623252339531415
"chr9:137112805:137112953:clu_52339:ENSG00000176978.13",-0.0140446226940624,0.00512658893597123,0.00615205823473508
"chr9:137349282:137349369:clu_52399:ENSG00000187609.15",0.00102193275734886,0.00386517951223637,0.791475838959277
"chr9:135940245:135945028:clu_52150:ENSG00000130560.8",-0.00112628243574652,0.0030012563622538,0.707459437038656
"chr9:137352786:137354339:clu_52403:ENSG00000187609.15",0.00725905036634644,0.00363589038493404,0.0458796689286571
"chr9:136506639:136506716:clu_52213:ENSG00000148400.9",0.00409987724405491,0.00355191385348549,0.248388379450551
"chr9:137214691:137214798:clu_52373:ENSG00000188566.13",0.00217649831451395,0.00360386189053237,0.54588686104651
"chr9:95997413:96004520:clu_51065:ENSG00000182150.15",-0.00621761211584252,0.00374280062449733,0.0966694385124018
"chr9:95941549:95955914:clu_51063:ENSG00000182150.15",0.00515408950846244,0.00479354132015802,0.282278296560701
"chr9:96343996:96345299:clu_51076:ENSG00000130958.11",-0.00658851274249393,0.00342588983975991,0.0544607491923395
"chr9:120470220:120471748:clu_51427:ENSG00000136861.17",0.00923868707139503,0.00425800922317075,0.0300280764605171
"chr9:18675907:18680312:clu_50260:ENSG00000178031.16",0.00188854223271874,0.00318667569803445,0.553424047213069
"chr9:14750276:14756374:clu_50228:ENSG00000164946.19",0.0025180579876672,0.00316267488400139,0.425927512666504
"chr9:132912457:132921363:clu_52005:ENSG00000165699.13",0.0040262384560375,0.00293713874729036,0.170436391450147
"chr9:131588026:131588801:clu_51953:ENSG00000107263.18",0.00273928935165432,0.00354716382035942,0.439967693169206
"chr9:132921436:132921819:clu_52005:ENSG00000165699.13",-0.00132277348002871,0.00288383049219729,0.646459468060873
"chr9:91410906:91424409:clu_50942:ENSG00000165030.3",-0.00773283877075449,0.00388564595562557,0.0465795026127025
"chr9:91410906:91423640:clu_50942:ENSG00000165030.3",0.00567019399593722,0.00377054115579433,0.132629168502843
"chr9:133475611:133476237:clu_52061:ENSG00000160326.13",0.000401452503032784,0.0036749792595412,0.913012616277916
"chr9:130355854:130356088:clu_51876:ENSG00000148357.16",0.000723518454303733,0.00260122394458264,0.780900752011739
"chr9:131530645:131531094:clu_51951:ENSG00000130717.12",0.00288847225403029,0.00323423891142399,0.371808013390812
"chr9:131476535:131477744:clu_51931:ENSG00000130723.18",-0.00261166423810846,0.00332813933269619,0.432616566089879
"chr9:130614345:130616355:clu_51900:ENSG00000107164.15",0.00091034150270017,0.00288124889719763,0.752037584637624
"chr9:98007702:98011271:clu_51126:ENSG00000136938.8",-0.00815606893523729,0.00433383833264341,0.0598427456610702
"chr9:125484583:125506310:clu_51586:ENSG00000119487.16",0.00147893229615798,0.00395496838317915,0.708446807884941
"chr9:3523761:3525747:clu_50111:ENSG00000080298.15",0.00133920023084121,0.00279064670297609,0.631306431603203
"chr9:96467049:96471011:clu_51079:ENSG00000130956.13",-0.00560570422881561,0.00434722158004387,0.19722735319441
"chr9:96345401:96351103:clu_51076:ENSG00000130958.11",0.00123094333728403,0.00469633821800119,0.793238914722477
"chr9:68258569:68259347:clu_50683:ENSG00000196873.15",-0.0020146035789065,0.00489874251388828,0.680889869126966
"chr9:114267557:114269241:clu_51375:ENSG00000196739.14",0.0028046381165549,0.0037492210010944,0.454424634595437
"chr9:113267439:113272427:clu_51323:ENSG00000176386.8",-0.00443628608022665,0.00378547939051994,0.241228426298206
"chr9:114266618:114267504:clu_51375:ENSG00000196739.14",0.00156236258658101,0.00421022433801462,0.71057219068636
"chr9:136447015:136447227:clu_52199:ENSG00000148396.18",0.00354165207332862,0.00394772092840489,0.369645065552238
"chr9:83005500:83007437:clu_50812:ENSG00000165105.9",0.00449920281047334,0.00420724878538341,0.284892576296942
"chr9:96245426:96246556:clu_51070:ENSG00000130948.9",0.00315995542520067,0.0037282882661107,0.396681949740569
"chr9:128713387:128713499:clu_51758:ENSG00000160447.6",0.000474943646687724,0.00371448328263102,0.898257675574776
"chr9:128713198:128713278:clu_51758:ENSG00000160447.6",-0.00239853793263892,0.004070108027812,0.555656209966508
"chr9:128177763:128178709:clu_51698:ENSG00000148337.20",-0.00458331937835533,0.0061363150120279,0.455113527964819
"chr9:128167164:128169076:clu_51696:ENSG00000148337.20",-0.00214028560503308,0.00458590072667732,0.640707393428816
"chr9:124293013:124301936:clu_51541:ENSG00000119408.16",-0.00440228653183918,0.00367714974718433,0.231228307376897
"chr9:133782460:133783503:clu_52078:ENSG00000160293.16",-0.00017552101606003,0.00275952739675055,0.949284382190364
"chr9:34649564:34655218:clu_50436:ENSG00000137070.17",0.00881851012294413,0.00742207210721999,0.234775637363984
"chr9:35829391:35829877:clu_50545:ENSG00000137103.16",0.00299488428380477,0.00297749771926438,0.314492869055524
"chr9:35722223:35722861:clu_50513:ENSG00000137076.20",-0.00290355538609566,0.00488799902340124,0.552500623666998
"chr9:35835441:35845975:clu_50546:ENSG00000137103.16",0.00751350740672843,0.00451433220180888,0.0960390281647591
"chr9:34649564:34655218:clu_50436:ENSG00000213930.11",0.00881851012294413,0.00742207210721999,0.234775637363984
"chr9:95005065:95005158:clu_51039:ENSG00000148120.16",0.00178178637175255,0.0049785319172035,0.720422690677401
"chr9:33941862:33943420:clu_50407:ENSG00000137073.21",-0.00130245658265946,0.0062753626256532,0.835579717460074
"chr9:33927992:33932562:clu_50405:ENSG00000137073.21",0.00339280119477875,0.00433297041529671,0.433615543661303
"chr9:33290597:33294420:clu_50373:ENSG00000086102.18",0.0134724495119172,0.00444269581596518,0.0024254171896877
"chr9:36052323:36058827:clu_50551:ENSG00000122707.11",-0.00794141282093664,0.00363317609873039,0.0288299082860121
"chr9:35618121:35646403:clu_50496:ENSG00000137101.12",-0.00454653236633479,0.00420377677988312,0.279459132091054
"chr9:35835441:35841134:clu_50546:ENSG00000137103.16",-0.0117042723590795,0.00413039024117251,0.00460130096317879
"chr9:112416944:112418860:clu_51297:ENSG00000119471.14",-0.00249431633614618,0.00401860891772743,0.534802633109489
"chr9:128624824:128625103:clu_51747:ENSG00000197694.15",-0.00678850266023972,0.00536427783937463,0.205691543699861
"chr9:128150374:128151638:clu_51695:ENSG00000148346.11",0.00418139888237508,0.00425071428231355,0.325266367184236
"chr9:127424803:127428832:clu_51618:ENSG00000196152.10",0.00844685318363417,0.00344803947756607,0.0142953304929169
"chr9:128624487:128625103:clu_51747:ENSG00000197694.15",0.00419440153951199,0.00513925055594648,0.414414105192392
"chr9:113501630:113505442:clu_51345:ENSG00000138835.22",-0.00639821753511643,0.00294317939556993,0.0297116290828502
"chr9:81593274:81610220:clu_50805:ENSG00000196781.14",0.00300569728891833,0.00606520892483617,0.620202279165623
"chr9:98244129:98255173:clu_51142:ENSG00000095383.19",0.0048666066919572,0.00455086158574216,0.28489784915586
"chr9:112297916:112333470:clu_51295:ENSG00000119314.15",0.00195464346609543,0.00387827042585209,0.614262251883414
"chr9:101540975:101544767:clu_51195:ENSG00000155827.11",-0.00190264525461411,0.00381561420079483,0.618027962640998
"chr9:5335597:5339262:clu_50142:ENSG00000107018.7",0.00500521334870625,0.00372017375963701,0.178488150590825
"chr9:120491477:120518427:clu_51429:ENSG00000136861.17",0.00104235334561585,0.00568730771638627,0.854580590491422
"chr9:92964353:92975238:clu_50992:ENSG00000127084.17",0.00175303595892208,0.00449844605206486,0.696759788576712
"chr9:124258085:124301936:clu_51541:ENSG00000119408.16",-0.0011000716298564,0.00387659781168397,0.776584774384765
"chr9:131525977:131528944:clu_51948:ENSG00000130717.12",0.00516157799028562,0.00388450899586661,0.183927348239455
"chr9:133468028:133468340:clu_52058:ENSG00000160325.14",-0.00410528348901584,0.00323870393350121,0.204951601273943
"chr9:93019861:93020317:clu_50993:ENSG00000127084.17",-0.00136088237461271,0.00449025723447179,0.761833102376039
"chr9:92515203:92517687:clu_50981:ENSG00000106823.12",0.000469943068076878,0.00422993441614485,0.911537544698894
"chr9:92345787:92379763:clu_50974:ENSG00000188312.13",-0.00657466572414216,0.00339822482244926,0.0530227789078219
"chr9:92337629:92345699:clu_50974:ENSG00000188312.13",0.00890057973535376,0.00357393339295967,0.0127593770372586
"chr9:92515137:92517687:clu_50981:ENSG00000106823.12",-0.000752508991510667,0.00475273115377426,0.874195266347344
"chr9:136404693:136405118:clu_52183:ENSG00000165689.16",0.00399774430262406,0.00259739285672788,0.123770773689948
"chr9:136446949:136447227:clu_52199:ENSG00000148396.18",0.00231327833795174,0.0036116754879708,0.521847555326069
"chr9:92034883:92038248:clu_50947:ENSG00000090054.13",0.00600521528179318,0.00513936570666865,0.242615614834023
"chr9:92403482:92404496:clu_50976:ENSG00000106809.10",-0.0094074679484993,0.0044203149294115,0.0333176229440577
"chr9:96565483:96566768:clu_51084:ENSG00000081377.16",0.00175124923896548,0.00493932115015072,0.722924779055477
"chr9:97685040:97693649:clu_51121:ENSG00000136936.10",0.000932200612629832,0.00368549830207444,0.800316534574621
"chr9:96565483:96619219:clu_51084:ENSG00000081377.16",-0.00793758242172592,0.00522877557270094,0.128999882307742
"chr9:95978215:96004520:clu_51065:ENSG00000182150.15",0.00552765012776158,0.00377176207294548,0.142774952836248
"chr9:114250668:114252540:clu_51372:ENSG00000196739.14",-0.0137029932027631,0.00300918407466848,5.27045396514492e-06
"chr9:114282484:114283709:clu_51377:ENSG00000196739.14",-0.00229096499492722,0.00348051894021502,0.510393486017143
"chr9:112701880:112716461:clu_51304:ENSG00000148153.13",-0.000927078521665658,0.00424151683798793,0.826983153313875
"chr9:122849822:122851081:clu_51511:ENSG00000056586.15",-0.00516551796629551,0.00353055617646514,0.143443022702701
"chr9:122996151:122996539:clu_51521:ENSG00000011454.16",-0.00862155557834065,0.00479750798808531,0.072321268552124
"chr9:121822879:121860337:clu_51490:ENSG00000175764.14",0.00268164970781102,0.00346873523846726,0.439468234741651
"chr9:121860443:121870497:clu_51490:ENSG00000175764.14",-0.000276050032531112,0.00371375534547276,0.94074639292476
"chr9:96852005:96852853:clu_51091:ENSG00000196597.11",-0.00523595115426326,0.00491183173767594,0.286429299911584
"chr9:97362441:97364051:clu_51102:ENSG00000197816.13",0.00135208429821696,0.00475538456549843,0.776159785180588
"chr9:133473250:133473415:clu_52059:ENSG00000160326.13",4.63573791407018e-05,0.00307321504714684,0.987964905191109
"chr9:124940155:124940840:clu_51567:ENSG00000136935.13",-0.00618136621348403,0.00584044363269868,0.289885551429438
"chr9:125268984:125298890:clu_51577:ENSG00000165219.21",0.00341328185706352,0.00450070997906898,0.448219082986739
"chr9:127397286:127399907:clu_51614:ENSG00000136856.17",-0.0105171159234175,0.00394858641482184,0.00773291516901253
"chr9:104751166:104752906:clu_51199:ENSG00000136783.9",0.00995731949313765,0.0032804141904449,0.00240228946285825
"chr9:72360784:72363470:clu_50742:ENSG00000107372.12",0.0013353064640025,0.0047724125524218,0.77963329380965
"chr9:122148277:122159627:clu_51493:ENSG00000119421.6",-0.00596183825330736,0.00482051124277426,0.21617444214185
"chr9:121157600:121157740:clu_51467:ENSG00000119397.16",-0.00935011971209729,0.00453988895697401,0.0394417614172468
"chr9:120874756:120876981:clu_51446:ENSG00000119403.13",-0.00475217000212806,0.0045143487338264,0.292487131905019
"chr9:17479:17719:clu_50059:ENSG00000181404.15",0.00731732140104218,0.00326838900463713,0.0251678947021804
"chr9:136951396:136952320:clu_52290:ENSG00000184925.11",0.00846803466121528,0.00336080353650938,0.0117472963538132
"chr9:137205912:137206232:clu_52369:ENSG00000188566.13",0.00513139162931257,0.00376505219154077,0.172913861504142
"chr9:136372094:136373532:clu_52171:ENSG00000187796.13",-0.00112191445034702,0.00364332282088019,0.758130155890819
"chr9:137205912:137206281:clu_52369:ENSG00000188566.13",0.0023427565835967,0.00383272959806504,0.541033980170155
"chr9:130835525:130854064:clu_51907:ENSG00000097007.17",0.00819623746522144,0.00351570145742065,0.0197363073987505
"chr9:122291840:122305788:clu_51505:ENSG00000148187.17",-0.00838927998238116,0.00495292298574756,0.0903025638009275
"chr9:127349035:127353846:clu_51610:ENSG00000136895.18",0.00654562446922038,0.00361235749216791,0.0699847980861077
"chr9:93185610:93229696:clu_50999:ENSG00000165238.16",0.00310274311471596,0.00450188368559062,0.490691144342268
"chr9:32987842:32988079:clu_50362:ENSG00000137074.18",-0.00309847657099451,0.00381676064444267,0.416901849124871
"chr9:131650949:131709620:clu_51960:ENSG00000107263.18",0.0019844169597185,0.00341932179991499,0.561675943387309
"chr9:131650949:131739770:clu_51960:ENSG00000107263.18",-0.00337920455108656,0.0031922947317595,0.289804630821911
"chr9:133696361:133702916:clu_52076:ENSG00000123453.17",-0.00433287401008239,0.00289430925623999,0.134384892622309
"chr9:132902787:132903651:clu_52000:ENSG00000165699.13",0.00270173397343669,0.00302008598367143,0.371007139908163
"chr9:132903817:132904411:clu_52000:ENSG00000165699.13",-0.00241954987478159,0.00333806538071059,0.46855266285488
"chr9:125346941:125349390:clu_51584:ENSG00000165219.21",-0.00791778346137314,0.00581390298487197,0.173238730594246
"chr9:125052595:125055876:clu_51570:ENSG00000173611.17",-0.0120271372784074,0.00505798133757822,0.0174137553952322
"chr9:125335252:125337018:clu_51581:ENSG00000165219.21",-0.0115470725633697,0.00537569043271105,0.031712432667701
"chr9:125330218:125331926:clu_51579:ENSG00000165219.21",-0.00509280229484352,0.00545312440718334,0.350343236302682
"chr9:125029739:125055876:clu_51570:ENSG00000173611.17",0.00591679677283061,0.00453600302590589,0.192094648881434
"chr9:125261959:125268936:clu_51577:ENSG00000165219.21",-0.00830212088348683,0.00424977253943459,0.0507550786969054
"chr9:27018687:27029025:clu_50333:ENSG00000096872.15",0.00109956630870425,0.00301160771586565,0.715029738801563
"chr9:95005616:95080694:clu_51041:ENSG00000148120.16",0.0044950975189776,0.00516926131086173,0.384528779757293
"chr9:129081207:129084668:clu_51820:ENSG00000167130.17",-0.0127405676015328,0.00618572741785523,0.0394299382572125
"chr9:91325404:91341324:clu_50940:ENSG00000148090.11",-0.00833277273201065,0.00352733139117814,0.0181597466829612
"chr9:134782720:134784989:clu_52109:ENSG00000130635.15",-0.00549157507079692,0.00411490578232881,0.18202147860523
"chr9:93298067:93299070:clu_51006:ENSG00000165238.16",0.0117013048887027,0.00603011103075831,0.0523214824293696
"chr9:93561250:93562208:clu_51018:ENSG00000048828.16",0.00569298279621941,0.00500536854875692,0.255381408203703
"chr9:93529580:93532155:clu_51015:ENSG00000048828.16",0.0100406134750633,0.004300144509983,0.0195461416211651
"chr9:94928531:94931715:clu_51038:ENSG00000148120.16",-0.00134540358294548,0.00444715357248519,0.7622470027324
"chr9:87728809:87729573:clu_50901:ENSG00000135047.14",0.00192078005970789,0.00469925520816565,0.682729462886714
"chr9:75078611:75083087:clu_50758:ENSG00000106733.20",-0.000783715339749269,0.00339809029092281,0.817599109443642
"chr9:36148650:36162362:clu_50557:ENSG00000122694.15",-0.00562097352347218,0.00533409814422619,0.291983001373333
"chr9:37422833:37424845:clu_50573:ENSG00000137106.17",-0.00791403869636415,0.00374153071376901,0.0344139767282753
"chr9:35807398:35808509:clu_50534:ENSG00000159899.14",-0.000242211442098759,0.00401630066591582,0.951911048010012
"chr9:133437897:133438246:clu_52051:ENSG00000160323.18",-0.00183383746156334,0.00299885320512497,0.540860071729599
"chr9:132659780:132661208:clu_51990:ENSG00000125485.17",0.000824223162759161,0.00372541177935891,0.824902835715661
"chr9:132239271:132240910:clu_51970:ENSG00000196358.10",0.00450465857266916,0.00540154131101375,0.404304653368881
"chr9:132828726:132854857:clu_51994:ENSG00000165695.9",-0.00502019592993725,0.0029633372604351,0.0902458798953225
"chr9:134029115:134034512:clu_52084:ENSG00000235106.9",0.000423200808600662,0.00251181841016706,0.866202656544531
"chr9:78317804:78328051:clu_50798:ENSG00000135069.13",0.00170730833676837,0.00315202177890644,0.588056199573405
"chr9:112716541:112717987:clu_51304:ENSG00000148153.13",-0.00799250502475259,0.00355409733387527,0.0245243111015798
"chr9:68392473:68465093:clu_50690:ENSG00000154330.12",-0.00377537160485978,0.00802655748508934,0.638097834765285
"chr9:68392473:68429687:clu_50690:ENSG00000154330.12",0.00525097641654762,0.0088776104098817,0.554195274570271
"chr9:114301462:114301682:clu_51380:ENSG00000196739.14",0.0054076592729149,0.00366605781013992,0.14019611696284
"chr9:86305239:86308429:clu_50884:ENSG00000083223.17",0.00443218972965197,0.00488158460259328,0.363909510761095
"chr9:125158382:125171085:clu_51573:ENSG00000119414.11",0.0086954815658416,0.0052490066666876,0.0976012541515243
"chr9:96948088:96949555:clu_51093:ENSG00000196312.12",0.00351003888178566,0.00508684507942988,0.49017987448438
"chr9:131485140:131486085:clu_51935:ENSG00000130723.18",0.00122576107364627,0.00353571527619218,0.728831885540686
"chr9:19369987:19371756:clu_50282:ENSG00000137145.20",-7.01388315764792e-05,0.00319386740697456,0.982479487747346
"chr9:125657799:125706971:clu_51588:ENSG00000119487.16",0.00553178049082025,0.00470460702561254,0.239666009006015
"chr9:36265574:36284708:clu_50563:ENSG00000122705.16",-0.00477296992095448,0.00350424690311714,0.173181167243955
"chr9:6492401:6493826:clu_50177:ENSG00000147854.16",0.000125132184297549,0.00396093834859557,0.974797781665704
"chr9:95467425:95468751:clu_51050:ENSG00000185920.15",0.00285281094113282,0.0047981389074842,0.552133517544083
"chr9:79612718:79627374:clu_50800:ENSG00000106829.18",-0.00220194539489648,0.00331187006248694,0.506137055016367
"chr9:127195217:127196474:clu_51604:ENSG00000136828.18",0.00637045982944891,0.00368637162096211,0.0839683023492747
"chr9:128323147:128325779:clu_51718:ENSG00000167113.10",0.00694432118122426,0.0101770524242753,0.495017076275595
"chr9:127405565:127407436:clu_51617:ENSG00000136856.17",0.0063546102893907,0.00384635670119063,0.0985118150792492
"chr9:127714702:127714975:clu_51640:ENSG00000187024.13",0.00368909327675707,0.00384790584632949,0.337696024645688
"chr9:132662695:132669860:clu_51991:ENSG00000125485.17",0.00161022134783733,0.0035830877102928,0.653146808765317
"chr9:137351147:137351318:clu_52401:ENSG00000187609.15",0.00523099302005035,0.00371809581102525,0.159456722664997
"chr9:98157660:98192559:clu_51137:ENSG00000106789.12",0.0015642570660405,0.00412857262600798,0.704772755060936
"chr9:97611699:97617757:clu_51112:ENSG00000136925.14",-0.00215165700742804,0.0036854939283195,0.559342892046353
"chr9:34125277:34126354:clu_50414:ENSG00000198876.12",-0.00287647892422975,0.00538817673871082,0.593445218293856
"chr9:100252093:100252283:clu_51178:ENSG00000119509.12",-0.00951399053548142,0.0051860164058453,0.0665728464636357
"chr9:137088183:137088869:clu_52329:ENSG00000177239.14",-0.00607899836387508,0.00310737758525067,0.0504284756421463
"chr9:137433263:137433453:clu_52419:ENSG00000188747.8",0.0142189310174573,0.00417525129480364,0.000660364831514992
"chr9:137309790:137323725:clu_52396:ENSG00000187609.15",0.00248011013897553,0.0034140890126367,0.467572789936626
"chr9:133389596:133394291:clu_52040:ENSG00000198870.7",0.000482476698671403,0.00268359220308855,0.857319290351837
"chr9:133363759:133364840:clu_52035:ENSG00000148248.13",0.00412173852332287,0.00331755809008098,0.21408853185371
"chr9:133365026:133365985:clu_52035:ENSG00000148248.13",-0.0053020384017137,0.00324727600646211,0.102518444231887
"chr9:70286879:70297966:clu_50718:ENSG00000198887.8",0.00084823509066777,0.00469213300362573,0.856541719861629
"chr9:68356361:68357723:clu_50686:ENSG00000224958.5",-0.00488447076796862,0.00509641081013366,0.337854107874693
"chr9:68394439:68398048:clu_50688:ENSG00000233178.7",0.0138823364586485,0.00425873549842226,0.00111517526820215
"chr9:128988186:128993197:clu_51801:ENSG00000095319.14",0.00300887172253384,0.00490808308883213,0.539847134367527
"chr9:92619565:92634386:clu_50986:ENSG00000127080.9",-0.00490553408436893,0.00390279177061753,0.208779167520362
"chr9:36083562:36087694:clu_50554:ENSG00000122707.11",0.00909404541402269,0.00545464317603818,0.0954722991596211
"chr9:35805670:35805830:clu_50533:ENSG00000159899.14",0.0109166488082068,0.00454822072535329,0.0163860234353834
"chr9:133788486:133789258:clu_52080:ENSG00000160293.16",0.00201237270290594,0.0029087347931139,0.489039190532553
"chr9:127818711:127819121:clu_51663:ENSG00000225032.5",-0.00826034303250028,0.00456745431712624,0.0705252477404232
"chr9:127950539:127953575:clu_51681:ENSG00000167106.11",-0.0141801691802576,0.00445451555056884,0.00145594266381732
"chr9:37588932:37592310:clu_50585:ENSG00000175768.12",0.00855855653942404,0.00400132579245733,0.0324413225420375
"chr9:120403071:120404036:clu_51422:ENSG00000136861.17",-0.00100172100748838,0.00440338905700501,0.820043798218948
"chr9:33971754:33973183:clu_50410:ENSG00000137073.21",0.0135909658184164,0.00360693714727624,0.000164555833700453
"chr9:136362180:136362989:clu_52166:ENSG00000213221.4",-0.000969688304336087,0.0027565554243042,0.725006731303252
"chr9:136363128:136363487:clu_52166:ENSG00000213221.4",-2.50505861730837e-06,0.00275140025897412,0.999273552689401
"chr9:136381989:136382253:clu_52173:ENSG00000165684.4",-0.00070472517593749,0.00304545533315263,0.817002327660827
"chr9:127894691:127896242:clu_51672:ENSG00000160408.14",0.00540563994546821,0.00454658490263984,0.234461262289308
"chr9:133569578:133570331:clu_52070:ENSG00000197859.9",-0.00132681520692853,0.00329932010996704,0.687575059126323
"chr9:133440525:133442399:clu_52052:ENSG00000160323.18",0.00295058247289061,0.0027037017889813,0.275135575968597
"chr9:133104331:133105932:clu_52020:ENSG00000160271.14",0.00387798878809414,0.00317176404748281,0.22145816974668
"chr9:86307246:86308429:clu_50884:ENSG00000083223.17",-0.000868821322235808,0.00399280907621215,0.827743503536434
"chr9:92289426:92293441:clu_50967:ENSG00000196305.17",-0.00690604157782081,0.00451069737256506,0.125760412581049
"chr9:92319356:92321668:clu_50972:ENSG00000198000.11",0.00729260810298648,0.00441878230334264,0.0988680994408971
"chr9:92289426:92293611:clu_50967:ENSG00000196305.17",-0.000696525115699139,0.00456051109870472,0.87861150338325
"chr9:109091155:109093475:clu_51252:ENSG00000106771.12",-0.00799691819482304,0.00334271709319234,0.0167412931600162
"chr9:124929290:124931316:clu_51566:ENSG00000136935.13",-0.00373501864330962,0.00714208932677197,0.601002906959607
"chr9:93306821:93307131:clu_51006:ENSG00000165238.16",-0.0043629934559355,0.00418498239073283,0.29716339288494
"chr9:3829492:3856009:clu_50114:ENSG00000107249.21",-0.00393105230616273,0.003685176986589,0.286098254917949
"chr9:4722625:4726083:clu_50133:ENSG00000147853.16",0.00276356943292621,0.00408113860963982,0.498306680301918
"chr9:41033022:41033939:clu_50630:ENSG00000276291.5",-0.00758750754842623,0.0441713842580123,0.863614989721617
"chr9:20946820:20948271:clu_50299:ENSG00000188352.12",0.000977620665833311,0.00442277110444598,0.825059291117294
"chr9:32386438:32405485:clu_50347:ENSG00000122729.18",0.0032094807501589,0.00319746000732665,0.315494566247161
"chr9:32424665:32425838:clu_50350:ENSG00000122729.18",0.00617338882721983,0.00487685115505585,0.205564822934384
"chr9:32384735:32405485:clu_50347:ENSG00000122729.18",-0.00206847315781829,0.00344603528871375,0.548341477368683
"chr9:32467932:32472975:clu_50353:ENSG00000107201.9",-0.00211485300484275,0.00362263390628737,0.559362432288654
"chr9:105694772:105705597:clu_51222:ENSG00000095209.11",0.00260849125595593,0.00398791354644457,0.51304786527745
"chr9:131455166:131459170:clu_51930:ENSG00000130723.18",-0.00294569452374908,0.0045228691415592,0.514860004400213
"chr9:93300149:93306777:clu_51006:ENSG00000165238.16",0.011128293479093,0.00714620256997654,0.119415474594904
"chr9:131506453:131507368:clu_51940:ENSG00000130714.15",0.00177702437027163,0.00354968223358215,0.616642064256562
"chr9:85829606:85830324:clu_50862:ENSG00000165121.11",-0.00514509365811677,0.0053030479368393,0.331939616952029
"chr9:121349323:121353220:clu_51478:ENSG00000148175.12",-0.00449057087380418,0.00473805776168662,0.343248504679232
"chr9:34990611:34993200:clu_50445:ENSG00000137094.14",-0.00485032200333705,0.00550261715636352,0.378070361422168
"chr9:98078347:98080850:clu_51129:ENSG00000095380.10",0.00840571410556991,0.00399661713220934,0.0354476573038441
"chr9:20789608:20819796:clu_50292:ENSG00000188352.12",0.000875723559209073,0.00377171646859886,0.816396887078031
"chr9:137543815:137546830:clu_52452:ENSG00000130653.15",-0.00194777762721257,0.00356626177653508,0.584950544301838
"chr9:125669907:125706971:clu_51588:ENSG00000119487.16",0.0174429598776478,0.00626162316289255,0.00534134305507894
"chr9:88415699:88416343:clu_50908:ENSG00000106723.16",-0.00124176148619094,0.0035587347491068,0.727139294763828
"chr9:89357565:89357999:clu_50921:ENSG00000187742.14",0.0130330474269744,0.00415259775261149,0.00169798278206201
"chr9:89350852:89357411:clu_50921:ENSG00000187742.14",-0.0142356923380516,0.00421283400468564,0.00072716960122321
"chr9:33319127:33328581:clu_50375:ENSG00000086102.18",-0.00108799298035322,0.00385232445998229,0.777617598978906
"chr9:131484790:131484948:clu_51935:ENSG00000130723.18",-0.00173302103706859,0.00363842689994463,0.633853166205203
"chr9:32492538:32493761:clu_50355:ENSG00000107201.9",0.000353322130473155,0.00371337173591348,0.924196794108914
"chr9:32550968:32552434:clu_50357:ENSG00000107201.9",-0.000270414905024233,0.00337595110281553,0.936157434935631
"chr9:32550968:32552434:clu_50357:ENSG00000197579.7",-0.000270414905024233,0.00337595110281553,0.936157434935631
"chr9:78328188:78328981:clu_50798:ENSG00000135069.13",-0.00277576389286056,0.0031142008833279,0.372755048793196
"chr9:129042514:129048427:clu_51809:ENSG00000148343.18",-0.00890133381943649,0.0033419201288796,0.00773235017018215
"chr9:127874649:127878387:clu_51669:ENSG00000106992.17",7.60746898839913e-05,0.00573626280213256,0.989418713305469
"chr9:127936655:127937818:clu_51679:ENSG00000136908.17",-0.00304729365795097,0.00702753350524226,0.664562902120999
"chr9:114356131:114356863:clu_51388:ENSG00000106948.16",-0.00408885060683913,0.00304731709266163,0.179665052858508
"chr9:130397655:130398551:clu_51886:ENSG00000148357.16",-0.00217634513914178,0.00437228592221995,0.618653841403539
"chr9:129748737:129752887:clu_51843:ENSG00000148344.10",0.00128715728066917,0.00328353428973466,0.695055549712016
"chr9:37080536:37086668:clu_50567:ENSG00000281649.1",0.000835590110047339,0.00322136373007238,0.795334207579046
"chr9:113988580:114001996:clu_51350:ENSG00000157657.14",0.00677426498455496,0.00280088204218896,0.015579572278543
"chr9:137307646:137309607:clu_52396:ENSG00000187609.15",0.000662248045478691,0.00360046459671972,0.854065190211047
"chr9:137576402:137577470:clu_52455:ENSG00000148399.12",0.00189686225439359,0.00405948486491258,0.640309050150464
"chr9:137800984:137811461:clu_52472:ENSG00000181090.19",-0.00300450678603976,0.00343381653268851,0.381587007023077
"chr9:128241047:128242232:clu_51707:ENSG00000106976.20",0.00814478672789399,0.00469280058702582,0.0826360176548002
"chr9:128190862:128191732:clu_51703:ENSG00000148337.20",-0.0037297631062577,0.00485862739496303,0.442690527045337
"chr9:128311023:128311529:clu_51720:ENSG00000167112.9",0.00350229239122582,0.00400968909595171,0.382413846245665
"chr9:128311362:128311529:clu_51720:ENSG00000167112.9",-0.00276651558465051,0.00404605422283319,0.494128984512971
"chr9:17855:18028:clu_50059:ENSG00000181404.15",0.0050305236755694,0.00381734537695877,0.187568332772798
"chr9:114206296:114209675:clu_51368:ENSG00000196739.14",-0.00616728803611838,0.003237219547047,0.0567646214091617
"chr9:133155936:133156020:clu_52024:ENSG00000148288.11",-5.87931438286259e-06,0.0031135197798935,0.998493341389169
"chr9:133367445:133375922:clu_52039:ENSG00000148248.13",-0.000114542400538275,0.00308073573995206,0.970341318150968
"chr9:99906706:99915178:clu_51167:ENSG00000136874.10",0.00264830143220722,0.00445259934128675,0.551992880961314
"chr9:100427393:100441906:clu_51190:ENSG00000066697.14",-0.007497235204898,0.00478424584800518,0.117098962496397
"chr9:128742745:128750616:clu_51773:ENSG00000160445.10",0.00887857316448647,0.004026481744708,0.0274509417223253
"chr9:129282692:129282930:clu_51830:ENSG00000224307.1",-0.00288237849112693,0.00418655790335209,0.491147988494494
"chr9:128742745:128750622:clu_51773:ENSG00000160445.10",-0.00691571102736947,0.00390030919680521,0.0762090461178234
"chr9:127462373:127467740:clu_51624:ENSG00000148356.13",0.00211243384040989,0.00415779139370964,0.611406822543353
"chr9:121171548:121173243:clu_51469:ENSG00000119397.16",0.00103933730006844,0.00457416426418072,0.820253408268977
"chr9:113428223:113428900:clu_51342:ENSG00000157653.11",-0.000178239038835931,0.00275025162986469,0.948326660076469
"chr9:34402807:34405865:clu_50420:ENSG00000164970.14",0.00654119605601338,0.00447884957492326,0.144162748462107
"chr9:93498886:93515670:clu_51014:ENSG00000048828.16",-0.00722140868726609,0.00476216470589688,0.129414942293649
"chr9:69336269:69371499:clu_50704:ENSG00000135063.17",-0.00163642416969206,0.00348071819445156,0.638255137793647
"chr9:35722921:35723952:clu_50513:ENSG00000137076.20",0.00534575343002052,0.00502789942086952,0.287683077591669
"chr9:35749871:35750243:clu_50520:ENSG00000107185.9",0.00929655185544983,0.00433982857485448,0.0321816345677723
"chr9:35539108:35546430:clu_50485:ENSG00000198853.11",-0.0116582021653028,0.00467301841752727,0.0126031500033587
"chr9:35750379:35750658:clu_50520:ENSG00000107185.9",-0.00983621649261856,0.00433035899263564,0.0231194354855145
"chr9:35782174:35786647:clu_50526:ENSG00000227388.2",0.00405392426494056,0.00412757470104249,0.326022760977435
"chr9:129100689:129101883:clu_51825:ENSG00000095321.16",0.00532455832058168,0.00520328732992264,0.30616289923982
"chr9:35659180:35660401:clu_50498:ENSG00000159884.11",-0.000931314027960452,0.00351939976591249,0.791299921224582
"chr9:122264938:122270864:clu_51503:ENSG00000148187.17",-0.00795170823262687,0.00527208800872542,0.131486600168658
"chr9:122214383:122217068:clu_51497:ENSG00000106852.15",-0.00873548146340307,0.00380863384086586,0.0218135022161446
"chr9:134810308:134811339:clu_52113:ENSG00000130635.15",-0.00543555193714182,0.00287683148301115,0.0588351543736673
"chr9:108999256:109013302:clu_51250:ENSG00000119326.14",-0.00378455209252806,0.00280375230779383,0.177074740354034
"chr9:33886967:33900174:clu_50403:ENSG00000107341.4",0.00187676960434764,0.00548850818739931,0.732392054207295
"chr9:33817934:33886881:clu_50403:ENSG00000107341.4",-0.00699010416002407,0.00589278390504876,0.23553770550715
"chr9:97606261:97610346:clu_51111:ENSG00000136925.14",-0.00240429577097209,0.00476726545800236,0.614026436337794
"chr9:97364128:97365673:clu_51102:ENSG00000197816.13",-0.00113214114320311,0.00425520165488945,0.790192603836503
"chr9:105299309:105309724:clu_51212:ENSG00000070214.15",-0.00204146839443186,0.00315740352723651,0.517913150682746
"chr9:136364559:136365141:clu_52168:ENSG00000187796.13",-0.00761235268766228,0.00269459067233591,0.00472732763899952
"chr9:136410739:136411997:clu_52186:ENSG00000165688.11",-0.000200700572693425,0.00367674212797907,0.956467874980126
"chr9:138176206:138176884:clu_52478:ENSG00000159247.13",-0.00385853413615312,0.00417984500152165,0.35594023282483
"chr9:132281574:132283264:clu_51977:ENSG00000107290.13",-0.00124169289603883,0.00399371204287057,0.755867541146874
"chr9:131630324:131638635:clu_51958:ENSG00000107263.18",-0.000639575741599242,0.00294586668372283,0.828122984466778
"chr9:131629254:131630236:clu_51958:ENSG00000107263.18",-0.00145097931985665,0.0029153952841252,0.618698630459548
"chr9:35740362:35740825:clu_50524:ENSG00000070610.14",0.00596399804008769,0.006051112345953,0.324327676615908
"chr9:35835218:35841134:clu_50546:ENSG00000137103.16",-0.00381960785991807,0.00419777630735533,0.362868817140143
"chr9:125478182:125484443:clu_51586:ENSG00000119487.16",0.00192911406495439,0.00386917717109201,0.61807170804366
"chr9:135098505:135106749:clu_52127:ENSG00000130558.19",0.000691176316106846,0.003416924863725,0.839697661824552
"chr9:138175901:138176207:clu_52478:ENSG00000159247.13",-0.0049250082734227,0.00504180227322103,0.328650909371998
"chr9:137565154:137574208:clu_52455:ENSG00000148399.12",-0.000132495712095821,0.00485533471283686,0.978229479509986
"chr9:89319797:89325548:clu_50917:ENSG00000187742.14",-0.0075854890647522,0.00341380379364699,0.0262829683670746
"chr9:130427619:130428358:clu_51891:ENSG00000148357.16",-0.00176463608189017,0.00380500777458896,0.642814869287389
"chr9:100303842:100308500:clu_51183:ENSG00000136891.13",-0.000795888635175142,0.00452789715539245,0.860471142508106
"chr9:133456215:133456543:clu_52055:ENSG00000160323.18",-0.00230133331559976,0.00471371327353927,0.625393385428191
"chr9:128885388:128886015:clu_51790:ENSG00000136802.11",-0.000594784321351037,0.00566647140171041,0.9164031400105
"chr9:128724635:128732842:clu_51764:ENSG00000223478.1",0.00364045429898155,0.00624632394834711,0.56001752195966
"chr9:128584525:128584721:clu_51743:ENSG00000197694.15",0.00110489450097994,0.0050562353702251,0.827023060634462
"chr9:21010782:21011344:clu_50302:ENSG00000188921.13",-0.00731017457789848,0.00468393697356385,0.118596862338892
"chr9:132231789:132235651:clu_51968:ENSG00000196358.10",-0.000784135305338658,0.00366316293161202,0.83050055592033
"chr9:132386621:132388139:clu_51982:ENSG00000125482.12",0.000621343301697325,0.00356515209902031,0.861643522062799
"chr9:111525262:111527268:clu_51279:ENSG00000173258.12",-0.00584627165585796,0.0033504339543317,0.0809971098233409
"chr9:33167046:33177420:clu_50369:ENSG00000233554.5",0.00953646098526959,0.00354658546849527,0.0071685025824646
"chr9:133332760:133333718:clu_52029:ENSG00000148296.6",0.00256547628166177,0.0028328401702531,0.365137100152084
"chr9:123557695:123583169:clu_51537:ENSG00000119522.16",0.0123867620496759,0.00444855592860123,0.00536193121566164
"chr9:97524308:97546185:clu_51108:ENSG00000136842.13",0.00511429335549636,0.00431815712367795,0.236266849960561
"chr9:96654773:96655252:clu_51086:ENSG00000158122.11",-0.0106939811536714,0.00490700624221097,0.0293072341482969
"chr9:97357725:97359982:clu_51101:ENSG00000197816.13",0.00866589914083059,0.0043499226482811,0.0463495408042859
"chr9:136791424:136791711:clu_52241:ENSG00000244187.7",0.00226127030020567,0.00453794715476182,0.618270863419286
"chr9:95172147:95240649:clu_51046:ENSG00000158169.12",0.00522340690650702,0.00431237147883905,0.225795433607119
"chr9:96641886:96645893:clu_51085:ENSG00000158122.11",-0.00992242407490695,0.00530517397222664,0.0614380572984247
"chr9:124889303:124889434:clu_51561:ENSG00000136935.13",5.27400865481655e-05,0.00762024623564523,0.994477847100427
"chr9:127910528:127912268:clu_51674:ENSG00000136840.18",0.00391398098777789,0.00575212759170807,0.496225538861722
"chr9:35380639:35381100:clu_50476:ENSG00000198722.14",0.00505512174476236,0.00421678723048792,0.230602290302904
"chr9:105618092:105619906:clu_51221:ENSG00000106692.13",-0.00489124919538303,0.00307216925206447,0.111358688393462
"chr9:33927080:33927797:clu_50405:ENSG00000137073.21",0.00924351525279219,0.004089345007503,0.0237970461122216
"chr9:33464966:33465207:clu_50387:ENSG00000165271.16",-0.00202188861797749,0.00413759187034593,0.625080206656149
"chr9:33347117:33347663:clu_50377:ENSG00000086102.18",-0.00130575910940003,0.00415614494503894,0.753387714134081
"chr9:93550691:93556382:clu_51017:ENSG00000048828.16",-0.00151880076219035,0.00433048658370318,0.725796252641203
"chr9:94760580:94773002:clu_51037:ENSG00000148120.16",0.000548382360733987,0.00462423979338334,0.905601256791721
"chr9:120788278:120793149:clu_51434:ENSG00000119402.16",0.00609079526811434,0.00414203808979602,0.141431073360591
"chr9:120788186:120793149:clu_51434:ENSG00000119402.16",-0.00604788020371768,0.00392222795320954,0.123085694045899
"chr9:132388228:132390604:clu_51983:ENSG00000125482.12",0.00298175543420312,0.00348798459406421,0.392625970612853
"chr9:132388228:132390597:clu_51983:ENSG00000125482.12",-0.00298437250715127,0.00355763329925966,0.401545314876852
"chr9:40992479:40993253:clu_50628:ENSG00000276291.5",-0.000237435554908251,0.01840163434119,0.989705212952028
"chr9:41133742:41142246:clu_50633:ENSG00000215126.10",-0.0109974751220252,0.0468750095483149,0.814509308932255
"chr9:40992775:40993253:clu_50628:ENSG00000276291.5",-0.00654644816405952,0.0299459224696457,0.826954641415917
"chr9:69325723:69336213:clu_50704:ENSG00000135063.17",-0.00265335983396529,0.00368322690157351,0.471284904232027
"chr9:113517624:113522930:clu_51348:ENSG00000138835.22",-0.0030589548684607,0.00360051132552058,0.395553621713416
"chr9:92050067:92055405:clu_50950:ENSG00000090054.13",0.00483123243546621,0.00538758758903484,0.369860926255885
"chr9:92856318:92877890:clu_50991:ENSG00000127081.13",-0.00898829136437848,0.00451809278677075,0.046657128864506
"chr9:136670330:136670950:clu_52225:ENSG00000172889.15",-0.0040406908520334,0.00337105575655296,0.230666967488975
"chr9:93498886:93515667:clu_51014:ENSG00000048828.16",-0.00082492647933801,0.00390170254370416,0.832553846858981
"chr9:92250834:92251808:clu_50961:ENSG00000196305.17",-0.00890331212191271,0.00345662487774233,0.0100030418434968
"chr9:92323503:92324023:clu_50973:ENSG00000198000.11",0.0062718416707183,0.00422086440710263,0.137301860229683
"chr9:91159807:91170673:clu_50937:ENSG00000235641.4",-0.0106718677224478,0.00326966758176636,0.00109889979187328
"chr9:91170721:91182469:clu_50937:ENSG00000229694.6",0.00834964018103907,0.00329169734569205,0.0111942471457603
"chr9:91170721:91182469:clu_50937:ENSG00000235641.4",0.0084457178648547,0.0032427053941565,0.00920008312888698
"chr9:91159807:91170673:clu_50937:ENSG00000229694.6",-0.0098889529093341,0.00323101064523136,0.00220866192066327
"chr9:131884099:131893885:clu_51962:ENSG00000160563.13",5.57914345542633e-05,0.00300065441308204,0.985165716065203
"chr9:131893992:131939381:clu_51962:ENSG00000160563.13",0.00167958661183446,0.00309947949289437,0.587892136812781
"chr9:133104644:133105932:clu_52020:ENSG00000160271.14",0.00735611490432576,0.00299397534828967,0.0140113436814484
"chr9:98077017:98078193:clu_51128:ENSG00000095380.10",0.00518551718122259,0.00441696036585111,0.240394507668853
"chr9:97412238:97428460:clu_51105:ENSG00000196116.7",0.00660499341890687,0.00392839312404753,0.0926954632700144
"chr9:92229126:92240643:clu_50957:ENSG00000196305.17",0.00112529691761844,0.00590594744951466,0.848888961559642
"chr9:6460791:6465744:clu_50175:ENSG00000147854.16",-0.0012211804576264,0.00300956139646836,0.684913866908344
"chr9:33319127:33332472:clu_50375:ENSG00000086102.18",0.00779622997563975,0.0039981589950261,0.0511814871998629
"chr9:89332986:89334522:clu_50919:ENSG00000187742.14",0.00216309100369206,0.00446376621877892,0.627968077765668
"chr9:130393309:130393742:clu_51884:ENSG00000148357.16",0.0101051969757037,0.00345032079724292,0.00340305835075816
"chr9:129868985:129869310:clu_51852:ENSG00000136878.12",8.95799810026329e-05,0.00287848617300809,0.975173426528462
"chr9:128730248:128732842:clu_51764:ENSG00000223478.1",-0.00468161084952359,0.00482913697277855,0.332320301417087
"chr9:125342299:125346819:clu_51583:ENSG00000165219.21",0.00636577915198753,0.00417267187383074,0.127112441987637
"chr9:69249485:69251035:clu_50702:ENSG00000119139.17",-0.00267234066425503,0.0048228889982319,0.579513550197929
"chr9:26913947:26916436:clu_50326:ENSG00000137055.14",0.00228788527344968,0.00441343177658418,0.604185182790632
"chr9:115046682:115048260:clu_51400:ENSG00000041982.15",-0.00419849181099149,0.00485756313539269,0.387411805052049
"chr9:69035947:69046385:clu_50695:ENSG00000165060.11",0.00602833139239609,0.00507026710388155,0.23445644641038
"chr9:70282583:70286200:clu_50718:ENSG00000198887.8",-0.00276023046565315,0.00471479821879334,0.558252042516198
"chr9:19342779:19345921:clu_50283:ENSG00000137145.20",0.00122045802939434,0.00391904830782814,0.755483677923907
"chr9:111926496:111927473:clu_51288:ENSG00000148154.9",0.00234213511821077,0.00409006631484419,0.566888545907642
"chr9:111926496:111929500:clu_51288:ENSG00000148154.9",-0.0059354227250326,0.00366965375654517,0.105784633238559
"chr9:121135982:121138545:clu_51463:ENSG00000119397.16",0.00660014318983211,0.00435611216888703,0.129735593818932
"chr9:85655320:85657435:clu_50856:ENSG00000135049.15",0.0118399231711726,0.00400315081986947,0.00309992841328954
"chr9:85849543:85881356:clu_50863:ENSG00000165121.11",0.00121167516739411,0.00390105778412796,0.756103437028513
"chr9:32552479:32552801:clu_50358:ENSG00000235453.8",-0.0107666999130695,0.004616921605646,0.0197002498724838
"chr9:120862005:120862613:clu_51441:ENSG00000119403.13",-6.68431057962839e-05,0.00397605779104902,0.986587073723422
"chr9:100427570:100441906:clu_51190:ENSG00000066697.14",0.0106664165667003,0.00424267762210979,0.0119344506343305
"chr9:129109277:129110483:clu_51826:ENSG00000095321.16",-0.00500515766549988,0.00499000760315805,0.315843453332615
"chr9:130101223:130104420:clu_51865:ENSG00000148358.19",0.000405855233357877,0.00325889795956049,0.900889655206038
"chr9:127808311:127808558:clu_51656:ENSG00000136877.14",-0.00957371671632016,0.00449304923655979,0.0331069540744253
"chr9:127896332:127905207:clu_51673:ENSG00000160408.14",0.00827358026461938,0.00443338447062956,0.0620134469629708
"chr9:128484886:128485365:clu_51736:ENSG00000136811.16",0.000328810315987458,0.00475211624923558,0.944836474604956
"chr9:93238321:93239757:clu_51000:ENSG00000165238.16",0.0193236560392961,0.00653469722699229,0.00310562355517729
"chr9:35738921:35739002:clu_50522:ENSG00000070610.14",0.00154648259476464,0.00459552075884883,0.736479108793594
"chr9:35738903:35739002:clu_50522:ENSG00000070610.14",-0.000947802893029403,0.00417653057826603,0.820473927256786
"chr9:94438528:94444964:clu_51033:ENSG00000148110.15",0.0117915728189671,0.00621838223878842,0.0579277277420344
"chr9:120471878:120477350:clu_51428:ENSG00000136861.17",0.0184738172947378,0.00431742033781521,1.87817767839382e-05
"chr9:121118540:121123931:clu_51461:ENSG00000119397.16",-0.010340731428546,0.00418512455153545,0.0134799870715063
"chr9:113498080:113505442:clu_51345:ENSG00000138835.22",0.00343566382334081,0.00314682423140685,0.274926449908766
"chr9:129634306:129635208:clu_51839:ENSG00000148335.14",-0.000529219746134861,0.00318311288781285,0.867953481108009
"chr9:129634221:129635208:clu_51839:ENSG00000148335.14",0.000797203233284999,0.00311636984290987,0.798096396261399
"chr9:137186356:137187481:clu_52364:ENSG00000176248.8",-0.000814494393041717,0.00369692927758135,0.825624697281542
"chr9:734835:738285:clu_50079:ENSG00000107104.18",0.00331759402840198,0.0036532207657341,0.363810315062103
"chr9:83806560:83816996:clu_50829:ENSG00000165113.12",0.0068491505747885,0.00407604088715578,0.0928904179209751
"chr9:83665145:83669185:clu_50823:ENSG00000135018.13",0.00911458105384866,0.0040363481648889,0.0239378310721029
"chr9:63857268:63858467:clu_50663:ENSG00000215548.2",0.00820562536988948,0.0248910608083118,0.741655719307353
"chr9:27017050:27018647:clu_50333:ENSG00000096872.15",-0.00449864616364744,0.00325996023514988,0.167595991676476
"chr9:123452347:123454739:clu_51536:ENSG00000119522.16",0.00956861950483773,0.0045514578944304,0.0355252817640943
"chr9:120818163:120820839:clu_51436:ENSG00000095261.13",-0.00574291674143714,0.00497674088898626,0.248520125345633
"chr9:83641591:83643429:clu_50820:ENSG00000148057.15",0.0043133740361695,0.00542951556146789,0.426944717609524
"chr9:97675587:97682200:clu_51121:ENSG00000136936.10",-0.00765182039449357,0.00606643639627636,0.207187473156547
"chr9:131518957:131519389:clu_51945:ENSG00000130714.15",0.00124896544520522,0.00390548157365276,0.749121415516277
"chr9:133354957:133356133:clu_52034:ENSG00000148290.9",0.000754467896481433,0.00342651682586619,0.825727012521453
"chr9:91325404:91355883:clu_50940:ENSG00000148090.11",0.0154802755258228,0.00400762798419824,0.000112139438878889
"chr9:738504:740792:clu_50080:ENSG00000107104.18",-0.00152186471598251,0.00439188690923394,0.728953998393067
"chr9:136674807:136676585:clu_52229:ENSG00000169692.12",-0.00374992100234067,0.00312392290653689,0.229988509146494
"chr9:137256428:137256824:clu_52388:ENSG00000188986.6",0.00129074668743374,0.00291345314102965,0.65774414913118
"chr9:113275770:113276548:clu_51325:ENSG00000136875.12",0.000969414757403773,0.00325149005095223,0.765592671983796
"chr9:137112230:137112745:clu_52339:ENSG00000176978.13",0.00863713429567939,0.00489516735596357,0.0776611865125356
"chr9:136546371:136547839:clu_52217:ENSG00000237886.1",-0.000872369946664913,0.00269797087567847,0.746435506267424
"chr9:137214068:137214370:clu_52371:ENSG00000188566.13",0.0010346334573142,0.00340469985503471,0.761216346955341
"chr9:70286271:70297966:clu_50718:ENSG00000198887.8",0.00750840555237688,0.00537908083848551,0.162758798514788
"chr9:120870538:120873979:clu_51445:ENSG00000119403.13",5.61174771219576e-05,0.00402091150892366,0.988864759901879
"chr9:97478635:97480828:clu_51107:ENSG00000196116.7",-0.00134510525361382,0.00469731908845293,0.774605512105195
"chr9:35313989:35366947:clu_50473:ENSG00000198722.14",-0.00925109696977248,0.00517173401049001,0.0736501719242353
"chr9:133155312:133155901:clu_52023:ENSG00000160271.14",0.00609108675946483,0.0034539357506461,0.0778127303176984
"chr9:132612255:132618330:clu_51986:ENSG00000125485.17",0.00110371621619377,0.00341092171849205,0.746253774823952
"chr9:128323147:128325143:clu_51718:ENSG00000167113.10",-0.0118085710777432,0.0048906827322458,0.0157566671357621
"chr9:128325239:128325779:clu_51718:ENSG00000167113.10",-0.00426786387246798,0.00548647038515387,0.436634570649859
"chr9:129108077:129108763:clu_51826:ENSG00000095321.16",-0.00252573608225001,0.00382179917483002,0.508691715869399
"chr9:122371091:122371186:clu_51506:ENSG00000095303.14",0.00627286250390595,0.00483149017952546,0.194174398330129
"chr9:33328678:33332472:clu_50375:ENSG00000086102.18",-0.00138923395315438,0.00360952709171278,0.700326495492911
"chr9:78253277:78254836:clu_50795:ENSG00000148019.12",-0.00874554849829756,0.00502451900836576,0.0817582312643005
"chr9:77728667:77794463:clu_50790:ENSG00000156052.10",0.00490855403197228,0.00481756503232902,0.30825665070714
"chr9:111397153:111408571:clu_51274:ENSG00000136813.14",-0.00302938051760769,0.00372047609013539,0.415504385495044
"chr9:120861174:120861918:clu_51441:ENSG00000119403.13",0.000167510945854997,0.00363624966992241,0.963256885012927
"chr9:122851436:122853952:clu_51512:ENSG00000056586.15",0.00171607137299849,0.00393147454242947,0.662477184687065
"chr9:114396832:114398440:clu_51391:ENSG00000235119.1",-0.000318881736307135,0.00382012880010529,0.9334745867709
"chr9:114396832:114398440:clu_51391:ENSG00000106948.16",-0.000318881736307135,0.00382012880010529,0.9334745867709
"chr9:33262830:33264224:clu_50372:ENSG00000107262.18",0.00163855802224566,0.00486913861901359,0.736479470001114
"chr9:97650600:97651310:clu_51118:ENSG00000136937.12",-0.00921105747211096,0.00497378483195703,0.0640371421485643
"chr9:122204780:122213606:clu_51496:ENSG00000106852.15",0.00539111707013848,0.00406426445874155,0.184684701599282
"chr9:69248224:69249375:clu_50702:ENSG00000119139.17",0.00661362534032861,0.00554416315431333,0.232909025759332
"chr9:133554693:133555558:clu_52066:ENSG00000197859.9",-0.00716964261507376,0.00332160682974857,0.0308900476012551
"chr9:5929159:5944871:clu_50169:ENSG00000183354.11",-0.00446045725294089,0.00397195692987009,0.261442881365842
"chr9:79706899:79708118:clu_50801:ENSG00000106829.18",0.000463077111462422,0.00320091817790113,0.884971357722075
"chr9:125669907:125672316:clu_51588:ENSG00000119487.16",-0.0016598618288208,0.00495078937935931,0.737419795777209
"chr9:71685846:71690092:clu_50730:ENSG00000135048.13",-0.00164406827671377,0.00553287587719634,0.766355551364933
"chr9:71685393:71685743:clu_50730:ENSG00000135048.13",-0.0063787096463047,0.00541013140272366,0.238386052172394
"chr9:35091291:35092543:clu_50460:ENSG00000165282.13",-0.00151458882532879,0.00406478552675468,0.709437064407723
"chr9:35162305:35228015:clu_50469:ENSG00000198722.14",0.0115701987607981,0.00513510406102609,0.0242492135078295
"chr9:35403259:35403440:clu_50481:ENSG00000198722.14",-0.00571439690979213,0.00637376361662966,0.369959160677375
"chr9:137257054:137263037:clu_52388:ENSG00000188986.6",-0.00182920183410312,0.00294312497774884,0.534259596007639
"chr9:137345976:137348071:clu_52397:ENSG00000187609.15",0.0111348678616453,0.0037807627434808,0.00322810692991782
"chr9:137762820:137776618:clu_52468:ENSG00000181090.19",0.00513192745996679,0.0043699177696885,0.240244370667435
"chr9:137307263:137309607:clu_52396:ENSG00000187609.15",-0.00315098278044642,0.00362240202652641,0.384376894123989
"chr9:136941463:136941537:clu_52285:ENSG00000159069.13",0.000322211878106823,0.00299302620505908,0.914269991739824
"chr9:137114576:137114647:clu_52345:ENSG00000176978.13",-0.00674331259912553,0.00344995396013345,0.0506291855284856
"chr9:137310849:137323725:clu_52396:ENSG00000187609.15",0.00157622026298465,0.00367768032303418,0.66822098031602
"chr9:86353230:86354271:clu_50890:ENSG00000083223.17",-0.0106540670668281,0.00407981147216683,0.00901692922703956
"chr9:113374529:113375453:clu_51337:ENSG00000119431.9",0.00143715621498456,0.00446403473334526,0.747497322442988
"chr9:35556137:35556308:clu_50485:ENSG00000198853.11",0.00975042709446864,0.0044565377773902,0.0286774089738531
"chr9:34568981:34589555:clu_50427:ENSG00000122756.14",0.00945400936919114,0.00535179753814424,0.0773101531194297
"chr9:34665767:34678096:clu_50442:ENSG00000230074.1",-0.0248994174936122,0.00521579112716145,1.80734777255331e-06
"chr9:113171706:113173453:clu_51313:ENSG00000119321.8",-0.00529314601711627,0.00413044878305993,0.200020147903291
"chr9:95411677:95426724:clu_51048:ENSG00000158169.12",-0.00121264065063902,0.00641101692822608,0.849975645748186
"chr9:87969919:87970776:clu_50904:ENSG00000156345.17",0.00375639955829746,0.0039220676911773,0.338183792828999
"chr9:133414833:133417620:clu_52045:ENSG00000148300.11",0.000400457403665256,0.00337474601762929,0.905542370588268
"chr9:122227480:122228657:clu_51498:ENSG00000106852.15",0.00308697744511651,0.00372647994298669,0.407449861648618
"chr9:122285287:122285780:clu_51504:ENSG00000148187.17",-0.00082932786062426,0.00459555291797169,0.856788997672291
"chr9:122855878:122857923:clu_51513:ENSG00000056586.15",-0.00327349263549441,0.00358415008205161,0.361071819356641
"chr9:137309700:137310555:clu_52396:ENSG00000187609.15",0.000528240937622103,0.00367941893088493,0.88584287301353
"chr9:137307694:137309607:clu_52396:ENSG00000187609.15",0.00820697065596218,0.00439323820352869,0.061749327321915
"chr9:37860800:37861140:clu_50597:ENSG00000122741.15",0.00317085613725541,0.00357433393690247,0.375015349355237
"chr9:87727729:87727958:clu_50900:ENSG00000135047.14",-0.00349109597457291,0.00470933605171508,0.458503174308339
"chr9:87727729:87728027:clu_50900:ENSG00000135047.14",0.00292334901835961,0.00405137659801721,0.470559313197919
"chr9:76619387:76625023:clu_50772:ENSG00000106772.17",0.00384142534853625,0.00465121179162874,0.408862097668978
"chr9:128846859:128847433:clu_51789:ENSG00000171097.13",0.000880126399062537,0.00396212211802303,0.824208713297859
"chr9:97650600:97653798:clu_51118:ENSG00000136937.12",0.00270654388049702,0.00408249273229314,0.507353898039994
"chr9:120404113:120408347:clu_51422:ENSG00000136861.17",0.00347955788826976,0.00536095949002421,0.516302787432614
"chr9:125341264:125346819:clu_51583:ENSG00000165219.21",0.00365726688884238,0.00505300946343516,0.469200846282831
"chr9:111631743:111647107:clu_51285:ENSG00000059769.19",0.000273704618620079,0.00436019372464072,0.949946868569402
"chr9:121067564:121074754:clu_51455:ENSG00000106804.7",-0.00519643425522377,0.00430200806569923,0.227082267837723
"chr9:120833456:120842737:clu_51438:ENSG00000095261.13",-0.00903543708045603,0.00760953096189477,0.235076096544315
"chr9:120869945:120870443:clu_51444:ENSG00000119403.13",-0.00271156907355563,0.00478397824841582,0.570848621521439
"chr9:105348451:105356212:clu_51213:ENSG00000070214.15",0.00386899842043994,0.00425130285583159,0.362783705414632
"chr9:35725727:35732075:clu_50515:ENSG00000137076.20",-0.00413708763636242,0.00475186206143909,0.383959202555432
"chr9:35741059:35741672:clu_50525:ENSG00000070610.14",0.00135823341100769,0.00495426282077209,0.783965898163853
"chr9:35610300:35610602:clu_50493:ENSG00000137101.12",0.00923793559805667,0.00382946820438476,0.0158509892029874
"chr9:123450749:123452276:clu_51535:ENSG00000119522.16",-0.00234615041229495,0.00457863948834896,0.608362603419344
"chr9:32974561:32980066:clu_50361:ENSG00000137074.18",0.0079326194545325,0.00339718722736983,0.0195405410506776
"chr9:33387092:33395078:clu_50381:ENSG00000165269.12",-0.0241127513746192,0.00462031584569254,1.8003412416423e-07
"chr9:33960878:33963726:clu_50409:ENSG00000137073.21",0.0137633624018816,0.00480792437941558,0.00420126022354039
"chr9:134817831:134818656:clu_52118:ENSG00000130635.15",-0.00467494847657709,0.00283329189505126,0.0989417197230188
"chr9:133394409:133395600:clu_52041:ENSG00000198870.7",0.00269025925231605,0.0027384239734879,0.325897154309114
"chr9:35375201:35376028:clu_50475:ENSG00000198722.14",-0.00277059703995096,0.00438415982686715,0.527415490043668
"chr9:35685339:35685434:clu_50505:ENSG00000198467.13",0.00590295220577345,0.0061938489747823,0.340572554481252
"chr9:35560422:35560960:clu_50488:ENSG00000198853.11",-0.00873159447759975,0.00384744999169076,0.0232409888436409
"chr9:35560851:35560960:clu_50488:ENSG00000198853.11",0.00930870546860732,0.00353225832066495,0.00840527741528063
"chr9:35548535:35555060:clu_50485:ENSG00000198853.11",-0.0149732424974934,0.00485958949111889,0.00206185877182441
"chr9:109383551:109389233:clu_51255:ENSG00000070159.13",0.00885368472496125,0.00424994740134013,0.0372288318183839
"chr9:130104550:130107496:clu_51865:ENSG00000148358.19",-0.00135121616372183,0.00351647331856082,0.700790783188299
"chr9:129915980:129923844:clu_51859:ENSG00000187239.16",-0.000283731623824468,0.0032874223538406,0.931221391654164
"chr9:21008146:21010725:clu_50302:ENSG00000188921.13",0.0121835380782126,0.00434598897911154,0.00505671788258366
"chr9:32477131:32480219:clu_50354:ENSG00000107201.9",0.000118401283634956,0.00297529319181598,0.968256698870171
"chr9:32473065:32476983:clu_50354:ENSG00000107201.9",0.000669736025324825,0.00309258245019587,0.82854965595962
"chr9:96321341:96321998:clu_51075:ENSG00000130958.11",0.00451727286706742,0.00391209002570324,0.248215130516586
"chr9:114265110:114265422:clu_51374:ENSG00000196739.14",0.00474360367496738,0.00341329010893564,0.164606252476082
"chr9:127265021:127291168:clu_51608:ENSG00000136895.18",0.00109101857469003,0.00397049797820468,0.783484269862875
"chr9:133352766:133353749:clu_52032:ENSG00000148290.9",-0.00590124271078851,0.00315878342592221,0.0617340437757923
"chr9:113275770:113276545:clu_51325:ENSG00000136875.12",0.00130814313245878,0.00341405142880786,0.701597836240022
"chr9:36376127:36424613:clu_50566:ENSG00000137075.17",0.00446418069818727,0.00368948739425632,0.226289194502667
"chr9:35108737:35115671:clu_50466:ENSG00000005238.19",-0.002468359240297,0.00486581938580841,0.611954565800713
"chr9:36083562:36085175:clu_50554:ENSG00000122707.11",-0.00178297389147362,0.00440423207015961,0.685601036176694
"chr9:15486931:15489986:clu_50239:ENSG00000164985.14",-0.00522876305241239,0.00501944940523867,0.297550548134603
"chr9:33464161:33464879:clu_50386:ENSG00000165271.16",-0.00649545615681272,0.00438311470483742,0.138359711959366
"chr9:35786775:35790156:clu_50526:ENSG00000227388.2",0.000516136594130777,0.00294602527079447,0.860924360182665
"chr9:111397153:111408591:clu_51274:ENSG00000136813.14",0.00252130219394126,0.00416351231395193,0.544799683795135
"chr9:131863140:131884058:clu_51961:ENSG00000160563.13",0.00286631343235833,0.00401645983078939,0.475448732646172
"chr9:121121951:121123931:clu_51461:ENSG00000119397.16",0.000180646425808832,0.00459440900641424,0.968636256675766
"chr9:113194169:113196932:clu_51319:ENSG00000119321.8",0.00244550083396445,0.00345158574824355,0.478625400246307
"chr9:125747653:125748550:clu_51589:ENSG00000167081.16",0.00983076370901483,0.00473530023477324,0.0378884742631815
"chr9:129123138:129128985:clu_51827:ENSG00000119383.19",-0.00749800730074808,0.00487977609280933,0.124404180204572
"chr9:128788407:128791380:clu_51775:ENSG00000107021.15",-0.00163598958062125,0.00512472122531919,0.749548436518309
"chr9:104769021:104770849:clu_51201:ENSG00000165028.11",0.00912583780493631,0.00398201330084298,0.0219192205016282
"chr9:94098579:94101566:clu_51029:ENSG00000158079.14",0.00026136860282949,0.00468468032934841,0.955507352003276
"chr9:94101751:94104275:clu_51029:ENSG00000158079.14",-0.00563853567188282,0.00496720308242048,0.256311202062496
"chr9:136857298:136857367:clu_52273:ENSG00000177943.13",-0.00352686528336539,0.00297014627332595,0.235054801280509
"chr9:136745280:136745613:clu_52239:ENSG00000267206.5",-0.00165238876398603,0.00361366204444878,0.647483051611062
"chr9:137433607:137433750:clu_52420:ENSG00000188747.8",-0.00188582099990176,0.00377758117303123,0.617628708900024
"chr9:136857041:136857165:clu_52273:ENSG00000177943.13",0.00244296708803872,0.00326989471004645,0.454997893289321
"chr9:96004701:96038876:clu_51066:ENSG00000182150.15",0.00752583713445367,0.00468240855466252,0.107997852573029
"chr9:96004701:96012225:clu_51066:ENSG00000182150.15",-0.00757664801719507,0.00483607188607241,0.117186078712799
"chr9:18680516:18681812:clu_50261:ENSG00000178031.16",0.00837448288832868,0.00378852492685663,0.0270714222332268
"chr9:33332502:33338507:clu_50376:ENSG00000086102.18",-0.00770717860423308,0.00405150538697726,0.0571319487067575
"chr9:33332502:33338510:clu_50376:ENSG00000086102.18",0.00779629599380659,0.00386455278089878,0.0436552115748249
"chr9:96918826:96949555:clu_51093:ENSG00000196312.12",-0.005622962961966,0.00446162836251263,0.207563363531818
"chr9:128714365:128714562:clu_51761:ENSG00000160447.6",0.0017584916580204,0.00422361990651981,0.677156073738718
"chr9:128836105:128836802:clu_51771:ENSG00000171097.13",-0.00940754500052259,0.00478423168605025,0.0492564811967028
"chr9:129049498:129049827:clu_51814:ENSG00000148343.18",0.00789020944998288,0.00369521175038249,0.0327404055891078
"chr9:131518957:131519394:clu_51945:ENSG00000130714.15",0.00305361997091862,0.00423791868617329,0.471188218096881
"chr9:35707488:35707731:clu_50510:ENSG00000137076.20",0.00213807339851518,0.00589830572728799,0.71698633133452
"chr9:35490172:35546430:clu_50485:ENSG00000198853.11",0.00469389148017922,0.00474591002546764,0.322643919022935
"chr9:34649564:34649962:clu_50436:ENSG00000213930.11",-0.0172266940642804,0.00619318005498163,0.0054098540926697
"chr9:34649564:34649962:clu_50436:ENSG00000137070.17",-0.0172266940642804,0.00619318005498163,0.0054098540926697
"chr9:34581205:34590230:clu_50427:ENSG00000122756.14",-0.013454645355558,0.00748741224929496,0.0723405910472259
"chr9:34993444:34996265:clu_50446:ENSG00000137094.14",0.0142835783845806,0.00662785656509147,0.0311553707633339
"chr9:115064919:115073603:clu_51400:ENSG00000041982.15",0.00176416418564794,0.00358608750451328,0.622756969815047
"chr9:120467997:120470111:clu_51427:ENSG00000136861.17",0.000165319002948249,0.00414154082774813,0.968159082701167
"chr9:104786390:104786873:clu_51204:ENSG00000165029.15",0.00708397321125368,0.00392716626910781,0.0712566483913757
"chr9:125332629:125337018:clu_51581:ENSG00000165219.21",-0.00120189117521793,0.00511985608899162,0.814402025799209
"chr9:128921601:128921930:clu_51792:ENSG00000175287.18",-0.00175238332217261,0.00360235809062343,0.626644954072579
"chr9:128921668:128921930:clu_51792:ENSG00000175287.18",-3.88490479935939e-05,0.00329692595026258,0.990598412351143
"chr9:35717786:35718812:clu_50512:ENSG00000137076.20",0.0192285971878942,0.00803975962202357,0.0167710890422014
"chr9:34689839:34689930:clu_50443:ENSG00000172724.11",0.00122754880949242,0.00464429258724581,0.791538428134218
"chr9:35739800:35740012:clu_50523:ENSG00000070610.14",0.00347421399162413,0.00401403622925644,0.386755445164578
"chr9:34660600:34660804:clu_50439:ENSG00000137070.17",-0.0209816662966144,0.00637222990155195,0.000992399914606534
"chr9:133064762:133065040:clu_52012:ENSG00000170835.14",0.00067688825489673,0.00354696390958672,0.848654116127052
"chr9:123383913:123403402:clu_51533:ENSG00000119522.16",0.0111613479352337,0.0059591122245335,0.0610699899865266
"chr9:35808683:35808755:clu_50534:ENSG00000159899.14",-0.00461865808610598,0.00383299577375639,0.228213557092163
"chr9:35108737:35111269:clu_50466:ENSG00000005238.19",0.0300901609932931,0.00543447002935573,3.07858024628516e-08
"chr9:99886695:99894880:clu_51166:ENSG00000255145.2",-0.000795630740998048,0.00414279837013853,0.847701846149783
"chr9:98078347:98080816:clu_51129:ENSG00000095380.10",-0.00572768880678676,0.00390899176543892,0.142850027896274
"chr9:98199588:98200253:clu_51138:ENSG00000095383.19",0.0121814153512855,0.00436334186754074,0.00524217750163447
"chr9:120458622:120467860:clu_51426:ENSG00000136861.17",0.00563974077928273,0.00500095944633441,0.259433221961068
"chr9:33973237:33986760:clu_50409:ENSG00000137073.21",0.0215475304899549,0.00429806091465814,5.35003835899772e-07
"chr9:35077399:35078605:clu_50458:ENSG00000221829.9",-0.00612896166757322,0.00622381592753919,0.324742233823218
"chr9:15451402:15453041:clu_50235:ENSG00000164975.15",-0.00303364360959952,0.00318635853541529,0.341060330308418
"chr9:18892596:18905782:clu_50268:ENSG00000178031.16",-0.00720597954040492,0.00327496167262011,0.0277838556490152
"chr9:33352719:33354086:clu_50378:ENSG00000086102.18",0.00552329303218156,0.00376361290167676,0.142226287375429
"chr9:34665767:34680906:clu_50442:ENSG00000230074.1",0.00954480163867556,0.00426420443422516,0.0251979397336144
"chr9:33927992:33928372:clu_50405:ENSG00000137073.21",-0.0177272765325336,0.00536107683523721,0.000944142690718297
"chr9:33463991:33464879:clu_50386:ENSG00000165271.16",0.0065297003889201,0.00486739091176232,0.179751805121006
"chr9:35108737:35115805:clu_50466:ENSG00000005238.19",-0.00667598669714149,0.00400494288677729,0.0955269716029487
"chr9:35829955:35841134:clu_50546:ENSG00000137103.16",0.000374275768863915,0.00455675523672831,0.934538195876494
"chr9:35829955:35834461:clu_50546:ENSG00000137103.16",-0.00453676261345992,0.00411575545128795,0.270334925133956
"chr9:36376127:36390467:clu_50566:ENSG00000137075.17",-0.000365823321800304,0.00337623377698785,0.913716090132018
"chr9:36294559:36298739:clu_50563:ENSG00000122705.16",0.00614100606547837,0.00349440861158618,0.0788529498396439
"chr9:76655502:76703337:clu_50776:ENSG00000106772.17",-0.0031988524236744,0.0054068666788871,0.554099880346662
"chr9:81687434:81688217:clu_50809:ENSG00000196781.14",0.0072616796659967,0.00349553999601805,0.0377634722429602
"chr9:81685896:81687334:clu_50809:ENSG00000196781.14",-0.00396608724554959,0.00352051338688785,0.25992643426578
"chr9:83980891:83999709:clu_50845:ENSG00000178966.16",0.00268213523582181,0.00339710747106766,0.429799383669503
"chr9:90801893:90843858:clu_50932:ENSG00000165025.14",0.00564960930063824,0.00344735539107135,0.101249886142397
"chr9:92502652:92505533:clu_50978:ENSG00000106823.12",0.0150645365708814,0.00492911293219209,0.00224134128894882
"chr9:93306821:93308328:clu_51006:ENSG00000165238.16",-0.00144629279694167,0.00769752279376547,0.850962348405982
"chr9:93558010:93558581:clu_51018:ENSG00000048828.16",-0.0057659360683871,0.00497803395108237,0.246751519285541
"chr9:94620491:94639141:clu_51036:ENSG00000165140.9",-0.0174134426131704,0.00571337652920793,0.00230494616657995
"chr9:95107269:95111463:clu_51043:ENSG00000158169.12",-0.00360144662056928,0.00436451394105339,0.409277599283366
"chr9:95966714:95970576:clu_51064:ENSG00000182150.15",0.000272782920901357,0.00332979202386361,0.934708811718767
"chr9:100321771:100326289:clu_51184:ENSG00000136891.13",-0.0117079298112017,0.00429417606383669,0.00640163318285192
"chr9:108970494:108972675:clu_51247:ENSG00000119326.14",-0.00335679574049466,0.00313352353575256,0.284055793840788
"chr9:121760439:121763505:clu_51484:ENSG00000136848.16",0.00587727918288941,0.0045745408379986,0.198869126968383
"chr9:127874649:127885186:clu_51669:ENSG00000106992.17",0.00651275710299651,0.00721388845664333,0.366627738814563
"chr9:127496095:127497253:clu_51629:ENSG00000148356.13",-0.00105551333743947,0.00364212089935655,0.771963639031155
"chr9:128160486:128163443:clu_51693:ENSG00000171159.4",-0.00633237110382112,0.00430781836122884,0.141569417291448
"chr9:129142117:129142445:clu_51828:ENSG00000119383.19",0.00816982216984807,0.00481626002007566,0.0898290687912245
"chr9:127747271:127749211:clu_51648:ENSG00000095370.19",-0.00437505405966427,0.00517700969430042,0.398058980377367
"chr9:127925979:127927153:clu_51677:ENSG00000167103.11",0.00972330719354748,0.00430684625323468,0.023968129842689
"chr9:128250940:128253101:clu_51711:ENSG00000106976.20",0.00759652605419485,0.00416988376068109,0.0684914599595137
"chr9:125153985:125171085:clu_51573:ENSG00000119414.11",0.00458315077625902,0.00643714744005028,0.476474222797498
"chr9:124302054:124312509:clu_51542:ENSG00000119408.16",-0.00471916748676115,0.00548186014924344,0.389309792872952
"chr9:129108077:129108408:clu_51826:ENSG00000095321.16",-0.0016534968612711,0.00439523192285926,0.706766420603734
"chr9:83666433:83669185:clu_50823:ENSG00000135018.13",0.00547060002144309,0.00338010100161614,0.10556084031365
"chr9:137456486:137457407:clu_52427:ENSG00000165802.21",0.0057398147865214,0.00360897349541094,0.111738220243952
"chr9:137540722:137542642:clu_52450:ENSG00000130653.15",0.000782258412490577,0.00347533703487692,0.821910424361844
"chr9:137183242:137183672:clu_52361:ENSG00000176248.8",-0.00818338475272807,0.00360527569697305,0.0232175322905522
"chr9:34647258:34647492:clu_50434:ENSG00000213930.11",-0.0046263546460043,0.00503335778296886,0.358022954856819
"chr9:35074462:35074927:clu_50455:ENSG00000221829.9",0.0125265242056004,0.00632967986877039,0.0478144455193952
"chr9:35398642:35398882:clu_50480:ENSG00000198722.14",-0.00401485756881232,0.0048279107528199,0.405638623105078
"chr9:35842717:35845975:clu_50546:ENSG00000137103.16",0.000604566387507761,0.00460844712042413,0.895627716851442
"chr9:34646867:34647089:clu_50433:ENSG00000213930.11",-0.003202873776053,0.00506340384763121,0.52702526742586
"chr9:39074011:39075618:clu_50611:ENSG00000106714.17",0.00241102656067145,0.00458382351568828,0.598898000172309
"chr9:39074011:39078385:clu_50611:ENSG00000106714.17",-0.00311144634397396,0.00450653486871288,0.489923889542898
"chr9:39149977:39165933:clu_50615:ENSG00000106714.17",-0.000369140403847684,0.00546573429264535,0.946154046292574
"chr9:96760477:96763118:clu_51088:ENSG00000081386.12",-0.000199729824376234,0.00508152243889487,0.968647128504287
"chr9:96514369:96515649:clu_51081:ENSG00000081377.16",-0.00615666265947927,0.00521249123581725,0.237548577919169
"chr9:136856149:136856257:clu_52271:ENSG00000177943.13",2.66038200266022e-05,0.00303789894330188,0.993012767593109
"chr9:137243788:137244171:clu_52381:ENSG00000188163.7",0.0099485695211109,0.00314489190924992,0.00155934770166044
"chr9:137243568:137244171:clu_52381:ENSG00000188163.7",-0.00905834233491832,0.00309991367475825,0.003476494318986
"chr9:137613510:137613615:clu_52461:ENSG00000197070.13",-0.014533440203752,0.00545234870691305,0.00768653475041225
"chr9:137613006:137613460:clu_52461:ENSG00000197070.13",0.0130083790616162,0.00577048126485508,0.0241774849567995
"chr9:137351528:137352066:clu_52402:ENSG00000187609.15",-0.00163985069144023,0.00307742395234671,0.594127219948168
"chr9:129338917:129341832:clu_51833:ENSG00000233901.5",0.00575789761883048,0.00310519793144487,0.0636995172176197
"chr9:34648907:34648998:clu_50435:ENSG00000213930.11",0.00867295613214445,0.00623703947425579,0.164359937975611
"chr9:130697627:130698162:clu_51904:ENSG00000130713.15",0.00435933109363649,0.00342999971861926,0.203749242617426
"chr9:35658727:35658972:clu_50498:ENSG00000159884.11",-0.00466889026391535,0.00365695840247638,0.201703210497029
"chr9:137455634:137456411:clu_52426:ENSG00000165802.21",-0.00209994607263445,0.00382958475914865,0.583452807915591
"chr9:128180814:128185547:clu_51701:ENSG00000148337.20",0.0169911493472576,0.00525290204329515,0.00121804127597092
"chr9:128180799:128185547:clu_51701:ENSG00000148337.20",-0.0165937500859718,0.00506725746770421,0.00105774084205301
"chr9:100442356:100450557:clu_51191:ENSG00000066697.14",0.01515014859943,0.00562753913015232,0.00709941750732235
"chr9:100442356:100450557:clu_51191:ENSG00000241697.4",0.0110762786769824,0.0051293796503594,0.0308207156349448
"chr9:132595112:132612087:clu_51985:ENSG00000125485.17",-0.00355212508738732,0.00366514666123899,0.332463793208345
"chr9:137366608:137366693:clu_52407:ENSG00000187609.15",0.000246367099989401,0.00413885533631104,0.952533619566851
"chr9:137495146:137497187:clu_52441:ENSG00000130653.15",0.0128331778632847,0.00329228068704096,9.70065031414835e-05
"chr9:35370396:35375127:clu_50475:ENSG00000198722.14",0.00870281619704091,0.00463781325947643,0.0605878492754882
"chr9:35699461:35699974:clu_50508:ENSG00000137076.20",3.67620213147902e-06,0.00448325960684018,0.999345747324129
"chr9:35699156:35699356:clu_50508:ENSG00000137076.20",0.00028266789198634,0.00440199275882103,0.948800132273176
"chr9:34220948:34234216:clu_50415:ENSG00000165006.13",0.00295510336636514,0.00407724787817974,0.46858766204046
"chr9:35711394:35711595:clu_50511:ENSG00000137076.20",0.0036719929229415,0.00703580909190179,0.601739546834036
"chr9:134864663:134883302:clu_52122:ENSG00000160339.15",-0.00140673056632179,0.00201688462165826,0.48550434968635
"chr9:136854076:136854211:clu_52269:ENSG00000177943.13",-0.00346433515716637,0.00340636273862186,0.309144456393306
"chr9:137272222:137272507:clu_52391:ENSG00000188986.6",0.00923715663201737,0.00411974244757787,0.0249504859296492
"chr9:35093580:35093901:clu_50461:ENSG00000165282.13",0.00740869266279884,0.00479497872449746,0.122323537890349
"chr9:35092767:35093030:clu_50461:ENSG00000165282.13",0.00755155325806298,0.00435400561813204,0.0828485231837643
"chr9:128640939:128656541:clu_51754:ENSG00000119333.11",-0.00606793859314003,0.00546570155779359,0.266919416896546
"chr9:128640939:128656541:clu_51754:ENSG00000234705.1",-0.00664188698614726,0.00537024452438778,0.216163516231877
"chr9:95086119:95086682:clu_51042:ENSG00000148120.16",0.000885222912047947,0.00607643130494515,0.884172919314267
"chr9:94441099:94444964:clu_51033:ENSG00000148110.15",-0.00611691336982503,0.00581684832131381,0.292989761692865
"chr9:127712875:127713020:clu_51641:ENSG00000160401.14",-0.0105510634996154,0.00363436254169729,0.00369441369495949
"chr9:128461010:128469183:clu_51733:ENSG00000136811.16",0.000797222734686338,0.00408351365768336,0.845213208063892
"chr9:128527525:128533513:clu_51740:ENSG00000119392.14",0.00451827740746944,0.00444127006854654,0.308992172914441
"chr9:135881794:135882816:clu_52145:ENSG00000130559.18",0.00259131227910309,0.00307027807933541,0.398669846027418
"chr9:121678781:121699325:clu_51483:ENSG00000136848.16",-0.017340335201857,0.00493588120993859,0.000442880040439131
"chr9:93667240:93673585:clu_51025:ENSG00000197724.10",-0.00822831107721309,0.00511559492499975,0.107730993437504
"chr9:120826907:120829099:clu_51437:ENSG00000095261.13",-0.00124113374832826,0.0044714511692559,0.781343657778627
"chr9:35066817:35067891:clu_50453:ENSG00000165280.15",0.0156252742269393,0.00547458685185414,0.00431525938268451
"chr9:77315470:77316174:clu_50784:ENSG00000197969.11",-0.00458545134426423,0.00483769598940718,0.343201485888178
"chr9:83944989:83945098:clu_50839:ENSG00000165118.14",-0.00988428920260768,0.00427549379050332,0.0207860942613641
"chr9:137214444:137214570:clu_52372:ENSG00000188566.13",-0.00312643197054768,0.00335297284342372,0.351111342177769
"chr9:128371415:128377995:clu_51724:ENSG00000167118.10",0.00595458011678881,0.00454007347142394,0.18966853605621
"chr9:128266325:128267194:clu_51714:ENSG00000167110.17",-0.00210086533587034,0.00512563296442756,0.681898142726343
"chr9:137366632:137367936:clu_52407:ENSG00000187609.15",-0.000766950360679701,0.00274060035280487,0.779594450348677
"chr9:33963791:33971651:clu_50409:ENSG00000137073.21",-0.0115248836257607,0.0035906989017365,0.00132897085048067
"chr9:33944639:33953285:clu_50408:ENSG00000137073.21",-0.0130243541997145,0.00648563618658429,0.0446236872410041
"chr9:35093209:35093421:clu_50461:ENSG00000165282.13",-0.0119560998895189,0.00362897277416634,0.000985535397707071
"chr9:35090284:35090466:clu_50459:ENSG00000165282.13",-0.000408914334348817,0.00672992914232704,0.951549892427173
"chr9:34653999:34655218:clu_50436:ENSG00000213930.11",-0.010884512681064,0.00737968852962079,0.140231776365297
"chr9:34653999:34655218:clu_50436:ENSG00000137070.17",-0.010884512681064,0.00737968852962079,0.140231776365297
"chr9:35853257:35853505:clu_50549:ENSG00000137103.16",0.00100423405810247,0.00443703710211017,0.82094486333224
"chr9:35852973:35853141:clu_50549:ENSG00000137103.16",-0.00305081570594728,0.00385303589788946,0.428480044604321
"chr9:37080038:37086668:clu_50567:ENSG00000281649.1",0.00545264817979694,0.0038352002943269,0.155102461779703
"chr9:96551872:96562693:clu_51083:ENSG00000081377.16",0.00123062738084073,0.00442398667666966,0.78088064711914
"chr9:113206578:113207212:clu_51321:ENSG00000119321.8",-0.00429082753609608,0.00388674424238523,0.269608551760142
"chr9:127682560:127690775:clu_51638:ENSG00000136854.19",-0.00118406282071445,0.0050088275023769,0.813126014072721
"chr9:127910058:127912268:clu_51674:ENSG00000136840.18",0.0101022215984209,0.00462418504367052,0.0289145864220007
"chr9:128371415:128378036:clu_51724:ENSG00000167118.10",-0.004440586302036,0.0041723743068229,0.287200597369575
"chr9:83793017:83799185:clu_50828:ENSG00000165113.12",-0.0107509175260155,0.00544911540644211,0.0484994758955647
"chr9:35741890:35744297:clu_50525:ENSG00000070610.14",-0.0158316763999496,0.00353505305387752,7.51752170635722e-06
"chr9:134786048:134789155:clu_52110:ENSG00000130635.15",-0.000333038494396421,0.00256045906794005,0.896511173701328
"chr9:131503073:131504189:clu_51940:ENSG00000130714.15",0.00370530756954034,0.00337734605080297,0.27259493432769
"chr9:133155312:133155901:clu_52023:ENSG00000148288.11",0.00510883968976123,0.00350426783648839,0.144870656670597
"chr9:129814222:129818353:clu_51845:ENSG00000136827.11",0.00716359280265228,0.00453532363449861,0.114218934177068
"chr9:15447244:15451320:clu_50235:ENSG00000164975.15",-0.00530669043133983,0.00404697018607003,0.189764904806839
"chr9:34652057:34655218:clu_50436:ENSG00000213930.11",-0.00961630823005777,0.00666082975888927,0.148820495544085
"chr9:34652057:34655218:clu_50436:ENSG00000137070.17",-0.00961630823005777,0.00666082975888927,0.148820495544085
"chr9:34660936:34661482:clu_50439:ENSG00000137070.17",0.00743674140404861,0.00584637984511853,0.203364231870258
"chr9:35074216:35074371:clu_50455:ENSG00000221829.9",-0.00690276348002235,0.00370085099889506,0.0621557912382489
"chr9:34637089:34637267:clu_50432:ENSG00000147955.16",0.0152237829569039,0.00600206941627776,0.0111991579112178
"chr9:35842717:35845808:clu_50546:ENSG00000137103.16",0.00431966195938321,0.00434518952547391,0.32016196828111
"chr9:38604916:38607426:clu_50609:ENSG00000180071.19",-0.00289664966782664,0.00435884678709366,0.506341582552289
"chr9:6497103:6497198:clu_50178:ENSG00000147854.16",-0.0114856501077329,0.00576735047450784,0.0464264853390171
"chr9:96541892:96551796:clu_51083:ENSG00000081377.16",-0.00117305045031538,0.00445430046307553,0.792279021424426
"chr9:120778545:120787769:clu_51433:ENSG00000119402.16",-0.00683847636350863,0.00562278341536526,0.223905548549801
"chr9:121758996:121759885:clu_51484:ENSG00000136848.16",-0.00639299141004117,0.00418014091078274,0.12617219367097
"chr9:120470217:120471748:clu_51427:ENSG00000136861.17",-0.0164783101242021,0.00611512918919813,0.00704564741585523
"chr9:124475615:124476357:clu_51552:ENSG00000180264.11",-0.000348321056029232,0.0038050042869663,0.927061234852838
"chr9:124976186:124994934:clu_51569:ENSG00000173611.17",-0.000193839621130918,0.00539365238292103,0.971331420042475
"chr9:125295574:125298890:clu_51577:ENSG00000165219.21",0.00754642647755648,0.0049512498989479,0.127472306988542
"chr9:127874649:127877623:clu_51669:ENSG00000106992.17",-0.00328302338389498,0.0075797118220111,0.664918143883325
"chr9:127739888:127740258:clu_51646:ENSG00000095370.19",-0.00120185382832086,0.00501002919273516,0.810415854428814
"chr9:128101396:128102370:clu_51684:ENSG00000148339.12",-0.00786489912235836,0.00476813324501987,0.0990511104401178
"chr9:128909321:128916096:clu_51791:ENSG00000136802.11",0.0130205780678681,0.00534705271774929,0.0148879055665935
"chr9:127925260:127925958:clu_51677:ENSG00000167103.11",-0.00571752393129501,0.00555698231228825,0.303531334176411
"chr9:128753959:128755408:clu_51774:ENSG00000160445.10",0.000581757463176815,0.00396517703026699,0.883355681473202
"chr9:128609284:128609651:clu_51745:ENSG00000197694.15",-0.0278161198772,0.00777932372811065,0.000349362056551561
"chr9:129342043:129347226:clu_51833:ENSG00000233901.5",-0.00252829872126242,0.0040628508544607,0.533746783924877
"chr9:129720774:129722217:clu_51842:ENSG00000167157.10",-0.00165726038901932,0.00382445198802777,0.664773031539343
"chr9:96336784:96343904:clu_51076:ENSG00000130958.11",-0.00572344888092058,0.00488861610818637,0.241690927029211
"chr9:100246787:100252283:clu_51178:ENSG00000119509.12",0.00955751533742771,0.00519886408221884,0.0660056487771682
"chr9:133333806:133334392:clu_52029:ENSG00000148296.6",-0.00375944045127182,0.00283581731217497,0.184939386507706
"chr9:136792030:136792251:clu_52241:ENSG00000244187.7",-0.00420225598105912,0.00321519090150021,0.19121255591117
"chr9:136224909:136226774:clu_52159:ENSG00000165661.16",0.0036344140385894,0.00289626207722755,0.209528257017284
"chr9:137351528:137352620:clu_52402:ENSG00000187609.15",-0.00538528583943054,0.00340152802905915,0.113376779812437
"chr9:137547659:137550168:clu_52452:ENSG00000130653.15",-0.00186522336589198,0.00456213311291213,0.682650509400643
"chr9:137501057:137501650:clu_52444:ENSG00000130653.15",0.00231257660363688,0.00441790248141569,0.600657113586182
"chr9:73154581:73158522:clu_50750:ENSG00000135046.13",0.0100407584802496,0.00637568218171262,0.115290514564832
"chr9:77382087:77382279:clu_50787:ENSG00000197969.11",0.0100619323204704,0.00414902918563149,0.0153029345722022
"chr9:78265906:78266442:clu_50797:ENSG00000148019.12",-0.0047295992894826,0.00451386653431224,0.294733831917201
"chr9:137464456:137467317:clu_52435:ENSG00000130653.15",-0.00387946463388488,0.00482486281407157,0.421364066971687
"chr9:137452435:137452553:clu_52424:ENSG00000165802.21",0.000607375378473272,0.00353248456033778,0.863484703134416
"chr9:137522857:137540642:clu_52449:ENSG00000130653.15",-0.00637543218811167,0.00437566031837206,0.145110380669135
"chr9:137711030:137716626:clu_52465:ENSG00000181090.19",-0.00234696533766364,0.00429143225193905,0.584450471360245
"chr9:132271808:132275256:clu_51974:ENSG00000107290.13",0.00241164235789155,0.00424774730592798,0.570207321239257
"chr9:65693473:65698515:clu_50671:ENSG00000147996.16",-0.0297033112423185,0.0435430919542397,0.495138428733973
"chr9:65692608:65693386:clu_50671:ENSG00000147996.16",0.0261343123099752,0.0407224564452574,0.521024740712058
"chr9:65698561:65700251:clu_50672:ENSG00000147996.16",-0.00958581129795842,0.028263141736852,0.734486957896444
"chr9:62376813:62386774:clu_50649:ENSG00000227449.8",0.000345285493894097,0.0209661517928624,0.986860463735984
"chr9:62376813:62432876:clu_50649:ENSG00000227449.8",0.00852966470614551,0.0204417579731581,0.676483349327819
"chr9:17487066:17502551:clu_50257:ENSG00000044459.14",-0.00544349595512262,0.00394452633160591,0.167582771886525
"chr9:35295930:35310467:clu_50472:ENSG00000198722.14",0.0061791856238004,0.00587152508860884,0.292616645079298
"chr9:34568981:34581095:clu_50427:ENSG00000122756.14",0.0177621306402414,0.0048978706117442,0.000287288168520861
"chr9:35090280:35090466:clu_50459:ENSG00000165282.13",0.00178514233247868,0.00507822421662188,0.725191630606119
"chr9:35089450:35090066:clu_50459:ENSG00000165282.13",0.00213852176618183,0.00486313449095381,0.660124384832167
"chr9:34220948:34241185:clu_50415:ENSG00000165006.13",0.00758810279519724,0.00383858841503429,0.048064795053518
"chr9:34646786:34647089:clu_50433:ENSG00000213930.11",-0.0123681975880117,0.00616237158401089,0.0447441717518631
"chr9:35075754:35075962:clu_50456:ENSG00000221829.9",0.00494026022667248,0.00497959258755952,0.321148117635684
"chr9:34635858:34637220:clu_50432:ENSG00000147955.16",-0.0252596573880859,0.00698377739488389,0.000298146994460291
"chr9:37327834:37349357:clu_50569:ENSG00000147905.17",0.002824833554715,0.0036563556758552,0.439769966724132
"chr9:96776245:96778034:clu_51090:ENSG00000196597.11",0.00696180953898903,0.00422892079937845,0.0997147967845227
"chr9:96776245:96778034:clu_51090:ENSG00000081386.12",0.00696180953898903,0.00422892079937845,0.0997147967845227
"chr9:125158382:125160841:clu_51573:ENSG00000119414.11",0.0190733894763739,0.0055806175442821,0.000631313551865076
"chr9:127682560:127684368:clu_51638:ENSG00000160401.14",-0.0118062748671033,0.00383181682877747,0.00206225796460358
"chr9:127714282:127714379:clu_51640:ENSG00000187024.13",7.38844476631763e-05,0.00481269448876183,0.987751363679547
"chr9:127459071:127461173:clu_51623:ENSG00000148356.13",-0.00275122647237925,0.00506421772445569,0.586945424231969
"chr9:128169519:128169623:clu_51697:ENSG00000148337.20",0.00614902473381061,0.00520338596135298,0.23731075744386
"chr9:127894629:127896242:clu_51672:ENSG00000160408.14",-0.00828675462743511,0.00481730384860496,0.0853950162376033
"chr9:128266020:128266287:clu_51714:ENSG00000167110.17",0.0243095186595704,0.00517716105173003,2.6591542424681e-06
"chr9:128190862:128191432:clu_51703:ENSG00000148337.20",-0.00640639557815076,0.00489065555128283,0.190220959454281
"chr9:127682560:127690775:clu_51638:ENSG00000160401.14",-0.00301199021114567,0.00530273789233426,0.57003047485411
"chr9:127734564:127735120:clu_51644:ENSG00000160404.17",-0.00686677500515955,0.00442854009716785,0.121004030449435
"chr9:127896332:127897238:clu_51673:ENSG00000160408.14",-0.00452418499309891,0.00521661932178039,0.385797497176881
"chr9:127383545:127385027:clu_51612:ENSG00000136895.18",0.000631285921713329,0.00337966442796855,0.851825658225476
"chr9:127761650:127762121:clu_51649:ENSG00000095370.19",-0.0027082924471126,0.00667102344657161,0.684758358774387
"chr9:127807087:127807421:clu_51654:ENSG00000136877.14",-0.00910488372085555,0.00506341736770768,0.07215011861137
"chr9:127816053:127817134:clu_51659:ENSG00000106991.13",-0.000698559206714553,0.00427275143387835,0.870131342473767
"chr9:128239996:128240427:clu_51707:ENSG00000106976.20",0.00540433623657327,0.00513625782758321,0.292710858240348
"chr9:128806311:128807814:clu_51778:ENSG00000107021.15",-0.0101106510489475,0.0045805940456648,0.0272945429494224
"chr9:128431264:128434102:clu_51730:ENSG00000167123.18",-0.00377924764736053,0.00479641316642577,0.43073645433485
"chr9:128591625:128592983:clu_51744:ENSG00000197694.15",0.011204923797476,0.00640452325648141,0.0801989563458838
"chr9:129010693:129012236:clu_51807:ENSG00000148341.17",-0.00226253683182189,0.00395607201217738,0.567379577316991
"chr9:129010765:129012236:clu_51807:ENSG00000148341.17",0.00328377188138855,0.0039970678247719,0.411335789575185
"chr9:96324169:96336717:clu_51076:ENSG00000130958.11",0.00385157947007475,0.00485297139795587,0.427396969507729
"chr9:95907271:95915668:clu_51059:ENSG00000182150.15",0.00366066123162761,0.00429962154689787,0.394551912747403
"chr9:104858698:104861679:clu_51208:ENSG00000165029.15",-0.00889451415099776,0.00443388119806648,0.0448526755568077
"chr9:92251885:92256680:clu_50962:ENSG00000196305.17",0.000401008989380165,0.00607385639341566,0.947360199755643
"chr9:92112562:92115314:clu_50953:ENSG00000090054.13",-0.00541528813300875,0.0055111417485154,0.325800748450137
"chr9:92229126:92240856:clu_50957:ENSG00000196305.17",0.00368961879357135,0.00566763272608897,0.515047638509587
"chr9:133768596:133770378:clu_52077:ENSG00000160293.16",0.00533935067423058,0.0028333077493504,0.0594982228229939
"chr9:136219164:136221796:clu_52158:ENSG00000165661.16",0.00177663692658019,0.0035367110579745,0.615427284261253
"chr9:137352786:137352873:clu_52403:ENSG00000187609.15",-0.00498339572586929,0.00398325747683832,0.210903280217109
"chr9:137800984:137802857:clu_52472:ENSG00000181090.19",-0.000854401040290514,0.00469520211927098,0.855603743650212
"chr9:137484736:137489137:clu_52437:ENSG00000130653.15",-0.00352582228679227,0.0040971618874247,0.389484639851971
"chr9:137008868:137008951:clu_52303:ENSG00000107331.16",0.00222903571373043,0.00324035677159998,0.491516866234162
"chr9:137498245:137500691:clu_52443:ENSG00000130653.15",0.00272585659487103,0.00361308509941821,0.450584948838029
"chr9:137373599:137374540:clu_52410:ENSG00000187609.15",-0.000265020759927482,0.0038716903235509,0.945426689511588
"chr9:75088726:75117504:clu_50760:ENSG00000134996.11",-0.0107425190969431,0.00324949781839466,0.00094671425778925
"chr9:137455307:137455629:clu_52426:ENSG00000165802.21",-0.00367003552816008,0.00387015211906063,0.342980660020625
"chr9:137811615:137813006:clu_52472:ENSG00000181090.19",-0.000554706060809429,0.00374383458488549,0.882212382209262
"chr9:137798914:137800880:clu_52471:ENSG00000181090.19",0.000878040097186694,0.00638292523352425,0.890587563282686
"chr9:128260971:128261172:clu_51713:ENSG00000167110.17",-0.00655973740691032,0.00568755142929193,0.248766757682424
"chr9:131503073:131506403:clu_51940:ENSG00000130714.15",0.00477017724022643,0.00576968447552183,0.408369873070086
"chr9:33928612:33932562:clu_50405:ENSG00000137073.21",-0.00543838049523383,0.00540093401044975,0.313966811392529
"chr9:20976548:20981426:clu_50301:ENSG00000188352.12",0.00171854344614156,0.00559405366035925,0.758684320690553
"chr9:32571052:32572881:clu_50359:ENSG00000165264.10",-0.00380830451966229,0.00431293925659241,0.377238882707818
"chr9:34660600:34660854:clu_50439:ENSG00000137070.17",0.0018924757872157,0.00673884149045756,0.778840003548154
"chr9:34093448:34096716:clu_50413:ENSG00000198876.12",-0.0116182905040767,0.00391591684987333,0.00300779607651336
"chr9:35366993:35370318:clu_50474:ENSG00000198722.14",0.00667968676247607,0.00703836542524258,0.342600525722334
"chr9:35074494:35074927:clu_50455:ENSG00000221829.9",-0.00543629076177545,0.00496155620054362,0.273217703096785
"chr9:34611332:34611860:clu_50430:ENSG00000164967.9",-0.0174521333787572,0.00619332746242453,0.00483399337619406
"chr9:36065624:36080605:clu_50553:ENSG00000122707.11",0.0120390056733156,0.00501918212139229,0.0164579228312706
"chr9:34611332:34612064:clu_50430:ENSG00000164967.9",0.0215816046071119,0.00590338941098304,0.000256382269677613
"chr9:34618760:34620369:clu_50431:ENSG00000137100.15",0.0258473084632688,0.0066189298387746,9.42025802830315e-05
"chr9:34649031:34649410:clu_50435:ENSG00000213930.11",-0.0118066552978741,0.00683689941332239,0.084185264477862
"chr9:37080030:37086668:clu_50567:ENSG00000281649.1",-0.00232993473954429,0.00401860964141604,0.562058750122752
"chr9:95923379:95928079:clu_51061:ENSG00000182150.15",0.00177332047177424,0.00570083078056188,0.755752335515276
"chr9:97478573:97480828:clu_51107:ENSG00000196116.7",-0.00147485113614093,0.00470235417124094,0.753793704603473
"chr9:96509789:96515649:clu_51081:ENSG00000081377.16",0.000645974039486755,0.00406380266749295,0.87370194573044
"chr9:121341408:121348015:clu_51475:ENSG00000148175.12",-0.00493686556298506,0.00460928517878049,0.284138103772061
"chr9:121651899:121678678:clu_51482:ENSG00000136848.16",0.00101115845284359,0.00557760639431517,0.85614077245782
"chr9:125213522:125220539:clu_51575:ENSG00000136933.16",0.00569503513696394,0.00492778886615686,0.247804756353613
"chr9:125203066:125207564:clu_51575:ENSG00000136933.16",-0.00352699983322003,0.00479922273360215,0.46239392016556
"chr9:125153985:125158241:clu_51573:ENSG00000119414.11",-0.00684689993821817,0.00518354225430211,0.186537349114713
"chr9:124971844:124976114:clu_51568:ENSG00000173611.17",-0.0102222048395941,0.00382474201674133,0.00752542471866346
"chr9:127397286:127397376:clu_51614:ENSG00000136856.17",-0.00115780063774539,0.00456222278947601,0.799665569739394
"chr9:127761650:127771186:clu_51649:ENSG00000095370.19",-0.00908117969534718,0.00530444212879189,0.0868975449732788
"chr9:127887591:127894512:clu_51671:ENSG00000160408.14",-0.0102668022932478,0.00694156736367422,0.139131684269427
"chr9:128507340:128508876:clu_51738:ENSG00000119392.14",0.00424255344812996,0.00500044616374052,0.396195767892508
"chr9:100060172:100098784:clu_51173:ENSG00000023318.7",-0.00143169442824918,0.00561478165381181,0.79873340147681
"chr9:100229827:100240060:clu_51176:ENSG00000119509.12",-0.00571473857522425,0.00731638883880306,0.43475113711582
"chr9:95897971:95907078:clu_51059:ENSG00000182150.15",-0.0136555909323416,0.00448398319349215,0.0023235923101278
"chr9:96534542:96539078:clu_51082:ENSG00000081377.16",0.00464751479630827,0.00431724423005174,0.281703557743598
"chr9:104803316:104804626:clu_51205:ENSG00000165029.15",-0.014866897966404,0.0037618481975474,7.74943780715853e-05
"chr9:91726743:91730944:clu_50944:ENSG00000169071.14",0.0106275584673798,0.00540159336343706,0.0491272265485923
"chr9:91726743:91730910:clu_50944:ENSG00000169071.14",-0.0044876133802737,0.00535300270838989,0.401842179792022
"chr9:92310675:92314267:clu_50972:ENSG00000198000.11",0.0131545405503047,0.00639411772034304,0.0396585475981953
"chr9:92285839:92286536:clu_50966:ENSG00000196305.17",-0.00462859478017045,0.00412946366229426,0.262342909078882
"chr9:92311259:92314267:clu_50972:ENSG00000198000.11",0.00259838074531724,0.00503515592330324,0.605821078956706
"chr9:94456337:94458322:clu_51034:ENSG00000148110.15",0.000568987664610899,0.00431097325748034,0.894995448135152
"chr9:137790970:137798813:clu_52470:ENSG00000181090.19",-0.00601252732009618,0.00482990336041179,0.213185209045283
"chr9:137354773:137356268:clu_52405:ENSG00000187609.15",-0.0101425103154586,0.00312044697706773,0.00115267539659891
"chr9:137454443:137456411:clu_52426:ENSG00000165802.21",0.00941050891452876,0.00615064312642919,0.126015725607858
"chr9:137272222:137272423:clu_52391:ENSG00000188986.6",-0.00971212378109653,0.00437718063813994,0.0264997838732597
"chr9:136949668:136952320:clu_52290:ENSG00000184925.11",-0.000818449309346056,0.00372182924502781,0.82594504818815
"chr9:41924093:41929317:clu_50641:ENSG00000154529.14",-0.0734250612375872,0.0735421679307569,0.318081737573927
"chr9:40994699:41007440:clu_50629:ENSG00000276291.5",-0.0202202001458976,0.0258826632817147,0.434669796986591
"chr9:34690023:34690210:clu_50443:ENSG00000172724.11",-0.000890024821925245,0.00454468263085691,0.844736403919715
"chr9:96654773:96655090:clu_51086:ENSG00000158122.11",0.0129641297845849,0.0053047308061031,0.0145302262702504
"chr9:121699458:121757013:clu_51483:ENSG00000136848.16",0.0130504375593823,0.00445452173172751,0.00339283206824903
"chr9:120897811:120901890:clu_51446:ENSG00000119403.13",-0.00469755569090733,0.00603830145812056,0.436592722737224
"chr9:124873764:124874975:clu_51558:ENSG00000136950.13",0.0114952775115645,0.00564281446847206,0.0416346927618092
"chr9:124875151:124876878:clu_51558:ENSG00000136950.13",-5.09549057166869e-05,0.00544297887319603,0.992530645501684
"chr9:127816053:127817149:clu_51659:ENSG00000106991.13",-8.24567902864637e-05,0.00442557841017632,0.985134780703284
"chr9:128755659:128771581:clu_51774:ENSG00000160445.10",-0.000795157933290343,0.00417806112756172,0.849060381635202
"chr9:127879624:127885186:clu_51669:ENSG00000106992.17",-0.00222603714295461,0.00662708358866138,0.736946303738255
"chr9:100310379:100320265:clu_51183:ENSG00000136891.13",0.00397707301366314,0.00520880404082652,0.445147965705972
"chr9:97370778:97371595:clu_51104:ENSG00000197816.13",0.00204585373426474,0.00508615494772229,0.687507585077466
"chr9:104786390:104787920:clu_51204:ENSG00000165029.15",0.00127742658803032,0.0062366454462625,0.837708141764743
"chr9:41142290:41145281:clu_50633:ENSG00000215126.10",0.00301699510267821,0.0357897522556189,0.93281971206225
"chr9:68479553:68483865:clu_50691:ENSG00000154330.12",-0.00340632215039719,0.00701080989428084,0.627061367906835
"chr9:68484048:68499227:clu_50691:ENSG00000154330.12",0.0121669126930515,0.00816464155811151,0.136172820460694
"chr9:40274128:40281394:clu_50620:ENSG00000240240.8",-0.0109585053050593,0.034564252164467,0.751207657520212
"chr9:40267100:40273999:clu_50619:ENSG00000240240.8",-0.129036342782193,-0.0964892295357918,0.181120348085435
"chr9:39803859:39809486:clu_50616:ENSG00000278175.3",-0.00731562237367077,0.0152442632869111,0.631303146253931
"chr9:40271999:40273999:clu_50619:ENSG00000240240.8",-0.0147824139607531,0.0358078503941106,0.679734053512979
"chr9:40992775:40994633:clu_50628:ENSG00000276291.5",-0.131712203989345,0.0654737653893582,0.0442537774693356
"chr9:63834527:63837731:clu_50661:ENSG00000215548.2",0.0209599633282346,0.0180102915748894,0.244514390136116
"chr9:65288578:65289658:clu_50665:ENSG00000204778.4",0.00373845687636927,0.00797162285172384,0.639090639702142
"chr9:65731698:65731802:clu_50673:ENSG00000147996.16",0.0108664847122067,0.0154028663578772,0.480508724400118
"chr9:65288532:65289658:clu_50665:ENSG00000204778.4",-0.00370729436319775,0.00764599894578309,0.627770526035028
"chr9:65692608:65698515:clu_50671:ENSG00000147996.16",-0.0360340896148122,0.0381537419450953,0.344942578828616
"chr9:65720092:65731802:clu_50673:ENSG00000147996.16",-0.00904079980994662,0.0171819778603713,0.598763686455399
"chr9:41011730:41032834:clu_50630:ENSG00000276291.5",-0.000980229647908495,0.0227274703455976,0.965598120639722
"chr9:41171934:41172712:clu_50636:ENSG00000215126.10",-0.00130125379214414,0.0302370411961088,0.965673561901471
"chr9:61854376:61854931:clu_50647:ENSG00000154537.4",-0.0616406384655637,0.0387851208322648,0.111995902497665
"chr9:41953383:41960773:clu_50642:ENSG00000154529.14",0.0329921767935732,0.0335335918050586,0.325187034632948
"chr9:40992479:40994633:clu_50628:ENSG00000276291.5",-0.0139323806873156,0.0317590325101423,0.660885929428422
"chr9:41133742:41145281:clu_50633:ENSG00000215126.10",-0.00248511190158164,0.0510194513059046,0.961151118330194
"chr9:40267100:40271887:clu_50619:ENSG00000240240.8",0.0127265921570058,0.047956752426483,0.790719485074574
"chr9:41011730:41015024:clu_50630:ENSG00000276291.5",0.00118824280770731,0.0202123493694844,0.953120997557179
"chr9:65720092:65731630:clu_50673:ENSG00000147996.16",0.0162890076075113,0.035774961894234,0.648880005769757
"chr9:39808761:39809486:clu_50616:ENSG00000278175.3",-0.0366065201014619,0.0532788214137446,0.492035776313608
"chr9:41011730:41013781:clu_50630:ENSG00000276291.5",0.0194972369753939,0.0308876211848648,0.527889220810033
"chr9:41015186:41032834:clu_50630:ENSG00000276291.5",0.0117413655361272,0.0268346531819941,0.661716223888428
"chr9:40993434:40994633:clu_50628:ENSG00000276291.5",-0.00857667103252129,0.0180673549173349,0.634996964935106
"chr9:39818924:39863833:clu_50617:ENSG00000283886.1",0.00813512195134401,0.0293170159395504,0.781405370817973
"chr9:63837832:63842824:clu_50661:ENSG00000215548.2",-0.0301579437661721,0.0247479876670225,0.222995343308294
"chr9:63844381:63857200:clu_50662:ENSG00000215548.2",0.0382028305823449,0.12057371778481,0.751363413524269
"chr9:63842949:63844211:clu_50662:ENSG00000215548.2",-0.0350767464825781,-0.110707339396841,0.751363413524269
"chr9:41145332:41156383:clu_50634:ENSG00000215126.10",0.028462301329129,0.0605644827288427,0.63839047307543
"chr9:65700337:65702970:clu_50672:ENSG00000147996.16",-0.0116896581316472,0.0415406892113192,0.778401620792378
"chr9:65681670:65682766:clu_50669:ENSG00000147996.16",-0.000519541968213024,0.0290309108311461,0.985721688470236
"chr9:65703014:65707013:clu_50672:ENSG00000147996.16",-0.0069114808518375,0.0259255791777272,0.789785429192813
"chr9:41166830:41171847:clu_50636:ENSG00000215126.10",-0.0645440078910801,0.0510334790587256,0.205965068871446
"chr9:65691026:65692571:clu_50670:ENSG00000147996.16",-0.00878320478116561,0.0491656474919781,0.858216335186923
"chr9:65708958:65720041:clu_50672:ENSG00000147996.16",-0.0274940423119334,-0.145854045089763,0.850481733898435
"chr9:65682857:65690967:clu_50669:ENSG00000147996.16",-0.000360520251771888,0.0231592280571109,0.987579813778568
"chr9:65676130:65679166:clu_50668:ENSG00000147996.16",0.0641326931854459,-0.0832662038595568,0.441173692490169
"chr9:65707152:65708902:clu_50672:ENSG00000147996.16",-0.0177409691285955,0.113875793295515,0.87619675838421
"chr9:41161723:41162333:clu_50634:ENSG00000215126.10",-0.0205370333873979,-0.0807604961585511,0.799267250826891
"chr9:41960892:41986168:clu_50642:ENSG00000154529.14",-0.112546086249791,-0.113914427723952,0.323158531096834
